cell,family,strongC,poolingC,materialDedicatedC,fineTuningC,materialC,provingC,strongR,poolingR,materialDedicatedR,fineTuningR,materialR,provingR,robustMaterial,survivingPairs,positive2,firstMaterialPairC
P1|N6|D|UNIFORM|d75|p0|f20|b0,D,false,0,0,0,false,false,false,0,0,0,false,false,false,0,false,""
P1|N6|D|UNIFORM|d75|p0|f20|b10,D,false,0,0,0,false,false,false,0,0,0,false,false,false,0,false,""
P1|N6|D|UNIFORM|d75|p0|f20|b25,D,false,0,0,0,false,false,false,0,0,0,false,false,false,0,false,""
P1|N6|D|UNIFORM|d75|p0|f20|b50,D,false,0,0,0,false,false,false,0,0,0,false,false,false,0,false,""
P1|N6|D|UNIFORM|d75|p0|f40|b0,D,false,0,0,0,false,false,false,0,0,0,false,false,false,0,false,""
P1|N6|D|UNIFORM|d75|p0|f40|b10,D,false,0,0,0,false,false,false,0,0,0,false,false,false,0,false,""
P1|N6|D|UNIFORM|d75|p0|f40|b25,D,false,0,0,0,false,false,false,0,0,0,false,false,false,0,false,""
P1|N6|D|UNIFORM|d75|p0|f40|b50,D,false,0,0,0,false,false,false,0,0,0,false,false,false,0,false,""
P1|N6|D|UNIFORM|d75|p0|f60|b0,D,false,0,0,0,false,false,false,0,0,0,false,false,false,0,false,""
P1|N6|D|UNIFORM|d75|p0|f60|b10,D,false,0,0,0,false,false,false,0,0,0,false,false,false,0,false,""
P1|N6|D|UNIFORM|d75|p0|f60|b25,D,false,0,0,0,false,false,false,0,0,0,false,false,false,0,false,""
P1|N6|D|UNIFORM|d75|p0|f60|b50,D,false,0,0,0,false,false,false,0,0,0,false,false,false,0,false,""
P1|N6|D|UNIFORM|d75|p0|f80|b0,D,false,0,0,0,false,false,false,0,0,0,false,false,false,0,false,""
P1|N6|D|UNIFORM|d75|p0|f80|b10,D,false,0,0,0,false,false,false,0,0,0,false,false,false,0,false,""
P1|N6|D|UNIFORM|d75|p0|f80|b25,D,false,0,0,0,false,false,false,0,0,0,false,false,false,0,false,""
P1|N6|D|UNIFORM|d75|p0|f80|b50,D,false,0,0,0,false,false,false,0,0,0,false,false,false,0,false,""
P1|N6|D|UNIFORM|d90|p0|f20|b0,D,false,0,0,0,false,false,false,0,0,0,false,false,false,0,false,""
P1|N6|D|UNIFORM|d90|p0|f20|b10,D,false,0,0,0,false,false,false,0,0,0,false,false,false,0,false,""
P1|N6|D|UNIFORM|d90|p0|f20|b25,D,false,0,0,0,false,false,false,0,0,0,false,false,false,0,false,""
P1|N6|D|UNIFORM|d90|p0|f20|b50,D,false,0,0,0,false,false,false,0,0,0,false,false,false,0,false,""
P1|N6|D|UNIFORM|d90|p0|f40|b0,D,false,0,0,0,false,false,false,0,0,0,false,false,false,0,false,""
P1|N6|D|UNIFORM|d90|p0|f40|b10,D,false,0,0,0,false,false,false,0,0,0,false,false,false,0,false,""
P1|N6|D|UNIFORM|d90|p0|f40|b25,D,false,0,0,0,false,false,false,0,0,0,false,false,false,0,false,""
P1|N6|D|UNIFORM|d90|p0|f40|b50,D,false,0,0,0,false,false,false,0,0,0,false,false,false,0,false,""
P1|N6|D|UNIFORM|d90|p0|f60|b0,D,false,0,0,0,false,false,false,0,0,0,false,false,false,0,false,""
P1|N6|D|UNIFORM|d90|p0|f60|b10,D,false,0,0,0,false,false,false,0,0,0,false,false,false,0,false,""
P1|N6|D|UNIFORM|d90|p0|f60|b25,D,false,0,0,0,false,false,false,0,0,0,false,false,false,0,false,""
P1|N6|D|UNIFORM|d90|p0|f60|b50,D,false,0,0,0,false,false,false,0,0,0,false,false,false,0,false,""
P1|N6|D|UNIFORM|d90|p0|f80|b0,D,false,0,0,0,false,false,false,0,0,0,false,false,false,0,false,""
P1|N6|D|UNIFORM|d90|p0|f80|b10,D,false,0,0,0,false,false,false,0,0,0,false,false,false,0,false,""
P1|N6|D|UNIFORM|d90|p0|f80|b25,D,false,0,0,0,false,false,false,0,0,0,false,false,false,0,false,""
P1|N6|D|UNIFORM|d90|p0|f80|b50,D,false,0,0,0,false,false,false,0,0,0,false,false,false,0,false,""
P1|N6|D|UNIFORM|d100|p0|f20|b0,D,false,0,0,0,false,false,false,0,0,0,false,false,false,0,false,""
P1|N6|D|UNIFORM|d100|p0|f20|b10,D,false,0,0,0,false,false,false,0,0,0,false,false,false,0,false,""
P1|N6|D|UNIFORM|d100|p0|f20|b25,D,false,0,0,0,false,false,false,0,0,0,false,false,false,0,false,""
P1|N6|D|UNIFORM|d100|p0|f20|b50,D,false,0,0,0,false,false,false,0,0,0,false,false,false,0,false,""
P1|N6|D|UNIFORM|d100|p0|f40|b0,D,false,0,0,0,false,false,false,0,0,0,false,false,false,0,false,""
P1|N6|D|UNIFORM|d100|p0|f40|b10,D,false,0,0,0,false,false,false,0,0,0,false,false,false,0,false,""
P1|N6|D|UNIFORM|d100|p0|f40|b25,D,false,0,0,0,false,false,false,0,0,0,false,false,false,0,false,""
P1|N6|D|UNIFORM|d100|p0|f40|b50,D,false,0,0,0,false,false,false,0,0,0,false,false,false,0,false,""
P1|N6|D|UNIFORM|d100|p0|f60|b0,D,false,0,0,0,false,false,false,0,0,0,false,false,false,0,false,""
P1|N6|D|UNIFORM|d100|p0|f60|b10,D,false,0,0,0,false,false,false,0,0,0,false,false,false,0,false,""
P1|N6|D|UNIFORM|d100|p0|f60|b25,D,false,0,0,0,false,false,false,0,0,0,false,false,false,0,false,""
P1|N6|D|UNIFORM|d100|p0|f60|b50,D,false,0,0,0,false,false,false,0,0,0,false,false,false,0,false,""
P1|N6|D|UNIFORM|d100|p0|f80|b0,D,false,0,0,0,false,false,false,0,0,0,false,false,false,0,false,""
P1|N6|D|UNIFORM|d100|p0|f80|b10,D,false,0,0,0,false,false,false,0,0,0,false,false,false,0,false,""
P1|N6|D|UNIFORM|d100|p0|f80|b25,D,false,0,0,0,false,false,false,0,0,0,false,false,false,0,false,""
P1|N6|D|UNIFORM|d100|p0|f80|b50,D,false,0,0,0,false,false,false,0,0,0,false,false,false,0,false,""
P1|N6|D|WORK|d75|p0|f20|b0,D,false,0,0,0,false,false,false,0,0,0,false,false,false,0,false,""
P1|N6|D|WORK|d75|p0|f20|b10,D,false,0,0,0,false,false,false,0,0,0,false,false,false,0,false,""
P1|N6|D|WORK|d75|p0|f20|b25,D,false,0,0,0,false,false,false,0,0,0,false,false,false,0,false,""
P1|N6|D|WORK|d75|p0|f20|b50,D,false,0,0,0,false,false,false,0,0,0,false,false,false,0,false,""
P1|N6|D|WORK|d75|p0|f40|b0,D,false,0,0,0,false,false,false,0,0,0,false,false,false,0,false,""
P1|N6|D|WORK|d75|p0|f40|b10,D,false,0,0,0,false,false,false,0,0,0,false,false,false,0,false,""
P1|N6|D|WORK|d75|p0|f40|b25,D,true,0,1,0,true,true,true,0,1,0,true,true,true,1,true,"MATERIAL_DEDICATED C2A0T1I2F0(2,2,2,0)[950,23,ASSEMBLE] vs C1A1T1I2F0(1,3,2,0)[1150,21,CUT|ASSEMBLE] surplusEffect=2 threshold=2"
P1|N6|D|WORK|d75|p0|f40|b50,D,true,0,1,0,true,true,true,0,1,0,true,true,true,1,true,"MATERIAL_DEDICATED C2A0T1I2F0(2,2,2,0)[950,23,ASSEMBLE] vs C1A1T1I2F0(1,3,2,0)[1150,21,CUT|ASSEMBLE] surplusEffect=2 threshold=2"
P1|N6|D|WORK|d75|p0|f60|b0,D,false,0,0,0,false,false,false,0,0,0,false,false,false,0,false,""
P1|N6|D|WORK|d75|p0|f60|b10,D,false,0,0,0,false,false,false,0,0,0,false,false,false,0,false,""
P1|N6|D|WORK|d75|p0|f60|b25,D,false,0,0,0,false,false,false,0,0,0,false,false,false,0,false,""
P1|N6|D|WORK|d75|p0|f60|b50,D,false,0,0,0,false,false,false,0,0,0,false,false,false,0,false,""
P1|N6|D|WORK|d75|p0|f80|b0,D,false,0,0,0,false,false,false,0,0,0,false,false,false,0,false,""
P1|N6|D|WORK|d75|p0|f80|b10,D,false,0,0,0,false,false,false,0,0,0,false,false,false,0,false,""
P1|N6|D|WORK|d75|p0|f80|b25,D,false,0,0,0,false,false,false,0,0,0,false,false,false,0,false,""
P1|N6|D|WORK|d75|p0|f80|b50,D,false,0,0,0,false,false,false,0,0,0,false,false,false,0,false,""
P1|N6|D|WORK|d90|p0|f20|b0,D,false,0,0,0,false,false,false,0,0,0,false,false,false,0,false,""
P1|N6|D|WORK|d90|p0|f20|b10,D,true,0,1,0,true,false,true,0,1,0,true,false,true,1,false,"MATERIAL_DEDICATED C2A1T1I3F0(2,3,3,0)[1490,19,ASSEMBLE] vs C2A0T2I2F0(2,4,2,0)[1580,17,ASSEMBLE|INSPECT] surplusEffect=1 threshold=1"
P1|N6|D|WORK|d90|p0|f20|b25,D,true,0,1,0,true,false,true,0,1,0,true,false,true,1,false,"MATERIAL_DEDICATED C2A1T1I3F0(2,3,3,0)[1490,19,ASSEMBLE] vs C2A0T2I2F0(2,4,2,0)[1580,17,ASSEMBLE|INSPECT] surplusEffect=1 threshold=1"
P1|N6|D|WORK|d90|p0|f20|b50,D,true,0,1,0,true,false,true,0,1,0,true,false,true,1,false,"MATERIAL_DEDICATED C2A1T1I3F0(2,3,3,0)[1490,19,ASSEMBLE] vs C2A0T2I2F0(2,4,2,0)[1580,17,ASSEMBLE|INSPECT] surplusEffect=1 threshold=1"
P1|N6|D|WORK|d90|p0|f40|b0,D,false,0,0,0,false,false,false,0,0,0,false,false,false,0,false,""
P1|N6|D|WORK|d90|p0|f40|b10,D,false,0,0,0,false,false,false,0,0,0,false,false,false,0,false,""
P1|N6|D|WORK|d90|p0|f40|b25,D,true,0,1,0,true,true,true,0,1,0,true,true,true,1,true,"MATERIAL_DEDICATED C2A0T1I2F0(2,2,2,0)[1040,23,ASSEMBLE] vs C1A1T1I2F0(1,3,2,0)[1240,21,CUT|ASSEMBLE] surplusEffect=2 threshold=2"
P1|N6|D|WORK|d90|p0|f40|b50,D,true,0,1,0,true,true,true,0,1,0,true,true,true,1,true,"MATERIAL_DEDICATED C2A0T1I2F0(2,2,2,0)[1040,23,ASSEMBLE] vs C1A1T1I2F0(1,3,2,0)[1240,21,CUT|ASSEMBLE] surplusEffect=2 threshold=2"
P1|N6|D|WORK|d90|p0|f60|b0,D,false,0,0,0,false,false,false,0,0,0,false,false,false,0,false,""
P1|N6|D|WORK|d90|p0|f60|b10,D,false,0,0,0,false,false,false,0,0,0,false,false,false,0,false,""
P1|N6|D|WORK|d90|p0|f60|b25,D,false,0,0,0,false,false,false,0,0,0,false,false,false,0,false,""
P1|N6|D|WORK|d90|p0|f60|b50,D,false,0,0,0,false,false,false,0,0,0,false,false,false,0,false,""
P1|N6|D|WORK|d90|p0|f80|b0,D,false,0,0,0,false,false,false,0,0,0,false,false,false,0,false,""
P1|N6|D|WORK|d90|p0|f80|b10,D,false,0,0,0,false,false,false,0,0,0,false,false,false,0,false,""
P1|N6|D|WORK|d90|p0|f80|b25,D,false,0,0,0,false,false,false,0,0,0,false,false,false,0,false,""
P1|N6|D|WORK|d90|p0|f80|b50,D,false,0,0,0,false,false,false,0,0,0,false,false,false,0,false,""
P1|N6|D|WORK|d100|p0|f20|b0,D,false,0,0,0,false,false,false,0,0,0,false,false,false,0,false,""
P1|N6|D|WORK|d100|p0|f20|b10,D,false,0,0,0,false,false,false,0,0,0,false,false,false,0,false,""
P1|N6|D|WORK|d100|p0|f20|b25,D,false,0,0,0,false,false,false,0,0,0,false,false,false,0,false,""
P1|N6|D|WORK|d100|p0|f20|b50,D,false,0,0,0,false,false,false,0,0,0,false,false,false,0,false,""
P1|N6|D|WORK|d100|p0|f40|b0,D,false,0,0,0,false,false,false,0,0,0,false,false,false,0,false,""
P1|N6|D|WORK|d100|p0|f40|b10,D,false,0,0,0,false,false,false,0,0,0,false,false,false,0,false,""
P1|N6|D|WORK|d100|p0|f40|b25,D,true,0,4,0,true,true,true,0,4,0,true,true,true,4,true,"MATERIAL_DEDICATED C2A0T1I2F0(2,2,2,0)[1100,23,ASSEMBLE] vs C1A1T1I2F0(1,3,2,0)[1300,21,CUT|ASSEMBLE] surplusEffect=2 threshold=2"
P1|N6|D|WORK|d100|p0|f40|b50,D,true,0,4,0,true,true,true,0,4,0,true,true,true,4,true,"MATERIAL_DEDICATED C2A0T1I2F0(2,2,2,0)[1100,23,ASSEMBLE] vs C1A1T1I2F0(1,3,2,0)[1300,21,CUT|ASSEMBLE] surplusEffect=2 threshold=2"
P1|N6|D|WORK|d100|p0|f60|b0,D,false,0,0,0,false,false,false,0,0,0,false,false,false,0,false,""
P1|N6|D|WORK|d100|p0|f60|b10,D,false,0,0,0,false,false,false,0,0,0,false,false,false,0,false,""
P1|N6|D|WORK|d100|p0|f60|b25,D,false,0,0,0,false,false,false,0,0,0,false,false,false,0,false,""
P1|N6|D|WORK|d100|p0|f60|b50,D,false,0,0,0,false,false,false,0,0,0,false,false,false,0,false,""
P1|N6|D|WORK|d100|p0|f80|b0,D,false,0,0,0,false,false,false,0,0,0,false,false,false,0,false,""
P1|N6|D|WORK|d100|p0|f80|b10,D,false,0,0,0,false,false,false,0,0,0,false,false,false,0,false,""
P1|N6|D|WORK|d100|p0|f80|b25,D,false,0,0,0,false,false,false,0,0,0,false,false,false,0,false,""
P1|N6|D|WORK|d100|p0|f80|b50,D,false,0,0,0,false,false,false,0,0,0,false,false,false,0,false,""
P1|N6|F|UNIFORM|d75|p100|f20|b0,F,false,0,0,0,false,false,false,0,0,0,false,false,false,0,false,""
P1|N6|F|UNIFORM|d75|p100|f20|b10,F,false,0,0,0,false,false,false,0,0,0,false,true,false,0,false,""
P1|N6|F|UNIFORM|d75|p100|f20|b25,F,false,0,0,0,false,false,false,0,0,0,false,true,false,0,false,""
P1|N6|F|UNIFORM|d75|p100|f20|b50,F,true,3,1,0,true,false,false,0,0,0,false,true,false,0,false,"POOLING C2A0T1I1F2(2,2,1,2)[650,17,ASSEMBLE+INSPECT] vs C3A1T1I0F3(3,3,0,3)[850,16,ASSEMBLE+INSPECT]"
P1|N6|F|UNIFORM|d75|p100|f40|b0,F,false,0,0,0,false,false,false,0,0,0,false,false,false,0,false,""
P1|N6|F|UNIFORM|d75|p100|f40|b10,F,false,0,0,0,false,false,false,0,0,0,false,false,false,0,false,""
P1|N6|F|UNIFORM|d75|p100|f40|b25,F,true,5,0,0,true,false,true,3,0,0,true,false,true,3,false,"POOLING C1A0T0I0F3(1,0,0,3)[400,24,ASSEMBLE+INSPECT] vs C1A0T1I0F2(1,2,0,2)[450,23,ASSEMBLE+INSPECT]"
P1|N6|F|UNIFORM|d75|p100|f40|b50,F,true,7,0,0,true,false,true,4,0,0,true,false,true,4,false,"POOLING C1A0T0I0F3(1,0,0,3)[400,24,ASSEMBLE+INSPECT] vs C1A0T1I0F2(1,2,0,2)[450,23,ASSEMBLE+INSPECT]"
P1|N6|F|UNIFORM|d75|p100|f60|b0,F,false,0,0,0,false,false,false,0,0,0,false,false,false,0,false,""
P1|N6|F|UNIFORM|d75|p100|f60|b10,F,false,0,0,0,false,false,false,0,0,0,false,false,false,0,false,""
P1|N6|F|UNIFORM|d75|p100|f60|b25,F,false,0,0,0,false,false,false,0,0,0,false,true,false,0,false,""
P1|N6|F|UNIFORM|d75|p100|f60|b50,F,true,9,0,0,true,false,true,6,0,0,true,true,true,5,false,"POOLING C1A0T1I1F0(1,2,1,0)[350,26,ASSEMBLE|INSPECT] vs C1A0T1I0F2(1,2,0,2)[450,23,ASSEMBLE+INSPECT]"
P1|N6|F|UNIFORM|d75|p100|f80|b0,F,false,0,0,0,false,false,false,0,0,0,false,false,false,0,false,""
P1|N6|F|UNIFORM|d75|p100|f80|b10,F,false,0,0,0,false,false,false,0,0,0,false,false,false,0,false,""
P1|N6|F|UNIFORM|d75|p100|f80|b25,F,true,1,0,0,true,false,true,2,0,0,true,false,true,1,false,"POOLING C1A0T0I0F2(1,0,0,2)[300,31,ASSEMBLE+INSPECT] vs C1A0T1I1F0(1,2,1,0)[350,26,ASSEMBLE|INSPECT]"
P1|N6|F|UNIFORM|d75|p100|f80|b50,F,true,6,0,0,true,false,true,6,0,0,true,false,true,5,false,"POOLING C1A0T0I0F2(1,0,0,2)[300,31,ASSEMBLE+INSPECT] vs C1A0T1I1F0(1,2,1,0)[350,26,ASSEMBLE|INSPECT]"
P1|N6|F|UNIFORM|d75|p125|f20|b0,F,false,0,0,0,false,false,false,0,0,0,false,false,false,0,false,""
P1|N6|F|UNIFORM|d75|p125|f20|b10,F,false,0,0,0,false,false,false,0,0,0,false,false,false,0,false,""
P1|N6|F|UNIFORM|d75|p125|f20|b25,F,false,0,0,0,false,false,false,0,0,0,false,false,false,0,false,""
P1|N6|F|UNIFORM|d75|p125|f20|b50,F,true,10,0,0,true,false,false,0,0,0,false,false,false,0,false,"POOLING C2A0T1I1F2(2,2,1,2)[700,17,ASSEMBLE+INSPECT] vs C3A1T1I0F3(3,3,0,3)[925,16,ASSEMBLE+INSPECT]"
P1|N6|F|UNIFORM|d75|p125|f40|b0,F,false,0,0,0,false,false,false,0,0,0,false,false,false,0,false,""
P1|N6|F|UNIFORM|d75|p125|f40|b10,F,true,1,0,0,true,true,false,0,0,0,false,false,false,0,false,"POOLING C1A1T0I0F2(1,1,0,2)[450,24,ASSEMBLE+INSPECT] vs C1A0T1I1F1(1,2,1,1)[475,23,ASSEMBLE+INSPECT]"
P1|N6|F|UNIFORM|d75|p125|f40|b25,F,true,3,0,0,true,true,true,2,0,0,true,false,true,1,false,"POOLING C1A1T0I0F2(1,1,0,2)[450,24,ASSEMBLE+INSPECT] vs C1A0T1I1F1(1,2,1,1)[475,23,ASSEMBLE+INSPECT]"
P1|N6|F|UNIFORM|d75|p125|f40|b50,F,true,4,0,0,true,true,true,7,0,0,true,false,true,2,false,"POOLING C1A1T0I0F2(1,1,0,2)[450,24,ASSEMBLE+INSPECT] vs C1A0T1I1F1(1,2,1,1)[475,23,ASSEMBLE+INSPECT]"
P1|N6|F|UNIFORM|d75|p125|f60|b0,F,false,0,0,0,false,false,false,0,0,0,false,false,false,0,false,""
P1|N6|F|UNIFORM|d75|p125|f60|b10,F,false,0,0,0,false,false,false,0,0,0,false,false,false,0,false,""
P1|N6|F|UNIFORM|d75|p125|f60|b25,F,false,0,0,0,false,false,false,0,0,0,false,false,false,0,false,""
P1|N6|F|UNIFORM|d75|p125|f60|b50,F,true,1,0,0,true,false,true,2,0,0,true,false,true,1,false,"POOLING C1A1T0I0F2(1,1,0,2)[450,24,ASSEMBLE+INSPECT] vs C1A0T1I1F1(1,2,1,1)[475,23,ASSEMBLE+INSPECT]"
P1|N6|F|UNIFORM|d75|p125|f80|b0,F,false,0,0,0,false,false,false,0,0,0,false,false,false,0,false,""
P1|N6|F|UNIFORM|d75|p125|f80|b10,F,true,1,0,0,true,true,true,1,0,0,true,true,true,1,true,"POOLING C1A1T0I0F1(1,1,0,1)[325,34,ASSEMBLE+INSPECT] vs C1A0T1I1F0(1,2,1,0)[350,26,ASSEMBLE|INSPECT]"
P1|N6|F|UNIFORM|d75|p125|f80|b25,F,true,1,0,0,true,true,true,1,0,0,true,true,true,1,true,"POOLING C1A1T0I0F1(1,1,0,1)[325,34,ASSEMBLE+INSPECT] vs C1A0T1I1F0(1,2,1,0)[350,26,ASSEMBLE|INSPECT]"
P1|N6|F|UNIFORM|d75|p125|f80|b50,F,true,2,0,0,true,true,true,4,0,0,true,true,true,2,true,"POOLING C1A1T0I0F1(1,1,0,1)[325,34,ASSEMBLE+INSPECT] vs C1A0T1I1F0(1,2,1,0)[350,26,ASSEMBLE|INSPECT]"
P1|N6|F|UNIFORM|d75|p150|f20|b0,F,false,0,0,0,false,false,false,0,0,0,false,false,false,0,false,""
P1|N6|F|UNIFORM|d75|p150|f20|b10,F,false,0,0,0,false,false,false,0,0,0,false,false,false,0,false,""
P1|N6|F|UNIFORM|d75|p150|f20|b25,F,false,0,0,0,false,false,false,0,0,0,false,false,false,0,false,""
P1|N6|F|UNIFORM|d75|p150|f20|b50,F,true,1,0,0,true,false,true,3,0,0,true,false,true,0,false,"POOLING C2A0T2I2F2(2,4,2,2)[1000,15,ASSEMBLE+INSPECT] vs C3A0T3I3F0(3,6,3,0)[1050,14,ASSEMBLE|INSPECT]"
P1|N6|F|UNIFORM|d75|p150|f40|b0,F,false,0,0,0,false,false,false,0,0,0,false,false,false,0,false,""
P1|N6|F|UNIFORM|d75|p150|f40|b10,F,true,1,0,0,true,false,true,1,0,0,true,false,true,1,false,"POOLING C1A0T1I1F1(1,2,1,1)[500,23,ASSEMBLE+INSPECT] vs C1A1T1I2F0(1,3,2,0)[550,21,CUT|ASSEMBLE]"
P1|N6|F|UNIFORM|d75|p150|f40|b25,F,true,1,0,0,true,false,true,2,0,0,true,false,true,1,false,"POOLING C1A0T1I1F1(1,2,1,1)[500,23,ASSEMBLE+INSPECT] vs C1A1T1I2F0(1,3,2,0)[550,21,CUT|ASSEMBLE]"
P1|N6|F|UNIFORM|d75|p150|f40|b50,F,true,4,0,0,true,false,true,6,0,0,true,false,true,4,false,"POOLING C1A0T1I1F1(1,2,1,1)[500,23,ASSEMBLE+INSPECT] vs C1A1T1I2F0(1,3,2,0)[550,21,CUT|ASSEMBLE]"
P1|N6|F|UNIFORM|d75|p150|f60|b0,F,false,0,0,0,false,false,false,0,0,0,false,false,false,0,false,""
P1|N6|F|UNIFORM|d75|p150|f60|b10,F,false,0,0,0,false,false,false,0,0,0,false,false,false,0,false,""
P1|N6|F|UNIFORM|d75|p150|f60|b25,F,false,0,0,0,false,false,false,0,0,0,false,false,false,0,false,""
P1|N6|F|UNIFORM|d75|p150|f60|b50,F,true,1,0,0,true,false,true,1,0,0,true,false,true,1,false,"POOLING C1A0T1I2F0(1,2,2,0)[450,25,ASSEMBLE] vs C1A0T1I1F1(1,2,1,1)[500,23,ASSEMBLE+INSPECT]"
P1|N6|F|UNIFORM|d75|p150|f80|b0,F,false,0,0,0,false,false,false,0,0,0,false,false,false,0,false,""
P1|N6|F|UNIFORM|d75|p150|f80|b10,F,false,0,0,0,false,false,false,0,0,0,false,false,false,0,false,""
P1|N6|F|UNIFORM|d75|p150|f80|b25,F,false,0,0,0,false,false,false,0,0,0,false,false,false,0,false,""
P1|N6|F|UNIFORM|d75|p150|f80|b50,F,true,1,0,0,true,false,true,1,0,0,true,false,true,1,false,"POOLING C1A0T1I2F0(1,2,2,0)[450,25,ASSEMBLE] vs C1A0T1I1F1(1,2,1,1)[500,23,ASSEMBLE+INSPECT]"
P1|N6|F|UNIFORM|d75|p200|f20|b0,F,false,0,0,0,false,false,false,0,0,0,false,false,false,0,false,""
P1|N6|F|UNIFORM|d75|p200|f20|b10,F,false,0,0,0,false,false,false,0,0,0,false,false,false,0,false,""
P1|N6|F|UNIFORM|d75|p200|f20|b25,F,false,0,0,0,false,false,false,0,0,0,false,false,false,0,false,""
P1|N6|F|UNIFORM|d75|p200|f20|b50,F,false,0,0,0,false,false,false,0,0,0,false,false,false,0,false,""
P1|N6|F|UNIFORM|d75|p200|f40|b0,F,false,0,0,0,false,false,false,0,0,0,false,false,false,0,false,""
P1|N6|F|UNIFORM|d75|p200|f40|b10,F,false,0,0,0,false,false,false,0,0,0,false,false,false,0,false,""
P1|N6|F|UNIFORM|d75|p200|f40|b25,F,false,0,0,0,false,false,true,1,0,0,true,false,false,0,false,""
P1|N6|F|UNIFORM|d75|p200|f40|b50,F,false,0,0,0,false,false,true,2,0,0,true,false,false,0,false,""
P1|N6|F|UNIFORM|d75|p200|f60|b0,F,false,0,0,0,false,false,false,0,0,0,false,false,false,0,false,""
P1|N6|F|UNIFORM|d75|p200|f60|b10,F,false,0,0,0,false,false,false,0,0,0,false,false,false,0,false,""
P1|N6|F|UNIFORM|d75|p200|f60|b25,F,false,0,0,0,false,false,false,0,0,0,false,false,false,0,false,""
P1|N6|F|UNIFORM|d75|p200|f60|b50,F,false,0,0,0,false,false,false,0,0,0,false,false,false,0,false,""
P1|N6|F|UNIFORM|d75|p200|f80|b0,F,false,0,0,0,false,false,false,0,0,0,false,false,false,0,false,""
P1|N6|F|UNIFORM|d75|p200|f80|b10,F,false,0,0,0,false,false,false,0,0,0,false,false,false,0,false,""
P1|N6|F|UNIFORM|d75|p200|f80|b25,F,false,0,0,0,false,false,false,0,0,0,false,false,false,0,false,""
P1|N6|F|UNIFORM|d75|p200|f80|b50,F,false,0,0,0,false,false,false,0,0,0,false,false,false,0,false,""
P1|N6|F|UNIFORM|d90|p100|f20|b0,F,false,0,0,0,false,false,false,0,0,0,false,false,false,0,false,""
P1|N6|F|UNIFORM|d90|p100|f20|b10,F,false,0,0,0,false,false,false,0,0,0,false,true,false,0,false,""
P1|N6|F|UNIFORM|d90|p100|f20|b25,F,false,0,0,0,false,false,false,0,0,0,false,true,false,0,false,""
P1|N6|F|UNIFORM|d90|p100|f20|b50,F,true,3,1,0,true,false,false,0,0,0,false,true,false,0,false,"POOLING C2A0T1I1F2(2,2,1,2)[680,17,ASSEMBLE+INSPECT] vs C3A1T1I0F3(3,3,0,3)[880,16,ASSEMBLE+INSPECT]"
P1|N6|F|UNIFORM|d90|p100|f40|b0,F,false,0,0,0,false,false,false,0,0,0,false,false,false,0,false,""
P1|N6|F|UNIFORM|d90|p100|f40|b10,F,false,0,0,0,false,false,false,0,0,0,false,false,false,0,false,""
P1|N6|F|UNIFORM|d90|p100|f40|b25,F,true,5,0,0,true,false,true,3,0,0,true,false,true,3,false,"POOLING C1A0T0I0F3(1,0,0,3)[400,24,ASSEMBLE+INSPECT] vs C1A0T1I0F2(1,2,0,2)[480,23,ASSEMBLE+INSPECT]"
P1|N6|F|UNIFORM|d90|p100|f40|b50,F,true,7,0,0,true,false,true,4,0,0,true,false,true,4,false,"POOLING C1A0T0I0F3(1,0,0,3)[400,24,ASSEMBLE+INSPECT] vs C1A0T1I0F2(1,2,0,2)[480,23,ASSEMBLE+INSPECT]"
P1|N6|F|UNIFORM|d90|p100|f60|b0,F,false,0,0,0,false,false,false,0,0,0,false,false,false,0,false,""
P1|N6|F|UNIFORM|d90|p100|f60|b10,F,false,0,0,0,false,false,false,0,0,0,false,true,false,0,false,""
P1|N6|F|UNIFORM|d90|p100|f60|b25,F,false,0,0,0,false,false,false,0,0,0,false,true,false,0,false,""
P1|N6|F|UNIFORM|d90|p100|f60|b50,F,true,9,0,0,true,false,true,6,0,0,true,true,true,5,false,"POOLING C1A0T1I1F0(1,2,1,0)[380,26,ASSEMBLE|INSPECT] vs C1A0T1I0F2(1,2,0,2)[480,23,ASSEMBLE+INSPECT]"
P1|N6|F|UNIFORM|d90|p100|f80|b0,F,false,0,0,0,false,false,false,0,0,0,false,false,false,0,false,""
P1|N6|F|UNIFORM|d90|p100|f80|b10,F,false,0,0,0,false,false,false,0,0,0,false,false,false,0,false,""
P1|N6|F|UNIFORM|d90|p100|f80|b25,F,false,0,0,0,false,false,false,0,0,0,false,false,false,0,false,""
P1|N6|F|UNIFORM|d90|p100|f80|b50,F,true,1,0,0,true,false,true,2,0,0,true,false,true,1,false,"POOLING C1A0T0I0F2(1,0,0,2)[300,31,ASSEMBLE+INSPECT] vs C1A0T1I1F0(1,2,1,0)[380,26,ASSEMBLE|INSPECT]"
P1|N6|F|UNIFORM|d90|p125|f20|b0,F,false,0,0,0,false,false,false,0,0,0,false,false,false,0,false,""
P1|N6|F|UNIFORM|d90|p125|f20|b10,F,false,0,0,0,false,false,false,0,0,0,false,false,false,0,false,""
P1|N6|F|UNIFORM|d90|p125|f20|b25,F,false,0,0,0,false,false,false,0,0,0,false,false,false,0,false,""
P1|N6|F|UNIFORM|d90|p125|f20|b50,F,true,3,0,0,true,false,false,0,0,0,false,false,false,0,false,"POOLING C2A0T1I1F2(2,2,1,2)[730,17,ASSEMBLE+INSPECT] vs C3A1T1I0F3(3,3,0,3)[955,16,ASSEMBLE+INSPECT]"
P1|N6|F|UNIFORM|d90|p125|f40|b0,F,false,0,0,0,false,false,false,0,0,0,false,false,false,0,false,""
P1|N6|F|UNIFORM|d90|p125|f40|b10,F,false,0,0,0,false,false,true,1,0,0,true,false,false,0,false,""
P1|N6|F|UNIFORM|d90|p125|f40|b25,F,true,1,0,0,true,true,true,2,0,0,true,false,true,0,false,"POOLING C1A1T0I0F2(1,1,0,2)[450,24,ASSEMBLE+INSPECT] vs C1A0T1I1F1(1,2,1,1)[505,23,ASSEMBLE+INSPECT]"
P1|N6|F|UNIFORM|d90|p125|f40|b50,F,true,5,0,0,true,true,true,4,0,0,true,false,true,0,false,"POOLING C1A1T0I0F2(1,1,0,2)[450,24,ASSEMBLE+INSPECT] vs C1A0T1I1F1(1,2,1,1)[505,23,ASSEMBLE+INSPECT]"
P1|N6|F|UNIFORM|d90|p125|f60|b0,F,false,0,0,0,false,false,false,0,0,0,false,false,false,0,false,""
P1|N6|F|UNIFORM|d90|p125|f60|b10,F,false,0,0,0,false,false,false,0,0,0,false,false,false,0,false,""
P1|N6|F|UNIFORM|d90|p125|f60|b25,F,false,0,0,0,false,false,false,0,0,0,false,false,false,0,false,""
P1|N6|F|UNIFORM|d90|p125|f60|b50,F,true,2,0,0,true,false,true,4,0,0,true,false,true,2,false,"POOLING C1A0T1I1F0(1,2,1,0)[380,26,ASSEMBLE|INSPECT] vs C1A1T0I1F2(1,1,1,2)[550,22,ASSEMBLE+INSPECT]"
P1|N6|F|UNIFORM|d90|p125|f80|b0,F,false,0,0,0,false,false,false,0,0,0,false,false,false,0,false,""
P1|N6|F|UNIFORM|d90|p125|f80|b10,F,false,0,0,0,false,true,false,0,0,0,false,true,false,0,false,""
P1|N6|F|UNIFORM|d90|p125|f80|b25,F,true,2,0,0,true,true,true,2,0,0,true,true,true,2,true,"POOLING C1A1T0I0F1(1,1,0,1)[325,34,ASSEMBLE+INSPECT] vs C1A0T1I1F0(1,2,1,0)[380,26,ASSEMBLE|INSPECT]"
P1|N6|F|UNIFORM|d90|p125|f80|b50,F,true,2,0,0,true,true,true,3,0,0,true,true,true,2,true,"POOLING C1A1T0I0F1(1,1,0,1)[325,34,ASSEMBLE+INSPECT] vs C1A0T1I1F0(1,2,1,0)[380,26,ASSEMBLE|INSPECT]"
P1|N6|F|UNIFORM|d90|p150|f20|b0,F,false,0,0,0,false,false,false,0,0,0,false,false,false,0,false,""
P1|N6|F|UNIFORM|d90|p150|f20|b10,F,false,0,0,0,false,false,false,0,0,0,false,false,false,0,false,""
P1|N6|F|UNIFORM|d90|p150|f20|b25,F,false,0,0,0,false,false,false,0,0,0,false,false,false,0,false,""
P1|N6|F|UNIFORM|d90|p150|f20|b50,F,true,6,0,0,true,false,false,0,0,0,false,false,false,0,false,"POOLING C2A0T2I2F0(2,4,2,0)[760,17,ASSEMBLE|INSPECT] vs C2A1T1I1F3(2,3,1,3)[1030,16,ASSEMBLE+INSPECT]"
P1|N6|F|UNIFORM|d90|p150|f40|b0,F,false,0,0,0,false,false,false,0,0,0,false,false,false,0,false,""
P1|N6|F|UNIFORM|d90|p150|f40|b10,F,true,1,0,0,true,true,true,1,0,0,true,false,true,0,false,"POOLING C1A1T0I0F2(1,1,0,2)[500,24,ASSEMBLE+INSPECT] vs C1A0T1I1F1(1,2,1,1)[530,23,ASSEMBLE+INSPECT]"
P1|N6|F|UNIFORM|d90|p150|f40|b25,F,true,3,0,0,true,true,true,2,0,0,true,false,true,1,false,"POOLING C1A1T0I0F2(1,1,0,2)[500,24,ASSEMBLE+INSPECT] vs C1A0T1I1F1(1,2,1,1)[530,23,ASSEMBLE+INSPECT]"
P1|N6|F|UNIFORM|d90|p150|f40|b50,F,true,4,0,0,true,true,true,6,0,0,true,false,true,2,false,"POOLING C1A1T0I0F2(1,1,0,2)[500,24,ASSEMBLE+INSPECT] vs C1A0T1I1F1(1,2,1,1)[530,23,ASSEMBLE+INSPECT]"
P1|N6|F|UNIFORM|d90|p150|f60|b0,F,false,0,0,0,false,false,false,0,0,0,false,false,false,0,false,""
P1|N6|F|UNIFORM|d90|p150|f60|b10,F,false,0,0,0,false,false,false,0,0,0,false,false,false,0,false,""
P1|N6|F|UNIFORM|d90|p150|f60|b25,F,false,0,0,0,false,false,false,0,0,0,false,false,false,0,false,""
P1|N6|F|UNIFORM|d90|p150|f60|b50,F,true,3,0,0,true,false,true,1,0,0,true,false,true,1,false,"POOLING C1A0T1I2F0(1,2,2,0)[480,25,ASSEMBLE] vs C1A1T0I0F2(1,1,0,2)[500,24,ASSEMBLE+INSPECT]"
P1|N6|F|UNIFORM|d90|p150|f80|b0,F,false,0,0,0,false,false,false,0,0,0,false,false,false,0,false,""
P1|N6|F|UNIFORM|d90|p150|f80|b10,F,true,1,0,0,true,true,true,1,0,0,true,true,true,1,true,"POOLING C1A1T0I0F1(1,1,0,1)[350,34,ASSEMBLE+INSPECT] vs C1A0T1I1F0(1,2,1,0)[380,26,ASSEMBLE|INSPECT]"
P1|N6|F|UNIFORM|d90|p150|f80|b25,F,true,1,0,0,true,true,true,1,0,0,true,true,true,1,true,"POOLING C1A1T0I0F1(1,1,0,1)[350,34,ASSEMBLE+INSPECT] vs C1A0T1I1F0(1,2,1,0)[380,26,ASSEMBLE|INSPECT]"
P1|N6|F|UNIFORM|d90|p150|f80|b50,F,true,3,0,0,true,true,true,2,0,0,true,true,true,2,true,"POOLING C1A1T0I0F1(1,1,0,1)[350,34,ASSEMBLE+INSPECT] vs C1A0T1I1F0(1,2,1,0)[380,26,ASSEMBLE|INSPECT]"
P1|N6|F|UNIFORM|d90|p200|f20|b0,F,false,0,0,0,false,false,false,0,0,0,false,false,false,0,false,""
P1|N6|F|UNIFORM|d90|p200|f20|b10,F,false,0,0,0,false,false,false,0,0,0,false,false,false,0,false,""
P1|N6|F|UNIFORM|d90|p200|f20|b25,F,false,0,0,0,false,false,false,0,0,0,false,false,false,0,false,""
P1|N6|F|UNIFORM|d90|p200|f20|b50,F,false,0,0,0,false,false,false,0,0,0,false,false,false,0,false,""
P1|N6|F|UNIFORM|d90|p200|f40|b0,F,false,0,0,0,false,false,false,0,0,0,false,false,false,0,false,""
P1|N6|F|UNIFORM|d90|p200|f40|b10,F,false,0,0,0,false,false,false,0,0,0,false,false,false,0,false,""
P1|N6|F|UNIFORM|d90|p200|f40|b25,F,false,0,0,0,false,false,true,1,0,0,true,false,false,0,false,""
P1|N6|F|UNIFORM|d90|p200|f40|b50,F,false,0,0,0,false,false,true,2,0,0,true,false,false,0,false,""
P1|N6|F|UNIFORM|d90|p200|f60|b0,F,false,0,0,0,false,false,false,0,0,0,false,false,false,0,false,""
P1|N6|F|UNIFORM|d90|p200|f60|b10,F,false,0,0,0,false,false,false,0,0,0,false,false,false,0,false,""
P1|N6|F|UNIFORM|d90|p200|f60|b25,F,false,0,0,0,false,false,false,0,0,0,false,false,false,0,false,""
P1|N6|F|UNIFORM|d90|p200|f60|b50,F,false,0,0,0,false,false,false,0,0,0,false,false,false,0,false,""
P1|N6|F|UNIFORM|d90|p200|f80|b0,F,false,0,0,0,false,false,false,0,0,0,false,false,false,0,false,""
P1|N6|F|UNIFORM|d90|p200|f80|b10,F,false,0,0,0,false,false,false,0,0,0,false,false,false,0,false,""
P1|N6|F|UNIFORM|d90|p200|f80|b25,F,false,0,0,0,false,false,false,0,0,0,false,false,false,0,false,""
P1|N6|F|UNIFORM|d90|p200|f80|b50,F,false,0,0,0,false,false,false,0,0,0,false,false,false,0,false,""
P1|N6|F|UNIFORM|d100|p100|f20|b0,F,false,0,0,0,false,false,false,0,0,0,false,false,false,0,false,""
P1|N6|F|UNIFORM|d100|p100|f20|b10,F,false,0,0,0,false,false,false,0,0,0,false,false,false,0,false,""
P1|N6|F|UNIFORM|d100|p100|f20|b25,F,false,0,0,0,false,false,false,0,0,0,false,false,false,0,false,""
P1|N6|F|UNIFORM|d100|p100|f20|b50,F,true,16,10,0,true,false,false,0,0,0,false,false,false,0,false,"POOLING C2A0T1I1F2(2,2,1,2)[700,17,ASSEMBLE+INSPECT] vs C3A1T1I0F3(3,3,0,3)[900,16,ASSEMBLE+INSPECT]"
P1|N6|F|UNIFORM|d100|p100|f40|b0,F,false,0,0,0,false,false,false,0,0,0,false,false,false,0,false,""
P1|N6|F|UNIFORM|d100|p100|f40|b10,F,false,0,0,0,false,false,false,0,0,0,false,false,false,0,false,""
P1|N6|F|UNIFORM|d100|p100|f40|b25,F,true,2,0,0,true,false,true,1,0,0,true,false,true,1,false,"POOLING C1A0T0I0F3(1,0,0,3)[400,24,ASSEMBLE+INSPECT] vs C1A1T0I1F2(1,1,1,2)[500,22,ASSEMBLE+INSPECT]"
P1|N6|F|UNIFORM|d100|p100|f40|b50,F,true,6,0,0,true,false,true,3,0,0,true,false,true,3,false,"POOLING C1A0T0I0F3(1,0,0,3)[400,24,ASSEMBLE+INSPECT] vs C1A1T0I1F2(1,1,1,2)[500,22,ASSEMBLE+INSPECT]"
P1|N6|F|UNIFORM|d100|p100|f60|b0,F,false,0,0,0,false,false,false,0,0,0,false,false,false,0,false,""
P1|N6|F|UNIFORM|d100|p100|f60|b10,F,false,0,0,0,false,false,false,0,0,0,false,false,false,0,false,""
P1|N6|F|UNIFORM|d100|p100|f60|b25,F,true,2,0,0,true,false,true,1,0,0,true,false,true,1,false,"POOLING C1A0T0I0F3(1,0,0,3)[400,24,ASSEMBLE+INSPECT] vs C1A1T0I1F2(1,1,1,2)[500,22,ASSEMBLE+INSPECT]"
P1|N6|F|UNIFORM|d100|p100|f60|b50,F,true,6,0,0,true,false,true,3,0,0,true,false,true,3,false,"POOLING C1A0T0I0F3(1,0,0,3)[400,24,ASSEMBLE+INSPECT] vs C1A1T0I1F2(1,1,1,2)[500,22,ASSEMBLE+INSPECT]"
P1|N6|F|UNIFORM|d100|p100|f80|b0,F,false,0,0,0,false,false,false,0,0,0,false,false,false,0,false,""
P1|N6|F|UNIFORM|d100|p100|f80|b10,F,false,0,0,0,false,false,false,0,0,0,false,false,false,0,false,""
P1|N6|F|UNIFORM|d100|p100|f80|b25,F,false,0,0,0,false,false,false,0,0,0,false,false,false,0,false,""
P1|N6|F|UNIFORM|d100|p100|f80|b50,F,false,0,0,0,false,false,false,0,0,0,false,false,false,0,false,""
P1|N6|F|UNIFORM|d100|p125|f20|b0,F,false,0,0,0,false,false,false,0,0,0,false,false,false,0,false,""
P1|N6|F|UNIFORM|d100|p125|f20|b10,F,false,0,0,0,false,false,false,0,0,0,false,false,false,0,false,""
P1|N6|F|UNIFORM|d100|p125|f20|b25,F,false,0,0,0,false,false,false,0,0,0,false,false,false,0,false,""
P1|N6|F|UNIFORM|d100|p125|f20|b50,F,true,16,0,0,true,false,false,0,0,0,false,false,false,0,false,"POOLING C2A0T1I1F2(2,2,1,2)[750,17,ASSEMBLE+INSPECT] vs C3A1T1I0F3(3,3,0,3)[975,16,ASSEMBLE+INSPECT]"
P1|N6|F|UNIFORM|d100|p125|f40|b0,F,false,0,0,0,false,false,false,0,0,0,false,false,false,0,false,""
P1|N6|F|UNIFORM|d100|p125|f40|b10,F,false,0,0,0,false,false,false,0,0,0,false,false,false,0,false,""
P1|N6|F|UNIFORM|d100|p125|f40|b25,F,true,2,0,0,true,true,true,3,0,0,true,false,true,0,false,"POOLING C1A1T0I0F2(1,1,0,2)[450,24,ASSEMBLE+INSPECT] vs C1A0T1I1F1(1,2,1,1)[525,23,ASSEMBLE+INSPECT]"
P1|N6|F|UNIFORM|d100|p125|f40|b50,F,true,14,0,0,true,true,true,7,0,0,true,false,true,0,false,"POOLING C1A1T0I0F2(1,1,0,2)[450,24,ASSEMBLE+INSPECT] vs C1A0T1I1F1(1,2,1,1)[525,23,ASSEMBLE+INSPECT]"
P1|N6|F|UNIFORM|d100|p125|f60|b0,F,false,0,0,0,false,false,false,0,0,0,false,false,false,0,false,""
P1|N6|F|UNIFORM|d100|p125|f60|b10,F,false,0,0,0,false,false,false,0,0,0,false,false,false,0,false,""
P1|N6|F|UNIFORM|d100|p125|f60|b25,F,false,0,0,0,false,false,false,0,0,0,false,false,false,0,false,""
P1|N6|F|UNIFORM|d100|p125|f60|b50,F,true,12,0,0,true,false,true,7,0,0,true,false,true,4,false,"POOLING C1A0T1I1F0(1,2,1,0)[400,26,ASSEMBLE|INSPECT] vs C1A1T0I1F2(1,1,1,2)[550,22,ASSEMBLE+INSPECT]"
P1|N6|F|UNIFORM|d100|p125|f80|b0,F,false,0,0,0,false,false,false,0,0,0,false,false,false,0,false,""
P1|N6|F|UNIFORM|d100|p125|f80|b10,F,false,0,0,0,false,true,false,0,0,0,false,true,false,0,false,""
P1|N6|F|UNIFORM|d100|p125|f80|b25,F,true,4,0,0,true,true,true,4,0,0,true,true,true,4,true,"POOLING C1A1T0I0F1(1,1,0,1)[325,34,ASSEMBLE+INSPECT] vs C1A0T1I1F0(1,2,1,0)[400,26,ASSEMBLE|INSPECT]"
P1|N6|F|UNIFORM|d100|p125|f80|b50,F,true,4,0,0,true,true,true,5,0,0,true,true,true,4,true,"POOLING C1A1T0I0F1(1,1,0,1)[325,34,ASSEMBLE+INSPECT] vs C1A0T1I1F0(1,2,1,0)[400,26,ASSEMBLE|INSPECT]"
P1|N6|F|UNIFORM|d100|p150|f20|b0,F,false,0,0,0,false,false,false,0,0,0,false,false,false,0,false,""
P1|N6|F|UNIFORM|d100|p150|f20|b10,F,false,0,0,0,false,false,false,0,0,0,false,false,false,0,false,""
P1|N6|F|UNIFORM|d100|p150|f20|b25,F,false,0,0,0,false,false,false,0,0,0,false,false,false,0,false,""
P1|N6|F|UNIFORM|d100|p150|f20|b50,F,true,70,0,0,true,false,false,0,0,0,false,false,false,0,false,"POOLING C2A0T1I1F2(2,2,1,2)[800,17,ASSEMBLE+INSPECT] vs C3A1T1I0F3(3,3,0,3)[1050,16,ASSEMBLE+INSPECT]"
P1|N6|F|UNIFORM|d100|p150|f40|b0,F,false,0,0,0,false,false,false,0,0,0,false,false,false,0,false,""
P1|N6|F|UNIFORM|d100|p150|f40|b10,F,true,2,0,0,true,true,true,4,0,0,true,false,true,0,false,"POOLING C1A1T0I0F2(1,1,0,2)[500,24,ASSEMBLE+INSPECT] vs C1A0T1I1F1(1,2,1,1)[550,23,ASSEMBLE+INSPECT]"
P1|N6|F|UNIFORM|d100|p150|f40|b25,F,true,8,0,0,true,true,true,8,0,0,true,false,true,4,false,"POOLING C1A1T0I0F2(1,1,0,2)[500,24,ASSEMBLE+INSPECT] vs C1A0T1I1F1(1,2,1,1)[550,23,ASSEMBLE+INSPECT]"
P1|N6|F|UNIFORM|d100|p150|f40|b50,F,true,12,0,0,true,true,true,33,0,0,true,false,true,8,false,"POOLING C1A1T0I0F2(1,1,0,2)[500,24,ASSEMBLE+INSPECT] vs C1A0T1I1F1(1,2,1,1)[550,23,ASSEMBLE+INSPECT]"
P1|N6|F|UNIFORM|d100|p150|f60|b0,F,false,0,0,0,false,false,false,0,0,0,false,false,false,0,false,""
P1|N6|F|UNIFORM|d100|p150|f60|b10,F,false,0,0,0,false,false,false,0,0,0,false,false,false,0,false,""
P1|N6|F|UNIFORM|d100|p150|f60|b25,F,false,0,0,0,false,false,false,0,0,0,false,false,false,0,false,""
P1|N6|F|UNIFORM|d100|p150|f60|b50,F,true,8,0,0,true,false,true,16,0,0,true,false,true,8,false,"POOLING C1A1T0I0F2(1,1,0,2)[500,24,ASSEMBLE+INSPECT] vs C1A0T1I1F1(1,2,1,1)[550,23,ASSEMBLE+INSPECT]"
P1|N6|F|UNIFORM|d100|p150|f80|b0,F,false,0,0,0,false,false,false,0,0,0,false,false,false,0,false,""
P1|N6|F|UNIFORM|d100|p150|f80|b10,F,false,0,0,0,false,false,false,0,0,0,false,false,false,0,false,""
P1|N6|F|UNIFORM|d100|p150|f80|b25,F,true,2,0,0,true,true,true,2,0,0,true,true,true,2,true,"POOLING C1A1T0I0F1(1,1,0,1)[350,34,ASSEMBLE+INSPECT] vs C1A0T1I1F0(1,2,1,0)[400,26,ASSEMBLE|INSPECT]"
P1|N6|F|UNIFORM|d100|p150|f80|b50,F,true,2,0,0,true,true,true,4,0,0,true,true,true,2,true,"POOLING C1A1T0I0F1(1,1,0,1)[350,34,ASSEMBLE+INSPECT] vs C1A0T1I1F0(1,2,1,0)[400,26,ASSEMBLE|INSPECT]"
P1|N6|F|UNIFORM|d100|p200|f20|b0,F,false,0,0,0,false,false,false,0,0,0,false,false,false,0,false,""
P1|N6|F|UNIFORM|d100|p200|f20|b10,F,false,0,0,0,false,false,false,0,0,0,false,false,false,0,false,""
P1|N6|F|UNIFORM|d100|p200|f20|b25,F,false,0,0,0,false,false,false,0,0,0,false,false,false,0,false,""
P1|N6|F|UNIFORM|d100|p200|f20|b50,F,false,0,0,0,false,false,true,71,0,0,true,false,false,0,false,""
P1|N6|F|UNIFORM|d100|p200|f40|b0,F,false,0,0,0,false,false,false,0,0,0,false,false,false,0,false,""
P1|N6|F|UNIFORM|d100|p200|f40|b10,F,false,0,0,0,false,false,false,0,0,0,false,false,false,0,false,""
P1|N6|F|UNIFORM|d100|p200|f40|b25,F,false,0,0,0,false,false,true,4,0,0,true,false,false,0,false,""
P1|N6|F|UNIFORM|d100|p200|f40|b50,F,false,0,0,0,false,false,true,10,0,0,true,false,false,0,false,""
P1|N6|F|UNIFORM|d100|p200|f60|b0,F,false,0,0,0,false,false,false,0,0,0,false,false,false,0,false,""
P1|N6|F|UNIFORM|d100|p200|f60|b10,F,false,0,0,0,false,false,false,0,0,0,false,false,false,0,false,""
P1|N6|F|UNIFORM|d100|p200|f60|b25,F,false,0,0,0,false,false,false,0,0,0,false,false,false,0,false,""
P1|N6|F|UNIFORM|d100|p200|f60|b50,F,false,0,0,0,false,false,false,0,0,0,false,false,false,0,false,""
P1|N6|F|UNIFORM|d100|p200|f80|b0,F,false,0,0,0,false,false,false,0,0,0,false,false,false,0,false,""
P1|N6|F|UNIFORM|d100|p200|f80|b10,F,false,0,0,0,false,false,false,0,0,0,false,false,false,0,false,""
P1|N6|F|UNIFORM|d100|p200|f80|b25,F,false,0,0,0,false,false,false,0,0,0,false,false,false,0,false,""
P1|N6|F|UNIFORM|d100|p200|f80|b50,F,false,0,0,0,false,false,false,0,0,0,false,false,false,0,false,""
P1|N6|F|WORK|d75|p100|f20|b0,F,false,0,0,0,false,false,false,0,0,0,false,false,false,0,false,""
P1|N6|F|WORK|d75|p100|f20|b10,F,false,0,0,0,false,false,false,0,0,0,false,false,false,0,false,""
P1|N6|F|WORK|d75|p100|f20|b25,F,false,0,0,0,false,false,false,0,0,0,false,false,false,0,false,""
P1|N6|F|WORK|d75|p100|f20|b50,F,true,8,1,0,true,false,true,5,0,0,true,false,true,0,false,"POOLING C2A0T1I1F2(2,2,1,2)[1400,17,ASSEMBLE+INSPECT] vs C3A1T1I0F3(3,3,0,3)[1950,16,ASSEMBLE+INSPECT]"
P1|N6|F|WORK|d75|p100|f40|b0,F,false,0,0,0,false,false,false,0,0,0,false,false,false,0,false,""
P1|N6|F|WORK|d75|p100|f40|b10,F,false,0,0,0,false,false,true,1,0,0,true,true,false,0,false,""
P1|N6|F|WORK|d75|p100|f40|b25,F,true,5,1,1,true,true,true,2,0,0,true,true,true,1,true,"POOLING C2A0T1I2F0(2,2,2,0)[950,23,ASSEMBLE] vs C2A0T0I0F3(2,0,0,3)[1100,22,ASSEMBLE+INSPECT]"
P1|N6|F|WORK|d75|p100|f40|b50,F,true,27,2,1,true,true,true,4,0,0,true,true,true,2,true,"POOLING C2A0T1I2F0(2,2,2,0)[950,23,ASSEMBLE] vs C2A0T0I0F3(2,0,0,3)[1100,22,ASSEMBLE+INSPECT]"
P1|N6|F|WORK|d75|p100|f60|b0,F,false,0,0,0,false,false,false,0,0,0,false,false,false,0,false,""
P1|N6|F|WORK|d75|p100|f60|b10,F,false,0,0,0,false,false,false,0,0,0,false,false,false,0,false,""
P1|N6|F|WORK|d75|p100|f60|b25,F,false,0,0,0,false,false,false,0,0,0,false,false,false,0,false,""
P1|N6|F|WORK|d75|p100|f60|b50,F,false,0,0,0,false,false,true,2,0,0,true,false,false,0,false,""
P1|N6|F|WORK|d75|p100|f80|b0,F,false,0,0,0,false,false,false,0,0,0,false,false,false,0,false,""
P1|N6|F|WORK|d75|p100|f80|b10,F,false,0,0,0,false,false,false,0,0,0,false,false,false,0,false,""
P1|N6|F|WORK|d75|p100|f80|b25,F,false,0,0,0,false,false,false,0,0,0,false,false,false,0,false,""
P1|N6|F|WORK|d75|p100|f80|b50,F,false,0,0,0,false,false,true,2,0,0,true,false,false,0,false,""
P1|N6|F|WORK|d75|p125|f20|b0,F,false,0,0,0,false,false,false,0,0,0,false,false,false,0,false,""
P1|N6|F|WORK|d75|p125|f20|b10,F,false,0,0,0,false,false,false,0,0,0,false,false,false,0,false,""
P1|N6|F|WORK|d75|p125|f20|b25,F,false,0,0,0,false,false,false,0,0,0,false,false,false,0,false,""
P1|N6|F|WORK|d75|p125|f20|b50,F,false,0,0,0,false,false,true,3,0,0,true,false,false,0,false,""
P1|N6|F|WORK|d75|p125|f40|b0,F,false,0,0,0,false,false,false,0,0,0,false,false,false,0,false,""
P1|N6|F|WORK|d75|p125|f40|b10,F,false,0,0,0,false,false,false,0,0,0,false,false,false,0,false,""
P1|N6|F|WORK|d75|p125|f40|b25,F,true,0,1,0,true,true,true,4,1,0,true,true,true,1,true,"MATERIAL_DEDICATED C2A0T1I2F0(2,2,2,0)[950,23,ASSEMBLE] vs C1A1T1I2F0(1,3,2,0)[1150,21,CUT|ASSEMBLE] surplusEffect=2 threshold=2"
P1|N6|F|WORK|d75|p125|f40|b50,F,true,0,1,0,true,true,true,8,1,0,true,true,true,1,true,"MATERIAL_DEDICATED C2A0T1I2F0(2,2,2,0)[950,23,ASSEMBLE] vs C1A1T1I2F0(1,3,2,0)[1150,21,CUT|ASSEMBLE] surplusEffect=2 threshold=2"
P1|N6|F|WORK|d75|p125|f60|b0,F,false,0,0,0,false,false,false,0,0,0,false,false,false,0,false,""
P1|N6|F|WORK|d75|p125|f60|b10,F,false,0,0,0,false,false,false,0,0,0,false,false,false,0,false,""
P1|N6|F|WORK|d75|p125|f60|b25,F,false,0,0,0,false,false,false,0,0,0,false,false,false,0,false,""
P1|N6|F|WORK|d75|p125|f60|b50,F,false,0,0,0,false,false,false,0,0,0,false,false,false,0,false,""
P1|N6|F|WORK|d75|p125|f80|b0,F,false,0,0,0,false,false,false,0,0,0,false,false,false,0,false,""
P1|N6|F|WORK|d75|p125|f80|b10,F,false,0,0,0,false,false,false,0,0,0,false,false,false,0,false,""
P1|N6|F|WORK|d75|p125|f80|b25,F,false,0,0,0,false,false,false,0,0,0,false,false,false,0,false,""
P1|N6|F|WORK|d75|p125|f80|b50,F,false,0,0,0,false,false,false,0,0,0,false,false,false,0,false,""
P1|N6|F|WORK|d75|p150|f20|b0,F,false,0,0,0,false,false,false,0,0,0,false,false,false,0,false,""
P1|N6|F|WORK|d75|p150|f20|b10,F,false,0,0,0,false,false,false,0,0,0,false,false,false,0,false,""
P1|N6|F|WORK|d75|p150|f20|b25,F,false,0,0,0,false,false,false,0,0,0,false,false,false,0,false,""
P1|N6|F|WORK|d75|p150|f20|b50,F,false,0,0,0,false,false,false,0,0,0,false,false,false,0,false,""
P1|N6|F|WORK|d75|p150|f40|b0,F,false,0,0,0,false,false,false,0,0,0,false,false,false,0,false,""
P1|N6|F|WORK|d75|p150|f40|b10,F,false,0,0,0,false,false,false,0,0,0,false,false,false,0,false,""
P1|N6|F|WORK|d75|p150|f40|b25,F,true,0,1,0,true,true,true,0,1,0,true,true,true,1,true,"MATERIAL_DEDICATED C2A0T1I2F0(2,2,2,0)[950,23,ASSEMBLE] vs C1A1T1I2F0(1,3,2,0)[1150,21,CUT|ASSEMBLE] surplusEffect=2 threshold=2"
P1|N6|F|WORK|d75|p150|f40|b50,F,true,0,1,0,true,true,true,3,1,0,true,true,true,1,true,"MATERIAL_DEDICATED C2A0T1I2F0(2,2,2,0)[950,23,ASSEMBLE] vs C1A1T1I2F0(1,3,2,0)[1150,21,CUT|ASSEMBLE] surplusEffect=2 threshold=2"
P1|N6|F|WORK|d75|p150|f60|b0,F,false,0,0,0,false,false,false,0,0,0,false,false,false,0,false,""
P1|N6|F|WORK|d75|p150|f60|b10,F,false,0,0,0,false,false,false,0,0,0,false,false,false,0,false,""
P1|N6|F|WORK|d75|p150|f60|b25,F,false,0,0,0,false,false,false,0,0,0,false,false,false,0,false,""
P1|N6|F|WORK|d75|p150|f60|b50,F,false,0,0,0,false,false,false,0,0,0,false,false,false,0,false,""
P1|N6|F|WORK|d75|p150|f80|b0,F,false,0,0,0,false,false,false,0,0,0,false,false,false,0,false,""
P1|N6|F|WORK|d75|p150|f80|b10,F,false,0,0,0,false,false,false,0,0,0,false,false,false,0,false,""
P1|N6|F|WORK|d75|p150|f80|b25,F,false,0,0,0,false,false,false,0,0,0,false,false,false,0,false,""
P1|N6|F|WORK|d75|p150|f80|b50,F,false,0,0,0,false,false,false,0,0,0,false,false,false,0,false,""
P1|N6|F|WORK|d75|p200|f20|b0,F,false,0,0,0,false,false,false,0,0,0,false,false,false,0,false,""
P1|N6|F|WORK|d75|p200|f20|b10,F,false,0,0,0,false,false,false,0,0,0,false,false,false,0,false,""
P1|N6|F|WORK|d75|p200|f20|b25,F,false,0,0,0,false,false,false,0,0,0,false,false,false,0,false,""
P1|N6|F|WORK|d75|p200|f20|b50,F,false,0,0,0,false,false,false,0,0,0,false,false,false,0,false,""
P1|N6|F|WORK|d75|p200|f40|b0,F,false,0,0,0,false,false,false,0,0,0,false,false,false,0,false,""
P1|N6|F|WORK|d75|p200|f40|b10,F,false,0,0,0,false,false,false,0,0,0,false,false,false,0,false,""
P1|N6|F|WORK|d75|p200|f40|b25,F,true,0,1,0,true,true,true,0,1,0,true,true,true,1,true,"MATERIAL_DEDICATED C2A0T1I2F0(2,2,2,0)[950,23,ASSEMBLE] vs C1A1T1I2F0(1,3,2,0)[1150,21,CUT|ASSEMBLE] surplusEffect=2 threshold=2"
P1|N6|F|WORK|d75|p200|f40|b50,F,true,0,1,0,true,true,true,0,1,0,true,true,true,1,true,"MATERIAL_DEDICATED C2A0T1I2F0(2,2,2,0)[950,23,ASSEMBLE] vs C1A1T1I2F0(1,3,2,0)[1150,21,CUT|ASSEMBLE] surplusEffect=2 threshold=2"
P1|N6|F|WORK|d75|p200|f60|b0,F,false,0,0,0,false,false,false,0,0,0,false,false,false,0,false,""
P1|N6|F|WORK|d75|p200|f60|b10,F,false,0,0,0,false,false,false,0,0,0,false,false,false,0,false,""
P1|N6|F|WORK|d75|p200|f60|b25,F,false,0,0,0,false,false,false,0,0,0,false,false,false,0,false,""
P1|N6|F|WORK|d75|p200|f60|b50,F,false,0,0,0,false,false,false,0,0,0,false,false,false,0,false,""
P1|N6|F|WORK|d75|p200|f80|b0,F,false,0,0,0,false,false,false,0,0,0,false,false,false,0,false,""
P1|N6|F|WORK|d75|p200|f80|b10,F,false,0,0,0,false,false,false,0,0,0,false,false,false,0,false,""
P1|N6|F|WORK|d75|p200|f80|b25,F,false,0,0,0,false,false,false,0,0,0,false,false,false,0,false,""
P1|N6|F|WORK|d75|p200|f80|b50,F,false,0,0,0,false,false,false,0,0,0,false,false,false,0,false,""
P1|N6|F|WORK|d90|p100|f20|b0,F,false,0,0,0,false,false,false,0,0,0,false,false,false,0,false,""
P1|N6|F|WORK|d90|p100|f20|b10,F,false,0,0,0,false,false,false,0,0,0,false,false,false,0,false,""
P1|N6|F|WORK|d90|p100|f20|b25,F,false,0,0,0,false,false,false,0,0,0,false,false,false,0,false,""
P1|N6|F|WORK|d90|p100|f20|b50,F,true,2,0,0,true,false,true,2,0,0,true,false,true,0,false,"POOLING C2A0T1I1F2(2,2,1,2)[1490,17,ASSEMBLE+INSPECT] vs C3A1T1I0F3(3,3,0,3)[2040,16,ASSEMBLE+INSPECT]"
P1|N6|F|WORK|d90|p100|f40|b0,F,false,0,0,0,false,false,false,0,0,0,false,false,false,0,false,""
P1|N6|F|WORK|d90|p100|f40|b10,F,true,3,0,0,true,false,true,3,0,0,true,false,true,1,false,"POOLING C1A0T0I0F3(1,0,0,3)[1000,24,ASSEMBLE+INSPECT] vs C2A0T1I2F0(2,2,2,0)[1040,23,ASSEMBLE]"
P1|N6|F|WORK|d90|p100|f40|b25,F,true,4,0,0,true,false,true,7,0,0,true,false,true,1,false,"POOLING C1A0T0I0F3(1,0,0,3)[1000,24,ASSEMBLE+INSPECT] vs C2A0T1I2F0(2,2,2,0)[1040,23,ASSEMBLE]"
P1|N6|F|WORK|d90|p100|f40|b50,F,true,12,0,0,true,false,true,14,0,0,true,false,true,3,false,"POOLING C1A0T0I0F3(1,0,0,3)[1000,24,ASSEMBLE+INSPECT] vs C2A0T1I2F0(2,2,2,0)[1040,23,ASSEMBLE]"
P1|N6|F|WORK|d90|p100|f60|b0,F,false,0,0,0,false,false,false,0,0,0,false,false,false,0,false,""
P1|N6|F|WORK|d90|p100|f60|b10,F,false,0,0,0,false,false,false,0,0,0,false,false,false,0,false,""
P1|N6|F|WORK|d90|p100|f60|b25,F,false,0,0,0,false,false,false,0,0,0,false,false,false,0,false,""
P1|N6|F|WORK|d90|p100|f60|b50,F,true,6,0,0,true,false,true,9,0,0,true,false,true,2,false,"POOLING C1A0T1I2F0(1,2,2,0)[940,25,ASSEMBLE] vs C1A0T0I0F3(1,0,0,3)[1000,24,ASSEMBLE+INSPECT]"
P1|N6|F|WORK|d90|p100|f80|b0,F,false,0,0,0,false,false,false,0,0,0,false,false,false,0,false,""
P1|N6|F|WORK|d90|p100|f80|b10,F,false,0,0,0,false,false,false,0,0,0,false,false,false,0,false,""
P1|N6|F|WORK|d90|p100|f80|b25,F,true,1,0,0,true,false,true,1,0,0,true,false,true,1,false,"POOLING C1A0T0I0F2(1,0,0,2)[700,31,ASSEMBLE+INSPECT] vs C1A0T1I1F0(1,2,1,0)[790,26,ASSEMBLE|INSPECT]"
P1|N6|F|WORK|d90|p100|f80|b50,F,true,7,0,0,true,false,true,5,0,0,true,false,true,5,false,"POOLING C1A0T0I0F2(1,0,0,2)[700,31,ASSEMBLE+INSPECT] vs C1A0T1I1F0(1,2,1,0)[790,26,ASSEMBLE|INSPECT]"
P1|N6|F|WORK|d90|p125|f20|b0,F,false,0,0,0,false,false,false,0,0,0,false,false,false,0,false,""
P1|N6|F|WORK|d90|p125|f20|b10,F,false,0,0,0,false,false,false,0,0,0,false,false,false,0,false,""
P1|N6|F|WORK|d90|p125|f20|b25,F,false,0,0,0,false,false,false,0,0,0,false,false,false,0,false,""
P1|N6|F|WORK|d90|p125|f20|b50,F,true,3,0,0,true,false,true,2,0,0,true,false,true,0,false,"POOLING C3A1T1I0F3(3,3,0,3)[2265,16,ASSEMBLE+INSPECT] vs C2A0T2I2F2(2,4,2,2)[2330,15,ASSEMBLE+INSPECT]"
P1|N6|F|WORK|d90|p125|f40|b0,F,false,0,0,0,false,false,false,0,0,0,false,false,false,0,false,""
P1|N6|F|WORK|d90|p125|f40|b10,F,false,0,0,0,false,false,false,0,0,0,false,false,false,0,false,""
P1|N6|F|WORK|d90|p125|f40|b25,F,true,0,1,0,true,true,true,4,1,0,true,true,true,1,true,"MATERIAL_DEDICATED C2A0T1I2F0(2,2,2,0)[1040,23,ASSEMBLE] vs C1A1T1I2F0(1,3,2,0)[1240,21,CUT|ASSEMBLE] surplusEffect=2 threshold=2"
P1|N6|F|WORK|d90|p125|f40|b50,F,true,3,1,0,true,true,true,6,1,0,true,true,true,1,true,"MATERIAL_DEDICATED C2A0T1I2F0(2,2,2,0)[1040,23,ASSEMBLE] vs C1A1T1I2F0(1,3,2,0)[1240,21,CUT|ASSEMBLE] surplusEffect=2 threshold=2"
P1|N6|F|WORK|d90|p125|f60|b0,F,false,0,0,0,false,false,false,0,0,0,false,false,false,0,false,""
P1|N6|F|WORK|d90|p125|f60|b10,F,false,0,0,0,false,false,false,0,0,0,false,false,false,0,false,""
P1|N6|F|WORK|d90|p125|f60|b25,F,false,0,0,0,false,false,false,0,0,0,false,false,false,0,false,""
P1|N6|F|WORK|d90|p125|f60|b50,F,false,0,0,0,false,false,true,2,0,0,true,false,false,0,false,""
P1|N6|F|WORK|d90|p125|f80|b0,F,false,0,0,0,false,false,false,0,0,0,false,false,false,0,false,""
P1|N6|F|WORK|d90|p125|f80|b10,F,true,1,0,0,true,true,true,1,0,0,true,true,true,1,true,"POOLING C1A1T0I0F1(1,1,0,1)[775,34,ASSEMBLE+INSPECT] vs C1A0T1I1F0(1,2,1,0)[790,26,ASSEMBLE|INSPECT]"
P1|N6|F|WORK|d90|p125|f80|b25,F,true,2,0,0,true,true,true,2,0,0,true,true,true,2,true,"POOLING C1A1T0I0F1(1,1,0,1)[775,34,ASSEMBLE+INSPECT] vs C1A0T1I1F0(1,2,1,0)[790,26,ASSEMBLE|INSPECT]"
P1|N6|F|WORK|d90|p125|f80|b50,F,true,3,0,0,true,true,true,3,0,0,true,true,true,3,true,"POOLING C1A1T0I0F1(1,1,0,1)[775,34,ASSEMBLE+INSPECT] vs C1A0T1I1F0(1,2,1,0)[790,26,ASSEMBLE|INSPECT]"
P1|N6|F|WORK|d90|p150|f20|b0,F,false,0,0,0,false,false,false,0,0,0,false,false,false,0,false,""
P1|N6|F|WORK|d90|p150|f20|b10,F,false,0,0,0,false,false,false,0,0,0,false,false,false,0,false,""
P1|N6|F|WORK|d90|p150|f20|b25,F,false,0,0,0,false,false,false,0,0,0,false,false,false,0,false,""
P1|N6|F|WORK|d90|p150|f20|b50,F,false,0,0,0,false,false,false,0,0,0,false,false,false,0,false,""
P1|N6|F|WORK|d90|p150|f40|b0,F,false,0,0,0,false,false,false,0,0,0,false,false,false,0,false,""
P1|N6|F|WORK|d90|p150|f40|b10,F,false,0,0,0,false,false,false,0,0,0,false,false,false,0,false,""
P1|N6|F|WORK|d90|p150|f40|b25,F,true,0,1,0,true,true,true,0,1,0,true,true,true,1,true,"MATERIAL_DEDICATED C2A0T1I2F0(2,2,2,0)[1040,23,ASSEMBLE] vs C1A1T1I2F0(1,3,2,0)[1240,21,CUT|ASSEMBLE] surplusEffect=2 threshold=2"
P1|N6|F|WORK|d90|p150|f40|b50,F,true,0,1,0,true,true,true,4,1,0,true,true,true,1,true,"MATERIAL_DEDICATED C2A0T1I2F0(2,2,2,0)[1040,23,ASSEMBLE] vs C1A1T1I2F0(1,3,2,0)[1240,21,CUT|ASSEMBLE] surplusEffect=2 threshold=2"
P1|N6|F|WORK|d90|p150|f60|b0,F,false,0,0,0,false,false,false,0,0,0,false,false,false,0,false,""
P1|N6|F|WORK|d90|p150|f60|b10,F,false,0,0,0,false,false,false,0,0,0,false,false,false,0,false,""
P1|N6|F|WORK|d90|p150|f60|b25,F,false,0,0,0,false,false,false,0,0,0,false,false,false,0,false,""
P1|N6|F|WORK|d90|p150|f60|b50,F,false,0,0,0,false,false,false,0,0,0,false,false,false,0,false,""
P1|N6|F|WORK|d90|p150|f80|b0,F,false,0,0,0,false,false,false,0,0,0,false,false,false,0,false,""
P1|N6|F|WORK|d90|p150|f80|b10,F,false,0,0,0,false,false,false,0,0,0,false,false,false,0,false,""
P1|N6|F|WORK|d90|p150|f80|b25,F,false,0,0,0,false,false,false,0,0,0,false,false,false,0,false,""
P1|N6|F|WORK|d90|p150|f80|b50,F,false,0,0,0,false,false,false,0,0,0,false,false,false,0,false,""
P1|N6|F|WORK|d90|p200|f20|b0,F,false,0,0,0,false,false,false,0,0,0,false,false,false,0,false,""
P1|N6|F|WORK|d90|p200|f20|b10,F,false,0,0,0,false,false,false,0,0,0,false,false,false,0,false,""
P1|N6|F|WORK|d90|p200|f20|b25,F,false,0,0,0,false,false,false,0,0,0,false,false,false,0,false,""
P1|N6|F|WORK|d90|p200|f20|b50,F,false,0,0,0,false,false,false,0,0,0,false,false,false,0,false,""
P1|N6|F|WORK|d90|p200|f40|b0,F,false,0,0,0,false,false,false,0,0,0,false,false,false,0,false,""
P1|N6|F|WORK|d90|p200|f40|b10,F,false,0,0,0,false,false,false,0,0,0,false,false,false,0,false,""
P1|N6|F|WORK|d90|p200|f40|b25,F,true,0,1,0,true,true,true,0,1,0,true,true,true,1,true,"MATERIAL_DEDICATED C2A0T1I2F0(2,2,2,0)[1040,23,ASSEMBLE] vs C1A1T1I2F0(1,3,2,0)[1240,21,CUT|ASSEMBLE] surplusEffect=2 threshold=2"
P1|N6|F|WORK|d90|p200|f40|b50,F,true,0,1,0,true,true,true,0,1,0,true,true,true,1,true,"MATERIAL_DEDICATED C2A0T1I2F0(2,2,2,0)[1040,23,ASSEMBLE] vs C1A1T1I2F0(1,3,2,0)[1240,21,CUT|ASSEMBLE] surplusEffect=2 threshold=2"
P1|N6|F|WORK|d90|p200|f60|b0,F,false,0,0,0,false,false,false,0,0,0,false,false,false,0,false,""
P1|N6|F|WORK|d90|p200|f60|b10,F,false,0,0,0,false,false,false,0,0,0,false,false,false,0,false,""
P1|N6|F|WORK|d90|p200|f60|b25,F,false,0,0,0,false,false,false,0,0,0,false,false,false,0,false,""
P1|N6|F|WORK|d90|p200|f60|b50,F,false,0,0,0,false,false,false,0,0,0,false,false,false,0,false,""
P1|N6|F|WORK|d90|p200|f80|b0,F,false,0,0,0,false,false,false,0,0,0,false,false,false,0,false,""
P1|N6|F|WORK|d90|p200|f80|b10,F,false,0,0,0,false,false,false,0,0,0,false,false,false,0,false,""
P1|N6|F|WORK|d90|p200|f80|b25,F,false,0,0,0,false,false,false,0,0,0,false,false,false,0,false,""
P1|N6|F|WORK|d90|p200|f80|b50,F,false,0,0,0,false,false,false,0,0,0,false,false,false,0,false,""
P1|N6|F|WORK|d100|p100|f20|b0,F,false,0,0,0,false,false,false,0,0,0,false,false,false,0,false,""
P1|N6|F|WORK|d100|p100|f20|b10,F,false,0,0,0,false,false,false,0,0,0,false,false,false,0,false,""
P1|N6|F|WORK|d100|p100|f20|b25,F,false,0,0,0,false,false,false,0,0,0,false,false,false,0,false,""
P1|N6|F|WORK|d100|p100|f20|b50,F,true,10,4,0,true,false,true,12,0,0,true,false,true,0,false,"POOLING C2A0T1I1F2(2,2,1,2)[1550,17,ASSEMBLE+INSPECT] vs C3A1T1I0F3(3,3,0,3)[2100,16,ASSEMBLE+INSPECT]"
P1|N6|F|WORK|d100|p100|f40|b0,F,false,0,0,0,false,false,false,0,0,0,false,false,false,0,false,""
P1|N6|F|WORK|d100|p100|f40|b10,F,false,0,0,0,false,false,false,0,0,0,false,false,false,0,false,""
P1|N6|F|WORK|d100|p100|f40|b25,F,false,0,0,0,false,false,true,2,0,0,true,false,false,0,false,""
P1|N6|F|WORK|d100|p100|f40|b50,F,true,6,0,0,true,false,true,34,2,0,true,false,true,6,false,"POOLING C1A0T0I0F3(1,0,0,3)[1000,24,ASSEMBLE+INSPECT] vs C2A0T1I0F2(2,2,0,2)[1400,19,ASSEMBLE+INSPECT]"
P1|N6|F|WORK|d100|p100|f60|b0,F,false,0,0,0,false,false,false,0,0,0,false,false,false,0,false,""
P1|N6|F|WORK|d100|p100|f60|b10,F,true,2,0,0,true,false,true,3,0,0,true,false,true,2,false,"POOLING C2A0T0I0F2(2,0,0,2)[800,29,ASSEMBLE+INSPECT] vs C1A0T1I1F0(1,2,1,0)[850,26,ASSEMBLE|INSPECT]"
P1|N6|F|WORK|d100|p100|f60|b25,F,true,3,1,0,true,false,true,4,0,0,true,false,true,3,false,"POOLING C2A0T0I0F2(2,0,0,2)[800,29,ASSEMBLE+INSPECT] vs C1A0T1I1F0(1,2,1,0)[850,26,ASSEMBLE|INSPECT]"
P1|N6|F|WORK|d100|p100|f60|b50,F,true,3,1,0,true,false,true,8,1,0,true,false,true,3,false,"POOLING C2A0T0I0F2(2,0,0,2)[800,29,ASSEMBLE+INSPECT] vs C1A0T1I1F0(1,2,1,0)[850,26,ASSEMBLE|INSPECT]"
P1|N6|F|WORK|d100|p100|f80|b0,F,false,0,0,0,false,false,false,0,0,0,false,false,false,0,false,""
P1|N6|F|WORK|d100|p100|f80|b10,F,false,0,0,0,false,false,false,0,0,0,false,false,false,0,false,""
P1|N6|F|WORK|d100|p100|f80|b25,F,true,4,0,0,true,false,true,6,0,0,true,false,true,4,false,"POOLING C1A0T0I0F2(1,0,0,2)[700,31,ASSEMBLE+INSPECT] vs C1A0T1I1F0(1,2,1,0)[850,26,ASSEMBLE|INSPECT]"
P1|N6|F|WORK|d100|p100|f80|b50,F,true,5,1,0,true,false,true,7,0,0,true,false,true,5,false,"POOLING C1A0T0I0F2(1,0,0,2)[700,31,ASSEMBLE+INSPECT] vs C1A0T1I1F0(1,2,1,0)[850,26,ASSEMBLE|INSPECT]"
P1|N6|F|WORK|d100|p125|f20|b0,F,false,0,0,0,false,false,false,0,0,0,false,false,false,0,false,""
P1|N6|F|WORK|d100|p125|f20|b10,F,false,0,0,0,false,false,false,0,0,0,false,false,false,0,false,""
P1|N6|F|WORK|d100|p125|f20|b25,F,false,0,0,0,false,false,false,0,0,0,false,false,false,0,false,""
P1|N6|F|WORK|d100|p125|f20|b50,F,true,16,0,0,true,false,true,8,0,0,true,false,true,0,false,"POOLING C3A1T1I3F0(3,3,3,0)[1650,17,ASSEMBLE] vs C3A1T1I0F3(3,3,0,3)[2325,16,ASSEMBLE+INSPECT]"
P1|N6|F|WORK|d100|p125|f40|b0,F,false,0,0,0,false,false,false,0,0,0,false,false,false,0,false,""
P1|N6|F|WORK|d100|p125|f40|b10,F,false,0,0,0,false,false,false,0,0,0,false,false,false,0,false,""
P1|N6|F|WORK|d100|p125|f40|b25,F,true,0,4,0,true,true,true,18,4,0,true,true,true,4,true,"MATERIAL_DEDICATED C2A0T1I2F0(2,2,2,0)[1100,23,ASSEMBLE] vs C1A1T1I2F0(1,3,2,0)[1300,21,CUT|ASSEMBLE] surplusEffect=2 threshold=2"
P1|N6|F|WORK|d100|p125|f40|b50,F,true,16,4,0,true,true,true,30,4,0,true,true,true,4,true,"MATERIAL_DEDICATED C2A0T1I2F0(2,2,2,0)[1100,23,ASSEMBLE] vs C1A1T1I2F0(1,3,2,0)[1300,21,CUT|ASSEMBLE] surplusEffect=2 threshold=2"
P1|N6|F|WORK|d100|p125|f60|b0,F,false,0,0,0,false,false,false,0,0,0,false,false,false,0,false,""
P1|N6|F|WORK|d100|p125|f60|b10,F,false,0,0,0,false,false,false,0,0,0,false,false,false,0,false,""
P1|N6|F|WORK|d100|p125|f60|b25,F,false,0,0,0,false,false,false,0,0,0,false,false,false,0,false,""
P1|N6|F|WORK|d100|p125|f60|b50,F,false,0,0,0,false,false,true,8,0,0,true,false,false,0,false,""
P1|N6|F|WORK|d100|p125|f80|b0,F,false,0,0,0,false,false,false,0,0,0,false,false,false,0,false,""
P1|N6|F|WORK|d100|p125|f80|b10,F,true,2,0,0,true,true,true,2,0,0,true,true,true,2,true,"POOLING C1A1T0I0F1(1,1,0,1)[775,34,ASSEMBLE+INSPECT] vs C1A0T1I1F0(1,2,1,0)[850,26,ASSEMBLE|INSPECT]"
P1|N6|F|WORK|d100|p125|f80|b25,F,true,2,0,0,true,true,true,2,0,0,true,true,true,2,true,"POOLING C1A1T0I0F1(1,1,0,1)[775,34,ASSEMBLE+INSPECT] vs C1A0T1I1F0(1,2,1,0)[850,26,ASSEMBLE|INSPECT]"
P1|N6|F|WORK|d100|p125|f80|b50,F,true,6,0,0,true,true,true,6,0,0,true,true,true,6,true,"POOLING C1A1T0I0F1(1,1,0,1)[775,34,ASSEMBLE+INSPECT] vs C1A0T1I1F0(1,2,1,0)[850,26,ASSEMBLE|INSPECT]"
P1|N6|F|WORK|d100|p150|f20|b0,F,false,0,0,0,false,false,false,0,0,0,false,false,false,0,false,""
P1|N6|F|WORK|d100|p150|f20|b10,F,false,0,0,0,false,false,false,0,0,0,false,false,false,0,false,""
P1|N6|F|WORK|d100|p150|f20|b25,F,false,0,0,0,false,false,false,0,0,0,false,false,false,0,false,""
P1|N6|F|WORK|d100|p150|f20|b50,F,true,0,8,0,true,false,true,34,14,0,true,false,true,8,false,"MATERIAL_DEDICATED C3A1T1I3F0(3,3,3,0)[1650,17,ASSEMBLE] vs C2A0T3I3F0(2,6,3,0)[2450,16,CUT|ASSEMBLE|INSPECT] surplusEffect=2 threshold=1"
P1|N6|F|WORK|d100|p150|f40|b0,F,false,0,0,0,false,false,false,0,0,0,false,false,false,0,false,""
P1|N6|F|WORK|d100|p150|f40|b10,F,false,0,0,0,false,false,false,0,0,0,false,false,false,0,false,""
P1|N6|F|WORK|d100|p150|f40|b25,F,true,0,4,0,true,true,true,0,4,0,true,true,true,4,true,"MATERIAL_DEDICATED C2A0T1I2F0(2,2,2,0)[1100,23,ASSEMBLE] vs C1A1T1I2F0(1,3,2,0)[1300,21,CUT|ASSEMBLE] surplusEffect=2 threshold=2"
P1|N6|F|WORK|d100|p150|f40|b50,F,true,0,4,0,true,true,true,28,4,0,true,true,true,4,true,"MATERIAL_DEDICATED C2A0T1I2F0(2,2,2,0)[1100,23,ASSEMBLE] vs C1A1T1I2F0(1,3,2,0)[1300,21,CUT|ASSEMBLE] surplusEffect=2 threshold=2"
P1|N6|F|WORK|d100|p150|f60|b0,F,false,0,0,0,false,false,false,0,0,0,false,false,false,0,false,""
P1|N6|F|WORK|d100|p150|f60|b10,F,false,0,0,0,false,false,false,0,0,0,false,false,false,0,false,""
P1|N6|F|WORK|d100|p150|f60|b25,F,false,0,0,0,false,false,false,0,0,0,false,false,false,0,false,""
P1|N6|F|WORK|d100|p150|f60|b50,F,false,0,0,0,false,false,false,0,0,0,false,false,false,0,false,""
P1|N6|F|WORK|d100|p150|f80|b0,F,false,0,0,0,false,false,false,0,0,0,false,false,false,0,false,""
P1|N6|F|WORK|d100|p150|f80|b10,F,false,0,0,0,false,false,false,0,0,0,false,false,false,0,false,""
P1|N6|F|WORK|d100|p150|f80|b25,F,false,0,0,0,false,false,false,0,0,0,false,false,false,0,false,""
P1|N6|F|WORK|d100|p150|f80|b50,F,false,0,0,0,false,false,false,0,0,0,false,false,false,0,false,""
P1|N6|F|WORK|d100|p200|f20|b0,F,false,0,0,0,false,false,false,0,0,0,false,false,false,0,false,""
P1|N6|F|WORK|d100|p200|f20|b10,F,false,0,0,0,false,false,false,0,0,0,false,false,false,0,false,""
P1|N6|F|WORK|d100|p200|f20|b25,F,false,0,0,0,false,false,false,0,0,0,false,false,false,0,false,""
P1|N6|F|WORK|d100|p200|f20|b50,F,true,0,8,0,true,false,true,0,8,0,true,false,true,8,false,"MATERIAL_DEDICATED C3A1T1I3F0(3,3,3,0)[1650,17,ASSEMBLE] vs C2A0T3I3F0(2,6,3,0)[2450,16,CUT|ASSEMBLE|INSPECT] surplusEffect=2 threshold=1"
P1|N6|F|WORK|d100|p200|f40|b0,F,false,0,0,0,false,false,false,0,0,0,false,false,false,0,false,""
P1|N6|F|WORK|d100|p200|f40|b10,F,false,0,0,0,false,false,false,0,0,0,false,false,false,0,false,""
P1|N6|F|WORK|d100|p200|f40|b25,F,true,0,4,0,true,true,true,0,4,0,true,true,true,4,true,"MATERIAL_DEDICATED C2A0T1I2F0(2,2,2,0)[1100,23,ASSEMBLE] vs C1A1T1I2F0(1,3,2,0)[1300,21,CUT|ASSEMBLE] surplusEffect=2 threshold=2"
P1|N6|F|WORK|d100|p200|f40|b50,F,true,0,4,0,true,true,true,0,4,0,true,true,true,4,true,"MATERIAL_DEDICATED C2A0T1I2F0(2,2,2,0)[1100,23,ASSEMBLE] vs C1A1T1I2F0(1,3,2,0)[1300,21,CUT|ASSEMBLE] surplusEffect=2 threshold=2"
P1|N6|F|WORK|d100|p200|f60|b0,F,false,0,0,0,false,false,false,0,0,0,false,false,false,0,false,""
P1|N6|F|WORK|d100|p200|f60|b10,F,false,0,0,0,false,false,false,0,0,0,false,false,false,0,false,""
P1|N6|F|WORK|d100|p200|f60|b25,F,false,0,0,0,false,false,false,0,0,0,false,false,false,0,false,""
P1|N6|F|WORK|d100|p200|f60|b50,F,false,0,0,0,false,false,false,0,0,0,false,false,false,0,false,""
P1|N6|F|WORK|d100|p200|f80|b0,F,false,0,0,0,false,false,false,0,0,0,false,false,false,0,false,""
P1|N6|F|WORK|d100|p200|f80|b10,F,false,0,0,0,false,false,false,0,0,0,false,false,false,0,false,""
P1|N6|F|WORK|d100|p200|f80|b25,F,false,0,0,0,false,false,false,0,0,0,false,false,false,0,false,""
P1|N6|F|WORK|d100|p200|f80|b50,F,false,0,0,0,false,false,false,0,0,0,false,false,false,0,false,""
P1|N12|D|UNIFORM|d75|p0|f20|b0,D,false,0,0,0,false,false,false,0,0,0,false,false,false,0,false,""
P1|N12|D|UNIFORM|d75|p0|f20|b10,D,false,0,0,0,false,false,false,0,0,0,false,false,false,0,false,""
P1|N12|D|UNIFORM|d75|p0|f20|b25,D,false,0,0,0,false,false,false,0,0,0,false,false,false,0,false,""
P1|N12|D|UNIFORM|d75|p0|f20|b50,D,false,0,0,0,false,false,false,0,0,0,false,false,false,0,false,""
P1|N12|D|UNIFORM|d75|p0|f40|b0,D,false,0,0,0,false,false,false,0,0,0,false,false,false,0,false,""
P1|N12|D|UNIFORM|d75|p0|f40|b10,D,false,0,0,0,false,false,false,0,0,0,false,false,false,0,false,""
P1|N12|D|UNIFORM|d75|p0|f40|b25,D,false,0,0,0,false,false,false,0,0,0,false,false,false,0,false,""
P1|N12|D|UNIFORM|d75|p0|f40|b50,D,false,0,0,0,false,false,false,0,0,0,false,false,false,0,false,""
P1|N12|D|UNIFORM|d75|p0|f60|b0,D,false,0,0,0,false,false,false,0,0,0,false,false,false,0,false,""
P1|N12|D|UNIFORM|d75|p0|f60|b10,D,false,0,0,0,false,false,false,0,0,0,false,false,false,0,false,""
P1|N12|D|UNIFORM|d75|p0|f60|b25,D,false,0,0,0,false,false,false,0,0,0,false,false,false,0,false,""
P1|N12|D|UNIFORM|d75|p0|f60|b50,D,false,0,0,0,false,false,false,0,0,0,false,false,false,0,false,""
P1|N12|D|UNIFORM|d75|p0|f80|b0,D,false,0,0,0,false,false,false,0,0,0,false,false,false,0,false,""
P1|N12|D|UNIFORM|d75|p0|f80|b10,D,false,0,0,0,false,false,false,0,0,0,false,false,false,0,false,""
P1|N12|D|UNIFORM|d75|p0|f80|b25,D,false,0,0,0,false,false,false,0,0,0,false,false,false,0,false,""
P1|N12|D|UNIFORM|d75|p0|f80|b50,D,false,0,0,0,false,false,false,0,0,0,false,false,false,0,false,""
P1|N12|D|UNIFORM|d90|p0|f20|b0,D,false,0,0,0,false,false,false,0,0,0,false,false,false,0,false,""
P1|N12|D|UNIFORM|d90|p0|f20|b10,D,false,0,0,0,false,false,false,0,0,0,false,false,false,0,false,""
P1|N12|D|UNIFORM|d90|p0|f20|b25,D,false,0,0,0,false,false,false,0,0,0,false,false,false,0,false,""
P1|N12|D|UNIFORM|d90|p0|f20|b50,D,false,0,0,0,false,false,false,0,0,0,false,false,false,0,false,""
P1|N12|D|UNIFORM|d90|p0|f40|b0,D,false,0,0,0,false,false,false,0,0,0,false,false,false,0,false,""
P1|N12|D|UNIFORM|d90|p0|f40|b10,D,false,0,0,0,false,false,false,0,0,0,false,false,false,0,false,""
P1|N12|D|UNIFORM|d90|p0|f40|b25,D,false,0,0,0,false,false,false,0,0,0,false,false,false,0,false,""
P1|N12|D|UNIFORM|d90|p0|f40|b50,D,false,0,0,0,false,false,false,0,0,0,false,false,false,0,false,""
P1|N12|D|UNIFORM|d90|p0|f60|b0,D,false,0,0,0,false,false,false,0,0,0,false,false,false,0,false,""
P1|N12|D|UNIFORM|d90|p0|f60|b10,D,false,0,0,0,false,false,false,0,0,0,false,false,false,0,false,""
P1|N12|D|UNIFORM|d90|p0|f60|b25,D,false,0,0,0,false,false,false,0,0,0,false,false,false,0,false,""
P1|N12|D|UNIFORM|d90|p0|f60|b50,D,false,0,0,0,false,false,false,0,0,0,false,false,false,0,false,""
P1|N12|D|UNIFORM|d90|p0|f80|b0,D,false,0,0,0,false,false,false,0,0,0,false,false,false,0,false,""
P1|N12|D|UNIFORM|d90|p0|f80|b10,D,false,0,0,0,false,false,false,0,0,0,false,false,false,0,false,""
P1|N12|D|UNIFORM|d90|p0|f80|b25,D,false,0,0,0,false,false,false,0,0,0,false,false,false,0,false,""
P1|N12|D|UNIFORM|d90|p0|f80|b50,D,false,0,0,0,false,false,false,0,0,0,false,false,false,0,false,""
P1|N12|D|UNIFORM|d100|p0|f20|b0,D,false,0,0,0,false,false,false,0,0,0,false,false,false,0,false,""
P1|N12|D|UNIFORM|d100|p0|f20|b10,D,false,0,0,0,false,false,false,0,0,0,false,false,false,0,false,""
P1|N12|D|UNIFORM|d100|p0|f20|b25,D,false,0,0,0,false,false,false,0,0,0,false,false,false,0,false,""
P1|N12|D|UNIFORM|d100|p0|f20|b50,D,false,0,0,0,false,false,false,0,0,0,false,false,false,0,false,""
P1|N12|D|UNIFORM|d100|p0|f40|b0,D,false,0,0,0,false,false,false,0,0,0,false,false,false,0,false,""
P1|N12|D|UNIFORM|d100|p0|f40|b10,D,false,0,0,0,false,false,false,0,0,0,false,false,false,0,false,""
P1|N12|D|UNIFORM|d100|p0|f40|b25,D,false,0,0,0,false,false,false,0,0,0,false,false,false,0,false,""
P1|N12|D|UNIFORM|d100|p0|f40|b50,D,false,0,0,0,false,false,false,0,0,0,false,false,false,0,false,""
P1|N12|D|UNIFORM|d100|p0|f60|b0,D,false,0,0,0,false,false,false,0,0,0,false,false,false,0,false,""
P1|N12|D|UNIFORM|d100|p0|f60|b10,D,false,0,0,0,false,false,false,0,0,0,false,false,false,0,false,""
P1|N12|D|UNIFORM|d100|p0|f60|b25,D,false,0,0,0,false,false,false,0,0,0,false,false,false,0,false,""
P1|N12|D|UNIFORM|d100|p0|f60|b50,D,false,0,0,0,false,false,false,0,0,0,false,false,false,0,false,""
P1|N12|D|UNIFORM|d100|p0|f80|b0,D,false,0,0,0,false,false,false,0,0,0,false,false,false,0,false,""
P1|N12|D|UNIFORM|d100|p0|f80|b10,D,false,0,0,0,false,false,false,0,0,0,false,false,false,0,false,""
P1|N12|D|UNIFORM|d100|p0|f80|b25,D,false,0,0,0,false,false,false,0,0,0,false,false,false,0,false,""
P1|N12|D|UNIFORM|d100|p0|f80|b50,D,false,0,0,0,false,false,false,0,0,0,false,false,false,0,false,""
P1|N12|D|WORK|d75|p0|f20|b0,D,false,0,0,0,false,false,false,0,0,0,false,false,false,0,false,""
P1|N12|D|WORK|d75|p0|f20|b10,D,false,0,0,0,false,false,false,0,0,0,false,false,false,0,false,""
P1|N12|D|WORK|d75|p0|f20|b25,D,false,0,0,0,false,false,false,0,0,0,false,false,false,0,false,""
P1|N12|D|WORK|d75|p0|f20|b50,D,true,0,0,3,false,false,true,0,0,3,false,false,false,0,false,""
P1|N12|D|WORK|d75|p0|f40|b0,D,false,0,0,0,false,false,false,0,0,0,false,false,false,0,false,""
P1|N12|D|WORK|d75|p0|f40|b10,D,false,0,0,0,false,false,false,0,0,0,false,false,false,0,false,""
P1|N12|D|WORK|d75|p0|f40|b25,D,true,0,0,1,false,true,true,0,0,1,false,true,false,0,false,""
P1|N12|D|WORK|d75|p0|f40|b50,D,true,0,0,1,false,true,true,0,0,1,false,true,false,0,false,""
P1|N12|D|WORK|d75|p0|f60|b0,D,false,0,0,0,false,false,false,0,0,0,false,false,false,0,false,""
P1|N12|D|WORK|d75|p0|f60|b10,D,false,0,0,0,false,false,false,0,0,0,false,false,false,0,false,""
P1|N12|D|WORK|d75|p0|f60|b25,D,false,0,0,0,false,false,false,0,0,0,false,false,false,0,false,""
P1|N12|D|WORK|d75|p0|f60|b50,D,false,0,0,0,false,false,false,0,0,0,false,false,false,0,false,""
P1|N12|D|WORK|d75|p0|f80|b0,D,false,0,0,0,false,false,false,0,0,0,false,false,false,0,false,""
P1|N12|D|WORK|d75|p0|f80|b10,D,false,0,0,0,false,false,false,0,0,0,false,false,false,0,false,""
P1|N12|D|WORK|d75|p0|f80|b25,D,false,0,0,0,false,false,false,0,0,0,false,false,false,0,false,""
P1|N12|D|WORK|d75|p0|f80|b50,D,false,0,0,0,false,false,false,0,0,0,false,false,false,0,false,""
P1|N12|D|WORK|d90|p0|f20|b0,D,false,0,0,0,false,false,false,0,0,0,false,false,false,0,false,""
P1|N12|D|WORK|d90|p0|f20|b10,D,false,0,0,0,false,false,false,0,0,0,false,false,false,0,false,""
P1|N12|D|WORK|d90|p0|f20|b25,D,false,0,0,0,false,false,false,0,0,0,false,false,false,0,false,""
P1|N12|D|WORK|d90|p0|f20|b50,D,true,0,0,3,false,false,true,0,0,3,false,false,false,0,false,""
P1|N12|D|WORK|d90|p0|f40|b0,D,false,0,0,0,false,false,false,0,0,0,false,false,false,0,false,""
P1|N12|D|WORK|d90|p0|f40|b10,D,false,0,0,0,false,false,false,0,0,0,false,false,false,0,false,""
P1|N12|D|WORK|d90|p0|f40|b25,D,true,0,0,1,false,true,true,0,0,1,false,true,false,0,false,""
P1|N12|D|WORK|d90|p0|f40|b50,D,true,0,0,1,false,true,true,0,0,1,false,true,false,0,false,""
P1|N12|D|WORK|d90|p0|f60|b0,D,false,0,0,0,false,false,false,0,0,0,false,false,false,0,false,""
P1|N12|D|WORK|d90|p0|f60|b10,D,false,0,0,0,false,false,false,0,0,0,false,false,false,0,false,""
P1|N12|D|WORK|d90|p0|f60|b25,D,false,0,0,0,false,false,false,0,0,0,false,false,false,0,false,""
P1|N12|D|WORK|d90|p0|f60|b50,D,false,0,0,0,false,false,false,0,0,0,false,false,false,0,false,""
P1|N12|D|WORK|d90|p0|f80|b0,D,false,0,0,0,false,false,false,0,0,0,false,false,false,0,false,""
P1|N12|D|WORK|d90|p0|f80|b10,D,false,0,0,0,false,false,false,0,0,0,false,false,false,0,false,""
P1|N12|D|WORK|d90|p0|f80|b25,D,false,0,0,0,false,false,false,0,0,0,false,false,false,0,false,""
P1|N12|D|WORK|d90|p0|f80|b50,D,false,0,0,0,false,false,false,0,0,0,false,false,false,0,false,""
P1|N12|D|WORK|d100|p0|f20|b0,D,false,0,0,0,false,false,false,0,0,0,false,false,false,0,false,""
P1|N12|D|WORK|d100|p0|f20|b10,D,true,0,6,0,true,true,true,0,6,0,true,true,true,6,true,"MATERIAL_DEDICATED C3A1T1I3F0(3,3,3,0)[1650,29,ASSEMBLE] vs C2A0T2I2F0(2,4,2,0)[1700,26,ASSEMBLE|INSPECT] surplusEffect=3 threshold=2"
P1|N12|D|WORK|d100|p0|f20|b25,D,true,0,12,0,true,true,true,0,12,0,true,true,true,12,true,"MATERIAL_DEDICATED C3A1T1I3F0(3,3,3,0)[1650,29,ASSEMBLE] vs C2A0T2I2F0(2,4,2,0)[1700,26,ASSEMBLE|INSPECT] surplusEffect=3 threshold=2"
P1|N12|D|WORK|d100|p0|f20|b50,D,true,0,26,21,true,true,true,0,26,21,true,true,true,26,true,"MATERIAL_DEDICATED C3A1T1I3F0(3,3,3,0)[1650,29,ASSEMBLE] vs C2A0T2I2F0(2,4,2,0)[1700,26,ASSEMBLE|INSPECT] surplusEffect=3 threshold=2"
P1|N12|D|WORK|d100|p0|f40|b0,D,false,0,0,0,false,false,false,0,0,0,false,false,false,0,false,""
P1|N12|D|WORK|d100|p0|f40|b10,D,false,0,0,0,false,false,false,0,0,0,false,false,false,0,false,""
P1|N12|D|WORK|d100|p0|f40|b25,D,true,0,0,4,false,true,true,0,0,4,false,true,false,0,false,""
P1|N12|D|WORK|d100|p0|f40|b50,D,true,0,0,4,false,true,true,0,0,4,false,true,false,0,false,""
P1|N12|D|WORK|d100|p0|f60|b0,D,false,0,0,0,false,false,false,0,0,0,false,false,false,0,false,""
P1|N12|D|WORK|d100|p0|f60|b10,D,false,0,0,0,false,false,false,0,0,0,false,false,false,0,false,""
P1|N12|D|WORK|d100|p0|f60|b25,D,false,0,0,0,false,false,false,0,0,0,false,false,false,0,false,""
P1|N12|D|WORK|d100|p0|f60|b50,D,false,0,0,0,false,false,false,0,0,0,false,false,false,0,false,""
P1|N12|D|WORK|d100|p0|f80|b0,D,false,0,0,0,false,false,false,0,0,0,false,false,false,0,false,""
P1|N12|D|WORK|d100|p0|f80|b10,D,false,0,0,0,false,false,false,0,0,0,false,false,false,0,false,""
P1|N12|D|WORK|d100|p0|f80|b25,D,false,0,0,0,false,false,false,0,0,0,false,false,false,0,false,""
P1|N12|D|WORK|d100|p0|f80|b50,D,false,0,0,0,false,false,false,0,0,0,false,false,false,0,false,""
P1|N12|F|UNIFORM|d75|p100|f20|b0,F,false,0,0,0,false,false,false,0,0,0,false,false,false,0,false,""
P1|N12|F|UNIFORM|d75|p100|f20|b10,F,false,0,0,0,false,false,true,2,0,0,true,false,false,0,false,""
P1|N12|F|UNIFORM|d75|p100|f20|b25,F,true,10,2,0,true,false,true,3,0,0,true,false,true,1,false,"POOLING C2A0T2I2F0(2,4,2,0)[700,26,ASSEMBLE|INSPECT] vs C2A0T2I0F3(2,4,0,3)[800,24,ASSEMBLE+INSPECT]"
P1|N12|F|UNIFORM|d75|p100|f20|b50,F,true,42,7,0,true,false,true,6,0,0,true,false,true,1,false,"POOLING C2A0T2I2F0(2,4,2,0)[700,26,ASSEMBLE|INSPECT] vs C2A0T2I0F3(2,4,0,3)[800,24,ASSEMBLE+INSPECT]"
P1|N12|F|UNIFORM|d75|p100|f40|b0,F,false,0,0,0,false,false,false,0,0,0,false,false,false,0,false,""
P1|N12|F|UNIFORM|d75|p100|f40|b10,F,false,0,0,0,false,false,false,0,0,0,false,false,false,0,false,""
P1|N12|F|UNIFORM|d75|p100|f40|b25,F,true,5,0,0,true,false,false,0,0,0,false,false,false,0,false,"POOLING C1A0T1I0F2(1,2,0,2)[450,35,ASSEMBLE+INSPECT] vs C1A0T1I2F1(1,2,2,1)[550,33,CUT]"
P1|N12|F|UNIFORM|d75|p100|f40|b50,F,true,15,2,0,true,false,true,1,0,0,true,false,true,0,false,"POOLING C1A0T1I0F2(1,2,0,2)[450,35,ASSEMBLE+INSPECT] vs C1A0T1I2F1(1,2,2,1)[550,33,CUT]"
P1|N12|F|UNIFORM|d75|p100|f60|b0,F,false,0,0,0,false,false,false,0,0,0,false,false,false,0,false,""
P1|N12|F|UNIFORM|d75|p100|f60|b10,F,false,0,0,0,false,false,false,0,0,0,false,false,false,0,false,""
P1|N12|F|UNIFORM|d75|p100|f60|b25,F,false,0,0,0,false,false,false,0,0,0,false,true,false,0,false,""
P1|N12|F|UNIFORM|d75|p100|f60|b50,F,true,4,0,0,true,false,true,5,0,0,true,true,true,3,false,"POOLING C1A0T1I1F0(1,2,1,0)[350,44,ASSEMBLE|INSPECT] vs C1A0T1I0F2(1,2,0,2)[450,35,ASSEMBLE+INSPECT]"
P1|N12|F|UNIFORM|d75|p100|f80|b0,F,false,0,0,0,false,false,false,0,0,0,false,false,false,0,false,""
P1|N12|F|UNIFORM|d75|p100|f80|b10,F,false,0,0,0,false,false,false,0,0,0,false,false,false,0,false,""
P1|N12|F|UNIFORM|d75|p100|f80|b25,F,true,1,0,0,true,true,true,2,0,0,true,true,true,1,true,"POOLING C1A0T0I0F2(1,0,0,2)[300,58,ASSEMBLE+INSPECT] vs C1A0T1I1F0(1,2,1,0)[350,44,ASSEMBLE|INSPECT]"
P1|N12|F|UNIFORM|d75|p100|f80|b50,F,true,6,0,0,true,true,true,6,0,0,true,true,true,5,true,"POOLING C1A0T0I0F2(1,0,0,2)[300,58,ASSEMBLE+INSPECT] vs C1A0T1I1F0(1,2,1,0)[350,44,ASSEMBLE|INSPECT]"
P1|N12|F|UNIFORM|d75|p125|f20|b0,F,false,0,0,0,false,false,false,0,0,0,false,false,false,0,false,""
P1|N12|F|UNIFORM|d75|p125|f20|b10,F,false,0,0,0,false,false,false,0,0,0,false,false,false,0,false,""
P1|N12|F|UNIFORM|d75|p125|f20|b25,F,false,0,0,0,false,false,true,1,0,0,true,false,false,0,false,""
P1|N12|F|UNIFORM|d75|p125|f20|b50,F,true,6,0,0,true,false,true,8,0,0,true,false,true,2,false,"POOLING C2A0T2I2F0(2,4,2,0)[700,26,ASSEMBLE|INSPECT] vs C2A1T1I2F2(2,3,2,2)[900,23,ASSEMBLE+INSPECT]"
P1|N12|F|UNIFORM|d75|p125|f40|b0,F,false,0,0,0,false,false,false,0,0,0,false,false,false,0,false,""
P1|N12|F|UNIFORM|d75|p125|f40|b10,F,false,0,0,0,false,false,false,0,0,0,false,false,false,0,false,""
P1|N12|F|UNIFORM|d75|p125|f40|b25,F,true,1,0,0,true,true,true,1,0,0,true,false,true,1,false,"POOLING C1A0T1I1F1(1,2,1,1)[475,35,ASSEMBLE+INSPECT] vs C1A1T1I2F0(1,3,2,0)[550,33,CUT|ASSEMBLE]"
P1|N12|F|UNIFORM|d75|p125|f40|b50,F,true,6,0,0,true,true,true,7,0,0,true,false,true,4,false,"POOLING C1A0T1I1F1(1,2,1,1)[475,35,ASSEMBLE+INSPECT] vs C1A1T1I2F0(1,3,2,0)[550,33,CUT|ASSEMBLE]"
P1|N12|F|UNIFORM|d75|p125|f60|b0,F,false,0,0,0,false,false,false,0,0,0,false,false,false,0,false,""
P1|N12|F|UNIFORM|d75|p125|f60|b10,F,false,0,0,0,false,false,false,0,0,0,false,false,false,0,false,""
P1|N12|F|UNIFORM|d75|p125|f60|b25,F,false,0,0,0,false,false,false,0,0,0,false,false,false,0,false,""
P1|N12|F|UNIFORM|d75|p125|f60|b50,F,true,1,0,0,true,false,true,2,0,0,true,false,true,1,false,"POOLING C1A1T0I0F2(1,1,0,2)[450,42,ASSEMBLE+INSPECT] vs C1A0T1I1F1(1,2,1,1)[475,35,ASSEMBLE+INSPECT]"
P1|N12|F|UNIFORM|d75|p125|f80|b0,F,false,0,0,0,false,false,false,0,0,0,false,false,false,0,false,""
P1|N12|F|UNIFORM|d75|p125|f80|b10,F,true,1,0,0,true,true,true,1,0,0,true,true,true,1,true,"POOLING C1A1T0I0F1(1,1,0,1)[325,59,ASSEMBLE+INSPECT] vs C1A0T1I1F0(1,2,1,0)[350,44,ASSEMBLE|INSPECT]"
P1|N12|F|UNIFORM|d75|p125|f80|b25,F,true,1,0,0,true,true,true,1,0,0,true,true,true,1,true,"POOLING C1A1T0I0F1(1,1,0,1)[325,59,ASSEMBLE+INSPECT] vs C1A0T1I1F0(1,2,1,0)[350,44,ASSEMBLE|INSPECT]"
P1|N12|F|UNIFORM|d75|p125|f80|b50,F,true,2,0,0,true,true,true,4,0,0,true,true,true,2,true,"POOLING C1A1T0I0F1(1,1,0,1)[325,59,ASSEMBLE+INSPECT] vs C1A0T1I1F0(1,2,1,0)[350,44,ASSEMBLE|INSPECT]"
P1|N12|F|UNIFORM|d75|p150|f20|b0,F,false,0,0,0,false,false,false,0,0,0,false,false,false,0,false,""
P1|N12|F|UNIFORM|d75|p150|f20|b10,F,false,0,0,0,false,false,false,0,0,0,false,false,false,0,false,""
P1|N12|F|UNIFORM|d75|p150|f20|b25,F,false,0,0,0,false,false,false,0,0,0,false,false,false,0,false,""
P1|N12|F|UNIFORM|d75|p150|f20|b50,F,true,3,0,0,true,false,true,3,0,0,true,false,true,3,false,"POOLING C2A0T2I2F1(2,4,2,1)[850,24,ASSEMBLE+INSPECT] vs C2A1T2I3F0(2,5,3,0)[900,23,ASSEMBLE]"
P1|N12|F|UNIFORM|d75|p150|f40|b0,F,false,0,0,0,false,false,false,0,0,0,false,false,false,0,false,""
P1|N12|F|UNIFORM|d75|p150|f40|b10,F,true,1,0,0,true,true,true,1,0,0,true,false,true,1,false,"POOLING C1A0T1I1F1(1,2,1,1)[500,35,ASSEMBLE+INSPECT] vs C1A1T1I2F0(1,3,2,0)[550,33,CUT|ASSEMBLE]"
P1|N12|F|UNIFORM|d75|p150|f40|b25,F,true,1,0,0,true,true,true,1,0,0,true,false,true,1,false,"POOLING C1A0T1I1F1(1,2,1,1)[500,35,ASSEMBLE+INSPECT] vs C1A1T1I2F0(1,3,2,0)[550,33,CUT|ASSEMBLE]"
P1|N12|F|UNIFORM|d75|p150|f40|b50,F,true,3,0,0,true,true,true,5,0,0,true,false,true,3,false,"POOLING C1A0T1I1F1(1,2,1,1)[500,35,ASSEMBLE+INSPECT] vs C1A1T1I2F0(1,3,2,0)[550,33,CUT|ASSEMBLE]"
P1|N12|F|UNIFORM|d75|p150|f60|b0,F,false,0,0,0,false,false,false,0,0,0,false,false,false,0,false,""
P1|N12|F|UNIFORM|d75|p150|f60|b10,F,false,0,0,0,false,false,false,0,0,0,false,false,false,0,false,""
P1|N12|F|UNIFORM|d75|p150|f60|b25,F,false,0,0,0,false,false,false,0,0,0,false,false,false,0,false,""
P1|N12|F|UNIFORM|d75|p150|f60|b50,F,true,1,0,0,true,false,true,1,0,0,true,false,true,1,false,"POOLING C1A0T1I2F0(1,2,2,0)[450,43,ASSEMBLE] vs C1A0T1I1F1(1,2,1,1)[500,35,ASSEMBLE+INSPECT]"
P1|N12|F|UNIFORM|d75|p150|f80|b0,F,false,0,0,0,false,false,false,0,0,0,false,false,false,0,false,""
P1|N12|F|UNIFORM|d75|p150|f80|b10,F,false,0,0,0,false,false,false,0,0,0,false,false,false,0,false,""
P1|N12|F|UNIFORM|d75|p150|f80|b25,F,false,0,0,0,false,false,false,0,0,0,false,false,false,0,false,""
P1|N12|F|UNIFORM|d75|p150|f80|b50,F,true,1,0,0,true,false,true,1,0,0,true,false,true,1,false,"POOLING C1A0T1I2F0(1,2,2,0)[450,43,ASSEMBLE] vs C1A0T1I1F1(1,2,1,1)[500,35,ASSEMBLE+INSPECT]"
P1|N12|F|UNIFORM|d75|p200|f20|b0,F,false,0,0,0,false,false,false,0,0,0,false,false,false,0,false,""
P1|N12|F|UNIFORM|d75|p200|f20|b10,F,false,0,0,0,false,false,false,0,0,0,false,false,false,0,false,""
P1|N12|F|UNIFORM|d75|p200|f20|b25,F,false,0,0,0,false,false,false,0,0,0,false,false,false,0,false,""
P1|N12|F|UNIFORM|d75|p200|f20|b50,F,false,0,0,0,false,false,false,0,0,0,false,false,false,0,false,""
P1|N12|F|UNIFORM|d75|p200|f40|b0,F,false,0,0,0,false,false,false,0,0,0,false,false,false,0,false,""
P1|N12|F|UNIFORM|d75|p200|f40|b10,F,false,0,0,0,false,false,false,0,0,0,false,false,false,0,false,""
P1|N12|F|UNIFORM|d75|p200|f40|b25,F,false,0,0,0,false,false,false,0,0,0,false,false,false,0,false,""
P1|N12|F|UNIFORM|d75|p200|f40|b50,F,false,0,0,0,false,false,false,0,0,0,false,false,false,0,false,""
P1|N12|F|UNIFORM|d75|p200|f60|b0,F,false,0,0,0,false,false,false,0,0,0,false,false,false,0,false,""
P1|N12|F|UNIFORM|d75|p200|f60|b10,F,false,0,0,0,false,false,false,0,0,0,false,false,false,0,false,""
P1|N12|F|UNIFORM|d75|p200|f60|b25,F,false,0,0,0,false,false,false,0,0,0,false,false,false,0,false,""
P1|N12|F|UNIFORM|d75|p200|f60|b50,F,false,0,0,0,false,false,false,0,0,0,false,false,false,0,false,""
P1|N12|F|UNIFORM|d75|p200|f80|b0,F,false,0,0,0,false,false,false,0,0,0,false,false,false,0,false,""
P1|N12|F|UNIFORM|d75|p200|f80|b10,F,false,0,0,0,false,false,false,0,0,0,false,false,false,0,false,""
P1|N12|F|UNIFORM|d75|p200|f80|b25,F,false,0,0,0,false,false,false,0,0,0,false,false,false,0,false,""
P1|N12|F|UNIFORM|d75|p200|f80|b50,F,false,0,0,0,false,false,false,0,0,0,false,false,false,0,false,""
P1|N12|F|UNIFORM|d90|p100|f20|b0,F,false,0,0,0,false,false,false,0,0,0,false,false,false,0,false,""
P1|N12|F|UNIFORM|d90|p100|f20|b10,F,false,0,0,0,false,false,false,0,0,0,false,false,false,0,false,""
P1|N12|F|UNIFORM|d90|p100|f20|b25,F,true,10,2,0,true,false,true,2,0,0,true,false,true,0,false,"POOLING C2A0T2I2F0(2,4,2,0)[760,26,ASSEMBLE|INSPECT] vs C2A0T2I0F3(2,4,0,3)[860,24,ASSEMBLE+INSPECT]"
P1|N12|F|UNIFORM|d90|p100|f20|b50,F,true,42,7,0,true,false,true,6,0,0,true,false,true,1,false,"POOLING C2A0T2I2F0(2,4,2,0)[760,26,ASSEMBLE|INSPECT] vs C2A0T2I0F3(2,4,0,3)[860,24,ASSEMBLE+INSPECT]"
P1|N12|F|UNIFORM|d90|p100|f40|b0,F,false,0,0,0,false,false,false,0,0,0,false,false,false,0,false,""
P1|N12|F|UNIFORM|d90|p100|f40|b10,F,false,0,0,0,false,false,false,0,0,0,false,false,false,0,false,""
P1|N12|F|UNIFORM|d90|p100|f40|b25,F,true,10,1,0,true,false,false,0,0,0,false,false,false,0,false,"POOLING C1A0T1I0F2(1,2,0,2)[480,35,ASSEMBLE+INSPECT] vs C1A0T1I2F1(1,2,2,1)[580,33,CUT]"
P1|N12|F|UNIFORM|d90|p100|f40|b50,F,true,15,2,0,true,false,true,1,0,0,true,false,true,0,false,"POOLING C1A0T1I0F2(1,2,0,2)[480,35,ASSEMBLE+INSPECT] vs C1A0T1I2F1(1,2,2,1)[580,33,CUT]"
P1|N12|F|UNIFORM|d90|p100|f60|b0,F,false,0,0,0,false,false,false,0,0,0,false,false,false,0,false,""
P1|N12|F|UNIFORM|d90|p100|f60|b10,F,false,0,0,0,false,false,false,0,0,0,false,true,false,0,false,""
P1|N12|F|UNIFORM|d90|p100|f60|b25,F,false,0,0,0,false,false,false,0,0,0,false,true,false,0,false,""
P1|N12|F|UNIFORM|d90|p100|f60|b50,F,true,4,0,0,true,false,true,5,0,0,true,true,true,3,false,"POOLING C1A0T1I1F0(1,2,1,0)[380,44,ASSEMBLE|INSPECT] vs C1A0T1I0F2(1,2,0,2)[480,35,ASSEMBLE+INSPECT]"
P1|N12|F|UNIFORM|d90|p100|f80|b0,F,false,0,0,0,false,false,false,0,0,0,false,false,false,0,false,""
P1|N12|F|UNIFORM|d90|p100|f80|b10,F,false,0,0,0,false,false,false,0,0,0,false,false,false,0,false,""
P1|N12|F|UNIFORM|d90|p100|f80|b25,F,false,0,0,0,false,false,false,0,0,0,false,false,false,0,false,""
P1|N12|F|UNIFORM|d90|p100|f80|b50,F,true,1,0,0,true,true,true,2,0,0,true,true,true,1,true,"POOLING C1A0T0I0F2(1,0,0,2)[300,58,ASSEMBLE+INSPECT] vs C1A0T1I1F0(1,2,1,0)[380,44,ASSEMBLE|INSPECT]"
P1|N12|F|UNIFORM|d90|p125|f20|b0,F,false,0,0,0,false,false,false,0,0,0,false,false,false,0,false,""
P1|N12|F|UNIFORM|d90|p125|f20|b10,F,false,0,0,0,false,false,true,1,0,0,true,false,false,0,false,""
P1|N12|F|UNIFORM|d90|p125|f20|b25,F,true,5,0,0,true,false,true,3,0,0,true,false,true,0,false,"POOLING C2A0T2I2F0(2,4,2,0)[760,26,ASSEMBLE|INSPECT] vs C2A1T1I2F2(2,3,2,2)[930,23,ASSEMBLE+INSPECT]"
P1|N12|F|UNIFORM|d90|p125|f20|b50,F,true,13,0,0,true,false,true,7,0,0,true,false,true,0,false,"POOLING C2A0T2I2F0(2,4,2,0)[760,26,ASSEMBLE|INSPECT] vs C2A1T1I2F2(2,3,2,2)[930,23,ASSEMBLE+INSPECT]"
P1|N12|F|UNIFORM|d90|p125|f40|b0,F,false,0,0,0,false,false,false,0,0,0,false,false,false,0,false,""
P1|N12|F|UNIFORM|d90|p125|f40|b10,F,false,0,0,0,false,false,false,0,0,0,false,false,false,0,false,""
P1|N12|F|UNIFORM|d90|p125|f40|b25,F,true,1,0,0,true,true,true,3,0,0,true,false,true,1,false,"POOLING C1A0T1I1F1(1,2,1,1)[505,35,ASSEMBLE+INSPECT] vs C1A1T1I2F0(1,3,2,0)[580,33,CUT|ASSEMBLE]"
P1|N12|F|UNIFORM|d90|p125|f40|b50,F,true,6,0,0,true,true,true,8,0,0,true,false,true,2,false,"POOLING C1A0T1I1F1(1,2,1,1)[505,35,ASSEMBLE+INSPECT] vs C1A1T1I2F0(1,3,2,0)[580,33,CUT|ASSEMBLE]"
P1|N12|F|UNIFORM|d90|p125|f60|b0,F,false,0,0,0,false,false,false,0,0,0,false,false,false,0,false,""
P1|N12|F|UNIFORM|d90|p125|f60|b10,F,false,0,0,0,false,false,false,0,0,0,false,false,false,0,false,""
P1|N12|F|UNIFORM|d90|p125|f60|b25,F,false,0,0,0,false,false,false,0,0,0,false,false,false,0,false,""
P1|N12|F|UNIFORM|d90|p125|f60|b50,F,true,1,0,0,true,false,true,2,0,0,true,false,true,1,false,"POOLING C1A1T0I0F2(1,1,0,2)[450,42,ASSEMBLE+INSPECT] vs C1A0T1I1F1(1,2,1,1)[505,35,ASSEMBLE+INSPECT]"
P1|N12|F|UNIFORM|d90|p125|f80|b0,F,false,0,0,0,false,false,false,0,0,0,false,false,false,0,false,""
P1|N12|F|UNIFORM|d90|p125|f80|b10,F,false,0,0,0,false,true,false,0,0,0,false,true,false,0,false,""
P1|N12|F|UNIFORM|d90|p125|f80|b25,F,true,2,0,0,true,true,true,2,0,0,true,true,true,2,true,"POOLING C1A1T0I0F1(1,1,0,1)[325,59,ASSEMBLE+INSPECT] vs C1A0T1I1F0(1,2,1,0)[380,44,ASSEMBLE|INSPECT]"
P1|N12|F|UNIFORM|d90|p125|f80|b50,F,true,2,0,0,true,true,true,3,0,0,true,true,true,2,true,"POOLING C1A1T0I0F1(1,1,0,1)[325,59,ASSEMBLE+INSPECT] vs C1A0T1I1F0(1,2,1,0)[380,44,ASSEMBLE|INSPECT]"
P1|N12|F|UNIFORM|d90|p150|f20|b0,F,false,0,0,0,false,false,false,0,0,0,false,false,false,0,false,""
P1|N12|F|UNIFORM|d90|p150|f20|b10,F,false,0,0,0,false,false,false,0,0,0,false,false,false,0,false,""
P1|N12|F|UNIFORM|d90|p150|f20|b25,F,false,0,0,0,false,false,false,0,0,0,false,false,false,0,false,""
P1|N12|F|UNIFORM|d90|p150|f20|b50,F,true,3,0,0,true,false,true,3,0,0,true,false,true,3,false,"POOLING C2A0T2I2F1(2,4,2,1)[910,24,ASSEMBLE+INSPECT] vs C2A1T2I3F0(2,5,3,0)[960,23,ASSEMBLE]"
P1|N12|F|UNIFORM|d90|p150|f40|b0,F,false,0,0,0,false,false,false,0,0,0,false,false,false,0,false,""
P1|N12|F|UNIFORM|d90|p150|f40|b10,F,true,1,0,0,true,true,true,1,0,0,true,false,true,1,false,"POOLING C1A0T1I1F1(1,2,1,1)[530,35,ASSEMBLE+INSPECT] vs C1A1T1I2F0(1,3,2,0)[580,33,CUT|ASSEMBLE]"
P1|N12|F|UNIFORM|d90|p150|f40|b25,F,true,1,0,0,true,true,true,1,0,0,true,false,true,1,false,"POOLING C1A0T1I1F1(1,2,1,1)[530,35,ASSEMBLE+INSPECT] vs C1A1T1I2F0(1,3,2,0)[580,33,CUT|ASSEMBLE]"
P1|N12|F|UNIFORM|d90|p150|f40|b50,F,true,6,0,0,true,true,true,9,0,0,true,false,true,6,false,"POOLING C1A0T1I1F1(1,2,1,1)[530,35,ASSEMBLE+INSPECT] vs C1A1T1I2F0(1,3,2,0)[580,33,CUT|ASSEMBLE]"
P1|N12|F|UNIFORM|d90|p150|f60|b0,F,false,0,0,0,false,false,false,0,0,0,false,false,false,0,false,""
P1|N12|F|UNIFORM|d90|p150|f60|b10,F,false,0,0,0,false,false,false,0,0,0,false,false,false,0,false,""
P1|N12|F|UNIFORM|d90|p150|f60|b25,F,false,0,0,0,false,false,false,0,0,0,false,false,false,0,false,""
P1|N12|F|UNIFORM|d90|p150|f60|b50,F,true,3,0,0,true,false,true,1,0,0,true,false,true,1,false,"POOLING C1A0T1I2F0(1,2,2,0)[480,43,ASSEMBLE] vs C1A1T0I0F2(1,1,0,2)[500,42,ASSEMBLE+INSPECT]"
P1|N12|F|UNIFORM|d90|p150|f80|b0,F,false,0,0,0,false,false,false,0,0,0,false,false,false,0,false,""
P1|N12|F|UNIFORM|d90|p150|f80|b10,F,true,1,0,0,true,true,true,1,0,0,true,true,true,1,true,"POOLING C1A1T0I0F1(1,1,0,1)[350,59,ASSEMBLE+INSPECT] vs C1A0T1I1F0(1,2,1,0)[380,44,ASSEMBLE|INSPECT]"
P1|N12|F|UNIFORM|d90|p150|f80|b25,F,true,1,0,0,true,true,true,1,0,0,true,true,true,1,true,"POOLING C1A1T0I0F1(1,1,0,1)[350,59,ASSEMBLE+INSPECT] vs C1A0T1I1F0(1,2,1,0)[380,44,ASSEMBLE|INSPECT]"
P1|N12|F|UNIFORM|d90|p150|f80|b50,F,true,3,0,0,true,true,true,2,0,0,true,true,true,2,true,"POOLING C1A1T0I0F1(1,1,0,1)[350,59,ASSEMBLE+INSPECT] vs C1A0T1I1F0(1,2,1,0)[380,44,ASSEMBLE|INSPECT]"
P1|N12|F|UNIFORM|d90|p200|f20|b0,F,false,0,0,0,false,false,false,0,0,0,false,false,false,0,false,""
P1|N12|F|UNIFORM|d90|p200|f20|b10,F,false,0,0,0,false,false,false,0,0,0,false,false,false,0,false,""
P1|N12|F|UNIFORM|d90|p200|f20|b25,F,false,0,0,0,false,false,false,0,0,0,false,false,false,0,false,""
P1|N12|F|UNIFORM|d90|p200|f20|b50,F,false,0,0,0,false,false,false,0,0,0,false,false,false,0,false,""
P1|N12|F|UNIFORM|d90|p200|f40|b0,F,false,0,0,0,false,false,false,0,0,0,false,false,false,0,false,""
P1|N12|F|UNIFORM|d90|p200|f40|b10,F,false,0,0,0,false,false,false,0,0,0,false,false,false,0,false,""
P1|N12|F|UNIFORM|d90|p200|f40|b25,F,false,0,0,0,false,false,false,0,0,0,false,false,false,0,false,""
P1|N12|F|UNIFORM|d90|p200|f40|b50,F,false,0,0,0,false,false,false,0,0,0,false,false,false,0,false,""
P1|N12|F|UNIFORM|d90|p200|f60|b0,F,false,0,0,0,false,false,false,0,0,0,false,false,false,0,false,""
P1|N12|F|UNIFORM|d90|p200|f60|b10,F,false,0,0,0,false,false,false,0,0,0,false,false,false,0,false,""
P1|N12|F|UNIFORM|d90|p200|f60|b25,F,false,0,0,0,false,false,false,0,0,0,false,false,false,0,false,""
P1|N12|F|UNIFORM|d90|p200|f60|b50,F,false,0,0,0,false,false,false,0,0,0,false,false,false,0,false,""
P1|N12|F|UNIFORM|d90|p200|f80|b0,F,false,0,0,0,false,false,false,0,0,0,false,false,false,0,false,""
P1|N12|F|UNIFORM|d90|p200|f80|b10,F,false,0,0,0,false,false,false,0,0,0,false,false,false,0,false,""
P1|N12|F|UNIFORM|d90|p200|f80|b25,F,false,0,0,0,false,false,false,0,0,0,false,false,false,0,false,""
P1|N12|F|UNIFORM|d90|p200|f80|b50,F,false,0,0,0,false,false,false,0,0,0,false,false,false,0,false,""
P1|N12|F|UNIFORM|d100|p100|f20|b0,F,false,0,0,0,false,false,false,0,0,0,false,false,false,0,false,""
P1|N12|F|UNIFORM|d100|p100|f20|b10,F,false,0,0,0,false,false,false,0,0,0,false,false,false,0,false,""
P1|N12|F|UNIFORM|d100|p100|f20|b25,F,true,8,4,0,true,false,true,24,0,0,true,false,true,0,false,"POOLING C2A0T1I1F3(2,2,1,3)[800,25,ASSEMBLE+INSPECT] vs C2A1T1I2F2(2,3,2,2)[900,23,ASSEMBLE+INSPECT]"
P1|N12|F|UNIFORM|d100|p100|f20|b50,F,true,433,88,12,true,false,true,117,28,0,true,false,true,0,false,"POOLING C2A0T1I1F3(2,2,1,3)[800,25,ASSEMBLE+INSPECT] vs C2A1T1I2F2(2,3,2,2)[900,23,ASSEMBLE+INSPECT]"
P1|N12|F|UNIFORM|d100|p100|f40|b0,F,false,0,0,0,false,false,false,0,0,0,false,false,false,0,false,""
P1|N12|F|UNIFORM|d100|p100|f40|b10,F,false,0,0,0,false,false,false,0,0,0,false,false,false,0,false,""
P1|N12|F|UNIFORM|d100|p100|f40|b25,F,false,0,0,0,false,false,false,0,0,0,false,false,false,0,false,""
P1|N12|F|UNIFORM|d100|p100|f40|b50,F,true,8,0,0,true,false,false,0,0,0,false,false,false,0,false,"POOLING C1A0T1I0F2(1,2,0,2)[500,35,ASSEMBLE+INSPECT] vs C2A1T0I1F3(2,1,1,3)[700,29,ASSEMBLE+INSPECT]"
P1|N12|F|UNIFORM|d100|p100|f60|b0,F,false,0,0,0,false,false,false,0,0,0,false,false,false,0,false,""
P1|N12|F|UNIFORM|d100|p100|f60|b10,F,false,0,0,0,false,false,false,0,0,0,false,false,false,0,false,""
P1|N12|F|UNIFORM|d100|p100|f60|b25,F,true,7,0,0,true,false,false,0,0,0,false,false,false,0,false,"POOLING C1A0T0I0F3(1,0,0,3)[400,42,ASSEMBLE+INSPECT] vs C1A0T1I0F2(1,2,0,2)[500,35,ASSEMBLE+INSPECT]"
P1|N12|F|UNIFORM|d100|p100|f60|b50,F,true,7,0,0,true,false,true,2,0,0,true,false,true,0,false,"POOLING C1A0T0I0F3(1,0,0,3)[400,42,ASSEMBLE+INSPECT] vs C1A0T1I0F2(1,2,0,2)[500,35,ASSEMBLE+INSPECT]"
P1|N12|F|UNIFORM|d100|p100|f80|b0,F,false,0,0,0,false,false,false,0,0,0,false,false,false,0,false,""
P1|N12|F|UNIFORM|d100|p100|f80|b10,F,false,0,0,0,false,false,false,0,0,0,false,false,false,0,false,""
P1|N12|F|UNIFORM|d100|p100|f80|b25,F,false,0,0,0,false,false,false,0,0,0,false,false,false,0,false,""
P1|N12|F|UNIFORM|d100|p100|f80|b50,F,false,0,0,0,false,true,false,0,0,0,false,true,false,0,false,""
P1|N12|F|UNIFORM|d100|p125|f20|b0,F,false,0,0,0,false,false,false,0,0,0,false,false,false,0,false,""
P1|N12|F|UNIFORM|d100|p125|f20|b10,F,false,0,0,0,false,false,true,6,0,0,true,false,false,0,false,""
P1|N12|F|UNIFORM|d100|p125|f20|b25,F,true,26,0,0,true,false,true,22,0,0,true,false,true,0,false,"POOLING C2A0T2I2F0(2,4,2,0)[800,26,ASSEMBLE|INSPECT] vs C2A1T1I2F2(2,3,2,2)[950,23,ASSEMBLE+INSPECT]"
P1|N12|F|UNIFORM|d100|p125|f20|b50,F,true,98,0,0,true,false,true,73,0,0,true,false,true,0,false,"POOLING C2A0T2I2F0(2,4,2,0)[800,26,ASSEMBLE|INSPECT] vs C2A1T1I2F2(2,3,2,2)[950,23,ASSEMBLE+INSPECT]"
P1|N12|F|UNIFORM|d100|p125|f40|b0,F,false,0,0,0,false,false,false,0,0,0,false,false,false,0,false,""
P1|N12|F|UNIFORM|d100|p125|f40|b10,F,false,0,0,0,false,false,false,0,0,0,false,false,false,0,false,""
P1|N12|F|UNIFORM|d100|p125|f40|b25,F,true,4,0,0,true,true,true,10,0,0,true,false,true,4,false,"POOLING C1A0T1I1F1(1,2,1,1)[525,35,ASSEMBLE+INSPECT] vs C1A1T1I2F0(1,3,2,0)[600,33,CUT|ASSEMBLE]"
P1|N12|F|UNIFORM|d100|p125|f40|b50,F,true,18,0,0,true,true,true,28,0,0,true,false,true,8,false,"POOLING C1A0T1I1F1(1,2,1,1)[525,35,ASSEMBLE+INSPECT] vs C1A1T1I2F0(1,3,2,0)[600,33,CUT|ASSEMBLE]"
P1|N12|F|UNIFORM|d100|p125|f60|b0,F,false,0,0,0,false,false,false,0,0,0,false,false,false,0,false,""
P1|N12|F|UNIFORM|d100|p125|f60|b10,F,false,0,0,0,false,false,false,0,0,0,false,false,false,0,false,""
P1|N12|F|UNIFORM|d100|p125|f60|b25,F,false,0,0,0,false,false,false,0,0,0,false,false,false,0,false,""
P1|N12|F|UNIFORM|d100|p125|f60|b50,F,true,8,0,0,true,false,true,16,0,0,true,false,true,8,false,"POOLING C1A1T0I0F2(1,1,0,2)[450,42,ASSEMBLE+INSPECT] vs C1A0T1I1F1(1,2,1,1)[525,35,ASSEMBLE+INSPECT]"
P1|N12|F|UNIFORM|d100|p125|f80|b0,F,false,0,0,0,false,false,false,0,0,0,false,false,false,0,false,""
P1|N12|F|UNIFORM|d100|p125|f80|b10,F,false,0,0,0,false,true,false,0,0,0,false,true,false,0,false,""
P1|N12|F|UNIFORM|d100|p125|f80|b25,F,true,4,0,0,true,true,true,4,0,0,true,true,true,4,true,"POOLING C1A1T0I0F1(1,1,0,1)[325,59,ASSEMBLE+INSPECT] vs C1A0T1I1F0(1,2,1,0)[400,44,ASSEMBLE|INSPECT]"
P1|N12|F|UNIFORM|d100|p125|f80|b50,F,true,4,0,0,true,true,true,5,0,0,true,true,true,4,true,"POOLING C1A1T0I0F1(1,1,0,1)[325,59,ASSEMBLE+INSPECT] vs C1A0T1I1F0(1,2,1,0)[400,44,ASSEMBLE|INSPECT]"
P1|N12|F|UNIFORM|d100|p150|f20|b0,F,false,0,0,0,false,false,false,0,0,0,false,false,false,0,false,""
P1|N12|F|UNIFORM|d100|p150|f20|b10,F,false,0,0,0,false,false,false,0,0,0,false,false,false,0,false,""
P1|N12|F|UNIFORM|d100|p150|f20|b25,F,true,15,0,0,true,false,true,21,0,0,true,false,true,9,false,"POOLING C2A0T2I2F0(2,4,2,0)[800,26,ASSEMBLE|INSPECT] vs C2A1T1I2F2(2,3,2,2)[1000,23,ASSEMBLE+INSPECT]"
P1|N12|F|UNIFORM|d100|p150|f20|b50,F,true,55,0,0,true,false,true,103,0,0,true,false,true,33,false,"POOLING C2A0T2I2F0(2,4,2,0)[800,26,ASSEMBLE|INSPECT] vs C2A1T1I2F2(2,3,2,2)[1000,23,ASSEMBLE+INSPECT]"
P1|N12|F|UNIFORM|d100|p150|f40|b0,F,false,0,0,0,false,false,false,0,0,0,false,false,false,0,false,""
P1|N12|F|UNIFORM|d100|p150|f40|b10,F,true,4,0,0,true,true,true,4,0,0,true,false,true,4,false,"POOLING C1A0T1I1F1(1,2,1,1)[550,35,ASSEMBLE+INSPECT] vs C1A1T1I2F0(1,3,2,0)[600,33,CUT|ASSEMBLE]"
P1|N12|F|UNIFORM|d100|p150|f40|b25,F,true,4,0,0,true,true,true,4,0,0,true,false,true,4,false,"POOLING C1A0T1I1F1(1,2,1,1)[550,35,ASSEMBLE+INSPECT] vs C1A1T1I2F0(1,3,2,0)[600,33,CUT|ASSEMBLE]"
P1|N12|F|UNIFORM|d100|p150|f40|b50,F,true,28,0,0,true,true,true,42,0,0,true,false,true,28,false,"POOLING C1A0T1I1F1(1,2,1,1)[550,35,ASSEMBLE+INSPECT] vs C1A1T1I2F0(1,3,2,0)[600,33,CUT|ASSEMBLE]"
P1|N12|F|UNIFORM|d100|p150|f60|b0,F,false,0,0,0,false,false,false,0,0,0,false,false,false,0,false,""
P1|N12|F|UNIFORM|d100|p150|f60|b10,F,false,0,0,0,false,false,false,0,0,0,false,false,false,0,false,""
P1|N12|F|UNIFORM|d100|p150|f60|b25,F,false,0,0,0,false,false,false,0,0,0,false,false,false,0,false,""
P1|N12|F|UNIFORM|d100|p150|f60|b50,F,true,8,0,0,true,false,true,12,0,0,true,false,true,8,false,"POOLING C1A1T0I0F2(1,1,0,2)[500,42,ASSEMBLE+INSPECT] vs C1A0T1I1F1(1,2,1,1)[550,35,ASSEMBLE+INSPECT]"
P1|N12|F|UNIFORM|d100|p150|f80|b0,F,false,0,0,0,false,false,false,0,0,0,false,false,false,0,false,""
P1|N12|F|UNIFORM|d100|p150|f80|b10,F,false,0,0,0,false,false,false,0,0,0,false,false,false,0,false,""
P1|N12|F|UNIFORM|d100|p150|f80|b25,F,true,2,0,0,true,true,true,2,0,0,true,true,true,2,true,"POOLING C1A1T0I0F1(1,1,0,1)[350,59,ASSEMBLE+INSPECT] vs C1A0T1I1F0(1,2,1,0)[400,44,ASSEMBLE|INSPECT]"
P1|N12|F|UNIFORM|d100|p150|f80|b50,F,true,2,0,0,true,true,true,4,0,0,true,true,true,2,true,"POOLING C1A1T0I0F1(1,1,0,1)[350,59,ASSEMBLE+INSPECT] vs C1A0T1I1F0(1,2,1,0)[400,44,ASSEMBLE|INSPECT]"
P1|N12|F|UNIFORM|d100|p200|f20|b0,F,false,0,0,0,false,false,false,0,0,0,false,false,false,0,false,""
P1|N12|F|UNIFORM|d100|p200|f20|b10,F,false,0,0,0,false,false,false,0,0,0,false,false,false,0,false,""
P1|N12|F|UNIFORM|d100|p200|f20|b25,F,false,0,0,0,false,false,false,0,0,0,false,false,false,0,false,""
P1|N12|F|UNIFORM|d100|p200|f20|b50,F,false,0,0,0,false,false,false,0,0,0,false,false,false,0,false,""
P1|N12|F|UNIFORM|d100|p200|f40|b0,F,false,0,0,0,false,false,false,0,0,0,false,false,false,0,false,""
P1|N12|F|UNIFORM|d100|p200|f40|b10,F,false,0,0,0,false,false,false,0,0,0,false,false,false,0,false,""
P1|N12|F|UNIFORM|d100|p200|f40|b25,F,false,0,0,0,false,false,false,0,0,0,false,false,false,0,false,""
P1|N12|F|UNIFORM|d100|p200|f40|b50,F,false,0,0,0,false,false,false,0,0,0,false,false,false,0,false,""
P1|N12|F|UNIFORM|d100|p200|f60|b0,F,false,0,0,0,false,false,false,0,0,0,false,false,false,0,false,""
P1|N12|F|UNIFORM|d100|p200|f60|b10,F,false,0,0,0,false,false,false,0,0,0,false,false,false,0,false,""
P1|N12|F|UNIFORM|d100|p200|f60|b25,F,false,0,0,0,false,false,false,0,0,0,false,false,false,0,false,""
P1|N12|F|UNIFORM|d100|p200|f60|b50,F,false,0,0,0,false,false,false,0,0,0,false,false,false,0,false,""
P1|N12|F|UNIFORM|d100|p200|f80|b0,F,false,0,0,0,false,false,false,0,0,0,false,false,false,0,false,""
P1|N12|F|UNIFORM|d100|p200|f80|b10,F,false,0,0,0,false,false,false,0,0,0,false,false,false,0,false,""
P1|N12|F|UNIFORM|d100|p200|f80|b25,F,false,0,0,0,false,false,false,0,0,0,false,false,false,0,false,""
P1|N12|F|UNIFORM|d100|p200|f80|b50,F,false,0,0,0,false,false,false,0,0,0,false,false,false,0,false,""
P1|N12|F|WORK|d75|p100|f20|b0,F,false,0,0,0,false,false,false,0,0,0,false,false,false,0,false,""
P1|N12|F|WORK|d75|p100|f20|b10,F,false,0,0,0,false,false,false,0,0,0,false,false,false,0,false,""
P1|N12|F|WORK|d75|p100|f20|b25,F,false,0,0,0,false,false,true,2,0,0,true,false,false,0,false,""
P1|N12|F|WORK|d75|p100|f20|b50,F,true,6,0,0,true,false,true,17,0,4,true,false,true,4,false,"POOLING C2A0T2I2F1(2,4,2,1)[1700,24,ASSEMBLE+INSPECT] vs C2A0T3I3F0(2,6,3,0)[2000,22,CUT|ASSEMBLE|INSPECT]"
P1|N12|F|WORK|d75|p100|f40|b0,F,false,0,0,0,false,false,false,0,0,0,false,false,false,0,false,""
P1|N12|F|WORK|d75|p100|f40|b10,F,false,0,0,0,false,false,false,0,0,0,false,false,false,0,false,""
P1|N12|F|WORK|d75|p100|f40|b25,F,true,2,0,0,true,true,true,3,1,0,true,false,true,1,false,"POOLING C1A0T1I1F1(1,2,1,1)[1000,35,ASSEMBLE+INSPECT] vs C1A1T1I2F0(1,3,2,0)[1150,33,CUT|ASSEMBLE]"
P1|N12|F|WORK|d75|p100|f40|b50,F,true,3,0,0,true,true,true,9,1,0,true,false,true,2,false,"POOLING C1A0T1I1F1(1,2,1,1)[1000,35,ASSEMBLE+INSPECT] vs C1A1T1I2F0(1,3,2,0)[1150,33,CUT|ASSEMBLE]"
P1|N12|F|WORK|d75|p100|f60|b0,F,false,0,0,0,false,false,false,0,0,0,false,false,false,0,false,""
P1|N12|F|WORK|d75|p100|f60|b10,F,false,0,0,0,false,false,false,0,0,0,false,false,false,0,false,""
P1|N12|F|WORK|d75|p100|f60|b25,F,false,0,0,0,false,false,false,0,0,0,false,false,false,0,false,""
P1|N12|F|WORK|d75|p100|f60|b50,F,true,2,0,0,true,false,true,2,0,0,true,false,true,2,false,"POOLING C1A0T1I2F0(1,2,2,0)[850,43,ASSEMBLE] vs C1A0T1I1F1(1,2,1,1)[1000,35,ASSEMBLE+INSPECT]"
P1|N12|F|WORK|d75|p100|f80|b0,F,false,0,0,0,false,false,false,0,0,0,false,false,false,0,false,""
P1|N12|F|WORK|d75|p100|f80|b10,F,false,0,0,0,false,false,false,0,0,0,false,false,false,0,false,""
P1|N12|F|WORK|d75|p100|f80|b25,F,false,0,0,0,false,false,false,0,0,0,false,false,false,0,false,""
P1|N12|F|WORK|d75|p100|f80|b50,F,true,2,0,0,true,false,true,2,0,0,true,false,true,2,false,"POOLING C1A0T1I2F0(1,2,2,0)[850,43,ASSEMBLE] vs C1A0T1I1F1(1,2,1,1)[1000,35,ASSEMBLE+INSPECT]"
P1|N12|F|WORK|d75|p125|f20|b0,F,false,0,0,0,false,false,false,0,0,0,false,false,false,0,false,""
P1|N12|F|WORK|d75|p125|f20|b10,F,false,0,0,0,false,false,false,0,0,0,false,false,false,0,false,""
P1|N12|F|WORK|d75|p125|f20|b25,F,false,0,0,0,false,false,false,0,0,0,false,false,false,0,false,""
P1|N12|F|WORK|d75|p125|f20|b50,F,true,4,0,3,true,false,true,0,0,3,false,false,false,0,false,"POOLING C2A0T2I4F0(2,4,4,0)[1700,25,ASSEMBLE] vs C2A0T2I2F1(2,4,2,1)[1775,24,ASSEMBLE+INSPECT]"
P1|N12|F|WORK|d75|p125|f40|b0,F,false,0,0,0,false,false,false,0,0,0,false,false,false,0,false,""
P1|N12|F|WORK|d75|p125|f40|b10,F,true,1,0,0,true,true,true,1,0,0,true,false,true,1,false,"POOLING C1A0T1I1F1(1,2,1,1)[1075,35,ASSEMBLE+INSPECT] vs C1A1T1I2F0(1,3,2,0)[1150,33,CUT|ASSEMBLE]"
P1|N12|F|WORK|d75|p125|f40|b25,F,true,2,0,0,true,true,true,3,0,0,true,false,true,2,false,"POOLING C1A0T1I1F1(1,2,1,1)[1075,35,ASSEMBLE+INSPECT] vs C1A1T1I2F0(1,3,2,0)[1150,33,CUT|ASSEMBLE]"
P1|N12|F|WORK|d75|p125|f40|b50,F,true,3,0,0,true,true,true,5,0,0,true,false,true,3,false,"POOLING C1A0T1I1F1(1,2,1,1)[1075,35,ASSEMBLE+INSPECT] vs C1A1T1I2F0(1,3,2,0)[1150,33,CUT|ASSEMBLE]"
P1|N12|F|WORK|d75|p125|f60|b0,F,false,0,0,0,false,false,false,0,0,0,false,false,false,0,false,""
P1|N12|F|WORK|d75|p125|f60|b10,F,false,0,0,0,false,false,false,0,0,0,false,false,false,0,false,""
P1|N12|F|WORK|d75|p125|f60|b25,F,false,0,0,0,false,false,false,0,0,0,false,false,false,0,false,""
P1|N12|F|WORK|d75|p125|f60|b50,F,false,0,0,0,false,false,false,0,0,0,false,false,false,0,false,""
P1|N12|F|WORK|d75|p125|f80|b0,F,false,0,0,0,false,false,false,0,0,0,false,false,false,0,false,""
P1|N12|F|WORK|d75|p125|f80|b10,F,false,0,0,0,false,false,false,0,0,0,false,false,false,0,false,""
P1|N12|F|WORK|d75|p125|f80|b25,F,false,0,0,0,false,false,false,0,0,0,false,false,false,0,false,""
P1|N12|F|WORK|d75|p125|f80|b50,F,false,0,0,0,false,false,false,0,0,0,false,false,false,0,false,""
P1|N12|F|WORK|d75|p150|f20|b0,F,false,0,0,0,false,false,false,0,0,0,false,false,false,0,false,""
P1|N12|F|WORK|d75|p150|f20|b10,F,false,0,0,0,false,false,false,0,0,0,false,false,false,0,false,""
P1|N12|F|WORK|d75|p150|f20|b25,F,false,0,0,0,false,false,false,0,0,0,false,false,false,0,false,""
P1|N12|F|WORK|d75|p150|f20|b50,F,true,0,0,3,false,false,true,0,0,3,false,false,false,0,false,""
P1|N12|F|WORK|d75|p150|f40|b0,F,false,0,0,0,false,false,false,0,0,0,false,false,false,0,false,""
P1|N12|F|WORK|d75|p150|f40|b10,F,false,0,0,0,false,false,false,0,0,0,false,false,false,0,false,""
P1|N12|F|WORK|d75|p150|f40|b25,F,false,0,0,0,false,false,false,0,0,0,false,false,false,0,false,""
P1|N12|F|WORK|d75|p150|f40|b50,F,false,0,0,0,false,false,false,0,0,0,false,false,false,0,false,""
P1|N12|F|WORK|d75|p150|f60|b0,F,false,0,0,0,false,false,false,0,0,0,false,false,false,0,false,""
P1|N12|F|WORK|d75|p150|f60|b10,F,false,0,0,0,false,false,false,0,0,0,false,false,false,0,false,""
P1|N12|F|WORK|d75|p150|f60|b25,F,false,0,0,0,false,false,false,0,0,0,false,false,false,0,false,""
P1|N12|F|WORK|d75|p150|f60|b50,F,false,0,0,0,false,false,false,0,0,0,false,false,false,0,false,""
P1|N12|F|WORK|d75|p150|f80|b0,F,false,0,0,0,false,false,false,0,0,0,false,false,false,0,false,""
P1|N12|F|WORK|d75|p150|f80|b10,F,false,0,0,0,false,false,false,0,0,0,false,false,false,0,false,""
P1|N12|F|WORK|d75|p150|f80|b25,F,false,0,0,0,false,false,false,0,0,0,false,false,false,0,false,""
P1|N12|F|WORK|d75|p150|f80|b50,F,false,0,0,0,false,false,false,0,0,0,false,false,false,0,false,""
P1|N12|F|WORK|d75|p200|f20|b0,F,false,0,0,0,false,false,false,0,0,0,false,false,false,0,false,""
P1|N12|F|WORK|d75|p200|f20|b10,F,false,0,0,0,false,false,false,0,0,0,false,false,false,0,false,""
P1|N12|F|WORK|d75|p200|f20|b25,F,false,0,0,0,false,false,false,0,0,0,false,false,false,0,false,""
P1|N12|F|WORK|d75|p200|f20|b50,F,true,0,0,3,false,false,true,0,0,3,false,false,false,0,false,""
P1|N12|F|WORK|d75|p200|f40|b0,F,false,0,0,0,false,false,false,0,0,0,false,false,false,0,false,""
P1|N12|F|WORK|d75|p200|f40|b10,F,false,0,0,0,false,false,false,0,0,0,false,false,false,0,false,""
P1|N12|F|WORK|d75|p200|f40|b25,F,false,0,0,0,false,false,false,0,0,0,false,false,false,0,false,""
P1|N12|F|WORK|d75|p200|f40|b50,F,false,0,0,0,false,false,false,0,0,0,false,false,false,0,false,""
P1|N12|F|WORK|d75|p200|f60|b0,F,false,0,0,0,false,false,false,0,0,0,false,false,false,0,false,""
P1|N12|F|WORK|d75|p200|f60|b10,F,false,0,0,0,false,false,false,0,0,0,false,false,false,0,false,""
P1|N12|F|WORK|d75|p200|f60|b25,F,false,0,0,0,false,false,false,0,0,0,false,false,false,0,false,""
P1|N12|F|WORK|d75|p200|f60|b50,F,false,0,0,0,false,false,false,0,0,0,false,false,false,0,false,""
P1|N12|F|WORK|d75|p200|f80|b0,F,false,0,0,0,false,false,false,0,0,0,false,false,false,0,false,""
P1|N12|F|WORK|d75|p200|f80|b10,F,false,0,0,0,false,false,false,0,0,0,false,false,false,0,false,""
P1|N12|F|WORK|d75|p200|f80|b25,F,false,0,0,0,false,false,false,0,0,0,false,false,false,0,false,""
P1|N12|F|WORK|d75|p200|f80|b50,F,false,0,0,0,false,false,false,0,0,0,false,false,false,0,false,""
P1|N12|F|WORK|d90|p100|f20|b0,F,false,0,0,0,false,false,false,0,0,0,false,false,false,0,false,""
P1|N12|F|WORK|d90|p100|f20|b10,F,false,0,0,0,false,false,false,0,0,0,false,false,false,0,false,""
P1|N12|F|WORK|d90|p100|f20|b25,F,true,1,0,0,true,false,true,2,0,0,true,false,true,0,false,"POOLING C2A0T1I1F3(2,2,1,3)[1790,25,ASSEMBLE+INSPECT] vs C2A0T2I2F1(2,4,2,1)[1880,24,ASSEMBLE+INSPECT]"
P1|N12|F|WORK|d90|p100|f20|b50,F,true,7,0,0,true,false,true,5,0,2,true,false,true,0,false,"POOLING C2A0T1I1F3(2,2,1,3)[1790,25,ASSEMBLE+INSPECT] vs C2A0T2I2F1(2,4,2,1)[1880,24,ASSEMBLE+INSPECT]"
P1|N12|F|WORK|d90|p100|f40|b0,F,false,0,0,0,false,false,false,0,0,0,false,false,false,0,false,""
P1|N12|F|WORK|d90|p100|f40|b10,F,false,0,0,0,false,false,false,0,0,0,false,false,false,0,false,""
P1|N12|F|WORK|d90|p100|f40|b25,F,true,2,0,0,true,true,true,3,1,0,true,false,true,1,false,"POOLING C1A0T1I1F1(1,2,1,1)[1090,35,ASSEMBLE+INSPECT] vs C1A1T1I2F0(1,3,2,0)[1240,33,CUT|ASSEMBLE]"
P1|N12|F|WORK|d90|p100|f40|b50,F,true,7,0,0,true,true,true,9,1,0,true,false,true,2,false,"POOLING C1A0T1I1F1(1,2,1,1)[1090,35,ASSEMBLE+INSPECT] vs C1A1T1I2F0(1,3,2,0)[1240,33,CUT|ASSEMBLE]"
P1|N12|F|WORK|d90|p100|f60|b0,F,false,0,0,0,false,false,false,0,0,0,false,false,false,0,false,""
P1|N12|F|WORK|d90|p100|f60|b10,F,false,0,0,0,false,false,false,0,0,0,false,false,false,0,false,""
P1|N12|F|WORK|d90|p100|f60|b25,F,false,0,0,0,false,false,false,0,0,0,false,false,false,0,false,""
P1|N12|F|WORK|d90|p100|f60|b50,F,true,8,0,0,true,false,true,5,0,0,true,false,true,5,false,"POOLING C1A0T1I2F0(1,2,2,0)[940,43,ASSEMBLE] vs C1A0T0I0F3(1,0,0,3)[1000,42,ASSEMBLE+INSPECT]"
P1|N12|F|WORK|d90|p100|f80|b0,F,false,0,0,0,false,false,false,0,0,0,false,false,false,0,false,""
P1|N12|F|WORK|d90|p100|f80|b10,F,false,0,0,0,false,false,false,0,0,0,false,false,false,0,false,""
P1|N12|F|WORK|d90|p100|f80|b25,F,true,1,0,0,true,true,true,1,0,0,true,true,true,1,true,"POOLING C1A0T0I0F2(1,0,0,2)[700,58,ASSEMBLE+INSPECT] vs C1A0T1I1F0(1,2,1,0)[790,44,ASSEMBLE|INSPECT]"
P1|N12|F|WORK|d90|p100|f80|b50,F,true,7,0,0,true,true,true,5,0,0,true,true,true,5,true,"POOLING C1A0T0I0F2(1,0,0,2)[700,58,ASSEMBLE+INSPECT] vs C1A0T1I1F0(1,2,1,0)[790,44,ASSEMBLE|INSPECT]"
P1|N12|F|WORK|d90|p125|f20|b0,F,false,0,0,0,false,false,false,0,0,0,false,false,false,0,false,""
P1|N12|F|WORK|d90|p125|f20|b10,F,false,0,0,0,false,false,false,0,0,0,false,false,false,0,false,""
P1|N12|F|WORK|d90|p125|f20|b25,F,true,1,0,0,true,false,true,1,0,0,true,false,true,0,false,"POOLING C2A0T2I4F0(2,4,4,0)[1880,25,ASSEMBLE] vs C2A0T2I2F1(2,4,2,1)[1955,24,ASSEMBLE+INSPECT]"
P1|N12|F|WORK|d90|p125|f20|b50,F,true,4,0,3,true,false,true,4,0,0,true,false,true,0,false,"POOLING C2A0T2I4F0(2,4,4,0)[1880,25,ASSEMBLE] vs C2A0T2I2F1(2,4,2,1)[1955,24,ASSEMBLE+INSPECT]"
P1|N12|F|WORK|d90|p125|f40|b0,F,false,0,0,0,false,false,false,0,0,0,false,false,false,0,false,""
P1|N12|F|WORK|d90|p125|f40|b10,F,true,1,0,0,true,true,true,1,0,0,true,false,true,1,false,"POOLING C1A0T1I1F1(1,2,1,1)[1165,35,ASSEMBLE+INSPECT] vs C1A1T1I2F0(1,3,2,0)[1240,33,CUT|ASSEMBLE]"
P1|N12|F|WORK|d90|p125|f40|b25,F,true,2,0,0,true,true,true,3,0,0,true,false,true,2,false,"POOLING C1A0T1I1F1(1,2,1,1)[1165,35,ASSEMBLE+INSPECT] vs C1A1T1I2F0(1,3,2,0)[1240,33,CUT|ASSEMBLE]"
P1|N12|F|WORK|d90|p125|f40|b50,F,true,4,0,1,true,true,true,7,0,0,true,false,true,3,false,"POOLING C1A0T1I1F1(1,2,1,1)[1165,35,ASSEMBLE+INSPECT] vs C1A1T1I2F0(1,3,2,0)[1240,33,CUT|ASSEMBLE]"
P1|N12|F|WORK|d90|p125|f60|b0,F,false,0,0,0,false,false,false,0,0,0,false,false,false,0,false,""
P1|N12|F|WORK|d90|p125|f60|b10,F,false,0,0,0,false,false,false,0,0,0,false,false,false,0,false,""
P1|N12|F|WORK|d90|p125|f60|b25,F,false,0,0,0,false,false,false,0,0,0,false,false,false,0,false,""
P1|N12|F|WORK|d90|p125|f60|b50,F,true,2,0,0,true,false,true,2,0,0,true,false,true,2,false,"POOLING C1A0T1I2F0(1,2,2,0)[940,43,ASSEMBLE] vs C1A0T1I1F1(1,2,1,1)[1165,35,ASSEMBLE+INSPECT]"
P1|N12|F|WORK|d90|p125|f80|b0,F,false,0,0,0,false,false,false,0,0,0,false,false,false,0,false,""
P1|N12|F|WORK|d90|p125|f80|b10,F,true,1,0,0,true,true,true,1,0,0,true,true,true,1,true,"POOLING C1A1T0I0F1(1,1,0,1)[775,59,ASSEMBLE+INSPECT] vs C1A0T1I1F0(1,2,1,0)[790,44,ASSEMBLE|INSPECT]"
P1|N12|F|WORK|d90|p125|f80|b25,F,true,2,0,0,true,true,true,2,0,0,true,true,true,2,true,"POOLING C1A1T0I0F1(1,1,0,1)[775,59,ASSEMBLE+INSPECT] vs C1A0T1I1F0(1,2,1,0)[790,44,ASSEMBLE|INSPECT]"
P1|N12|F|WORK|d90|p125|f80|b50,F,true,3,0,0,true,true,true,3,0,0,true,true,true,3,true,"POOLING C1A1T0I0F1(1,1,0,1)[775,59,ASSEMBLE+INSPECT] vs C1A0T1I1F0(1,2,1,0)[790,44,ASSEMBLE|INSPECT]"
P1|N12|F|WORK|d90|p150|f20|b0,F,false,0,0,0,false,false,false,0,0,0,false,false,false,0,false,""
P1|N12|F|WORK|d90|p150|f20|b10,F,false,0,0,0,false,false,false,0,0,0,false,false,false,0,false,""
P1|N12|F|WORK|d90|p150|f20|b25,F,false,0,0,0,false,false,false,0,0,0,false,false,false,0,false,""
P1|N12|F|WORK|d90|p150|f20|b50,F,true,0,0,3,false,false,true,0,0,3,false,false,false,0,false,""
P1|N12|F|WORK|d90|p150|f40|b0,F,false,0,0,0,false,false,false,0,0,0,false,false,false,0,false,""
P1|N12|F|WORK|d90|p150|f40|b10,F,false,0,0,0,false,false,false,0,0,0,false,false,false,0,false,""
P1|N12|F|WORK|d90|p150|f40|b25,F,false,0,0,0,false,false,true,1,0,0,true,false,false,0,false,""
P1|N12|F|WORK|d90|p150|f40|b50,F,true,0,0,1,false,false,true,2,0,1,true,false,false,0,false,""
P1|N12|F|WORK|d90|p150|f60|b0,F,false,0,0,0,false,false,false,0,0,0,false,false,false,0,false,""
P1|N12|F|WORK|d90|p150|f60|b10,F,false,0,0,0,false,false,false,0,0,0,false,false,false,0,false,""
P1|N12|F|WORK|d90|p150|f60|b25,F,false,0,0,0,false,false,false,0,0,0,false,false,false,0,false,""
P1|N12|F|WORK|d90|p150|f60|b50,F,false,0,0,0,false,false,false,0,0,0,false,false,false,0,false,""
P1|N12|F|WORK|d90|p150|f80|b0,F,false,0,0,0,false,false,false,0,0,0,false,false,false,0,false,""
P1|N12|F|WORK|d90|p150|f80|b10,F,false,0,0,0,false,false,false,0,0,0,false,false,false,0,false,""
P1|N12|F|WORK|d90|p150|f80|b25,F,false,0,0,0,false,false,false,0,0,0,false,false,false,0,false,""
P1|N12|F|WORK|d90|p150|f80|b50,F,false,0,0,0,false,false,false,0,0,0,false,false,false,0,false,""
P1|N12|F|WORK|d90|p200|f20|b0,F,false,0,0,0,false,false,false,0,0,0,false,false,false,0,false,""
P1|N12|F|WORK|d90|p200|f20|b10,F,false,0,0,0,false,false,false,0,0,0,false,false,false,0,false,""
P1|N12|F|WORK|d90|p200|f20|b25,F,false,0,0,0,false,false,false,0,0,0,false,false,false,0,false,""
P1|N12|F|WORK|d90|p200|f20|b50,F,true,0,0,3,false,false,true,0,0,3,false,false,false,0,false,""
P1|N12|F|WORK|d90|p200|f40|b0,F,false,0,0,0,false,false,false,0,0,0,false,false,false,0,false,""
P1|N12|F|WORK|d90|p200|f40|b10,F,false,0,0,0,false,false,false,0,0,0,false,false,false,0,false,""
P1|N12|F|WORK|d90|p200|f40|b25,F,false,0,0,0,false,false,false,0,0,0,false,false,false,0,false,""
P1|N12|F|WORK|d90|p200|f40|b50,F,true,0,0,1,false,false,true,0,0,1,false,false,false,0,false,""
P1|N12|F|WORK|d90|p200|f60|b0,F,false,0,0,0,false,false,false,0,0,0,false,false,false,0,false,""
P1|N12|F|WORK|d90|p200|f60|b10,F,false,0,0,0,false,false,false,0,0,0,false,false,false,0,false,""
P1|N12|F|WORK|d90|p200|f60|b25,F,false,0,0,0,false,false,false,0,0,0,false,false,false,0,false,""
P1|N12|F|WORK|d90|p200|f60|b50,F,false,0,0,0,false,false,false,0,0,0,false,false,false,0,false,""
P1|N12|F|WORK|d90|p200|f80|b0,F,false,0,0,0,false,false,false,0,0,0,false,false,false,0,false,""
P1|N12|F|WORK|d90|p200|f80|b10,F,false,0,0,0,false,false,false,0,0,0,false,false,false,0,false,""
P1|N12|F|WORK|d90|p200|f80|b25,F,false,0,0,0,false,false,false,0,0,0,false,false,false,0,false,""
P1|N12|F|WORK|d90|p200|f80|b50,F,false,0,0,0,false,false,false,0,0,0,false,false,false,0,false,""
P1|N12|F|WORK|d100|p100|f20|b0,F,false,0,0,0,false,false,false,0,0,0,false,false,false,0,false,""
P1|N12|F|WORK|d100|p100|f20|b10,F,false,0,0,0,false,false,true,27,0,0,true,false,false,0,false,""
P1|N12|F|WORK|d100|p100|f20|b25,F,false,0,0,0,false,false,true,47,0,0,true,false,false,0,false,""
P1|N12|F|WORK|d100|p100|f20|b50,F,true,54,0,0,true,false,true,147,16,12,true,false,true,6,false,"POOLING C2A0T2I2F0(2,4,2,0)[1700,26,ASSEMBLE|INSPECT] vs C3A1T1I2F3(3,3,2,3)[2400,22,ASSEMBLE+INSPECT]"
P1|N12|F|WORK|d100|p100|f40|b0,F,false,0,0,0,false,false,false,0,0,0,false,false,false,0,false,""
P1|N12|F|WORK|d100|p100|f40|b10,F,true,3,0,0,true,false,true,2,0,0,true,false,true,2,false,"POOLING C2A0T0I0F3(2,0,0,3)[1100,40,ASSEMBLE+INSPECT] vs C1A0T1I1F1(1,2,1,1)[1150,35,ASSEMBLE+INSPECT]"
P1|N12|F|WORK|d100|p100|f40|b25,F,true,16,0,1,true,false,true,26,5,0,true,false,true,11,false,"POOLING C2A0T0I0F3(2,0,0,3)[1100,40,ASSEMBLE+INSPECT] vs C1A0T1I1F1(1,2,1,1)[1150,35,ASSEMBLE+INSPECT]"
P1|N12|F|WORK|d100|p100|f40|b50,F,true,54,4,1,true,false,true,46,5,0,true,false,true,11,false,"POOLING C2A0T0I0F3(2,0,0,3)[1100,40,ASSEMBLE+INSPECT] vs C1A0T1I1F1(1,2,1,1)[1150,35,ASSEMBLE+INSPECT]"
P1|N12|F|WORK|d100|p100|f60|b0,F,false,0,0,0,false,false,false,0,0,0,false,false,false,0,false,""
P1|N12|F|WORK|d100|p100|f60|b10,F,false,0,0,0,false,false,false,0,0,0,false,false,false,0,false,""
P1|N12|F|WORK|d100|p100|f60|b25,F,false,0,0,0,false,false,false,0,0,0,false,false,false,0,false,""
P1|N12|F|WORK|d100|p100|f60|b50,F,true,10,0,0,true,false,true,12,0,0,true,false,true,4,false,"POOLING C1A0T1I1F0(1,2,1,0)[850,44,ASSEMBLE|INSPECT] vs C1A1T0I1F2(1,1,1,2)[1150,35,ASSEMBLE+INSPECT]"
P1|N12|F|WORK|d100|p100|f80|b0,F,false,0,0,0,false,false,false,0,0,0,false,false,false,0,false,""
P1|N12|F|WORK|d100|p100|f80|b10,F,false,0,0,0,false,false,false,0,0,0,false,false,false,0,false,""
P1|N12|F|WORK|d100|p100|f80|b25,F,true,4,0,0,true,true,true,4,0,0,true,true,true,4,true,"POOLING C1A0T0I0F2(1,0,0,2)[700,58,ASSEMBLE+INSPECT] vs C1A0T1I1F0(1,2,1,0)[850,44,ASSEMBLE|INSPECT]"
P1|N12|F|WORK|d100|p100|f80|b50,F,true,5,0,1,true,true,true,5,0,0,true,true,true,5,true,"POOLING C1A0T0I0F2(1,0,0,2)[700,58,ASSEMBLE+INSPECT] vs C1A0T1I1F0(1,2,1,0)[850,44,ASSEMBLE|INSPECT]"
P1|N12|F|WORK|d100|p125|f20|b0,F,false,0,0,0,false,false,false,0,0,0,false,false,false,0,false,""
P1|N12|F|WORK|d100|p125|f20|b10,F,false,0,0,0,false,false,false,0,0,0,false,false,false,0,false,""
P1|N12|F|WORK|d100|p125|f20|b25,F,true,9,0,0,true,false,true,12,0,0,true,false,true,0,false,"POOLING C2A0T2I4F0(2,4,4,0)[2000,25,ASSEMBLE] vs C2A0T2I2F1(2,4,2,1)[2075,24,ASSEMBLE+INSPECT]"
P1|N12|F|WORK|d100|p125|f20|b50,F,true,70,0,33,true,false,true,80,0,0,true,false,true,0,false,"POOLING C2A0T2I2F0(2,4,2,0)[1700,26,ASSEMBLE|INSPECT] vs C2A1T1I2F2(2,3,2,2)[2150,23,ASSEMBLE+INSPECT]"
P1|N12|F|WORK|d100|p125|f40|b0,F,false,0,0,0,false,false,false,0,0,0,false,false,false,0,false,""
P1|N12|F|WORK|d100|p125|f40|b10,F,true,4,0,0,true,true,true,4,0,0,true,false,true,4,false,"POOLING C1A0T1I1F1(1,2,1,1)[1225,35,ASSEMBLE+INSPECT] vs C1A1T1I2F0(1,3,2,0)[1300,33,CUT|ASSEMBLE]"
P1|N12|F|WORK|d100|p125|f40|b25,F,true,8,0,0,true,true,true,12,0,0,true,false,true,8,false,"POOLING C1A0T1I1F1(1,2,1,1)[1225,35,ASSEMBLE+INSPECT] vs C1A1T1I2F0(1,3,2,0)[1300,33,CUT|ASSEMBLE]"
P1|N12|F|WORK|d100|p125|f40|b50,F,true,22,6,6,true,true,true,34,0,0,true,false,true,14,false,"POOLING C1A0T1I1F1(1,2,1,1)[1225,35,ASSEMBLE+INSPECT] vs C1A1T1I2F0(1,3,2,0)[1300,33,CUT|ASSEMBLE]"
P1|N12|F|WORK|d100|p125|f60|b0,F,false,0,0,0,false,false,false,0,0,0,false,false,false,0,false,""
P1|N12|F|WORK|d100|p125|f60|b10,F,false,0,0,0,false,false,false,0,0,0,false,false,false,0,false,""
P1|N12|F|WORK|d100|p125|f60|b25,F,false,0,0,0,false,false,false,0,0,0,false,false,false,0,false,""
P1|N12|F|WORK|d100|p125|f60|b50,F,true,8,0,0,true,false,true,8,0,0,true,false,true,8,false,"POOLING C1A0T1I2F0(1,2,2,0)[1000,43,ASSEMBLE] vs C1A0T1I1F1(1,2,1,1)[1225,35,ASSEMBLE+INSPECT]"
P1|N12|F|WORK|d100|p125|f80|b0,F,false,0,0,0,false,false,false,0,0,0,false,false,false,0,false,""
P1|N12|F|WORK|d100|p125|f80|b10,F,true,2,0,0,true,true,true,2,0,0,true,true,true,2,true,"POOLING C1A1T0I0F1(1,1,0,1)[775,59,ASSEMBLE+INSPECT] vs C1A0T1I1F0(1,2,1,0)[850,44,ASSEMBLE|INSPECT]"
P1|N12|F|WORK|d100|p125|f80|b25,F,true,2,0,0,true,true,true,2,0,0,true,true,true,2,true,"POOLING C1A1T0I0F1(1,1,0,1)[775,59,ASSEMBLE+INSPECT] vs C1A0T1I1F0(1,2,1,0)[850,44,ASSEMBLE|INSPECT]"
P1|N12|F|WORK|d100|p125|f80|b50,F,true,6,0,0,true,true,true,6,0,0,true,true,true,6,true,"POOLING C1A1T0I0F1(1,1,0,1)[775,59,ASSEMBLE+INSPECT] vs C1A0T1I1F0(1,2,1,0)[850,44,ASSEMBLE|INSPECT]"
P1|N12|F|WORK|d100|p150|f20|b0,F,false,0,0,0,false,false,false,0,0,0,false,false,false,0,false,""
P1|N12|F|WORK|d100|p150|f20|b10,F,false,0,0,0,false,false,false,0,0,0,false,false,false,0,false,""
P1|N12|F|WORK|d100|p150|f20|b25,F,false,0,0,0,false,false,true,6,0,0,true,false,false,0,false,""
P1|N12|F|WORK|d100|p150|f20|b50,F,true,0,0,33,false,false,true,28,0,33,true,false,false,0,false,""
P1|N12|F|WORK|d100|p150|f40|b0,F,false,0,0,0,false,false,false,0,0,0,false,false,false,0,false,""
P1|N12|F|WORK|d100|p150|f40|b10,F,false,0,0,0,false,false,false,0,0,0,false,false,false,0,false,""
P1|N12|F|WORK|d100|p150|f40|b25,F,false,0,0,0,false,false,true,4,0,0,true,false,false,0,false,""
P1|N12|F|WORK|d100|p150|f40|b50,F,true,0,6,6,true,false,true,24,6,6,true,false,true,6,false,"MATERIAL_DEDICATED C3A1T1I3F0(3,3,3,0)[1650,29,ASSEMBLE] vs C2A0T2I2F0(2,4,2,0)[1700,26,ASSEMBLE|INSPECT] surplusEffect=3 threshold=2"
P1|N12|F|WORK|d100|p150|f60|b0,F,false,0,0,0,false,false,false,0,0,0,false,false,false,0,false,""
P1|N12|F|WORK|d100|p150|f60|b10,F,false,0,0,0,false,false,false,0,0,0,false,false,false,0,false,""
P1|N12|F|WORK|d100|p150|f60|b25,F,false,0,0,0,false,false,false,0,0,0,false,false,false,0,false,""
P1|N12|F|WORK|d100|p150|f60|b50,F,false,0,0,0,false,false,false,0,0,0,false,false,false,0,false,""
P1|N12|F|WORK|d100|p150|f80|b0,F,false,0,0,0,false,false,false,0,0,0,false,false,false,0,false,""
P1|N12|F|WORK|d100|p150|f80|b10,F,false,0,0,0,false,false,false,0,0,0,false,false,false,0,false,""
P1|N12|F|WORK|d100|p150|f80|b25,F,false,0,0,0,false,false,false,0,0,0,false,false,false,0,false,""
P1|N12|F|WORK|d100|p150|f80|b50,F,false,0,0,0,false,false,false,0,0,0,false,false,false,0,false,""
P1|N12|F|WORK|d100|p200|f20|b0,F,false,0,0,0,false,false,false,0,0,0,false,false,false,0,false,""
P1|N12|F|WORK|d100|p200|f20|b10,F,false,0,0,0,false,false,false,0,0,0,false,false,false,0,false,""
P1|N12|F|WORK|d100|p200|f20|b25,F,false,0,0,0,false,false,false,0,0,0,false,false,false,0,false,""
P1|N12|F|WORK|d100|p200|f20|b50,F,true,0,0,33,false,false,true,0,0,33,false,false,false,0,false,""
P1|N12|F|WORK|d100|p200|f40|b0,F,false,0,0,0,false,false,false,0,0,0,false,false,false,0,false,""
P1|N12|F|WORK|d100|p200|f40|b10,F,false,0,0,0,false,false,false,0,0,0,false,false,false,0,false,""
P1|N12|F|WORK|d100|p200|f40|b25,F,false,0,0,0,false,false,false,0,0,0,false,false,false,0,false,""
P1|N12|F|WORK|d100|p200|f40|b50,F,true,0,6,6,true,false,true,0,6,6,true,false,true,6,false,"MATERIAL_DEDICATED C3A1T1I3F0(3,3,3,0)[1650,29,ASSEMBLE] vs C2A0T2I2F0(2,4,2,0)[1700,26,ASSEMBLE|INSPECT] surplusEffect=3 threshold=2"
P1|N12|F|WORK|d100|p200|f60|b0,F,false,0,0,0,false,false,false,0,0,0,false,false,false,0,false,""
P1|N12|F|WORK|d100|p200|f60|b10,F,false,0,0,0,false,false,false,0,0,0,false,false,false,0,false,""
P1|N12|F|WORK|d100|p200|f60|b25,F,false,0,0,0,false,false,false,0,0,0,false,false,false,0,false,""
P1|N12|F|WORK|d100|p200|f60|b50,F,false,0,0,0,false,false,false,0,0,0,false,false,false,0,false,""
P1|N12|F|WORK|d100|p200|f80|b0,F,false,0,0,0,false,false,false,0,0,0,false,false,false,0,false,""
P1|N12|F|WORK|d100|p200|f80|b10,F,false,0,0,0,false,false,false,0,0,0,false,false,false,0,false,""
P1|N12|F|WORK|d100|p200|f80|b25,F,false,0,0,0,false,false,false,0,0,0,false,false,false,0,false,""
P1|N12|F|WORK|d100|p200|f80|b50,F,false,0,0,0,false,false,false,0,0,0,false,false,false,0,false,""
P1|N24|D|UNIFORM|d75|p0|f20|b0,D,false,0,0,0,false,false,false,0,0,0,false,false,false,0,false,""
P1|N24|D|UNIFORM|d75|p0|f20|b10,D,false,0,0,0,false,false,false,0,0,0,false,false,false,0,false,""
P1|N24|D|UNIFORM|d75|p0|f20|b25,D,false,0,0,0,false,false,false,0,0,0,false,false,false,0,false,""
P1|N24|D|UNIFORM|d75|p0|f20|b50,D,false,0,0,0,false,false,false,0,0,0,false,false,false,0,false,""
P1|N24|D|UNIFORM|d75|p0|f40|b0,D,false,0,0,0,false,false,false,0,0,0,false,false,false,0,false,""
P1|N24|D|UNIFORM|d75|p0|f40|b10,D,false,0,0,0,false,false,false,0,0,0,false,false,false,0,false,""
P1|N24|D|UNIFORM|d75|p0|f40|b25,D,false,0,0,0,false,false,false,0,0,0,false,false,false,0,false,""
P1|N24|D|UNIFORM|d75|p0|f40|b50,D,false,0,0,0,false,false,false,0,0,0,false,false,false,0,false,""
P1|N24|D|UNIFORM|d75|p0|f60|b0,D,false,0,0,0,false,false,false,0,0,0,false,false,false,0,false,""
P1|N24|D|UNIFORM|d75|p0|f60|b10,D,false,0,0,0,false,false,false,0,0,0,false,false,false,0,false,""
P1|N24|D|UNIFORM|d75|p0|f60|b25,D,false,0,0,0,false,false,false,0,0,0,false,false,false,0,false,""
P1|N24|D|UNIFORM|d75|p0|f60|b50,D,false,0,0,0,false,false,false,0,0,0,false,false,false,0,false,""
P1|N24|D|UNIFORM|d75|p0|f80|b0,D,false,0,0,0,false,false,false,0,0,0,false,false,false,0,false,""
P1|N24|D|UNIFORM|d75|p0|f80|b10,D,false,0,0,0,false,false,false,0,0,0,false,false,false,0,false,""
P1|N24|D|UNIFORM|d75|p0|f80|b25,D,false,0,0,0,false,false,false,0,0,0,false,false,false,0,false,""
P1|N24|D|UNIFORM|d75|p0|f80|b50,D,false,0,0,0,false,false,false,0,0,0,false,false,false,0,false,""
P1|N24|D|UNIFORM|d90|p0|f20|b0,D,false,0,0,0,false,false,false,0,0,0,false,false,false,0,false,""
P1|N24|D|UNIFORM|d90|p0|f20|b10,D,false,0,0,0,false,false,false,0,0,0,false,false,false,0,false,""
P1|N24|D|UNIFORM|d90|p0|f20|b25,D,false,0,0,0,false,false,false,0,0,0,false,false,false,0,false,""
P1|N24|D|UNIFORM|d90|p0|f20|b50,D,false,0,0,0,false,false,false,0,0,0,false,false,false,0,false,""
P1|N24|D|UNIFORM|d90|p0|f40|b0,D,false,0,0,0,false,false,false,0,0,0,false,false,false,0,false,""
P1|N24|D|UNIFORM|d90|p0|f40|b10,D,false,0,0,0,false,false,false,0,0,0,false,false,false,0,false,""
P1|N24|D|UNIFORM|d90|p0|f40|b25,D,false,0,0,0,false,false,false,0,0,0,false,false,false,0,false,""
P1|N24|D|UNIFORM|d90|p0|f40|b50,D,false,0,0,0,false,false,false,0,0,0,false,false,false,0,false,""
P1|N24|D|UNIFORM|d90|p0|f60|b0,D,false,0,0,0,false,false,false,0,0,0,false,false,false,0,false,""
P1|N24|D|UNIFORM|d90|p0|f60|b10,D,false,0,0,0,false,false,false,0,0,0,false,false,false,0,false,""
P1|N24|D|UNIFORM|d90|p0|f60|b25,D,false,0,0,0,false,false,false,0,0,0,false,false,false,0,false,""
P1|N24|D|UNIFORM|d90|p0|f60|b50,D,false,0,0,0,false,false,false,0,0,0,false,false,false,0,false,""
P1|N24|D|UNIFORM|d90|p0|f80|b0,D,false,0,0,0,false,false,false,0,0,0,false,false,false,0,false,""
P1|N24|D|UNIFORM|d90|p0|f80|b10,D,false,0,0,0,false,false,false,0,0,0,false,false,false,0,false,""
P1|N24|D|UNIFORM|d90|p0|f80|b25,D,false,0,0,0,false,false,false,0,0,0,false,false,false,0,false,""
P1|N24|D|UNIFORM|d90|p0|f80|b50,D,false,0,0,0,false,false,false,0,0,0,false,false,false,0,false,""
P1|N24|D|UNIFORM|d100|p0|f20|b0,D,false,0,0,0,false,false,false,0,0,0,false,false,false,0,false,""
P1|N24|D|UNIFORM|d100|p0|f20|b10,D,false,0,0,0,false,false,false,0,0,0,false,false,false,0,false,""
P1|N24|D|UNIFORM|d100|p0|f20|b25,D,false,0,0,0,false,false,false,0,0,0,false,false,false,0,false,""
P1|N24|D|UNIFORM|d100|p0|f20|b50,D,false,0,0,0,false,false,false,0,0,0,false,false,false,0,false,""
P1|N24|D|UNIFORM|d100|p0|f40|b0,D,false,0,0,0,false,false,false,0,0,0,false,false,false,0,false,""
P1|N24|D|UNIFORM|d100|p0|f40|b10,D,false,0,0,0,false,false,false,0,0,0,false,false,false,0,false,""
P1|N24|D|UNIFORM|d100|p0|f40|b25,D,false,0,0,0,false,false,false,0,0,0,false,false,false,0,false,""
P1|N24|D|UNIFORM|d100|p0|f40|b50,D,false,0,0,0,false,false,false,0,0,0,false,false,false,0,false,""
P1|N24|D|UNIFORM|d100|p0|f60|b0,D,false,0,0,0,false,false,false,0,0,0,false,false,false,0,false,""
P1|N24|D|UNIFORM|d100|p0|f60|b10,D,false,0,0,0,false,false,false,0,0,0,false,false,false,0,false,""
P1|N24|D|UNIFORM|d100|p0|f60|b25,D,false,0,0,0,false,false,false,0,0,0,false,false,false,0,false,""
P1|N24|D|UNIFORM|d100|p0|f60|b50,D,false,0,0,0,false,false,false,0,0,0,false,false,false,0,false,""
P1|N24|D|UNIFORM|d100|p0|f80|b0,D,false,0,0,0,false,false,false,0,0,0,false,false,false,0,false,""
P1|N24|D|UNIFORM|d100|p0|f80|b10,D,false,0,0,0,false,false,false,0,0,0,false,false,false,0,false,""
P1|N24|D|UNIFORM|d100|p0|f80|b25,D,false,0,0,0,false,false,false,0,0,0,false,false,false,0,false,""
P1|N24|D|UNIFORM|d100|p0|f80|b50,D,false,0,0,0,false,false,false,0,0,0,false,false,false,0,false,""
P1|N24|D|WORK|d75|p0|f20|b0,D,false,0,0,0,false,false,false,0,0,0,false,false,false,0,false,""
P1|N24|D|WORK|d75|p0|f20|b10,D,false,0,0,0,false,false,false,0,0,0,false,false,false,0,false,""
P1|N24|D|WORK|d75|p0|f20|b25,D,false,0,0,0,false,false,false,0,0,0,false,false,false,0,false,""
P1|N24|D|WORK|d75|p0|f20|b50,D,true,0,0,3,false,false,true,0,0,3,false,false,false,0,false,""
P1|N24|D|WORK|d75|p0|f40|b0,D,false,0,0,0,false,false,false,0,0,0,false,false,false,0,false,""
P1|N24|D|WORK|d75|p0|f40|b10,D,false,0,0,0,false,false,false,0,0,0,false,false,false,0,false,""
P1|N24|D|WORK|d75|p0|f40|b25,D,false,0,0,0,false,false,false,0,0,0,false,false,false,0,false,""
P1|N24|D|WORK|d75|p0|f40|b50,D,false,0,0,0,false,false,false,0,0,0,false,false,false,0,false,""
P1|N24|D|WORK|d75|p0|f60|b0,D,false,0,0,0,false,false,false,0,0,0,false,false,false,0,false,""
P1|N24|D|WORK|d75|p0|f60|b10,D,false,0,0,0,false,false,false,0,0,0,false,false,false,0,false,""
P1|N24|D|WORK|d75|p0|f60|b25,D,false,0,0,0,false,false,false,0,0,0,false,false,false,0,false,""
P1|N24|D|WORK|d75|p0|f60|b50,D,false,0,0,0,false,false,false,0,0,0,false,false,false,0,false,""
P1|N24|D|WORK|d75|p0|f80|b0,D,false,0,0,0,false,false,false,0,0,0,false,false,false,0,false,""
P1|N24|D|WORK|d75|p0|f80|b10,D,false,0,0,0,false,false,false,0,0,0,false,false,false,0,false,""
P1|N24|D|WORK|d75|p0|f80|b25,D,false,0,0,0,false,false,false,0,0,0,false,false,false,0,false,""
P1|N24|D|WORK|d75|p0|f80|b50,D,false,0,0,0,false,false,false,0,0,0,false,false,false,0,false,""
P1|N24|D|WORK|d90|p0|f20|b0,D,false,0,0,0,false,false,false,0,0,0,false,false,false,0,false,""
P1|N24|D|WORK|d90|p0|f20|b10,D,false,0,0,0,false,false,false,0,0,0,false,false,false,0,false,""
P1|N24|D|WORK|d90|p0|f20|b25,D,false,0,0,0,false,false,false,0,0,0,false,false,false,0,false,""
P1|N24|D|WORK|d90|p0|f20|b50,D,true,0,0,5,false,false,true,0,0,5,false,false,false,0,false,""
P1|N24|D|WORK|d90|p0|f40|b0,D,false,0,0,0,false,false,false,0,0,0,false,false,false,0,false,""
P1|N24|D|WORK|d90|p0|f40|b10,D,false,0,0,0,false,false,false,0,0,0,false,false,false,0,false,""
P1|N24|D|WORK|d90|p0|f40|b25,D,false,0,0,0,false,false,false,0,0,0,false,false,false,0,false,""
P1|N24|D|WORK|d90|p0|f40|b50,D,true,0,0,1,false,false,true,0,0,1,false,false,false,0,false,""
P1|N24|D|WORK|d90|p0|f60|b0,D,false,0,0,0,false,false,false,0,0,0,false,false,false,0,false,""
P1|N24|D|WORK|d90|p0|f60|b10,D,false,0,0,0,false,false,false,0,0,0,false,false,false,0,false,""
P1|N24|D|WORK|d90|p0|f60|b25,D,false,0,0,0,false,false,false,0,0,0,false,false,false,0,false,""
P1|N24|D|WORK|d90|p0|f60|b50,D,false,0,0,0,false,false,false,0,0,0,false,false,false,0,false,""
P1|N24|D|WORK|d90|p0|f80|b0,D,false,0,0,0,false,false,false,0,0,0,false,false,false,0,false,""
P1|N24|D|WORK|d90|p0|f80|b10,D,false,0,0,0,false,false,false,0,0,0,false,false,false,0,false,""
P1|N24|D|WORK|d90|p0|f80|b25,D,false,0,0,0,false,false,false,0,0,0,false,false,false,0,false,""
P1|N24|D|WORK|d90|p0|f80|b50,D,false,0,0,0,false,false,false,0,0,0,false,false,false,0,false,""
P1|N24|D|WORK|d100|p0|f20|b0,D,false,0,0,0,false,false,false,0,0,0,false,false,false,0,false,""
P1|N24|D|WORK|d100|p0|f20|b10,D,false,0,0,0,false,false,false,0,0,0,false,false,false,0,false,""
P1|N24|D|WORK|d100|p0|f20|b25,D,false,0,0,0,false,false,false,0,0,0,false,false,false,0,false,""
P1|N24|D|WORK|d100|p0|f20|b50,D,true,0,0,57,false,false,true,0,0,57,false,false,false,0,false,""
P1|N24|D|WORK|d100|p0|f40|b0,D,false,0,0,0,false,false,false,0,0,0,false,false,false,0,false,""
P1|N24|D|WORK|d100|p0|f40|b10,D,false,0,0,0,false,false,false,0,0,0,false,false,false,0,false,""
P1|N24|D|WORK|d100|p0|f40|b25,D,false,0,0,0,false,false,false,0,0,0,false,false,false,0,false,""
P1|N24|D|WORK|d100|p0|f40|b50,D,true,0,6,6,true,false,true,0,6,6,true,false,true,6,false,"MATERIAL_DEDICATED C3A1T1I3F0(3,3,3,0)[1650,53,ASSEMBLE] vs C2A0T2I2F0(2,4,2,0)[1700,44,ASSEMBLE|INSPECT] surplusEffect=3 threshold=3"
P1|N24|D|WORK|d100|p0|f60|b0,D,false,0,0,0,false,false,false,0,0,0,false,false,false,0,false,""
P1|N24|D|WORK|d100|p0|f60|b10,D,false,0,0,0,false,false,false,0,0,0,false,false,false,0,false,""
P1|N24|D|WORK|d100|p0|f60|b25,D,false,0,0,0,false,false,false,0,0,0,false,false,false,0,false,""
P1|N24|D|WORK|d100|p0|f60|b50,D,false,0,0,0,false,false,false,0,0,0,false,false,false,0,false,""
P1|N24|D|WORK|d100|p0|f80|b0,D,false,0,0,0,false,false,false,0,0,0,false,false,false,0,false,""
P1|N24|D|WORK|d100|p0|f80|b10,D,false,0,0,0,false,false,false,0,0,0,false,false,false,0,false,""
P1|N24|D|WORK|d100|p0|f80|b25,D,false,0,0,0,false,false,false,0,0,0,false,false,false,0,false,""
P1|N24|D|WORK|d100|p0|f80|b50,D,false,0,0,0,false,false,false,0,0,0,false,false,false,0,false,""
P1|N24|F|UNIFORM|d75|p100|f20|b0,F,false,0,0,0,false,false,false,0,0,0,false,false,false,0,false,""
P1|N24|F|UNIFORM|d75|p100|f20|b10,F,false,0,0,0,false,false,false,0,0,0,false,false,false,0,false,""
P1|N24|F|UNIFORM|d75|p100|f20|b25,F,true,3,1,0,true,false,false,0,0,0,false,false,false,0,false,"POOLING C2A0T2I2F0(2,4,2,0)[700,44,ASSEMBLE|INSPECT] vs C2A0T2I0F3(2,4,0,3)[800,39,ASSEMBLE+INSPECT]"
P1|N24|F|UNIFORM|d75|p100|f20|b50,F,true,24,4,0,true,false,true,15,1,0,true,false,true,6,false,"POOLING C2A0T2I2F0(2,4,2,0)[700,44,ASSEMBLE|INSPECT] vs C2A0T2I0F3(2,4,0,3)[800,39,ASSEMBLE+INSPECT]"
P1|N24|F|UNIFORM|d75|p100|f40|b0,F,false,0,0,0,false,false,false,0,0,0,false,false,false,0,false,""
P1|N24|F|UNIFORM|d75|p100|f40|b10,F,false,0,0,0,false,false,false,0,0,0,false,false,false,0,false,""
P1|N24|F|UNIFORM|d75|p100|f40|b25,F,true,10,0,0,true,true,true,8,0,0,true,false,true,7,false,"POOLING C1A0T1I0F2(1,2,0,2)[450,62,ASSEMBLE+INSPECT] vs C1A0T1I2F1(1,2,2,1)[550,57,CUT]"
P1|N24|F|UNIFORM|d75|p100|f40|b50,F,true,15,1,0,true,true,true,19,1,0,true,false,true,13,false,"POOLING C1A0T1I0F2(1,2,0,2)[450,62,ASSEMBLE+INSPECT] vs C1A0T1I2F1(1,2,2,1)[550,57,CUT]"
P1|N24|F|UNIFORM|d75|p100|f60|b0,F,false,0,0,0,false,false,false,0,0,0,false,false,false,0,false,""
P1|N24|F|UNIFORM|d75|p100|f60|b10,F,false,0,0,0,false,false,false,0,0,0,false,false,false,0,false,""
P1|N24|F|UNIFORM|d75|p100|f60|b25,F,false,0,0,0,false,false,false,0,0,0,false,true,false,0,false,""
P1|N24|F|UNIFORM|d75|p100|f60|b50,F,true,4,0,0,true,false,true,3,0,0,true,true,true,2,false,"POOLING C1A0T1I1F0(1,2,1,0)[350,80,ASSEMBLE|INSPECT] vs C1A0T1I0F2(1,2,0,2)[450,62,ASSEMBLE+INSPECT]"
P1|N24|F|UNIFORM|d75|p100|f80|b0,F,false,0,0,0,false,false,false,0,0,0,false,false,false,0,false,""
P1|N24|F|UNIFORM|d75|p100|f80|b10,F,false,0,0,0,false,false,false,0,0,0,false,false,false,0,false,""
P1|N24|F|UNIFORM|d75|p100|f80|b25,F,true,1,0,0,true,true,true,2,0,0,true,true,true,1,true,"POOLING C1A0T0I0F2(1,0,0,2)[300,112,ASSEMBLE+INSPECT] vs C1A0T1I1F0(1,2,1,0)[350,80,ASSEMBLE|INSPECT]"
P1|N24|F|UNIFORM|d75|p100|f80|b50,F,true,5,0,0,true,true,true,4,0,0,true,true,true,3,true,"POOLING C1A0T0I0F2(1,0,0,2)[300,112,ASSEMBLE+INSPECT] vs C1A0T1I1F0(1,2,1,0)[350,80,ASSEMBLE|INSPECT]"
P1|N24|F|UNIFORM|d75|p125|f20|b0,F,false,0,0,0,false,false,false,0,0,0,false,false,false,0,false,""
P1|N24|F|UNIFORM|d75|p125|f20|b10,F,false,0,0,0,false,false,false,0,0,0,false,false,false,0,false,""
P1|N24|F|UNIFORM|d75|p125|f20|b25,F,true,1,0,0,true,false,false,0,0,0,false,false,false,0,false,"POOLING C2A0T2I2F0(2,4,2,0)[700,44,ASSEMBLE|INSPECT] vs C2A0T2I1F2(2,4,1,2)[850,39,ASSEMBLE+INSPECT]"
P1|N24|F|UNIFORM|d75|p125|f20|b50,F,true,11,0,0,true,false,true,8,0,0,true,false,true,6,false,"POOLING C2A0T2I2F0(2,4,2,0)[700,44,ASSEMBLE|INSPECT] vs C2A0T2I1F2(2,4,1,2)[850,39,ASSEMBLE+INSPECT]"
P1|N24|F|UNIFORM|d75|p125|f40|b0,F,false,0,0,0,false,false,false,0,0,0,false,false,false,0,false,""
P1|N24|F|UNIFORM|d75|p125|f40|b10,F,false,0,0,0,false,false,false,0,0,0,false,false,false,0,false,""
P1|N24|F|UNIFORM|d75|p125|f40|b25,F,true,1,0,0,true,true,true,1,0,0,true,false,true,1,false,"POOLING C1A0T1I1F1(1,2,1,1)[475,62,ASSEMBLE+INSPECT] vs C1A1T1I2F0(1,3,2,0)[550,57,CUT|ASSEMBLE]"
P1|N24|F|UNIFORM|d75|p125|f40|b50,F,true,6,0,0,true,true,true,5,0,0,true,false,true,3,false,"POOLING C1A0T1I1F1(1,2,1,1)[475,62,ASSEMBLE+INSPECT] vs C1A1T1I2F0(1,3,2,0)[550,57,CUT|ASSEMBLE]"
P1|N24|F|UNIFORM|d75|p125|f60|b0,F,false,0,0,0,false,false,false,0,0,0,false,false,false,0,false,""
P1|N24|F|UNIFORM|d75|p125|f60|b10,F,false,0,0,0,false,false,false,0,0,0,false,false,false,0,false,""
P1|N24|F|UNIFORM|d75|p125|f60|b25,F,false,0,0,0,false,false,false,0,0,0,false,false,false,0,false,""
P1|N24|F|UNIFORM|d75|p125|f60|b50,F,true,1,0,0,true,false,true,2,0,0,true,false,true,1,false,"POOLING C1A0T1I2F0(1,2,2,0)[450,79,ASSEMBLE] vs C1A0T1I1F1(1,2,1,1)[475,62,ASSEMBLE+INSPECT]"
P1|N24|F|UNIFORM|d75|p125|f80|b0,F,false,0,0,0,false,false,false,0,0,0,false,false,false,0,false,""
P1|N24|F|UNIFORM|d75|p125|f80|b10,F,true,1,0,0,true,true,true,1,0,0,true,true,true,1,true,"POOLING C1A1T0I0F1(1,1,0,1)[325,113,ASSEMBLE+INSPECT] vs C1A0T1I1F0(1,2,1,0)[350,80,ASSEMBLE|INSPECT]"
P1|N24|F|UNIFORM|d75|p125|f80|b25,F,true,1,0,0,true,true,true,1,0,0,true,true,true,1,true,"POOLING C1A1T0I0F1(1,1,0,1)[325,113,ASSEMBLE+INSPECT] vs C1A0T1I1F0(1,2,1,0)[350,80,ASSEMBLE|INSPECT]"
P1|N24|F|UNIFORM|d75|p125|f80|b50,F,true,3,0,0,true,true,true,4,0,0,true,true,true,3,true,"POOLING C1A1T0I0F1(1,1,0,1)[325,113,ASSEMBLE+INSPECT] vs C1A0T1I1F0(1,2,1,0)[350,80,ASSEMBLE|INSPECT]"
P1|N24|F|UNIFORM|d75|p150|f20|b0,F,false,0,0,0,false,false,false,0,0,0,false,false,false,0,false,""
P1|N24|F|UNIFORM|d75|p150|f20|b10,F,false,0,0,0,false,false,false,0,0,0,false,false,false,0,false,""
P1|N24|F|UNIFORM|d75|p150|f20|b25,F,false,0,0,0,false,false,false,0,0,0,false,false,false,0,false,""
P1|N24|F|UNIFORM|d75|p150|f20|b50,F,true,3,0,0,true,false,true,3,0,0,true,false,true,3,false,"POOLING C2A0T2I2F1(2,4,2,1)[850,41,ASSEMBLE+INSPECT] vs C2A1T2I3F0(2,5,3,0)[900,38,ASSEMBLE]"
P1|N24|F|UNIFORM|d75|p150|f40|b0,F,false,0,0,0,false,false,false,0,0,0,false,false,false,0,false,""
P1|N24|F|UNIFORM|d75|p150|f40|b10,F,true,1,0,0,true,true,true,1,0,0,true,false,true,1,false,"POOLING C1A0T1I1F1(1,2,1,1)[500,62,ASSEMBLE+INSPECT] vs C1A1T1I2F0(1,3,2,0)[550,57,CUT|ASSEMBLE]"
P1|N24|F|UNIFORM|d75|p150|f40|b25,F,true,1,0,0,true,true,true,1,0,0,true,false,true,1,false,"POOLING C1A0T1I1F1(1,2,1,1)[500,62,ASSEMBLE+INSPECT] vs C1A1T1I2F0(1,3,2,0)[550,57,CUT|ASSEMBLE]"
P1|N24|F|UNIFORM|d75|p150|f40|b50,F,true,3,0,0,true,true,true,3,0,0,true,false,true,3,false,"POOLING C1A0T1I1F1(1,2,1,1)[500,62,ASSEMBLE+INSPECT] vs C1A1T1I2F0(1,3,2,0)[550,57,CUT|ASSEMBLE]"
P1|N24|F|UNIFORM|d75|p150|f60|b0,F,false,0,0,0,false,false,false,0,0,0,false,false,false,0,false,""
P1|N24|F|UNIFORM|d75|p150|f60|b10,F,false,0,0,0,false,false,false,0,0,0,false,false,false,0,false,""
P1|N24|F|UNIFORM|d75|p150|f60|b25,F,false,0,0,0,false,false,false,0,0,0,false,false,false,0,false,""
P1|N24|F|UNIFORM|d75|p150|f60|b50,F,true,1,0,0,true,false,true,1,0,0,true,false,true,1,false,"POOLING C1A0T1I2F0(1,2,2,0)[450,79,ASSEMBLE] vs C1A0T1I1F1(1,2,1,1)[500,62,ASSEMBLE+INSPECT]"
P1|N24|F|UNIFORM|d75|p150|f80|b0,F,false,0,0,0,false,false,false,0,0,0,false,false,false,0,false,""
P1|N24|F|UNIFORM|d75|p150|f80|b10,F,false,0,0,0,false,false,false,0,0,0,false,false,false,0,false,""
P1|N24|F|UNIFORM|d75|p150|f80|b25,F,false,0,0,0,false,false,false,0,0,0,false,false,false,0,false,""
P1|N24|F|UNIFORM|d75|p150|f80|b50,F,true,1,0,0,true,false,true,1,0,0,true,false,true,1,false,"POOLING C1A0T1I2F0(1,2,2,0)[450,79,ASSEMBLE] vs C1A0T1I1F1(1,2,1,1)[500,62,ASSEMBLE+INSPECT]"
P1|N24|F|UNIFORM|d75|p200|f20|b0,F,false,0,0,0,false,false,false,0,0,0,false,false,false,0,false,""
P1|N24|F|UNIFORM|d75|p200|f20|b10,F,false,0,0,0,false,false,false,0,0,0,false,false,false,0,false,""
P1|N24|F|UNIFORM|d75|p200|f20|b25,F,false,0,0,0,false,false,false,0,0,0,false,false,false,0,false,""
P1|N24|F|UNIFORM|d75|p200|f20|b50,F,false,0,0,0,false,false,false,0,0,0,false,false,false,0,false,""
P1|N24|F|UNIFORM|d75|p200|f40|b0,F,false,0,0,0,false,false,false,0,0,0,false,false,false,0,false,""
P1|N24|F|UNIFORM|d75|p200|f40|b10,F,false,0,0,0,false,false,false,0,0,0,false,false,false,0,false,""
P1|N24|F|UNIFORM|d75|p200|f40|b25,F,false,0,0,0,false,false,false,0,0,0,false,false,false,0,false,""
P1|N24|F|UNIFORM|d75|p200|f40|b50,F,false,0,0,0,false,false,false,0,0,0,false,false,false,0,false,""
P1|N24|F|UNIFORM|d75|p200|f60|b0,F,false,0,0,0,false,false,false,0,0,0,false,false,false,0,false,""
P1|N24|F|UNIFORM|d75|p200|f60|b10,F,false,0,0,0,false,false,false,0,0,0,false,false,false,0,false,""
P1|N24|F|UNIFORM|d75|p200|f60|b25,F,false,0,0,0,false,false,false,0,0,0,false,false,false,0,false,""
P1|N24|F|UNIFORM|d75|p200|f60|b50,F,false,0,0,0,false,false,false,0,0,0,false,false,false,0,false,""
P1|N24|F|UNIFORM|d75|p200|f80|b0,F,false,0,0,0,false,false,false,0,0,0,false,false,false,0,false,""
P1|N24|F|UNIFORM|d75|p200|f80|b10,F,false,0,0,0,false,false,false,0,0,0,false,false,false,0,false,""
P1|N24|F|UNIFORM|d75|p200|f80|b25,F,false,0,0,0,false,false,false,0,0,0,false,false,false,0,false,""
P1|N24|F|UNIFORM|d75|p200|f80|b50,F,false,0,0,0,false,false,false,0,0,0,false,false,false,0,false,""
P1|N24|F|UNIFORM|d90|p100|f20|b0,F,false,0,0,0,false,false,false,0,0,0,false,false,false,0,false,""
P1|N24|F|UNIFORM|d90|p100|f20|b10,F,false,0,0,0,false,false,false,0,0,0,false,false,false,0,false,""
P1|N24|F|UNIFORM|d90|p100|f20|b25,F,true,3,1,0,true,false,false,0,0,0,false,false,false,0,false,"POOLING C2A0T2I2F0(2,4,2,0)[760,44,ASSEMBLE|INSPECT] vs C2A0T2I0F3(2,4,0,3)[860,39,ASSEMBLE+INSPECT]"
P1|N24|F|UNIFORM|d90|p100|f20|b50,F,true,24,4,0,true,false,true,15,1,0,true,false,true,6,false,"POOLING C2A0T2I2F0(2,4,2,0)[760,44,ASSEMBLE|INSPECT] vs C2A0T2I0F3(2,4,0,3)[860,39,ASSEMBLE+INSPECT]"
P1|N24|F|UNIFORM|d90|p100|f40|b0,F,false,0,0,0,false,false,false,0,0,0,false,false,false,0,false,""
P1|N24|F|UNIFORM|d90|p100|f40|b10,F,false,0,0,0,false,true,false,0,0,0,false,false,false,0,false,""
P1|N24|F|UNIFORM|d90|p100|f40|b25,F,true,10,0,0,true,true,true,8,0,0,true,false,true,7,false,"POOLING C1A0T1I0F2(1,2,0,2)[480,62,ASSEMBLE+INSPECT] vs C1A0T1I2F1(1,2,2,1)[580,57,CUT]"
P1|N24|F|UNIFORM|d90|p100|f40|b50,F,true,15,1,0,true,true,true,19,1,0,true,false,true,13,false,"POOLING C1A0T1I0F2(1,2,0,2)[480,62,ASSEMBLE+INSPECT] vs C1A0T1I2F1(1,2,2,1)[580,57,CUT]"
P1|N24|F|UNIFORM|d90|p100|f60|b0,F,false,0,0,0,false,false,false,0,0,0,false,false,false,0,false,""
P1|N24|F|UNIFORM|d90|p100|f60|b10,F,false,0,0,0,false,false,false,0,0,0,false,true,false,0,false,""
P1|N24|F|UNIFORM|d90|p100|f60|b25,F,false,0,0,0,false,false,false,0,0,0,false,true,false,0,false,""
P1|N24|F|UNIFORM|d90|p100|f60|b50,F,true,4,0,0,true,false,true,3,0,0,true,true,true,2,false,"POOLING C1A0T1I1F0(1,2,1,0)[380,80,ASSEMBLE|INSPECT] vs C1A0T1I0F2(1,2,0,2)[480,62,ASSEMBLE+INSPECT]"
P1|N24|F|UNIFORM|d90|p100|f80|b0,F,false,0,0,0,false,false,false,0,0,0,false,false,false,0,false,""
P1|N24|F|UNIFORM|d90|p100|f80|b10,F,false,0,0,0,false,false,false,0,0,0,false,false,false,0,false,""
P1|N24|F|UNIFORM|d90|p100|f80|b25,F,false,0,0,0,false,false,false,0,0,0,false,false,false,0,false,""
P1|N24|F|UNIFORM|d90|p100|f80|b50,F,true,1,0,0,true,true,true,2,0,0,true,true,true,1,true,"POOLING C1A0T0I0F2(1,0,0,2)[300,112,ASSEMBLE+INSPECT] vs C1A0T1I1F0(1,2,1,0)[380,80,ASSEMBLE|INSPECT]"
P1|N24|F|UNIFORM|d90|p125|f20|b0,F,false,0,0,0,false,false,false,0,0,0,false,false,false,0,false,""
P1|N24|F|UNIFORM|d90|p125|f20|b10,F,false,0,0,0,false,false,false,0,0,0,false,false,false,0,false,""
P1|N24|F|UNIFORM|d90|p125|f20|b25,F,true,3,0,0,true,false,false,0,0,0,false,false,false,0,false,"POOLING C2A0T2I2F0(2,4,2,0)[760,44,ASSEMBLE|INSPECT] vs C2A0T2I1F2(2,4,1,2)[910,39,ASSEMBLE+INSPECT]"
P1|N24|F|UNIFORM|d90|p125|f20|b50,F,true,21,0,0,true,false,true,13,0,0,true,false,true,6,false,"POOLING C2A0T2I2F0(2,4,2,0)[760,44,ASSEMBLE|INSPECT] vs C2A0T2I1F2(2,4,1,2)[910,39,ASSEMBLE+INSPECT]"
P1|N24|F|UNIFORM|d90|p125|f40|b0,F,false,0,0,0,false,false,false,0,0,0,false,false,false,0,false,""
P1|N24|F|UNIFORM|d90|p125|f40|b10,F,false,0,0,0,false,false,false,0,0,0,false,false,false,0,false,""
P1|N24|F|UNIFORM|d90|p125|f40|b25,F,true,2,0,0,true,true,true,2,0,0,true,false,true,2,false,"POOLING C1A0T1I1F1(1,2,1,1)[505,62,ASSEMBLE+INSPECT] vs C1A1T1I2F0(1,3,2,0)[580,57,CUT|ASSEMBLE]"
P1|N24|F|UNIFORM|d90|p125|f40|b50,F,true,10,0,0,true,true,true,9,0,0,true,false,true,7,false,"POOLING C1A0T1I1F1(1,2,1,1)[505,62,ASSEMBLE+INSPECT] vs C1A1T1I2F0(1,3,2,0)[580,57,CUT|ASSEMBLE]"
P1|N24|F|UNIFORM|d90|p125|f60|b0,F,false,0,0,0,false,false,false,0,0,0,false,false,false,0,false,""
P1|N24|F|UNIFORM|d90|p125|f60|b10,F,false,0,0,0,false,false,false,0,0,0,false,false,false,0,false,""
P1|N24|F|UNIFORM|d90|p125|f60|b25,F,false,0,0,0,false,false,false,0,0,0,false,false,false,0,false,""
P1|N24|F|UNIFORM|d90|p125|f60|b50,F,true,1,0,0,true,false,true,2,0,0,true,false,true,1,false,"POOLING C1A0T0I0F3(1,0,0,3)[475,78,ASSEMBLE+INSPECT] vs C1A0T1I1F1(1,2,1,1)[505,62,ASSEMBLE+INSPECT]"
P1|N24|F|UNIFORM|d90|p125|f80|b0,F,false,0,0,0,false,false,false,0,0,0,false,false,false,0,false,""
P1|N24|F|UNIFORM|d90|p125|f80|b10,F,false,0,0,0,false,true,false,0,0,0,false,true,false,0,false,""
P1|N24|F|UNIFORM|d90|p125|f80|b25,F,true,2,0,0,true,true,true,2,0,0,true,true,true,2,true,"POOLING C1A1T0I0F1(1,1,0,1)[325,113,ASSEMBLE+INSPECT] vs C1A0T1I1F0(1,2,1,0)[380,80,ASSEMBLE|INSPECT]"
P1|N24|F|UNIFORM|d90|p125|f80|b50,F,true,3,0,0,true,true,true,3,0,0,true,true,true,3,true,"POOLING C1A1T0I0F1(1,1,0,1)[325,113,ASSEMBLE+INSPECT] vs C1A0T1I1F0(1,2,1,0)[380,80,ASSEMBLE|INSPECT]"
P1|N24|F|UNIFORM|d90|p150|f20|b0,F,false,0,0,0,false,false,false,0,0,0,false,false,false,0,false,""
P1|N24|F|UNIFORM|d90|p150|f20|b10,F,false,0,0,0,false,false,false,0,0,0,false,false,false,0,false,""
P1|N24|F|UNIFORM|d90|p150|f20|b25,F,false,0,0,0,false,false,false,0,0,0,false,false,false,0,false,""
P1|N24|F|UNIFORM|d90|p150|f20|b50,F,true,6,0,0,true,false,true,8,0,0,true,false,true,6,false,"POOLING C2A0T2I2F1(2,4,2,1)[910,41,ASSEMBLE+INSPECT] vs C2A1T2I3F0(2,5,3,0)[960,38,ASSEMBLE]"
P1|N24|F|UNIFORM|d90|p150|f40|b0,F,false,0,0,0,false,false,false,0,0,0,false,false,false,0,false,""
P1|N24|F|UNIFORM|d90|p150|f40|b10,F,true,1,0,0,true,true,true,1,0,0,true,false,true,1,false,"POOLING C1A0T1I1F1(1,2,1,1)[530,62,ASSEMBLE+INSPECT] vs C1A1T1I2F0(1,3,2,0)[580,57,CUT|ASSEMBLE]"
P1|N24|F|UNIFORM|d90|p150|f40|b25,F,true,1,0,0,true,true,true,1,0,0,true,false,true,1,false,"POOLING C1A0T1I1F1(1,2,1,1)[530,62,ASSEMBLE+INSPECT] vs C1A1T1I2F0(1,3,2,0)[580,57,CUT|ASSEMBLE]"
P1|N24|F|UNIFORM|d90|p150|f40|b50,F,true,6,0,0,true,true,true,5,0,0,true,false,true,3,false,"POOLING C1A0T1I1F1(1,2,1,1)[530,62,ASSEMBLE+INSPECT] vs C1A1T1I2F0(1,3,2,0)[580,57,CUT|ASSEMBLE]"
P1|N24|F|UNIFORM|d90|p150|f60|b0,F,false,0,0,0,false,false,false,0,0,0,false,false,false,0,false,""
P1|N24|F|UNIFORM|d90|p150|f60|b10,F,false,0,0,0,false,false,false,0,0,0,false,false,false,0,false,""
P1|N24|F|UNIFORM|d90|p150|f60|b25,F,false,0,0,0,false,false,false,0,0,0,false,false,false,0,false,""
P1|N24|F|UNIFORM|d90|p150|f60|b50,F,true,1,0,0,true,false,true,1,0,0,true,false,true,1,false,"POOLING C1A0T1I2F0(1,2,2,0)[480,79,ASSEMBLE] vs C1A0T1I1F1(1,2,1,1)[530,62,ASSEMBLE+INSPECT]"
P1|N24|F|UNIFORM|d90|p150|f80|b0,F,false,0,0,0,false,false,false,0,0,0,false,false,false,0,false,""
P1|N24|F|UNIFORM|d90|p150|f80|b10,F,true,1,0,0,true,true,true,1,0,0,true,true,true,1,true,"POOLING C1A1T0I0F1(1,1,0,1)[350,113,ASSEMBLE+INSPECT] vs C1A0T1I1F0(1,2,1,0)[380,80,ASSEMBLE|INSPECT]"
P1|N24|F|UNIFORM|d90|p150|f80|b25,F,true,1,0,0,true,true,true,1,0,0,true,true,true,1,true,"POOLING C1A1T0I0F1(1,1,0,1)[350,113,ASSEMBLE+INSPECT] vs C1A0T1I1F0(1,2,1,0)[380,80,ASSEMBLE|INSPECT]"
P1|N24|F|UNIFORM|d90|p150|f80|b50,F,true,2,0,0,true,true,true,2,0,0,true,true,true,2,true,"POOLING C1A1T0I0F1(1,1,0,1)[350,113,ASSEMBLE+INSPECT] vs C1A0T1I1F0(1,2,1,0)[380,80,ASSEMBLE|INSPECT]"
P1|N24|F|UNIFORM|d90|p200|f20|b0,F,false,0,0,0,false,false,false,0,0,0,false,false,false,0,false,""
P1|N24|F|UNIFORM|d90|p200|f20|b10,F,false,0,0,0,false,false,false,0,0,0,false,false,false,0,false,""
P1|N24|F|UNIFORM|d90|p200|f20|b25,F,false,0,0,0,false,false,false,0,0,0,false,false,false,0,false,""
P1|N24|F|UNIFORM|d90|p200|f20|b50,F,false,0,0,0,false,false,false,0,0,0,false,false,false,0,false,""
P1|N24|F|UNIFORM|d90|p200|f40|b0,F,false,0,0,0,false,false,false,0,0,0,false,false,false,0,false,""
P1|N24|F|UNIFORM|d90|p200|f40|b10,F,false,0,0,0,false,false,false,0,0,0,false,false,false,0,false,""
P1|N24|F|UNIFORM|d90|p200|f40|b25,F,false,0,0,0,false,false,false,0,0,0,false,false,false,0,false,""
P1|N24|F|UNIFORM|d90|p200|f40|b50,F,false,0,0,0,false,false,false,0,0,0,false,false,false,0,false,""
P1|N24|F|UNIFORM|d90|p200|f60|b0,F,false,0,0,0,false,false,false,0,0,0,false,false,false,0,false,""
P1|N24|F|UNIFORM|d90|p200|f60|b10,F,false,0,0,0,false,false,false,0,0,0,false,false,false,0,false,""
P1|N24|F|UNIFORM|d90|p200|f60|b25,F,false,0,0,0,false,false,false,0,0,0,false,false,false,0,false,""
P1|N24|F|UNIFORM|d90|p200|f60|b50,F,false,0,0,0,false,false,false,0,0,0,false,false,false,0,false,""
P1|N24|F|UNIFORM|d90|p200|f80|b0,F,false,0,0,0,false,false,false,0,0,0,false,false,false,0,false,""
P1|N24|F|UNIFORM|d90|p200|f80|b10,F,false,0,0,0,false,false,false,0,0,0,false,false,false,0,false,""
P1|N24|F|UNIFORM|d90|p200|f80|b25,F,false,0,0,0,false,false,false,0,0,0,false,false,false,0,false,""
P1|N24|F|UNIFORM|d90|p200|f80|b50,F,false,0,0,0,false,false,false,0,0,0,false,false,false,0,false,""
P1|N24|F|UNIFORM|d100|p100|f20|b0,F,false,0,0,0,false,false,false,0,0,0,false,false,false,0,false,""
P1|N24|F|UNIFORM|d100|p100|f20|b10,F,false,0,0,0,false,false,false,0,0,0,false,false,false,0,false,""
P1|N24|F|UNIFORM|d100|p100|f20|b25,F,true,33,12,0,true,false,true,42,0,0,true,true,true,0,false,"MATERIAL_DEDICATED C2A0T1I1F3(2,2,1,3)[800,43,ASSEMBLE+INSPECT] vs C2A0T2I0F3(2,4,0,3)[900,39,ASSEMBLE+INSPECT] surplusEffect=9 threshold=3"
P1|N24|F|UNIFORM|d100|p100|f20|b50,F,true,480,90,9,true,false,true,530,64,9,true,true,true,266,false,"MATERIAL_DEDICATED C2A0T1I1F3(2,2,1,3)[800,43,ASSEMBLE+INSPECT] vs C2A0T2I0F3(2,4,0,3)[900,39,ASSEMBLE+INSPECT] surplusEffect=9 threshold=3"
P1|N24|F|UNIFORM|d100|p100|f40|b0,F,false,0,0,0,false,false,false,0,0,0,false,false,false,0,false,""
P1|N24|F|UNIFORM|d100|p100|f40|b10,F,false,0,0,0,false,false,false,0,0,0,false,false,false,0,false,""
P1|N24|F|UNIFORM|d100|p100|f40|b25,F,true,11,1,0,true,true,true,11,0,0,true,false,true,11,false,"MATERIAL_DEDICATED C1A1T0I0F3(1,1,0,3)[500,61,ASSEMBLE+INSPECT] vs C1A0T0I2F3(1,0,2,3)[600,57,CUT] surplusEffect=17 threshold=4"
P1|N24|F|UNIFORM|d100|p100|f40|b50,F,true,31,7,0,true,true,true,51,6,0,true,false,true,35,false,"MATERIAL_DEDICATED C1A1T0I0F3(1,1,0,3)[500,61,ASSEMBLE+INSPECT] vs C1A0T0I2F3(1,0,2,3)[600,57,CUT] surplusEffect=17 threshold=4"
P1|N24|F|UNIFORM|d100|p100|f60|b0,F,false,0,0,0,false,false,false,0,0,0,false,false,false,0,false,""
P1|N24|F|UNIFORM|d100|p100|f60|b10,F,false,0,0,0,false,false,false,0,0,0,false,false,false,0,false,""
P1|N24|F|UNIFORM|d100|p100|f60|b25,F,false,0,0,0,false,true,false,0,0,0,false,true,false,0,false,""
P1|N24|F|UNIFORM|d100|p100|f60|b50,F,true,22,1,0,true,true,true,22,0,0,true,true,true,22,true,"POOLING C1A0T0I0F3(1,0,0,3)[400,78,ASSEMBLE+INSPECT] vs C1A0T1I1F2(1,2,1,2)[600,57,CUT]"
P1|N24|F|UNIFORM|d100|p100|f80|b0,F,false,0,0,0,false,false,false,0,0,0,false,false,false,0,false,""
P1|N24|F|UNIFORM|d100|p100|f80|b10,F,false,0,0,0,false,false,false,0,0,0,false,false,false,0,false,""
P1|N24|F|UNIFORM|d100|p100|f80|b25,F,false,0,0,0,false,false,false,0,0,0,false,false,false,0,false,""
P1|N24|F|UNIFORM|d100|p100|f80|b50,F,false,0,0,0,false,true,false,0,0,0,false,true,false,0,false,""
P1|N24|F|UNIFORM|d100|p125|f20|b0,F,false,0,0,0,false,false,false,0,0,0,false,false,false,0,false,""
P1|N24|F|UNIFORM|d100|p125|f20|b10,F,false,0,0,0,false,false,false,0,0,0,false,false,false,0,false,""
P1|N24|F|UNIFORM|d100|p125|f20|b25,F,true,45,0,0,true,false,true,9,0,0,true,false,true,9,false,"POOLING C2A0T2I2F0(2,4,2,0)[800,44,ASSEMBLE|INSPECT] vs C2A0T2I1F2(2,4,1,2)[950,39,ASSEMBLE+INSPECT]"
P1|N24|F|UNIFORM|d100|p125|f20|b50,F,true,196,0,0,true,false,true,141,0,0,true,false,true,66,false,"POOLING C2A0T2I2F0(2,4,2,0)[800,44,ASSEMBLE|INSPECT] vs C2A0T2I1F2(2,4,1,2)[950,39,ASSEMBLE+INSPECT]"
P1|N24|F|UNIFORM|d100|p125|f40|b0,F,false,0,0,0,false,false,false,0,0,0,false,false,false,0,false,""
P1|N24|F|UNIFORM|d100|p125|f40|b10,F,false,0,0,0,false,true,false,0,0,0,false,false,false,0,false,""
P1|N24|F|UNIFORM|d100|p125|f40|b25,F,true,6,0,0,true,true,true,6,0,0,true,false,true,6,false,"POOLING C1A0T1I1F1(1,2,1,1)[525,62,ASSEMBLE+INSPECT] vs C1A1T1I2F0(1,3,2,0)[600,57,CUT|ASSEMBLE]"
P1|N24|F|UNIFORM|d100|p125|f40|b50,F,true,32,0,0,true,true,true,28,0,0,true,false,true,22,false,"POOLING C1A0T1I1F1(1,2,1,1)[525,62,ASSEMBLE+INSPECT] vs C1A1T1I2F0(1,3,2,0)[600,57,CUT|ASSEMBLE]"
P1|N24|F|UNIFORM|d100|p125|f60|b0,F,false,0,0,0,false,false,false,0,0,0,false,false,false,0,false,""
P1|N24|F|UNIFORM|d100|p125|f60|b10,F,false,0,0,0,false,false,false,0,0,0,false,false,false,0,false,""
P1|N24|F|UNIFORM|d100|p125|f60|b25,F,false,0,0,0,false,false,false,0,0,0,false,false,false,0,false,""
P1|N24|F|UNIFORM|d100|p125|f60|b50,F,true,12,0,0,true,false,true,16,0,0,true,false,true,12,false,"POOLING C1A0T1I1F0(1,2,1,0)[400,80,ASSEMBLE|INSPECT] vs C1A1T0I0F3(1,1,0,3)[575,61,ASSEMBLE+INSPECT]"
P1|N24|F|UNIFORM|d100|p125|f80|b0,F,false,0,0,0,false,false,false,0,0,0,false,false,false,0,false,""
P1|N24|F|UNIFORM|d100|p125|f80|b10,F,false,0,0,0,false,true,false,0,0,0,false,true,false,0,false,""
P1|N24|F|UNIFORM|d100|p125|f80|b25,F,true,4,0,0,true,true,true,4,0,0,true,true,true,4,true,"POOLING C1A1T0I0F1(1,1,0,1)[325,113,ASSEMBLE+INSPECT] vs C1A0T1I1F0(1,2,1,0)[400,80,ASSEMBLE|INSPECT]"
P1|N24|F|UNIFORM|d100|p125|f80|b50,F,true,5,0,0,true,true,true,5,0,0,true,true,true,5,true,"POOLING C1A1T0I0F1(1,1,0,1)[325,113,ASSEMBLE+INSPECT] vs C1A0T1I1F0(1,2,1,0)[400,80,ASSEMBLE|INSPECT]"
P1|N24|F|UNIFORM|d100|p150|f20|b0,F,false,0,0,0,false,false,false,0,0,0,false,false,false,0,false,""
P1|N24|F|UNIFORM|d100|p150|f20|b10,F,false,0,0,0,false,false,false,0,0,0,false,false,false,0,false,""
P1|N24|F|UNIFORM|d100|p150|f20|b25,F,true,9,0,0,true,false,true,9,0,0,true,false,true,9,false,"POOLING C2A0T2I2F1(2,4,2,1)[950,41,ASSEMBLE+INSPECT] vs C2A1T2I3F0(2,5,3,0)[1000,38,ASSEMBLE]"
P1|N24|F|UNIFORM|d100|p150|f20|b50,F,true,66,0,0,true,false,true,90,0,0,true,false,true,66,false,"POOLING C2A0T2I2F1(2,4,2,1)[950,41,ASSEMBLE+INSPECT] vs C2A1T2I3F0(2,5,3,0)[1000,38,ASSEMBLE]"
P1|N24|F|UNIFORM|d100|p150|f40|b0,F,false,0,0,0,false,false,false,0,0,0,false,false,false,0,false,""
P1|N24|F|UNIFORM|d100|p150|f40|b10,F,true,4,0,0,true,true,true,4,0,0,true,false,true,4,false,"POOLING C1A0T1I1F1(1,2,1,1)[550,62,ASSEMBLE+INSPECT] vs C1A1T1I2F0(1,3,2,0)[600,57,CUT|ASSEMBLE]"
P1|N24|F|UNIFORM|d100|p150|f40|b25,F,true,4,0,0,true,true,true,4,0,0,true,false,true,4,false,"POOLING C1A0T1I1F1(1,2,1,1)[550,62,ASSEMBLE+INSPECT] vs C1A1T1I2F0(1,3,2,0)[600,57,CUT|ASSEMBLE]"
P1|N24|F|UNIFORM|d100|p150|f40|b50,F,true,28,0,0,true,true,true,24,0,0,true,false,true,14,false,"POOLING C1A0T1I1F1(1,2,1,1)[550,62,ASSEMBLE+INSPECT] vs C1A1T1I2F0(1,3,2,0)[600,57,CUT|ASSEMBLE]"
P1|N24|F|UNIFORM|d100|p150|f60|b0,F,false,0,0,0,false,false,false,0,0,0,false,false,false,0,false,""
P1|N24|F|UNIFORM|d100|p150|f60|b10,F,false,0,0,0,false,false,false,0,0,0,false,false,false,0,false,""
P1|N24|F|UNIFORM|d100|p150|f60|b25,F,false,0,0,0,false,false,false,0,0,0,false,false,false,0,false,""
P1|N24|F|UNIFORM|d100|p150|f60|b50,F,true,8,0,0,true,false,true,12,0,0,true,false,true,8,false,"POOLING C1A0T1I2F0(1,2,2,0)[500,79,ASSEMBLE] vs C1A0T1I1F1(1,2,1,1)[550,62,ASSEMBLE+INSPECT]"
P1|N24|F|UNIFORM|d100|p150|f80|b0,F,false,0,0,0,false,false,false,0,0,0,false,false,false,0,false,""
P1|N24|F|UNIFORM|d100|p150|f80|b10,F,false,0,0,0,false,false,false,0,0,0,false,false,false,0,false,""
P1|N24|F|UNIFORM|d100|p150|f80|b25,F,true,2,0,0,true,true,true,2,0,0,true,true,true,2,true,"POOLING C1A1T0I0F1(1,1,0,1)[350,113,ASSEMBLE+INSPECT] vs C1A0T1I1F0(1,2,1,0)[400,80,ASSEMBLE|INSPECT]"
P1|N24|F|UNIFORM|d100|p150|f80|b50,F,true,4,0,0,true,true,true,4,0,0,true,true,true,4,true,"POOLING C1A1T0I0F1(1,1,0,1)[350,113,ASSEMBLE+INSPECT] vs C1A0T1I1F0(1,2,1,0)[400,80,ASSEMBLE|INSPECT]"
P1|N24|F|UNIFORM|d100|p200|f20|b0,F,false,0,0,0,false,false,false,0,0,0,false,false,false,0,false,""
P1|N24|F|UNIFORM|d100|p200|f20|b10,F,false,0,0,0,false,false,false,0,0,0,false,false,false,0,false,""
P1|N24|F|UNIFORM|d100|p200|f20|b25,F,false,0,0,0,false,false,false,0,0,0,false,false,false,0,false,""
P1|N24|F|UNIFORM|d100|p200|f20|b50,F,false,0,0,0,false,false,false,0,0,0,false,false,false,0,false,""
P1|N24|F|UNIFORM|d100|p200|f40|b0,F,false,0,0,0,false,false,false,0,0,0,false,false,false,0,false,""
P1|N24|F|UNIFORM|d100|p200|f40|b10,F,false,0,0,0,false,false,false,0,0,0,false,false,false,0,false,""
P1|N24|F|UNIFORM|d100|p200|f40|b25,F,false,0,0,0,false,false,false,0,0,0,false,false,false,0,false,""
P1|N24|F|UNIFORM|d100|p200|f40|b50,F,false,0,0,0,false,false,false,0,0,0,false,false,false,0,false,""
P1|N24|F|UNIFORM|d100|p200|f60|b0,F,false,0,0,0,false,false,false,0,0,0,false,false,false,0,false,""
P1|N24|F|UNIFORM|d100|p200|f60|b10,F,false,0,0,0,false,false,false,0,0,0,false,false,false,0,false,""
P1|N24|F|UNIFORM|d100|p200|f60|b25,F,false,0,0,0,false,false,false,0,0,0,false,false,false,0,false,""
P1|N24|F|UNIFORM|d100|p200|f60|b50,F,false,0,0,0,false,false,false,0,0,0,false,false,false,0,false,""
P1|N24|F|UNIFORM|d100|p200|f80|b0,F,false,0,0,0,false,false,false,0,0,0,false,false,false,0,false,""
P1|N24|F|UNIFORM|d100|p200|f80|b10,F,false,0,0,0,false,false,false,0,0,0,false,false,false,0,false,""
P1|N24|F|UNIFORM|d100|p200|f80|b25,F,false,0,0,0,false,false,false,0,0,0,false,false,false,0,false,""
P1|N24|F|UNIFORM|d100|p200|f80|b50,F,false,0,0,0,false,false,false,0,0,0,false,false,false,0,false,""
P1|N24|F|WORK|d75|p100|f20|b0,F,false,0,0,0,false,false,false,0,0,0,false,false,false,0,false,""
P1|N24|F|WORK|d75|p100|f20|b10,F,false,0,0,0,false,false,false,0,0,0,false,false,false,0,false,""
P1|N24|F|WORK|d75|p100|f20|b25,F,false,0,0,0,false,false,false,0,0,0,false,false,false,0,false,""
P1|N24|F|WORK|d75|p100|f20|b50,F,true,6,0,1,true,false,true,6,0,1,true,false,true,6,false,"POOLING C2A0T2I2F1(2,4,2,1)[1700,41,ASSEMBLE+INSPECT] vs C2A0T3I3F0(2,6,3,0)[2000,34,CUT|ASSEMBLE|INSPECT]"
P1|N24|F|WORK|d75|p100|f40|b0,F,false,0,0,0,false,false,false,0,0,0,false,false,false,0,false,""
P1|N24|F|WORK|d75|p100|f40|b10,F,false,0,0,0,false,false,false,0,0,0,false,false,false,0,false,""
P1|N24|F|WORK|d75|p100|f40|b25,F,true,4,0,1,true,false,true,3,0,1,true,false,true,2,false,"POOLING C1A0T1I1F1(1,2,1,1)[1000,62,ASSEMBLE+INSPECT] vs C1A1T1I2F0(1,3,2,0)[1150,57,CUT|ASSEMBLE]"
P1|N24|F|WORK|d75|p100|f40|b50,F,true,6,0,1,true,false,true,9,0,1,true,false,true,4,false,"POOLING C1A0T1I1F1(1,2,1,1)[1000,62,ASSEMBLE+INSPECT] vs C1A1T1I2F0(1,3,2,0)[1150,57,CUT|ASSEMBLE]"
P1|N24|F|WORK|d75|p100|f60|b0,F,false,0,0,0,false,false,false,0,0,0,false,false,false,0,false,""
P1|N24|F|WORK|d75|p100|f60|b10,F,false,0,0,0,false,false,false,0,0,0,false,false,false,0,false,""
P1|N24|F|WORK|d75|p100|f60|b25,F,false,0,0,0,false,false,false,0,0,0,false,false,false,0,false,""
P1|N24|F|WORK|d75|p100|f60|b50,F,true,2,0,0,true,false,true,2,0,0,true,false,true,2,false,"POOLING C1A0T1I2F0(1,2,2,0)[850,79,ASSEMBLE] vs C1A0T1I1F1(1,2,1,1)[1000,62,ASSEMBLE+INSPECT]"
P1|N24|F|WORK|d75|p100|f80|b0,F,false,0,0,0,false,false,false,0,0,0,false,false,false,0,false,""
P1|N24|F|WORK|d75|p100|f80|b10,F,false,0,0,0,false,false,false,0,0,0,false,false,false,0,false,""
P1|N24|F|WORK|d75|p100|f80|b25,F,false,0,0,0,false,false,false,0,0,0,false,false,false,0,false,""
P1|N24|F|WORK|d75|p100|f80|b50,F,true,2,0,0,true,false,true,2,0,0,true,false,true,2,false,"POOLING C1A0T1I2F0(1,2,2,0)[850,79,ASSEMBLE] vs C1A0T1I1F1(1,2,1,1)[1000,62,ASSEMBLE+INSPECT]"
P1|N24|F|WORK|d75|p125|f20|b0,F,false,0,0,0,false,false,false,0,0,0,false,false,false,0,false,""
P1|N24|F|WORK|d75|p125|f20|b10,F,false,0,0,0,false,false,false,0,0,0,false,false,false,0,false,""
P1|N24|F|WORK|d75|p125|f20|b25,F,false,0,0,0,false,false,false,0,0,0,false,false,false,0,false,""
P1|N24|F|WORK|d75|p125|f20|b50,F,true,7,0,3,true,false,true,7,0,3,true,false,true,7,false,"POOLING C2A0T2I4F0(2,4,4,0)[1700,43,ASSEMBLE] vs C2A0T2I2F1(2,4,2,1)[1775,41,ASSEMBLE+INSPECT]"
P1|N24|F|WORK|d75|p125|f40|b0,F,false,0,0,0,false,false,false,0,0,0,false,false,false,0,false,""
P1|N24|F|WORK|d75|p125|f40|b10,F,true,1,0,0,true,false,true,1,0,0,true,false,true,1,false,"POOLING C1A0T1I1F1(1,2,1,1)[1075,62,ASSEMBLE+INSPECT] vs C1A1T1I2F0(1,3,2,0)[1150,57,CUT|ASSEMBLE]"
P1|N24|F|WORK|d75|p125|f40|b25,F,true,2,0,0,true,false,true,3,0,0,true,false,true,2,false,"POOLING C1A0T1I1F1(1,2,1,1)[1075,62,ASSEMBLE+INSPECT] vs C1A1T1I2F0(1,3,2,0)[1150,57,CUT|ASSEMBLE]"
P1|N24|F|WORK|d75|p125|f40|b50,F,true,3,0,0,true,false,true,5,0,0,true,false,true,3,false,"POOLING C1A0T1I1F1(1,2,1,1)[1075,62,ASSEMBLE+INSPECT] vs C1A1T1I2F0(1,3,2,0)[1150,57,CUT|ASSEMBLE]"
P1|N24|F|WORK|d75|p125|f60|b0,F,false,0,0,0,false,false,false,0,0,0,false,false,false,0,false,""
P1|N24|F|WORK|d75|p125|f60|b10,F,false,0,0,0,false,false,false,0,0,0,false,false,false,0,false,""
P1|N24|F|WORK|d75|p125|f60|b25,F,false,0,0,0,false,false,false,0,0,0,false,false,false,0,false,""
P1|N24|F|WORK|d75|p125|f60|b50,F,false,0,0,0,false,false,false,0,0,0,false,false,false,0,false,""
P1|N24|F|WORK|d75|p125|f80|b0,F,false,0,0,0,false,false,false,0,0,0,false,false,false,0,false,""
P1|N24|F|WORK|d75|p125|f80|b10,F,false,0,0,0,false,false,false,0,0,0,false,false,false,0,false,""
P1|N24|F|WORK|d75|p125|f80|b25,F,false,0,0,0,false,false,false,0,0,0,false,false,false,0,false,""
P1|N24|F|WORK|d75|p125|f80|b50,F,false,0,0,0,false,false,false,0,0,0,false,false,false,0,false,""
P1|N24|F|WORK|d75|p150|f20|b0,F,false,0,0,0,false,false,false,0,0,0,false,false,false,0,false,""
P1|N24|F|WORK|d75|p150|f20|b10,F,false,0,0,0,false,false,false,0,0,0,false,false,false,0,false,""
P1|N24|F|WORK|d75|p150|f20|b25,F,false,0,0,0,false,false,false,0,0,0,false,false,false,0,false,""
P1|N24|F|WORK|d75|p150|f20|b50,F,true,0,0,3,false,false,true,0,0,3,false,false,false,0,false,""
P1|N24|F|WORK|d75|p150|f40|b0,F,false,0,0,0,false,false,false,0,0,0,false,false,false,0,false,""
P1|N24|F|WORK|d75|p150|f40|b10,F,false,0,0,0,false,false,false,0,0,0,false,false,false,0,false,""
P1|N24|F|WORK|d75|p150|f40|b25,F,false,0,0,0,false,false,false,0,0,0,false,false,false,0,false,""
P1|N24|F|WORK|d75|p150|f40|b50,F,false,0,0,0,false,false,false,0,0,0,false,false,false,0,false,""
P1|N24|F|WORK|d75|p150|f60|b0,F,false,0,0,0,false,false,false,0,0,0,false,false,false,0,false,""
P1|N24|F|WORK|d75|p150|f60|b10,F,false,0,0,0,false,false,false,0,0,0,false,false,false,0,false,""
P1|N24|F|WORK|d75|p150|f60|b25,F,false,0,0,0,false,false,false,0,0,0,false,false,false,0,false,""
P1|N24|F|WORK|d75|p150|f60|b50,F,false,0,0,0,false,false,false,0,0,0,false,false,false,0,false,""
P1|N24|F|WORK|d75|p150|f80|b0,F,false,0,0,0,false,false,false,0,0,0,false,false,false,0,false,""
P1|N24|F|WORK|d75|p150|f80|b10,F,false,0,0,0,false,false,false,0,0,0,false,false,false,0,false,""
P1|N24|F|WORK|d75|p150|f80|b25,F,false,0,0,0,false,false,false,0,0,0,false,false,false,0,false,""
P1|N24|F|WORK|d75|p150|f80|b50,F,false,0,0,0,false,false,false,0,0,0,false,false,false,0,false,""
P1|N24|F|WORK|d75|p200|f20|b0,F,false,0,0,0,false,false,false,0,0,0,false,false,false,0,false,""
P1|N24|F|WORK|d75|p200|f20|b10,F,false,0,0,0,false,false,false,0,0,0,false,false,false,0,false,""
P1|N24|F|WORK|d75|p200|f20|b25,F,false,0,0,0,false,false,false,0,0,0,false,false,false,0,false,""
P1|N24|F|WORK|d75|p200|f20|b50,F,true,0,0,3,false,false,true,0,0,3,false,false,false,0,false,""
P1|N24|F|WORK|d75|p200|f40|b0,F,false,0,0,0,false,false,false,0,0,0,false,false,false,0,false,""
P1|N24|F|WORK|d75|p200|f40|b10,F,false,0,0,0,false,false,false,0,0,0,false,false,false,0,false,""
P1|N24|F|WORK|d75|p200|f40|b25,F,false,0,0,0,false,false,false,0,0,0,false,false,false,0,false,""
P1|N24|F|WORK|d75|p200|f40|b50,F,false,0,0,0,false,false,false,0,0,0,false,false,false,0,false,""
P1|N24|F|WORK|d75|p200|f60|b0,F,false,0,0,0,false,false,false,0,0,0,false,false,false,0,false,""
P1|N24|F|WORK|d75|p200|f60|b10,F,false,0,0,0,false,false,false,0,0,0,false,false,false,0,false,""
P1|N24|F|WORK|d75|p200|f60|b25,F,false,0,0,0,false,false,false,0,0,0,false,false,false,0,false,""
P1|N24|F|WORK|d75|p200|f60|b50,F,false,0,0,0,false,false,false,0,0,0,false,false,false,0,false,""
P1|N24|F|WORK|d75|p200|f80|b0,F,false,0,0,0,false,false,false,0,0,0,false,false,false,0,false,""
P1|N24|F|WORK|d75|p200|f80|b10,F,false,0,0,0,false,false,false,0,0,0,false,false,false,0,false,""
P1|N24|F|WORK|d75|p200|f80|b25,F,false,0,0,0,false,false,false,0,0,0,false,false,false,0,false,""
P1|N24|F|WORK|d75|p200|f80|b50,F,false,0,0,0,false,false,false,0,0,0,false,false,false,0,false,""
P1|N24|F|WORK|d90|p100|f20|b0,F,false,0,0,0,false,false,false,0,0,0,false,false,false,0,false,""
P1|N24|F|WORK|d90|p100|f20|b10,F,false,0,0,0,false,false,false,0,0,0,false,false,false,0,false,""
P1|N24|F|WORK|d90|p100|f20|b25,F,true,1,0,0,true,false,true,2,0,0,true,false,true,0,false,"POOLING C2A0T1I1F3(2,2,1,3)[1790,43,ASSEMBLE+INSPECT] vs C2A0T2I2F1(2,4,2,1)[1880,41,ASSEMBLE+INSPECT]"
P1|N24|F|WORK|d90|p100|f20|b50,F,true,15,0,1,true,false,true,16,0,1,true,false,true,6,false,"POOLING C2A0T1I1F3(2,2,1,3)[1790,43,ASSEMBLE+INSPECT] vs C2A0T2I2F1(2,4,2,1)[1880,41,ASSEMBLE+INSPECT]"
P1|N24|F|WORK|d90|p100|f40|b0,F,false,0,0,0,false,false,false,0,0,0,false,false,false,0,false,""
P1|N24|F|WORK|d90|p100|f40|b10,F,false,0,0,0,false,false,false,0,0,0,false,false,false,0,false,""
P1|N24|F|WORK|d90|p100|f40|b25,F,true,4,0,1,true,false,true,3,0,1,true,false,true,2,false,"POOLING C1A0T1I1F1(1,2,1,1)[1090,62,ASSEMBLE+INSPECT] vs C1A1T1I2F0(1,3,2,0)[1240,57,CUT|ASSEMBLE]"
P1|N24|F|WORK|d90|p100|f40|b50,F,true,10,0,1,true,false,true,12,0,1,true,false,true,7,false,"POOLING C1A0T1I1F1(1,2,1,1)[1090,62,ASSEMBLE+INSPECT] vs C1A1T1I2F0(1,3,2,0)[1240,57,CUT|ASSEMBLE]"
P1|N24|F|WORK|d90|p100|f60|b0,F,false,0,0,0,false,false,false,0,0,0,false,false,false,0,false,""
P1|N24|F|WORK|d90|p100|f60|b10,F,false,0,0,0,false,false,false,0,0,0,false,false,false,0,false,""
P1|N24|F|WORK|d90|p100|f60|b25,F,false,0,0,0,false,false,false,0,0,0,false,false,false,0,false,""
P1|N24|F|WORK|d90|p100|f60|b50,F,true,5,0,0,true,false,true,5,0,0,true,false,true,5,false,"POOLING C1A0T1I2F0(1,2,2,0)[940,79,ASSEMBLE] vs C1A0T0I0F3(1,0,0,3)[1000,78,ASSEMBLE+INSPECT]"
P1|N24|F|WORK|d90|p100|f80|b0,F,false,0,0,0,false,false,false,0,0,0,false,false,false,0,false,""
P1|N24|F|WORK|d90|p100|f80|b10,F,false,0,0,0,false,false,false,0,0,0,false,false,false,0,false,""
P1|N24|F|WORK|d90|p100|f80|b25,F,true,1,0,0,true,true,true,1,0,0,true,true,true,1,true,"POOLING C1A0T0I0F2(1,0,0,2)[700,112,ASSEMBLE+INSPECT] vs C1A0T1I1F0(1,2,1,0)[790,80,ASSEMBLE|INSPECT]"
P1|N24|F|WORK|d90|p100|f80|b50,F,true,5,0,0,true,true,true,5,0,0,true,true,true,5,true,"POOLING C1A0T0I0F2(1,0,0,2)[700,112,ASSEMBLE+INSPECT] vs C1A0T1I1F0(1,2,1,0)[790,80,ASSEMBLE|INSPECT]"
P1|N24|F|WORK|d90|p125|f20|b0,F,false,0,0,0,false,false,false,0,0,0,false,false,false,0,false,""
P1|N24|F|WORK|d90|p125|f20|b10,F,false,0,0,0,false,false,false,0,0,0,false,false,false,0,false,""
P1|N24|F|WORK|d90|p125|f20|b25,F,true,1,0,0,true,false,true,1,0,0,true,false,true,0,false,"POOLING C2A0T2I4F0(2,4,4,0)[1880,43,ASSEMBLE] vs C2A0T2I2F1(2,4,2,1)[1955,41,ASSEMBLE+INSPECT]"
P1|N24|F|WORK|d90|p125|f20|b50,F,true,11,0,3,true,false,true,9,0,0,true,false,true,5,false,"POOLING C2A0T2I4F0(2,4,4,0)[1880,43,ASSEMBLE] vs C2A0T2I2F1(2,4,2,1)[1955,41,ASSEMBLE+INSPECT]"
P1|N24|F|WORK|d90|p125|f40|b0,F,false,0,0,0,false,false,false,0,0,0,false,false,false,0,false,""
P1|N24|F|WORK|d90|p125|f40|b10,F,true,1,0,0,true,false,true,1,0,0,true,false,true,1,false,"POOLING C1A0T1I1F1(1,2,1,1)[1165,62,ASSEMBLE+INSPECT] vs C1A1T1I2F0(1,3,2,0)[1240,57,CUT|ASSEMBLE]"
P1|N24|F|WORK|d90|p125|f40|b25,F,true,2,0,0,true,false,true,3,0,0,true,false,true,2,false,"POOLING C1A0T1I1F1(1,2,1,1)[1165,62,ASSEMBLE+INSPECT] vs C1A1T1I2F0(1,3,2,0)[1240,57,CUT|ASSEMBLE]"
P1|N24|F|WORK|d90|p125|f40|b50,F,true,4,0,1,true,false,true,7,0,0,true,false,true,3,false,"POOLING C1A0T1I1F1(1,2,1,1)[1165,62,ASSEMBLE+INSPECT] vs C1A1T1I2F0(1,3,2,0)[1240,57,CUT|ASSEMBLE]"
P1|N24|F|WORK|d90|p125|f60|b0,F,false,0,0,0,false,false,false,0,0,0,false,false,false,0,false,""
P1|N24|F|WORK|d90|p125|f60|b10,F,false,0,0,0,false,false,false,0,0,0,false,false,false,0,false,""
P1|N24|F|WORK|d90|p125|f60|b25,F,false,0,0,0,false,false,false,0,0,0,false,false,false,0,false,""
P1|N24|F|WORK|d90|p125|f60|b50,F,true,2,0,0,true,false,true,2,0,0,true,false,true,2,false,"POOLING C1A0T1I2F0(1,2,2,0)[940,79,ASSEMBLE] vs C1A0T1I1F1(1,2,1,1)[1165,62,ASSEMBLE+INSPECT]"
P1|N24|F|WORK|d90|p125|f80|b0,F,false,0,0,0,false,false,false,0,0,0,false,false,false,0,false,""
P1|N24|F|WORK|d90|p125|f80|b10,F,true,1,0,0,true,true,true,1,0,0,true,true,true,1,true,"POOLING C1A1T0I0F1(1,1,0,1)[775,113,ASSEMBLE+INSPECT] vs C1A0T1I1F0(1,2,1,0)[790,80,ASSEMBLE|INSPECT]"
P1|N24|F|WORK|d90|p125|f80|b25,F,true,2,0,0,true,true,true,2,0,0,true,true,true,2,true,"POOLING C1A1T0I0F1(1,1,0,1)[775,113,ASSEMBLE+INSPECT] vs C1A0T1I1F0(1,2,1,0)[790,80,ASSEMBLE|INSPECT]"
P1|N24|F|WORK|d90|p125|f80|b50,F,true,3,0,0,true,true,true,3,0,0,true,true,true,3,true,"POOLING C1A1T0I0F1(1,1,0,1)[775,113,ASSEMBLE+INSPECT] vs C1A0T1I1F0(1,2,1,0)[790,80,ASSEMBLE|INSPECT]"
P1|N24|F|WORK|d90|p150|f20|b0,F,false,0,0,0,false,false,false,0,0,0,false,false,false,0,false,""
P1|N24|F|WORK|d90|p150|f20|b10,F,false,0,0,0,false,false,false,0,0,0,false,false,false,0,false,""
P1|N24|F|WORK|d90|p150|f20|b25,F,false,0,0,0,false,false,false,0,0,0,false,false,false,0,false,""
P1|N24|F|WORK|d90|p150|f20|b50,F,true,3,0,5,true,false,true,3,0,5,true,false,true,3,false,"POOLING C2A0T2I4F0(2,4,4,0)[1880,43,ASSEMBLE] vs C2A0T2I3F1(2,4,3,1)[2180,37,ASSEMBLE+INSPECT]"
P1|N24|F|WORK|d90|p150|f40|b0,F,false,0,0,0,false,false,false,0,0,0,false,false,false,0,false,""
P1|N24|F|WORK|d90|p150|f40|b10,F,false,0,0,0,false,false,false,0,0,0,false,false,false,0,false,""
P1|N24|F|WORK|d90|p150|f40|b25,F,false,0,0,0,false,false,true,1,0,0,true,false,false,0,false,""
P1|N24|F|WORK|d90|p150|f40|b50,F,true,0,0,1,false,false,true,2,0,1,true,false,false,0,false,""
P1|N24|F|WORK|d90|p150|f60|b0,F,false,0,0,0,false,false,false,0,0,0,false,false,false,0,false,""
P1|N24|F|WORK|d90|p150|f60|b10,F,false,0,0,0,false,false,false,0,0,0,false,false,false,0,false,""
P1|N24|F|WORK|d90|p150|f60|b25,F,false,0,0,0,false,false,false,0,0,0,false,false,false,0,false,""
P1|N24|F|WORK|d90|p150|f60|b50,F,false,0,0,0,false,false,false,0,0,0,false,false,false,0,false,""
P1|N24|F|WORK|d90|p150|f80|b0,F,false,0,0,0,false,false,false,0,0,0,false,false,false,0,false,""
P1|N24|F|WORK|d90|p150|f80|b10,F,false,0,0,0,false,false,false,0,0,0,false,false,false,0,false,""
P1|N24|F|WORK|d90|p150|f80|b25,F,false,0,0,0,false,false,false,0,0,0,false,false,false,0,false,""
P1|N24|F|WORK|d90|p150|f80|b50,F,false,0,0,0,false,false,false,0,0,0,false,false,false,0,false,""
P1|N24|F|WORK|d90|p200|f20|b0,F,false,0,0,0,false,false,false,0,0,0,false,false,false,0,false,""
P1|N24|F|WORK|d90|p200|f20|b10,F,false,0,0,0,false,false,false,0,0,0,false,false,false,0,false,""
P1|N24|F|WORK|d90|p200|f20|b25,F,false,0,0,0,false,false,false,0,0,0,false,false,false,0,false,""
P1|N24|F|WORK|d90|p200|f20|b50,F,true,0,0,5,false,false,true,0,0,5,false,false,false,0,false,""
P1|N24|F|WORK|d90|p200|f40|b0,F,false,0,0,0,false,false,false,0,0,0,false,false,false,0,false,""
P1|N24|F|WORK|d90|p200|f40|b10,F,false,0,0,0,false,false,false,0,0,0,false,false,false,0,false,""
P1|N24|F|WORK|d90|p200|f40|b25,F,false,0,0,0,false,false,false,0,0,0,false,false,false,0,false,""
P1|N24|F|WORK|d90|p200|f40|b50,F,true,0,0,1,false,false,true,0,0,1,false,false,false,0,false,""
P1|N24|F|WORK|d90|p200|f60|b0,F,false,0,0,0,false,false,false,0,0,0,false,false,false,0,false,""
P1|N24|F|WORK|d90|p200|f60|b10,F,false,0,0,0,false,false,false,0,0,0,false,false,false,0,false,""
P1|N24|F|WORK|d90|p200|f60|b25,F,false,0,0,0,false,false,false,0,0,0,false,false,false,0,false,""
P1|N24|F|WORK|d90|p200|f60|b50,F,false,0,0,0,false,false,false,0,0,0,false,false,false,0,false,""
P1|N24|F|WORK|d90|p200|f80|b0,F,false,0,0,0,false,false,false,0,0,0,false,false,false,0,false,""
P1|N24|F|WORK|d90|p200|f80|b10,F,false,0,0,0,false,false,false,0,0,0,false,false,false,0,false,""
P1|N24|F|WORK|d90|p200|f80|b25,F,false,0,0,0,false,false,false,0,0,0,false,false,false,0,false,""
P1|N24|F|WORK|d90|p200|f80|b50,F,false,0,0,0,false,false,false,0,0,0,false,false,false,0,false,""
P1|N24|F|WORK|d100|p100|f20|b0,F,false,0,0,0,false,false,false,0,0,0,false,false,false,0,false,""
P1|N24|F|WORK|d100|p100|f20|b10,F,false,0,0,0,false,false,true,15,0,0,true,false,false,0,false,""
P1|N24|F|WORK|d100|p100|f20|b25,F,true,12,0,0,true,false,true,15,0,0,true,false,true,0,false,"POOLING C2A0T1I1F3(2,2,1,3)[1850,43,ASSEMBLE+INSPECT] vs C3A0T2I2F1(3,4,2,1)[2100,40,ASSEMBLE+INSPECT]"
P1|N24|F|WORK|d100|p100|f20|b50,F,true,177,0,13,true,false,true,169,0,9,true,false,true,48,false,"POOLING C2A0T2I2F0(2,4,2,0)[1700,44,ASSEMBLE|INSPECT] vs C2A1T1I2F3(2,3,2,3)[2300,35,ASSEMBLE+INSPECT]"
P1|N24|F|WORK|d100|p100|f40|b0,F,false,0,0,0,false,false,false,0,0,0,false,false,false,0,false,""
P1|N24|F|WORK|d100|p100|f40|b10,F,false,0,0,0,false,false,false,0,0,0,false,false,false,0,false,""
P1|N24|F|WORK|d100|p100|f40|b25,F,true,16,0,4,true,false,true,18,0,4,true,false,true,8,false,"POOLING C1A0T1I1F1(1,2,1,1)[1150,62,ASSEMBLE+INSPECT] vs C1A1T1I2F0(1,3,2,0)[1300,57,CUT|ASSEMBLE]"
P1|N24|F|WORK|d100|p100|f40|b50,F,true,46,2,4,true,false,true,71,2,4,true,false,true,36,false,"POOLING C1A0T1I1F1(1,2,1,1)[1150,62,ASSEMBLE+INSPECT] vs C1A1T1I2F0(1,3,2,0)[1300,57,CUT|ASSEMBLE]"
P1|N24|F|WORK|d100|p100|f60|b0,F,false,0,0,0,false,false,false,0,0,0,false,false,false,0,false,""
P1|N24|F|WORK|d100|p100|f60|b10,F,false,0,0,0,false,false,false,0,0,0,false,false,false,0,false,""
P1|N24|F|WORK|d100|p100|f60|b25,F,false,0,0,0,false,false,false,0,0,0,false,false,false,0,false,""
P1|N24|F|WORK|d100|p100|f60|b50,F,true,8,0,0,true,false,true,8,0,0,true,false,true,8,false,"POOLING C1A0T0I0F3(1,0,0,3)[1000,78,ASSEMBLE+INSPECT] vs C1A0T1I1F1(1,2,1,1)[1150,62,ASSEMBLE+INSPECT]"
P1|N24|F|WORK|d100|p100|f80|b0,F,false,0,0,0,false,false,false,0,0,0,false,false,false,0,false,""
P1|N24|F|WORK|d100|p100|f80|b10,F,false,0,0,0,false,false,false,0,0,0,false,false,false,0,false,""
P1|N24|F|WORK|d100|p100|f80|b25,F,true,4,0,0,true,true,true,4,0,0,true,true,true,4,true,"POOLING C1A0T0I0F2(1,0,0,2)[700,112,ASSEMBLE+INSPECT] vs C1A0T1I1F0(1,2,1,0)[850,80,ASSEMBLE|INSPECT]"
P1|N24|F|WORK|d100|p100|f80|b50,F,true,5,0,0,true,true,true,5,0,0,true,true,true,5,true,"POOLING C1A0T0I0F2(1,0,0,2)[700,112,ASSEMBLE+INSPECT] vs C1A0T1I1F0(1,2,1,0)[850,80,ASSEMBLE|INSPECT]"
P1|N24|F|WORK|d100|p125|f20|b0,F,false,0,0,0,false,false,false,0,0,0,false,false,false,0,false,""
P1|N24|F|WORK|d100|p125|f20|b10,F,false,0,0,0,false,false,false,0,0,0,false,false,false,0,false,""
P1|N24|F|WORK|d100|p125|f20|b25,F,true,9,0,0,true,false,true,6,0,0,true,false,true,0,false,"POOLING C2A0T2I4F0(2,4,4,0)[2000,43,ASSEMBLE] vs C2A0T2I2F1(2,4,2,1)[2075,41,ASSEMBLE+INSPECT]"
P1|N24|F|WORK|d100|p125|f20|b50,F,true,117,0,33,true,false,true,109,0,0,true,false,true,57,false,"POOLING C2A0T2I4F0(2,4,4,0)[2000,43,ASSEMBLE] vs C2A0T2I2F1(2,4,2,1)[2075,41,ASSEMBLE+INSPECT]"
P1|N24|F|WORK|d100|p125|f40|b0,F,false,0,0,0,false,false,false,0,0,0,false,false,false,0,false,""
P1|N24|F|WORK|d100|p125|f40|b10,F,true,4,0,0,true,false,true,4,0,0,true,false,true,4,false,"POOLING C1A0T1I1F1(1,2,1,1)[1225,62,ASSEMBLE+INSPECT] vs C1A1T1I2F0(1,3,2,0)[1300,57,CUT|ASSEMBLE]"
P1|N24|F|WORK|d100|p125|f40|b25,F,true,8,0,0,true,false,true,12,0,0,true,false,true,8,false,"POOLING C1A0T1I1F1(1,2,1,1)[1225,62,ASSEMBLE+INSPECT] vs C1A1T1I2F0(1,3,2,0)[1300,57,CUT|ASSEMBLE]"
P1|N24|F|WORK|d100|p125|f40|b50,F,true,22,6,6,true,false,true,34,0,0,true,false,true,14,false,"POOLING C1A0T1I1F1(1,2,1,1)[1225,62,ASSEMBLE+INSPECT] vs C1A1T1I2F0(1,3,2,0)[1300,57,CUT|ASSEMBLE]"
P1|N24|F|WORK|d100|p125|f60|b0,F,false,0,0,0,false,false,false,0,0,0,false,false,false,0,false,""
P1|N24|F|WORK|d100|p125|f60|b10,F,false,0,0,0,false,false,false,0,0,0,false,false,false,0,false,""
P1|N24|F|WORK|d100|p125|f60|b25,F,false,0,0,0,false,false,false,0,0,0,false,false,false,0,false,""
P1|N24|F|WORK|d100|p125|f60|b50,F,true,8,0,0,true,false,true,8,0,0,true,false,true,8,false,"POOLING C1A0T1I2F0(1,2,2,0)[1000,79,ASSEMBLE] vs C1A0T1I1F1(1,2,1,1)[1225,62,ASSEMBLE+INSPECT]"
P1|N24|F|WORK|d100|p125|f80|b0,F,false,0,0,0,false,false,false,0,0,0,false,false,false,0,false,""
P1|N24|F|WORK|d100|p125|f80|b10,F,true,2,0,0,true,true,true,2,0,0,true,true,true,2,true,"POOLING C1A1T0I0F1(1,1,0,1)[775,113,ASSEMBLE+INSPECT] vs C1A0T1I1F0(1,2,1,0)[850,80,ASSEMBLE|INSPECT]"
P1|N24|F|WORK|d100|p125|f80|b25,F,true,2,0,0,true,true,true,2,0,0,true,true,true,2,true,"POOLING C1A1T0I0F1(1,1,0,1)[775,113,ASSEMBLE+INSPECT] vs C1A0T1I1F0(1,2,1,0)[850,80,ASSEMBLE|INSPECT]"
P1|N24|F|WORK|d100|p125|f80|b50,F,true,6,0,0,true,true,true,6,0,0,true,true,true,6,true,"POOLING C1A1T0I0F1(1,1,0,1)[775,113,ASSEMBLE+INSPECT] vs C1A0T1I1F0(1,2,1,0)[850,80,ASSEMBLE|INSPECT]"
P1|N24|F|WORK|d100|p150|f20|b0,F,false,0,0,0,false,false,false,0,0,0,false,false,false,0,false,""
P1|N24|F|WORK|d100|p150|f20|b10,F,false,0,0,0,false,false,false,0,0,0,false,false,false,0,false,""
P1|N24|F|WORK|d100|p150|f20|b25,F,false,0,0,0,false,false,true,6,0,0,true,false,false,0,false,""
P1|N24|F|WORK|d100|p150|f20|b50,F,true,33,0,57,true,false,true,67,0,57,true,false,true,33,false,"POOLING C2A0T2I4F0(2,4,4,0)[2000,43,ASSEMBLE] vs C2A0T2I3F1(2,4,3,1)[2300,37,ASSEMBLE+INSPECT]"
P1|N24|F|WORK|d100|p150|f40|b0,F,false,0,0,0,false,false,false,0,0,0,false,false,false,0,false,""
P1|N24|F|WORK|d100|p150|f40|b10,F,false,0,0,0,false,false,false,0,0,0,false,false,false,0,false,""
P1|N24|F|WORK|d100|p150|f40|b25,F,false,0,0,0,false,false,true,4,0,0,true,false,false,0,false,""
P1|N24|F|WORK|d100|p150|f40|b50,F,true,0,6,6,true,false,true,24,6,6,true,false,true,6,false,"MATERIAL_DEDICATED C3A1T1I3F0(3,3,3,0)[1650,53,ASSEMBLE] vs C2A0T2I2F0(2,4,2,0)[1700,44,ASSEMBLE|INSPECT] surplusEffect=3 threshold=3"
P1|N24|F|WORK|d100|p150|f60|b0,F,false,0,0,0,false,false,false,0,0,0,false,false,false,0,false,""
P1|N24|F|WORK|d100|p150|f60|b10,F,false,0,0,0,false,false,false,0,0,0,false,false,false,0,false,""
P1|N24|F|WORK|d100|p150|f60|b25,F,false,0,0,0,false,false,false,0,0,0,false,false,false,0,false,""
P1|N24|F|WORK|d100|p150|f60|b50,F,false,0,0,0,false,false,false,0,0,0,false,false,false,0,false,""
P1|N24|F|WORK|d100|p150|f80|b0,F,false,0,0,0,false,false,false,0,0,0,false,false,false,0,false,""
P1|N24|F|WORK|d100|p150|f80|b10,F,false,0,0,0,false,false,false,0,0,0,false,false,false,0,false,""
P1|N24|F|WORK|d100|p150|f80|b25,F,false,0,0,0,false,false,false,0,0,0,false,false,false,0,false,""
P1|N24|F|WORK|d100|p150|f80|b50,F,false,0,0,0,false,false,false,0,0,0,false,false,false,0,false,""
P1|N24|F|WORK|d100|p200|f20|b0,F,false,0,0,0,false,false,false,0,0,0,false,false,false,0,false,""
P1|N24|F|WORK|d100|p200|f20|b10,F,false,0,0,0,false,false,false,0,0,0,false,false,false,0,false,""
P1|N24|F|WORK|d100|p200|f20|b25,F,false,0,0,0,false,false,false,0,0,0,false,false,false,0,false,""
P1|N24|F|WORK|d100|p200|f20|b50,F,true,0,0,57,false,false,true,0,0,57,false,false,false,0,false,""
P1|N24|F|WORK|d100|p200|f40|b0,F,false,0,0,0,false,false,false,0,0,0,false,false,false,0,false,""
P1|N24|F|WORK|d100|p200|f40|b10,F,false,0,0,0,false,false,false,0,0,0,false,false,false,0,false,""
P1|N24|F|WORK|d100|p200|f40|b25,F,false,0,0,0,false,false,false,0,0,0,false,false,false,0,false,""
P1|N24|F|WORK|d100|p200|f40|b50,F,true,0,6,6,true,false,true,0,6,6,true,false,true,6,false,"MATERIAL_DEDICATED C3A1T1I3F0(3,3,3,0)[1650,53,ASSEMBLE] vs C2A0T2I2F0(2,4,2,0)[1700,44,ASSEMBLE|INSPECT] surplusEffect=3 threshold=3"
P1|N24|F|WORK|d100|p200|f60|b0,F,false,0,0,0,false,false,false,0,0,0,false,false,false,0,false,""
P1|N24|F|WORK|d100|p200|f60|b10,F,false,0,0,0,false,false,false,0,0,0,false,false,false,0,false,""
P1|N24|F|WORK|d100|p200|f60|b25,F,false,0,0,0,false,false,false,0,0,0,false,false,false,0,false,""
P1|N24|F|WORK|d100|p200|f60|b50,F,false,0,0,0,false,false,false,0,0,0,false,false,false,0,false,""
P1|N24|F|WORK|d100|p200|f80|b0,F,false,0,0,0,false,false,false,0,0,0,false,false,false,0,false,""
P1|N24|F|WORK|d100|p200|f80|b10,F,false,0,0,0,false,false,false,0,0,0,false,false,false,0,false,""
P1|N24|F|WORK|d100|p200|f80|b25,F,false,0,0,0,false,false,false,0,0,0,false,false,false,0,false,""
P1|N24|F|WORK|d100|p200|f80|b50,F,false,0,0,0,false,false,false,0,0,0,false,false,false,0,false,""
P2|N6|D|UNIFORM|d75|p0|f20|b0,D,false,0,0,0,false,false,false,0,0,0,false,false,false,0,false,""
P2|N6|D|UNIFORM|d75|p0|f20|b10,D,false,0,0,0,false,false,false,0,0,0,false,false,false,0,false,""
P2|N6|D|UNIFORM|d75|p0|f20|b25,D,false,0,0,0,false,false,false,0,0,0,false,false,false,0,false,""
P2|N6|D|UNIFORM|d75|p0|f20|b50,D,true,0,0,1,false,false,true,0,0,1,false,false,false,0,false,""
P2|N6|D|UNIFORM|d75|p0|f40|b0,D,false,0,0,0,false,false,false,0,0,0,false,false,false,0,false,""
P2|N6|D|UNIFORM|d75|p0|f40|b10,D,false,0,0,0,false,false,false,0,0,0,false,false,false,0,false,""
P2|N6|D|UNIFORM|d75|p0|f40|b25,D,false,0,0,0,false,false,false,0,0,0,false,false,false,0,false,""
P2|N6|D|UNIFORM|d75|p0|f40|b50,D,false,0,0,0,false,false,false,0,0,0,false,false,false,0,false,""
P2|N6|D|UNIFORM|d75|p0|f60|b0,D,false,0,0,0,false,false,false,0,0,0,false,false,false,0,false,""
P2|N6|D|UNIFORM|d75|p0|f60|b10,D,false,0,0,0,false,false,false,0,0,0,false,false,false,0,false,""
P2|N6|D|UNIFORM|d75|p0|f60|b25,D,false,0,0,0,false,true,false,0,0,0,false,true,false,0,false,""
P2|N6|D|UNIFORM|d75|p0|f60|b50,D,false,0,0,0,false,true,false,0,0,0,false,true,false,0,false,""
P2|N6|D|UNIFORM|d75|p0|f80|b0,D,false,0,0,0,false,false,false,0,0,0,false,false,false,0,false,""
P2|N6|D|UNIFORM|d75|p0|f80|b10,D,false,0,0,0,false,false,false,0,0,0,false,false,false,0,false,""
P2|N6|D|UNIFORM|d75|p0|f80|b25,D,false,0,0,0,false,true,false,0,0,0,false,true,false,0,false,""
P2|N6|D|UNIFORM|d75|p0|f80|b50,D,false,0,0,0,false,true,false,0,0,0,false,true,false,0,false,""
P2|N6|D|UNIFORM|d90|p0|f20|b0,D,false,0,0,0,false,false,false,0,0,0,false,false,false,0,false,""
P2|N6|D|UNIFORM|d90|p0|f20|b10,D,false,0,0,0,false,false,false,0,0,0,false,false,false,0,false,""
P2|N6|D|UNIFORM|d90|p0|f20|b25,D,false,0,0,0,false,false,false,0,0,0,false,false,false,0,false,""
P2|N6|D|UNIFORM|d90|p0|f20|b50,D,true,0,0,1,false,false,true,0,0,1,false,false,false,0,false,""
P2|N6|D|UNIFORM|d90|p0|f40|b0,D,false,0,0,0,false,false,false,0,0,0,false,false,false,0,false,""
P2|N6|D|UNIFORM|d90|p0|f40|b10,D,false,0,0,0,false,false,false,0,0,0,false,false,false,0,false,""
P2|N6|D|UNIFORM|d90|p0|f40|b25,D,false,0,0,0,false,false,false,0,0,0,false,false,false,0,false,""
P2|N6|D|UNIFORM|d90|p0|f40|b50,D,false,0,0,0,false,false,false,0,0,0,false,false,false,0,false,""
P2|N6|D|UNIFORM|d90|p0|f60|b0,D,false,0,0,0,false,false,false,0,0,0,false,false,false,0,false,""
P2|N6|D|UNIFORM|d90|p0|f60|b10,D,false,0,0,0,false,false,false,0,0,0,false,false,false,0,false,""
P2|N6|D|UNIFORM|d90|p0|f60|b25,D,false,0,0,0,false,true,false,0,0,0,false,true,false,0,false,""
P2|N6|D|UNIFORM|d90|p0|f60|b50,D,false,0,0,0,false,true,false,0,0,0,false,true,false,0,false,""
P2|N6|D|UNIFORM|d90|p0|f80|b0,D,false,0,0,0,false,false,false,0,0,0,false,false,false,0,false,""
P2|N6|D|UNIFORM|d90|p0|f80|b10,D,false,0,0,0,false,false,false,0,0,0,false,false,false,0,false,""
P2|N6|D|UNIFORM|d90|p0|f80|b25,D,false,0,0,0,false,true,false,0,0,0,false,true,false,0,false,""
P2|N6|D|UNIFORM|d90|p0|f80|b50,D,false,0,0,0,false,true,false,0,0,0,false,true,false,0,false,""
P2|N6|D|UNIFORM|d100|p0|f20|b0,D,false,0,0,0,false,false,false,0,0,0,false,false,false,0,false,""
P2|N6|D|UNIFORM|d100|p0|f20|b10,D,false,0,0,0,false,false,false,0,0,0,false,false,false,0,false,""
P2|N6|D|UNIFORM|d100|p0|f20|b25,D,false,0,0,0,false,false,false,0,0,0,false,false,false,0,false,""
P2|N6|D|UNIFORM|d100|p0|f20|b50,D,true,0,0,4,false,false,true,0,0,4,false,false,false,0,false,""
P2|N6|D|UNIFORM|d100|p0|f40|b0,D,false,0,0,0,false,false,false,0,0,0,false,false,false,0,false,""
P2|N6|D|UNIFORM|d100|p0|f40|b10,D,false,0,0,0,false,false,false,0,0,0,false,false,false,0,false,""
P2|N6|D|UNIFORM|d100|p0|f40|b25,D,false,0,0,0,false,false,false,0,0,0,false,false,false,0,false,""
P2|N6|D|UNIFORM|d100|p0|f40|b50,D,true,0,0,4,false,false,true,0,0,4,false,false,false,0,false,""
P2|N6|D|UNIFORM|d100|p0|f60|b0,D,false,0,0,0,false,false,false,0,0,0,false,false,false,0,false,""
P2|N6|D|UNIFORM|d100|p0|f60|b10,D,false,0,0,0,false,false,false,0,0,0,false,false,false,0,false,""
P2|N6|D|UNIFORM|d100|p0|f60|b25,D,false,0,0,0,false,true,false,0,0,0,false,true,false,0,false,""
P2|N6|D|UNIFORM|d100|p0|f60|b50,D,false,0,0,0,false,true,false,0,0,0,false,true,false,0,false,""
P2|N6|D|UNIFORM|d100|p0|f80|b0,D,false,0,0,0,false,false,false,0,0,0,false,false,false,0,false,""
P2|N6|D|UNIFORM|d100|p0|f80|b10,D,false,0,0,0,false,false,false,0,0,0,false,false,false,0,false,""
P2|N6|D|UNIFORM|d100|p0|f80|b25,D,false,0,0,0,false,true,false,0,0,0,false,true,false,0,false,""
P2|N6|D|UNIFORM|d100|p0|f80|b50,D,false,0,0,0,false,true,false,0,0,0,false,true,false,0,false,""
P2|N6|D|WORK|d75|p0|f20|b0,D,false,0,0,0,false,false,false,0,0,0,false,false,false,0,false,""
P2|N6|D|WORK|d75|p0|f20|b10,D,false,0,0,0,false,false,false,0,0,0,false,false,false,0,false,""
P2|N6|D|WORK|d75|p0|f20|b25,D,false,0,0,0,false,false,false,0,0,0,false,false,false,0,false,""
P2|N6|D|WORK|d75|p0|f20|b50,D,false,0,0,0,false,false,false,0,0,0,false,false,false,0,false,""
P2|N6|D|WORK|d75|p0|f40|b0,D,false,0,0,0,false,false,false,0,0,0,false,false,false,0,false,""
P2|N6|D|WORK|d75|p0|f40|b10,D,false,0,0,0,false,false,false,0,0,0,false,false,false,0,false,""
P2|N6|D|WORK|d75|p0|f40|b25,D,false,0,0,0,false,false,false,0,0,0,false,false,false,0,false,""
P2|N6|D|WORK|d75|p0|f40|b50,D,false,0,0,0,false,false,false,0,0,0,false,false,false,0,false,""
P2|N6|D|WORK|d75|p0|f60|b0,D,false,0,0,0,false,false,false,0,0,0,false,false,false,0,false,""
P2|N6|D|WORK|d75|p0|f60|b10,D,false,0,0,0,false,false,false,0,0,0,false,false,false,0,false,""
P2|N6|D|WORK|d75|p0|f60|b25,D,false,0,0,0,false,true,false,0,0,0,false,true,false,0,false,""
P2|N6|D|WORK|d75|p0|f60|b50,D,false,0,0,0,false,true,false,0,0,0,false,true,false,0,false,""
P2|N6|D|WORK|d75|p0|f80|b0,D,false,0,0,0,false,false,false,0,0,0,false,false,false,0,false,""
P2|N6|D|WORK|d75|p0|f80|b10,D,false,0,0,0,false,false,false,0,0,0,false,false,false,0,false,""
P2|N6|D|WORK|d75|p0|f80|b25,D,false,0,0,0,false,true,false,0,0,0,false,true,false,0,false,""
P2|N6|D|WORK|d75|p0|f80|b50,D,false,0,0,0,false,true,false,0,0,0,false,true,false,0,false,""
P2|N6|D|WORK|d90|p0|f20|b0,D,false,0,0,0,false,false,false,0,0,0,false,false,false,0,false,""
P2|N6|D|WORK|d90|p0|f20|b10,D,false,0,0,0,false,false,false,0,0,0,false,false,false,0,false,""
P2|N6|D|WORK|d90|p0|f20|b25,D,false,0,0,0,false,false,false,0,0,0,false,false,false,0,false,""
P2|N6|D|WORK|d90|p0|f20|b50,D,false,0,0,0,false,false,false,0,0,0,false,false,false,0,false,""
P2|N6|D|WORK|d90|p0|f40|b0,D,false,0,0,0,false,false,false,0,0,0,false,false,false,0,false,""
P2|N6|D|WORK|d90|p0|f40|b10,D,false,0,0,0,false,false,false,0,0,0,false,false,false,0,false,""
P2|N6|D|WORK|d90|p0|f40|b25,D,false,0,0,0,false,false,false,0,0,0,false,false,false,0,false,""
P2|N6|D|WORK|d90|p0|f40|b50,D,false,0,0,0,false,false,false,0,0,0,false,false,false,0,false,""
P2|N6|D|WORK|d90|p0|f60|b0,D,false,0,0,0,false,false,false,0,0,0,false,false,false,0,false,""
P2|N6|D|WORK|d90|p0|f60|b10,D,false,0,0,0,false,false,false,0,0,0,false,false,false,0,false,""
P2|N6|D|WORK|d90|p0|f60|b25,D,false,0,0,0,false,true,false,0,0,0,false,true,false,0,false,""
P2|N6|D|WORK|d90|p0|f60|b50,D,false,0,0,0,false,true,false,0,0,0,false,true,false,0,false,""
P2|N6|D|WORK|d90|p0|f80|b0,D,false,0,0,0,false,false,false,0,0,0,false,false,false,0,false,""
P2|N6|D|WORK|d90|p0|f80|b10,D,false,0,0,0,false,false,false,0,0,0,false,false,false,0,false,""
P2|N6|D|WORK|d90|p0|f80|b25,D,false,0,0,0,false,true,false,0,0,0,false,true,false,0,false,""
P2|N6|D|WORK|d90|p0|f80|b50,D,false,0,0,0,false,true,false,0,0,0,false,true,false,0,false,""
P2|N6|D|WORK|d100|p0|f20|b0,D,false,0,0,0,false,false,false,0,0,0,false,false,false,0,false,""
P2|N6|D|WORK|d100|p0|f20|b10,D,false,0,0,0,false,false,false,0,0,0,false,false,false,0,false,""
P2|N6|D|WORK|d100|p0|f20|b25,D,false,0,0,0,false,false,false,0,0,0,false,false,false,0,false,""
P2|N6|D|WORK|d100|p0|f20|b50,D,false,0,0,0,false,false,false,0,0,0,false,false,false,0,false,""
P2|N6|D|WORK|d100|p0|f40|b0,D,false,0,0,0,false,false,false,0,0,0,false,false,false,0,false,""
P2|N6|D|WORK|d100|p0|f40|b10,D,false,0,0,0,false,false,false,0,0,0,false,false,false,0,false,""
P2|N6|D|WORK|d100|p0|f40|b25,D,false,0,0,0,false,false,false,0,0,0,false,false,false,0,false,""
P2|N6|D|WORK|d100|p0|f40|b50,D,false,0,0,0,false,false,false,0,0,0,false,false,false,0,false,""
P2|N6|D|WORK|d100|p0|f60|b0,D,false,0,0,0,false,false,false,0,0,0,false,false,false,0,false,""
P2|N6|D|WORK|d100|p0|f60|b10,D,false,0,0,0,false,false,false,0,0,0,false,false,false,0,false,""
P2|N6|D|WORK|d100|p0|f60|b25,D,false,0,0,0,false,true,false,0,0,0,false,true,false,0,false,""
P2|N6|D|WORK|d100|p0|f60|b50,D,false,0,0,0,false,true,false,0,0,0,false,true,false,0,false,""
P2|N6|D|WORK|d100|p0|f80|b0,D,false,0,0,0,false,false,false,0,0,0,false,false,false,0,false,""
P2|N6|D|WORK|d100|p0|f80|b10,D,false,0,0,0,false,false,false,0,0,0,false,false,false,0,false,""
P2|N6|D|WORK|d100|p0|f80|b25,D,false,0,0,0,false,true,false,0,0,0,false,true,false,0,false,""
P2|N6|D|WORK|d100|p0|f80|b50,D,false,0,0,0,false,true,false,0,0,0,false,true,false,0,false,""
P2|N6|F|UNIFORM|d75|p100|f20|b0,F,false,0,0,0,false,false,false,0,0,0,false,false,false,0,false,""
P2|N6|F|UNIFORM|d75|p100|f20|b10,F,false,0,0,0,false,false,false,0,0,0,false,false,false,0,false,""
P2|N6|F|UNIFORM|d75|p100|f20|b25,F,true,10,2,0,true,false,false,0,0,0,false,false,false,0,false,"POOLING C2A0T1I1F3(2,2,1,3)[750,18,CUT|ASSEMBLE+INSPECT] vs C3A0T1I2F2(3,2,2,2)[850,17,ASSEMBLE+INSPECT]"
P2|N6|F|UNIFORM|d75|p100|f20|b50,F,true,10,2,0,true,false,true,1,1,0,true,false,true,0,false,"POOLING C2A0T1I1F3(2,2,1,3)[750,18,CUT|ASSEMBLE+INSPECT] vs C3A0T1I2F2(3,2,2,2)[850,17,ASSEMBLE+INSPECT]"
P2|N6|F|UNIFORM|d75|p100|f40|b0,F,false,0,0,0,false,false,false,0,0,0,false,false,false,0,false,""
P2|N6|F|UNIFORM|d75|p100|f40|b10,F,true,2,0,0,true,false,true,3,0,0,true,true,true,2,false,"POOLING C2A0T1I2F0(2,2,2,0)[550,22,INSPECT] vs C2A1T0I1F2(2,1,1,2)[600,21,ASSEMBLE+INSPECT]"
P2|N6|F|UNIFORM|d75|p100|f40|b25,F,true,8,1,0,true,false,true,8,1,0,true,true,true,7,false,"POOLING C2A0T1I2F0(2,2,2,0)[550,22,INSPECT] vs C2A1T0I1F2(2,1,1,2)[600,21,ASSEMBLE+INSPECT]"
P2|N6|F|UNIFORM|d75|p100|f40|b50,F,true,12,2,0,true,false,true,13,3,0,true,true,true,7,false,"POOLING C2A0T1I2F0(2,2,2,0)[550,22,INSPECT] vs C2A1T0I1F2(2,1,1,2)[600,21,ASSEMBLE+INSPECT]"
P2|N6|F|UNIFORM|d75|p100|f60|b0,F,false,0,0,0,false,false,false,0,0,0,false,false,false,0,false,""
P2|N6|F|UNIFORM|d75|p100|f60|b10,F,false,0,0,0,false,false,false,0,0,0,false,false,false,0,false,""
P2|N6|F|UNIFORM|d75|p100|f60|b25,F,false,0,0,0,false,false,false,0,0,0,false,false,false,0,false,""
P2|N6|F|UNIFORM|d75|p100|f60|b50,F,true,6,0,0,true,false,true,9,0,0,true,false,true,6,false,"POOLING C1A0T0I0F3(1,0,0,3)[400,27,CUT|ASSEMBLE+INSPECT] vs C2A0T1I2F0(2,2,2,0)[550,22,INSPECT]"
P2|N6|F|UNIFORM|d75|p100|f80|b0,F,false,0,0,0,false,false,false,0,0,0,false,false,false,0,false,""
P2|N6|F|UNIFORM|d75|p100|f80|b10,F,false,0,0,0,false,false,false,0,0,0,false,false,false,0,false,""
P2|N6|F|UNIFORM|d75|p100|f80|b25,F,false,0,0,0,false,false,false,0,0,0,false,false,false,0,false,""
P2|N6|F|UNIFORM|d75|p100|f80|b50,F,true,6,0,0,true,false,true,9,0,0,true,false,true,6,false,"POOLING C1A0T0I0F3(1,0,0,3)[400,27,CUT|ASSEMBLE+INSPECT] vs C2A0T1I2F0(2,2,2,0)[550,22,INSPECT]"
P2|N6|F|UNIFORM|d75|p125|f20|b0,F,false,0,0,0,false,false,false,0,0,0,false,false,false,0,false,""
P2|N6|F|UNIFORM|d75|p125|f20|b10,F,true,2,0,0,true,false,true,2,0,0,true,false,true,1,false,"POOLING C2A0T1I3F1(2,2,3,1)[775,19,CUT|ASSEMBLE+INSPECT] vs C3A1T1I3F0(3,3,3,0)[850,17,INSPECT]"
P2|N6|F|UNIFORM|d75|p125|f20|b25,F,true,2,0,0,true,false,true,2,0,0,true,false,true,1,false,"POOLING C2A0T1I3F1(2,2,3,1)[775,19,CUT|ASSEMBLE+INSPECT] vs C3A1T1I3F0(3,3,3,0)[850,17,INSPECT]"
P2|N6|F|UNIFORM|d75|p125|f20|b50,F,true,5,0,0,true,false,true,5,1,0,true,false,true,3,false,"POOLING C2A0T1I3F1(2,2,3,1)[775,19,CUT|ASSEMBLE+INSPECT] vs C3A1T1I3F0(3,3,3,0)[850,17,INSPECT]"
P2|N6|F|UNIFORM|d75|p125|f40|b0,F,false,0,0,0,false,false,false,0,0,0,false,false,false,0,false,""
P2|N6|F|UNIFORM|d75|p125|f40|b10,F,false,0,0,0,false,false,false,0,0,0,false,false,false,0,false,""
P2|N6|F|UNIFORM|d75|p125|f40|b25,F,true,3,0,0,true,false,true,1,0,0,true,false,true,1,false,"POOLING C2A0T1I2F0(2,2,2,0)[550,22,INSPECT] vs C2A1T0I1F2(2,1,1,2)[650,21,ASSEMBLE+INSPECT]"
P2|N6|F|UNIFORM|d75|p125|f40|b50,F,true,5,0,0,true,false,true,7,0,0,true,false,true,2,false,"POOLING C2A0T1I2F0(2,2,2,0)[550,22,INSPECT] vs C2A1T0I1F2(2,1,1,2)[650,21,ASSEMBLE+INSPECT]"
P2|N6|F|UNIFORM|d75|p125|f60|b0,F,false,0,0,0,false,false,false,0,0,0,false,false,false,0,false,""
P2|N6|F|UNIFORM|d75|p125|f60|b10,F,true,1,0,0,true,false,true,1,0,0,true,false,true,1,false,"POOLING C1A1T0I1F1(1,1,1,1)[425,28,CUT|ASSEMBLE+INSPECT] vs C1A0T1I2F0(1,2,2,0)[450,27,CUT]"
P2|N6|F|UNIFORM|d75|p125|f60|b25,F,true,2,0,0,true,false,true,2,0,0,true,false,true,2,false,"POOLING C1A1T0I1F1(1,1,1,1)[425,28,CUT|ASSEMBLE+INSPECT] vs C1A0T1I2F0(1,2,2,0)[450,27,CUT]"
P2|N6|F|UNIFORM|d75|p125|f60|b50,F,true,4,0,0,true,false,true,4,0,0,true,false,true,4,false,"POOLING C1A1T0I1F1(1,1,1,1)[425,28,CUT|ASSEMBLE+INSPECT] vs C1A0T1I2F0(1,2,2,0)[450,27,CUT]"
P2|N6|F|UNIFORM|d75|p125|f80|b0,F,false,0,0,0,false,false,false,0,0,0,false,false,false,0,false,""
P2|N6|F|UNIFORM|d75|p125|f80|b10,F,true,1,0,0,true,true,true,1,0,0,true,true,true,1,true,"POOLING C1A1T0I2F0(1,1,2,0)[400,32,ASSEMBLE] vs C1A1T0I1F1(1,1,1,1)[425,28,CUT|ASSEMBLE+INSPECT]"
P2|N6|F|UNIFORM|d75|p125|f80|b25,F,true,2,0,0,true,true,true,2,0,0,true,true,true,2,true,"POOLING C1A1T0I2F0(1,1,2,0)[400,32,ASSEMBLE] vs C1A1T0I1F1(1,1,1,1)[425,28,CUT|ASSEMBLE+INSPECT]"
P2|N6|F|UNIFORM|d75|p125|f80|b50,F,true,6,0,0,true,true,true,6,0,0,true,true,true,6,true,"POOLING C1A1T0I2F0(1,1,2,0)[400,32,ASSEMBLE] vs C1A1T0I1F1(1,1,1,1)[425,28,CUT|ASSEMBLE+INSPECT]"
P2|N6|F|UNIFORM|d75|p150|f20|b0,F,false,0,0,0,false,false,false,0,0,0,false,false,false,0,false,""
P2|N6|F|UNIFORM|d75|p150|f20|b10,F,true,1,0,0,true,false,true,1,0,0,true,false,true,1,false,"POOLING C2A0T1I3F1(2,2,3,1)[800,19,CUT|ASSEMBLE+INSPECT] vs C3A1T1I3F0(3,3,3,0)[850,17,INSPECT]"
P2|N6|F|UNIFORM|d75|p150|f20|b25,F,true,1,0,0,true,false,true,1,0,0,true,false,true,1,false,"POOLING C2A0T1I3F1(2,2,3,1)[800,19,CUT|ASSEMBLE+INSPECT] vs C3A1T1I3F0(3,3,3,0)[850,17,INSPECT]"
P2|N6|F|UNIFORM|d75|p150|f20|b50,F,true,3,0,0,true,false,true,3,0,0,true,false,true,3,false,"POOLING C2A0T1I3F1(2,2,3,1)[800,19,CUT|ASSEMBLE+INSPECT] vs C3A1T1I3F0(3,3,3,0)[850,17,INSPECT]"
P2|N6|F|UNIFORM|d75|p150|f40|b0,F,false,0,0,0,false,false,false,0,0,0,false,false,false,0,false,""
P2|N6|F|UNIFORM|d75|p150|f40|b10,F,false,0,0,0,false,false,false,0,0,0,false,false,false,0,false,""
P2|N6|F|UNIFORM|d75|p150|f40|b25,F,false,0,0,0,false,false,false,0,0,0,false,false,false,0,false,""
P2|N6|F|UNIFORM|d75|p150|f40|b50,F,true,1,0,0,true,false,true,6,0,0,true,false,true,0,false,"POOLING C2A0T1I3F0(2,2,3,0)[650,21,ASSEMBLE] vs C2A0T1I2F1(2,2,2,1)[700,20,ASSEMBLE+INSPECT]"
P2|N6|F|UNIFORM|d75|p150|f60|b0,F,false,0,0,0,false,false,false,0,0,0,false,false,false,0,false,""
P2|N6|F|UNIFORM|d75|p150|f60|b10,F,false,0,0,0,false,false,false,0,0,0,false,false,false,0,false,""
P2|N6|F|UNIFORM|d75|p150|f60|b25,F,false,0,0,0,false,true,false,0,0,0,false,true,false,0,false,""
P2|N6|F|UNIFORM|d75|p150|f60|b50,F,false,0,0,0,false,true,false,0,0,0,false,true,false,0,false,""
P2|N6|F|UNIFORM|d75|p150|f80|b0,F,false,0,0,0,false,false,false,0,0,0,false,false,false,0,false,""
P2|N6|F|UNIFORM|d75|p150|f80|b10,F,false,0,0,0,false,false,false,0,0,0,false,false,false,0,false,""
P2|N6|F|UNIFORM|d75|p150|f80|b25,F,false,0,0,0,false,true,false,0,0,0,false,true,false,0,false,""
P2|N6|F|UNIFORM|d75|p150|f80|b50,F,false,0,0,0,false,true,false,0,0,0,false,true,false,0,false,""
P2|N6|F|UNIFORM|d75|p200|f20|b0,F,false,0,0,0,false,false,false,0,0,0,false,false,false,0,false,""
P2|N6|F|UNIFORM|d75|p200|f20|b10,F,false,0,0,0,false,false,false,0,0,0,false,false,false,0,false,""
P2|N6|F|UNIFORM|d75|p200|f20|b25,F,false,0,0,0,false,false,false,0,0,0,false,false,false,0,false,""
P2|N6|F|UNIFORM|d75|p200|f20|b50,F,true,2,0,0,true,false,true,2,0,0,true,false,true,2,false,"POOLING C3A1T1I3F0(3,3,3,0)[850,17,INSPECT] vs C3A0T0I3F3(3,0,3,3)[1200,16,ASSEMBLE+INSPECT]"
P2|N6|F|UNIFORM|d75|p200|f40|b0,F,false,0,0,0,false,false,false,0,0,0,false,false,false,0,false,""
P2|N6|F|UNIFORM|d75|p200|f40|b10,F,false,0,0,0,false,false,false,0,0,0,false,false,false,0,false,""
P2|N6|F|UNIFORM|d75|p200|f40|b25,F,false,0,0,0,false,false,false,0,0,0,false,false,false,0,false,""
P2|N6|F|UNIFORM|d75|p200|f40|b50,F,true,1,0,0,true,false,false,0,0,0,false,false,false,0,false,"POOLING C2A0T1I3F0(2,2,3,0)[650,21,ASSEMBLE] vs C2A0T1I2F1(2,2,2,1)[750,20,ASSEMBLE+INSPECT]"
P2|N6|F|UNIFORM|d75|p200|f60|b0,F,false,0,0,0,false,false,false,0,0,0,false,false,false,0,false,""
P2|N6|F|UNIFORM|d75|p200|f60|b10,F,false,0,0,0,false,false,false,0,0,0,false,false,false,0,false,""
P2|N6|F|UNIFORM|d75|p200|f60|b25,F,false,0,0,0,false,true,false,0,0,0,false,true,false,0,false,""
P2|N6|F|UNIFORM|d75|p200|f60|b50,F,false,0,0,0,false,true,false,0,0,0,false,true,false,0,false,""
P2|N6|F|UNIFORM|d75|p200|f80|b0,F,false,0,0,0,false,false,false,0,0,0,false,false,false,0,false,""
P2|N6|F|UNIFORM|d75|p200|f80|b10,F,false,0,0,0,false,false,false,0,0,0,false,false,false,0,false,""
P2|N6|F|UNIFORM|d75|p200|f80|b25,F,false,0,0,0,false,true,false,0,0,0,false,true,false,0,false,""
P2|N6|F|UNIFORM|d75|p200|f80|b50,F,false,0,0,0,false,true,false,0,0,0,false,true,false,0,false,""
P2|N6|F|UNIFORM|d90|p100|f20|b0,F,false,0,0,0,false,false,false,0,0,0,false,false,false,0,false,""
P2|N6|F|UNIFORM|d90|p100|f20|b10,F,false,0,0,0,false,false,false,0,0,0,false,false,false,0,false,""
P2|N6|F|UNIFORM|d90|p100|f20|b25,F,true,10,2,0,true,false,false,0,0,0,false,false,false,0,false,"POOLING C2A0T1I1F3(2,2,1,3)[780,18,CUT|ASSEMBLE+INSPECT] vs C3A0T1I2F2(3,2,2,2)[880,17,ASSEMBLE+INSPECT]"
P2|N6|F|UNIFORM|d90|p100|f20|b50,F,true,10,2,0,true,false,true,1,1,0,true,false,true,0,false,"POOLING C2A0T1I1F3(2,2,1,3)[780,18,CUT|ASSEMBLE+INSPECT] vs C3A0T1I2F2(3,2,2,2)[880,17,ASSEMBLE+INSPECT]"
P2|N6|F|UNIFORM|d90|p100|f40|b0,F,false,0,0,0,false,false,false,0,0,0,false,false,false,0,false,""
P2|N6|F|UNIFORM|d90|p100|f40|b10,F,true,2,0,0,true,false,true,3,0,0,true,true,true,2,false,"POOLING C2A0T1I2F0(2,2,2,0)[580,22,INSPECT] vs C2A1T0I1F2(2,1,1,2)[600,21,ASSEMBLE+INSPECT]"
P2|N6|F|UNIFORM|d90|p100|f40|b25,F,true,8,1,0,true,false,true,10,2,0,true,true,true,7,false,"POOLING C2A0T1I2F0(2,2,2,0)[580,22,INSPECT] vs C2A1T0I1F2(2,1,1,2)[600,21,ASSEMBLE+INSPECT]"
P2|N6|F|UNIFORM|d90|p100|f40|b50,F,true,12,2,0,true,false,true,13,3,0,true,true,true,7,false,"POOLING C2A0T1I2F0(2,2,2,0)[580,22,INSPECT] vs C2A1T0I1F2(2,1,1,2)[600,21,ASSEMBLE+INSPECT]"
P2|N6|F|UNIFORM|d90|p100|f60|b0,F,false,0,0,0,false,false,false,0,0,0,false,false,false,0,false,""
P2|N6|F|UNIFORM|d90|p100|f60|b10,F,false,0,0,0,false,false,false,0,0,0,false,false,false,0,false,""
P2|N6|F|UNIFORM|d90|p100|f60|b25,F,false,0,0,0,false,false,false,0,0,0,false,false,false,0,false,""
P2|N6|F|UNIFORM|d90|p100|f60|b50,F,true,6,0,0,true,false,true,9,0,0,true,false,true,6,false,"POOLING C1A0T0I0F3(1,0,0,3)[400,27,CUT|ASSEMBLE+INSPECT] vs C2A0T1I2F0(2,2,2,0)[580,22,INSPECT]"
P2|N6|F|UNIFORM|d90|p100|f80|b0,F,false,0,0,0,false,false,false,0,0,0,false,false,false,0,false,""
P2|N6|F|UNIFORM|d90|p100|f80|b10,F,false,0,0,0,false,false,false,0,0,0,false,false,false,0,false,""
P2|N6|F|UNIFORM|d90|p100|f80|b25,F,false,0,0,0,false,false,false,0,0,0,false,false,false,0,false,""
P2|N6|F|UNIFORM|d90|p100|f80|b50,F,true,6,0,0,true,false,true,9,0,0,true,false,true,6,false,"POOLING C1A0T0I0F3(1,0,0,3)[400,27,CUT|ASSEMBLE+INSPECT] vs C2A0T1I2F0(2,2,2,0)[580,22,INSPECT]"
P2|N6|F|UNIFORM|d90|p125|f20|b0,F,false,0,0,0,false,false,false,0,0,0,false,false,false,0,false,""
P2|N6|F|UNIFORM|d90|p125|f20|b10,F,true,2,0,0,true,false,false,0,0,0,false,false,false,0,false,"POOLING C2A0T1I3F1(2,2,3,1)[805,19,CUT|ASSEMBLE+INSPECT] vs C3A1T1I3F0(3,3,3,0)[880,17,INSPECT]"
P2|N6|F|UNIFORM|d90|p125|f20|b25,F,true,5,0,0,true,false,false,0,0,0,false,false,false,0,false,"POOLING C2A0T1I3F1(2,2,3,1)[805,19,CUT|ASSEMBLE+INSPECT] vs C3A1T1I3F0(3,3,3,0)[880,17,INSPECT]"
P2|N6|F|UNIFORM|d90|p125|f20|b50,F,true,5,0,0,true,false,true,1,1,0,true,false,true,0,false,"POOLING C2A0T1I3F1(2,2,3,1)[805,19,CUT|ASSEMBLE+INSPECT] vs C3A1T1I3F0(3,3,3,0)[880,17,INSPECT]"
P2|N6|F|UNIFORM|d90|p125|f40|b0,F,false,0,0,0,false,false,false,0,0,0,false,false,false,0,false,""
P2|N6|F|UNIFORM|d90|p125|f40|b10,F,false,0,0,0,false,false,false,0,0,0,false,false,false,0,false,""
P2|N6|F|UNIFORM|d90|p125|f40|b25,F,true,2,0,0,true,false,true,3,0,0,true,false,true,1,false,"POOLING C2A0T1I2F0(2,2,2,0)[580,22,INSPECT] vs C2A1T0I1F2(2,1,1,2)[650,21,ASSEMBLE+INSPECT]"
P2|N6|F|UNIFORM|d90|p125|f40|b50,F,true,3,0,0,true,false,true,5,0,0,true,false,true,1,false,"POOLING C2A0T1I2F0(2,2,2,0)[580,22,INSPECT] vs C2A1T0I1F2(2,1,1,2)[650,21,ASSEMBLE+INSPECT]"
P2|N6|F|UNIFORM|d90|p125|f60|b0,F,false,0,0,0,false,false,false,0,0,0,false,false,false,0,false,""
P2|N6|F|UNIFORM|d90|p125|f60|b10,F,false,0,0,0,false,false,false,0,0,0,false,false,false,0,false,""
P2|N6|F|UNIFORM|d90|p125|f60|b25,F,true,1,0,0,true,false,true,1,0,0,true,false,true,1,false,"POOLING C1A0T0I0F3(1,0,0,3)[475,27,CUT|ASSEMBLE+INSPECT] vs C2A1T0I1F1(2,1,1,1)[525,26,ASSEMBLE+INSPECT]"
P2|N6|F|UNIFORM|d90|p125|f60|b50,F,true,9,0,0,true,false,true,9,0,0,true,false,true,9,false,"POOLING C1A1T0I1F1(1,1,1,1)[425,28,CUT|ASSEMBLE+INSPECT] vs C2A0T0I1F2(2,0,1,2)[550,25,ASSEMBLE+INSPECT]"
P2|N6|F|UNIFORM|d90|p125|f80|b0,F,false,0,0,0,false,false,false,0,0,0,false,false,false,0,false,""
P2|N6|F|UNIFORM|d90|p125|f80|b10,F,true,1,0,0,true,true,true,1,0,0,true,true,true,1,true,"POOLING C1A1T0I2F0(1,1,2,0)[400,32,ASSEMBLE] vs C1A1T0I1F1(1,1,1,1)[425,28,CUT|ASSEMBLE+INSPECT]"
P2|N6|F|UNIFORM|d90|p125|f80|b25,F,true,2,0,0,true,true,true,2,0,0,true,true,true,2,true,"POOLING C1A1T0I2F0(1,1,2,0)[400,32,ASSEMBLE] vs C1A1T0I1F1(1,1,1,1)[425,28,CUT|ASSEMBLE+INSPECT]"
P2|N6|F|UNIFORM|d90|p125|f80|b50,F,true,14,0,0,true,true,true,14,0,0,true,true,true,14,true,"POOLING C1A1T0I2F0(1,1,2,0)[400,32,ASSEMBLE] vs C1A1T0I1F1(1,1,1,1)[425,28,CUT|ASSEMBLE+INSPECT]"
P2|N6|F|UNIFORM|d90|p150|f20|b0,F,false,0,0,0,false,false,false,0,0,0,false,false,false,0,false,""
P2|N6|F|UNIFORM|d90|p150|f20|b10,F,true,1,0,0,true,false,true,1,0,0,true,false,true,1,false,"POOLING C2A0T1I3F1(2,2,3,1)[830,19,CUT|ASSEMBLE+INSPECT] vs C3A1T1I3F0(3,3,3,0)[880,17,INSPECT]"
P2|N6|F|UNIFORM|d90|p150|f20|b25,F,true,1,0,0,true,false,true,1,0,0,true,false,true,1,false,"POOLING C2A0T1I3F1(2,2,3,1)[830,19,CUT|ASSEMBLE+INSPECT] vs C3A1T1I3F0(3,3,3,0)[880,17,INSPECT]"
P2|N6|F|UNIFORM|d90|p150|f20|b50,F,true,3,0,0,true,false,true,3,0,0,true,false,true,3,false,"POOLING C2A0T1I3F1(2,2,3,1)[830,19,CUT|ASSEMBLE+INSPECT] vs C3A1T1I3F0(3,3,3,0)[880,17,INSPECT]"
P2|N6|F|UNIFORM|d90|p150|f40|b0,F,false,0,0,0,false,false,false,0,0,0,false,false,false,0,false,""
P2|N6|F|UNIFORM|d90|p150|f40|b10,F,false,0,0,0,false,false,false,0,0,0,false,false,false,0,false,""
P2|N6|F|UNIFORM|d90|p150|f40|b25,F,false,0,0,0,false,false,false,0,0,0,false,false,false,0,false,""
P2|N6|F|UNIFORM|d90|p150|f40|b50,F,true,1,0,0,true,false,true,1,0,0,true,false,true,0,false,"POOLING C2A0T1I3F0(2,2,3,0)[680,21,ASSEMBLE] vs C2A0T1I2F1(2,2,2,1)[730,20,ASSEMBLE+INSPECT]"
P2|N6|F|UNIFORM|d90|p150|f60|b0,F,false,0,0,0,false,false,false,0,0,0,false,false,false,0,false,""
P2|N6|F|UNIFORM|d90|p150|f60|b10,F,true,1,0,0,true,false,true,1,0,0,true,false,true,1,false,"POOLING C1A1T0I1F1(1,1,1,1)[450,28,CUT|ASSEMBLE+INSPECT] vs C1A0T1I2F0(1,2,2,0)[480,27,CUT]"
P2|N6|F|UNIFORM|d90|p150|f60|b25,F,true,2,0,0,true,false,true,2,0,0,true,false,true,2,false,"POOLING C1A1T0I1F1(1,1,1,1)[450,28,CUT|ASSEMBLE+INSPECT] vs C1A0T1I2F0(1,2,2,0)[480,27,CUT]"
P2|N6|F|UNIFORM|d90|p150|f60|b50,F,true,4,0,0,true,false,true,4,0,0,true,false,true,4,false,"POOLING C1A1T0I1F1(1,1,1,1)[450,28,CUT|ASSEMBLE+INSPECT] vs C1A0T1I2F0(1,2,2,0)[480,27,CUT]"
P2|N6|F|UNIFORM|d90|p150|f80|b0,F,false,0,0,0,false,false,false,0,0,0,false,false,false,0,false,""
P2|N6|F|UNIFORM|d90|p150|f80|b10,F,false,0,0,0,false,false,false,0,0,0,false,false,false,0,false,""
P2|N6|F|UNIFORM|d90|p150|f80|b25,F,true,2,0,0,true,true,true,2,0,0,true,true,true,2,true,"POOLING C1A1T0I2F0(1,1,2,0)[400,32,ASSEMBLE] vs C1A1T0I1F1(1,1,1,1)[450,28,CUT|ASSEMBLE+INSPECT]"
P2|N6|F|UNIFORM|d90|p150|f80|b50,F,true,6,0,0,true,true,true,6,0,0,true,true,true,6,true,"POOLING C1A1T0I2F0(1,1,2,0)[400,32,ASSEMBLE] vs C1A1T0I1F1(1,1,1,1)[450,28,CUT|ASSEMBLE+INSPECT]"
P2|N6|F|UNIFORM|d90|p200|f20|b0,F,false,0,0,0,false,false,false,0,0,0,false,false,false,0,false,""
P2|N6|F|UNIFORM|d90|p200|f20|b10,F,false,0,0,0,false,false,false,0,0,0,false,false,false,0,false,""
P2|N6|F|UNIFORM|d90|p200|f20|b25,F,false,0,0,0,false,false,false,0,0,0,false,false,false,0,false,""
P2|N6|F|UNIFORM|d90|p200|f20|b50,F,true,2,0,0,true,false,true,2,0,0,true,false,true,2,false,"POOLING C3A1T1I3F0(3,3,3,0)[880,17,INSPECT] vs C3A0T0I3F3(3,0,3,3)[1200,16,ASSEMBLE+INSPECT]"
P2|N6|F|UNIFORM|d90|p200|f40|b0,F,false,0,0,0,false,false,false,0,0,0,false,false,false,0,false,""
P2|N6|F|UNIFORM|d90|p200|f40|b10,F,false,0,0,0,false,false,false,0,0,0,false,false,false,0,false,""
P2|N6|F|UNIFORM|d90|p200|f40|b25,F,false,0,0,0,false,false,false,0,0,0,false,false,false,0,false,""
P2|N6|F|UNIFORM|d90|p200|f40|b50,F,true,1,0,0,true,false,false,0,0,0,false,false,false,0,false,"POOLING C2A0T1I3F0(2,2,3,0)[680,21,ASSEMBLE] vs C2A0T1I2F1(2,2,2,1)[780,20,ASSEMBLE+INSPECT]"
P2|N6|F|UNIFORM|d90|p200|f60|b0,F,false,0,0,0,false,false,false,0,0,0,false,false,false,0,false,""
P2|N6|F|UNIFORM|d90|p200|f60|b10,F,false,0,0,0,false,false,false,0,0,0,false,false,false,0,false,""
P2|N6|F|UNIFORM|d90|p200|f60|b25,F,false,0,0,0,false,true,false,0,0,0,false,true,false,0,false,""
P2|N6|F|UNIFORM|d90|p200|f60|b50,F,false,0,0,0,false,true,false,0,0,0,false,true,false,0,false,""
P2|N6|F|UNIFORM|d90|p200|f80|b0,F,false,0,0,0,false,false,false,0,0,0,false,false,false,0,false,""
P2|N6|F|UNIFORM|d90|p200|f80|b10,F,false,0,0,0,false,false,false,0,0,0,false,false,false,0,false,""
P2|N6|F|UNIFORM|d90|p200|f80|b25,F,false,0,0,0,false,true,false,0,0,0,false,true,false,0,false,""
P2|N6|F|UNIFORM|d90|p200|f80|b50,F,false,0,0,0,false,true,false,0,0,0,false,true,false,0,false,""
P2|N6|F|UNIFORM|d100|p100|f20|b0,F,false,0,0,0,false,false,false,0,0,0,false,false,false,0,false,""
P2|N6|F|UNIFORM|d100|p100|f20|b10,F,false,0,0,0,false,false,false,0,0,0,false,false,false,0,false,""
P2|N6|F|UNIFORM|d100|p100|f20|b25,F,true,2,3,0,true,false,false,0,0,0,false,false,false,0,false,"MATERIAL_DEDICATED C2A0T1I1F3(2,2,1,3)[800,18,CUT|ASSEMBLE+INSPECT] vs C3A0T0I3F3(3,0,3,3)[900,16,ASSEMBLE+INSPECT] surplusEffect=6 threshold=2"
P2|N6|F|UNIFORM|d100|p100|f20|b50,F,true,2,3,0,true,false,true,1,1,0,true,false,true,0,false,"MATERIAL_DEDICATED C2A0T1I1F3(2,2,1,3)[800,18,CUT|ASSEMBLE+INSPECT] vs C3A0T0I3F3(3,0,3,3)[900,16,ASSEMBLE+INSPECT] surplusEffect=6 threshold=2"
P2|N6|F|UNIFORM|d100|p100|f40|b0,F,false,0,0,0,false,false,false,0,0,0,false,false,false,0,false,""
P2|N6|F|UNIFORM|d100|p100|f40|b10,F,false,0,0,0,false,false,false,0,0,0,false,false,false,0,false,""
P2|N6|F|UNIFORM|d100|p100|f40|b25,F,true,9,2,0,true,false,true,0,1,0,true,true,true,0,false,"POOLING C2A1T0I1F2(2,1,1,2)[600,21,ASSEMBLE+INSPECT] vs C2A0T1I0F3(2,2,0,3)[700,20,ASSEMBLE+INSPECT]"
P2|N6|F|UNIFORM|d100|p100|f40|b50,F,true,35,15,1,true,false,true,4,3,0,true,true,true,1,false,"POOLING C2A1T0I1F2(2,1,1,2)[600,21,ASSEMBLE+INSPECT] vs C2A0T1I0F3(2,2,0,3)[700,20,ASSEMBLE+INSPECT]"
P2|N6|F|UNIFORM|d100|p100|f60|b0,F,false,0,0,0,false,false,false,0,0,0,false,false,false,0,false,""
P2|N6|F|UNIFORM|d100|p100|f60|b10,F,false,0,0,0,false,false,false,0,0,0,false,false,false,0,false,""
P2|N6|F|UNIFORM|d100|p100|f60|b25,F,false,0,0,0,false,false,false,0,0,0,false,false,false,0,false,""
P2|N6|F|UNIFORM|d100|p100|f60|b50,F,true,2,0,0,true,false,true,2,0,0,true,false,true,2,false,"POOLING C1A0T0I0F3(1,0,0,3)[400,27,CUT|ASSEMBLE+INSPECT] vs C2A1T0I1F2(2,1,1,2)[600,21,ASSEMBLE+INSPECT]"
P2|N6|F|UNIFORM|d100|p100|f80|b0,F,false,0,0,0,false,false,false,0,0,0,false,false,false,0,false,""
P2|N6|F|UNIFORM|d100|p100|f80|b10,F,false,0,0,0,false,false,false,0,0,0,false,false,false,0,false,""
P2|N6|F|UNIFORM|d100|p100|f80|b25,F,false,0,0,0,false,false,false,0,0,0,false,false,false,0,false,""
P2|N6|F|UNIFORM|d100|p100|f80|b50,F,true,2,0,0,true,false,true,2,0,0,true,false,true,2,false,"POOLING C1A0T0I0F3(1,0,0,3)[400,27,CUT|ASSEMBLE+INSPECT] vs C2A1T0I1F2(2,1,1,2)[600,21,ASSEMBLE+INSPECT]"
P2|N6|F|UNIFORM|d100|p125|f20|b0,F,false,0,0,0,false,false,false,0,0,0,false,false,false,0,false,""
P2|N6|F|UNIFORM|d100|p125|f20|b10,F,true,8,0,0,true,false,false,0,0,0,false,false,false,0,false,"POOLING C2A0T1I3F1(2,2,3,1)[825,19,CUT|ASSEMBLE+INSPECT] vs C3A1T1I3F0(3,3,3,0)[900,17,INSPECT]"
P2|N6|F|UNIFORM|d100|p125|f20|b25,F,true,14,0,0,true,false,false,0,0,0,false,false,false,0,false,"POOLING C2A0T1I3F1(2,2,3,1)[825,19,CUT|ASSEMBLE+INSPECT] vs C3A1T1I3F0(3,3,3,0)[900,17,INSPECT]"
P2|N6|F|UNIFORM|d100|p125|f20|b50,F,true,14,0,0,true,false,true,1,1,0,true,false,true,0,false,"POOLING C2A0T1I3F1(2,2,3,1)[825,19,CUT|ASSEMBLE+INSPECT] vs C3A1T1I3F0(3,3,3,0)[900,17,INSPECT]"
P2|N6|F|UNIFORM|d100|p125|f40|b0,F,false,0,0,0,false,false,false,0,0,0,false,false,false,0,false,""
P2|N6|F|UNIFORM|d100|p125|f40|b10,F,true,2,0,0,true,false,true,2,0,0,true,false,true,2,false,"POOLING C2A0T1I2F0(2,2,2,0)[600,22,INSPECT] vs C2A1T0I1F2(2,1,1,2)[650,21,ASSEMBLE+INSPECT]"
P2|N6|F|UNIFORM|d100|p125|f40|b25,F,true,4,0,0,true,false,true,5,0,0,true,false,true,2,false,"POOLING C2A0T1I2F0(2,2,2,0)[600,22,INSPECT] vs C2A1T0I1F2(2,1,1,2)[650,21,ASSEMBLE+INSPECT]"
P2|N6|F|UNIFORM|d100|p125|f40|b50,F,true,20,0,0,true,false,true,9,0,0,true,false,true,2,false,"POOLING C2A0T1I2F0(2,2,2,0)[600,22,INSPECT] vs C2A1T0I1F2(2,1,1,2)[650,21,ASSEMBLE+INSPECT]"
P2|N6|F|UNIFORM|d100|p125|f60|b0,F,false,0,0,0,false,false,false,0,0,0,false,false,false,0,false,""
P2|N6|F|UNIFORM|d100|p125|f60|b10,F,false,0,0,0,false,false,false,0,0,0,false,false,false,0,false,""
P2|N6|F|UNIFORM|d100|p125|f60|b25,F,true,1,0,0,true,false,true,1,0,0,true,false,true,1,false,"POOLING C1A0T0I0F3(1,0,0,3)[475,27,CUT|ASSEMBLE+INSPECT] vs C2A1T0I1F1(2,1,1,1)[525,26,ASSEMBLE+INSPECT]"
P2|N6|F|UNIFORM|d100|p125|f60|b50,F,true,14,0,0,true,false,true,14,0,0,true,false,true,14,false,"POOLING C1A1T0I1F1(1,1,1,1)[425,28,CUT|ASSEMBLE+INSPECT] vs C2A0T0I1F2(2,0,1,2)[550,25,ASSEMBLE+INSPECT]"
P2|N6|F|UNIFORM|d100|p125|f80|b0,F,false,0,0,0,false,false,false,0,0,0,false,false,false,0,false,""
P2|N6|F|UNIFORM|d100|p125|f80|b10,F,true,1,0,0,true,true,true,1,0,0,true,true,true,1,true,"POOLING C1A1T0I2F0(1,1,2,0)[400,32,ASSEMBLE] vs C1A1T0I1F1(1,1,1,1)[425,28,CUT|ASSEMBLE+INSPECT]"
P2|N6|F|UNIFORM|d100|p125|f80|b25,F,true,2,0,0,true,true,true,2,0,0,true,true,true,2,true,"POOLING C1A1T0I2F0(1,1,2,0)[400,32,ASSEMBLE] vs C1A1T0I1F1(1,1,1,1)[425,28,CUT|ASSEMBLE+INSPECT]"
P2|N6|F|UNIFORM|d100|p125|f80|b50,F,true,19,0,0,true,true,true,19,0,0,true,true,true,19,true,"POOLING C1A1T0I2F0(1,1,2,0)[400,32,ASSEMBLE] vs C1A1T0I1F1(1,1,1,1)[425,28,CUT|ASSEMBLE+INSPECT]"
P2|N6|F|UNIFORM|d100|p150|f20|b0,F,false,0,0,0,false,false,false,0,0,0,false,false,false,0,false,""
P2|N6|F|UNIFORM|d100|p150|f20|b10,F,true,4,0,0,true,false,true,6,0,0,true,false,true,4,false,"POOLING C2A0T1I3F1(2,2,3,1)[850,19,CUT|ASSEMBLE+INSPECT] vs C3A1T1I3F0(3,3,3,0)[900,17,INSPECT]"
P2|N6|F|UNIFORM|d100|p150|f20|b25,F,true,8,0,0,true,false,true,11,1,0,true,false,true,8,false,"POOLING C2A0T1I3F1(2,2,3,1)[850,19,CUT|ASSEMBLE+INSPECT] vs C3A1T1I3F0(3,3,3,0)[900,17,INSPECT]"
P2|N6|F|UNIFORM|d100|p150|f20|b50,F,true,8,0,0,true,false,true,11,1,0,true,false,true,8,false,"POOLING C2A0T1I3F1(2,2,3,1)[850,19,CUT|ASSEMBLE+INSPECT] vs C3A1T1I3F0(3,3,3,0)[900,17,INSPECT]"
P2|N6|F|UNIFORM|d100|p150|f40|b0,F,false,0,0,0,false,false,false,0,0,0,false,false,false,0,false,""
P2|N6|F|UNIFORM|d100|p150|f40|b10,F,false,0,0,0,false,false,false,0,0,0,false,false,false,0,false,""
P2|N6|F|UNIFORM|d100|p150|f40|b25,F,true,8,0,0,true,false,true,5,0,0,true,false,true,2,false,"POOLING C2A0T1I2F0(2,2,2,0)[600,22,INSPECT] vs C2A1T0I1F2(2,1,1,2)[700,21,ASSEMBLE+INSPECT]"
P2|N6|F|UNIFORM|d100|p150|f40|b50,F,true,20,0,0,true,false,true,25,0,0,true,false,true,10,false,"POOLING C2A0T1I2F0(2,2,2,0)[600,22,INSPECT] vs C2A1T0I1F2(2,1,1,2)[700,21,ASSEMBLE+INSPECT]"
P2|N6|F|UNIFORM|d100|p150|f60|b0,F,false,0,0,0,false,false,false,0,0,0,false,false,false,0,false,""
P2|N6|F|UNIFORM|d100|p150|f60|b10,F,false,0,0,0,false,false,false,0,0,0,false,false,false,0,false,""
P2|N6|F|UNIFORM|d100|p150|f60|b25,F,true,4,0,0,true,false,true,4,0,0,true,false,true,4,false,"POOLING C1A1T0I1F1(1,1,1,1)[450,28,CUT|ASSEMBLE+INSPECT] vs C1A0T1I2F0(1,2,2,0)[500,27,CUT]"
P2|N6|F|UNIFORM|d100|p150|f60|b50,F,true,8,0,0,true,false,true,8,0,0,true,false,true,8,false,"POOLING C1A1T0I1F1(1,1,1,1)[450,28,CUT|ASSEMBLE+INSPECT] vs C1A0T1I2F0(1,2,2,0)[500,27,CUT]"
P2|N6|F|UNIFORM|d100|p150|f80|b0,F,false,0,0,0,false,false,false,0,0,0,false,false,false,0,false,""
P2|N6|F|UNIFORM|d100|p150|f80|b10,F,false,0,0,0,false,false,false,0,0,0,false,false,false,0,false,""
P2|N6|F|UNIFORM|d100|p150|f80|b25,F,true,3,0,0,true,true,true,3,0,0,true,true,true,3,true,"POOLING C1A1T0I2F0(1,1,2,0)[400,32,ASSEMBLE] vs C1A1T0I1F1(1,1,1,1)[450,28,CUT|ASSEMBLE+INSPECT]"
P2|N6|F|UNIFORM|d100|p150|f80|b50,F,true,10,0,0,true,true,true,10,0,0,true,true,true,10,true,"POOLING C1A1T0I2F0(1,1,2,0)[400,32,ASSEMBLE] vs C1A1T0I1F1(1,1,1,1)[450,28,CUT|ASSEMBLE+INSPECT]"
P2|N6|F|UNIFORM|d100|p200|f20|b0,F,false,0,0,0,false,false,false,0,0,0,false,false,false,0,false,""
P2|N6|F|UNIFORM|d100|p200|f20|b10,F,false,0,0,0,false,false,false,0,0,0,false,false,false,0,false,""
P2|N6|F|UNIFORM|d100|p200|f20|b25,F,false,0,0,0,false,false,false,0,0,0,false,false,false,0,false,""
P2|N6|F|UNIFORM|d100|p200|f20|b50,F,true,4,0,0,true,false,true,4,0,0,true,false,true,4,false,"POOLING C3A1T1I3F0(3,3,3,0)[900,17,INSPECT] vs C3A0T0I3F3(3,0,3,3)[1200,16,ASSEMBLE+INSPECT]"
P2|N6|F|UNIFORM|d100|p200|f40|b0,F,false,0,0,0,false,false,false,0,0,0,false,false,false,0,false,""
P2|N6|F|UNIFORM|d100|p200|f40|b10,F,false,0,0,0,false,false,false,0,0,0,false,false,false,0,false,""
P2|N6|F|UNIFORM|d100|p200|f40|b25,F,false,0,0,0,false,false,false,0,0,0,false,false,false,0,false,""
P2|N6|F|UNIFORM|d100|p200|f40|b50,F,true,8,0,4,true,false,true,4,0,4,true,false,true,0,false,"POOLING C2A0T1I3F0(2,2,3,0)[700,21,ASSEMBLE] vs C2A0T1I2F1(2,2,2,1)[800,20,ASSEMBLE+INSPECT]"
P2|N6|F|UNIFORM|d100|p200|f60|b0,F,false,0,0,0,false,false,false,0,0,0,false,false,false,0,false,""
P2|N6|F|UNIFORM|d100|p200|f60|b10,F,false,0,0,0,false,false,false,0,0,0,false,false,false,0,false,""
P2|N6|F|UNIFORM|d100|p200|f60|b25,F,false,0,0,0,false,true,false,0,0,0,false,true,false,0,false,""
P2|N6|F|UNIFORM|d100|p200|f60|b50,F,false,0,0,0,false,true,false,0,0,0,false,true,false,0,false,""
P2|N6|F|UNIFORM|d100|p200|f80|b0,F,false,0,0,0,false,false,false,0,0,0,false,false,false,0,false,""
P2|N6|F|UNIFORM|d100|p200|f80|b10,F,false,0,0,0,false,false,false,0,0,0,false,false,false,0,false,""
P2|N6|F|UNIFORM|d100|p200|f80|b25,F,false,0,0,0,false,true,false,0,0,0,false,true,false,0,false,""
P2|N6|F|UNIFORM|d100|p200|f80|b50,F,false,0,0,0,false,true,false,0,0,0,false,true,false,0,false,""
P2|N6|F|WORK|d75|p100|f20|b0,F,false,0,0,0,false,false,false,0,0,0,false,false,false,0,false,""
P2|N6|F|WORK|d75|p100|f20|b10,F,true,1,1,0,true,false,false,0,0,0,false,false,false,0,false,"POOLING C2A0T1I1F3(2,2,1,3)[1600,18,CUT|ASSEMBLE+INSPECT] vs C4A0T1I1F2(4,2,1,2)[1650,17,ASSEMBLE+INSPECT]"
P2|N6|F|WORK|d75|p100|f20|b25,F,true,3,2,0,true,false,false,0,0,0,false,false,false,0,false,"POOLING C2A0T1I1F3(2,2,1,3)[1600,18,CUT|ASSEMBLE+INSPECT] vs C4A0T1I1F2(4,2,1,2)[1650,17,ASSEMBLE+INSPECT]"
P2|N6|F|WORK|d75|p100|f20|b50,F,true,3,2,0,true,false,true,1,3,0,true,false,true,0,false,"POOLING C2A0T1I1F3(2,2,1,3)[1600,18,CUT|ASSEMBLE+INSPECT] vs C4A0T1I1F2(4,2,1,2)[1650,17,ASSEMBLE+INSPECT]"
P2|N6|F|WORK|d75|p100|f40|b0,F,false,0,0,0,false,false,false,0,0,0,false,false,false,0,false,""
P2|N6|F|WORK|d75|p100|f40|b10,F,true,1,0,0,true,false,true,1,0,0,true,true,true,1,false,"POOLING C2A0T1I2F0(2,2,2,0)[1100,22,INSPECT] vs C3A0T0I0F3(3,0,0,3)[1200,21,ASSEMBLE+INSPECT]"
P2|N6|F|WORK|d75|p100|f40|b25,F,true,5,1,0,true,false,true,4,1,0,true,true,true,5,false,"POOLING C2A0T1I2F0(2,2,2,0)[1100,22,INSPECT] vs C3A0T0I0F3(3,0,0,3)[1200,21,ASSEMBLE+INSPECT]"
P2|N6|F|WORK|d75|p100|f40|b50,F,true,12,3,0,true,false,true,10,3,0,true,true,true,5,false,"POOLING C2A0T1I2F0(2,2,2,0)[1100,22,INSPECT] vs C3A0T0I0F3(3,0,0,3)[1200,21,ASSEMBLE+INSPECT]"
P2|N6|F|WORK|d75|p100|f60|b0,F,false,0,0,0,false,false,false,0,0,0,false,false,false,0,false,""
P2|N6|F|WORK|d75|p100|f60|b10,F,false,0,0,0,false,false,false,0,0,0,false,false,false,0,false,""
P2|N6|F|WORK|d75|p100|f60|b25,F,true,4,0,0,true,false,true,6,0,0,true,false,true,4,false,"POOLING C1A1T0I0F2(1,1,0,2)[850,28,CUT|ASSEMBLE+INSPECT] vs C2A1T0I1F1(2,1,1,1)[1000,26,ASSEMBLE+INSPECT]"
P2|N6|F|WORK|d75|p100|f60|b50,F,true,12,0,0,true,false,true,19,0,0,true,false,true,12,false,"POOLING C1A1T0I0F2(1,1,0,2)[850,28,CUT|ASSEMBLE+INSPECT] vs C2A1T0I1F1(2,1,1,1)[1000,26,ASSEMBLE+INSPECT]"
P2|N6|F|WORK|d75|p100|f80|b0,F,false,0,0,0,false,false,false,0,0,0,false,false,false,0,false,""
P2|N6|F|WORK|d75|p100|f80|b10,F,true,1,1,0,true,true,true,1,1,0,true,true,true,2,true,"MATERIAL_DEDICATED C2A0T0I0F2(2,0,0,2)[800,30,ASSEMBLE+INSPECT] vs C1A1T0I0F2(1,1,0,2)[850,28,CUT|ASSEMBLE+INSPECT] surplusEffect=3 threshold=2"
P2|N6|F|WORK|d75|p100|f80|b25,F,true,5,1,0,true,true,true,7,1,0,true,true,true,6,true,"MATERIAL_DEDICATED C2A0T0I0F2(2,0,0,2)[800,30,ASSEMBLE+INSPECT] vs C1A1T0I0F2(1,1,0,2)[850,28,CUT|ASSEMBLE+INSPECT] surplusEffect=3 threshold=2"
P2|N6|F|WORK|d75|p100|f80|b50,F,true,16,1,0,true,true,true,23,1,0,true,true,true,17,true,"MATERIAL_DEDICATED C2A0T0I0F2(2,0,0,2)[800,30,ASSEMBLE+INSPECT] vs C1A1T0I0F2(1,1,0,2)[850,28,CUT|ASSEMBLE+INSPECT] surplusEffect=3 threshold=2"
P2|N6|F|WORK|d75|p125|f20|b0,F,false,0,0,0,false,false,false,0,0,0,false,false,false,0,false,""
P2|N6|F|WORK|d75|p125|f20|b10,F,true,1,0,0,true,false,true,1,0,0,true,false,true,1,false,"POOLING C2A0T1I3F1(2,2,3,1)[1663,19,CUT|ASSEMBLE+INSPECT] vs C3A1T1I3F0(3,3,3,0)[1700,17,INSPECT]"
P2|N6|F|WORK|d75|p125|f20|b25,F,true,1,0,0,true,false,true,1,0,0,true,false,true,1,false,"POOLING C2A0T1I3F1(2,2,3,1)[1663,19,CUT|ASSEMBLE+INSPECT] vs C3A1T1I3F0(3,3,3,0)[1700,17,INSPECT]"
P2|N6|F|WORK|d75|p125|f20|b50,F,true,3,0,0,true,false,true,3,0,0,true,false,true,3,false,"POOLING C2A0T1I3F1(2,2,3,1)[1663,19,CUT|ASSEMBLE+INSPECT] vs C3A1T1I3F0(3,3,3,0)[1700,17,INSPECT]"
P2|N6|F|WORK|d75|p125|f40|b0,F,false,0,0,0,false,false,false,0,0,0,false,false,false,0,false,""
P2|N6|F|WORK|d75|p125|f40|b10,F,false,0,0,0,false,false,false,0,0,0,false,false,false,0,false,""
P2|N6|F|WORK|d75|p125|f40|b25,F,false,0,0,0,false,false,false,0,0,0,false,false,false,0,false,""
P2|N6|F|WORK|d75|p125|f40|b50,F,true,1,0,0,true,false,true,2,0,0,true,false,true,0,false,"POOLING C2A0T1I3F0(2,2,3,0)[1350,21,ASSEMBLE] vs C2A0T1I2F1(2,2,2,1)[1413,20,ASSEMBLE+INSPECT]"
P2|N6|F|WORK|d75|p125|f60|b0,F,false,0,0,0,false,false,false,0,0,0,false,false,false,0,false,""
P2|N6|F|WORK|d75|p125|f60|b10,F,true,1,0,0,true,false,true,1,0,0,true,false,true,1,false,"POOLING C1A1T0I1F1(1,1,1,1)[913,28,CUT|ASSEMBLE+INSPECT] vs C1A0T1I2F0(1,2,2,0)[950,27,CUT]"
P2|N6|F|WORK|d75|p125|f60|b25,F,true,4,0,0,true,false,true,4,0,0,true,false,true,4,false,"POOLING C1A1T0I1F1(1,1,1,1)[913,28,CUT|ASSEMBLE+INSPECT] vs C1A0T1I2F0(1,2,2,0)[950,27,CUT]"
P2|N6|F|WORK|d75|p125|f60|b50,F,true,6,0,0,true,false,true,6,0,0,true,false,true,6,false,"POOLING C1A1T0I1F1(1,1,1,1)[913,28,CUT|ASSEMBLE+INSPECT] vs C1A0T1I2F0(1,2,2,0)[950,27,CUT]"
P2|N6|F|WORK|d75|p125|f80|b0,F,false,0,0,0,false,false,false,0,0,0,false,false,false,0,false,""
P2|N6|F|WORK|d75|p125|f80|b10,F,true,1,0,0,true,true,true,1,0,0,true,true,true,1,true,"POOLING C1A1T0I2F0(1,1,2,0)[850,32,ASSEMBLE] vs C1A1T0I1F1(1,1,1,1)[913,28,CUT|ASSEMBLE+INSPECT]"
P2|N6|F|WORK|d75|p125|f80|b25,F,true,2,0,0,true,true,true,2,0,0,true,true,true,2,true,"POOLING C1A1T0I2F0(1,1,2,0)[850,32,ASSEMBLE] vs C1A1T0I1F1(1,1,1,1)[913,28,CUT|ASSEMBLE+INSPECT]"
P2|N6|F|WORK|d75|p125|f80|b50,F,true,6,0,0,true,true,true,6,0,0,true,true,true,6,true,"POOLING C1A1T0I2F0(1,1,2,0)[850,32,ASSEMBLE] vs C1A1T0I1F1(1,1,1,1)[913,28,CUT|ASSEMBLE+INSPECT]"
P2|N6|F|WORK|d75|p150|f20|b0,F,false,0,0,0,false,false,false,0,0,0,false,false,false,0,false,""
P2|N6|F|WORK|d75|p150|f20|b10,F,false,0,0,0,false,false,false,0,0,0,false,false,false,0,false,""
P2|N6|F|WORK|d75|p150|f20|b25,F,false,0,0,0,false,false,false,0,0,0,false,false,false,0,false,""
P2|N6|F|WORK|d75|p150|f20|b50,F,true,1,0,0,true,false,true,1,0,0,true,false,true,1,false,"POOLING C3A1T1I3F0(3,3,3,0)[1700,17,INSPECT] vs C3A0T0I3F3(3,0,3,3)[2325,16,ASSEMBLE+INSPECT]"
P2|N6|F|WORK|d75|p150|f40|b0,F,false,0,0,0,false,false,false,0,0,0,false,false,false,0,false,""
P2|N6|F|WORK|d75|p150|f40|b10,F,false,0,0,0,false,false,false,0,0,0,false,false,false,0,false,""
P2|N6|F|WORK|d75|p150|f40|b25,F,false,0,0,0,false,false,false,0,0,0,false,false,false,0,false,""
P2|N6|F|WORK|d75|p150|f40|b50,F,true,1,0,0,true,false,false,0,0,0,false,false,false,0,false,"POOLING C2A0T1I3F0(2,2,3,0)[1350,21,ASSEMBLE] vs C2A0T1I2F1(2,2,2,1)[1475,20,ASSEMBLE+INSPECT]"
P2|N6|F|WORK|d75|p150|f60|b0,F,false,0,0,0,false,false,false,0,0,0,false,false,false,0,false,""
P2|N6|F|WORK|d75|p150|f60|b10,F,false,0,0,0,false,false,false,0,0,0,false,false,false,0,false,""
P2|N6|F|WORK|d75|p150|f60|b25,F,false,0,0,0,false,true,false,0,0,0,false,true,false,0,false,""
P2|N6|F|WORK|d75|p150|f60|b50,F,false,0,0,0,false,true,false,0,0,0,false,true,false,0,false,""
P2|N6|F|WORK|d75|p150|f80|b0,F,false,0,0,0,false,false,false,0,0,0,false,false,false,0,false,""
P2|N6|F|WORK|d75|p150|f80|b10,F,false,0,0,0,false,false,false,0,0,0,false,false,false,0,false,""
P2|N6|F|WORK|d75|p150|f80|b25,F,false,0,0,0,false,true,false,0,0,0,false,true,false,0,false,""
P2|N6|F|WORK|d75|p150|f80|b50,F,false,0,0,0,false,true,false,0,0,0,false,true,false,0,false,""
P2|N6|F|WORK|d75|p200|f20|b0,F,false,0,0,0,false,false,false,0,0,0,false,false,false,0,false,""
P2|N6|F|WORK|d75|p200|f20|b10,F,false,0,0,0,false,false,false,0,0,0,false,false,false,0,false,""
P2|N6|F|WORK|d75|p200|f20|b25,F,false,0,0,0,false,false,false,0,0,0,false,false,false,0,false,""
P2|N6|F|WORK|d75|p200|f20|b50,F,false,0,0,0,false,false,false,0,0,0,false,false,false,0,false,""
P2|N6|F|WORK|d75|p200|f40|b0,F,false,0,0,0,false,false,false,0,0,0,false,false,false,0,false,""
P2|N6|F|WORK|d75|p200|f40|b10,F,false,0,0,0,false,false,false,0,0,0,false,false,false,0,false,""
P2|N6|F|WORK|d75|p200|f40|b25,F,false,0,0,0,false,false,false,0,0,0,false,false,false,0,false,""
P2|N6|F|WORK|d75|p200|f40|b50,F,false,0,0,0,false,false,false,0,0,0,false,false,false,0,false,""
P2|N6|F|WORK|d75|p200|f60|b0,F,false,0,0,0,false,false,false,0,0,0,false,false,false,0,false,""
P2|N6|F|WORK|d75|p200|f60|b10,F,false,0,0,0,false,false,false,0,0,0,false,false,false,0,false,""
P2|N6|F|WORK|d75|p200|f60|b25,F,false,0,0,0,false,true,false,0,0,0,false,true,false,0,false,""
P2|N6|F|WORK|d75|p200|f60|b50,F,false,0,0,0,false,true,false,0,0,0,false,true,false,0,false,""
P2|N6|F|WORK|d75|p200|f80|b0,F,false,0,0,0,false,false,false,0,0,0,false,false,false,0,false,""
P2|N6|F|WORK|d75|p200|f80|b10,F,false,0,0,0,false,false,false,0,0,0,false,false,false,0,false,""
P2|N6|F|WORK|d75|p200|f80|b25,F,false,0,0,0,false,true,false,0,0,0,false,true,false,0,false,""
P2|N6|F|WORK|d75|p200|f80|b50,F,false,0,0,0,false,true,false,0,0,0,false,true,false,0,false,""
P2|N6|F|WORK|d90|p100|f20|b0,F,false,0,0,0,false,false,false,0,0,0,false,false,false,0,false,""
P2|N6|F|WORK|d90|p100|f20|b10,F,true,1,1,0,true,false,false,0,0,0,false,false,false,0,false,"POOLING C2A0T1I1F3(2,2,1,3)[1660,18,CUT|ASSEMBLE+INSPECT] vs C4A0T1I1F2(4,2,1,2)[1710,17,ASSEMBLE+INSPECT]"
P2|N6|F|WORK|d90|p100|f20|b25,F,true,3,2,0,true,false,false,0,0,0,false,false,false,0,false,"POOLING C2A0T1I1F3(2,2,1,3)[1660,18,CUT|ASSEMBLE+INSPECT] vs C4A0T1I1F2(4,2,1,2)[1710,17,ASSEMBLE+INSPECT]"
P2|N6|F|WORK|d90|p100|f20|b50,F,true,3,2,0,true,false,true,1,1,0,true,false,true,0,false,"POOLING C2A0T1I1F3(2,2,1,3)[1660,18,CUT|ASSEMBLE+INSPECT] vs C4A0T1I1F2(4,2,1,2)[1710,17,ASSEMBLE+INSPECT]"
P2|N6|F|WORK|d90|p100|f40|b0,F,false,0,0,0,false,false,false,0,0,0,false,false,false,0,false,""
P2|N6|F|WORK|d90|p100|f40|b10,F,true,1,0,0,true,false,true,1,0,0,true,true,true,1,false,"POOLING C2A0T1I2F0(2,2,2,0)[1160,22,INSPECT] vs C3A0T0I0F3(3,0,0,3)[1200,21,ASSEMBLE+INSPECT]"
P2|N6|F|WORK|d90|p100|f40|b25,F,true,2,0,0,true,false,true,4,1,0,true,true,true,1,false,"POOLING C2A0T1I2F0(2,2,2,0)[1160,22,INSPECT] vs C3A0T0I0F3(3,0,0,3)[1200,21,ASSEMBLE+INSPECT]"
P2|N6|F|WORK|d90|p100|f40|b50,F,true,9,3,0,true,false,true,8,3,0,true,true,true,1,false,"POOLING C2A0T1I2F0(2,2,2,0)[1160,22,INSPECT] vs C3A0T0I0F3(3,0,0,3)[1200,21,ASSEMBLE+INSPECT]"
P2|N6|F|WORK|d90|p100|f60|b0,F,false,0,0,0,false,false,false,0,0,0,false,false,false,0,false,""
P2|N6|F|WORK|d90|p100|f60|b10,F,false,0,0,0,false,false,false,0,0,0,false,false,false,0,false,""
P2|N6|F|WORK|d90|p100|f60|b25,F,true,4,0,0,true,false,true,6,0,0,true,false,true,4,false,"POOLING C1A1T0I0F2(1,1,0,2)[850,28,CUT|ASSEMBLE+INSPECT] vs C2A1T0I1F1(2,1,1,1)[1000,26,ASSEMBLE+INSPECT]"
P2|N6|F|WORK|d90|p100|f60|b50,F,true,12,0,0,true,false,true,19,0,0,true,false,true,12,false,"POOLING C1A1T0I0F2(1,1,0,2)[850,28,CUT|ASSEMBLE+INSPECT] vs C2A1T0I1F1(2,1,1,1)[1000,26,ASSEMBLE+INSPECT]"
P2|N6|F|WORK|d90|p100|f80|b0,F,false,0,0,0,false,false,false,0,0,0,false,false,false,0,false,""
P2|N6|F|WORK|d90|p100|f80|b10,F,true,1,1,0,true,true,true,1,1,0,true,true,true,2,true,"MATERIAL_DEDICATED C2A0T0I0F2(2,0,0,2)[800,30,ASSEMBLE+INSPECT] vs C1A1T0I0F2(1,1,0,2)[850,28,CUT|ASSEMBLE+INSPECT] surplusEffect=3 threshold=2"
P2|N6|F|WORK|d90|p100|f80|b25,F,true,5,1,0,true,true,true,7,1,0,true,true,true,6,true,"MATERIAL_DEDICATED C2A0T0I0F2(2,0,0,2)[800,30,ASSEMBLE+INSPECT] vs C1A1T0I0F2(1,1,0,2)[850,28,CUT|ASSEMBLE+INSPECT] surplusEffect=3 threshold=2"
P2|N6|F|WORK|d90|p100|f80|b50,F,true,16,1,0,true,true,true,23,1,0,true,true,true,17,true,"MATERIAL_DEDICATED C2A0T0I0F2(2,0,0,2)[800,30,ASSEMBLE+INSPECT] vs C1A1T0I0F2(1,1,0,2)[850,28,CUT|ASSEMBLE+INSPECT] surplusEffect=3 threshold=2"
P2|N6|F|WORK|d90|p125|f20|b0,F,false,0,0,0,false,false,false,0,0,0,false,false,false,0,false,""
P2|N6|F|WORK|d90|p125|f20|b10,F,true,1,0,0,true,false,true,1,0,0,true,false,true,0,false,"POOLING C2A0T1I3F1(2,2,3,1)[1723,19,CUT|ASSEMBLE+INSPECT] vs C3A1T1I3F0(3,3,3,0)[1760,17,INSPECT]"
P2|N6|F|WORK|d90|p125|f20|b25,F,true,3,0,0,true,false,true,1,0,0,true,false,true,0,false,"POOLING C2A0T1I3F1(2,2,3,1)[1723,19,CUT|ASSEMBLE+INSPECT] vs C3A1T1I3F0(3,3,3,0)[1760,17,INSPECT]"
P2|N6|F|WORK|d90|p125|f20|b50,F,true,3,0,0,true,false,true,2,1,0,true,false,true,1,false,"POOLING C2A0T1I3F1(2,2,3,1)[1723,19,CUT|ASSEMBLE+INSPECT] vs C3A1T1I3F0(3,3,3,0)[1760,17,INSPECT]"
P2|N6|F|WORK|d90|p125|f40|b0,F,false,0,0,0,false,false,false,0,0,0,false,false,false,0,false,""
P2|N6|F|WORK|d90|p125|f40|b10,F,false,0,0,0,false,false,false,0,0,0,false,false,false,0,false,""
P2|N6|F|WORK|d90|p125|f40|b25,F,true,1,0,0,true,false,true,1,0,0,true,false,true,1,false,"POOLING C2A0T1I2F0(2,2,2,0)[1160,22,INSPECT] vs C2A1T0I1F2(2,1,1,2)[1376,21,ASSEMBLE+INSPECT]"
P2|N6|F|WORK|d90|p125|f40|b50,F,true,3,0,0,true,false,true,3,0,0,true,false,true,1,false,"POOLING C2A0T1I2F0(2,2,2,0)[1160,22,INSPECT] vs C2A1T0I1F2(2,1,1,2)[1376,21,ASSEMBLE+INSPECT]"
P2|N6|F|WORK|d90|p125|f60|b0,F,false,0,0,0,false,false,false,0,0,0,false,false,false,0,false,""
P2|N6|F|WORK|d90|p125|f60|b10,F,false,0,0,0,false,false,false,0,0,0,false,false,false,0,false,""
P2|N6|F|WORK|d90|p125|f60|b25,F,true,2,0,0,true,false,true,2,0,0,true,false,true,2,false,"POOLING C1A1T0I1F1(1,1,1,1)[913,28,CUT|ASSEMBLE+INSPECT] vs C1A0T1I2F0(1,2,2,0)[1010,27,CUT]"
P2|N6|F|WORK|d90|p125|f60|b50,F,true,4,0,0,true,false,true,4,0,0,true,false,true,4,false,"POOLING C1A1T0I1F1(1,1,1,1)[913,28,CUT|ASSEMBLE+INSPECT] vs C1A0T1I2F0(1,2,2,0)[1010,27,CUT]"
P2|N6|F|WORK|d90|p125|f80|b0,F,false,0,0,0,false,false,false,0,0,0,false,false,false,0,false,""
P2|N6|F|WORK|d90|p125|f80|b10,F,true,1,0,0,true,true,true,1,0,0,true,true,true,1,true,"POOLING C1A1T0I2F0(1,1,2,0)[850,32,ASSEMBLE] vs C1A1T0I1F1(1,1,1,1)[913,28,CUT|ASSEMBLE+INSPECT]"
P2|N6|F|WORK|d90|p125|f80|b25,F,true,2,0,0,true,true,true,2,0,0,true,true,true,2,true,"POOLING C1A1T0I2F0(1,1,2,0)[850,32,ASSEMBLE] vs C1A1T0I1F1(1,1,1,1)[913,28,CUT|ASSEMBLE+INSPECT]"
P2|N6|F|WORK|d90|p125|f80|b50,F,true,6,0,0,true,true,true,6,0,0,true,true,true,6,true,"POOLING C1A1T0I2F0(1,1,2,0)[850,32,ASSEMBLE] vs C1A1T0I1F1(1,1,1,1)[913,28,CUT|ASSEMBLE+INSPECT]"
P2|N6|F|WORK|d90|p150|f20|b0,F,false,0,0,0,false,false,false,0,0,0,false,false,false,0,false,""
P2|N6|F|WORK|d90|p150|f20|b10,F,false,0,0,0,false,false,false,0,0,0,false,false,false,0,false,""
P2|N6|F|WORK|d90|p150|f20|b25,F,false,0,0,0,false,false,false,0,0,0,false,false,false,0,false,""
P2|N6|F|WORK|d90|p150|f20|b50,F,true,1,0,0,true,false,true,1,0,0,true,false,true,1,false,"POOLING C3A1T1I3F0(3,3,3,0)[1760,17,INSPECT] vs C3A0T0I3F3(3,0,3,3)[2325,16,ASSEMBLE+INSPECT]"
P2|N6|F|WORK|d90|p150|f40|b0,F,false,0,0,0,false,false,false,0,0,0,false,false,false,0,false,""
P2|N6|F|WORK|d90|p150|f40|b10,F,false,0,0,0,false,false,false,0,0,0,false,false,false,0,false,""
P2|N6|F|WORK|d90|p150|f40|b25,F,false,0,0,0,false,false,false,0,0,0,false,false,false,0,false,""
P2|N6|F|WORK|d90|p150|f40|b50,F,true,1,0,0,true,false,false,0,0,0,false,false,false,0,false,"POOLING C2A0T1I3F0(2,2,3,0)[1410,21,ASSEMBLE] vs C2A0T1I2F1(2,2,2,1)[1535,20,ASSEMBLE+INSPECT]"
P2|N6|F|WORK|d90|p150|f60|b0,F,false,0,0,0,false,false,false,0,0,0,false,false,false,0,false,""
P2|N6|F|WORK|d90|p150|f60|b10,F,true,1,0,0,true,false,true,1,0,0,true,false,true,1,false,"POOLING C1A1T0I1F1(1,1,1,1)[975,28,CUT|ASSEMBLE+INSPECT] vs C1A0T1I2F0(1,2,2,0)[1010,27,CUT]"
P2|N6|F|WORK|d90|p150|f60|b25,F,true,4,0,0,true,false,true,4,0,0,true,false,true,4,false,"POOLING C1A1T0I1F1(1,1,1,1)[975,28,CUT|ASSEMBLE+INSPECT] vs C1A0T1I2F0(1,2,2,0)[1010,27,CUT]"
P2|N6|F|WORK|d90|p150|f60|b50,F,true,6,0,0,true,false,true,6,0,0,true,false,true,6,false,"POOLING C1A1T0I1F1(1,1,1,1)[975,28,CUT|ASSEMBLE+INSPECT] vs C1A0T1I2F0(1,2,2,0)[1010,27,CUT]"
P2|N6|F|WORK|d90|p150|f80|b0,F,false,0,0,0,false,false,false,0,0,0,false,false,false,0,false,""
P2|N6|F|WORK|d90|p150|f80|b10,F,false,0,0,0,false,false,false,0,0,0,false,false,false,0,false,""
P2|N6|F|WORK|d90|p150|f80|b25,F,true,2,0,0,true,true,true,2,0,0,true,true,true,2,true,"POOLING C1A1T0I2F0(1,1,2,0)[850,32,ASSEMBLE] vs C1A1T0I1F1(1,1,1,1)[975,28,CUT|ASSEMBLE+INSPECT]"
P2|N6|F|WORK|d90|p150|f80|b50,F,true,6,0,0,true,true,true,6,0,0,true,true,true,6,true,"POOLING C1A1T0I2F0(1,1,2,0)[850,32,ASSEMBLE] vs C1A1T0I1F1(1,1,1,1)[975,28,CUT|ASSEMBLE+INSPECT]"
P2|N6|F|WORK|d90|p200|f20|b0,F,false,0,0,0,false,false,false,0,0,0,false,false,false,0,false,""
P2|N6|F|WORK|d90|p200|f20|b10,F,false,0,0,0,false,false,false,0,0,0,false,false,false,0,false,""
P2|N6|F|WORK|d90|p200|f20|b25,F,false,0,0,0,false,false,false,0,0,0,false,false,false,0,false,""
P2|N6|F|WORK|d90|p200|f20|b50,F,false,0,0,0,false,false,false,0,0,0,false,false,false,0,false,""
P2|N6|F|WORK|d90|p200|f40|b0,F,false,0,0,0,false,false,false,0,0,0,false,false,false,0,false,""
P2|N6|F|WORK|d90|p200|f40|b10,F,false,0,0,0,false,false,false,0,0,0,false,false,false,0,false,""
P2|N6|F|WORK|d90|p200|f40|b25,F,false,0,0,0,false,false,false,0,0,0,false,false,false,0,false,""
P2|N6|F|WORK|d90|p200|f40|b50,F,false,0,0,0,false,false,false,0,0,0,false,false,false,0,false,""
P2|N6|F|WORK|d90|p200|f60|b0,F,false,0,0,0,false,false,false,0,0,0,false,false,false,0,false,""
P2|N6|F|WORK|d90|p200|f60|b10,F,false,0,0,0,false,false,false,0,0,0,false,false,false,0,false,""
P2|N6|F|WORK|d90|p200|f60|b25,F,false,0,0,0,false,true,false,0,0,0,false,true,false,0,false,""
P2|N6|F|WORK|d90|p200|f60|b50,F,false,0,0,0,false,true,false,0,0,0,false,true,false,0,false,""
P2|N6|F|WORK|d90|p200|f80|b0,F,false,0,0,0,false,false,false,0,0,0,false,false,false,0,false,""
P2|N6|F|WORK|d90|p200|f80|b10,F,false,0,0,0,false,false,false,0,0,0,false,false,false,0,false,""
P2|N6|F|WORK|d90|p200|f80|b25,F,false,0,0,0,false,true,false,0,0,0,false,true,false,0,false,""
P2|N6|F|WORK|d90|p200|f80|b50,F,false,0,0,0,false,true,false,0,0,0,false,true,false,0,false,""
P2|N6|F|WORK|d100|p100|f20|b0,F,false,0,0,0,false,false,false,0,0,0,false,false,false,0,false,""
P2|N6|F|WORK|d100|p100|f20|b10,F,true,4,4,0,true,false,false,0,0,0,false,false,false,0,false,"POOLING C2A0T1I1F3(2,2,1,3)[1700,18,CUT|ASSEMBLE+INSPECT] vs C4A0T1I1F2(4,2,1,2)[1750,17,ASSEMBLE+INSPECT]"
P2|N6|F|WORK|d100|p100|f20|b25,F,true,8,6,0,true,false,false,0,0,0,false,false,false,0,false,"POOLING C2A0T1I1F3(2,2,1,3)[1700,18,CUT|ASSEMBLE+INSPECT] vs C4A0T1I1F2(4,2,1,2)[1750,17,ASSEMBLE+INSPECT]"
P2|N6|F|WORK|d100|p100|f20|b50,F,true,12,6,0,true,false,true,1,1,0,true,false,true,0,false,"POOLING C2A0T1I1F3(2,2,1,3)[1700,18,CUT|ASSEMBLE+INSPECT] vs C4A0T1I1F2(4,2,1,2)[1750,17,ASSEMBLE+INSPECT]"
P2|N6|F|WORK|d100|p100|f40|b0,F,false,0,0,0,false,false,false,0,0,0,false,false,false,0,false,""
P2|N6|F|WORK|d100|p100|f40|b10,F,false,0,0,0,false,false,false,0,0,0,false,false,false,0,false,""
P2|N6|F|WORK|d100|p100|f40|b25,F,false,0,0,0,false,false,true,2,3,0,true,false,false,0,false,""
P2|N6|F|WORK|d100|p100|f40|b50,F,true,12,8,0,true,false,true,3,3,0,true,false,true,0,false,"MATERIAL_DEDICATED C3A0T0I0F3(3,0,0,3)[1200,21,ASSEMBLE+INSPECT] vs C2A0T1I1F3(2,2,1,3)[1700,18,CUT|ASSEMBLE+INSPECT] surplusEffect=3 threshold=2"
P2|N6|F|WORK|d100|p100|f60|b0,F,false,0,0,0,false,false,false,0,0,0,false,false,false,0,false,""
P2|N6|F|WORK|d100|p100|f60|b10,F,false,0,0,0,false,false,false,0,0,0,false,false,false,0,false,""
P2|N6|F|WORK|d100|p100|f60|b25,F,true,4,0,0,true,false,true,6,0,0,true,false,true,4,false,"POOLING C1A1T0I0F2(1,1,0,2)[850,28,CUT|ASSEMBLE+INSPECT] vs C2A1T0I1F1(2,1,1,1)[1000,26,ASSEMBLE+INSPECT]"
P2|N6|F|WORK|d100|p100|f60|b50,F,true,6,0,0,true,false,true,8,0,0,true,false,true,6,false,"POOLING C1A1T0I0F2(1,1,0,2)[850,28,CUT|ASSEMBLE+INSPECT] vs C2A1T0I1F1(2,1,1,1)[1000,26,ASSEMBLE+INSPECT]"
P2|N6|F|WORK|d100|p100|f80|b0,F,false,0,0,0,false,false,false,0,0,0,false,false,false,0,false,""
P2|N6|F|WORK|d100|p100|f80|b10,F,true,1,1,0,true,true,true,1,1,0,true,true,true,2,true,"MATERIAL_DEDICATED C2A0T0I0F2(2,0,0,2)[800,30,ASSEMBLE+INSPECT] vs C1A1T0I0F2(1,1,0,2)[850,28,CUT|ASSEMBLE+INSPECT] surplusEffect=3 threshold=2"
P2|N6|F|WORK|d100|p100|f80|b25,F,true,5,1,0,true,true,true,7,1,0,true,true,true,6,true,"MATERIAL_DEDICATED C2A0T0I0F2(2,0,0,2)[800,30,ASSEMBLE+INSPECT] vs C1A1T0I0F2(1,1,0,2)[850,28,CUT|ASSEMBLE+INSPECT] surplusEffect=3 threshold=2"
P2|N6|F|WORK|d100|p100|f80|b50,F,true,9,1,0,true,true,true,11,1,0,true,true,true,10,true,"MATERIAL_DEDICATED C2A0T0I0F2(2,0,0,2)[800,30,ASSEMBLE+INSPECT] vs C1A1T0I0F2(1,1,0,2)[850,28,CUT|ASSEMBLE+INSPECT] surplusEffect=3 threshold=2"
P2|N6|F|WORK|d100|p125|f20|b0,F,false,0,0,0,false,false,false,0,0,0,false,false,false,0,false,""
P2|N6|F|WORK|d100|p125|f20|b10,F,true,4,0,0,true,false,false,0,0,0,false,false,false,0,false,"POOLING C2A0T1I3F1(2,2,3,1)[1763,19,CUT|ASSEMBLE+INSPECT] vs C3A1T1I3F0(3,3,3,0)[1800,17,INSPECT]"
P2|N6|F|WORK|d100|p125|f20|b25,F,true,8,0,0,true,false,false,0,0,0,false,false,false,0,false,"POOLING C2A0T1I3F1(2,2,3,1)[1763,19,CUT|ASSEMBLE+INSPECT] vs C3A1T1I3F0(3,3,3,0)[1800,17,INSPECT]"
P2|N6|F|WORK|d100|p125|f20|b50,F,true,8,0,0,true,false,true,1,1,0,true,false,true,0,false,"POOLING C2A0T1I3F1(2,2,3,1)[1763,19,CUT|ASSEMBLE+INSPECT] vs C3A1T1I3F0(3,3,3,0)[1800,17,INSPECT]"
P2|N6|F|WORK|d100|p125|f40|b0,F,false,0,0,0,false,false,false,0,0,0,false,false,false,0,false,""
P2|N6|F|WORK|d100|p125|f40|b10,F,false,0,0,0,false,false,false,0,0,0,false,false,false,0,false,""
P2|N6|F|WORK|d100|p125|f40|b25,F,true,2,0,0,true,false,true,2,0,0,true,false,true,2,false,"POOLING C2A0T1I2F0(2,2,2,0)[1200,22,INSPECT] vs C2A1T0I1F2(2,1,1,2)[1376,21,ASSEMBLE+INSPECT]"
P2|N6|F|WORK|d100|p125|f40|b50,F,true,16,0,0,true,false,true,9,0,0,true,false,true,2,false,"POOLING C2A0T1I2F0(2,2,2,0)[1200,22,INSPECT] vs C2A1T0I1F2(2,1,1,2)[1376,21,ASSEMBLE+INSPECT]"
P2|N6|F|WORK|d100|p125|f60|b0,F,false,0,0,0,false,false,false,0,0,0,false,false,false,0,false,""
P2|N6|F|WORK|d100|p125|f60|b10,F,false,0,0,0,false,false,false,0,0,0,false,false,false,0,false,""
P2|N6|F|WORK|d100|p125|f60|b25,F,true,4,0,0,true,false,true,4,0,0,true,false,true,4,false,"POOLING C1A1T0I1F1(1,1,1,1)[913,28,CUT|ASSEMBLE+INSPECT] vs C1A0T1I2F0(1,2,2,0)[1050,27,CUT]"
P2|N6|F|WORK|d100|p125|f60|b50,F,true,13,0,0,true,false,true,13,0,0,true,false,true,13,false,"POOLING C1A1T0I1F1(1,1,1,1)[913,28,CUT|ASSEMBLE+INSPECT] vs C1A0T1I2F0(1,2,2,0)[1050,27,CUT]"
P2|N6|F|WORK|d100|p125|f80|b0,F,false,0,0,0,false,false,false,0,0,0,false,false,false,0,false,""
P2|N6|F|WORK|d100|p125|f80|b10,F,true,1,0,0,true,true,true,1,0,0,true,true,true,1,true,"POOLING C1A1T0I2F0(1,1,2,0)[850,32,ASSEMBLE] vs C1A1T0I1F1(1,1,1,1)[913,28,CUT|ASSEMBLE+INSPECT]"
P2|N6|F|WORK|d100|p125|f80|b25,F,true,3,0,0,true,true,true,3,0,0,true,true,true,3,true,"POOLING C1A1T0I2F0(1,1,2,0)[850,32,ASSEMBLE] vs C1A1T0I1F1(1,1,1,1)[913,28,CUT|ASSEMBLE+INSPECT]"
P2|N6|F|WORK|d100|p125|f80|b50,F,true,16,0,0,true,true,true,16,0,0,true,true,true,16,true,"POOLING C1A1T0I2F0(1,1,2,0)[850,32,ASSEMBLE] vs C1A1T0I1F1(1,1,1,1)[913,28,CUT|ASSEMBLE+INSPECT]"
P2|N6|F|WORK|d100|p150|f20|b0,F,false,0,0,0,false,false,false,0,0,0,false,false,false,0,false,""
P2|N6|F|WORK|d100|p150|f20|b10,F,false,0,0,0,false,false,false,0,0,0,false,false,false,0,false,""
P2|N6|F|WORK|d100|p150|f20|b25,F,false,0,0,0,false,false,false,0,0,0,false,false,false,0,false,""
P2|N6|F|WORK|d100|p150|f20|b50,F,true,2,0,0,true,false,true,2,0,0,true,false,true,2,false,"POOLING C3A1T1I3F0(3,3,3,0)[1800,17,INSPECT] vs C3A0T0I3F3(3,0,3,3)[2325,16,ASSEMBLE+INSPECT]"
P2|N6|F|WORK|d100|p150|f40|b0,F,false,0,0,0,false,false,false,0,0,0,false,false,false,0,false,""
P2|N6|F|WORK|d100|p150|f40|b10,F,false,0,0,0,false,false,false,0,0,0,false,false,false,0,false,""
P2|N6|F|WORK|d100|p150|f40|b25,F,false,0,0,0,false,false,false,0,0,0,false,false,false,0,false,""
P2|N6|F|WORK|d100|p150|f40|b50,F,true,8,0,0,true,false,true,4,0,0,true,false,true,0,false,"POOLING C2A0T1I3F0(2,2,3,0)[1450,21,ASSEMBLE] vs C2A0T1I2F1(2,2,2,1)[1575,20,ASSEMBLE+INSPECT]"
P2|N6|F|WORK|d100|p150|f60|b0,F,false,0,0,0,false,false,false,0,0,0,false,false,false,0,false,""
P2|N6|F|WORK|d100|p150|f60|b10,F,true,2,0,0,true,false,true,2,0,0,true,false,true,2,false,"POOLING C1A1T0I1F1(1,1,1,1)[975,28,CUT|ASSEMBLE+INSPECT] vs C1A0T1I2F0(1,2,2,0)[1050,27,CUT]"
P2|N6|F|WORK|d100|p150|f60|b25,F,true,8,0,0,true,false,true,8,0,0,true,false,true,8,false,"POOLING C1A1T0I1F1(1,1,1,1)[975,28,CUT|ASSEMBLE+INSPECT] vs C1A0T1I2F0(1,2,2,0)[1050,27,CUT]"
P2|N6|F|WORK|d100|p150|f60|b50,F,true,12,0,0,true,false,true,12,0,0,true,false,true,12,false,"POOLING C1A1T0I1F1(1,1,1,1)[975,28,CUT|ASSEMBLE+INSPECT] vs C1A0T1I2F0(1,2,2,0)[1050,27,CUT]"
P2|N6|F|WORK|d100|p150|f80|b0,F,false,0,0,0,false,false,false,0,0,0,false,false,false,0,false,""
P2|N6|F|WORK|d100|p150|f80|b10,F,false,0,0,0,false,false,false,0,0,0,false,false,false,0,false,""
P2|N6|F|WORK|d100|p150|f80|b25,F,true,3,0,0,true,true,true,3,0,0,true,true,true,3,true,"POOLING C1A1T0I2F0(1,1,2,0)[850,32,ASSEMBLE] vs C1A1T0I1F1(1,1,1,1)[975,28,CUT|ASSEMBLE+INSPECT]"
P2|N6|F|WORK|d100|p150|f80|b50,F,true,10,0,0,true,true,true,10,0,0,true,true,true,10,true,"POOLING C1A1T0I2F0(1,1,2,0)[850,32,ASSEMBLE] vs C1A1T0I1F1(1,1,1,1)[975,28,CUT|ASSEMBLE+INSPECT]"
P2|N6|F|WORK|d100|p200|f20|b0,F,false,0,0,0,false,false,false,0,0,0,false,false,false,0,false,""
P2|N6|F|WORK|d100|p200|f20|b10,F,false,0,0,0,false,false,false,0,0,0,false,false,false,0,false,""
P2|N6|F|WORK|d100|p200|f20|b25,F,false,0,0,0,false,false,false,0,0,0,false,false,false,0,false,""
P2|N6|F|WORK|d100|p200|f20|b50,F,true,2,0,0,true,false,true,2,0,0,true,false,true,2,false,"POOLING C3A1T1I3F0(3,3,3,0)[1800,17,INSPECT] vs C3A1T0I4F2(3,1,4,2)[2650,16,ASSEMBLE+INSPECT]"
P2|N6|F|WORK|d100|p200|f40|b0,F,false,0,0,0,false,false,false,0,0,0,false,false,false,0,false,""
P2|N6|F|WORK|d100|p200|f40|b10,F,false,0,0,0,false,false,false,0,0,0,false,false,false,0,false,""
P2|N6|F|WORK|d100|p200|f40|b25,F,false,0,0,0,false,false,false,0,0,0,false,false,false,0,false,""
P2|N6|F|WORK|d100|p200|f40|b50,F,false,0,0,0,false,false,false,0,0,0,false,false,false,0,false,""
P2|N6|F|WORK|d100|p200|f60|b0,F,false,0,0,0,false,false,false,0,0,0,false,false,false,0,false,""
P2|N6|F|WORK|d100|p200|f60|b10,F,false,0,0,0,false,false,false,0,0,0,false,false,false,0,false,""
P2|N6|F|WORK|d100|p200|f60|b25,F,false,0,0,0,false,true,false,0,0,0,false,true,false,0,false,""
P2|N6|F|WORK|d100|p200|f60|b50,F,false,0,0,0,false,true,false,0,0,0,false,true,false,0,false,""
P2|N6|F|WORK|d100|p200|f80|b0,F,false,0,0,0,false,false,false,0,0,0,false,false,false,0,false,""
P2|N6|F|WORK|d100|p200|f80|b10,F,false,0,0,0,false,false,false,0,0,0,false,false,false,0,false,""
P2|N6|F|WORK|d100|p200|f80|b25,F,false,0,0,0,false,true,false,0,0,0,false,true,false,0,false,""
P2|N6|F|WORK|d100|p200|f80|b50,F,false,0,0,0,false,true,false,0,0,0,false,true,false,0,false,""
P2|N12|D|UNIFORM|d75|p0|f20|b0,D,false,0,0,0,false,false,false,0,0,0,false,false,false,0,false,""
P2|N12|D|UNIFORM|d75|p0|f20|b10,D,false,0,0,0,false,false,false,0,0,0,false,false,false,0,false,""
P2|N12|D|UNIFORM|d75|p0|f20|b25,D,false,0,0,0,false,false,false,0,0,0,false,false,false,0,false,""
P2|N12|D|UNIFORM|d75|p0|f20|b50,D,false,0,0,0,false,false,false,0,0,0,false,false,false,0,false,""
P2|N12|D|UNIFORM|d75|p0|f40|b0,D,false,0,0,0,false,false,false,0,0,0,false,false,false,0,false,""
P2|N12|D|UNIFORM|d75|p0|f40|b10,D,false,0,0,0,false,false,false,0,0,0,false,false,false,0,false,""
P2|N12|D|UNIFORM|d75|p0|f40|b25,D,false,0,0,0,false,true,false,0,0,0,false,true,false,0,false,""
P2|N12|D|UNIFORM|d75|p0|f40|b50,D,false,0,0,0,false,true,false,0,0,0,false,true,false,0,false,""
P2|N12|D|UNIFORM|d75|p0|f60|b0,D,false,0,0,0,false,false,false,0,0,0,false,false,false,0,false,""
P2|N12|D|UNIFORM|d75|p0|f60|b10,D,false,0,0,0,false,false,false,0,0,0,false,false,false,0,false,""
P2|N12|D|UNIFORM|d75|p0|f60|b25,D,false,0,0,0,false,true,false,0,0,0,false,true,false,0,false,""
P2|N12|D|UNIFORM|d75|p0|f60|b50,D,false,0,0,0,false,true,false,0,0,0,false,true,false,0,false,""
P2|N12|D|UNIFORM|d75|p0|f80|b0,D,false,0,0,0,false,false,false,0,0,0,false,false,false,0,false,""
P2|N12|D|UNIFORM|d75|p0|f80|b10,D,false,0,0,0,false,false,false,0,0,0,false,false,false,0,false,""
P2|N12|D|UNIFORM|d75|p0|f80|b25,D,false,0,0,0,false,true,false,0,0,0,false,true,false,0,false,""
P2|N12|D|UNIFORM|d75|p0|f80|b50,D,false,0,0,0,false,true,false,0,0,0,false,true,false,0,false,""
P2|N12|D|UNIFORM|d90|p0|f20|b0,D,false,0,0,0,false,false,false,0,0,0,false,false,false,0,false,""
P2|N12|D|UNIFORM|d90|p0|f20|b10,D,false,0,0,0,false,false,false,0,0,0,false,false,false,0,false,""
P2|N12|D|UNIFORM|d90|p0|f20|b25,D,false,0,0,0,false,false,false,0,0,0,false,false,false,0,false,""
P2|N12|D|UNIFORM|d90|p0|f20|b50,D,false,0,0,0,false,false,false,0,0,0,false,false,false,0,false,""
P2|N12|D|UNIFORM|d90|p0|f40|b0,D,false,0,0,0,false,false,false,0,0,0,false,false,false,0,false,""
P2|N12|D|UNIFORM|d90|p0|f40|b10,D,false,0,0,0,false,false,false,0,0,0,false,false,false,0,false,""
P2|N12|D|UNIFORM|d90|p0|f40|b25,D,false,0,0,0,false,true,false,0,0,0,false,true,false,0,false,""
P2|N12|D|UNIFORM|d90|p0|f40|b50,D,false,0,0,0,false,true,false,0,0,0,false,true,false,0,false,""
P2|N12|D|UNIFORM|d90|p0|f60|b0,D,false,0,0,0,false,false,false,0,0,0,false,false,false,0,false,""
P2|N12|D|UNIFORM|d90|p0|f60|b10,D,false,0,0,0,false,false,false,0,0,0,false,false,false,0,false,""
P2|N12|D|UNIFORM|d90|p0|f60|b25,D,false,0,0,0,false,true,false,0,0,0,false,true,false,0,false,""
P2|N12|D|UNIFORM|d90|p0|f60|b50,D,false,0,0,0,false,true,false,0,0,0,false,true,false,0,false,""
P2|N12|D|UNIFORM|d90|p0|f80|b0,D,false,0,0,0,false,false,false,0,0,0,false,false,false,0,false,""
P2|N12|D|UNIFORM|d90|p0|f80|b10,D,false,0,0,0,false,false,false,0,0,0,false,false,false,0,false,""
P2|N12|D|UNIFORM|d90|p0|f80|b25,D,false,0,0,0,false,true,false,0,0,0,false,true,false,0,false,""
P2|N12|D|UNIFORM|d90|p0|f80|b50,D,false,0,0,0,false,true,false,0,0,0,false,true,false,0,false,""
P2|N12|D|UNIFORM|d100|p0|f20|b0,D,false,0,0,0,false,false,false,0,0,0,false,false,false,0,false,""
P2|N12|D|UNIFORM|d100|p0|f20|b10,D,false,0,0,0,false,false,false,0,0,0,false,false,false,0,false,""
P2|N12|D|UNIFORM|d100|p0|f20|b25,D,false,0,0,0,false,false,false,0,0,0,false,false,false,0,false,""
P2|N12|D|UNIFORM|d100|p0|f20|b50,D,false,0,0,0,false,false,false,0,0,0,false,false,false,0,false,""
P2|N12|D|UNIFORM|d100|p0|f40|b0,D,false,0,0,0,false,false,false,0,0,0,false,false,false,0,false,""
P2|N12|D|UNIFORM|d100|p0|f40|b10,D,false,0,0,0,false,false,false,0,0,0,false,false,false,0,false,""
P2|N12|D|UNIFORM|d100|p0|f40|b25,D,false,0,0,0,false,true,false,0,0,0,false,true,false,0,false,""
P2|N12|D|UNIFORM|d100|p0|f40|b50,D,false,0,0,0,false,true,false,0,0,0,false,true,false,0,false,""
P2|N12|D|UNIFORM|d100|p0|f60|b0,D,false,0,0,0,false,false,false,0,0,0,false,false,false,0,false,""
P2|N12|D|UNIFORM|d100|p0|f60|b10,D,false,0,0,0,false,false,false,0,0,0,false,false,false,0,false,""
P2|N12|D|UNIFORM|d100|p0|f60|b25,D,false,0,0,0,false,true,false,0,0,0,false,true,false,0,false,""
P2|N12|D|UNIFORM|d100|p0|f60|b50,D,false,0,0,0,false,true,false,0,0,0,false,true,false,0,false,""
P2|N12|D|UNIFORM|d100|p0|f80|b0,D,false,0,0,0,false,false,false,0,0,0,false,false,false,0,false,""
P2|N12|D|UNIFORM|d100|p0|f80|b10,D,false,0,0,0,false,false,false,0,0,0,false,false,false,0,false,""
P2|N12|D|UNIFORM|d100|p0|f80|b25,D,false,0,0,0,false,true,false,0,0,0,false,true,false,0,false,""
P2|N12|D|UNIFORM|d100|p0|f80|b50,D,false,0,0,0,false,true,false,0,0,0,false,true,false,0,false,""
P2|N12|D|WORK|d75|p0|f20|b0,D,false,0,0,0,false,false,false,0,0,0,false,false,false,0,false,""
P2|N12|D|WORK|d75|p0|f20|b10,D,false,0,0,0,false,false,false,0,0,0,false,false,false,0,false,""
P2|N12|D|WORK|d75|p0|f20|b25,D,false,0,0,0,false,false,false,0,0,0,false,false,false,0,false,""
P2|N12|D|WORK|d75|p0|f20|b50,D,false,0,0,0,false,false,false,0,0,0,false,false,false,0,false,""
P2|N12|D|WORK|d75|p0|f40|b0,D,false,0,0,0,false,false,false,0,0,0,false,false,false,0,false,""
P2|N12|D|WORK|d75|p0|f40|b10,D,false,0,0,0,false,false,false,0,0,0,false,false,false,0,false,""
P2|N12|D|WORK|d75|p0|f40|b25,D,false,0,0,0,false,true,false,0,0,0,false,true,false,0,false,""
P2|N12|D|WORK|d75|p0|f40|b50,D,false,0,0,0,false,true,false,0,0,0,false,true,false,0,false,""
P2|N12|D|WORK|d75|p0|f60|b0,D,false,0,0,0,false,false,false,0,0,0,false,false,false,0,false,""
P2|N12|D|WORK|d75|p0|f60|b10,D,false,0,0,0,false,false,false,0,0,0,false,false,false,0,false,""
P2|N12|D|WORK|d75|p0|f60|b25,D,false,0,0,0,false,true,false,0,0,0,false,true,false,0,false,""
P2|N12|D|WORK|d75|p0|f60|b50,D,false,0,0,0,false,true,false,0,0,0,false,true,false,0,false,""
P2|N12|D|WORK|d75|p0|f80|b0,D,false,0,0,0,false,false,false,0,0,0,false,false,false,0,false,""
P2|N12|D|WORK|d75|p0|f80|b10,D,false,0,0,0,false,false,false,0,0,0,false,false,false,0,false,""
P2|N12|D|WORK|d75|p0|f80|b25,D,false,0,0,0,false,true,false,0,0,0,false,true,false,0,false,""
P2|N12|D|WORK|d75|p0|f80|b50,D,false,0,0,0,false,true,false,0,0,0,false,true,false,0,false,""
P2|N12|D|WORK|d90|p0|f20|b0,D,false,0,0,0,false,false,false,0,0,0,false,false,false,0,false,""
P2|N12|D|WORK|d90|p0|f20|b10,D,false,0,0,0,false,false,false,0,0,0,false,false,false,0,false,""
P2|N12|D|WORK|d90|p0|f20|b25,D,false,0,0,0,false,false,false,0,0,0,false,false,false,0,false,""
P2|N12|D|WORK|d90|p0|f20|b50,D,false,0,0,0,false,false,false,0,0,0,false,false,false,0,false,""
P2|N12|D|WORK|d90|p0|f40|b0,D,false,0,0,0,false,false,false,0,0,0,false,false,false,0,false,""
P2|N12|D|WORK|d90|p0|f40|b10,D,false,0,0,0,false,false,false,0,0,0,false,false,false,0,false,""
P2|N12|D|WORK|d90|p0|f40|b25,D,false,0,0,0,false,true,false,0,0,0,false,true,false,0,false,""
P2|N12|D|WORK|d90|p0|f40|b50,D,false,0,0,0,false,true,false,0,0,0,false,true,false,0,false,""
P2|N12|D|WORK|d90|p0|f60|b0,D,false,0,0,0,false,false,false,0,0,0,false,false,false,0,false,""
P2|N12|D|WORK|d90|p0|f60|b10,D,false,0,0,0,false,false,false,0,0,0,false,false,false,0,false,""
P2|N12|D|WORK|d90|p0|f60|b25,D,false,0,0,0,false,true,false,0,0,0,false,true,false,0,false,""
P2|N12|D|WORK|d90|p0|f60|b50,D,false,0,0,0,false,true,false,0,0,0,false,true,false,0,false,""
P2|N12|D|WORK|d90|p0|f80|b0,D,false,0,0,0,false,false,false,0,0,0,false,false,false,0,false,""
P2|N12|D|WORK|d90|p0|f80|b10,D,false,0,0,0,false,false,false,0,0,0,false,false,false,0,false,""
P2|N12|D|WORK|d90|p0|f80|b25,D,false,0,0,0,false,true,false,0,0,0,false,true,false,0,false,""
P2|N12|D|WORK|d90|p0|f80|b50,D,false,0,0,0,false,true,false,0,0,0,false,true,false,0,false,""
P2|N12|D|WORK|d100|p0|f20|b0,D,false,0,0,0,false,false,false,0,0,0,false,false,false,0,false,""
P2|N12|D|WORK|d100|p0|f20|b10,D,false,0,0,0,false,false,false,0,0,0,false,false,false,0,false,""
P2|N12|D|WORK|d100|p0|f20|b25,D,false,0,0,0,false,false,false,0,0,0,false,false,false,0,false,""
P2|N12|D|WORK|d100|p0|f20|b50,D,false,0,0,0,false,false,false,0,0,0,false,false,false,0,false,""
P2|N12|D|WORK|d100|p0|f40|b0,D,false,0,0,0,false,false,false,0,0,0,false,false,false,0,false,""
P2|N12|D|WORK|d100|p0|f40|b10,D,false,0,0,0,false,false,false,0,0,0,false,false,false,0,false,""
P2|N12|D|WORK|d100|p0|f40|b25,D,false,0,0,0,false,true,false,0,0,0,false,true,false,0,false,""
P2|N12|D|WORK|d100|p0|f40|b50,D,false,0,0,0,false,true,false,0,0,0,false,true,false,0,false,""
P2|N12|D|WORK|d100|p0|f60|b0,D,false,0,0,0,false,false,false,0,0,0,false,false,false,0,false,""
P2|N12|D|WORK|d100|p0|f60|b10,D,false,0,0,0,false,false,false,0,0,0,false,false,false,0,false,""
P2|N12|D|WORK|d100|p0|f60|b25,D,false,0,0,0,false,true,false,0,0,0,false,true,false,0,false,""
P2|N12|D|WORK|d100|p0|f60|b50,D,false,0,0,0,false,true,false,0,0,0,false,true,false,0,false,""
P2|N12|D|WORK|d100|p0|f80|b0,D,false,0,0,0,false,false,false,0,0,0,false,false,false,0,false,""
P2|N12|D|WORK|d100|p0|f80|b10,D,false,0,0,0,false,false,false,0,0,0,false,false,false,0,false,""
P2|N12|D|WORK|d100|p0|f80|b25,D,false,0,0,0,false,true,false,0,0,0,false,true,false,0,false,""
P2|N12|D|WORK|d100|p0|f80|b50,D,false,0,0,0,false,true,false,0,0,0,false,true,false,0,false,""
P2|N12|F|UNIFORM|d75|p100|f20|b0,F,false,0,0,0,false,false,false,0,0,0,false,false,false,0,false,""
P2|N12|F|UNIFORM|d75|p100|f20|b10,F,false,0,0,0,false,false,false,0,0,0,false,false,false,0,false,""
P2|N12|F|UNIFORM|d75|p100|f20|b25,F,true,4,0,0,true,false,true,5,1,0,true,false,true,4,false,"POOLING C2A0T1I1F3(2,2,1,3)[750,28,CUT|ASSEMBLE+INSPECT] vs C3A0T1I2F2(3,2,2,2)[850,27,ASSEMBLE+INSPECT]"
P2|N12|F|UNIFORM|d75|p100|f20|b50,F,true,16,0,0,true,false,true,33,4,0,true,false,true,14,false,"POOLING C2A0T1I1F3(2,2,1,3)[750,28,CUT|ASSEMBLE+INSPECT] vs C3A0T1I2F2(3,2,2,2)[850,27,ASSEMBLE+INSPECT]"
P2|N12|F|UNIFORM|d75|p100|f40|b0,F,false,0,0,0,false,false,false,0,0,0,false,false,false,0,false,""
P2|N12|F|UNIFORM|d75|p100|f40|b10,F,true,1,0,0,true,true,true,2,0,0,true,true,true,1,true,"POOLING C2A0T1I2F0(2,2,2,0)[550,37,INSPECT] vs C2A1T0I1F2(2,1,1,2)[600,35,ASSEMBLE+INSPECT]"
P2|N12|F|UNIFORM|d75|p100|f40|b25,F,true,3,0,0,true,true,true,9,0,0,true,true,true,3,true,"POOLING C2A0T1I2F0(2,2,2,0)[550,37,INSPECT] vs C2A1T0I1F2(2,1,1,2)[600,35,ASSEMBLE+INSPECT]"
P2|N12|F|UNIFORM|d75|p100|f40|b50,F,true,7,0,0,true,true,true,16,0,0,true,true,true,7,true,"POOLING C2A0T1I2F0(2,2,2,0)[550,37,INSPECT] vs C2A1T0I1F2(2,1,1,2)[600,35,ASSEMBLE+INSPECT]"
P2|N12|F|UNIFORM|d75|p100|f60|b0,F,false,0,0,0,false,false,false,0,0,0,false,false,false,0,false,""
P2|N12|F|UNIFORM|d75|p100|f60|b10,F,false,0,0,0,false,false,false,0,0,0,false,false,false,0,false,""
P2|N12|F|UNIFORM|d75|p100|f60|b25,F,false,0,0,0,false,false,false,0,0,0,false,false,false,0,false,""
P2|N12|F|UNIFORM|d75|p100|f60|b50,F,true,5,0,0,true,false,true,8,0,0,true,false,true,5,false,"POOLING C1A0T0I0F3(1,0,0,3)[400,45,CUT|ASSEMBLE+INSPECT] vs C2A0T1I2F0(2,2,2,0)[550,37,INSPECT]"
P2|N12|F|UNIFORM|d75|p100|f80|b0,F,false,0,0,0,false,false,false,0,0,0,false,false,false,0,false,""
P2|N12|F|UNIFORM|d75|p100|f80|b10,F,false,0,0,0,false,false,false,0,0,0,false,false,false,0,false,""
P2|N12|F|UNIFORM|d75|p100|f80|b25,F,false,0,0,0,false,false,false,0,0,0,false,false,false,0,false,""
P2|N12|F|UNIFORM|d75|p100|f80|b50,F,true,5,0,0,true,false,true,8,0,0,true,false,true,5,false,"POOLING C1A0T0I0F3(1,0,0,3)[400,45,CUT|ASSEMBLE+INSPECT] vs C2A0T1I2F0(2,2,2,0)[550,37,INSPECT]"
P2|N12|F|UNIFORM|d75|p125|f20|b0,F,false,0,0,0,false,false,false,0,0,0,false,false,false,0,false,""
P2|N12|F|UNIFORM|d75|p125|f20|b10,F,true,2,0,0,true,false,true,2,0,0,true,false,true,2,false,"POOLING C2A0T1I3F1(2,2,3,1)[775,29,CUT|ASSEMBLE+INSPECT] vs C3A1T1I3F0(3,3,3,0)[850,27,INSPECT]"
P2|N12|F|UNIFORM|d75|p125|f20|b25,F,true,4,0,0,true,false,true,4,0,0,true,false,true,4,false,"POOLING C2A0T1I3F1(2,2,3,1)[775,29,CUT|ASSEMBLE+INSPECT] vs C3A1T1I3F0(3,3,3,0)[850,27,INSPECT]"
P2|N12|F|UNIFORM|d75|p125|f20|b50,F,true,9,0,0,true,false,true,10,0,0,true,false,true,6,false,"POOLING C2A0T1I3F1(2,2,3,1)[775,29,CUT|ASSEMBLE+INSPECT] vs C3A1T1I3F0(3,3,3,0)[850,27,INSPECT]"
P2|N12|F|UNIFORM|d75|p125|f40|b0,F,false,0,0,0,false,false,false,0,0,0,false,false,false,0,false,""
P2|N12|F|UNIFORM|d75|p125|f40|b10,F,false,0,0,0,false,false,false,0,0,0,false,false,false,0,false,""
P2|N12|F|UNIFORM|d75|p125|f40|b25,F,true,1,0,0,true,true,true,1,0,0,true,true,true,1,true,"POOLING C2A0T1I3F0(2,2,3,0)[650,33,ASSEMBLE] vs C2A0T1I2F1(2,2,2,1)[675,32,ASSEMBLE+INSPECT]"
P2|N12|F|UNIFORM|d75|p125|f40|b50,F,true,10,0,0,true,true,true,5,0,0,true,true,true,5,true,"POOLING C2A0T1I2F0(2,2,2,0)[550,37,INSPECT] vs C2A0T1I0F3(2,2,0,3)[725,31,ASSEMBLE+INSPECT]"
P2|N12|F|UNIFORM|d75|p125|f60|b0,F,false,0,0,0,false,false,false,0,0,0,false,false,false,0,false,""
P2|N12|F|UNIFORM|d75|p125|f60|b10,F,true,1,0,0,true,false,true,1,0,0,true,false,true,1,false,"POOLING C1A1T0I1F1(1,1,1,1)[425,47,CUT|ASSEMBLE+INSPECT] vs C1A0T1I2F0(1,2,2,0)[450,45,CUT]"
P2|N12|F|UNIFORM|d75|p125|f60|b25,F,true,2,0,0,true,false,true,2,0,0,true,false,true,2,false,"POOLING C1A1T0I1F1(1,1,1,1)[425,47,CUT|ASSEMBLE+INSPECT] vs C1A0T1I2F0(1,2,2,0)[450,45,CUT]"
P2|N12|F|UNIFORM|d75|p125|f60|b50,F,true,4,0,0,true,false,true,4,0,0,true,false,true,4,false,"POOLING C1A1T0I1F1(1,1,1,1)[425,47,CUT|ASSEMBLE+INSPECT] vs C1A0T1I2F0(1,2,2,0)[450,45,CUT]"
P2|N12|F|UNIFORM|d75|p125|f80|b0,F,false,0,0,0,false,false,false,0,0,0,false,false,false,0,false,""
P2|N12|F|UNIFORM|d75|p125|f80|b10,F,true,1,0,0,true,true,true,1,0,0,true,true,true,1,true,"POOLING C1A1T0I2F0(1,1,2,0)[400,56,ASSEMBLE] vs C1A1T0I1F1(1,1,1,1)[425,47,CUT|ASSEMBLE+INSPECT]"
P2|N12|F|UNIFORM|d75|p125|f80|b25,F,true,2,0,0,true,true,true,2,0,0,true,true,true,2,true,"POOLING C1A1T0I2F0(1,1,2,0)[400,56,ASSEMBLE] vs C1A1T0I1F1(1,1,1,1)[425,47,CUT|ASSEMBLE+INSPECT]"
P2|N12|F|UNIFORM|d75|p125|f80|b50,F,true,6,0,0,true,true,true,6,0,0,true,true,true,6,true,"POOLING C1A1T0I2F0(1,1,2,0)[400,56,ASSEMBLE] vs C1A1T0I1F1(1,1,1,1)[425,47,CUT|ASSEMBLE+INSPECT]"
P2|N12|F|UNIFORM|d75|p150|f20|b0,F,false,0,0,0,false,false,false,0,0,0,false,false,false,0,false,""
P2|N12|F|UNIFORM|d75|p150|f20|b10,F,true,1,0,0,true,false,true,1,0,0,true,false,true,1,false,"POOLING C2A0T1I3F1(2,2,3,1)[800,29,CUT|ASSEMBLE+INSPECT] vs C3A1T1I3F0(3,3,3,0)[850,27,INSPECT]"
P2|N12|F|UNIFORM|d75|p150|f20|b25,F,true,3,0,0,true,false,true,4,0,0,true,false,true,3,false,"POOLING C2A0T1I3F1(2,2,3,1)[800,29,CUT|ASSEMBLE+INSPECT] vs C3A1T1I3F0(3,3,3,0)[850,27,INSPECT]"
P2|N12|F|UNIFORM|d75|p150|f20|b50,F,true,8,0,0,true,false,true,6,0,0,true,false,true,4,false,"POOLING C2A0T1I3F1(2,2,3,1)[800,29,CUT|ASSEMBLE+INSPECT] vs C3A1T1I3F0(3,3,3,0)[850,27,INSPECT]"
P2|N12|F|UNIFORM|d75|p150|f40|b0,F,false,0,0,0,false,false,false,0,0,0,false,false,false,0,false,""
P2|N12|F|UNIFORM|d75|p150|f40|b10,F,false,0,0,0,false,false,false,0,0,0,false,false,false,0,false,""
P2|N12|F|UNIFORM|d75|p150|f40|b25,F,false,0,0,0,false,true,false,0,0,0,false,true,false,0,false,""
P2|N12|F|UNIFORM|d75|p150|f40|b50,F,true,3,0,0,true,true,true,3,0,0,true,true,true,3,true,"POOLING C2A0T1I3F0(2,2,3,0)[650,33,ASSEMBLE] vs C2A0T1I2F1(2,2,2,1)[700,32,ASSEMBLE+INSPECT]"
P2|N12|F|UNIFORM|d75|p150|f60|b0,F,false,0,0,0,false,false,false,0,0,0,false,false,false,0,false,""
P2|N12|F|UNIFORM|d75|p150|f60|b10,F,false,0,0,0,false,false,false,0,0,0,false,false,false,0,false,""
P2|N12|F|UNIFORM|d75|p150|f60|b25,F,false,0,0,0,false,true,false,0,0,0,false,true,false,0,false,""
P2|N12|F|UNIFORM|d75|p150|f60|b50,F,false,0,0,0,false,true,false,0,0,0,false,true,false,0,false,""
P2|N12|F|UNIFORM|d75|p150|f80|b0,F,false,0,0,0,false,false,false,0,0,0,false,false,false,0,false,""
P2|N12|F|UNIFORM|d75|p150|f80|b10,F,false,0,0,0,false,false,false,0,0,0,false,false,false,0,false,""
P2|N12|F|UNIFORM|d75|p150|f80|b25,F,false,0,0,0,false,true,false,0,0,0,false,true,false,0,false,""
P2|N12|F|UNIFORM|d75|p150|f80|b50,F,false,0,0,0,false,true,false,0,0,0,false,true,false,0,false,""
P2|N12|F|UNIFORM|d75|p200|f20|b0,F,false,0,0,0,false,false,false,0,0,0,false,false,false,0,false,""
P2|N12|F|UNIFORM|d75|p200|f20|b10,F,false,0,0,0,false,false,false,0,0,0,false,false,false,0,false,""
P2|N12|F|UNIFORM|d75|p200|f20|b25,F,false,0,0,0,false,false,false,0,0,0,false,false,false,0,false,""
P2|N12|F|UNIFORM|d75|p200|f20|b50,F,false,0,0,0,false,false,false,0,0,0,false,false,false,0,false,""
P2|N12|F|UNIFORM|d75|p200|f40|b0,F,false,0,0,0,false,false,false,0,0,0,false,false,false,0,false,""
P2|N12|F|UNIFORM|d75|p200|f40|b10,F,false,0,0,0,false,false,false,0,0,0,false,false,false,0,false,""
P2|N12|F|UNIFORM|d75|p200|f40|b25,F,false,0,0,0,false,true,false,0,0,0,false,true,false,0,false,""
P2|N12|F|UNIFORM|d75|p200|f40|b50,F,false,0,0,0,false,true,false,0,0,0,false,true,false,0,false,""
P2|N12|F|UNIFORM|d75|p200|f60|b0,F,false,0,0,0,false,false,false,0,0,0,false,false,false,0,false,""
P2|N12|F|UNIFORM|d75|p200|f60|b10,F,false,0,0,0,false,false,false,0,0,0,false,false,false,0,false,""
P2|N12|F|UNIFORM|d75|p200|f60|b25,F,false,0,0,0,false,true,false,0,0,0,false,true,false,0,false,""
P2|N12|F|UNIFORM|d75|p200|f60|b50,F,false,0,0,0,false,true,false,0,0,0,false,true,false,0,false,""
P2|N12|F|UNIFORM|d75|p200|f80|b0,F,false,0,0,0,false,false,false,0,0,0,false,false,false,0,false,""
P2|N12|F|UNIFORM|d75|p200|f80|b10,F,false,0,0,0,false,false,false,0,0,0,false,false,false,0,false,""
P2|N12|F|UNIFORM|d75|p200|f80|b25,F,false,0,0,0,false,true,false,0,0,0,false,true,false,0,false,""
P2|N12|F|UNIFORM|d75|p200|f80|b50,F,false,0,0,0,false,true,false,0,0,0,false,true,false,0,false,""
P2|N12|F|UNIFORM|d90|p100|f20|b0,F,false,0,0,0,false,false,false,0,0,0,false,false,false,0,false,""
P2|N12|F|UNIFORM|d90|p100|f20|b10,F,false,0,0,0,false,false,false,0,0,0,false,false,false,0,false,""
P2|N12|F|UNIFORM|d90|p100|f20|b25,F,true,4,0,0,true,false,true,5,1,0,true,false,true,4,false,"POOLING C2A0T1I1F3(2,2,1,3)[780,28,CUT|ASSEMBLE+INSPECT] vs C3A0T1I2F2(3,2,2,2)[880,27,ASSEMBLE+INSPECT]"
P2|N12|F|UNIFORM|d90|p100|f20|b50,F,true,16,0,0,true,false,true,33,4,0,true,false,true,14,false,"POOLING C2A0T1I1F3(2,2,1,3)[780,28,CUT|ASSEMBLE+INSPECT] vs C3A0T1I2F2(3,2,2,2)[880,27,ASSEMBLE+INSPECT]"
P2|N12|F|UNIFORM|d90|p100|f40|b0,F,false,0,0,0,false,false,false,0,0,0,false,false,false,0,false,""
P2|N12|F|UNIFORM|d90|p100|f40|b10,F,true,1,0,0,true,true,true,2,0,0,true,true,true,1,true,"POOLING C2A0T1I2F0(2,2,2,0)[580,37,INSPECT] vs C2A1T0I1F2(2,1,1,2)[600,35,ASSEMBLE+INSPECT]"
P2|N12|F|UNIFORM|d90|p100|f40|b25,F,true,4,0,0,true,true,true,11,0,0,true,true,true,4,true,"POOLING C2A0T1I2F0(2,2,2,0)[580,37,INSPECT] vs C2A1T0I1F2(2,1,1,2)[600,35,ASSEMBLE+INSPECT]"
P2|N12|F|UNIFORM|d90|p100|f40|b50,F,true,7,0,0,true,true,true,16,0,0,true,true,true,7,true,"POOLING C2A0T1I2F0(2,2,2,0)[580,37,INSPECT] vs C2A1T0I1F2(2,1,1,2)[600,35,ASSEMBLE+INSPECT]"
P2|N12|F|UNIFORM|d90|p100|f60|b0,F,false,0,0,0,false,false,false,0,0,0,false,false,false,0,false,""
P2|N12|F|UNIFORM|d90|p100|f60|b10,F,false,0,0,0,false,false,false,0,0,0,false,false,false,0,false,""
P2|N12|F|UNIFORM|d90|p100|f60|b25,F,false,0,0,0,false,false,false,0,0,0,false,false,false,0,false,""
P2|N12|F|UNIFORM|d90|p100|f60|b50,F,true,5,0,0,true,false,true,8,0,0,true,false,true,5,false,"POOLING C1A0T0I0F3(1,0,0,3)[400,45,CUT|ASSEMBLE+INSPECT] vs C2A0T1I2F0(2,2,2,0)[580,37,INSPECT]"
P2|N12|F|UNIFORM|d90|p100|f80|b0,F,false,0,0,0,false,false,false,0,0,0,false,false,false,0,false,""
P2|N12|F|UNIFORM|d90|p100|f80|b10,F,false,0,0,0,false,false,false,0,0,0,false,false,false,0,false,""
P2|N12|F|UNIFORM|d90|p100|f80|b25,F,false,0,0,0,false,false,false,0,0,0,false,false,false,0,false,""
P2|N12|F|UNIFORM|d90|p100|f80|b50,F,true,5,0,0,true,false,true,8,0,0,true,false,true,5,false,"POOLING C1A0T0I0F3(1,0,0,3)[400,45,CUT|ASSEMBLE+INSPECT] vs C2A0T1I2F0(2,2,2,0)[580,37,INSPECT]"
P2|N12|F|UNIFORM|d90|p125|f20|b0,F,false,0,0,0,false,false,false,0,0,0,false,false,false,0,false,""
P2|N12|F|UNIFORM|d90|p125|f20|b10,F,true,2,0,0,true,false,true,2,0,0,true,false,true,2,false,"POOLING C2A0T1I3F1(2,2,3,1)[805,29,CUT|ASSEMBLE+INSPECT] vs C3A1T1I3F0(3,3,3,0)[880,27,INSPECT]"
P2|N12|F|UNIFORM|d90|p125|f20|b25,F,true,4,0,0,true,false,true,6,0,0,true,false,true,4,false,"POOLING C2A0T1I3F1(2,2,3,1)[805,29,CUT|ASSEMBLE+INSPECT] vs C3A1T1I3F0(3,3,3,0)[880,27,INSPECT]"
P2|N12|F|UNIFORM|d90|p125|f20|b50,F,true,13,0,0,true,false,true,12,0,0,true,false,true,6,false,"POOLING C2A0T1I3F1(2,2,3,1)[805,29,CUT|ASSEMBLE+INSPECT] vs C3A1T1I3F0(3,3,3,0)[880,27,INSPECT]"
P2|N12|F|UNIFORM|d90|p125|f40|b0,F,false,0,0,0,false,false,false,0,0,0,false,false,false,0,false,""
P2|N12|F|UNIFORM|d90|p125|f40|b10,F,false,0,0,0,false,false,false,0,0,0,false,false,false,0,false,""
P2|N12|F|UNIFORM|d90|p125|f40|b25,F,true,4,0,0,true,true,true,4,0,0,true,true,true,4,true,"POOLING C2A0T1I2F0(2,2,2,0)[580,37,INSPECT] vs C2A1T0I1F2(2,1,1,2)[650,35,ASSEMBLE+INSPECT]"
P2|N12|F|UNIFORM|d90|p125|f40|b50,F,true,13,0,0,true,true,true,10,0,0,true,true,true,10,true,"POOLING C2A0T1I2F0(2,2,2,0)[580,37,INSPECT] vs C2A1T0I1F2(2,1,1,2)[650,35,ASSEMBLE+INSPECT]"
P2|N12|F|UNIFORM|d90|p125|f60|b0,F,false,0,0,0,false,false,false,0,0,0,false,false,false,0,false,""
P2|N12|F|UNIFORM|d90|p125|f60|b10,F,false,0,0,0,false,false,false,0,0,0,false,false,false,0,false,""
P2|N12|F|UNIFORM|d90|p125|f60|b25,F,true,2,0,0,true,false,true,1,0,0,true,false,true,1,false,"POOLING C1A1T0I0F2(1,1,0,2)[450,46,CUT|ASSEMBLE+INSPECT] vs C2A1T0I1F1(2,1,1,1)[525,44,ASSEMBLE+INSPECT]"
P2|N12|F|UNIFORM|d90|p125|f60|b50,F,true,9,0,0,true,false,true,6,0,0,true,false,true,6,false,"POOLING C1A1T0I1F1(1,1,1,1)[425,47,CUT|ASSEMBLE+INSPECT] vs C2A0T0I0F3(2,0,0,3)[575,42,ASSEMBLE+INSPECT]"
P2|N12|F|UNIFORM|d90|p125|f80|b0,F,false,0,0,0,false,false,false,0,0,0,false,false,false,0,false,""
P2|N12|F|UNIFORM|d90|p125|f80|b10,F,true,1,0,0,true,true,true,1,0,0,true,true,true,1,true,"POOLING C1A1T0I2F0(1,1,2,0)[400,56,ASSEMBLE] vs C1A1T0I1F1(1,1,1,1)[425,47,CUT|ASSEMBLE+INSPECT]"
P2|N12|F|UNIFORM|d90|p125|f80|b25,F,true,3,0,0,true,true,true,2,0,0,true,true,true,2,true,"POOLING C1A1T0I2F0(1,1,2,0)[400,56,ASSEMBLE] vs C1A1T0I1F1(1,1,1,1)[425,47,CUT|ASSEMBLE+INSPECT]"
P2|N12|F|UNIFORM|d90|p125|f80|b50,F,true,14,0,0,true,true,true,10,0,0,true,true,true,10,true,"POOLING C1A1T0I2F0(1,1,2,0)[400,56,ASSEMBLE] vs C1A1T0I1F1(1,1,1,1)[425,47,CUT|ASSEMBLE+INSPECT]"
P2|N12|F|UNIFORM|d90|p150|f20|b0,F,false,0,0,0,false,false,false,0,0,0,false,false,false,0,false,""
P2|N12|F|UNIFORM|d90|p150|f20|b10,F,true,1,0,0,true,false,true,1,0,0,true,false,true,1,false,"POOLING C2A0T1I3F1(2,2,3,1)[830,29,CUT|ASSEMBLE+INSPECT] vs C3A1T1I3F0(3,3,3,0)[880,27,INSPECT]"
P2|N12|F|UNIFORM|d90|p150|f20|b25,F,true,2,0,0,true,false,true,3,0,0,true,false,true,2,false,"POOLING C2A0T1I3F1(2,2,3,1)[830,29,CUT|ASSEMBLE+INSPECT] vs C3A1T1I3F0(3,3,3,0)[880,27,INSPECT]"
P2|N12|F|UNIFORM|d90|p150|f20|b50,F,true,8,0,0,true,false,true,5,0,0,true,false,true,3,false,"POOLING C2A0T1I3F1(2,2,3,1)[830,29,CUT|ASSEMBLE+INSPECT] vs C3A1T1I3F0(3,3,3,0)[880,27,INSPECT]"
P2|N12|F|UNIFORM|d90|p150|f40|b0,F,false,0,0,0,false,false,false,0,0,0,false,false,false,0,false,""
P2|N12|F|UNIFORM|d90|p150|f40|b10,F,false,0,0,0,false,false,false,0,0,0,false,false,false,0,false,""
P2|N12|F|UNIFORM|d90|p150|f40|b25,F,false,0,0,0,false,true,false,0,0,0,false,true,false,0,false,""
P2|N12|F|UNIFORM|d90|p150|f40|b50,F,true,3,0,0,true,true,true,3,0,0,true,true,true,3,true,"POOLING C2A0T1I3F0(2,2,3,0)[680,33,ASSEMBLE] vs C2A0T1I2F1(2,2,2,1)[730,32,ASSEMBLE+INSPECT]"
P2|N12|F|UNIFORM|d90|p150|f60|b0,F,false,0,0,0,false,false,false,0,0,0,false,false,false,0,false,""
P2|N12|F|UNIFORM|d90|p150|f60|b10,F,true,1,0,0,true,false,true,1,0,0,true,false,true,1,false,"POOLING C1A1T0I1F1(1,1,1,1)[450,47,CUT|ASSEMBLE+INSPECT] vs C1A0T1I2F0(1,2,2,0)[480,45,CUT]"
P2|N12|F|UNIFORM|d90|p150|f60|b25,F,true,2,0,0,true,false,true,2,0,0,true,false,true,2,false,"POOLING C1A1T0I1F1(1,1,1,1)[450,47,CUT|ASSEMBLE+INSPECT] vs C1A0T1I2F0(1,2,2,0)[480,45,CUT]"
P2|N12|F|UNIFORM|d90|p150|f60|b50,F,true,4,0,0,true,false,true,4,0,0,true,false,true,4,false,"POOLING C1A1T0I1F1(1,1,1,1)[450,47,CUT|ASSEMBLE+INSPECT] vs C1A0T1I2F0(1,2,2,0)[480,45,CUT]"
P2|N12|F|UNIFORM|d90|p150|f80|b0,F,false,0,0,0,false,false,false,0,0,0,false,false,false,0,false,""
P2|N12|F|UNIFORM|d90|p150|f80|b10,F,false,0,0,0,false,false,false,0,0,0,false,false,false,0,false,""
P2|N12|F|UNIFORM|d90|p150|f80|b25,F,true,2,0,0,true,true,true,2,0,0,true,true,true,2,true,"POOLING C1A1T0I2F0(1,1,2,0)[400,56,ASSEMBLE] vs C1A1T0I1F1(1,1,1,1)[450,47,CUT|ASSEMBLE+INSPECT]"
P2|N12|F|UNIFORM|d90|p150|f80|b50,F,true,6,0,0,true,true,true,6,0,0,true,true,true,6,true,"POOLING C1A1T0I2F0(1,1,2,0)[400,56,ASSEMBLE] vs C1A1T0I1F1(1,1,1,1)[450,47,CUT|ASSEMBLE+INSPECT]"
P2|N12|F|UNIFORM|d90|p200|f20|b0,F,false,0,0,0,false,false,false,0,0,0,false,false,false,0,false,""
P2|N12|F|UNIFORM|d90|p200|f20|b10,F,false,0,0,0,false,false,false,0,0,0,false,false,false,0,false,""
P2|N12|F|UNIFORM|d90|p200|f20|b25,F,false,0,0,0,false,false,false,0,0,0,false,false,false,0,false,""
P2|N12|F|UNIFORM|d90|p200|f20|b50,F,false,0,0,0,false,false,false,0,0,0,false,false,false,0,false,""
P2|N12|F|UNIFORM|d90|p200|f40|b0,F,false,0,0,0,false,false,false,0,0,0,false,false,false,0,false,""
P2|N12|F|UNIFORM|d90|p200|f40|b10,F,false,0,0,0,false,false,false,0,0,0,false,false,false,0,false,""
P2|N12|F|UNIFORM|d90|p200|f40|b25,F,false,0,0,0,false,true,false,0,0,0,false,true,false,0,false,""
P2|N12|F|UNIFORM|d90|p200|f40|b50,F,false,0,0,0,false,true,false,0,0,0,false,true,false,0,false,""
P2|N12|F|UNIFORM|d90|p200|f60|b0,F,false,0,0,0,false,false,false,0,0,0,false,false,false,0,false,""
P2|N12|F|UNIFORM|d90|p200|f60|b10,F,false,0,0,0,false,false,false,0,0,0,false,false,false,0,false,""
P2|N12|F|UNIFORM|d90|p200|f60|b25,F,false,0,0,0,false,true,false,0,0,0,false,true,false,0,false,""
P2|N12|F|UNIFORM|d90|p200|f60|b50,F,false,0,0,0,false,true,false,0,0,0,false,true,false,0,false,""
P2|N12|F|UNIFORM|d90|p200|f80|b0,F,false,0,0,0,false,false,false,0,0,0,false,false,false,0,false,""
P2|N12|F|UNIFORM|d90|p200|f80|b10,F,false,0,0,0,false,false,false,0,0,0,false,false,false,0,false,""
P2|N12|F|UNIFORM|d90|p200|f80|b25,F,false,0,0,0,false,true,false,0,0,0,false,true,false,0,false,""
P2|N12|F|UNIFORM|d90|p200|f80|b50,F,false,0,0,0,false,true,false,0,0,0,false,true,false,0,false,""
P2|N12|F|UNIFORM|d100|p100|f20|b0,F,false,0,0,0,false,false,false,0,0,0,false,false,false,0,false,""
P2|N12|F|UNIFORM|d100|p100|f20|b10,F,false,0,0,0,false,false,false,0,0,0,false,false,false,0,false,""
P2|N12|F|UNIFORM|d100|p100|f20|b25,F,true,38,2,0,true,false,true,88,22,0,true,false,true,40,false,"POOLING C2A0T1I1F3(2,2,1,3)[800,28,CUT|ASSEMBLE+INSPECT] vs C3A0T1I2F2(3,2,2,2)[900,27,ASSEMBLE+INSPECT]"
P2|N12|F|UNIFORM|d100|p100|f20|b50,F,true,129,2,4,true,false,true,132,38,0,true,false,true,40,false,"POOLING C2A0T1I1F3(2,2,1,3)[800,28,CUT|ASSEMBLE+INSPECT] vs C3A0T1I2F2(3,2,2,2)[900,27,ASSEMBLE+INSPECT]"
P2|N12|F|UNIFORM|d100|p100|f40|b0,F,false,0,0,0,false,false,false,0,0,0,false,false,false,0,false,""
P2|N12|F|UNIFORM|d100|p100|f40|b10,F,false,0,0,0,false,false,false,0,0,0,false,false,false,0,false,""
P2|N12|F|UNIFORM|d100|p100|f40|b25,F,false,0,0,0,false,true,false,0,0,0,false,true,false,0,false,""
P2|N12|F|UNIFORM|d100|p100|f40|b50,F,true,28,2,0,true,true,true,42,12,0,true,true,true,30,true,"POOLING C2A1T0I1F2(2,1,1,2)[600,35,ASSEMBLE+INSPECT] vs C3A1T1I3F0(3,3,3,0)[900,27,INSPECT]"
P2|N12|F|UNIFORM|d100|p100|f60|b0,F,false,0,0,0,false,false,false,0,0,0,false,false,false,0,false,""
P2|N12|F|UNIFORM|d100|p100|f60|b10,F,false,0,0,0,false,false,false,0,0,0,false,false,false,0,false,""
P2|N12|F|UNIFORM|d100|p100|f60|b25,F,false,0,0,0,false,false,false,0,0,0,false,false,false,0,false,""
P2|N12|F|UNIFORM|d100|p100|f60|b50,F,true,2,0,0,true,false,true,2,0,0,true,false,true,2,false,"POOLING C1A0T0I0F3(1,0,0,3)[400,45,CUT|ASSEMBLE+INSPECT] vs C2A1T0I1F2(2,1,1,2)[600,35,ASSEMBLE+INSPECT]"
P2|N12|F|UNIFORM|d100|p100|f80|b0,F,false,0,0,0,false,false,false,0,0,0,false,false,false,0,false,""
P2|N12|F|UNIFORM|d100|p100|f80|b10,F,false,0,0,0,false,false,false,0,0,0,false,false,false,0,false,""
P2|N12|F|UNIFORM|d100|p100|f80|b25,F,false,0,0,0,false,false,false,0,0,0,false,false,false,0,false,""
P2|N12|F|UNIFORM|d100|p100|f80|b50,F,true,2,0,0,true,false,true,2,0,0,true,false,true,2,false,"POOLING C1A0T0I0F3(1,0,0,3)[400,45,CUT|ASSEMBLE+INSPECT] vs C2A1T0I1F2(2,1,1,2)[600,35,ASSEMBLE+INSPECT]"
P2|N12|F|UNIFORM|d100|p125|f20|b0,F,false,0,0,0,false,false,false,0,0,0,false,false,false,0,false,""
P2|N12|F|UNIFORM|d100|p125|f20|b10,F,true,8,0,0,true,false,true,8,0,0,true,false,true,8,false,"POOLING C2A0T1I3F1(2,2,3,1)[825,29,CUT|ASSEMBLE+INSPECT] vs C3A1T1I3F0(3,3,3,0)[900,27,INSPECT]"
P2|N12|F|UNIFORM|d100|p125|f20|b25,F,true,16,0,0,true,false,true,24,0,0,true,false,true,16,false,"POOLING C2A0T1I3F1(2,2,3,1)[825,29,CUT|ASSEMBLE+INSPECT] vs C3A1T1I3F0(3,3,3,0)[900,27,INSPECT]"
P2|N12|F|UNIFORM|d100|p125|f20|b50,F,true,58,0,0,true,false,true,54,0,0,true,false,true,28,false,"POOLING C2A0T1I3F1(2,2,3,1)[825,29,CUT|ASSEMBLE+INSPECT] vs C3A1T1I3F0(3,3,3,0)[900,27,INSPECT]"
P2|N12|F|UNIFORM|d100|p125|f40|b0,F,false,0,0,0,false,false,false,0,0,0,false,false,false,0,false,""
P2|N12|F|UNIFORM|d100|p125|f40|b10,F,true,2,0,0,true,true,true,2,0,0,true,true,true,2,true,"POOLING C2A0T1I2F0(2,2,2,0)[600,37,INSPECT] vs C2A1T0I1F2(2,1,1,2)[650,35,ASSEMBLE+INSPECT]"
P2|N12|F|UNIFORM|d100|p125|f40|b25,F,true,14,0,0,true,true,true,13,0,0,true,true,true,10,true,"POOLING C2A0T1I2F0(2,2,2,0)[600,37,INSPECT] vs C2A1T0I1F2(2,1,1,2)[650,35,ASSEMBLE+INSPECT]"
P2|N12|F|UNIFORM|d100|p125|f40|b50,F,true,48,0,0,true,true,true,47,0,0,true,true,true,40,true,"POOLING C2A0T1I2F0(2,2,2,0)[600,37,INSPECT] vs C2A1T0I1F2(2,1,1,2)[650,35,ASSEMBLE+INSPECT]"
P2|N12|F|UNIFORM|d100|p125|f60|b0,F,false,0,0,0,false,false,false,0,0,0,false,false,false,0,false,""
P2|N12|F|UNIFORM|d100|p125|f60|b10,F,false,0,0,0,false,false,false,0,0,0,false,false,false,0,false,""
P2|N12|F|UNIFORM|d100|p125|f60|b25,F,true,2,0,0,true,false,true,1,0,0,true,false,true,1,false,"POOLING C1A1T0I0F2(1,1,0,2)[450,46,CUT|ASSEMBLE+INSPECT] vs C2A1T0I1F1(2,1,1,1)[525,44,ASSEMBLE+INSPECT]"
P2|N12|F|UNIFORM|d100|p125|f60|b50,F,true,14,0,0,true,false,true,10,0,0,true,false,true,10,false,"POOLING C1A1T0I1F1(1,1,1,1)[425,47,CUT|ASSEMBLE+INSPECT] vs C2A0T0I0F3(2,0,0,3)[575,42,ASSEMBLE+INSPECT]"
P2|N12|F|UNIFORM|d100|p125|f80|b0,F,false,0,0,0,false,false,false,0,0,0,false,false,false,0,false,""
P2|N12|F|UNIFORM|d100|p125|f80|b10,F,true,1,0,0,true,true,true,1,0,0,true,true,true,1,true,"POOLING C1A1T0I2F0(1,1,2,0)[400,56,ASSEMBLE] vs C1A1T0I1F1(1,1,1,1)[425,47,CUT|ASSEMBLE+INSPECT]"
P2|N12|F|UNIFORM|d100|p125|f80|b25,F,true,3,0,0,true,true,true,2,0,0,true,true,true,2,true,"POOLING C1A1T0I2F0(1,1,2,0)[400,56,ASSEMBLE] vs C1A1T0I1F1(1,1,1,1)[425,47,CUT|ASSEMBLE+INSPECT]"
P2|N12|F|UNIFORM|d100|p125|f80|b50,F,true,19,0,0,true,true,true,14,0,0,true,true,true,14,true,"POOLING C1A1T0I2F0(1,1,2,0)[400,56,ASSEMBLE] vs C1A1T0I1F1(1,1,1,1)[425,47,CUT|ASSEMBLE+INSPECT]"
P2|N12|F|UNIFORM|d100|p150|f20|b0,F,false,0,0,0,false,false,false,0,0,0,false,false,false,0,false,""
P2|N12|F|UNIFORM|d100|p150|f20|b10,F,true,4,0,0,true,false,true,4,0,0,true,false,true,4,false,"POOLING C2A0T1I3F1(2,2,3,1)[850,29,CUT|ASSEMBLE+INSPECT] vs C3A1T1I3F0(3,3,3,0)[900,27,INSPECT]"
P2|N12|F|UNIFORM|d100|p150|f20|b25,F,true,8,0,0,true,false,true,12,0,0,true,false,true,8,false,"POOLING C2A0T1I3F1(2,2,3,1)[850,29,CUT|ASSEMBLE+INSPECT] vs C3A1T1I3F0(3,3,3,0)[900,27,INSPECT]"
P2|N12|F|UNIFORM|d100|p150|f20|b50,F,true,28,0,0,true,false,true,24,0,0,true,false,true,14,false,"POOLING C2A0T1I3F1(2,2,3,1)[850,29,CUT|ASSEMBLE+INSPECT] vs C3A1T1I3F0(3,3,3,0)[900,27,INSPECT]"
P2|N12|F|UNIFORM|d100|p150|f40|b0,F,false,0,0,0,false,false,false,0,0,0,false,false,false,0,false,""
P2|N12|F|UNIFORM|d100|p150|f40|b10,F,false,0,0,0,false,false,false,0,0,0,false,false,false,0,false,""
P2|N12|F|UNIFORM|d100|p150|f40|b25,F,true,4,0,0,true,true,true,6,0,0,true,true,true,4,true,"POOLING C2A0T1I3F0(2,2,3,0)[700,33,ASSEMBLE] vs C2A0T1I2F1(2,2,2,1)[750,32,ASSEMBLE+INSPECT]"
P2|N12|F|UNIFORM|d100|p150|f40|b50,F,true,20,0,0,true,true,true,26,0,0,true,true,true,20,true,"POOLING C2A0T1I3F0(2,2,3,0)[700,33,ASSEMBLE] vs C2A0T1I2F1(2,2,2,1)[750,32,ASSEMBLE+INSPECT]"
P2|N12|F|UNIFORM|d100|p150|f60|b0,F,false,0,0,0,false,false,false,0,0,0,false,false,false,0,false,""
P2|N12|F|UNIFORM|d100|p150|f60|b10,F,false,0,0,0,false,false,false,0,0,0,false,false,false,0,false,""
P2|N12|F|UNIFORM|d100|p150|f60|b25,F,true,4,0,0,true,false,true,4,0,0,true,false,true,4,false,"POOLING C1A1T0I1F1(1,1,1,1)[450,47,CUT|ASSEMBLE+INSPECT] vs C1A0T1I2F0(1,2,2,0)[500,45,CUT]"
P2|N12|F|UNIFORM|d100|p150|f60|b50,F,true,8,0,0,true,false,true,8,0,0,true,false,true,8,false,"POOLING C1A1T0I1F1(1,1,1,1)[450,47,CUT|ASSEMBLE+INSPECT] vs C1A0T1I2F0(1,2,2,0)[500,45,CUT]"
P2|N12|F|UNIFORM|d100|p150|f80|b0,F,false,0,0,0,false,false,false,0,0,0,false,false,false,0,false,""
P2|N12|F|UNIFORM|d100|p150|f80|b10,F,false,0,0,0,false,false,false,0,0,0,false,false,false,0,false,""
P2|N12|F|UNIFORM|d100|p150|f80|b25,F,true,3,0,0,true,true,true,3,0,0,true,true,true,3,true,"POOLING C1A1T0I2F0(1,1,2,0)[400,56,ASSEMBLE] vs C1A1T0I1F1(1,1,1,1)[450,47,CUT|ASSEMBLE+INSPECT]"
P2|N12|F|UNIFORM|d100|p150|f80|b50,F,true,10,0,0,true,true,true,10,0,0,true,true,true,10,true,"POOLING C1A1T0I2F0(1,1,2,0)[400,56,ASSEMBLE] vs C1A1T0I1F1(1,1,1,1)[450,47,CUT|ASSEMBLE+INSPECT]"
P2|N12|F|UNIFORM|d100|p200|f20|b0,F,false,0,0,0,false,false,false,0,0,0,false,false,false,0,false,""
P2|N12|F|UNIFORM|d100|p200|f20|b10,F,false,0,0,0,false,false,false,0,0,0,false,false,false,0,false,""
P2|N12|F|UNIFORM|d100|p200|f20|b25,F,false,0,0,0,false,false,true,4,0,0,true,false,false,0,false,""
P2|N12|F|UNIFORM|d100|p200|f20|b50,F,false,0,0,0,false,false,true,10,0,0,true,false,false,0,false,""
P2|N12|F|UNIFORM|d100|p200|f40|b0,F,false,0,0,0,false,false,false,0,0,0,false,false,false,0,false,""
P2|N12|F|UNIFORM|d100|p200|f40|b10,F,false,0,0,0,false,false,false,0,0,0,false,false,false,0,false,""
P2|N12|F|UNIFORM|d100|p200|f40|b25,F,false,0,0,0,false,true,false,0,0,0,false,true,false,0,false,""
P2|N12|F|UNIFORM|d100|p200|f40|b50,F,false,0,0,0,false,true,false,0,0,0,false,true,false,0,false,""
P2|N12|F|UNIFORM|d100|p200|f60|b0,F,false,0,0,0,false,false,false,0,0,0,false,false,false,0,false,""
P2|N12|F|UNIFORM|d100|p200|f60|b10,F,false,0,0,0,false,false,false,0,0,0,false,false,false,0,false,""
P2|N12|F|UNIFORM|d100|p200|f60|b25,F,false,0,0,0,false,true,false,0,0,0,false,true,false,0,false,""
P2|N12|F|UNIFORM|d100|p200|f60|b50,F,false,0,0,0,false,true,false,0,0,0,false,true,false,0,false,""
P2|N12|F|UNIFORM|d100|p200|f80|b0,F,false,0,0,0,false,false,false,0,0,0,false,false,false,0,false,""
P2|N12|F|UNIFORM|d100|p200|f80|b10,F,false,0,0,0,false,false,false,0,0,0,false,false,false,0,false,""
P2|N12|F|UNIFORM|d100|p200|f80|b25,F,false,0,0,0,false,true,false,0,0,0,false,true,false,0,false,""
P2|N12|F|UNIFORM|d100|p200|f80|b50,F,false,0,0,0,false,true,false,0,0,0,false,true,false,0,false,""
P2|N12|F|WORK|d75|p100|f20|b0,F,false,0,0,0,false,false,false,0,0,0,false,false,false,0,false,""
P2|N12|F|WORK|d75|p100|f20|b10,F,true,2,0,0,true,false,true,3,1,0,true,false,true,2,false,"POOLING C2A0T1I1F3(2,2,1,3)[1600,28,CUT|ASSEMBLE+INSPECT] vs C3A1T1I3F0(3,3,3,0)[1700,27,INSPECT]"
P2|N12|F|WORK|d75|p100|f20|b25,F,true,11,0,1,true,false,true,19,2,2,true,false,true,8,false,"POOLING C2A0T1I1F3(2,2,1,3)[1600,28,CUT|ASSEMBLE+INSPECT] vs C3A1T1I3F0(3,3,3,0)[1700,27,INSPECT]"
P2|N12|F|WORK|d75|p100|f20|b50,F,true,17,0,1,true,false,true,29,3,2,true,false,true,13,false,"POOLING C2A0T1I1F3(2,2,1,3)[1600,28,CUT|ASSEMBLE+INSPECT] vs C3A1T1I3F0(3,3,3,0)[1700,27,INSPECT]"
P2|N12|F|WORK|d75|p100|f40|b0,F,false,0,0,0,false,false,false,0,0,0,false,false,false,0,false,""
P2|N12|F|WORK|d75|p100|f40|b10,F,false,0,0,0,false,false,false,0,0,0,false,false,false,0,false,""
P2|N12|F|WORK|d75|p100|f40|b25,F,true,3,0,0,true,true,true,9,0,0,true,true,true,3,true,"POOLING C2A0T1I2F0(2,2,2,0)[1100,37,INSPECT] vs C2A1T0I1F2(2,1,1,2)[1250,35,ASSEMBLE+INSPECT]"
P2|N12|F|WORK|d75|p100|f40|b50,F,true,7,0,0,true,true,true,16,0,0,true,true,true,7,true,"POOLING C2A0T1I2F0(2,2,2,0)[1100,37,INSPECT] vs C2A1T0I1F2(2,1,1,2)[1250,35,ASSEMBLE+INSPECT]"
P2|N12|F|WORK|d75|p100|f60|b0,F,false,0,0,0,false,false,false,0,0,0,false,false,false,0,false,""
P2|N12|F|WORK|d75|p100|f60|b10,F,false,0,0,0,false,false,false,0,0,0,false,false,false,0,false,""
P2|N12|F|WORK|d75|p100|f60|b25,F,true,3,0,0,true,false,true,4,0,0,true,false,true,3,false,"POOLING C1A1T0I0F2(1,1,0,2)[850,46,CUT|ASSEMBLE+INSPECT] vs C2A1T0I1F1(2,1,1,1)[1000,44,ASSEMBLE+INSPECT]"
P2|N12|F|WORK|d75|p100|f60|b50,F,true,10,0,0,true,false,true,19,0,0,true,false,true,10,false,"POOLING C1A1T0I0F2(1,1,0,2)[850,46,CUT|ASSEMBLE+INSPECT] vs C2A1T0I1F1(2,1,1,1)[1000,44,ASSEMBLE+INSPECT]"
P2|N12|F|WORK|d75|p100|f80|b0,F,false,0,0,0,false,false,false,0,0,0,false,false,false,0,false,""
P2|N12|F|WORK|d75|p100|f80|b10,F,true,0,1,0,true,true,true,1,1,0,true,true,true,1,true,"MATERIAL_DEDICATED C2A0T0I0F2(2,0,0,2)[800,57,ASSEMBLE+INSPECT] vs C1A1T0I0F2(1,1,0,2)[850,46,CUT|ASSEMBLE+INSPECT] surplusEffect=3 threshold=3"
P2|N12|F|WORK|d75|p100|f80|b25,F,true,4,1,0,true,true,true,5,1,0,true,true,true,5,true,"MATERIAL_DEDICATED C2A0T0I0F2(2,0,0,2)[800,57,ASSEMBLE+INSPECT] vs C1A1T0I0F2(1,1,0,2)[850,46,CUT|ASSEMBLE+INSPECT] surplusEffect=3 threshold=3"
P2|N12|F|WORK|d75|p100|f80|b50,F,true,10,1,0,true,true,true,17,1,0,true,true,true,11,true,"MATERIAL_DEDICATED C2A0T0I0F2(2,0,0,2)[800,57,ASSEMBLE+INSPECT] vs C1A1T0I0F2(1,1,0,2)[850,46,CUT|ASSEMBLE+INSPECT] surplusEffect=3 threshold=3"
P2|N12|F|WORK|d75|p125|f20|b0,F,false,0,0,0,false,false,false,0,0,0,false,false,false,0,false,""
P2|N12|F|WORK|d75|p125|f20|b10,F,true,1,0,0,true,false,true,1,0,0,true,false,true,1,false,"POOLING C2A0T1I3F1(2,2,3,1)[1663,29,CUT|ASSEMBLE+INSPECT] vs C3A1T1I3F0(3,3,3,0)[1700,27,INSPECT]"
P2|N12|F|WORK|d75|p125|f20|b25,F,true,3,0,0,true,false,true,3,0,0,true,false,true,3,false,"POOLING C2A0T1I3F1(2,2,3,1)[1663,29,CUT|ASSEMBLE+INSPECT] vs C3A1T1I3F0(3,3,3,0)[1700,27,INSPECT]"
P2|N12|F|WORK|d75|p125|f20|b50,F,true,8,0,0,true,false,true,4,0,0,true,false,true,4,false,"POOLING C2A0T1I3F1(2,2,3,1)[1663,29,CUT|ASSEMBLE+INSPECT] vs C3A1T1I3F0(3,3,3,0)[1700,27,INSPECT]"
P2|N12|F|WORK|d75|p125|f40|b0,F,false,0,0,0,false,false,false,0,0,0,false,false,false,0,false,""
P2|N12|F|WORK|d75|p125|f40|b10,F,false,0,0,0,false,false,false,0,0,0,false,false,false,0,false,""
P2|N12|F|WORK|d75|p125|f40|b25,F,false,0,0,0,false,true,false,0,0,0,false,true,false,0,false,""
P2|N12|F|WORK|d75|p125|f40|b50,F,true,5,0,0,true,true,true,2,0,0,true,true,true,2,true,"POOLING C2A0T1I2F0(2,2,2,0)[1100,37,INSPECT] vs C2A0T1I0F3(2,2,0,3)[1539,31,ASSEMBLE+INSPECT]"
P2|N12|F|WORK|d75|p125|f60|b0,F,false,0,0,0,false,false,false,0,0,0,false,false,false,0,false,""
P2|N12|F|WORK|d75|p125|f60|b10,F,true,1,0,0,true,false,true,1,0,0,true,false,true,1,false,"POOLING C1A1T0I1F1(1,1,1,1)[913,47,CUT|ASSEMBLE+INSPECT] vs C1A0T1I2F0(1,2,2,0)[950,45,CUT]"
P2|N12|F|WORK|d75|p125|f60|b25,F,true,4,0,0,true,false,true,4,0,0,true,false,true,4,false,"POOLING C1A1T0I1F1(1,1,1,1)[913,47,CUT|ASSEMBLE+INSPECT] vs C1A0T1I2F0(1,2,2,0)[950,45,CUT]"
P2|N12|F|WORK|d75|p125|f60|b50,F,true,6,0,0,true,false,true,6,0,0,true,false,true,6,false,"POOLING C1A1T0I1F1(1,1,1,1)[913,47,CUT|ASSEMBLE+INSPECT] vs C1A0T1I2F0(1,2,2,0)[950,45,CUT]"
P2|N12|F|WORK|d75|p125|f80|b0,F,false,0,0,0,false,false,false,0,0,0,false,false,false,0,false,""
P2|N12|F|WORK|d75|p125|f80|b10,F,true,1,0,0,true,true,true,1,0,0,true,true,true,1,true,"POOLING C1A1T0I2F0(1,1,2,0)[850,56,ASSEMBLE] vs C1A1T0I1F1(1,1,1,1)[913,47,CUT|ASSEMBLE+INSPECT]"
P2|N12|F|WORK|d75|p125|f80|b25,F,true,2,0,0,true,true,true,2,0,0,true,true,true,2,true,"POOLING C1A1T0I2F0(1,1,2,0)[850,56,ASSEMBLE] vs C1A1T0I1F1(1,1,1,1)[913,47,CUT|ASSEMBLE+INSPECT]"
P2|N12|F|WORK|d75|p125|f80|b50,F,true,6,0,0,true,true,true,6,0,0,true,true,true,6,true,"POOLING C1A1T0I2F0(1,1,2,0)[850,56,ASSEMBLE] vs C1A1T0I1F1(1,1,1,1)[913,47,CUT|ASSEMBLE+INSPECT]"
P2|N12|F|WORK|d75|p150|f20|b0,F,false,0,0,0,false,false,false,0,0,0,false,false,false,0,false,""
P2|N12|F|WORK|d75|p150|f20|b10,F,false,0,0,0,false,false,false,0,0,0,false,false,false,0,false,""
P2|N12|F|WORK|d75|p150|f20|b25,F,false,0,0,0,false,false,false,0,0,0,false,false,false,0,false,""
P2|N12|F|WORK|d75|p150|f20|b50,F,false,0,0,0,false,false,false,0,0,0,false,false,false,0,false,""
P2|N12|F|WORK|d75|p150|f40|b0,F,false,0,0,0,false,false,false,0,0,0,false,false,false,0,false,""
P2|N12|F|WORK|d75|p150|f40|b10,F,false,0,0,0,false,false,false,0,0,0,false,false,false,0,false,""
P2|N12|F|WORK|d75|p150|f40|b25,F,false,0,0,0,false,true,false,0,0,0,false,true,false,0,false,""
P2|N12|F|WORK|d75|p150|f40|b50,F,true,2,0,0,true,true,true,2,0,0,true,true,true,2,true,"POOLING C2A0T1I3F0(2,2,3,0)[1350,33,ASSEMBLE] vs C2A0T1I2F1(2,2,2,1)[1475,32,ASSEMBLE+INSPECT]"
P2|N12|F|WORK|d75|p150|f60|b0,F,false,0,0,0,false,false,false,0,0,0,false,false,false,0,false,""
P2|N12|F|WORK|d75|p150|f60|b10,F,false,0,0,0,false,false,false,0,0,0,false,false,false,0,false,""
P2|N12|F|WORK|d75|p150|f60|b25,F,false,0,0,0,false,true,false,0,0,0,false,true,false,0,false,""
P2|N12|F|WORK|d75|p150|f60|b50,F,false,0,0,0,false,true,false,0,0,0,false,true,false,0,false,""
P2|N12|F|WORK|d75|p150|f80|b0,F,false,0,0,0,false,false,false,0,0,0,false,false,false,0,false,""
P2|N12|F|WORK|d75|p150|f80|b10,F,false,0,0,0,false,false,false,0,0,0,false,false,false,0,false,""
P2|N12|F|WORK|d75|p150|f80|b25,F,false,0,0,0,false,true,false,0,0,0,false,true,false,0,false,""
P2|N12|F|WORK|d75|p150|f80|b50,F,false,0,0,0,false,true,false,0,0,0,false,true,false,0,false,""
P2|N12|F|WORK|d75|p200|f20|b0,F,false,0,0,0,false,false,false,0,0,0,false,false,false,0,false,""
P2|N12|F|WORK|d75|p200|f20|b10,F,false,0,0,0,false,false,false,0,0,0,false,false,false,0,false,""
P2|N12|F|WORK|d75|p200|f20|b25,F,false,0,0,0,false,false,false,0,0,0,false,false,false,0,false,""
P2|N12|F|WORK|d75|p200|f20|b50,F,false,0,0,0,false,false,false,0,0,0,false,false,false,0,false,""
P2|N12|F|WORK|d75|p200|f40|b0,F,false,0,0,0,false,false,false,0,0,0,false,false,false,0,false,""
P2|N12|F|WORK|d75|p200|f40|b10,F,false,0,0,0,false,false,false,0,0,0,false,false,false,0,false,""
P2|N12|F|WORK|d75|p200|f40|b25,F,false,0,0,0,false,true,false,0,0,0,false,true,false,0,false,""
P2|N12|F|WORK|d75|p200|f40|b50,F,false,0,0,0,false,true,false,0,0,0,false,true,false,0,false,""
P2|N12|F|WORK|d75|p200|f60|b0,F,false,0,0,0,false,false,false,0,0,0,false,false,false,0,false,""
P2|N12|F|WORK|d75|p200|f60|b10,F,false,0,0,0,false,false,false,0,0,0,false,false,false,0,false,""
P2|N12|F|WORK|d75|p200|f60|b25,F,false,0,0,0,false,true,false,0,0,0,false,true,false,0,false,""
P2|N12|F|WORK|d75|p200|f60|b50,F,false,0,0,0,false,true,false,0,0,0,false,true,false,0,false,""
P2|N12|F|WORK|d75|p200|f80|b0,F,false,0,0,0,false,false,false,0,0,0,false,false,false,0,false,""
P2|N12|F|WORK|d75|p200|f80|b10,F,false,0,0,0,false,false,false,0,0,0,false,false,false,0,false,""
P2|N12|F|WORK|d75|p200|f80|b25,F,false,0,0,0,false,true,false,0,0,0,false,true,false,0,false,""
P2|N12|F|WORK|d75|p200|f80|b50,F,false,0,0,0,false,true,false,0,0,0,false,true,false,0,false,""
P2|N12|F|WORK|d90|p100|f20|b0,F,false,0,0,0,false,false,false,0,0,0,false,false,false,0,false,""
P2|N12|F|WORK|d90|p100|f20|b10,F,true,2,0,0,true,false,true,3,1,0,true,false,true,2,false,"POOLING C2A0T1I1F3(2,2,1,3)[1660,28,CUT|ASSEMBLE+INSPECT] vs C3A1T1I3F0(3,3,3,0)[1760,27,INSPECT]"
P2|N12|F|WORK|d90|p100|f20|b25,F,true,11,0,1,true,false,true,9,2,0,true,false,true,4,false,"POOLING C2A0T1I1F3(2,2,1,3)[1660,28,CUT|ASSEMBLE+INSPECT] vs C3A1T1I3F0(3,3,3,0)[1760,27,INSPECT]"
P2|N12|F|WORK|d90|p100|f20|b50,F,true,20,0,1,true,false,true,17,3,0,true,false,true,7,false,"POOLING C2A0T1I1F3(2,2,1,3)[1660,28,CUT|ASSEMBLE+INSPECT] vs C3A1T1I3F0(3,3,3,0)[1760,27,INSPECT]"
P2|N12|F|WORK|d90|p100|f40|b0,F,false,0,0,0,false,false,false,0,0,0,false,false,false,0,false,""
P2|N12|F|WORK|d90|p100|f40|b10,F,true,1,0,0,true,true,true,2,0,0,true,true,true,1,true,"POOLING C2A0T1I2F0(2,2,2,0)[1160,37,INSPECT] vs C2A1T0I1F2(2,1,1,2)[1250,35,ASSEMBLE+INSPECT]"
P2|N12|F|WORK|d90|p100|f40|b25,F,true,3,0,0,true,true,true,9,0,0,true,true,true,3,true,"POOLING C2A0T1I2F0(2,2,2,0)[1160,37,INSPECT] vs C2A1T0I1F2(2,1,1,2)[1250,35,ASSEMBLE+INSPECT]"
P2|N12|F|WORK|d90|p100|f40|b50,F,true,7,0,0,true,true,true,16,0,0,true,true,true,7,true,"POOLING C2A0T1I2F0(2,2,2,0)[1160,37,INSPECT] vs C2A1T0I1F2(2,1,1,2)[1250,35,ASSEMBLE+INSPECT]"
P2|N12|F|WORK|d90|p100|f60|b0,F,false,0,0,0,false,false,false,0,0,0,false,false,false,0,false,""
P2|N12|F|WORK|d90|p100|f60|b10,F,false,0,0,0,false,false,false,0,0,0,false,false,false,0,false,""
P2|N12|F|WORK|d90|p100|f60|b25,F,true,3,0,0,true,false,true,4,0,0,true,false,true,3,false,"POOLING C1A1T0I0F2(1,1,0,2)[850,46,CUT|ASSEMBLE+INSPECT] vs C2A1T0I1F1(2,1,1,1)[1000,44,ASSEMBLE+INSPECT]"
P2|N12|F|WORK|d90|p100|f60|b50,F,true,10,0,0,true,false,true,19,0,0,true,false,true,10,false,"POOLING C1A1T0I0F2(1,1,0,2)[850,46,CUT|ASSEMBLE+INSPECT] vs C2A1T0I1F1(2,1,1,1)[1000,44,ASSEMBLE+INSPECT]"
P2|N12|F|WORK|d90|p100|f80|b0,F,false,0,0,0,false,false,false,0,0,0,false,false,false,0,false,""
P2|N12|F|WORK|d90|p100|f80|b10,F,true,0,1,0,true,true,true,1,1,0,true,true,true,1,true,"MATERIAL_DEDICATED C2A0T0I0F2(2,0,0,2)[800,57,ASSEMBLE+INSPECT] vs C1A1T0I0F2(1,1,0,2)[850,46,CUT|ASSEMBLE+INSPECT] surplusEffect=3 threshold=3"
P2|N12|F|WORK|d90|p100|f80|b25,F,true,4,1,0,true,true,true,5,1,0,true,true,true,5,true,"MATERIAL_DEDICATED C2A0T0I0F2(2,0,0,2)[800,57,ASSEMBLE+INSPECT] vs C1A1T0I0F2(1,1,0,2)[850,46,CUT|ASSEMBLE+INSPECT] surplusEffect=3 threshold=3"
P2|N12|F|WORK|d90|p100|f80|b50,F,true,10,1,0,true,true,true,17,1,0,true,true,true,11,true,"MATERIAL_DEDICATED C2A0T0I0F2(2,0,0,2)[800,57,ASSEMBLE+INSPECT] vs C1A1T0I0F2(1,1,0,2)[850,46,CUT|ASSEMBLE+INSPECT] surplusEffect=3 threshold=3"
P2|N12|F|WORK|d90|p125|f20|b0,F,false,0,0,0,false,false,false,0,0,0,false,false,false,0,false,""
P2|N12|F|WORK|d90|p125|f20|b10,F,true,1,0,0,true,false,true,1,0,0,true,false,true,1,false,"POOLING C2A0T1I3F1(2,2,3,1)[1723,29,CUT|ASSEMBLE+INSPECT] vs C3A1T1I3F0(3,3,3,0)[1760,27,INSPECT]"
P2|N12|F|WORK|d90|p125|f20|b25,F,true,2,0,0,true,false,true,3,0,0,true,false,true,2,false,"POOLING C2A0T1I3F1(2,2,3,1)[1723,29,CUT|ASSEMBLE+INSPECT] vs C3A1T1I3F0(3,3,3,0)[1760,27,INSPECT]"
P2|N12|F|WORK|d90|p125|f20|b50,F,true,8,0,0,true,false,true,5,0,0,true,false,true,3,false,"POOLING C2A0T1I3F1(2,2,3,1)[1723,29,CUT|ASSEMBLE+INSPECT] vs C3A1T1I3F0(3,3,3,0)[1760,27,INSPECT]"
P2|N12|F|WORK|d90|p125|f40|b0,F,false,0,0,0,false,false,false,0,0,0,false,false,false,0,false,""
P2|N12|F|WORK|d90|p125|f40|b10,F,false,0,0,0,false,false,false,0,0,0,false,false,false,0,false,""
P2|N12|F|WORK|d90|p125|f40|b25,F,true,2,0,0,true,true,true,2,0,0,true,true,true,2,true,"POOLING C2A0T1I2F0(2,2,2,0)[1160,37,INSPECT] vs C2A1T0I1F2(2,1,1,2)[1376,35,ASSEMBLE+INSPECT]"
P2|N12|F|WORK|d90|p125|f40|b50,F,true,13,0,0,true,true,true,8,0,0,true,true,true,8,true,"POOLING C2A0T1I2F0(2,2,2,0)[1160,37,INSPECT] vs C2A1T0I1F2(2,1,1,2)[1376,35,ASSEMBLE+INSPECT]"
P2|N12|F|WORK|d90|p125|f60|b0,F,false,0,0,0,false,false,false,0,0,0,false,false,false,0,false,""
P2|N12|F|WORK|d90|p125|f60|b10,F,false,0,0,0,false,false,false,0,0,0,false,false,false,0,false,""
P2|N12|F|WORK|d90|p125|f60|b25,F,true,4,0,0,true,false,true,2,0,0,true,false,true,2,false,"POOLING C1A1T0I1F1(1,1,1,1)[913,47,CUT|ASSEMBLE+INSPECT] vs C1A0T1I2F0(1,2,2,0)[1010,45,CUT]"
P2|N12|F|WORK|d90|p125|f60|b50,F,true,7,0,0,true,false,true,4,0,0,true,false,true,4,false,"POOLING C1A1T0I1F1(1,1,1,1)[913,47,CUT|ASSEMBLE+INSPECT] vs C1A0T1I2F0(1,2,2,0)[1010,45,CUT]"
P2|N12|F|WORK|d90|p125|f80|b0,F,false,0,0,0,false,false,false,0,0,0,false,false,false,0,false,""
P2|N12|F|WORK|d90|p125|f80|b10,F,true,1,0,0,true,true,true,1,0,0,true,true,true,1,true,"POOLING C1A1T0I2F0(1,1,2,0)[850,56,ASSEMBLE] vs C1A1T0I1F1(1,1,1,1)[913,47,CUT|ASSEMBLE+INSPECT]"
P2|N12|F|WORK|d90|p125|f80|b25,F,true,4,0,0,true,true,true,2,0,0,true,true,true,2,true,"POOLING C1A1T0I2F0(1,1,2,0)[850,56,ASSEMBLE] vs C1A1T0I1F1(1,1,1,1)[913,47,CUT|ASSEMBLE+INSPECT]"
P2|N12|F|WORK|d90|p125|f80|b50,F,true,10,0,0,true,true,true,6,0,0,true,true,true,6,true,"POOLING C1A1T0I2F0(1,1,2,0)[850,56,ASSEMBLE] vs C1A1T0I1F1(1,1,1,1)[913,47,CUT|ASSEMBLE+INSPECT]"
P2|N12|F|WORK|d90|p150|f20|b0,F,false,0,0,0,false,false,false,0,0,0,false,false,false,0,false,""
P2|N12|F|WORK|d90|p150|f20|b10,F,false,0,0,0,false,false,false,0,0,0,false,false,false,0,false,""
P2|N12|F|WORK|d90|p150|f20|b25,F,false,0,0,0,false,false,false,0,0,0,false,false,false,0,false,""
P2|N12|F|WORK|d90|p150|f20|b50,F,true,4,0,0,true,false,false,0,0,0,false,false,false,0,false,"POOLING C3A1T1I3F0(3,3,3,0)[1760,27,INSPECT] vs C3A0T1I3F2(3,2,3,2)[2310,24,ASSEMBLE+INSPECT]"
P2|N12|F|WORK|d90|p150|f40|b0,F,false,0,0,0,false,false,false,0,0,0,false,false,false,0,false,""
P2|N12|F|WORK|d90|p150|f40|b10,F,false,0,0,0,false,false,false,0,0,0,false,false,false,0,false,""
P2|N12|F|WORK|d90|p150|f40|b25,F,false,0,0,0,false,true,false,0,0,0,false,true,false,0,false,""
P2|N12|F|WORK|d90|p150|f40|b50,F,true,2,0,0,true,true,true,2,0,0,true,true,true,2,true,"POOLING C2A0T1I3F0(2,2,3,0)[1410,33,ASSEMBLE] vs C2A0T1I2F1(2,2,2,1)[1535,32,ASSEMBLE+INSPECT]"
P2|N12|F|WORK|d90|p150|f60|b0,F,false,0,0,0,false,false,false,0,0,0,false,false,false,0,false,""
P2|N12|F|WORK|d90|p150|f60|b10,F,true,1,0,0,true,false,true,1,0,0,true,false,true,1,false,"POOLING C1A1T0I1F1(1,1,1,1)[975,47,CUT|ASSEMBLE+INSPECT] vs C1A0T1I2F0(1,2,2,0)[1010,45,CUT]"
P2|N12|F|WORK|d90|p150|f60|b25,F,true,4,0,0,true,false,true,4,0,0,true,false,true,4,false,"POOLING C1A1T0I1F1(1,1,1,1)[975,47,CUT|ASSEMBLE+INSPECT] vs C1A0T1I2F0(1,2,2,0)[1010,45,CUT]"
P2|N12|F|WORK|d90|p150|f60|b50,F,true,6,0,0,true,false,true,6,0,0,true,false,true,6,false,"POOLING C1A1T0I1F1(1,1,1,1)[975,47,CUT|ASSEMBLE+INSPECT] vs C1A0T1I2F0(1,2,2,0)[1010,45,CUT]"
P2|N12|F|WORK|d90|p150|f80|b0,F,false,0,0,0,false,false,false,0,0,0,false,false,false,0,false,""
P2|N12|F|WORK|d90|p150|f80|b10,F,false,0,0,0,false,false,false,0,0,0,false,false,false,0,false,""
P2|N12|F|WORK|d90|p150|f80|b25,F,true,2,0,0,true,true,true,2,0,0,true,true,true,2,true,"POOLING C1A1T0I2F0(1,1,2,0)[850,56,ASSEMBLE] vs C1A1T0I1F1(1,1,1,1)[975,47,CUT|ASSEMBLE+INSPECT]"
P2|N12|F|WORK|d90|p150|f80|b50,F,true,6,0,0,true,true,true,6,0,0,true,true,true,6,true,"POOLING C1A1T0I2F0(1,1,2,0)[850,56,ASSEMBLE] vs C1A1T0I1F1(1,1,1,1)[975,47,CUT|ASSEMBLE+INSPECT]"
P2|N12|F|WORK|d90|p200|f20|b0,F,false,0,0,0,false,false,false,0,0,0,false,false,false,0,false,""
P2|N12|F|WORK|d90|p200|f20|b10,F,false,0,0,0,false,false,false,0,0,0,false,false,false,0,false,""
P2|N12|F|WORK|d90|p200|f20|b25,F,false,0,0,0,false,false,false,0,0,0,false,false,false,0,false,""
P2|N12|F|WORK|d90|p200|f20|b50,F,false,0,0,0,false,false,false,0,0,0,false,false,false,0,false,""
P2|N12|F|WORK|d90|p200|f40|b0,F,false,0,0,0,false,false,false,0,0,0,false,false,false,0,false,""
P2|N12|F|WORK|d90|p200|f40|b10,F,false,0,0,0,false,false,false,0,0,0,false,false,false,0,false,""
P2|N12|F|WORK|d90|p200|f40|b25,F,false,0,0,0,false,true,false,0,0,0,false,true,false,0,false,""
P2|N12|F|WORK|d90|p200|f40|b50,F,false,0,0,0,false,true,false,0,0,0,false,true,false,0,false,""
P2|N12|F|WORK|d90|p200|f60|b0,F,false,0,0,0,false,false,false,0,0,0,false,false,false,0,false,""
P2|N12|F|WORK|d90|p200|f60|b10,F,false,0,0,0,false,false,false,0,0,0,false,false,false,0,false,""
P2|N12|F|WORK|d90|p200|f60|b25,F,false,0,0,0,false,true,false,0,0,0,false,true,false,0,false,""
P2|N12|F|WORK|d90|p200|f60|b50,F,false,0,0,0,false,true,false,0,0,0,false,true,false,0,false,""
P2|N12|F|WORK|d90|p200|f80|b0,F,false,0,0,0,false,false,false,0,0,0,false,false,false,0,false,""
P2|N12|F|WORK|d90|p200|f80|b10,F,false,0,0,0,false,false,false,0,0,0,false,false,false,0,false,""
P2|N12|F|WORK|d90|p200|f80|b25,F,false,0,0,0,false,true,false,0,0,0,false,true,false,0,false,""
P2|N12|F|WORK|d90|p200|f80|b50,F,false,0,0,0,false,true,false,0,0,0,false,true,false,0,false,""
P2|N12|F|WORK|d100|p100|f20|b0,F,false,0,0,0,false,false,false,0,0,0,false,false,false,0,false,""
P2|N12|F|WORK|d100|p100|f20|b10,F,true,8,0,0,true,false,true,12,4,0,true,false,true,8,false,"POOLING C2A0T1I1F3(2,2,1,3)[1700,28,CUT|ASSEMBLE+INSPECT] vs C3A1T1I3F0(3,3,3,0)[1800,27,INSPECT]"
P2|N12|F|WORK|d100|p100|f20|b25,F,true,44,0,4,true,false,true,32,6,0,true,false,true,16,false,"POOLING C2A0T1I1F3(2,2,1,3)[1700,28,CUT|ASSEMBLE+INSPECT] vs C3A1T1I3F0(3,3,3,0)[1800,27,INSPECT]"
P2|N12|F|WORK|d100|p100|f20|b50,F,true,92,0,4,true,false,true,85,16,4,true,false,true,34,false,"POOLING C2A0T1I1F3(2,2,1,3)[1700,28,CUT|ASSEMBLE+INSPECT] vs C3A1T1I3F0(3,3,3,0)[1800,27,INSPECT]"
P2|N12|F|WORK|d100|p100|f40|b0,F,false,0,0,0,false,false,false,0,0,0,false,false,false,0,false,""
P2|N12|F|WORK|d100|p100|f40|b10,F,true,2,0,0,true,true,true,4,0,0,true,true,true,2,true,"POOLING C2A0T1I2F0(2,2,2,0)[1200,37,INSPECT] vs C2A1T0I1F2(2,1,1,2)[1250,35,ASSEMBLE+INSPECT]"
P2|N12|F|WORK|d100|p100|f40|b25,F,true,10,0,0,true,true,true,28,0,0,true,true,true,10,true,"POOLING C2A0T1I2F0(2,2,2,0)[1200,37,INSPECT] vs C2A1T0I1F2(2,1,1,2)[1250,35,ASSEMBLE+INSPECT]"
P2|N12|F|WORK|d100|p100|f40|b50,F,true,36,0,0,true,true,true,92,6,0,true,true,true,36,true,"POOLING C2A0T1I2F0(2,2,2,0)[1200,37,INSPECT] vs C2A1T0I1F2(2,1,1,2)[1250,35,ASSEMBLE+INSPECT]"
P2|N12|F|WORK|d100|p100|f60|b0,F,false,0,0,0,false,false,false,0,0,0,false,false,false,0,false,""
P2|N12|F|WORK|d100|p100|f60|b10,F,false,0,0,0,false,false,false,0,0,0,false,false,false,0,false,""
P2|N12|F|WORK|d100|p100|f60|b25,F,true,3,0,0,true,false,true,4,0,0,true,false,true,3,false,"POOLING C1A1T0I0F2(1,1,0,2)[850,46,CUT|ASSEMBLE+INSPECT] vs C2A1T0I1F1(2,1,1,1)[1000,44,ASSEMBLE+INSPECT]"
P2|N12|F|WORK|d100|p100|f60|b50,F,true,15,0,0,true,false,true,30,0,0,true,false,true,15,false,"POOLING C1A1T0I0F2(1,1,0,2)[850,46,CUT|ASSEMBLE+INSPECT] vs C2A1T0I1F1(2,1,1,1)[1000,44,ASSEMBLE+INSPECT]"
P2|N12|F|WORK|d100|p100|f80|b0,F,false,0,0,0,false,false,false,0,0,0,false,false,false,0,false,""
P2|N12|F|WORK|d100|p100|f80|b10,F,true,0,1,0,true,true,true,1,1,0,true,true,true,1,true,"MATERIAL_DEDICATED C2A0T0I0F2(2,0,0,2)[800,57,ASSEMBLE+INSPECT] vs C1A1T0I0F2(1,1,0,2)[850,46,CUT|ASSEMBLE+INSPECT] surplusEffect=3 threshold=3"
P2|N12|F|WORK|d100|p100|f80|b25,F,true,4,1,0,true,true,true,5,1,0,true,true,true,5,true,"MATERIAL_DEDICATED C2A0T0I0F2(2,0,0,2)[800,57,ASSEMBLE+INSPECT] vs C1A1T0I0F2(1,1,0,2)[850,46,CUT|ASSEMBLE+INSPECT] surplusEffect=3 threshold=3"
P2|N12|F|WORK|d100|p100|f80|b50,F,true,15,1,0,true,true,true,27,1,0,true,true,true,16,true,"MATERIAL_DEDICATED C2A0T0I0F2(2,0,0,2)[800,57,ASSEMBLE+INSPECT] vs C1A1T0I0F2(1,1,0,2)[850,46,CUT|ASSEMBLE+INSPECT] surplusEffect=3 threshold=3"
P2|N12|F|WORK|d100|p125|f20|b0,F,false,0,0,0,false,false,false,0,0,0,false,false,false,0,false,""
P2|N12|F|WORK|d100|p125|f20|b10,F,true,4,0,0,true,false,true,4,0,0,true,false,true,4,false,"POOLING C2A0T1I3F1(2,2,3,1)[1763,29,CUT|ASSEMBLE+INSPECT] vs C3A1T1I3F0(3,3,3,0)[1800,27,INSPECT]"
P2|N12|F|WORK|d100|p125|f20|b25,F,true,8,0,0,true,false,true,12,0,0,true,false,true,8,false,"POOLING C2A0T1I3F1(2,2,3,1)[1763,29,CUT|ASSEMBLE+INSPECT] vs C3A1T1I3F0(3,3,3,0)[1800,27,INSPECT]"
P2|N12|F|WORK|d100|p125|f20|b50,F,true,28,0,0,true,false,true,24,0,0,true,false,true,14,false,"POOLING C2A0T1I3F1(2,2,3,1)[1763,29,CUT|ASSEMBLE+INSPECT] vs C3A1T1I3F0(3,3,3,0)[1800,27,INSPECT]"
P2|N12|F|WORK|d100|p125|f40|b0,F,false,0,0,0,false,false,false,0,0,0,false,false,false,0,false,""
P2|N12|F|WORK|d100|p125|f40|b10,F,false,0,0,0,false,false,false,0,0,0,false,false,false,0,false,""
P2|N12|F|WORK|d100|p125|f40|b25,F,true,4,0,0,true,true,true,4,0,0,true,true,true,4,true,"POOLING C2A0T1I2F0(2,2,2,0)[1200,37,INSPECT] vs C2A1T0I1F2(2,1,1,2)[1376,35,ASSEMBLE+INSPECT]"
P2|N12|F|WORK|d100|p125|f40|b50,F,true,42,0,0,true,true,true,32,0,0,true,true,true,32,true,"POOLING C2A0T1I2F0(2,2,2,0)[1200,37,INSPECT] vs C2A1T0I1F2(2,1,1,2)[1376,35,ASSEMBLE+INSPECT]"
P2|N12|F|WORK|d100|p125|f60|b0,F,false,0,0,0,false,false,false,0,0,0,false,false,false,0,false,""
P2|N12|F|WORK|d100|p125|f60|b10,F,false,0,0,0,false,false,false,0,0,0,false,false,false,0,false,""
P2|N12|F|WORK|d100|p125|f60|b25,F,true,7,0,0,true,false,true,4,0,0,true,false,true,4,false,"POOLING C1A1T0I1F1(1,1,1,1)[913,47,CUT|ASSEMBLE+INSPECT] vs C1A0T1I2F0(1,2,2,0)[1050,45,CUT]"
P2|N12|F|WORK|d100|p125|f60|b50,F,true,13,0,0,true,false,true,8,0,0,true,false,true,8,false,"POOLING C1A1T0I1F1(1,1,1,1)[913,47,CUT|ASSEMBLE+INSPECT] vs C1A0T1I2F0(1,2,2,0)[1050,45,CUT]"
P2|N12|F|WORK|d100|p125|f80|b0,F,false,0,0,0,false,false,false,0,0,0,false,false,false,0,false,""
P2|N12|F|WORK|d100|p125|f80|b10,F,true,1,0,0,true,true,true,1,0,0,true,true,true,1,true,"POOLING C1A1T0I2F0(1,1,2,0)[850,56,ASSEMBLE] vs C1A1T0I1F1(1,1,1,1)[913,47,CUT|ASSEMBLE+INSPECT]"
P2|N12|F|WORK|d100|p125|f80|b25,F,true,6,0,0,true,true,true,3,0,0,true,true,true,3,true,"POOLING C1A1T0I2F0(1,1,2,0)[850,56,ASSEMBLE] vs C1A1T0I1F1(1,1,1,1)[913,47,CUT|ASSEMBLE+INSPECT]"
P2|N12|F|WORK|d100|p125|f80|b50,F,true,16,0,0,true,true,true,10,0,0,true,true,true,10,true,"POOLING C1A1T0I2F0(1,1,2,0)[850,56,ASSEMBLE] vs C1A1T0I1F1(1,1,1,1)[913,47,CUT|ASSEMBLE+INSPECT]"
P2|N12|F|WORK|d100|p150|f20|b0,F,false,0,0,0,false,false,false,0,0,0,false,false,false,0,false,""
P2|N12|F|WORK|d100|p150|f20|b10,F,false,0,0,0,false,false,false,0,0,0,false,false,false,0,false,""
P2|N12|F|WORK|d100|p150|f20|b25,F,false,0,0,0,false,false,true,4,0,0,true,false,false,0,false,""
P2|N12|F|WORK|d100|p150|f20|b50,F,true,20,0,0,true,false,true,10,0,0,true,false,true,0,false,"POOLING C3A1T1I3F0(3,3,3,0)[1800,27,INSPECT] vs C3A0T1I3F2(3,2,3,2)[2350,24,ASSEMBLE+INSPECT]"
P2|N12|F|WORK|d100|p150|f40|b0,F,false,0,0,0,false,false,false,0,0,0,false,false,false,0,false,""
P2|N12|F|WORK|d100|p150|f40|b10,F,false,0,0,0,false,false,false,0,0,0,false,false,false,0,false,""
P2|N12|F|WORK|d100|p150|f40|b25,F,false,0,0,0,false,true,false,0,0,0,false,true,false,0,false,""
P2|N12|F|WORK|d100|p150|f40|b50,F,true,12,0,0,true,true,true,12,0,0,true,true,true,12,true,"POOLING C2A0T1I3F0(2,2,3,0)[1450,33,ASSEMBLE] vs C2A0T1I2F1(2,2,2,1)[1575,32,ASSEMBLE+INSPECT]"
P2|N12|F|WORK|d100|p150|f60|b0,F,false,0,0,0,false,false,false,0,0,0,false,false,false,0,false,""
P2|N12|F|WORK|d100|p150|f60|b10,F,true,2,0,0,true,false,true,2,0,0,true,false,true,2,false,"POOLING C1A1T0I1F1(1,1,1,1)[975,47,CUT|ASSEMBLE+INSPECT] vs C1A0T1I2F0(1,2,2,0)[1050,45,CUT]"
P2|N12|F|WORK|d100|p150|f60|b25,F,true,8,0,0,true,false,true,8,0,0,true,false,true,8,false,"POOLING C1A1T0I1F1(1,1,1,1)[975,47,CUT|ASSEMBLE+INSPECT] vs C1A0T1I2F0(1,2,2,0)[1050,45,CUT]"
P2|N12|F|WORK|d100|p150|f60|b50,F,true,12,0,0,true,false,true,12,0,0,true,false,true,12,false,"POOLING C1A1T0I1F1(1,1,1,1)[975,47,CUT|ASSEMBLE+INSPECT] vs C1A0T1I2F0(1,2,2,0)[1050,45,CUT]"
P2|N12|F|WORK|d100|p150|f80|b0,F,false,0,0,0,false,false,false,0,0,0,false,false,false,0,false,""
P2|N12|F|WORK|d100|p150|f80|b10,F,false,0,0,0,false,false,false,0,0,0,false,false,false,0,false,""
P2|N12|F|WORK|d100|p150|f80|b25,F,true,3,0,0,true,true,true,3,0,0,true,true,true,3,true,"POOLING C1A1T0I2F0(1,1,2,0)[850,56,ASSEMBLE] vs C1A1T0I1F1(1,1,1,1)[975,47,CUT|ASSEMBLE+INSPECT]"
P2|N12|F|WORK|d100|p150|f80|b50,F,true,10,0,0,true,true,true,10,0,0,true,true,true,10,true,"POOLING C1A1T0I2F0(1,1,2,0)[850,56,ASSEMBLE] vs C1A1T0I1F1(1,1,1,1)[975,47,CUT|ASSEMBLE+INSPECT]"
P2|N12|F|WORK|d100|p200|f20|b0,F,false,0,0,0,false,false,false,0,0,0,false,false,false,0,false,""
P2|N12|F|WORK|d100|p200|f20|b10,F,false,0,0,0,false,false,false,0,0,0,false,false,false,0,false,""
P2|N12|F|WORK|d100|p200|f20|b25,F,false,0,0,0,false,false,false,0,0,0,false,false,false,0,false,""
P2|N12|F|WORK|d100|p200|f20|b50,F,false,0,0,0,false,false,false,0,0,0,false,false,false,0,false,""
P2|N12|F|WORK|d100|p200|f40|b0,F,false,0,0,0,false,false,false,0,0,0,false,false,false,0,false,""
P2|N12|F|WORK|d100|p200|f40|b10,F,false,0,0,0,false,false,false,0,0,0,false,false,false,0,false,""
P2|N12|F|WORK|d100|p200|f40|b25,F,false,0,0,0,false,true,false,0,0,0,false,true,false,0,false,""
P2|N12|F|WORK|d100|p200|f40|b50,F,false,0,0,0,false,true,false,0,0,0,false,true,false,0,false,""
P2|N12|F|WORK|d100|p200|f60|b0,F,false,0,0,0,false,false,false,0,0,0,false,false,false,0,false,""
P2|N12|F|WORK|d100|p200|f60|b10,F,false,0,0,0,false,false,false,0,0,0,false,false,false,0,false,""
P2|N12|F|WORK|d100|p200|f60|b25,F,false,0,0,0,false,true,false,0,0,0,false,true,false,0,false,""
P2|N12|F|WORK|d100|p200|f60|b50,F,false,0,0,0,false,true,false,0,0,0,false,true,false,0,false,""
P2|N12|F|WORK|d100|p200|f80|b0,F,false,0,0,0,false,false,false,0,0,0,false,false,false,0,false,""
P2|N12|F|WORK|d100|p200|f80|b10,F,false,0,0,0,false,false,false,0,0,0,false,false,false,0,false,""
P2|N12|F|WORK|d100|p200|f80|b25,F,false,0,0,0,false,true,false,0,0,0,false,true,false,0,false,""
P2|N12|F|WORK|d100|p200|f80|b50,F,false,0,0,0,false,true,false,0,0,0,false,true,false,0,false,""
P2|N24|D|UNIFORM|d75|p0|f20|b0,D,false,0,0,0,false,false,false,0,0,0,false,false,false,0,false,""
P2|N24|D|UNIFORM|d75|p0|f20|b10,D,false,0,0,0,false,false,false,0,0,0,false,false,false,0,false,""
P2|N24|D|UNIFORM|d75|p0|f20|b25,D,false,0,0,0,false,false,false,0,0,0,false,false,false,0,false,""
P2|N24|D|UNIFORM|d75|p0|f20|b50,D,true,0,0,1,false,false,true,0,0,1,false,false,false,0,false,""
P2|N24|D|UNIFORM|d75|p0|f40|b0,D,false,0,0,0,false,false,false,0,0,0,false,false,false,0,false,""
P2|N24|D|UNIFORM|d75|p0|f40|b10,D,false,0,0,0,false,false,false,0,0,0,false,false,false,0,false,""
P2|N24|D|UNIFORM|d75|p0|f40|b25,D,false,0,0,0,false,true,false,0,0,0,false,true,false,0,false,""
P2|N24|D|UNIFORM|d75|p0|f40|b50,D,false,0,0,0,false,true,false,0,0,0,false,true,false,0,false,""
P2|N24|D|UNIFORM|d75|p0|f60|b0,D,false,0,0,0,false,false,false,0,0,0,false,false,false,0,false,""
P2|N24|D|UNIFORM|d75|p0|f60|b10,D,false,0,0,0,false,false,false,0,0,0,false,false,false,0,false,""
P2|N24|D|UNIFORM|d75|p0|f60|b25,D,false,0,0,0,false,true,false,0,0,0,false,true,false,0,false,""
P2|N24|D|UNIFORM|d75|p0|f60|b50,D,false,0,0,0,false,true,false,0,0,0,false,true,false,0,false,""
P2|N24|D|UNIFORM|d75|p0|f80|b0,D,false,0,0,0,false,false,false,0,0,0,false,false,false,0,false,""
P2|N24|D|UNIFORM|d75|p0|f80|b10,D,false,0,0,0,false,false,false,0,0,0,false,false,false,0,false,""
P2|N24|D|UNIFORM|d75|p0|f80|b25,D,false,0,0,0,false,true,false,0,0,0,false,true,false,0,false,""
P2|N24|D|UNIFORM|d75|p0|f80|b50,D,false,0,0,0,false,true,false,0,0,0,false,true,false,0,false,""
P2|N24|D|UNIFORM|d90|p0|f20|b0,D,false,0,0,0,false,false,false,0,0,0,false,false,false,0,false,""
P2|N24|D|UNIFORM|d90|p0|f20|b10,D,false,0,0,0,false,false,false,0,0,0,false,false,false,0,false,""
P2|N24|D|UNIFORM|d90|p0|f20|b25,D,false,0,0,0,false,false,false,0,0,0,false,false,false,0,false,""
P2|N24|D|UNIFORM|d90|p0|f20|b50,D,true,0,0,1,false,false,true,0,0,1,false,false,false,0,false,""
P2|N24|D|UNIFORM|d90|p0|f40|b0,D,false,0,0,0,false,false,false,0,0,0,false,false,false,0,false,""
P2|N24|D|UNIFORM|d90|p0|f40|b10,D,false,0,0,0,false,false,false,0,0,0,false,false,false,0,false,""
P2|N24|D|UNIFORM|d90|p0|f40|b25,D,false,0,0,0,false,true,false,0,0,0,false,true,false,0,false,""
P2|N24|D|UNIFORM|d90|p0|f40|b50,D,false,0,0,0,false,true,false,0,0,0,false,true,false,0,false,""
P2|N24|D|UNIFORM|d90|p0|f60|b0,D,false,0,0,0,false,false,false,0,0,0,false,false,false,0,false,""
P2|N24|D|UNIFORM|d90|p0|f60|b10,D,false,0,0,0,false,false,false,0,0,0,false,false,false,0,false,""
P2|N24|D|UNIFORM|d90|p0|f60|b25,D,false,0,0,0,false,true,false,0,0,0,false,true,false,0,false,""
P2|N24|D|UNIFORM|d90|p0|f60|b50,D,false,0,0,0,false,true,false,0,0,0,false,true,false,0,false,""
P2|N24|D|UNIFORM|d90|p0|f80|b0,D,false,0,0,0,false,false,false,0,0,0,false,false,false,0,false,""
P2|N24|D|UNIFORM|d90|p0|f80|b10,D,false,0,0,0,false,false,false,0,0,0,false,false,false,0,false,""
P2|N24|D|UNIFORM|d90|p0|f80|b25,D,false,0,0,0,false,true,false,0,0,0,false,true,false,0,false,""
P2|N24|D|UNIFORM|d90|p0|f80|b50,D,false,0,0,0,false,true,false,0,0,0,false,true,false,0,false,""
P2|N24|D|UNIFORM|d100|p0|f20|b0,D,false,0,0,0,false,false,false,0,0,0,false,false,false,0,false,""
P2|N24|D|UNIFORM|d100|p0|f20|b10,D,false,0,0,0,false,false,false,0,0,0,false,false,false,0,false,""
P2|N24|D|UNIFORM|d100|p0|f20|b25,D,false,0,0,0,false,false,false,0,0,0,false,false,false,0,false,""
P2|N24|D|UNIFORM|d100|p0|f20|b50,D,false,0,0,0,false,false,false,0,0,0,false,false,false,0,false,""
P2|N24|D|UNIFORM|d100|p0|f40|b0,D,false,0,0,0,false,false,false,0,0,0,false,false,false,0,false,""
P2|N24|D|UNIFORM|d100|p0|f40|b10,D,false,0,0,0,false,false,false,0,0,0,false,false,false,0,false,""
P2|N24|D|UNIFORM|d100|p0|f40|b25,D,false,0,0,0,false,true,false,0,0,0,false,true,false,0,false,""
P2|N24|D|UNIFORM|d100|p0|f40|b50,D,false,0,0,0,false,true,false,0,0,0,false,true,false,0,false,""
P2|N24|D|UNIFORM|d100|p0|f60|b0,D,false,0,0,0,false,false,false,0,0,0,false,false,false,0,false,""
P2|N24|D|UNIFORM|d100|p0|f60|b10,D,false,0,0,0,false,false,false,0,0,0,false,false,false,0,false,""
P2|N24|D|UNIFORM|d100|p0|f60|b25,D,false,0,0,0,false,true,false,0,0,0,false,true,false,0,false,""
P2|N24|D|UNIFORM|d100|p0|f60|b50,D,false,0,0,0,false,true,false,0,0,0,false,true,false,0,false,""
P2|N24|D|UNIFORM|d100|p0|f80|b0,D,false,0,0,0,false,false,false,0,0,0,false,false,false,0,false,""
P2|N24|D|UNIFORM|d100|p0|f80|b10,D,false,0,0,0,false,false,false,0,0,0,false,false,false,0,false,""
P2|N24|D|UNIFORM|d100|p0|f80|b25,D,false,0,0,0,false,true,false,0,0,0,false,true,false,0,false,""
P2|N24|D|UNIFORM|d100|p0|f80|b50,D,false,0,0,0,false,true,false,0,0,0,false,true,false,0,false,""
P2|N24|D|WORK|d75|p0|f20|b0,D,false,0,0,0,false,false,false,0,0,0,false,false,false,0,false,""
P2|N24|D|WORK|d75|p0|f20|b10,D,false,0,0,0,false,false,false,0,0,0,false,false,false,0,false,""
P2|N24|D|WORK|d75|p0|f20|b25,D,true,0,2,0,true,false,true,0,2,0,true,false,true,2,false,"MATERIAL_DEDICATED C3A1T1I3F0(3,3,3,0)[1700,47,INSPECT] vs C2A1T1I4F0(2,3,4,0)[1800,46,CUT] surplusEffect=3 threshold=3"
P2|N24|D|WORK|d75|p0|f20|b50,D,true,0,2,1,true,false,true,0,2,1,true,false,true,2,false,"MATERIAL_DEDICATED C3A1T1I3F0(3,3,3,0)[1700,47,INSPECT] vs C2A1T1I4F0(2,3,4,0)[1800,46,CUT] surplusEffect=3 threshold=3"
P2|N24|D|WORK|d75|p0|f40|b0,D,false,0,0,0,false,false,false,0,0,0,false,false,false,0,false,""
P2|N24|D|WORK|d75|p0|f40|b10,D,false,0,0,0,false,false,false,0,0,0,false,false,false,0,false,""
P2|N24|D|WORK|d75|p0|f40|b25,D,false,0,0,0,false,true,false,0,0,0,false,true,false,0,false,""
P2|N24|D|WORK|d75|p0|f40|b50,D,false,0,0,0,false,true,false,0,0,0,false,true,false,0,false,""
P2|N24|D|WORK|d75|p0|f60|b0,D,false,0,0,0,false,false,false,0,0,0,false,false,false,0,false,""
P2|N24|D|WORK|d75|p0|f60|b10,D,false,0,0,0,false,false,false,0,0,0,false,false,false,0,false,""
P2|N24|D|WORK|d75|p0|f60|b25,D,false,0,0,0,false,true,false,0,0,0,false,true,false,0,false,""
P2|N24|D|WORK|d75|p0|f60|b50,D,false,0,0,0,false,true,false,0,0,0,false,true,false,0,false,""
P2|N24|D|WORK|d75|p0|f80|b0,D,false,0,0,0,false,false,false,0,0,0,false,false,false,0,false,""
P2|N24|D|WORK|d75|p0|f80|b10,D,false,0,0,0,false,false,false,0,0,0,false,false,false,0,false,""
P2|N24|D|WORK|d75|p0|f80|b25,D,false,0,0,0,false,true,false,0,0,0,false,true,false,0,false,""
P2|N24|D|WORK|d75|p0|f80|b50,D,false,0,0,0,false,true,false,0,0,0,false,true,false,0,false,""
P2|N24|D|WORK|d90|p0|f20|b0,D,false,0,0,0,false,false,false,0,0,0,false,false,false,0,false,""
P2|N24|D|WORK|d90|p0|f20|b10,D,false,0,0,0,false,false,false,0,0,0,false,false,false,0,false,""
P2|N24|D|WORK|d90|p0|f20|b25,D,true,0,1,0,true,false,true,0,1,0,true,false,true,1,false,"MATERIAL_DEDICATED C3A1T1I3F0(3,3,3,0)[1760,47,INSPECT] vs C2A1T1I4F0(2,3,4,0)[1860,46,CUT] surplusEffect=3 threshold=3"
P2|N24|D|WORK|d90|p0|f20|b50,D,true,0,1,0,true,false,true,0,1,0,true,false,true,1,false,"MATERIAL_DEDICATED C3A1T1I3F0(3,3,3,0)[1760,47,INSPECT] vs C2A1T1I4F0(2,3,4,0)[1860,46,CUT] surplusEffect=3 threshold=3"
P2|N24|D|WORK|d90|p0|f40|b0,D,false,0,0,0,false,false,false,0,0,0,false,false,false,0,false,""
P2|N24|D|WORK|d90|p0|f40|b10,D,false,0,0,0,false,false,false,0,0,0,false,false,false,0,false,""
P2|N24|D|WORK|d90|p0|f40|b25,D,false,0,0,0,false,true,false,0,0,0,false,true,false,0,false,""
P2|N24|D|WORK|d90|p0|f40|b50,D,false,0,0,0,false,true,false,0,0,0,false,true,false,0,false,""
P2|N24|D|WORK|d90|p0|f60|b0,D,false,0,0,0,false,false,false,0,0,0,false,false,false,0,false,""
P2|N24|D|WORK|d90|p0|f60|b10,D,false,0,0,0,false,false,false,0,0,0,false,false,false,0,false,""
P2|N24|D|WORK|d90|p0|f60|b25,D,false,0,0,0,false,true,false,0,0,0,false,true,false,0,false,""
P2|N24|D|WORK|d90|p0|f60|b50,D,false,0,0,0,false,true,false,0,0,0,false,true,false,0,false,""
P2|N24|D|WORK|d90|p0|f80|b0,D,false,0,0,0,false,false,false,0,0,0,false,false,false,0,false,""
P2|N24|D|WORK|d90|p0|f80|b10,D,false,0,0,0,false,false,false,0,0,0,false,false,false,0,false,""
P2|N24|D|WORK|d90|p0|f80|b25,D,false,0,0,0,false,true,false,0,0,0,false,true,false,0,false,""
P2|N24|D|WORK|d90|p0|f80|b50,D,false,0,0,0,false,true,false,0,0,0,false,true,false,0,false,""
P2|N24|D|WORK|d100|p0|f20|b0,D,false,0,0,0,false,false,false,0,0,0,false,false,false,0,false,""
P2|N24|D|WORK|d100|p0|f20|b10,D,false,0,0,0,false,false,false,0,0,0,false,false,false,0,false,""
P2|N24|D|WORK|d100|p0|f20|b25,D,true,0,4,0,true,false,true,0,4,0,true,false,true,4,false,"MATERIAL_DEDICATED C3A1T1I3F0(3,3,3,0)[1800,47,INSPECT] vs C2A1T1I4F0(2,3,4,0)[1900,46,CUT] surplusEffect=3 threshold=3"
P2|N24|D|WORK|d100|p0|f20|b50,D,true,0,4,0,true,false,true,0,4,0,true,false,true,4,false,"MATERIAL_DEDICATED C3A1T1I3F0(3,3,3,0)[1800,47,INSPECT] vs C2A1T1I4F0(2,3,4,0)[1900,46,CUT] surplusEffect=3 threshold=3"
P2|N24|D|WORK|d100|p0|f40|b0,D,false,0,0,0,false,false,false,0,0,0,false,false,false,0,false,""
P2|N24|D|WORK|d100|p0|f40|b10,D,false,0,0,0,false,false,false,0,0,0,false,false,false,0,false,""
P2|N24|D|WORK|d100|p0|f40|b25,D,false,0,0,0,false,true,false,0,0,0,false,true,false,0,false,""
P2|N24|D|WORK|d100|p0|f40|b50,D,false,0,0,0,false,true,false,0,0,0,false,true,false,0,false,""
P2|N24|D|WORK|d100|p0|f60|b0,D,false,0,0,0,false,false,false,0,0,0,false,false,false,0,false,""
P2|N24|D|WORK|d100|p0|f60|b10,D,false,0,0,0,false,false,false,0,0,0,false,false,false,0,false,""
P2|N24|D|WORK|d100|p0|f60|b25,D,false,0,0,0,false,true,false,0,0,0,false,true,false,0,false,""
P2|N24|D|WORK|d100|p0|f60|b50,D,false,0,0,0,false,true,false,0,0,0,false,true,false,0,false,""
P2|N24|D|WORK|d100|p0|f80|b0,D,false,0,0,0,false,false,false,0,0,0,false,false,false,0,false,""
P2|N24|D|WORK|d100|p0|f80|b10,D,false,0,0,0,false,false,false,0,0,0,false,false,false,0,false,""
P2|N24|D|WORK|d100|p0|f80|b25,D,false,0,0,0,false,true,false,0,0,0,false,true,false,0,false,""
P2|N24|D|WORK|d100|p0|f80|b50,D,false,0,0,0,false,true,false,0,0,0,false,true,false,0,false,""
P2|N24|F|UNIFORM|d75|p100|f20|b0,F,false,0,0,0,false,false,false,0,0,0,false,false,false,0,false,""
P2|N24|F|UNIFORM|d75|p100|f20|b10,F,false,0,0,0,false,false,false,0,0,0,false,false,false,0,false,""
P2|N24|F|UNIFORM|d75|p100|f20|b25,F,true,5,1,0,true,false,true,1,1,0,true,false,true,0,false,"POOLING C2A0T1I2F2(2,2,2,2)[750,47,CUT|ASSEMBLE+INSPECT] vs C2A1T1I1F3(2,3,1,3)[850,45,CUT]"
P2|N24|F|UNIFORM|d75|p100|f20|b50,F,true,26,3,1,true,false,true,4,1,0,true,false,true,0,false,"POOLING C2A0T1I2F2(2,2,2,2)[750,47,CUT|ASSEMBLE+INSPECT] vs C2A1T1I1F3(2,3,1,3)[850,45,CUT]"
P2|N24|F|UNIFORM|d75|p100|f40|b0,F,false,0,0,0,false,false,false,0,0,0,false,false,false,0,false,""
P2|N24|F|UNIFORM|d75|p100|f40|b10,F,true,2,0,0,true,true,true,1,0,0,true,true,true,1,true,"POOLING C2A0T1I2F0(2,2,2,0)[550,67,INSPECT] vs C2A1T0I0F3(2,1,0,3)[600,62,ASSEMBLE+INSPECT]"
P2|N24|F|UNIFORM|d75|p100|f40|b25,F,true,4,0,0,true,true,true,2,0,0,true,true,true,2,true,"POOLING C2A0T1I2F0(2,2,2,0)[550,67,INSPECT] vs C2A1T0I0F3(2,1,0,3)[600,62,ASSEMBLE+INSPECT]"
P2|N24|F|UNIFORM|d75|p100|f40|b50,F,true,12,0,0,true,true,true,6,0,0,true,true,true,4,true,"POOLING C2A0T1I2F0(2,2,2,0)[550,67,INSPECT] vs C2A1T0I0F3(2,1,0,3)[600,62,ASSEMBLE+INSPECT]"
P2|N24|F|UNIFORM|d75|p100|f60|b0,F,false,0,0,0,false,false,false,0,0,0,false,false,false,0,false,""
P2|N24|F|UNIFORM|d75|p100|f60|b10,F,false,0,0,0,false,false,false,0,0,0,false,false,false,0,false,""
P2|N24|F|UNIFORM|d75|p100|f60|b25,F,false,0,0,0,false,false,false,0,0,0,false,false,false,0,false,""
P2|N24|F|UNIFORM|d75|p100|f60|b50,F,true,6,0,0,true,false,true,5,0,0,true,false,true,5,false,"POOLING C1A0T0I0F3(1,0,0,3)[400,81,CUT|ASSEMBLE+INSPECT] vs C2A0T1I2F0(2,2,2,0)[550,67,INSPECT]"
P2|N24|F|UNIFORM|d75|p100|f80|b0,F,false,0,0,0,false,false,false,0,0,0,false,false,false,0,false,""
P2|N24|F|UNIFORM|d75|p100|f80|b10,F,false,0,0,0,false,false,false,0,0,0,false,false,false,0,false,""
P2|N24|F|UNIFORM|d75|p100|f80|b25,F,false,0,0,0,false,false,false,0,0,0,false,false,false,0,false,""
P2|N24|F|UNIFORM|d75|p100|f80|b50,F,true,6,0,0,true,false,true,5,0,0,true,false,true,5,false,"POOLING C1A0T0I0F3(1,0,0,3)[400,81,CUT|ASSEMBLE+INSPECT] vs C2A0T1I2F0(2,2,2,0)[550,67,INSPECT]"
P2|N24|F|UNIFORM|d75|p125|f20|b0,F,false,0,0,0,false,false,false,0,0,0,false,false,false,0,false,""
P2|N24|F|UNIFORM|d75|p125|f20|b10,F,true,1,0,0,true,false,false,0,0,0,false,false,false,0,false,"POOLING C2A0T1I3F1(2,2,3,1)[775,47,CUT|ASSEMBLE+INSPECT] vs C2A1T1I4F0(2,3,4,0)[850,46,CUT]"
P2|N24|F|UNIFORM|d75|p125|f20|b25,F,true,5,0,1,true,false,true,4,0,1,true,false,true,2,false,"POOLING C2A0T1I3F1(2,2,3,1)[775,47,CUT|ASSEMBLE+INSPECT] vs C2A1T1I4F0(2,3,4,0)[850,46,CUT]"
P2|N24|F|UNIFORM|d75|p125|f20|b50,F,true,24,0,2,true,false,true,30,0,1,true,false,true,8,false,"POOLING C2A0T1I3F1(2,2,3,1)[775,47,CUT|ASSEMBLE+INSPECT] vs C2A1T1I4F0(2,3,4,0)[850,46,CUT]"
P2|N24|F|UNIFORM|d75|p125|f40|b0,F,false,0,0,0,false,false,false,0,0,0,false,false,false,0,false,""
P2|N24|F|UNIFORM|d75|p125|f40|b10,F,false,0,0,0,false,false,false,0,0,0,false,false,false,0,false,""
P2|N24|F|UNIFORM|d75|p125|f40|b25,F,true,1,0,0,true,true,true,1,0,0,true,true,true,1,true,"POOLING C2A0T1I3F0(2,2,3,0)[650,57,ASSEMBLE] vs C2A0T1I2F1(2,2,2,1)[675,53,ASSEMBLE+INSPECT]"
P2|N24|F|UNIFORM|d75|p125|f40|b50,F,true,3,0,0,true,true,true,5,0,0,true,true,true,3,true,"POOLING C2A0T1I3F0(2,2,3,0)[650,57,ASSEMBLE] vs C2A0T1I2F1(2,2,2,1)[675,53,ASSEMBLE+INSPECT]"
P2|N24|F|UNIFORM|d75|p125|f60|b0,F,false,0,0,0,false,false,false,0,0,0,false,false,false,0,false,""
P2|N24|F|UNIFORM|d75|p125|f60|b10,F,true,1,0,0,true,false,true,1,0,0,true,false,true,1,false,"POOLING C1A1T0I1F1(1,1,1,1)[425,84,CUT|ASSEMBLE+INSPECT] vs C1A0T1I2F0(1,2,2,0)[450,81,CUT]"
P2|N24|F|UNIFORM|d75|p125|f60|b25,F,true,1,0,0,true,false,true,1,0,0,true,false,true,1,false,"POOLING C1A1T0I1F1(1,1,1,1)[425,84,CUT|ASSEMBLE+INSPECT] vs C1A0T1I2F0(1,2,2,0)[450,81,CUT]"
P2|N24|F|UNIFORM|d75|p125|f60|b50,F,true,2,0,0,true,false,true,2,0,0,true,false,true,2,false,"POOLING C1A1T0I1F1(1,1,1,1)[425,84,CUT|ASSEMBLE+INSPECT] vs C1A0T1I2F0(1,2,2,0)[450,81,CUT]"
P2|N24|F|UNIFORM|d75|p125|f80|b0,F,false,0,0,0,false,false,false,0,0,0,false,false,false,0,false,""
P2|N24|F|UNIFORM|d75|p125|f80|b10,F,true,1,0,0,true,true,true,1,0,0,true,true,true,1,true,"POOLING C1A1T0I2F0(1,1,2,0)[400,104,ASSEMBLE] vs C1A1T0I1F1(1,1,1,1)[425,84,CUT|ASSEMBLE+INSPECT]"
P2|N24|F|UNIFORM|d75|p125|f80|b25,F,true,2,0,0,true,true,true,2,0,0,true,true,true,2,true,"POOLING C1A1T0I2F0(1,1,2,0)[400,104,ASSEMBLE] vs C1A1T0I1F1(1,1,1,1)[425,84,CUT|ASSEMBLE+INSPECT]"
P2|N24|F|UNIFORM|d75|p125|f80|b50,F,true,3,0,0,true,true,true,3,0,0,true,true,true,3,true,"POOLING C1A1T0I2F0(1,1,2,0)[400,104,ASSEMBLE] vs C1A1T0I1F1(1,1,1,1)[425,84,CUT|ASSEMBLE+INSPECT]"
P2|N24|F|UNIFORM|d75|p150|f20|b0,F,false,0,0,0,false,false,false,0,0,0,false,false,false,0,false,""
P2|N24|F|UNIFORM|d75|p150|f20|b10,F,true,1,0,0,true,false,true,1,0,0,true,false,true,1,false,"POOLING C2A0T1I3F1(2,2,3,1)[800,47,CUT|ASSEMBLE+INSPECT] vs C2A1T1I4F0(2,3,4,0)[850,46,CUT]"
P2|N24|F|UNIFORM|d75|p150|f20|b25,F,true,4,0,1,true,false,true,7,0,1,true,false,true,4,false,"POOLING C2A0T1I3F1(2,2,3,1)[800,47,CUT|ASSEMBLE+INSPECT] vs C2A1T1I4F0(2,3,4,0)[850,46,CUT]"
P2|N24|F|UNIFORM|d75|p150|f20|b50,F,true,8,0,1,true,false,true,20,0,1,true,false,true,5,false,"POOLING C2A0T1I3F1(2,2,3,1)[800,47,CUT|ASSEMBLE+INSPECT] vs C2A1T1I4F0(2,3,4,0)[850,46,CUT]"
P2|N24|F|UNIFORM|d75|p150|f40|b0,F,false,0,0,0,false,false,false,0,0,0,false,false,false,0,false,""
P2|N24|F|UNIFORM|d75|p150|f40|b10,F,false,0,0,0,false,false,false,0,0,0,false,false,false,0,false,""
P2|N24|F|UNIFORM|d75|p150|f40|b25,F,false,0,0,0,false,true,false,0,0,0,false,true,false,0,false,""
P2|N24|F|UNIFORM|d75|p150|f40|b50,F,true,3,0,0,true,true,true,3,0,0,true,true,true,3,true,"POOLING C2A0T1I3F0(2,2,3,0)[650,57,ASSEMBLE] vs C2A0T1I2F1(2,2,2,1)[700,53,ASSEMBLE+INSPECT]"
P2|N24|F|UNIFORM|d75|p150|f60|b0,F,false,0,0,0,false,false,false,0,0,0,false,false,false,0,false,""
P2|N24|F|UNIFORM|d75|p150|f60|b10,F,false,0,0,0,false,false,false,0,0,0,false,false,false,0,false,""
P2|N24|F|UNIFORM|d75|p150|f60|b25,F,false,0,0,0,false,true,false,0,0,0,false,true,false,0,false,""
P2|N24|F|UNIFORM|d75|p150|f60|b50,F,false,0,0,0,false,true,false,0,0,0,false,true,false,0,false,""
P2|N24|F|UNIFORM|d75|p150|f80|b0,F,false,0,0,0,false,false,false,0,0,0,false,false,false,0,false,""
P2|N24|F|UNIFORM|d75|p150|f80|b10,F,false,0,0,0,false,false,false,0,0,0,false,false,false,0,false,""
P2|N24|F|UNIFORM|d75|p150|f80|b25,F,false,0,0,0,false,true,false,0,0,0,false,true,false,0,false,""
P2|N24|F|UNIFORM|d75|p150|f80|b50,F,false,0,0,0,false,true,false,0,0,0,false,true,false,0,false,""
P2|N24|F|UNIFORM|d75|p200|f20|b0,F,false,0,0,0,false,false,false,0,0,0,false,false,false,0,false,""
P2|N24|F|UNIFORM|d75|p200|f20|b10,F,false,0,0,0,false,true,false,0,0,0,false,true,false,0,false,""
P2|N24|F|UNIFORM|d75|p200|f20|b25,F,true,0,0,1,false,true,true,0,0,1,false,true,false,0,false,""
P2|N24|F|UNIFORM|d75|p200|f20|b50,F,true,1,0,1,true,true,true,0,0,1,false,true,false,0,false,"POOLING C4A0T2I4F0(4,4,4,0)[1100,37,INSPECT] vs C3A0T2I4F1(3,4,4,1)[1200,35,CUT|ASSEMBLE+INSPECT]"
P2|N24|F|UNIFORM|d75|p200|f40|b0,F,false,0,0,0,false,false,false,0,0,0,false,false,false,0,false,""
P2|N24|F|UNIFORM|d75|p200|f40|b10,F,false,0,0,0,false,false,false,0,0,0,false,false,false,0,false,""
P2|N24|F|UNIFORM|d75|p200|f40|b25,F,false,0,0,0,false,true,false,0,0,0,false,true,false,0,false,""
P2|N24|F|UNIFORM|d75|p200|f40|b50,F,false,0,0,0,false,true,false,0,0,0,false,true,false,0,false,""
P2|N24|F|UNIFORM|d75|p200|f60|b0,F,false,0,0,0,false,false,false,0,0,0,false,false,false,0,false,""
P2|N24|F|UNIFORM|d75|p200|f60|b10,F,false,0,0,0,false,false,false,0,0,0,false,false,false,0,false,""
P2|N24|F|UNIFORM|d75|p200|f60|b25,F,false,0,0,0,false,true,false,0,0,0,false,true,false,0,false,""
P2|N24|F|UNIFORM|d75|p200|f60|b50,F,false,0,0,0,false,true,false,0,0,0,false,true,false,0,false,""
P2|N24|F|UNIFORM|d75|p200|f80|b0,F,false,0,0,0,false,false,false,0,0,0,false,false,false,0,false,""
P2|N24|F|UNIFORM|d75|p200|f80|b10,F,false,0,0,0,false,false,false,0,0,0,false,false,false,0,false,""
P2|N24|F|UNIFORM|d75|p200|f80|b25,F,false,0,0,0,false,true,false,0,0,0,false,true,false,0,false,""
P2|N24|F|UNIFORM|d75|p200|f80|b50,F,false,0,0,0,false,true,false,0,0,0,false,true,false,0,false,""
P2|N24|F|UNIFORM|d90|p100|f20|b0,F,false,0,0,0,false,false,false,0,0,0,false,false,false,0,false,""
P2|N24|F|UNIFORM|d90|p100|f20|b10,F,false,0,0,0,false,false,false,0,0,0,false,false,false,0,false,""
P2|N24|F|UNIFORM|d90|p100|f20|b25,F,true,5,1,0,true,false,true,1,1,0,true,false,true,0,false,"POOLING C2A0T1I2F2(2,2,2,2)[780,47,CUT|ASSEMBLE+INSPECT] vs C2A1T1I1F3(2,3,1,3)[880,45,CUT]"
P2|N24|F|UNIFORM|d90|p100|f20|b50,F,true,26,3,1,true,false,true,4,1,0,true,false,true,0,false,"POOLING C2A0T1I2F2(2,2,2,2)[780,47,CUT|ASSEMBLE+INSPECT] vs C2A1T1I1F3(2,3,1,3)[880,45,CUT]"
P2|N24|F|UNIFORM|d90|p100|f40|b0,F,false,0,0,0,false,false,false,0,0,0,false,false,false,0,false,""
P2|N24|F|UNIFORM|d90|p100|f40|b10,F,true,2,0,0,true,true,true,1,0,0,true,true,true,1,true,"POOLING C2A0T1I2F0(2,2,2,0)[580,67,INSPECT] vs C2A1T0I0F3(2,1,0,3)[600,62,ASSEMBLE+INSPECT]"
P2|N24|F|UNIFORM|d90|p100|f40|b25,F,true,5,0,0,true,true,true,3,0,0,true,true,true,3,true,"POOLING C2A0T1I2F0(2,2,2,0)[580,67,INSPECT] vs C2A1T0I0F3(2,1,0,3)[600,62,ASSEMBLE+INSPECT]"
P2|N24|F|UNIFORM|d90|p100|f40|b50,F,true,12,0,0,true,true,true,6,0,0,true,true,true,4,true,"POOLING C2A0T1I2F0(2,2,2,0)[580,67,INSPECT] vs C2A1T0I0F3(2,1,0,3)[600,62,ASSEMBLE+INSPECT]"
P2|N24|F|UNIFORM|d90|p100|f60|b0,F,false,0,0,0,false,false,false,0,0,0,false,false,false,0,false,""
P2|N24|F|UNIFORM|d90|p100|f60|b10,F,false,0,0,0,false,false,false,0,0,0,false,false,false,0,false,""
P2|N24|F|UNIFORM|d90|p100|f60|b25,F,false,0,0,0,false,false,false,0,0,0,false,false,false,0,false,""
P2|N24|F|UNIFORM|d90|p100|f60|b50,F,true,6,0,0,true,false,true,5,0,0,true,false,true,5,false,"POOLING C1A0T0I0F3(1,0,0,3)[400,81,CUT|ASSEMBLE+INSPECT] vs C2A0T1I2F0(2,2,2,0)[580,67,INSPECT]"
P2|N24|F|UNIFORM|d90|p100|f80|b0,F,false,0,0,0,false,false,false,0,0,0,false,false,false,0,false,""
P2|N24|F|UNIFORM|d90|p100|f80|b10,F,false,0,0,0,false,false,false,0,0,0,false,false,false,0,false,""
P2|N24|F|UNIFORM|d90|p100|f80|b25,F,false,0,0,0,false,false,false,0,0,0,false,false,false,0,false,""
P2|N24|F|UNIFORM|d90|p100|f80|b50,F,true,6,0,0,true,false,true,5,0,0,true,false,true,5,false,"POOLING C1A0T0I0F3(1,0,0,3)[400,81,CUT|ASSEMBLE+INSPECT] vs C2A0T1I2F0(2,2,2,0)[580,67,INSPECT]"
P2|N24|F|UNIFORM|d90|p125|f20|b0,F,false,0,0,0,false,false,false,0,0,0,false,false,false,0,false,""
P2|N24|F|UNIFORM|d90|p125|f20|b10,F,false,0,0,0,false,false,false,0,0,0,false,false,false,0,false,""
P2|N24|F|UNIFORM|d90|p125|f20|b25,F,true,5,0,0,true,false,true,11,0,1,true,false,true,1,false,"POOLING C2A0T1I3F1(2,2,3,1)[805,47,CUT|ASSEMBLE+INSPECT] vs C2A1T1I2F2(2,3,2,2)[930,45,CUT]"
P2|N24|F|UNIFORM|d90|p125|f20|b50,F,true,18,0,1,true,false,true,27,0,1,true,false,true,3,false,"POOLING C2A0T1I3F1(2,2,3,1)[805,47,CUT|ASSEMBLE+INSPECT] vs C2A1T1I2F2(2,3,2,2)[930,45,CUT]"
P2|N24|F|UNIFORM|d90|p125|f40|b0,F,false,0,0,0,false,false,false,0,0,0,false,false,false,0,false,""
P2|N24|F|UNIFORM|d90|p125|f40|b10,F,false,0,0,0,false,false,false,0,0,0,false,false,false,0,false,""
P2|N24|F|UNIFORM|d90|p125|f40|b25,F,true,4,0,0,true,true,true,4,0,0,true,true,true,4,true,"POOLING C2A0T1I2F0(2,2,2,0)[580,67,INSPECT] vs C2A1T0I1F2(2,1,1,2)[650,62,ASSEMBLE+INSPECT]"
P2|N24|F|UNIFORM|d90|p125|f40|b50,F,true,12,0,0,true,true,true,15,0,0,true,true,true,12,true,"POOLING C2A0T1I2F0(2,2,2,0)[580,67,INSPECT] vs C2A1T0I1F2(2,1,1,2)[650,62,ASSEMBLE+INSPECT]"
P2|N24|F|UNIFORM|d90|p125|f60|b0,F,false,0,0,0,false,false,false,0,0,0,false,false,false,0,false,""
P2|N24|F|UNIFORM|d90|p125|f60|b10,F,false,0,0,0,false,false,false,0,0,0,false,false,false,0,false,""
P2|N24|F|UNIFORM|d90|p125|f60|b25,F,false,0,0,0,false,false,false,0,0,0,false,false,false,0,false,""
P2|N24|F|UNIFORM|d90|p125|f60|b50,F,true,6,0,0,true,false,true,6,0,0,true,false,true,6,false,"POOLING C1A1T0I1F1(1,1,1,1)[425,84,CUT|ASSEMBLE+INSPECT] vs C2A0T0I0F3(2,0,0,3)[575,78,ASSEMBLE+INSPECT]"
P2|N24|F|UNIFORM|d90|p125|f80|b0,F,false,0,0,0,false,false,false,0,0,0,false,false,false,0,false,""
P2|N24|F|UNIFORM|d90|p125|f80|b10,F,true,1,0,0,true,true,true,1,0,0,true,true,true,1,true,"POOLING C1A1T0I2F0(1,1,2,0)[400,104,ASSEMBLE] vs C1A1T0I1F1(1,1,1,1)[425,84,CUT|ASSEMBLE+INSPECT]"
P2|N24|F|UNIFORM|d90|p125|f80|b25,F,true,3,0,0,true,true,true,3,0,0,true,true,true,3,true,"POOLING C1A1T0I2F0(1,1,2,0)[400,104,ASSEMBLE] vs C1A1T0I1F1(1,1,1,1)[425,84,CUT|ASSEMBLE+INSPECT]"
P2|N24|F|UNIFORM|d90|p125|f80|b50,F,true,10,0,0,true,true,true,10,0,0,true,true,true,10,true,"POOLING C1A1T0I2F0(1,1,2,0)[400,104,ASSEMBLE] vs C1A1T0I1F1(1,1,1,1)[425,84,CUT|ASSEMBLE+INSPECT]"
P2|N24|F|UNIFORM|d90|p150|f20|b0,F,false,0,0,0,false,false,false,0,0,0,false,false,false,0,false,""
P2|N24|F|UNIFORM|d90|p150|f20|b10,F,true,1,0,0,true,false,true,1,0,0,true,false,true,1,false,"POOLING C2A0T1I3F1(2,2,3,1)[830,47,CUT|ASSEMBLE+INSPECT] vs C2A1T1I4F0(2,3,4,0)[880,46,CUT]"
P2|N24|F|UNIFORM|d90|p150|f20|b25,F,true,3,0,1,true,false,true,8,0,1,true,false,true,3,false,"POOLING C2A0T1I3F1(2,2,3,1)[830,47,CUT|ASSEMBLE+INSPECT] vs C2A1T1I4F0(2,3,4,0)[880,46,CUT]"
P2|N24|F|UNIFORM|d90|p150|f20|b50,F,true,6,0,1,true,false,true,24,0,1,true,false,true,6,false,"POOLING C2A0T1I3F1(2,2,3,1)[830,47,CUT|ASSEMBLE+INSPECT] vs C2A1T1I4F0(2,3,4,0)[880,46,CUT]"
P2|N24|F|UNIFORM|d90|p150|f40|b0,F,false,0,0,0,false,false,false,0,0,0,false,false,false,0,false,""
P2|N24|F|UNIFORM|d90|p150|f40|b10,F,false,0,0,0,false,false,false,0,0,0,false,false,false,0,false,""
P2|N24|F|UNIFORM|d90|p150|f40|b25,F,false,0,0,0,false,true,false,0,0,0,false,true,false,0,false,""
P2|N24|F|UNIFORM|d90|p150|f40|b50,F,true,3,0,0,true,true,true,3,0,0,true,true,true,3,true,"POOLING C2A0T1I3F0(2,2,3,0)[680,57,ASSEMBLE] vs C2A0T1I2F1(2,2,2,1)[730,53,ASSEMBLE+INSPECT]"
P2|N24|F|UNIFORM|d90|p150|f60|b0,F,false,0,0,0,false,false,false,0,0,0,false,false,false,0,false,""
P2|N24|F|UNIFORM|d90|p150|f60|b10,F,true,1,0,0,true,false,true,1,0,0,true,false,true,1,false,"POOLING C1A1T0I1F1(1,1,1,1)[450,84,CUT|ASSEMBLE+INSPECT] vs C1A0T1I2F0(1,2,2,0)[480,81,CUT]"
P2|N24|F|UNIFORM|d90|p150|f60|b25,F,true,1,0,0,true,false,true,1,0,0,true,false,true,1,false,"POOLING C1A1T0I1F1(1,1,1,1)[450,84,CUT|ASSEMBLE+INSPECT] vs C1A0T1I2F0(1,2,2,0)[480,81,CUT]"
P2|N24|F|UNIFORM|d90|p150|f60|b50,F,true,2,0,0,true,false,true,2,0,0,true,false,true,2,false,"POOLING C1A1T0I1F1(1,1,1,1)[450,84,CUT|ASSEMBLE+INSPECT] vs C1A0T1I2F0(1,2,2,0)[480,81,CUT]"
P2|N24|F|UNIFORM|d90|p150|f80|b0,F,false,0,0,0,false,false,false,0,0,0,false,false,false,0,false,""
P2|N24|F|UNIFORM|d90|p150|f80|b10,F,false,0,0,0,false,false,false,0,0,0,false,false,false,0,false,""
P2|N24|F|UNIFORM|d90|p150|f80|b25,F,true,2,0,0,true,true,true,2,0,0,true,true,true,2,true,"POOLING C1A1T0I2F0(1,1,2,0)[400,104,ASSEMBLE] vs C1A1T0I1F1(1,1,1,1)[450,84,CUT|ASSEMBLE+INSPECT]"
P2|N24|F|UNIFORM|d90|p150|f80|b50,F,true,3,0,0,true,true,true,3,0,0,true,true,true,3,true,"POOLING C1A1T0I2F0(1,1,2,0)[400,104,ASSEMBLE] vs C1A1T0I1F1(1,1,1,1)[450,84,CUT|ASSEMBLE+INSPECT]"
P2|N24|F|UNIFORM|d90|p200|f20|b0,F,false,0,0,0,false,false,false,0,0,0,false,false,false,0,false,""
P2|N24|F|UNIFORM|d90|p200|f20|b10,F,false,0,0,0,false,true,false,0,0,0,false,true,false,0,false,""
P2|N24|F|UNIFORM|d90|p200|f20|b25,F,true,0,0,1,false,true,true,0,0,1,false,true,false,0,false,""
P2|N24|F|UNIFORM|d90|p200|f20|b50,F,true,1,0,1,true,true,true,0,0,1,false,true,false,0,false,"POOLING C4A0T2I4F0(4,4,4,0)[1160,37,INSPECT] vs C3A0T2I4F1(3,4,4,1)[1260,35,CUT|ASSEMBLE+INSPECT]"
P2|N24|F|UNIFORM|d90|p200|f40|b0,F,false,0,0,0,false,false,false,0,0,0,false,false,false,0,false,""
P2|N24|F|UNIFORM|d90|p200|f40|b10,F,false,0,0,0,false,false,false,0,0,0,false,false,false,0,false,""
P2|N24|F|UNIFORM|d90|p200|f40|b25,F,false,0,0,0,false,true,false,0,0,0,false,true,false,0,false,""
P2|N24|F|UNIFORM|d90|p200|f40|b50,F,false,0,0,0,false,true,false,0,0,0,false,true,false,0,false,""
P2|N24|F|UNIFORM|d90|p200|f60|b0,F,false,0,0,0,false,false,false,0,0,0,false,false,false,0,false,""
P2|N24|F|UNIFORM|d90|p200|f60|b10,F,false,0,0,0,false,false,false,0,0,0,false,false,false,0,false,""
P2|N24|F|UNIFORM|d90|p200|f60|b25,F,false,0,0,0,false,true,false,0,0,0,false,true,false,0,false,""
P2|N24|F|UNIFORM|d90|p200|f60|b50,F,false,0,0,0,false,true,false,0,0,0,false,true,false,0,false,""
P2|N24|F|UNIFORM|d90|p200|f80|b0,F,false,0,0,0,false,false,false,0,0,0,false,false,false,0,false,""
P2|N24|F|UNIFORM|d90|p200|f80|b10,F,false,0,0,0,false,false,false,0,0,0,false,false,false,0,false,""
P2|N24|F|UNIFORM|d90|p200|f80|b25,F,false,0,0,0,false,true,false,0,0,0,false,true,false,0,false,""
P2|N24|F|UNIFORM|d90|p200|f80|b50,F,false,0,0,0,false,true,false,0,0,0,false,true,false,0,false,""
P2|N24|F|UNIFORM|d100|p100|f20|b0,F,false,0,0,0,false,false,false,0,0,0,false,false,false,0,false,""
P2|N24|F|UNIFORM|d100|p100|f20|b10,F,false,0,0,0,false,false,false,0,0,0,false,false,false,0,false,""
P2|N24|F|UNIFORM|d100|p100|f20|b25,F,true,6,6,0,true,false,true,8,2,0,true,false,true,0,false,"MATERIAL_DEDICATED C2A1T0I2F3(2,1,2,3)[800,46,CUT|ASSEMBLE+INSPECT] vs C2A1T1I1F3(2,3,1,3)[900,45,CUT] surplusEffect=6 threshold=3"
P2|N24|F|UNIFORM|d100|p100|f20|b50,F,true,52,16,6,true,false,true,26,6,0,true,false,true,0,false,"MATERIAL_DEDICATED C2A1T0I2F3(2,1,2,3)[800,46,CUT|ASSEMBLE+INSPECT] vs C2A1T1I1F3(2,3,1,3)[900,45,CUT] surplusEffect=6 threshold=3"
P2|N24|F|UNIFORM|d100|p100|f40|b0,F,false,0,0,0,false,false,false,0,0,0,false,false,false,0,false,""
P2|N24|F|UNIFORM|d100|p100|f40|b10,F,false,0,0,0,false,false,false,0,0,0,false,false,false,0,false,""
P2|N24|F|UNIFORM|d100|p100|f40|b25,F,false,0,0,0,false,true,false,0,0,0,false,true,false,0,false,""
P2|N24|F|UNIFORM|d100|p100|f40|b50,F,true,6,2,0,true,true,true,4,2,0,true,true,true,0,true,"POOLING C2A1T0I0F3(2,1,0,3)[600,62,ASSEMBLE+INSPECT] vs C2A1T1I2F2(2,3,2,2)[900,45,CUT]"
P2|N24|F|UNIFORM|d100|p100|f60|b0,F,false,0,0,0,false,false,false,0,0,0,false,false,false,0,false,""
P2|N24|F|UNIFORM|d100|p100|f60|b10,F,false,0,0,0,false,false,false,0,0,0,false,false,false,0,false,""
P2|N24|F|UNIFORM|d100|p100|f60|b25,F,false,0,0,0,false,false,false,0,0,0,false,false,false,0,false,""
P2|N24|F|UNIFORM|d100|p100|f60|b50,F,true,2,0,0,true,false,true,2,0,0,true,false,true,2,false,"POOLING C1A0T0I0F3(1,0,0,3)[400,81,CUT|ASSEMBLE+INSPECT] vs C2A1T0I1F2(2,1,1,2)[600,62,ASSEMBLE+INSPECT]"
P2|N24|F|UNIFORM|d100|p100|f80|b0,F,false,0,0,0,false,false,false,0,0,0,false,false,false,0,false,""
P2|N24|F|UNIFORM|d100|p100|f80|b10,F,false,0,0,0,false,false,false,0,0,0,false,false,false,0,false,""
P2|N24|F|UNIFORM|d100|p100|f80|b25,F,false,0,0,0,false,false,false,0,0,0,false,false,false,0,false,""
P2|N24|F|UNIFORM|d100|p100|f80|b50,F,true,2,0,0,true,false,true,2,0,0,true,false,true,2,false,"POOLING C1A0T0I0F3(1,0,0,3)[400,81,CUT|ASSEMBLE+INSPECT] vs C2A1T0I1F2(2,1,1,2)[600,62,ASSEMBLE+INSPECT]"
P2|N24|F|UNIFORM|d100|p125|f20|b0,F,false,0,0,0,false,false,false,0,0,0,false,false,false,0,false,""
P2|N24|F|UNIFORM|d100|p125|f20|b10,F,false,0,0,0,false,false,false,0,0,0,false,false,false,0,false,""
P2|N24|F|UNIFORM|d100|p125|f20|b25,F,true,16,0,0,true,false,true,20,0,0,true,false,true,4,false,"POOLING C2A0T1I3F1(2,2,3,1)[825,47,CUT|ASSEMBLE+INSPECT] vs C2A1T1I2F2(2,3,2,2)[950,45,CUT]"
P2|N24|F|UNIFORM|d100|p125|f20|b50,F,true,69,0,4,true,false,true,62,0,0,true,false,true,12,false,"POOLING C2A0T1I3F1(2,2,3,1)[825,47,CUT|ASSEMBLE+INSPECT] vs C2A1T1I2F2(2,3,2,2)[950,45,CUT]"
P2|N24|F|UNIFORM|d100|p125|f40|b0,F,false,0,0,0,false,false,false,0,0,0,false,false,false,0,false,""
P2|N24|F|UNIFORM|d100|p125|f40|b10,F,true,2,0,0,true,true,true,2,0,0,true,true,true,2,true,"POOLING C2A0T1I2F0(2,2,2,0)[600,67,INSPECT] vs C2A1T0I1F2(2,1,1,2)[650,62,ASSEMBLE+INSPECT]"
P2|N24|F|UNIFORM|d100|p125|f40|b25,F,true,10,0,0,true,true,true,10,0,0,true,true,true,10,true,"POOLING C2A0T1I2F0(2,2,2,0)[600,67,INSPECT] vs C2A1T0I1F2(2,1,1,2)[650,62,ASSEMBLE+INSPECT]"
P2|N24|F|UNIFORM|d100|p125|f40|b50,F,true,38,0,0,true,true,true,40,0,0,true,true,true,30,true,"POOLING C2A0T1I2F0(2,2,2,0)[600,67,INSPECT] vs C2A1T0I1F2(2,1,1,2)[650,62,ASSEMBLE+INSPECT]"
P2|N24|F|UNIFORM|d100|p125|f60|b0,F,false,0,0,0,false,false,false,0,0,0,false,false,false,0,false,""
P2|N24|F|UNIFORM|d100|p125|f60|b10,F,false,0,0,0,false,false,false,0,0,0,false,false,false,0,false,""
P2|N24|F|UNIFORM|d100|p125|f60|b25,F,false,0,0,0,false,false,false,0,0,0,false,false,false,0,false,""
P2|N24|F|UNIFORM|d100|p125|f60|b50,F,true,10,0,0,true,false,true,10,0,0,true,false,true,10,false,"POOLING C1A1T0I1F1(1,1,1,1)[425,84,CUT|ASSEMBLE+INSPECT] vs C2A0T0I0F3(2,0,0,3)[575,78,ASSEMBLE+INSPECT]"
P2|N24|F|UNIFORM|d100|p125|f80|b0,F,false,0,0,0,false,false,false,0,0,0,false,false,false,0,false,""
P2|N24|F|UNIFORM|d100|p125|f80|b10,F,true,1,0,0,true,true,true,1,0,0,true,true,true,1,true,"POOLING C1A1T0I2F0(1,1,2,0)[400,104,ASSEMBLE] vs C1A1T0I1F1(1,1,1,1)[425,84,CUT|ASSEMBLE+INSPECT]"
P2|N24|F|UNIFORM|d100|p125|f80|b25,F,true,3,0,0,true,true,true,3,0,0,true,true,true,3,true,"POOLING C1A1T0I2F0(1,1,2,0)[400,104,ASSEMBLE] vs C1A1T0I1F1(1,1,1,1)[425,84,CUT|ASSEMBLE+INSPECT]"
P2|N24|F|UNIFORM|d100|p125|f80|b50,F,true,14,0,0,true,true,true,14,0,0,true,true,true,14,true,"POOLING C1A1T0I2F0(1,1,2,0)[400,104,ASSEMBLE] vs C1A1T0I1F1(1,1,1,1)[425,84,CUT|ASSEMBLE+INSPECT]"
P2|N24|F|UNIFORM|d100|p150|f20|b0,F,false,0,0,0,false,false,false,0,0,0,false,false,false,0,false,""
P2|N24|F|UNIFORM|d100|p150|f20|b10,F,true,4,0,0,true,false,true,4,0,0,true,false,true,4,false,"POOLING C2A0T1I3F1(2,2,3,1)[850,47,CUT|ASSEMBLE+INSPECT] vs C2A1T1I4F0(2,3,4,0)[900,46,CUT]"
P2|N24|F|UNIFORM|d100|p150|f20|b25,F,true,8,0,0,true,false,true,20,0,0,true,false,true,8,false,"POOLING C2A0T1I3F1(2,2,3,1)[850,47,CUT|ASSEMBLE+INSPECT] vs C2A1T1I4F0(2,3,4,0)[900,46,CUT]"
P2|N24|F|UNIFORM|d100|p150|f20|b50,F,true,38,0,0,true,false,true,134,0,0,true,false,true,32,false,"POOLING C2A0T1I3F1(2,2,3,1)[850,47,CUT|ASSEMBLE+INSPECT] vs C2A1T1I4F0(2,3,4,0)[900,46,CUT]"
P2|N24|F|UNIFORM|d100|p150|f40|b0,F,false,0,0,0,false,false,false,0,0,0,false,false,false,0,false,""
P2|N24|F|UNIFORM|d100|p150|f40|b10,F,false,0,0,0,false,false,false,0,0,0,false,false,false,0,false,""
P2|N24|F|UNIFORM|d100|p150|f40|b25,F,true,4,0,0,true,true,true,4,0,0,true,true,true,4,true,"POOLING C2A0T1I3F0(2,2,3,0)[700,57,ASSEMBLE] vs C2A0T1I2F1(2,2,2,1)[750,53,ASSEMBLE+INSPECT]"
P2|N24|F|UNIFORM|d100|p150|f40|b50,F,true,20,0,0,true,true,true,28,0,0,true,true,true,20,true,"POOLING C2A0T1I3F0(2,2,3,0)[700,57,ASSEMBLE] vs C2A0T1I2F1(2,2,2,1)[750,53,ASSEMBLE+INSPECT]"
P2|N24|F|UNIFORM|d100|p150|f60|b0,F,false,0,0,0,false,false,false,0,0,0,false,false,false,0,false,""
P2|N24|F|UNIFORM|d100|p150|f60|b10,F,false,0,0,0,false,false,false,0,0,0,false,false,false,0,false,""
P2|N24|F|UNIFORM|d100|p150|f60|b25,F,true,2,0,0,true,false,true,2,0,0,true,false,true,2,false,"POOLING C1A1T0I1F1(1,1,1,1)[450,84,CUT|ASSEMBLE+INSPECT] vs C1A0T1I2F0(1,2,2,0)[500,81,CUT]"
P2|N24|F|UNIFORM|d100|p150|f60|b50,F,true,4,0,0,true,false,true,4,0,0,true,false,true,4,false,"POOLING C1A1T0I1F1(1,1,1,1)[450,84,CUT|ASSEMBLE+INSPECT] vs C1A0T1I2F0(1,2,2,0)[500,81,CUT]"
P2|N24|F|UNIFORM|d100|p150|f80|b0,F,false,0,0,0,false,false,false,0,0,0,false,false,false,0,false,""
P2|N24|F|UNIFORM|d100|p150|f80|b10,F,false,0,0,0,false,false,false,0,0,0,false,false,false,0,false,""
P2|N24|F|UNIFORM|d100|p150|f80|b25,F,true,3,0,0,true,true,true,3,0,0,true,true,true,3,true,"POOLING C1A1T0I2F0(1,1,2,0)[400,104,ASSEMBLE] vs C1A1T0I1F1(1,1,1,1)[450,84,CUT|ASSEMBLE+INSPECT]"
P2|N24|F|UNIFORM|d100|p150|f80|b50,F,true,5,0,0,true,true,true,5,0,0,true,true,true,5,true,"POOLING C1A1T0I2F0(1,1,2,0)[400,104,ASSEMBLE] vs C1A1T0I1F1(1,1,1,1)[450,84,CUT|ASSEMBLE+INSPECT]"
P2|N24|F|UNIFORM|d100|p200|f20|b0,F,false,0,0,0,false,false,false,0,0,0,false,false,false,0,false,""
P2|N24|F|UNIFORM|d100|p200|f20|b10,F,false,0,0,0,false,false,false,0,0,0,false,false,false,0,false,""
P2|N24|F|UNIFORM|d100|p200|f20|b25,F,false,0,0,0,false,true,false,0,0,0,false,true,false,0,false,""
P2|N24|F|UNIFORM|d100|p200|f20|b50,F,true,15,0,0,true,true,false,0,0,0,false,true,false,0,false,"POOLING C3A0T2I4F0(3,4,4,0)[1100,40,INSPECT] vs C3A1T1I4F1(3,3,4,1)[1200,37,ASSEMBLE+INSPECT]"
P2|N24|F|UNIFORM|d100|p200|f40|b0,F,false,0,0,0,false,false,false,0,0,0,false,false,false,0,false,""
P2|N24|F|UNIFORM|d100|p200|f40|b10,F,false,0,0,0,false,false,false,0,0,0,false,false,false,0,false,""
P2|N24|F|UNIFORM|d100|p200|f40|b25,F,false,0,0,0,false,true,false,0,0,0,false,true,false,0,false,""
P2|N24|F|UNIFORM|d100|p200|f40|b50,F,false,0,0,0,false,true,false,0,0,0,false,true,false,0,false,""
P2|N24|F|UNIFORM|d100|p200|f60|b0,F,false,0,0,0,false,false,false,0,0,0,false,false,false,0,false,""
P2|N24|F|UNIFORM|d100|p200|f60|b10,F,false,0,0,0,false,false,false,0,0,0,false,false,false,0,false,""
P2|N24|F|UNIFORM|d100|p200|f60|b25,F,false,0,0,0,false,true,false,0,0,0,false,true,false,0,false,""
P2|N24|F|UNIFORM|d100|p200|f60|b50,F,false,0,0,0,false,true,false,0,0,0,false,true,false,0,false,""
P2|N24|F|UNIFORM|d100|p200|f80|b0,F,false,0,0,0,false,false,false,0,0,0,false,false,false,0,false,""
P2|N24|F|UNIFORM|d100|p200|f80|b10,F,false,0,0,0,false,false,false,0,0,0,false,false,false,0,false,""
P2|N24|F|UNIFORM|d100|p200|f80|b25,F,false,0,0,0,false,true,false,0,0,0,false,true,false,0,false,""
P2|N24|F|UNIFORM|d100|p200|f80|b50,F,false,0,0,0,false,true,false,0,0,0,false,true,false,0,false,""
P2|N24|F|WORK|d75|p100|f20|b0,F,false,0,0,0,false,false,false,0,0,0,false,false,false,0,false,""
P2|N24|F|WORK|d75|p100|f20|b10,F,false,0,0,0,false,false,false,0,0,0,false,false,false,0,false,""
P2|N24|F|WORK|d75|p100|f20|b25,F,true,29,4,1,true,false,true,4,2,0,true,false,true,1,false,"POOLING C2A0T1I2F2(2,2,2,2)[1600,47,CUT|ASSEMBLE+INSPECT] vs C2A1T1I1F3(2,3,1,3)[1800,45,CUT]"
P2|N24|F|WORK|d75|p100|f20|b50,F,true,56,4,1,true,false,true,5,3,1,true,false,true,1,false,"POOLING C2A0T1I2F2(2,2,2,2)[1600,47,CUT|ASSEMBLE+INSPECT] vs C2A1T1I1F3(2,3,1,3)[1800,45,CUT]"
P2|N24|F|WORK|d75|p100|f40|b0,F,false,0,0,0,false,false,false,0,0,0,false,false,false,0,false,""
P2|N24|F|WORK|d75|p100|f40|b10,F,false,0,0,0,false,false,false,0,0,0,false,false,false,0,false,""
P2|N24|F|WORK|d75|p100|f40|b25,F,true,4,0,0,true,true,true,2,0,0,true,true,true,2,true,"POOLING C2A0T1I2F0(2,2,2,0)[1100,67,INSPECT] vs C2A1T0I0F3(2,1,0,3)[1250,62,ASSEMBLE+INSPECT]"
P2|N24|F|WORK|d75|p100|f40|b50,F,true,19,0,0,true,true,true,13,0,0,true,true,true,10,true,"POOLING C2A0T1I2F0(2,2,2,0)[1100,67,INSPECT] vs C2A1T0I0F3(2,1,0,3)[1250,62,ASSEMBLE+INSPECT]"
P2|N24|F|WORK|d75|p100|f60|b0,F,false,0,0,0,false,false,false,0,0,0,false,false,false,0,false,""
P2|N24|F|WORK|d75|p100|f60|b10,F,false,0,0,0,false,false,false,0,0,0,false,false,false,0,false,""
P2|N24|F|WORK|d75|p100|f60|b25,F,true,1,0,0,true,false,true,1,0,0,true,false,true,1,false,"POOLING C1A1T0I0F2(1,1,0,2)[850,83,CUT|ASSEMBLE+INSPECT] vs C2A0T0I0F3(2,0,0,3)[1050,78,ASSEMBLE+INSPECT]"
P2|N24|F|WORK|d75|p100|f60|b50,F,true,8,0,0,true,false,true,7,0,0,true,false,true,7,false,"POOLING C1A1T0I0F2(1,1,0,2)[850,83,CUT|ASSEMBLE+INSPECT] vs C2A0T0I0F3(2,0,0,3)[1050,78,ASSEMBLE+INSPECT]"
P2|N24|F|WORK|d75|p100|f80|b0,F,false,0,0,0,false,false,false,0,0,0,false,false,false,0,false,""
P2|N24|F|WORK|d75|p100|f80|b10,F,false,0,0,0,false,false,false,0,0,0,false,false,false,0,false,""
P2|N24|F|WORK|d75|p100|f80|b25,F,true,1,0,0,true,false,true,1,0,0,true,false,true,1,false,"POOLING C1A1T0I0F2(1,1,0,2)[850,83,CUT|ASSEMBLE+INSPECT] vs C2A0T0I0F3(2,0,0,3)[1050,78,ASSEMBLE+INSPECT]"
P2|N24|F|WORK|d75|p100|f80|b50,F,true,8,0,0,true,false,true,7,0,0,true,false,true,7,false,"POOLING C1A1T0I0F2(1,1,0,2)[850,83,CUT|ASSEMBLE+INSPECT] vs C2A0T0I0F3(2,0,0,3)[1050,78,ASSEMBLE+INSPECT]"
P2|N24|F|WORK|d75|p125|f20|b0,F,false,0,0,0,false,false,false,0,0,0,false,false,false,0,false,""
P2|N24|F|WORK|d75|p125|f20|b10,F,true,1,0,0,true,false,false,0,0,0,false,false,false,0,false,"POOLING C2A0T1I3F1(2,2,3,1)[1663,47,CUT|ASSEMBLE+INSPECT] vs C2A1T1I4F0(2,3,4,0)[1800,46,CUT]"
P2|N24|F|WORK|d75|p125|f20|b25,F,true,4,0,1,true,false,true,6,0,1,true,false,true,3,false,"POOLING C2A0T1I3F1(2,2,3,1)[1663,47,CUT|ASSEMBLE+INSPECT] vs C2A1T1I4F0(2,3,4,0)[1800,46,CUT]"
P2|N24|F|WORK|d75|p125|f20|b50,F,true,13,0,1,true,false,true,13,0,1,true,false,true,4,false,"POOLING C2A0T1I3F1(2,2,3,1)[1663,47,CUT|ASSEMBLE+INSPECT] vs C2A1T1I4F0(2,3,4,0)[1800,46,CUT]"
P2|N24|F|WORK|d75|p125|f40|b0,F,false,0,0,0,false,false,false,0,0,0,false,false,false,0,false,""
P2|N24|F|WORK|d75|p125|f40|b10,F,false,0,0,0,false,false,false,0,0,0,false,false,false,0,false,""
P2|N24|F|WORK|d75|p125|f40|b25,F,false,0,0,0,false,true,false,0,0,0,false,true,false,0,false,""
P2|N24|F|WORK|d75|p125|f40|b50,F,true,2,0,0,true,true,true,2,0,0,true,true,true,2,true,"POOLING C2A0T1I3F0(2,2,3,0)[1350,57,ASSEMBLE] vs C2A0T1I2F1(2,2,2,1)[1413,53,ASSEMBLE+INSPECT]"
P2|N24|F|WORK|d75|p125|f60|b0,F,false,0,0,0,false,false,false,0,0,0,false,false,false,0,false,""
P2|N24|F|WORK|d75|p125|f60|b10,F,true,1,0,0,true,false,true,1,0,0,true,false,true,1,false,"POOLING C1A1T0I1F1(1,1,1,1)[913,84,CUT|ASSEMBLE+INSPECT] vs C1A0T1I2F0(1,2,2,0)[950,81,CUT]"
P2|N24|F|WORK|d75|p125|f60|b25,F,true,2,0,0,true,false,true,2,0,0,true,false,true,2,false,"POOLING C1A1T0I1F1(1,1,1,1)[913,84,CUT|ASSEMBLE+INSPECT] vs C1A0T1I2F0(1,2,2,0)[950,81,CUT]"
P2|N24|F|WORK|d75|p125|f60|b50,F,true,3,0,0,true,false,true,3,0,0,true,false,true,3,false,"POOLING C1A1T0I1F1(1,1,1,1)[913,84,CUT|ASSEMBLE+INSPECT] vs C1A0T1I2F0(1,2,2,0)[950,81,CUT]"
P2|N24|F|WORK|d75|p125|f80|b0,F,false,0,0,0,false,false,false,0,0,0,false,false,false,0,false,""
P2|N24|F|WORK|d75|p125|f80|b10,F,true,1,0,0,true,true,true,1,0,0,true,true,true,1,true,"POOLING C1A1T0I2F0(1,1,2,0)[850,104,ASSEMBLE] vs C1A1T0I1F1(1,1,1,1)[913,84,CUT|ASSEMBLE+INSPECT]"
P2|N24|F|WORK|d75|p125|f80|b25,F,true,2,0,0,true,true,true,2,0,0,true,true,true,2,true,"POOLING C1A1T0I2F0(1,1,2,0)[850,104,ASSEMBLE] vs C1A1T0I1F1(1,1,1,1)[913,84,CUT|ASSEMBLE+INSPECT]"
P2|N24|F|WORK|d75|p125|f80|b50,F,true,3,0,0,true,true,true,3,0,0,true,true,true,3,true,"POOLING C1A1T0I2F0(1,1,2,0)[850,104,ASSEMBLE] vs C1A1T0I1F1(1,1,1,1)[913,84,CUT|ASSEMBLE+INSPECT]"
P2|N24|F|WORK|d75|p150|f20|b0,F,false,0,0,0,false,false,false,0,0,0,false,false,false,0,false,""
P2|N24|F|WORK|d75|p150|f20|b10,F,true,0,1,0,true,true,true,0,1,0,true,true,true,1,true,"MATERIAL_DEDICATED C3A1T1I3F0(3,3,3,0)[1700,47,INSPECT] vs C2A1T1I4F0(2,3,4,0)[1800,46,CUT] surplusEffect=3 threshold=3"
P2|N24|F|WORK|d75|p150|f20|b25,F,true,0,2,1,true,true,true,0,2,1,true,true,true,2,true,"MATERIAL_DEDICATED C3A1T1I3F0(3,3,3,0)[1700,47,INSPECT] vs C2A1T1I4F0(2,3,4,0)[1800,46,CUT] surplusEffect=3 threshold=3"
P2|N24|F|WORK|d75|p150|f20|b50,F,true,1,2,1,true,true,true,5,2,1,true,true,true,2,true,"MATERIAL_DEDICATED C3A1T1I3F0(3,3,3,0)[1700,47,INSPECT] vs C2A1T1I4F0(2,3,4,0)[1800,46,CUT] surplusEffect=3 threshold=3"
P2|N24|F|WORK|d75|p150|f40|b0,F,false,0,0,0,false,false,false,0,0,0,false,false,false,0,false,""
P2|N24|F|WORK|d75|p150|f40|b10,F,false,0,0,0,false,false,false,0,0,0,false,false,false,0,false,""
P2|N24|F|WORK|d75|p150|f40|b25,F,false,0,0,0,false,true,false,0,0,0,false,true,false,0,false,""
P2|N24|F|WORK|d75|p150|f40|b50,F,true,2,0,0,true,true,true,2,0,0,true,true,true,2,true,"POOLING C2A0T1I3F0(2,2,3,0)[1350,57,ASSEMBLE] vs C2A0T1I2F1(2,2,2,1)[1475,53,ASSEMBLE+INSPECT]"
P2|N24|F|WORK|d75|p150|f60|b0,F,false,0,0,0,false,false,false,0,0,0,false,false,false,0,false,""
P2|N24|F|WORK|d75|p150|f60|b10,F,false,0,0,0,false,false,false,0,0,0,false,false,false,0,false,""
P2|N24|F|WORK|d75|p150|f60|b25,F,false,0,0,0,false,true,false,0,0,0,false,true,false,0,false,""
P2|N24|F|WORK|d75|p150|f60|b50,F,false,0,0,0,false,true,false,0,0,0,false,true,false,0,false,""
P2|N24|F|WORK|d75|p150|f80|b0,F,false,0,0,0,false,false,false,0,0,0,false,false,false,0,false,""
P2|N24|F|WORK|d75|p150|f80|b10,F,false,0,0,0,false,false,false,0,0,0,false,false,false,0,false,""
P2|N24|F|WORK|d75|p150|f80|b25,F,false,0,0,0,false,true,false,0,0,0,false,true,false,0,false,""
P2|N24|F|WORK|d75|p150|f80|b50,F,false,0,0,0,false,true,false,0,0,0,false,true,false,0,false,""
P2|N24|F|WORK|d75|p200|f20|b0,F,false,0,0,0,false,false,false,0,0,0,false,false,false,0,false,""
P2|N24|F|WORK|d75|p200|f20|b10,F,true,0,1,0,true,true,true,0,1,0,true,true,true,1,true,"MATERIAL_DEDICATED C3A1T1I3F0(3,3,3,0)[1700,47,INSPECT] vs C2A1T1I4F0(2,3,4,0)[1800,46,CUT] surplusEffect=3 threshold=3"
P2|N24|F|WORK|d75|p200|f20|b25,F,true,0,2,1,true,true,true,0,2,1,true,true,true,2,true,"MATERIAL_DEDICATED C3A1T1I3F0(3,3,3,0)[1700,47,INSPECT] vs C2A1T1I4F0(2,3,4,0)[1800,46,CUT] surplusEffect=3 threshold=3"
P2|N24|F|WORK|d75|p200|f20|b50,F,true,1,2,1,true,true,true,0,2,1,true,true,true,2,true,"MATERIAL_DEDICATED C3A1T1I3F0(3,3,3,0)[1700,47,INSPECT] vs C2A1T1I4F0(2,3,4,0)[1800,46,CUT] surplusEffect=3 threshold=3"
P2|N24|F|WORK|d75|p200|f40|b0,F,false,0,0,0,false,false,false,0,0,0,false,false,false,0,false,""
P2|N24|F|WORK|d75|p200|f40|b10,F,false,0,0,0,false,false,false,0,0,0,false,false,false,0,false,""
P2|N24|F|WORK|d75|p200|f40|b25,F,false,0,0,0,false,true,false,0,0,0,false,true,false,0,false,""
P2|N24|F|WORK|d75|p200|f40|b50,F,false,0,0,0,false,true,false,0,0,0,false,true,false,0,false,""
P2|N24|F|WORK|d75|p200|f60|b0,F,false,0,0,0,false,false,false,0,0,0,false,false,false,0,false,""
P2|N24|F|WORK|d75|p200|f60|b10,F,false,0,0,0,false,false,false,0,0,0,false,false,false,0,false,""
P2|N24|F|WORK|d75|p200|f60|b25,F,false,0,0,0,false,true,false,0,0,0,false,true,false,0,false,""
P2|N24|F|WORK|d75|p200|f60|b50,F,false,0,0,0,false,true,false,0,0,0,false,true,false,0,false,""
P2|N24|F|WORK|d75|p200|f80|b0,F,false,0,0,0,false,false,false,0,0,0,false,false,false,0,false,""
P2|N24|F|WORK|d75|p200|f80|b10,F,false,0,0,0,false,false,false,0,0,0,false,false,false,0,false,""
P2|N24|F|WORK|d75|p200|f80|b25,F,false,0,0,0,false,true,false,0,0,0,false,true,false,0,false,""
P2|N24|F|WORK|d75|p200|f80|b50,F,false,0,0,0,false,true,false,0,0,0,false,true,false,0,false,""
P2|N24|F|WORK|d90|p100|f20|b0,F,false,0,0,0,false,false,false,0,0,0,false,false,false,0,false,""
P2|N24|F|WORK|d90|p100|f20|b10,F,false,0,0,0,false,false,false,0,0,0,false,false,false,0,false,""
P2|N24|F|WORK|d90|p100|f20|b25,F,true,29,4,1,true,false,true,4,2,0,true,false,true,1,false,"POOLING C2A0T1I2F2(2,2,2,2)[1660,47,CUT|ASSEMBLE+INSPECT] vs C2A1T1I1F3(2,3,1,3)[1860,45,CUT]"
P2|N24|F|WORK|d90|p100|f20|b50,F,true,45,4,1,true,false,true,5,3,1,true,false,true,1,false,"POOLING C2A0T1I2F2(2,2,2,2)[1660,47,CUT|ASSEMBLE+INSPECT] vs C2A1T1I1F3(2,3,1,3)[1860,45,CUT]"
P2|N24|F|WORK|d90|p100|f40|b0,F,false,0,0,0,false,false,false,0,0,0,false,false,false,0,false,""
P2|N24|F|WORK|d90|p100|f40|b10,F,true,2,0,0,true,true,true,1,0,0,true,true,true,1,true,"POOLING C2A0T1I2F0(2,2,2,0)[1160,67,INSPECT] vs C2A1T0I0F3(2,1,0,3)[1250,62,ASSEMBLE+INSPECT]"
P2|N24|F|WORK|d90|p100|f40|b25,F,true,4,0,0,true,true,true,2,0,0,true,true,true,2,true,"POOLING C2A0T1I2F0(2,2,2,0)[1160,67,INSPECT] vs C2A1T0I0F3(2,1,0,3)[1250,62,ASSEMBLE+INSPECT]"
P2|N24|F|WORK|d90|p100|f40|b50,F,true,19,0,0,true,true,true,13,0,0,true,true,true,10,true,"POOLING C2A0T1I2F0(2,2,2,0)[1160,67,INSPECT] vs C2A1T0I0F3(2,1,0,3)[1250,62,ASSEMBLE+INSPECT]"
P2|N24|F|WORK|d90|p100|f60|b0,F,false,0,0,0,false,false,false,0,0,0,false,false,false,0,false,""
P2|N24|F|WORK|d90|p100|f60|b10,F,false,0,0,0,false,false,false,0,0,0,false,false,false,0,false,""
P2|N24|F|WORK|d90|p100|f60|b25,F,true,1,0,0,true,false,true,1,0,0,true,false,true,1,false,"POOLING C1A1T0I0F2(1,1,0,2)[850,83,CUT|ASSEMBLE+INSPECT] vs C2A0T0I0F3(2,0,0,3)[1050,78,ASSEMBLE+INSPECT]"
P2|N24|F|WORK|d90|p100|f60|b50,F,true,8,0,0,true,false,true,7,0,0,true,false,true,7,false,"POOLING C1A1T0I0F2(1,1,0,2)[850,83,CUT|ASSEMBLE+INSPECT] vs C2A0T0I0F3(2,0,0,3)[1050,78,ASSEMBLE+INSPECT]"
P2|N24|F|WORK|d90|p100|f80|b0,F,false,0,0,0,false,false,false,0,0,0,false,false,false,0,false,""
P2|N24|F|WORK|d90|p100|f80|b10,F,false,0,0,0,false,false,false,0,0,0,false,false,false,0,false,""
P2|N24|F|WORK|d90|p100|f80|b25,F,true,1,0,0,true,false,true,1,0,0,true,false,true,1,false,"POOLING C1A1T0I0F2(1,1,0,2)[850,83,CUT|ASSEMBLE+INSPECT] vs C2A0T0I0F3(2,0,0,3)[1050,78,ASSEMBLE+INSPECT]"
P2|N24|F|WORK|d90|p100|f80|b50,F,true,8,0,0,true,false,true,7,0,0,true,false,true,7,false,"POOLING C1A1T0I0F2(1,1,0,2)[850,83,CUT|ASSEMBLE+INSPECT] vs C2A0T0I0F3(2,0,0,3)[1050,78,ASSEMBLE+INSPECT]"
P2|N24|F|WORK|d90|p125|f20|b0,F,false,0,0,0,false,false,false,0,0,0,false,false,false,0,false,""
P2|N24|F|WORK|d90|p125|f20|b10,F,true,1,0,0,true,false,false,0,0,0,false,false,false,0,false,"POOLING C2A0T1I3F1(2,2,3,1)[1723,47,CUT|ASSEMBLE+INSPECT] vs C2A1T1I4F0(2,3,4,0)[1860,46,CUT]"
P2|N24|F|WORK|d90|p125|f20|b25,F,true,4,0,0,true,false,true,3,0,0,true,false,true,1,false,"POOLING C2A0T1I3F1(2,2,3,1)[1723,47,CUT|ASSEMBLE+INSPECT] vs C2A1T1I4F0(2,3,4,0)[1860,46,CUT]"
P2|N24|F|WORK|d90|p125|f20|b50,F,true,17,0,0,true,false,true,14,0,0,true,false,true,3,false,"POOLING C2A0T1I3F1(2,2,3,1)[1723,47,CUT|ASSEMBLE+INSPECT] vs C2A1T1I4F0(2,3,4,0)[1860,46,CUT]"
P2|N24|F|WORK|d90|p125|f40|b0,F,false,0,0,0,false,false,false,0,0,0,false,false,false,0,false,""
P2|N24|F|WORK|d90|p125|f40|b10,F,false,0,0,0,false,false,false,0,0,0,false,false,false,0,false,""
P2|N24|F|WORK|d90|p125|f40|b25,F,true,2,0,0,true,true,true,2,0,0,true,true,true,2,true,"POOLING C2A0T1I2F0(2,2,2,0)[1160,67,INSPECT] vs C2A1T0I1F2(2,1,1,2)[1376,62,ASSEMBLE+INSPECT]"
P2|N24|F|WORK|d90|p125|f40|b50,F,true,8,0,0,true,true,true,8,0,0,true,true,true,8,true,"POOLING C2A0T1I2F0(2,2,2,0)[1160,67,INSPECT] vs C2A1T0I1F2(2,1,1,2)[1376,62,ASSEMBLE+INSPECT]"
P2|N24|F|WORK|d90|p125|f60|b0,F,false,0,0,0,false,false,false,0,0,0,false,false,false,0,false,""
P2|N24|F|WORK|d90|p125|f60|b10,F,false,0,0,0,false,false,false,0,0,0,false,false,false,0,false,""
P2|N24|F|WORK|d90|p125|f60|b25,F,true,2,0,0,true,false,true,2,0,0,true,false,true,2,false,"POOLING C1A1T0I1F1(1,1,1,1)[913,84,CUT|ASSEMBLE+INSPECT] vs C1A0T1I2F0(1,2,2,0)[1010,81,CUT]"
P2|N24|F|WORK|d90|p125|f60|b50,F,true,4,0,0,true,false,true,4,0,0,true,false,true,4,false,"POOLING C1A1T0I1F1(1,1,1,1)[913,84,CUT|ASSEMBLE+INSPECT] vs C1A0T1I2F0(1,2,2,0)[1010,81,CUT]"
P2|N24|F|WORK|d90|p125|f80|b0,F,false,0,0,0,false,false,false,0,0,0,false,false,false,0,false,""
P2|N24|F|WORK|d90|p125|f80|b10,F,true,1,0,0,true,true,true,1,0,0,true,true,true,1,true,"POOLING C1A1T0I2F0(1,1,2,0)[850,104,ASSEMBLE] vs C1A1T0I1F1(1,1,1,1)[913,84,CUT|ASSEMBLE+INSPECT]"
P2|N24|F|WORK|d90|p125|f80|b25,F,true,4,0,0,true,true,true,4,0,0,true,true,true,4,true,"POOLING C1A1T0I2F0(1,1,2,0)[850,104,ASSEMBLE] vs C1A1T0I1F1(1,1,1,1)[913,84,CUT|ASSEMBLE+INSPECT]"
P2|N24|F|WORK|d90|p125|f80|b50,F,true,6,0,0,true,true,true,6,0,0,true,true,true,6,true,"POOLING C1A1T0I2F0(1,1,2,0)[850,104,ASSEMBLE] vs C1A1T0I1F1(1,1,1,1)[913,84,CUT|ASSEMBLE+INSPECT]"
P2|N24|F|WORK|d90|p150|f20|b0,F,false,0,0,0,false,false,false,0,0,0,false,false,false,0,false,""
P2|N24|F|WORK|d90|p150|f20|b10,F,true,0,1,0,true,true,true,0,1,0,true,true,true,1,true,"MATERIAL_DEDICATED C3A1T1I3F0(3,3,3,0)[1760,47,INSPECT] vs C2A1T1I4F0(2,3,4,0)[1860,46,CUT] surplusEffect=3 threshold=3"
P2|N24|F|WORK|d90|p150|f20|b25,F,true,0,1,0,true,true,true,0,1,0,true,true,true,1,true,"MATERIAL_DEDICATED C3A1T1I3F0(3,3,3,0)[1760,47,INSPECT] vs C2A1T1I4F0(2,3,4,0)[1860,46,CUT] surplusEffect=3 threshold=3"
P2|N24|F|WORK|d90|p150|f20|b50,F,true,1,1,0,true,true,true,5,1,0,true,true,true,1,true,"MATERIAL_DEDICATED C3A1T1I3F0(3,3,3,0)[1760,47,INSPECT] vs C2A1T1I4F0(2,3,4,0)[1860,46,CUT] surplusEffect=3 threshold=3"
P2|N24|F|WORK|d90|p150|f40|b0,F,false,0,0,0,false,false,false,0,0,0,false,false,false,0,false,""
P2|N24|F|WORK|d90|p150|f40|b10,F,false,0,0,0,false,false,false,0,0,0,false,false,false,0,false,""
P2|N24|F|WORK|d90|p150|f40|b25,F,false,0,0,0,false,true,false,0,0,0,false,true,false,0,false,""
P2|N24|F|WORK|d90|p150|f40|b50,F,true,2,0,0,true,true,true,2,0,0,true,true,true,2,true,"POOLING C2A0T1I3F0(2,2,3,0)[1410,57,ASSEMBLE] vs C2A0T1I2F1(2,2,2,1)[1535,53,ASSEMBLE+INSPECT]"
P2|N24|F|WORK|d90|p150|f60|b0,F,false,0,0,0,false,false,false,0,0,0,false,false,false,0,false,""
P2|N24|F|WORK|d90|p150|f60|b10,F,true,1,0,0,true,false,true,1,0,0,true,false,true,1,false,"POOLING C1A1T0I1F1(1,1,1,1)[975,84,CUT|ASSEMBLE+INSPECT] vs C1A0T1I2F0(1,2,2,0)[1010,81,CUT]"
P2|N24|F|WORK|d90|p150|f60|b25,F,true,2,0,0,true,false,true,2,0,0,true,false,true,2,false,"POOLING C1A1T0I1F1(1,1,1,1)[975,84,CUT|ASSEMBLE+INSPECT] vs C1A0T1I2F0(1,2,2,0)[1010,81,CUT]"
P2|N24|F|WORK|d90|p150|f60|b50,F,true,3,0,0,true,false,true,3,0,0,true,false,true,3,false,"POOLING C1A1T0I1F1(1,1,1,1)[975,84,CUT|ASSEMBLE+INSPECT] vs C1A0T1I2F0(1,2,2,0)[1010,81,CUT]"
P2|N24|F|WORK|d90|p150|f80|b0,F,false,0,0,0,false,false,false,0,0,0,false,false,false,0,false,""
P2|N24|F|WORK|d90|p150|f80|b10,F,false,0,0,0,false,false,false,0,0,0,false,false,false,0,false,""
P2|N24|F|WORK|d90|p150|f80|b25,F,true,2,0,0,true,true,true,2,0,0,true,true,true,2,true,"POOLING C1A1T0I2F0(1,1,2,0)[850,104,ASSEMBLE] vs C1A1T0I1F1(1,1,1,1)[975,84,CUT|ASSEMBLE+INSPECT]"
P2|N24|F|WORK|d90|p150|f80|b50,F,true,3,0,0,true,true,true,3,0,0,true,true,true,3,true,"POOLING C1A1T0I2F0(1,1,2,0)[850,104,ASSEMBLE] vs C1A1T0I1F1(1,1,1,1)[975,84,CUT|ASSEMBLE+INSPECT]"
P2|N24|F|WORK|d90|p200|f20|b0,F,false,0,0,0,false,false,false,0,0,0,false,false,false,0,false,""
P2|N24|F|WORK|d90|p200|f20|b10,F,true,0,1,0,true,true,true,0,1,0,true,true,true,1,true,"MATERIAL_DEDICATED C3A1T1I3F0(3,3,3,0)[1760,47,INSPECT] vs C2A1T1I4F0(2,3,4,0)[1860,46,CUT] surplusEffect=3 threshold=3"
P2|N24|F|WORK|d90|p200|f20|b25,F,true,0,1,0,true,true,true,0,1,0,true,true,true,1,true,"MATERIAL_DEDICATED C3A1T1I3F0(3,3,3,0)[1760,47,INSPECT] vs C2A1T1I4F0(2,3,4,0)[1860,46,CUT] surplusEffect=3 threshold=3"
P2|N24|F|WORK|d90|p200|f20|b50,F,true,0,1,0,true,true,true,0,1,0,true,true,true,1,true,"MATERIAL_DEDICATED C3A1T1I3F0(3,3,3,0)[1760,47,INSPECT] vs C2A1T1I4F0(2,3,4,0)[1860,46,CUT] surplusEffect=3 threshold=3"
P2|N24|F|WORK|d90|p200|f40|b0,F,false,0,0,0,false,false,false,0,0,0,false,false,false,0,false,""
P2|N24|F|WORK|d90|p200|f40|b10,F,false,0,0,0,false,false,false,0,0,0,false,false,false,0,false,""
P2|N24|F|WORK|d90|p200|f40|b25,F,false,0,0,0,false,true,false,0,0,0,false,true,false,0,false,""
P2|N24|F|WORK|d90|p200|f40|b50,F,false,0,0,0,false,true,false,0,0,0,false,true,false,0,false,""
P2|N24|F|WORK|d90|p200|f60|b0,F,false,0,0,0,false,false,false,0,0,0,false,false,false,0,false,""
P2|N24|F|WORK|d90|p200|f60|b10,F,false,0,0,0,false,false,false,0,0,0,false,false,false,0,false,""
P2|N24|F|WORK|d90|p200|f60|b25,F,false,0,0,0,false,true,false,0,0,0,false,true,false,0,false,""
P2|N24|F|WORK|d90|p200|f60|b50,F,false,0,0,0,false,true,false,0,0,0,false,true,false,0,false,""
P2|N24|F|WORK|d90|p200|f80|b0,F,false,0,0,0,false,false,false,0,0,0,false,false,false,0,false,""
P2|N24|F|WORK|d90|p200|f80|b10,F,false,0,0,0,false,false,false,0,0,0,false,false,false,0,false,""
P2|N24|F|WORK|d90|p200|f80|b25,F,false,0,0,0,false,true,false,0,0,0,false,true,false,0,false,""
P2|N24|F|WORK|d90|p200|f80|b50,F,false,0,0,0,false,true,false,0,0,0,false,true,false,0,false,""
P2|N24|F|WORK|d100|p100|f20|b0,F,false,0,0,0,false,false,false,0,0,0,false,false,false,0,false,""
P2|N24|F|WORK|d100|p100|f20|b10,F,false,0,0,0,false,false,false,0,0,0,false,false,false,0,false,""
P2|N24|F|WORK|d100|p100|f20|b25,F,true,106,12,4,true,false,true,12,4,0,true,false,true,4,false,"POOLING C2A0T1I2F2(2,2,2,2)[1700,47,CUT|ASSEMBLE+INSPECT] vs C2A1T1I1F3(2,3,1,3)[1900,45,CUT]"
P2|N24|F|WORK|d100|p100|f20|b50,F,true,193,12,4,true,false,true,16,8,4,true,false,true,4,false,"POOLING C2A0T1I2F2(2,2,2,2)[1700,47,CUT|ASSEMBLE+INSPECT] vs C2A1T1I1F3(2,3,1,3)[1900,45,CUT]"
P2|N24|F|WORK|d100|p100|f40|b0,F,false,0,0,0,false,false,false,0,0,0,false,false,false,0,false,""
P2|N24|F|WORK|d100|p100|f40|b10,F,true,4,0,0,true,true,true,2,0,0,true,true,true,2,true,"POOLING C2A0T1I2F0(2,2,2,0)[1200,67,INSPECT] vs C2A1T0I0F3(2,1,0,3)[1250,62,ASSEMBLE+INSPECT]"
P2|N24|F|WORK|d100|p100|f40|b25,F,true,10,0,0,true,true,true,6,0,0,true,true,true,6,true,"POOLING C2A0T1I2F0(2,2,2,0)[1200,67,INSPECT] vs C2A1T0I0F3(2,1,0,3)[1250,62,ASSEMBLE+INSPECT]"
P2|N24|F|WORK|d100|p100|f40|b50,F,true,50,0,0,true,true,true,36,0,0,true,true,true,24,true,"POOLING C2A0T1I2F0(2,2,2,0)[1200,67,INSPECT] vs C2A1T0I0F3(2,1,0,3)[1250,62,ASSEMBLE+INSPECT]"
P2|N24|F|WORK|d100|p100|f60|b0,F,false,0,0,0,false,false,false,0,0,0,false,false,false,0,false,""
P2|N24|F|WORK|d100|p100|f60|b10,F,false,0,0,0,false,false,false,0,0,0,false,false,false,0,false,""
P2|N24|F|WORK|d100|p100|f60|b25,F,true,1,0,0,true,false,true,1,0,0,true,false,true,1,false,"POOLING C1A1T0I0F2(1,1,0,2)[850,83,CUT|ASSEMBLE+INSPECT] vs C2A0T0I0F3(2,0,0,3)[1050,78,ASSEMBLE+INSPECT]"
P2|N24|F|WORK|d100|p100|f60|b50,F,true,13,0,0,true,false,true,11,0,0,true,false,true,11,false,"POOLING C1A1T0I0F2(1,1,0,2)[850,83,CUT|ASSEMBLE+INSPECT] vs C2A0T0I0F3(2,0,0,3)[1050,78,ASSEMBLE+INSPECT]"
P2|N24|F|WORK|d100|p100|f80|b0,F,false,0,0,0,false,false,false,0,0,0,false,false,false,0,false,""
P2|N24|F|WORK|d100|p100|f80|b10,F,false,0,0,0,false,false,false,0,0,0,false,false,false,0,false,""
P2|N24|F|WORK|d100|p100|f80|b25,F,true,1,0,0,true,false,true,1,0,0,true,false,true,1,false,"POOLING C1A1T0I0F2(1,1,0,2)[850,83,CUT|ASSEMBLE+INSPECT] vs C2A0T0I0F3(2,0,0,3)[1050,78,ASSEMBLE+INSPECT]"
P2|N24|F|WORK|d100|p100|f80|b50,F,true,13,0,0,true,false,true,11,0,0,true,false,true,11,false,"POOLING C1A1T0I0F2(1,1,0,2)[850,83,CUT|ASSEMBLE+INSPECT] vs C2A0T0I0F3(2,0,0,3)[1050,78,ASSEMBLE+INSPECT]"
P2|N24|F|WORK|d100|p125|f20|b0,F,false,0,0,0,false,false,false,0,0,0,false,false,false,0,false,""
P2|N24|F|WORK|d100|p125|f20|b10,F,true,4,0,0,true,false,false,0,0,0,false,false,false,0,false,"POOLING C2A0T1I3F1(2,2,3,1)[1763,47,CUT|ASSEMBLE+INSPECT] vs C2A1T1I4F0(2,3,4,0)[1900,46,CUT]"
P2|N24|F|WORK|d100|p125|f20|b25,F,true,16,0,0,true,false,true,12,0,0,true,false,true,4,false,"POOLING C2A0T1I3F1(2,2,3,1)[1763,47,CUT|ASSEMBLE+INSPECT] vs C2A1T1I4F0(2,3,4,0)[1900,46,CUT]"
P2|N24|F|WORK|d100|p125|f20|b50,F,true,70,0,4,true,false,true,70,0,0,true,false,true,12,false,"POOLING C2A0T1I3F1(2,2,3,1)[1763,47,CUT|ASSEMBLE+INSPECT] vs C2A1T1I4F0(2,3,4,0)[1900,46,CUT]"
P2|N24|F|WORK|d100|p125|f40|b0,F,false,0,0,0,false,false,false,0,0,0,false,false,false,0,false,""
P2|N24|F|WORK|d100|p125|f40|b10,F,false,0,0,0,false,false,false,0,0,0,false,false,false,0,false,""
P2|N24|F|WORK|d100|p125|f40|b25,F,true,4,0,0,true,true,true,4,0,0,true,true,true,4,true,"POOLING C2A0T1I2F0(2,2,2,0)[1200,67,INSPECT] vs C2A1T0I1F2(2,1,1,2)[1376,62,ASSEMBLE+INSPECT]"
P2|N24|F|WORK|d100|p125|f40|b50,F,true,22,0,0,true,true,true,22,0,0,true,true,true,22,true,"POOLING C2A0T1I2F0(2,2,2,0)[1200,67,INSPECT] vs C2A1T0I1F2(2,1,1,2)[1376,62,ASSEMBLE+INSPECT]"
P2|N24|F|WORK|d100|p125|f60|b0,F,false,0,0,0,false,false,false,0,0,0,false,false,false,0,false,""
P2|N24|F|WORK|d100|p125|f60|b10,F,false,0,0,0,false,false,false,0,0,0,false,false,false,0,false,""
P2|N24|F|WORK|d100|p125|f60|b25,F,true,4,0,0,true,false,true,4,0,0,true,false,true,4,false,"POOLING C1A1T0I1F1(1,1,1,1)[913,84,CUT|ASSEMBLE+INSPECT] vs C1A0T1I2F0(1,2,2,0)[1050,81,CUT]"
P2|N24|F|WORK|d100|p125|f60|b50,F,true,8,0,0,true,false,true,8,0,0,true,false,true,8,false,"POOLING C1A1T0I1F1(1,1,1,1)[913,84,CUT|ASSEMBLE+INSPECT] vs C1A0T1I2F0(1,2,2,0)[1050,81,CUT]"
P2|N24|F|WORK|d100|p125|f80|b0,F,false,0,0,0,false,false,false,0,0,0,false,false,false,0,false,""
P2|N24|F|WORK|d100|p125|f80|b10,F,true,1,0,0,true,true,true,1,0,0,true,true,true,1,true,"POOLING C1A1T0I2F0(1,1,2,0)[850,104,ASSEMBLE] vs C1A1T0I1F1(1,1,1,1)[913,84,CUT|ASSEMBLE+INSPECT]"
P2|N24|F|WORK|d100|p125|f80|b25,F,true,6,0,0,true,true,true,6,0,0,true,true,true,6,true,"POOLING C1A1T0I2F0(1,1,2,0)[850,104,ASSEMBLE] vs C1A1T0I1F1(1,1,1,1)[913,84,CUT|ASSEMBLE+INSPECT]"
P2|N24|F|WORK|d100|p125|f80|b50,F,true,10,0,0,true,true,true,10,0,0,true,true,true,10,true,"POOLING C1A1T0I2F0(1,1,2,0)[850,104,ASSEMBLE] vs C1A1T0I1F1(1,1,1,1)[913,84,CUT|ASSEMBLE+INSPECT]"
P2|N24|F|WORK|d100|p150|f20|b0,F,false,0,0,0,false,false,false,0,0,0,false,false,false,0,false,""
P2|N24|F|WORK|d100|p150|f20|b10,F,true,0,4,0,true,true,true,0,4,0,true,true,true,4,true,"MATERIAL_DEDICATED C3A1T1I3F0(3,3,3,0)[1800,47,INSPECT] vs C2A1T1I4F0(2,3,4,0)[1900,46,CUT] surplusEffect=3 threshold=3"
P2|N24|F|WORK|d100|p150|f20|b25,F,true,0,4,0,true,true,true,14,4,0,true,true,true,4,true,"MATERIAL_DEDICATED C3A1T1I3F0(3,3,3,0)[1800,47,INSPECT] vs C2A1T1I4F0(2,3,4,0)[1900,46,CUT] surplusEffect=3 threshold=3"
P2|N24|F|WORK|d100|p150|f20|b50,F,true,9,4,0,true,true,true,48,4,0,true,true,true,4,true,"MATERIAL_DEDICATED C3A1T1I3F0(3,3,3,0)[1800,47,INSPECT] vs C2A1T1I4F0(2,3,4,0)[1900,46,CUT] surplusEffect=3 threshold=3"
P2|N24|F|WORK|d100|p150|f40|b0,F,false,0,0,0,false,false,false,0,0,0,false,false,false,0,false,""
P2|N24|F|WORK|d100|p150|f40|b10,F,false,0,0,0,false,false,false,0,0,0,false,false,false,0,false,""
P2|N24|F|WORK|d100|p150|f40|b25,F,false,0,0,0,false,true,false,0,0,0,false,true,false,0,false,""
P2|N24|F|WORK|d100|p150|f40|b50,F,true,12,0,0,true,true,true,12,0,0,true,true,true,12,true,"POOLING C2A0T1I3F0(2,2,3,0)[1450,57,ASSEMBLE] vs C2A0T1I2F1(2,2,2,1)[1575,53,ASSEMBLE+INSPECT]"
P2|N24|F|WORK|d100|p150|f60|b0,F,false,0,0,0,false,false,false,0,0,0,false,false,false,0,false,""
P2|N24|F|WORK|d100|p150|f60|b10,F,true,2,0,0,true,false,true,2,0,0,true,false,true,2,false,"POOLING C1A1T0I1F1(1,1,1,1)[975,84,CUT|ASSEMBLE+INSPECT] vs C1A0T1I2F0(1,2,2,0)[1050,81,CUT]"
P2|N24|F|WORK|d100|p150|f60|b25,F,true,4,0,0,true,false,true,4,0,0,true,false,true,4,false,"POOLING C1A1T0I1F1(1,1,1,1)[975,84,CUT|ASSEMBLE+INSPECT] vs C1A0T1I2F0(1,2,2,0)[1050,81,CUT]"
P2|N24|F|WORK|d100|p150|f60|b50,F,true,6,0,0,true,false,true,6,0,0,true,false,true,6,false,"POOLING C1A1T0I1F1(1,1,1,1)[975,84,CUT|ASSEMBLE+INSPECT] vs C1A0T1I2F0(1,2,2,0)[1050,81,CUT]"
P2|N24|F|WORK|d100|p150|f80|b0,F,false,0,0,0,false,false,false,0,0,0,false,false,false,0,false,""
P2|N24|F|WORK|d100|p150|f80|b10,F,false,0,0,0,false,false,false,0,0,0,false,false,false,0,false,""
P2|N24|F|WORK|d100|p150|f80|b25,F,true,3,0,0,true,true,true,3,0,0,true,true,true,3,true,"POOLING C1A1T0I2F0(1,1,2,0)[850,104,ASSEMBLE] vs C1A1T0I1F1(1,1,1,1)[975,84,CUT|ASSEMBLE+INSPECT]"
P2|N24|F|WORK|d100|p150|f80|b50,F,true,5,0,0,true,true,true,5,0,0,true,true,true,5,true,"POOLING C1A1T0I2F0(1,1,2,0)[850,104,ASSEMBLE] vs C1A1T0I1F1(1,1,1,1)[975,84,CUT|ASSEMBLE+INSPECT]"
P2|N24|F|WORK|d100|p200|f20|b0,F,false,0,0,0,false,false,false,0,0,0,false,false,false,0,false,""
P2|N24|F|WORK|d100|p200|f20|b10,F,true,0,4,0,true,true,true,0,4,0,true,true,true,4,true,"MATERIAL_DEDICATED C3A1T1I3F0(3,3,3,0)[1800,47,INSPECT] vs C2A1T1I4F0(2,3,4,0)[1900,46,CUT] surplusEffect=3 threshold=3"
P2|N24|F|WORK|d100|p200|f20|b25,F,true,0,4,0,true,true,true,0,4,0,true,true,true,4,true,"MATERIAL_DEDICATED C3A1T1I3F0(3,3,3,0)[1800,47,INSPECT] vs C2A1T1I4F0(2,3,4,0)[1900,46,CUT] surplusEffect=3 threshold=3"
P2|N24|F|WORK|d100|p200|f20|b50,F,true,0,4,0,true,true,true,0,4,0,true,true,true,4,true,"MATERIAL_DEDICATED C3A1T1I3F0(3,3,3,0)[1800,47,INSPECT] vs C2A1T1I4F0(2,3,4,0)[1900,46,CUT] surplusEffect=3 threshold=3"
P2|N24|F|WORK|d100|p200|f40|b0,F,false,0,0,0,false,false,false,0,0,0,false,false,false,0,false,""
P2|N24|F|WORK|d100|p200|f40|b10,F,false,0,0,0,false,false,false,0,0,0,false,false,false,0,false,""
P2|N24|F|WORK|d100|p200|f40|b25,F,false,0,0,0,false,true,false,0,0,0,false,true,false,0,false,""
P2|N24|F|WORK|d100|p200|f40|b50,F,false,0,0,0,false,true,false,0,0,0,false,true,false,0,false,""
P2|N24|F|WORK|d100|p200|f60|b0,F,false,0,0,0,false,false,false,0,0,0,false,false,false,0,false,""
P2|N24|F|WORK|d100|p200|f60|b10,F,false,0,0,0,false,false,false,0,0,0,false,false,false,0,false,""
P2|N24|F|WORK|d100|p200|f60|b25,F,false,0,0,0,false,true,false,0,0,0,false,true,false,0,false,""
P2|N24|F|WORK|d100|p200|f60|b50,F,false,0,0,0,false,true,false,0,0,0,false,true,false,0,false,""
P2|N24|F|WORK|d100|p200|f80|b0,F,false,0,0,0,false,false,false,0,0,0,false,false,false,0,false,""
P2|N24|F|WORK|d100|p200|f80|b10,F,false,0,0,0,false,false,false,0,0,0,false,false,false,0,false,""
P2|N24|F|WORK|d100|p200|f80|b25,F,false,0,0,0,false,true,false,0,0,0,false,true,false,0,false,""
P2|N24|F|WORK|d100|p200|f80|b50,F,false,0,0,0,false,true,false,0,0,0,false,true,false,0,false,""
