design,cutters,assemblers,twins,inspectors,flex,provision,completion,active,occupancy,sharedDualUse
C1A0T0I0F1,1,0,0,0,1,"(1,0,0,1)",111,ASSEMBLE+INSPECT,CUT=36/111;ASSEMBLE+INSPECT=108/111,true
C1A0T0I0F2,1,0,0,0,2,"(1,0,0,2)",60,ASSEMBLE+INSPECT,CUT=36/60;ASSEMBLE+INSPECT=108/120,true
C1A0T0I0F3,1,0,0,0,3,"(1,0,0,3)",45,CUT|ASSEMBLE+INSPECT,CUT=36/45;ASSEMBLE+INSPECT=108/135,true
C1A0T0I1F1,1,0,0,1,1,"(1,0,1,1)",81,ASSEMBLE+INSPECT,CUT=36/81;ASSEMBLE+INSPECT=108/162,true
C1A0T0I1F2,1,0,0,1,2,"(1,0,1,2)",48,CUT|ASSEMBLE+INSPECT,CUT=36/48;ASSEMBLE+INSPECT=108/144,true
C1A0T0I1F3,1,0,0,1,3,"(1,0,1,3)",45,CUT,CUT=36/45;ASSEMBLE+INSPECT=108/180,true
C1A0T0I2F1,1,0,0,2,1,"(1,0,2,1)",56,CUT|ASSEMBLE+INSPECT,CUT=36/56;ASSEMBLE+INSPECT=108/168,false
C1A0T0I2F2,1,0,0,2,2,"(1,0,2,2)",45,CUT,CUT=36/45;ASSEMBLE+INSPECT=108/180,false
C1A0T0I2F3,1,0,0,2,3,"(1,0,2,3)",45,CUT,CUT=36/45;ASSEMBLE+INSPECT=108/225,false
C1A0T0I3F1,1,0,0,3,1,"(1,0,3,1)",56,CUT,CUT=36/56;ASSEMBLE+INSPECT=108/224,false
C1A0T0I3F2,1,0,0,3,2,"(1,0,3,2)",45,CUT,CUT=36/45;ASSEMBLE+INSPECT=108/225,false
C1A0T0I3F3,1,0,0,3,3,"(1,0,3,3)",45,CUT,CUT=36/45;ASSEMBLE+INSPECT=108/270,false
C1A0T0I4F1,1,0,0,4,1,"(1,0,4,1)",56,CUT,CUT=36/56;ASSEMBLE+INSPECT=108/280,false
C1A0T0I4F2,1,0,0,4,2,"(1,0,4,2)",45,CUT,CUT=36/45;ASSEMBLE+INSPECT=108/270,false
C1A0T0I4F3,1,0,0,4,3,"(1,0,4,3)",45,CUT,CUT=36/45;ASSEMBLE+INSPECT=108/315,false
C1A0T1I0F1,1,0,1,0,1,"(1,2,0,1)",67,CUT|ASSEMBLE+INSPECT,CUT=36/67;ASSEMBLE+INSPECT=108/201,false
C1A0T1I0F2,1,0,1,0,2,"(1,2,0,2)",45,CUT,CUT=36/45;ASSEMBLE+INSPECT=108/180,false
C1A0T1I0F3,1,0,1,0,3,"(1,2,0,3)",45,CUT,CUT=36/45;ASSEMBLE+INSPECT=108/225,false
C1A0T1I1F0,1,0,1,1,0,"(1,2,1,0)",67,INSPECT,CUT=36/67;ASSEMBLE=48/134;INSPECT=60/67,false
C1A0T1I1F1,1,0,1,1,1,"(1,2,1,1)",45,CUT,CUT=36/45;ASSEMBLE+INSPECT=108/180,false
C1A0T1I1F2,1,0,1,1,2,"(1,2,1,2)",45,CUT,CUT=36/45;ASSEMBLE+INSPECT=108/225,false
C1A0T1I1F3,1,0,1,1,3,"(1,2,1,3)",45,CUT,CUT=36/45;ASSEMBLE+INSPECT=108/270,false
C1A0T1I2F0,1,0,1,2,0,"(1,2,2,0)",45,CUT,CUT=36/45;ASSEMBLE=48/90;INSPECT=60/90,false
C1A0T1I2F1,1,0,1,2,1,"(1,2,2,1)",45,CUT,CUT=36/45;ASSEMBLE+INSPECT=108/225,false
C1A0T1I2F2,1,0,1,2,2,"(1,2,2,2)",45,CUT,CUT=36/45;ASSEMBLE+INSPECT=108/270,false
C1A0T1I2F3,1,0,1,2,3,"(1,2,2,3)",45,CUT,CUT=36/45;ASSEMBLE+INSPECT=108/315,false
C1A0T1I3F0,1,0,1,3,0,"(1,2,3,0)",45,CUT,CUT=36/45;ASSEMBLE=48/90;INSPECT=60/135,false
C1A0T1I3F1,1,0,1,3,1,"(1,2,3,1)",45,CUT,CUT=36/45;ASSEMBLE+INSPECT=108/270,false
C1A0T1I3F2,1,0,1,3,2,"(1,2,3,2)",45,CUT,CUT=36/45;ASSEMBLE+INSPECT=108/315,false
C1A0T1I3F3,1,0,1,3,3,"(1,2,3,3)",45,CUT,CUT=36/45;ASSEMBLE+INSPECT=108/360,false
C1A0T1I4F0,1,0,1,4,0,"(1,2,4,0)",45,CUT,CUT=36/45;ASSEMBLE=48/90;INSPECT=60/180,false
C1A0T1I4F1,1,0,1,4,1,"(1,2,4,1)",45,CUT,CUT=36/45;ASSEMBLE+INSPECT=108/315,false
C1A0T1I4F2,1,0,1,4,2,"(1,2,4,2)",45,CUT,CUT=36/45;ASSEMBLE+INSPECT=108/360,false
C1A0T1I4F3,1,0,1,4,3,"(1,2,4,3)",45,CUT,CUT=36/45;ASSEMBLE+INSPECT=108/405,false
C1A0T2I0F1,1,0,2,0,1,"(1,4,0,1)",67,CUT,CUT=36/67;ASSEMBLE+INSPECT=108/335,false
C1A0T2I0F2,1,0,2,0,2,"(1,4,0,2)",45,CUT,CUT=36/45;ASSEMBLE+INSPECT=108/270,false
C1A0T2I0F3,1,0,2,0,3,"(1,4,0,3)",45,CUT,CUT=36/45;ASSEMBLE+INSPECT=108/315,false
C1A0T2I1F0,1,0,2,1,0,"(1,4,1,0)",67,INSPECT,CUT=36/67;ASSEMBLE=48/268;INSPECT=60/67,false
C1A0T2I1F1,1,0,2,1,1,"(1,4,1,1)",45,CUT,CUT=36/45;ASSEMBLE+INSPECT=108/270,false
C1A0T2I1F2,1,0,2,1,2,"(1,4,1,2)",45,CUT,CUT=36/45;ASSEMBLE+INSPECT=108/315,false
C1A0T2I1F3,1,0,2,1,3,"(1,4,1,3)",45,CUT,CUT=36/45;ASSEMBLE+INSPECT=108/360,false
C1A0T2I2F0,1,0,2,2,0,"(1,4,2,0)",45,CUT,CUT=36/45;ASSEMBLE=48/180;INSPECT=60/90,false
C1A0T2I2F1,1,0,2,2,1,"(1,4,2,1)",45,CUT,CUT=36/45;ASSEMBLE+INSPECT=108/315,false
C1A0T2I2F2,1,0,2,2,2,"(1,4,2,2)",45,CUT,CUT=36/45;ASSEMBLE+INSPECT=108/360,false
C1A0T2I2F3,1,0,2,2,3,"(1,4,2,3)",45,CUT,CUT=36/45;ASSEMBLE+INSPECT=108/405,false
C1A0T2I3F0,1,0,2,3,0,"(1,4,3,0)",45,CUT,CUT=36/45;ASSEMBLE=48/180;INSPECT=60/135,false
C1A0T2I3F1,1,0,2,3,1,"(1,4,3,1)",45,CUT,CUT=36/45;ASSEMBLE+INSPECT=108/360,false
C1A0T2I3F2,1,0,2,3,2,"(1,4,3,2)",45,CUT,CUT=36/45;ASSEMBLE+INSPECT=108/405,false
C1A0T2I3F3,1,0,2,3,3,"(1,4,3,3)",45,CUT,CUT=36/45;ASSEMBLE+INSPECT=108/450,false
C1A0T2I4F0,1,0,2,4,0,"(1,4,4,0)",45,CUT,CUT=36/45;ASSEMBLE=48/180;INSPECT=60/180,false
C1A0T2I4F1,1,0,2,4,1,"(1,4,4,1)",45,CUT,CUT=36/45;ASSEMBLE+INSPECT=108/405,false
C1A0T2I4F2,1,0,2,4,2,"(1,4,4,2)",45,CUT,CUT=36/45;ASSEMBLE+INSPECT=108/450,false
C1A0T2I4F3,1,0,2,4,3,"(1,4,4,3)",45,CUT,CUT=36/45;ASSEMBLE+INSPECT=108/495,false
C1A0T3I0F1,1,0,3,0,1,"(1,6,0,1)",67,CUT,CUT=36/67;ASSEMBLE+INSPECT=108/469,false
C1A0T3I0F2,1,0,3,0,2,"(1,6,0,2)",45,CUT,CUT=36/45;ASSEMBLE+INSPECT=108/360,false
C1A0T3I0F3,1,0,3,0,3,"(1,6,0,3)",45,CUT,CUT=36/45;ASSEMBLE+INSPECT=108/405,false
C1A0T3I1F0,1,0,3,1,0,"(1,6,1,0)",67,INSPECT,CUT=36/67;ASSEMBLE=48/402;INSPECT=60/67,false
C1A0T3I1F1,1,0,3,1,1,"(1,6,1,1)",45,CUT,CUT=36/45;ASSEMBLE+INSPECT=108/360,false
C1A0T3I1F2,1,0,3,1,2,"(1,6,1,2)",45,CUT,CUT=36/45;ASSEMBLE+INSPECT=108/405,false
C1A0T3I1F3,1,0,3,1,3,"(1,6,1,3)",45,CUT,CUT=36/45;ASSEMBLE+INSPECT=108/450,false
C1A0T3I2F0,1,0,3,2,0,"(1,6,2,0)",45,CUT,CUT=36/45;ASSEMBLE=48/270;INSPECT=60/90,false
C1A0T3I2F1,1,0,3,2,1,"(1,6,2,1)",45,CUT,CUT=36/45;ASSEMBLE+INSPECT=108/405,false
C1A0T3I2F2,1,0,3,2,2,"(1,6,2,2)",45,CUT,CUT=36/45;ASSEMBLE+INSPECT=108/450,false
C1A0T3I2F3,1,0,3,2,3,"(1,6,2,3)",45,CUT,CUT=36/45;ASSEMBLE+INSPECT=108/495,false
C1A0T3I3F0,1,0,3,3,0,"(1,6,3,0)",45,CUT,CUT=36/45;ASSEMBLE=48/270;INSPECT=60/135,false
C1A0T3I3F1,1,0,3,3,1,"(1,6,3,1)",45,CUT,CUT=36/45;ASSEMBLE+INSPECT=108/450,false
C1A0T3I3F2,1,0,3,3,2,"(1,6,3,2)",45,CUT,CUT=36/45;ASSEMBLE+INSPECT=108/495,false
C1A0T3I3F3,1,0,3,3,3,"(1,6,3,3)",45,CUT,CUT=36/45;ASSEMBLE+INSPECT=108/540,false
C1A0T3I4F0,1,0,3,4,0,"(1,6,4,0)",45,CUT,CUT=36/45;ASSEMBLE=48/270;INSPECT=60/180,false
C1A0T3I4F1,1,0,3,4,1,"(1,6,4,1)",45,CUT,CUT=36/45;ASSEMBLE+INSPECT=108/495,false
C1A0T3I4F2,1,0,3,4,2,"(1,6,4,2)",45,CUT,CUT=36/45;ASSEMBLE+INSPECT=108/540,false
C1A0T3I4F3,1,0,3,4,3,"(1,6,4,3)",45,CUT,CUT=36/45;ASSEMBLE+INSPECT=108/585,false
C1A1T0I0F1,1,1,0,0,1,"(1,1,0,1)",70,ASSEMBLE+INSPECT,CUT=36/70;ASSEMBLE+INSPECT=108/140,true
C1A1T0I0F2,1,1,0,0,2,"(1,1,0,2)",46,CUT|ASSEMBLE+INSPECT,CUT=36/46;ASSEMBLE+INSPECT=108/138,true
C1A1T0I0F3,1,1,0,0,3,"(1,1,0,3)",45,CUT,CUT=36/45;ASSEMBLE+INSPECT=108/180,true
C1A1T0I1F0,1,1,0,1,0,"(1,1,1,0)",67,INSPECT,CUT=36/67;ASSEMBLE=48/67;INSPECT=60/67,false
C1A1T0I1F1,1,1,0,1,1,"(1,1,1,1)",47,CUT|ASSEMBLE+INSPECT,CUT=36/47;ASSEMBLE+INSPECT=108/141,true
C1A1T0I1F2,1,1,0,1,2,"(1,1,1,2)",45,CUT,CUT=36/45;ASSEMBLE+INSPECT=108/180,true
C1A1T0I1F3,1,1,0,1,3,"(1,1,1,3)",45,CUT,CUT=36/45;ASSEMBLE+INSPECT=108/225,true
C1A1T0I2F0,1,1,0,2,0,"(1,1,2,0)",56,ASSEMBLE,CUT=36/56;ASSEMBLE=48/56;INSPECT=60/112,false
C1A1T0I2F1,1,1,0,2,1,"(1,1,2,1)",45,CUT,CUT=36/45;ASSEMBLE+INSPECT=108/180,false
C1A1T0I2F2,1,1,0,2,2,"(1,1,2,2)",45,CUT,CUT=36/45;ASSEMBLE+INSPECT=108/225,false
C1A1T0I2F3,1,1,0,2,3,"(1,1,2,3)",45,CUT,CUT=36/45;ASSEMBLE+INSPECT=108/270,false
C1A1T0I3F0,1,1,0,3,0,"(1,1,3,0)",56,ASSEMBLE,CUT=36/56;ASSEMBLE=48/56;INSPECT=60/168,false
C1A1T0I3F1,1,1,0,3,1,"(1,1,3,1)",45,CUT,CUT=36/45;ASSEMBLE+INSPECT=108/225,false
C1A1T0I3F2,1,1,0,3,2,"(1,1,3,2)",45,CUT,CUT=36/45;ASSEMBLE+INSPECT=108/270,false
C1A1T0I3F3,1,1,0,3,3,"(1,1,3,3)",45,CUT,CUT=36/45;ASSEMBLE+INSPECT=108/315,false
C1A1T0I4F0,1,1,0,4,0,"(1,1,4,0)",56,ASSEMBLE,CUT=36/56;ASSEMBLE=48/56;INSPECT=60/224,false
C1A1T0I4F1,1,1,0,4,1,"(1,1,4,1)",45,CUT,CUT=36/45;ASSEMBLE+INSPECT=108/270,false
C1A1T0I4F2,1,1,0,4,2,"(1,1,4,2)",45,CUT,CUT=36/45;ASSEMBLE+INSPECT=108/315,false
C1A1T0I4F3,1,1,0,4,3,"(1,1,4,3)",45,CUT,CUT=36/45;ASSEMBLE+INSPECT=108/360,false
C1A1T1I0F1,1,1,1,0,1,"(1,3,0,1)",67,CUT,CUT=36/67;ASSEMBLE+INSPECT=108/268,false
C1A1T1I0F2,1,1,1,0,2,"(1,3,0,2)",45,CUT,CUT=36/45;ASSEMBLE+INSPECT=108/225,false
C1A1T1I0F3,1,1,1,0,3,"(1,3,0,3)",45,CUT,CUT=36/45;ASSEMBLE+INSPECT=108/270,false
C1A1T1I1F0,1,1,1,1,0,"(1,3,1,0)",67,INSPECT,CUT=36/67;ASSEMBLE=48/201;INSPECT=60/67,false
C1A1T1I1F1,1,1,1,1,1,"(1,3,1,1)",45,CUT,CUT=36/45;ASSEMBLE+INSPECT=108/225,false
C1A1T1I1F2,1,1,1,1,2,"(1,3,1,2)",45,CUT,CUT=36/45;ASSEMBLE+INSPECT=108/270,false
C1A1T1I1F3,1,1,1,1,3,"(1,3,1,3)",45,CUT,CUT=36/45;ASSEMBLE+INSPECT=108/315,false
C1A1T1I2F0,1,1,1,2,0,"(1,3,2,0)",45,CUT,CUT=36/45;ASSEMBLE=48/135;INSPECT=60/90,false
C1A1T1I2F1,1,1,1,2,1,"(1,3,2,1)",45,CUT,CUT=36/45;ASSEMBLE+INSPECT=108/270,false
C1A1T1I2F2,1,1,1,2,2,"(1,3,2,2)",45,CUT,CUT=36/45;ASSEMBLE+INSPECT=108/315,false
C1A1T1I2F3,1,1,1,2,3,"(1,3,2,3)",45,CUT,CUT=36/45;ASSEMBLE+INSPECT=108/360,false
C1A1T1I3F0,1,1,1,3,0,"(1,3,3,0)",45,CUT,CUT=36/45;ASSEMBLE=48/135;INSPECT=60/135,false
C1A1T1I3F1,1,1,1,3,1,"(1,3,3,1)",45,CUT,CUT=36/45;ASSEMBLE+INSPECT=108/315,false
C1A1T1I3F2,1,1,1,3,2,"(1,3,3,2)",45,CUT,CUT=36/45;ASSEMBLE+INSPECT=108/360,false
C1A1T1I3F3,1,1,1,3,3,"(1,3,3,3)",45,CUT,CUT=36/45;ASSEMBLE+INSPECT=108/405,false
C1A1T1I4F0,1,1,1,4,0,"(1,3,4,0)",45,CUT,CUT=36/45;ASSEMBLE=48/135;INSPECT=60/180,false
C1A1T1I4F1,1,1,1,4,1,"(1,3,4,1)",45,CUT,CUT=36/45;ASSEMBLE+INSPECT=108/360,false
C1A1T1I4F2,1,1,1,4,2,"(1,3,4,2)",45,CUT,CUT=36/45;ASSEMBLE+INSPECT=108/405,false
C1A1T1I4F3,1,1,1,4,3,"(1,3,4,3)",45,CUT,CUT=36/45;ASSEMBLE+INSPECT=108/450,false
C1A1T2I0F1,1,1,2,0,1,"(1,5,0,1)",67,CUT,CUT=36/67;ASSEMBLE+INSPECT=108/402,false
C1A1T2I0F2,1,1,2,0,2,"(1,5,0,2)",45,CUT,CUT=36/45;ASSEMBLE+INSPECT=108/315,false
C1A1T2I0F3,1,1,2,0,3,"(1,5,0,3)",45,CUT,CUT=36/45;ASSEMBLE+INSPECT=108/360,false
C1A1T2I1F0,1,1,2,1,0,"(1,5,1,0)",67,INSPECT,CUT=36/67;ASSEMBLE=48/335;INSPECT=60/67,false
C1A1T2I1F1,1,1,2,1,1,"(1,5,1,1)",45,CUT,CUT=36/45;ASSEMBLE+INSPECT=108/315,false
C1A1T2I1F2,1,1,2,1,2,"(1,5,1,2)",45,CUT,CUT=36/45;ASSEMBLE+INSPECT=108/360,false
C1A1T2I1F3,1,1,2,1,3,"(1,5,1,3)",45,CUT,CUT=36/45;ASSEMBLE+INSPECT=108/405,false
C1A1T2I2F0,1,1,2,2,0,"(1,5,2,0)",45,CUT,CUT=36/45;ASSEMBLE=48/225;INSPECT=60/90,false
C1A1T2I2F1,1,1,2,2,1,"(1,5,2,1)",45,CUT,CUT=36/45;ASSEMBLE+INSPECT=108/360,false
C1A1T2I2F2,1,1,2,2,2,"(1,5,2,2)",45,CUT,CUT=36/45;ASSEMBLE+INSPECT=108/405,false
C1A1T2I2F3,1,1,2,2,3,"(1,5,2,3)",45,CUT,CUT=36/45;ASSEMBLE+INSPECT=108/450,false
C1A1T2I3F0,1,1,2,3,0,"(1,5,3,0)",45,CUT,CUT=36/45;ASSEMBLE=48/225;INSPECT=60/135,false
C1A1T2I3F1,1,1,2,3,1,"(1,5,3,1)",45,CUT,CUT=36/45;ASSEMBLE+INSPECT=108/405,false
C1A1T2I3F2,1,1,2,3,2,"(1,5,3,2)",45,CUT,CUT=36/45;ASSEMBLE+INSPECT=108/450,false
C1A1T2I3F3,1,1,2,3,3,"(1,5,3,3)",45,CUT,CUT=36/45;ASSEMBLE+INSPECT=108/495,false
C1A1T2I4F0,1,1,2,4,0,"(1,5,4,0)",45,CUT,CUT=36/45;ASSEMBLE=48/225;INSPECT=60/180,false
C1A1T2I4F1,1,1,2,4,1,"(1,5,4,1)",45,CUT,CUT=36/45;ASSEMBLE+INSPECT=108/450,false
C1A1T2I4F2,1,1,2,4,2,"(1,5,4,2)",45,CUT,CUT=36/45;ASSEMBLE+INSPECT=108/495,false
C1A1T2I4F3,1,1,2,4,3,"(1,5,4,3)",45,CUT,CUT=36/45;ASSEMBLE+INSPECT=108/540,false
C1A1T3I0F1,1,1,3,0,1,"(1,7,0,1)",67,CUT,CUT=36/67;ASSEMBLE+INSPECT=108/536,false
C1A1T3I0F2,1,1,3,0,2,"(1,7,0,2)",45,CUT,CUT=36/45;ASSEMBLE+INSPECT=108/405,false
C1A1T3I0F3,1,1,3,0,3,"(1,7,0,3)",45,CUT,CUT=36/45;ASSEMBLE+INSPECT=108/450,false
C1A1T3I1F0,1,1,3,1,0,"(1,7,1,0)",67,INSPECT,CUT=36/67;ASSEMBLE=48/469;INSPECT=60/67,false
C1A1T3I1F1,1,1,3,1,1,"(1,7,1,1)",45,CUT,CUT=36/45;ASSEMBLE+INSPECT=108/405,false
C1A1T3I1F2,1,1,3,1,2,"(1,7,1,2)",45,CUT,CUT=36/45;ASSEMBLE+INSPECT=108/450,false
C1A1T3I1F3,1,1,3,1,3,"(1,7,1,3)",45,CUT,CUT=36/45;ASSEMBLE+INSPECT=108/495,false
C1A1T3I2F0,1,1,3,2,0,"(1,7,2,0)",45,CUT,CUT=36/45;ASSEMBLE=48/315;INSPECT=60/90,false
C1A1T3I2F1,1,1,3,2,1,"(1,7,2,1)",45,CUT,CUT=36/45;ASSEMBLE+INSPECT=108/450,false
C1A1T3I2F2,1,1,3,2,2,"(1,7,2,2)",45,CUT,CUT=36/45;ASSEMBLE+INSPECT=108/495,false
C1A1T3I2F3,1,1,3,2,3,"(1,7,2,3)",45,CUT,CUT=36/45;ASSEMBLE+INSPECT=108/540,false
C1A1T3I3F0,1,1,3,3,0,"(1,7,3,0)",45,CUT,CUT=36/45;ASSEMBLE=48/315;INSPECT=60/135,false
C1A1T3I3F1,1,1,3,3,1,"(1,7,3,1)",45,CUT,CUT=36/45;ASSEMBLE+INSPECT=108/495,false
C1A1T3I3F2,1,1,3,3,2,"(1,7,3,2)",45,CUT,CUT=36/45;ASSEMBLE+INSPECT=108/540,false
C1A1T3I3F3,1,1,3,3,3,"(1,7,3,3)",45,CUT,CUT=36/45;ASSEMBLE+INSPECT=108/585,false
C1A1T3I4F0,1,1,3,4,0,"(1,7,4,0)",45,CUT,CUT=36/45;ASSEMBLE=48/315;INSPECT=60/180,false
C1A1T3I4F1,1,1,3,4,1,"(1,7,4,1)",45,CUT,CUT=36/45;ASSEMBLE+INSPECT=108/540,false
C1A1T3I4F2,1,1,3,4,2,"(1,7,4,2)",45,CUT,CUT=36/45;ASSEMBLE+INSPECT=108/585,false
C1A1T3I4F3,1,1,3,4,3,"(1,7,4,3)",45,CUT,CUT=36/45;ASSEMBLE+INSPECT=108/630,false
C1A2T0I0F1,1,2,0,0,1,"(1,2,0,1)",67,CUT|ASSEMBLE+INSPECT,CUT=36/67;ASSEMBLE+INSPECT=108/201,false
C1A2T0I0F2,1,2,0,0,2,"(1,2,0,2)",45,CUT,CUT=36/45;ASSEMBLE+INSPECT=108/180,false
C1A2T0I0F3,1,2,0,0,3,"(1,2,0,3)",45,CUT,CUT=36/45;ASSEMBLE+INSPECT=108/225,false
C1A2T0I1F0,1,2,0,1,0,"(1,2,1,0)",67,INSPECT,CUT=36/67;ASSEMBLE=48/134;INSPECT=60/67,false
C1A2T0I1F1,1,2,0,1,1,"(1,2,1,1)",45,CUT,CUT=36/45;ASSEMBLE+INSPECT=108/180,false
C1A2T0I1F2,1,2,0,1,2,"(1,2,1,2)",45,CUT,CUT=36/45;ASSEMBLE+INSPECT=108/225,false
C1A2T0I1F3,1,2,0,1,3,"(1,2,1,3)",45,CUT,CUT=36/45;ASSEMBLE+INSPECT=108/270,false
C1A2T0I2F0,1,2,0,2,0,"(1,2,2,0)",45,CUT,CUT=36/45;ASSEMBLE=48/90;INSPECT=60/90,false
C1A2T0I2F1,1,2,0,2,1,"(1,2,2,1)",45,CUT,CUT=36/45;ASSEMBLE+INSPECT=108/225,false
C1A2T0I2F2,1,2,0,2,2,"(1,2,2,2)",45,CUT,CUT=36/45;ASSEMBLE+INSPECT=108/270,false
C1A2T0I2F3,1,2,0,2,3,"(1,2,2,3)",45,CUT,CUT=36/45;ASSEMBLE+INSPECT=108/315,false
C1A2T0I3F0,1,2,0,3,0,"(1,2,3,0)",45,CUT,CUT=36/45;ASSEMBLE=48/90;INSPECT=60/135,false
C1A2T0I3F1,1,2,0,3,1,"(1,2,3,1)",45,CUT,CUT=36/45;ASSEMBLE+INSPECT=108/270,false
C1A2T0I3F2,1,2,0,3,2,"(1,2,3,2)",45,CUT,CUT=36/45;ASSEMBLE+INSPECT=108/315,false
C1A2T0I3F3,1,2,0,3,3,"(1,2,3,3)",45,CUT,CUT=36/45;ASSEMBLE+INSPECT=108/360,false
C1A2T0I4F0,1,2,0,4,0,"(1,2,4,0)",45,CUT,CUT=36/45;ASSEMBLE=48/90;INSPECT=60/180,false
C1A2T0I4F1,1,2,0,4,1,"(1,2,4,1)",45,CUT,CUT=36/45;ASSEMBLE+INSPECT=108/315,false
C1A2T0I4F2,1,2,0,4,2,"(1,2,4,2)",45,CUT,CUT=36/45;ASSEMBLE+INSPECT=108/360,false
C1A2T0I4F3,1,2,0,4,3,"(1,2,4,3)",45,CUT,CUT=36/45;ASSEMBLE+INSPECT=108/405,false
C1A2T1I0F1,1,2,1,0,1,"(1,4,0,1)",67,CUT,CUT=36/67;ASSEMBLE+INSPECT=108/335,false
C1A2T1I0F2,1,2,1,0,2,"(1,4,0,2)",45,CUT,CUT=36/45;ASSEMBLE+INSPECT=108/270,false
C1A2T1I0F3,1,2,1,0,3,"(1,4,0,3)",45,CUT,CUT=36/45;ASSEMBLE+INSPECT=108/315,false
C1A2T1I1F0,1,2,1,1,0,"(1,4,1,0)",67,INSPECT,CUT=36/67;ASSEMBLE=48/268;INSPECT=60/67,false
C1A2T1I1F1,1,2,1,1,1,"(1,4,1,1)",45,CUT,CUT=36/45;ASSEMBLE+INSPECT=108/270,false
C1A2T1I1F2,1,2,1,1,2,"(1,4,1,2)",45,CUT,CUT=36/45;ASSEMBLE+INSPECT=108/315,false
C1A2T1I1F3,1,2,1,1,3,"(1,4,1,3)",45,CUT,CUT=36/45;ASSEMBLE+INSPECT=108/360,false
C1A2T1I2F0,1,2,1,2,0,"(1,4,2,0)",45,CUT,CUT=36/45;ASSEMBLE=48/180;INSPECT=60/90,false
C1A2T1I2F1,1,2,1,2,1,"(1,4,2,1)",45,CUT,CUT=36/45;ASSEMBLE+INSPECT=108/315,false
C1A2T1I2F2,1,2,1,2,2,"(1,4,2,2)",45,CUT,CUT=36/45;ASSEMBLE+INSPECT=108/360,false
C1A2T1I2F3,1,2,1,2,3,"(1,4,2,3)",45,CUT,CUT=36/45;ASSEMBLE+INSPECT=108/405,false
C1A2T1I3F0,1,2,1,3,0,"(1,4,3,0)",45,CUT,CUT=36/45;ASSEMBLE=48/180;INSPECT=60/135,false
C1A2T1I3F1,1,2,1,3,1,"(1,4,3,1)",45,CUT,CUT=36/45;ASSEMBLE+INSPECT=108/360,false
C1A2T1I3F2,1,2,1,3,2,"(1,4,3,2)",45,CUT,CUT=36/45;ASSEMBLE+INSPECT=108/405,false
C1A2T1I3F3,1,2,1,3,3,"(1,4,3,3)",45,CUT,CUT=36/45;ASSEMBLE+INSPECT=108/450,false
C1A2T1I4F0,1,2,1,4,0,"(1,4,4,0)",45,CUT,CUT=36/45;ASSEMBLE=48/180;INSPECT=60/180,false
C1A2T1I4F1,1,2,1,4,1,"(1,4,4,1)",45,CUT,CUT=36/45;ASSEMBLE+INSPECT=108/405,false
C1A2T1I4F2,1,2,1,4,2,"(1,4,4,2)",45,CUT,CUT=36/45;ASSEMBLE+INSPECT=108/450,false
C1A2T1I4F3,1,2,1,4,3,"(1,4,4,3)",45,CUT,CUT=36/45;ASSEMBLE+INSPECT=108/495,false
C1A2T2I0F1,1,2,2,0,1,"(1,6,0,1)",67,CUT,CUT=36/67;ASSEMBLE+INSPECT=108/469,false
C1A2T2I0F2,1,2,2,0,2,"(1,6,0,2)",45,CUT,CUT=36/45;ASSEMBLE+INSPECT=108/360,false
C1A2T2I0F3,1,2,2,0,3,"(1,6,0,3)",45,CUT,CUT=36/45;ASSEMBLE+INSPECT=108/405,false
C1A2T2I1F0,1,2,2,1,0,"(1,6,1,0)",67,INSPECT,CUT=36/67;ASSEMBLE=48/402;INSPECT=60/67,false
C1A2T2I1F1,1,2,2,1,1,"(1,6,1,1)",45,CUT,CUT=36/45;ASSEMBLE+INSPECT=108/360,false
C1A2T2I1F2,1,2,2,1,2,"(1,6,1,2)",45,CUT,CUT=36/45;ASSEMBLE+INSPECT=108/405,false
C1A2T2I1F3,1,2,2,1,3,"(1,6,1,3)",45,CUT,CUT=36/45;ASSEMBLE+INSPECT=108/450,false
C1A2T2I2F0,1,2,2,2,0,"(1,6,2,0)",45,CUT,CUT=36/45;ASSEMBLE=48/270;INSPECT=60/90,false
C1A2T2I2F1,1,2,2,2,1,"(1,6,2,1)",45,CUT,CUT=36/45;ASSEMBLE+INSPECT=108/405,false
C1A2T2I2F2,1,2,2,2,2,"(1,6,2,2)",45,CUT,CUT=36/45;ASSEMBLE+INSPECT=108/450,false
C1A2T2I2F3,1,2,2,2,3,"(1,6,2,3)",45,CUT,CUT=36/45;ASSEMBLE+INSPECT=108/495,false
C1A2T2I3F0,1,2,2,3,0,"(1,6,3,0)",45,CUT,CUT=36/45;ASSEMBLE=48/270;INSPECT=60/135,false
C1A2T2I3F1,1,2,2,3,1,"(1,6,3,1)",45,CUT,CUT=36/45;ASSEMBLE+INSPECT=108/450,false
C1A2T2I3F2,1,2,2,3,2,"(1,6,3,2)",45,CUT,CUT=36/45;ASSEMBLE+INSPECT=108/495,false
C1A2T2I3F3,1,2,2,3,3,"(1,6,3,3)",45,CUT,CUT=36/45;ASSEMBLE+INSPECT=108/540,false
C1A2T2I4F0,1,2,2,4,0,"(1,6,4,0)",45,CUT,CUT=36/45;ASSEMBLE=48/270;INSPECT=60/180,false
C1A2T2I4F1,1,2,2,4,1,"(1,6,4,1)",45,CUT,CUT=36/45;ASSEMBLE+INSPECT=108/495,false
C1A2T2I4F2,1,2,2,4,2,"(1,6,4,2)",45,CUT,CUT=36/45;ASSEMBLE+INSPECT=108/540,false
C1A2T2I4F3,1,2,2,4,3,"(1,6,4,3)",45,CUT,CUT=36/45;ASSEMBLE+INSPECT=108/585,false
C1A2T3I0F1,1,2,3,0,1,"(1,8,0,1)",67,CUT,CUT=36/67;ASSEMBLE+INSPECT=108/603,false
C1A2T3I0F2,1,2,3,0,2,"(1,8,0,2)",45,CUT,CUT=36/45;ASSEMBLE+INSPECT=108/450,false
C1A2T3I0F3,1,2,3,0,3,"(1,8,0,3)",45,CUT,CUT=36/45;ASSEMBLE+INSPECT=108/495,false
C1A2T3I1F0,1,2,3,1,0,"(1,8,1,0)",67,INSPECT,CUT=36/67;ASSEMBLE=48/536;INSPECT=60/67,false
C1A2T3I1F1,1,2,3,1,1,"(1,8,1,1)",45,CUT,CUT=36/45;ASSEMBLE+INSPECT=108/450,false
C1A2T3I1F2,1,2,3,1,2,"(1,8,1,2)",45,CUT,CUT=36/45;ASSEMBLE+INSPECT=108/495,false
C1A2T3I1F3,1,2,3,1,3,"(1,8,1,3)",45,CUT,CUT=36/45;ASSEMBLE+INSPECT=108/540,false
C1A2T3I2F0,1,2,3,2,0,"(1,8,2,0)",45,CUT,CUT=36/45;ASSEMBLE=48/360;INSPECT=60/90,false
C1A2T3I2F1,1,2,3,2,1,"(1,8,2,1)",45,CUT,CUT=36/45;ASSEMBLE+INSPECT=108/495,false
C1A2T3I2F2,1,2,3,2,2,"(1,8,2,2)",45,CUT,CUT=36/45;ASSEMBLE+INSPECT=108/540,false
C1A2T3I2F3,1,2,3,2,3,"(1,8,2,3)",45,CUT,CUT=36/45;ASSEMBLE+INSPECT=108/585,false
C1A2T3I3F0,1,2,3,3,0,"(1,8,3,0)",45,CUT,CUT=36/45;ASSEMBLE=48/360;INSPECT=60/135,false
C1A2T3I3F1,1,2,3,3,1,"(1,8,3,1)",45,CUT,CUT=36/45;ASSEMBLE+INSPECT=108/540,false
C1A2T3I3F2,1,2,3,3,2,"(1,8,3,2)",45,CUT,CUT=36/45;ASSEMBLE+INSPECT=108/585,false
C1A2T3I3F3,1,2,3,3,3,"(1,8,3,3)",45,CUT,CUT=36/45;ASSEMBLE+INSPECT=108/630,false
C1A2T3I4F0,1,2,3,4,0,"(1,8,4,0)",45,CUT,CUT=36/45;ASSEMBLE=48/360;INSPECT=60/180,false
C1A2T3I4F1,1,2,3,4,1,"(1,8,4,1)",45,CUT,CUT=36/45;ASSEMBLE+INSPECT=108/585,false
C1A2T3I4F2,1,2,3,4,2,"(1,8,4,2)",45,CUT,CUT=36/45;ASSEMBLE+INSPECT=108/630,false
C1A2T3I4F3,1,2,3,4,3,"(1,8,4,3)",45,CUT,CUT=36/45;ASSEMBLE+INSPECT=108/675,false
C1A3T0I0F1,1,3,0,0,1,"(1,3,0,1)",67,CUT,CUT=36/67;ASSEMBLE+INSPECT=108/268,false
C1A3T0I0F2,1,3,0,0,2,"(1,3,0,2)",45,CUT,CUT=36/45;ASSEMBLE+INSPECT=108/225,false
C1A3T0I0F3,1,3,0,0,3,"(1,3,0,3)",45,CUT,CUT=36/45;ASSEMBLE+INSPECT=108/270,false
C1A3T0I1F0,1,3,0,1,0,"(1,3,1,0)",67,INSPECT,CUT=36/67;ASSEMBLE=48/201;INSPECT=60/67,false
C1A3T0I1F1,1,3,0,1,1,"(1,3,1,1)",45,CUT,CUT=36/45;ASSEMBLE+INSPECT=108/225,false
C1A3T0I1F2,1,3,0,1,2,"(1,3,1,2)",45,CUT,CUT=36/45;ASSEMBLE+INSPECT=108/270,false
C1A3T0I1F3,1,3,0,1,3,"(1,3,1,3)",45,CUT,CUT=36/45;ASSEMBLE+INSPECT=108/315,false
C1A3T0I2F0,1,3,0,2,0,"(1,3,2,0)",45,CUT,CUT=36/45;ASSEMBLE=48/135;INSPECT=60/90,false
C1A3T0I2F1,1,3,0,2,1,"(1,3,2,1)",45,CUT,CUT=36/45;ASSEMBLE+INSPECT=108/270,false
C1A3T0I2F2,1,3,0,2,2,"(1,3,2,2)",45,CUT,CUT=36/45;ASSEMBLE+INSPECT=108/315,false
C1A3T0I2F3,1,3,0,2,3,"(1,3,2,3)",45,CUT,CUT=36/45;ASSEMBLE+INSPECT=108/360,false
C1A3T0I3F0,1,3,0,3,0,"(1,3,3,0)",45,CUT,CUT=36/45;ASSEMBLE=48/135;INSPECT=60/135,false
C1A3T0I3F1,1,3,0,3,1,"(1,3,3,1)",45,CUT,CUT=36/45;ASSEMBLE+INSPECT=108/315,false
C1A3T0I3F2,1,3,0,3,2,"(1,3,3,2)",45,CUT,CUT=36/45;ASSEMBLE+INSPECT=108/360,false
C1A3T0I3F3,1,3,0,3,3,"(1,3,3,3)",45,CUT,CUT=36/45;ASSEMBLE+INSPECT=108/405,false
C1A3T0I4F0,1,3,0,4,0,"(1,3,4,0)",45,CUT,CUT=36/45;ASSEMBLE=48/135;INSPECT=60/180,false
C1A3T0I4F1,1,3,0,4,1,"(1,3,4,1)",45,CUT,CUT=36/45;ASSEMBLE+INSPECT=108/360,false
C1A3T0I4F2,1,3,0,4,2,"(1,3,4,2)",45,CUT,CUT=36/45;ASSEMBLE+INSPECT=108/405,false
C1A3T0I4F3,1,3,0,4,3,"(1,3,4,3)",45,CUT,CUT=36/45;ASSEMBLE+INSPECT=108/450,false
C1A3T1I0F1,1,3,1,0,1,"(1,5,0,1)",67,CUT,CUT=36/67;ASSEMBLE+INSPECT=108/402,false
C1A3T1I0F2,1,3,1,0,2,"(1,5,0,2)",45,CUT,CUT=36/45;ASSEMBLE+INSPECT=108/315,false
C1A3T1I0F3,1,3,1,0,3,"(1,5,0,3)",45,CUT,CUT=36/45;ASSEMBLE+INSPECT=108/360,false
C1A3T1I1F0,1,3,1,1,0,"(1,5,1,0)",67,INSPECT,CUT=36/67;ASSEMBLE=48/335;INSPECT=60/67,false
C1A3T1I1F1,1,3,1,1,1,"(1,5,1,1)",45,CUT,CUT=36/45;ASSEMBLE+INSPECT=108/315,false
C1A3T1I1F2,1,3,1,1,2,"(1,5,1,2)",45,CUT,CUT=36/45;ASSEMBLE+INSPECT=108/360,false
C1A3T1I1F3,1,3,1,1,3,"(1,5,1,3)",45,CUT,CUT=36/45;ASSEMBLE+INSPECT=108/405,false
C1A3T1I2F0,1,3,1,2,0,"(1,5,2,0)",45,CUT,CUT=36/45;ASSEMBLE=48/225;INSPECT=60/90,false
C1A3T1I2F1,1,3,1,2,1,"(1,5,2,1)",45,CUT,CUT=36/45;ASSEMBLE+INSPECT=108/360,false
C1A3T1I2F2,1,3,1,2,2,"(1,5,2,2)",45,CUT,CUT=36/45;ASSEMBLE+INSPECT=108/405,false
C1A3T1I2F3,1,3,1,2,3,"(1,5,2,3)",45,CUT,CUT=36/45;ASSEMBLE+INSPECT=108/450,false
C1A3T1I3F0,1,3,1,3,0,"(1,5,3,0)",45,CUT,CUT=36/45;ASSEMBLE=48/225;INSPECT=60/135,false
C1A3T1I3F1,1,3,1,3,1,"(1,5,3,1)",45,CUT,CUT=36/45;ASSEMBLE+INSPECT=108/405,false
C1A3T1I3F2,1,3,1,3,2,"(1,5,3,2)",45,CUT,CUT=36/45;ASSEMBLE+INSPECT=108/450,false
C1A3T1I3F3,1,3,1,3,3,"(1,5,3,3)",45,CUT,CUT=36/45;ASSEMBLE+INSPECT=108/495,false
C1A3T1I4F0,1,3,1,4,0,"(1,5,4,0)",45,CUT,CUT=36/45;ASSEMBLE=48/225;INSPECT=60/180,false
C1A3T1I4F1,1,3,1,4,1,"(1,5,4,1)",45,CUT,CUT=36/45;ASSEMBLE+INSPECT=108/450,false
C1A3T1I4F2,1,3,1,4,2,"(1,5,4,2)",45,CUT,CUT=36/45;ASSEMBLE+INSPECT=108/495,false
C1A3T1I4F3,1,3,1,4,3,"(1,5,4,3)",45,CUT,CUT=36/45;ASSEMBLE+INSPECT=108/540,false
C1A3T2I0F1,1,3,2,0,1,"(1,7,0,1)",67,CUT,CUT=36/67;ASSEMBLE+INSPECT=108/536,false
C1A3T2I0F2,1,3,2,0,2,"(1,7,0,2)",45,CUT,CUT=36/45;ASSEMBLE+INSPECT=108/405,false
C1A3T2I0F3,1,3,2,0,3,"(1,7,0,3)",45,CUT,CUT=36/45;ASSEMBLE+INSPECT=108/450,false
C1A3T2I1F0,1,3,2,1,0,"(1,7,1,0)",67,INSPECT,CUT=36/67;ASSEMBLE=48/469;INSPECT=60/67,false
C1A3T2I1F1,1,3,2,1,1,"(1,7,1,1)",45,CUT,CUT=36/45;ASSEMBLE+INSPECT=108/405,false
C1A3T2I1F2,1,3,2,1,2,"(1,7,1,2)",45,CUT,CUT=36/45;ASSEMBLE+INSPECT=108/450,false
C1A3T2I1F3,1,3,2,1,3,"(1,7,1,3)",45,CUT,CUT=36/45;ASSEMBLE+INSPECT=108/495,false
C1A3T2I2F0,1,3,2,2,0,"(1,7,2,0)",45,CUT,CUT=36/45;ASSEMBLE=48/315;INSPECT=60/90,false
C1A3T2I2F1,1,3,2,2,1,"(1,7,2,1)",45,CUT,CUT=36/45;ASSEMBLE+INSPECT=108/450,false
C1A3T2I2F2,1,3,2,2,2,"(1,7,2,2)",45,CUT,CUT=36/45;ASSEMBLE+INSPECT=108/495,false
C1A3T2I2F3,1,3,2,2,3,"(1,7,2,3)",45,CUT,CUT=36/45;ASSEMBLE+INSPECT=108/540,false
C1A3T2I3F0,1,3,2,3,0,"(1,7,3,0)",45,CUT,CUT=36/45;ASSEMBLE=48/315;INSPECT=60/135,false
C1A3T2I3F1,1,3,2,3,1,"(1,7,3,1)",45,CUT,CUT=36/45;ASSEMBLE+INSPECT=108/495,false
C1A3T2I3F2,1,3,2,3,2,"(1,7,3,2)",45,CUT,CUT=36/45;ASSEMBLE+INSPECT=108/540,false
C1A3T2I3F3,1,3,2,3,3,"(1,7,3,3)",45,CUT,CUT=36/45;ASSEMBLE+INSPECT=108/585,false
C1A3T2I4F0,1,3,2,4,0,"(1,7,4,0)",45,CUT,CUT=36/45;ASSEMBLE=48/315;INSPECT=60/180,false
C1A3T2I4F1,1,3,2,4,1,"(1,7,4,1)",45,CUT,CUT=36/45;ASSEMBLE+INSPECT=108/540,false
C1A3T2I4F2,1,3,2,4,2,"(1,7,4,2)",45,CUT,CUT=36/45;ASSEMBLE+INSPECT=108/585,false
C1A3T2I4F3,1,3,2,4,3,"(1,7,4,3)",45,CUT,CUT=36/45;ASSEMBLE+INSPECT=108/630,false
C1A3T3I0F1,1,3,3,0,1,"(1,9,0,1)",67,CUT,CUT=36/67;ASSEMBLE+INSPECT=108/670,false
C1A3T3I0F2,1,3,3,0,2,"(1,9,0,2)",45,CUT,CUT=36/45;ASSEMBLE+INSPECT=108/495,false
C1A3T3I0F3,1,3,3,0,3,"(1,9,0,3)",45,CUT,CUT=36/45;ASSEMBLE+INSPECT=108/540,false
C1A3T3I1F0,1,3,3,1,0,"(1,9,1,0)",67,INSPECT,CUT=36/67;ASSEMBLE=48/603;INSPECT=60/67,false
C1A3T3I1F1,1,3,3,1,1,"(1,9,1,1)",45,CUT,CUT=36/45;ASSEMBLE+INSPECT=108/495,false
C1A3T3I1F2,1,3,3,1,2,"(1,9,1,2)",45,CUT,CUT=36/45;ASSEMBLE+INSPECT=108/540,false
C1A3T3I1F3,1,3,3,1,3,"(1,9,1,3)",45,CUT,CUT=36/45;ASSEMBLE+INSPECT=108/585,false
C1A3T3I2F0,1,3,3,2,0,"(1,9,2,0)",45,CUT,CUT=36/45;ASSEMBLE=48/405;INSPECT=60/90,false
C1A3T3I2F1,1,3,3,2,1,"(1,9,2,1)",45,CUT,CUT=36/45;ASSEMBLE+INSPECT=108/540,false
C1A3T3I2F2,1,3,3,2,2,"(1,9,2,2)",45,CUT,CUT=36/45;ASSEMBLE+INSPECT=108/585,false
C1A3T3I2F3,1,3,3,2,3,"(1,9,2,3)",45,CUT,CUT=36/45;ASSEMBLE+INSPECT=108/630,false
C1A3T3I3F0,1,3,3,3,0,"(1,9,3,0)",45,CUT,CUT=36/45;ASSEMBLE=48/405;INSPECT=60/135,false
C1A3T3I3F1,1,3,3,3,1,"(1,9,3,1)",45,CUT,CUT=36/45;ASSEMBLE+INSPECT=108/585,false
C1A3T3I3F2,1,3,3,3,2,"(1,9,3,2)",45,CUT,CUT=36/45;ASSEMBLE+INSPECT=108/630,false
C1A3T3I3F3,1,3,3,3,3,"(1,9,3,3)",45,CUT,CUT=36/45;ASSEMBLE+INSPECT=108/675,false
C1A3T3I4F0,1,3,3,4,0,"(1,9,4,0)",45,CUT,CUT=36/45;ASSEMBLE=48/405;INSPECT=60/180,false
C1A3T3I4F1,1,3,3,4,1,"(1,9,4,1)",45,CUT,CUT=36/45;ASSEMBLE+INSPECT=108/630,false
C1A3T3I4F2,1,3,3,4,2,"(1,9,4,2)",45,CUT,CUT=36/45;ASSEMBLE+INSPECT=108/675,false
C1A3T3I4F3,1,3,3,4,3,"(1,9,4,3)",45,CUT,CUT=36/45;ASSEMBLE+INSPECT=108/720,false
C1A4T0I0F1,1,4,0,0,1,"(1,4,0,1)",67,CUT,CUT=36/67;ASSEMBLE+INSPECT=108/335,false
C1A4T0I0F2,1,4,0,0,2,"(1,4,0,2)",45,CUT,CUT=36/45;ASSEMBLE+INSPECT=108/270,false
C1A4T0I0F3,1,4,0,0,3,"(1,4,0,3)",45,CUT,CUT=36/45;ASSEMBLE+INSPECT=108/315,false
C1A4T0I1F0,1,4,0,1,0,"(1,4,1,0)",67,INSPECT,CUT=36/67;ASSEMBLE=48/268;INSPECT=60/67,false
C1A4T0I1F1,1,4,0,1,1,"(1,4,1,1)",45,CUT,CUT=36/45;ASSEMBLE+INSPECT=108/270,false
C1A4T0I1F2,1,4,0,1,2,"(1,4,1,2)",45,CUT,CUT=36/45;ASSEMBLE+INSPECT=108/315,false
C1A4T0I1F3,1,4,0,1,3,"(1,4,1,3)",45,CUT,CUT=36/45;ASSEMBLE+INSPECT=108/360,false
C1A4T0I2F0,1,4,0,2,0,"(1,4,2,0)",45,CUT,CUT=36/45;ASSEMBLE=48/180;INSPECT=60/90,false
C1A4T0I2F1,1,4,0,2,1,"(1,4,2,1)",45,CUT,CUT=36/45;ASSEMBLE+INSPECT=108/315,false
C1A4T0I2F2,1,4,0,2,2,"(1,4,2,2)",45,CUT,CUT=36/45;ASSEMBLE+INSPECT=108/360,false
C1A4T0I2F3,1,4,0,2,3,"(1,4,2,3)",45,CUT,CUT=36/45;ASSEMBLE+INSPECT=108/405,false
C1A4T0I3F0,1,4,0,3,0,"(1,4,3,0)",45,CUT,CUT=36/45;ASSEMBLE=48/180;INSPECT=60/135,false
C1A4T0I3F1,1,4,0,3,1,"(1,4,3,1)",45,CUT,CUT=36/45;ASSEMBLE+INSPECT=108/360,false
C1A4T0I3F2,1,4,0,3,2,"(1,4,3,2)",45,CUT,CUT=36/45;ASSEMBLE+INSPECT=108/405,false
C1A4T0I3F3,1,4,0,3,3,"(1,4,3,3)",45,CUT,CUT=36/45;ASSEMBLE+INSPECT=108/450,false
C1A4T0I4F0,1,4,0,4,0,"(1,4,4,0)",45,CUT,CUT=36/45;ASSEMBLE=48/180;INSPECT=60/180,false
C1A4T0I4F1,1,4,0,4,1,"(1,4,4,1)",45,CUT,CUT=36/45;ASSEMBLE+INSPECT=108/405,false
C1A4T0I4F2,1,4,0,4,2,"(1,4,4,2)",45,CUT,CUT=36/45;ASSEMBLE+INSPECT=108/450,false
C1A4T0I4F3,1,4,0,4,3,"(1,4,4,3)",45,CUT,CUT=36/45;ASSEMBLE+INSPECT=108/495,false
C1A4T1I0F1,1,4,1,0,1,"(1,6,0,1)",67,CUT,CUT=36/67;ASSEMBLE+INSPECT=108/469,false
C1A4T1I0F2,1,4,1,0,2,"(1,6,0,2)",45,CUT,CUT=36/45;ASSEMBLE+INSPECT=108/360,false
C1A4T1I0F3,1,4,1,0,3,"(1,6,0,3)",45,CUT,CUT=36/45;ASSEMBLE+INSPECT=108/405,false
C1A4T1I1F0,1,4,1,1,0,"(1,6,1,0)",67,INSPECT,CUT=36/67;ASSEMBLE=48/402;INSPECT=60/67,false
C1A4T1I1F1,1,4,1,1,1,"(1,6,1,1)",45,CUT,CUT=36/45;ASSEMBLE+INSPECT=108/360,false
C1A4T1I1F2,1,4,1,1,2,"(1,6,1,2)",45,CUT,CUT=36/45;ASSEMBLE+INSPECT=108/405,false
C1A4T1I1F3,1,4,1,1,3,"(1,6,1,3)",45,CUT,CUT=36/45;ASSEMBLE+INSPECT=108/450,false
C1A4T1I2F0,1,4,1,2,0,"(1,6,2,0)",45,CUT,CUT=36/45;ASSEMBLE=48/270;INSPECT=60/90,false
C1A4T1I2F1,1,4,1,2,1,"(1,6,2,1)",45,CUT,CUT=36/45;ASSEMBLE+INSPECT=108/405,false
C1A4T1I2F2,1,4,1,2,2,"(1,6,2,2)",45,CUT,CUT=36/45;ASSEMBLE+INSPECT=108/450,false
C1A4T1I2F3,1,4,1,2,3,"(1,6,2,3)",45,CUT,CUT=36/45;ASSEMBLE+INSPECT=108/495,false
C1A4T1I3F0,1,4,1,3,0,"(1,6,3,0)",45,CUT,CUT=36/45;ASSEMBLE=48/270;INSPECT=60/135,false
C1A4T1I3F1,1,4,1,3,1,"(1,6,3,1)",45,CUT,CUT=36/45;ASSEMBLE+INSPECT=108/450,false
C1A4T1I3F2,1,4,1,3,2,"(1,6,3,2)",45,CUT,CUT=36/45;ASSEMBLE+INSPECT=108/495,false
C1A4T1I3F3,1,4,1,3,3,"(1,6,3,3)",45,CUT,CUT=36/45;ASSEMBLE+INSPECT=108/540,false
C1A4T1I4F0,1,4,1,4,0,"(1,6,4,0)",45,CUT,CUT=36/45;ASSEMBLE=48/270;INSPECT=60/180,false
C1A4T1I4F1,1,4,1,4,1,"(1,6,4,1)",45,CUT,CUT=36/45;ASSEMBLE+INSPECT=108/495,false
C1A4T1I4F2,1,4,1,4,2,"(1,6,4,2)",45,CUT,CUT=36/45;ASSEMBLE+INSPECT=108/540,false
C1A4T1I4F3,1,4,1,4,3,"(1,6,4,3)",45,CUT,CUT=36/45;ASSEMBLE+INSPECT=108/585,false
C1A4T2I0F1,1,4,2,0,1,"(1,8,0,1)",67,CUT,CUT=36/67;ASSEMBLE+INSPECT=108/603,false
C1A4T2I0F2,1,4,2,0,2,"(1,8,0,2)",45,CUT,CUT=36/45;ASSEMBLE+INSPECT=108/450,false
C1A4T2I0F3,1,4,2,0,3,"(1,8,0,3)",45,CUT,CUT=36/45;ASSEMBLE+INSPECT=108/495,false
C1A4T2I1F0,1,4,2,1,0,"(1,8,1,0)",67,INSPECT,CUT=36/67;ASSEMBLE=48/536;INSPECT=60/67,false
C1A4T2I1F1,1,4,2,1,1,"(1,8,1,1)",45,CUT,CUT=36/45;ASSEMBLE+INSPECT=108/450,false
C1A4T2I1F2,1,4,2,1,2,"(1,8,1,2)",45,CUT,CUT=36/45;ASSEMBLE+INSPECT=108/495,false
C1A4T2I1F3,1,4,2,1,3,"(1,8,1,3)",45,CUT,CUT=36/45;ASSEMBLE+INSPECT=108/540,false
C1A4T2I2F0,1,4,2,2,0,"(1,8,2,0)",45,CUT,CUT=36/45;ASSEMBLE=48/360;INSPECT=60/90,false
C1A4T2I2F1,1,4,2,2,1,"(1,8,2,1)",45,CUT,CUT=36/45;ASSEMBLE+INSPECT=108/495,false
C1A4T2I2F2,1,4,2,2,2,"(1,8,2,2)",45,CUT,CUT=36/45;ASSEMBLE+INSPECT=108/540,false
C1A4T2I2F3,1,4,2,2,3,"(1,8,2,3)",45,CUT,CUT=36/45;ASSEMBLE+INSPECT=108/585,false
C1A4T2I3F0,1,4,2,3,0,"(1,8,3,0)",45,CUT,CUT=36/45;ASSEMBLE=48/360;INSPECT=60/135,false
C1A4T2I3F1,1,4,2,3,1,"(1,8,3,1)",45,CUT,CUT=36/45;ASSEMBLE+INSPECT=108/540,false
C1A4T2I3F2,1,4,2,3,2,"(1,8,3,2)",45,CUT,CUT=36/45;ASSEMBLE+INSPECT=108/585,false
C1A4T2I3F3,1,4,2,3,3,"(1,8,3,3)",45,CUT,CUT=36/45;ASSEMBLE+INSPECT=108/630,false
C1A4T2I4F0,1,4,2,4,0,"(1,8,4,0)",45,CUT,CUT=36/45;ASSEMBLE=48/360;INSPECT=60/180,false
C1A4T2I4F1,1,4,2,4,1,"(1,8,4,1)",45,CUT,CUT=36/45;ASSEMBLE+INSPECT=108/585,false
C1A4T2I4F2,1,4,2,4,2,"(1,8,4,2)",45,CUT,CUT=36/45;ASSEMBLE+INSPECT=108/630,false
C1A4T2I4F3,1,4,2,4,3,"(1,8,4,3)",45,CUT,CUT=36/45;ASSEMBLE+INSPECT=108/675,false
C1A4T3I0F1,1,4,3,0,1,"(1,10,0,1)",67,CUT,CUT=36/67;ASSEMBLE+INSPECT=108/737,false
C1A4T3I0F2,1,4,3,0,2,"(1,10,0,2)",45,CUT,CUT=36/45;ASSEMBLE+INSPECT=108/540,false
C1A4T3I0F3,1,4,3,0,3,"(1,10,0,3)",45,CUT,CUT=36/45;ASSEMBLE+INSPECT=108/585,false
C1A4T3I1F0,1,4,3,1,0,"(1,10,1,0)",67,INSPECT,CUT=36/67;ASSEMBLE=48/670;INSPECT=60/67,false
C1A4T3I1F1,1,4,3,1,1,"(1,10,1,1)",45,CUT,CUT=36/45;ASSEMBLE+INSPECT=108/540,false
C1A4T3I1F2,1,4,3,1,2,"(1,10,1,2)",45,CUT,CUT=36/45;ASSEMBLE+INSPECT=108/585,false
C1A4T3I1F3,1,4,3,1,3,"(1,10,1,3)",45,CUT,CUT=36/45;ASSEMBLE+INSPECT=108/630,false
C1A4T3I2F0,1,4,3,2,0,"(1,10,2,0)",45,CUT,CUT=36/45;ASSEMBLE=48/450;INSPECT=60/90,false
C1A4T3I2F1,1,4,3,2,1,"(1,10,2,1)",45,CUT,CUT=36/45;ASSEMBLE+INSPECT=108/585,false
C1A4T3I2F2,1,4,3,2,2,"(1,10,2,2)",45,CUT,CUT=36/45;ASSEMBLE+INSPECT=108/630,false
C1A4T3I2F3,1,4,3,2,3,"(1,10,2,3)",45,CUT,CUT=36/45;ASSEMBLE+INSPECT=108/675,false
C1A4T3I3F0,1,4,3,3,0,"(1,10,3,0)",45,CUT,CUT=36/45;ASSEMBLE=48/450;INSPECT=60/135,false
C1A4T3I3F1,1,4,3,3,1,"(1,10,3,1)",45,CUT,CUT=36/45;ASSEMBLE+INSPECT=108/630,false
C1A4T3I3F2,1,4,3,3,2,"(1,10,3,2)",45,CUT,CUT=36/45;ASSEMBLE+INSPECT=108/675,false
C1A4T3I3F3,1,4,3,3,3,"(1,10,3,3)",45,CUT,CUT=36/45;ASSEMBLE+INSPECT=108/720,false
C1A4T3I4F0,1,4,3,4,0,"(1,10,4,0)",45,CUT,CUT=36/45;ASSEMBLE=48/450;INSPECT=60/180,false
C1A4T3I4F1,1,4,3,4,1,"(1,10,4,1)",45,CUT,CUT=36/45;ASSEMBLE+INSPECT=108/675,false
C1A4T3I4F2,1,4,3,4,2,"(1,10,4,2)",45,CUT,CUT=36/45;ASSEMBLE+INSPECT=108/720,false
C1A4T3I4F3,1,4,3,4,3,"(1,10,4,3)",45,CUT,CUT=36/45;ASSEMBLE+INSPECT=108/765,false
C1A5T0I0F1,1,5,0,0,1,"(1,5,0,1)",67,CUT,CUT=36/67;ASSEMBLE+INSPECT=108/402,false
C1A5T0I0F2,1,5,0,0,2,"(1,5,0,2)",45,CUT,CUT=36/45;ASSEMBLE+INSPECT=108/315,false
C1A5T0I0F3,1,5,0,0,3,"(1,5,0,3)",45,CUT,CUT=36/45;ASSEMBLE+INSPECT=108/360,false
C1A5T0I1F0,1,5,0,1,0,"(1,5,1,0)",67,INSPECT,CUT=36/67;ASSEMBLE=48/335;INSPECT=60/67,false
C1A5T0I1F1,1,5,0,1,1,"(1,5,1,1)",45,CUT,CUT=36/45;ASSEMBLE+INSPECT=108/315,false
C1A5T0I1F2,1,5,0,1,2,"(1,5,1,2)",45,CUT,CUT=36/45;ASSEMBLE+INSPECT=108/360,false
C1A5T0I1F3,1,5,0,1,3,"(1,5,1,3)",45,CUT,CUT=36/45;ASSEMBLE+INSPECT=108/405,false
C1A5T0I2F0,1,5,0,2,0,"(1,5,2,0)",45,CUT,CUT=36/45;ASSEMBLE=48/225;INSPECT=60/90,false
C1A5T0I2F1,1,5,0,2,1,"(1,5,2,1)",45,CUT,CUT=36/45;ASSEMBLE+INSPECT=108/360,false
C1A5T0I2F2,1,5,0,2,2,"(1,5,2,2)",45,CUT,CUT=36/45;ASSEMBLE+INSPECT=108/405,false
C1A5T0I2F3,1,5,0,2,3,"(1,5,2,3)",45,CUT,CUT=36/45;ASSEMBLE+INSPECT=108/450,false
C1A5T0I3F0,1,5,0,3,0,"(1,5,3,0)",45,CUT,CUT=36/45;ASSEMBLE=48/225;INSPECT=60/135,false
C1A5T0I3F1,1,5,0,3,1,"(1,5,3,1)",45,CUT,CUT=36/45;ASSEMBLE+INSPECT=108/405,false
C1A5T0I3F2,1,5,0,3,2,"(1,5,3,2)",45,CUT,CUT=36/45;ASSEMBLE+INSPECT=108/450,false
C1A5T0I3F3,1,5,0,3,3,"(1,5,3,3)",45,CUT,CUT=36/45;ASSEMBLE+INSPECT=108/495,false
C1A5T0I4F0,1,5,0,4,0,"(1,5,4,0)",45,CUT,CUT=36/45;ASSEMBLE=48/225;INSPECT=60/180,false
C1A5T0I4F1,1,5,0,4,1,"(1,5,4,1)",45,CUT,CUT=36/45;ASSEMBLE+INSPECT=108/450,false
C1A5T0I4F2,1,5,0,4,2,"(1,5,4,2)",45,CUT,CUT=36/45;ASSEMBLE+INSPECT=108/495,false
C1A5T0I4F3,1,5,0,4,3,"(1,5,4,3)",45,CUT,CUT=36/45;ASSEMBLE+INSPECT=108/540,false
C1A5T1I0F1,1,5,1,0,1,"(1,7,0,1)",67,CUT,CUT=36/67;ASSEMBLE+INSPECT=108/536,false
C1A5T1I0F2,1,5,1,0,2,"(1,7,0,2)",45,CUT,CUT=36/45;ASSEMBLE+INSPECT=108/405,false
C1A5T1I0F3,1,5,1,0,3,"(1,7,0,3)",45,CUT,CUT=36/45;ASSEMBLE+INSPECT=108/450,false
C1A5T1I1F0,1,5,1,1,0,"(1,7,1,0)",67,INSPECT,CUT=36/67;ASSEMBLE=48/469;INSPECT=60/67,false
C1A5T1I1F1,1,5,1,1,1,"(1,7,1,1)",45,CUT,CUT=36/45;ASSEMBLE+INSPECT=108/405,false
C1A5T1I1F2,1,5,1,1,2,"(1,7,1,2)",45,CUT,CUT=36/45;ASSEMBLE+INSPECT=108/450,false
C1A5T1I1F3,1,5,1,1,3,"(1,7,1,3)",45,CUT,CUT=36/45;ASSEMBLE+INSPECT=108/495,false
C1A5T1I2F0,1,5,1,2,0,"(1,7,2,0)",45,CUT,CUT=36/45;ASSEMBLE=48/315;INSPECT=60/90,false
C1A5T1I2F1,1,5,1,2,1,"(1,7,2,1)",45,CUT,CUT=36/45;ASSEMBLE+INSPECT=108/450,false
C1A5T1I2F2,1,5,1,2,2,"(1,7,2,2)",45,CUT,CUT=36/45;ASSEMBLE+INSPECT=108/495,false
C1A5T1I2F3,1,5,1,2,3,"(1,7,2,3)",45,CUT,CUT=36/45;ASSEMBLE+INSPECT=108/540,false
C1A5T1I3F0,1,5,1,3,0,"(1,7,3,0)",45,CUT,CUT=36/45;ASSEMBLE=48/315;INSPECT=60/135,false
C1A5T1I3F1,1,5,1,3,1,"(1,7,3,1)",45,CUT,CUT=36/45;ASSEMBLE+INSPECT=108/495,false
C1A5T1I3F2,1,5,1,3,2,"(1,7,3,2)",45,CUT,CUT=36/45;ASSEMBLE+INSPECT=108/540,false
C1A5T1I3F3,1,5,1,3,3,"(1,7,3,3)",45,CUT,CUT=36/45;ASSEMBLE+INSPECT=108/585,false
C1A5T1I4F0,1,5,1,4,0,"(1,7,4,0)",45,CUT,CUT=36/45;ASSEMBLE=48/315;INSPECT=60/180,false
C1A5T1I4F1,1,5,1,4,1,"(1,7,4,1)",45,CUT,CUT=36/45;ASSEMBLE+INSPECT=108/540,false
C1A5T1I4F2,1,5,1,4,2,"(1,7,4,2)",45,CUT,CUT=36/45;ASSEMBLE+INSPECT=108/585,false
C1A5T1I4F3,1,5,1,4,3,"(1,7,4,3)",45,CUT,CUT=36/45;ASSEMBLE+INSPECT=108/630,false
C1A5T2I0F1,1,5,2,0,1,"(1,9,0,1)",67,CUT,CUT=36/67;ASSEMBLE+INSPECT=108/670,false
C1A5T2I0F2,1,5,2,0,2,"(1,9,0,2)",45,CUT,CUT=36/45;ASSEMBLE+INSPECT=108/495,false
C1A5T2I0F3,1,5,2,0,3,"(1,9,0,3)",45,CUT,CUT=36/45;ASSEMBLE+INSPECT=108/540,false
C1A5T2I1F0,1,5,2,1,0,"(1,9,1,0)",67,INSPECT,CUT=36/67;ASSEMBLE=48/603;INSPECT=60/67,false
C1A5T2I1F1,1,5,2,1,1,"(1,9,1,1)",45,CUT,CUT=36/45;ASSEMBLE+INSPECT=108/495,false
C1A5T2I1F2,1,5,2,1,2,"(1,9,1,2)",45,CUT,CUT=36/45;ASSEMBLE+INSPECT=108/540,false
C1A5T2I1F3,1,5,2,1,3,"(1,9,1,3)",45,CUT,CUT=36/45;ASSEMBLE+INSPECT=108/585,false
C1A5T2I2F0,1,5,2,2,0,"(1,9,2,0)",45,CUT,CUT=36/45;ASSEMBLE=48/405;INSPECT=60/90,false
C1A5T2I2F1,1,5,2,2,1,"(1,9,2,1)",45,CUT,CUT=36/45;ASSEMBLE+INSPECT=108/540,false
C1A5T2I2F2,1,5,2,2,2,"(1,9,2,2)",45,CUT,CUT=36/45;ASSEMBLE+INSPECT=108/585,false
C1A5T2I2F3,1,5,2,2,3,"(1,9,2,3)",45,CUT,CUT=36/45;ASSEMBLE+INSPECT=108/630,false
C1A5T2I3F0,1,5,2,3,0,"(1,9,3,0)",45,CUT,CUT=36/45;ASSEMBLE=48/405;INSPECT=60/135,false
C1A5T2I3F1,1,5,2,3,1,"(1,9,3,1)",45,CUT,CUT=36/45;ASSEMBLE+INSPECT=108/585,false
C1A5T2I3F2,1,5,2,3,2,"(1,9,3,2)",45,CUT,CUT=36/45;ASSEMBLE+INSPECT=108/630,false
C1A5T2I3F3,1,5,2,3,3,"(1,9,3,3)",45,CUT,CUT=36/45;ASSEMBLE+INSPECT=108/675,false
C1A5T2I4F0,1,5,2,4,0,"(1,9,4,0)",45,CUT,CUT=36/45;ASSEMBLE=48/405;INSPECT=60/180,false
C1A5T2I4F1,1,5,2,4,1,"(1,9,4,1)",45,CUT,CUT=36/45;ASSEMBLE+INSPECT=108/630,false
C1A5T2I4F2,1,5,2,4,2,"(1,9,4,2)",45,CUT,CUT=36/45;ASSEMBLE+INSPECT=108/675,false
C1A5T2I4F3,1,5,2,4,3,"(1,9,4,3)",45,CUT,CUT=36/45;ASSEMBLE+INSPECT=108/720,false
C1A5T3I0F1,1,5,3,0,1,"(1,11,0,1)",67,CUT,CUT=36/67;ASSEMBLE+INSPECT=108/804,false
C1A5T3I0F2,1,5,3,0,2,"(1,11,0,2)",45,CUT,CUT=36/45;ASSEMBLE+INSPECT=108/585,false
C1A5T3I0F3,1,5,3,0,3,"(1,11,0,3)",45,CUT,CUT=36/45;ASSEMBLE+INSPECT=108/630,false
C1A5T3I1F0,1,5,3,1,0,"(1,11,1,0)",67,INSPECT,CUT=36/67;ASSEMBLE=48/737;INSPECT=60/67,false
C1A5T3I1F1,1,5,3,1,1,"(1,11,1,1)",45,CUT,CUT=36/45;ASSEMBLE+INSPECT=108/585,false
C1A5T3I1F2,1,5,3,1,2,"(1,11,1,2)",45,CUT,CUT=36/45;ASSEMBLE+INSPECT=108/630,false
C1A5T3I1F3,1,5,3,1,3,"(1,11,1,3)",45,CUT,CUT=36/45;ASSEMBLE+INSPECT=108/675,false
C1A5T3I2F0,1,5,3,2,0,"(1,11,2,0)",45,CUT,CUT=36/45;ASSEMBLE=48/495;INSPECT=60/90,false
C1A5T3I2F1,1,5,3,2,1,"(1,11,2,1)",45,CUT,CUT=36/45;ASSEMBLE+INSPECT=108/630,false
C1A5T3I2F2,1,5,3,2,2,"(1,11,2,2)",45,CUT,CUT=36/45;ASSEMBLE+INSPECT=108/675,false
C1A5T3I2F3,1,5,3,2,3,"(1,11,2,3)",45,CUT,CUT=36/45;ASSEMBLE+INSPECT=108/720,false
C1A5T3I3F0,1,5,3,3,0,"(1,11,3,0)",45,CUT,CUT=36/45;ASSEMBLE=48/495;INSPECT=60/135,false
C1A5T3I3F1,1,5,3,3,1,"(1,11,3,1)",45,CUT,CUT=36/45;ASSEMBLE+INSPECT=108/675,false
C1A5T3I3F2,1,5,3,3,2,"(1,11,3,2)",45,CUT,CUT=36/45;ASSEMBLE+INSPECT=108/720,false
C1A5T3I3F3,1,5,3,3,3,"(1,11,3,3)",45,CUT,CUT=36/45;ASSEMBLE+INSPECT=108/765,false
C1A5T3I4F0,1,5,3,4,0,"(1,11,4,0)",45,CUT,CUT=36/45;ASSEMBLE=48/495;INSPECT=60/180,false
C1A5T3I4F1,1,5,3,4,1,"(1,11,4,1)",45,CUT,CUT=36/45;ASSEMBLE+INSPECT=108/720,false
C1A5T3I4F2,1,5,3,4,2,"(1,11,4,2)",45,CUT,CUT=36/45;ASSEMBLE+INSPECT=108/765,false
C1A5T3I4F3,1,5,3,4,3,"(1,11,4,3)",45,CUT,CUT=36/45;ASSEMBLE+INSPECT=108/810,false
C1A6T0I0F1,1,6,0,0,1,"(1,6,0,1)",67,CUT,CUT=36/67;ASSEMBLE+INSPECT=108/469,false
C1A6T0I0F2,1,6,0,0,2,"(1,6,0,2)",45,CUT,CUT=36/45;ASSEMBLE+INSPECT=108/360,false
C1A6T0I0F3,1,6,0,0,3,"(1,6,0,3)",45,CUT,CUT=36/45;ASSEMBLE+INSPECT=108/405,false
C1A6T0I1F0,1,6,0,1,0,"(1,6,1,0)",67,INSPECT,CUT=36/67;ASSEMBLE=48/402;INSPECT=60/67,false
C1A6T0I1F1,1,6,0,1,1,"(1,6,1,1)",45,CUT,CUT=36/45;ASSEMBLE+INSPECT=108/360,false
C1A6T0I1F2,1,6,0,1,2,"(1,6,1,2)",45,CUT,CUT=36/45;ASSEMBLE+INSPECT=108/405,false
C1A6T0I1F3,1,6,0,1,3,"(1,6,1,3)",45,CUT,CUT=36/45;ASSEMBLE+INSPECT=108/450,false
C1A6T0I2F0,1,6,0,2,0,"(1,6,2,0)",45,CUT,CUT=36/45;ASSEMBLE=48/270;INSPECT=60/90,false
C1A6T0I2F1,1,6,0,2,1,"(1,6,2,1)",45,CUT,CUT=36/45;ASSEMBLE+INSPECT=108/405,false
C1A6T0I2F2,1,6,0,2,2,"(1,6,2,2)",45,CUT,CUT=36/45;ASSEMBLE+INSPECT=108/450,false
C1A6T0I2F3,1,6,0,2,3,"(1,6,2,3)",45,CUT,CUT=36/45;ASSEMBLE+INSPECT=108/495,false
C1A6T0I3F0,1,6,0,3,0,"(1,6,3,0)",45,CUT,CUT=36/45;ASSEMBLE=48/270;INSPECT=60/135,false
C1A6T0I3F1,1,6,0,3,1,"(1,6,3,1)",45,CUT,CUT=36/45;ASSEMBLE+INSPECT=108/450,false
C1A6T0I3F2,1,6,0,3,2,"(1,6,3,2)",45,CUT,CUT=36/45;ASSEMBLE+INSPECT=108/495,false
C1A6T0I3F3,1,6,0,3,3,"(1,6,3,3)",45,CUT,CUT=36/45;ASSEMBLE+INSPECT=108/540,false
C1A6T0I4F0,1,6,0,4,0,"(1,6,4,0)",45,CUT,CUT=36/45;ASSEMBLE=48/270;INSPECT=60/180,false
C1A6T0I4F1,1,6,0,4,1,"(1,6,4,1)",45,CUT,CUT=36/45;ASSEMBLE+INSPECT=108/495,false
C1A6T0I4F2,1,6,0,4,2,"(1,6,4,2)",45,CUT,CUT=36/45;ASSEMBLE+INSPECT=108/540,false
C1A6T0I4F3,1,6,0,4,3,"(1,6,4,3)",45,CUT,CUT=36/45;ASSEMBLE+INSPECT=108/585,false
C1A6T1I0F1,1,6,1,0,1,"(1,8,0,1)",67,CUT,CUT=36/67;ASSEMBLE+INSPECT=108/603,false
C1A6T1I0F2,1,6,1,0,2,"(1,8,0,2)",45,CUT,CUT=36/45;ASSEMBLE+INSPECT=108/450,false
C1A6T1I0F3,1,6,1,0,3,"(1,8,0,3)",45,CUT,CUT=36/45;ASSEMBLE+INSPECT=108/495,false
C1A6T1I1F0,1,6,1,1,0,"(1,8,1,0)",67,INSPECT,CUT=36/67;ASSEMBLE=48/536;INSPECT=60/67,false
C1A6T1I1F1,1,6,1,1,1,"(1,8,1,1)",45,CUT,CUT=36/45;ASSEMBLE+INSPECT=108/450,false
C1A6T1I1F2,1,6,1,1,2,"(1,8,1,2)",45,CUT,CUT=36/45;ASSEMBLE+INSPECT=108/495,false
C1A6T1I1F3,1,6,1,1,3,"(1,8,1,3)",45,CUT,CUT=36/45;ASSEMBLE+INSPECT=108/540,false
C1A6T1I2F0,1,6,1,2,0,"(1,8,2,0)",45,CUT,CUT=36/45;ASSEMBLE=48/360;INSPECT=60/90,false
C1A6T1I2F1,1,6,1,2,1,"(1,8,2,1)",45,CUT,CUT=36/45;ASSEMBLE+INSPECT=108/495,false
C1A6T1I2F2,1,6,1,2,2,"(1,8,2,2)",45,CUT,CUT=36/45;ASSEMBLE+INSPECT=108/540,false
C1A6T1I2F3,1,6,1,2,3,"(1,8,2,3)",45,CUT,CUT=36/45;ASSEMBLE+INSPECT=108/585,false
C1A6T1I3F0,1,6,1,3,0,"(1,8,3,0)",45,CUT,CUT=36/45;ASSEMBLE=48/360;INSPECT=60/135,false
C1A6T1I3F1,1,6,1,3,1,"(1,8,3,1)",45,CUT,CUT=36/45;ASSEMBLE+INSPECT=108/540,false
C1A6T1I3F2,1,6,1,3,2,"(1,8,3,2)",45,CUT,CUT=36/45;ASSEMBLE+INSPECT=108/585,false
C1A6T1I3F3,1,6,1,3,3,"(1,8,3,3)",45,CUT,CUT=36/45;ASSEMBLE+INSPECT=108/630,false
C1A6T1I4F0,1,6,1,4,0,"(1,8,4,0)",45,CUT,CUT=36/45;ASSEMBLE=48/360;INSPECT=60/180,false
C1A6T1I4F1,1,6,1,4,1,"(1,8,4,1)",45,CUT,CUT=36/45;ASSEMBLE+INSPECT=108/585,false
C1A6T1I4F2,1,6,1,4,2,"(1,8,4,2)",45,CUT,CUT=36/45;ASSEMBLE+INSPECT=108/630,false
C1A6T1I4F3,1,6,1,4,3,"(1,8,4,3)",45,CUT,CUT=36/45;ASSEMBLE+INSPECT=108/675,false
C1A6T2I0F1,1,6,2,0,1,"(1,10,0,1)",67,CUT,CUT=36/67;ASSEMBLE+INSPECT=108/737,false
C1A6T2I0F2,1,6,2,0,2,"(1,10,0,2)",45,CUT,CUT=36/45;ASSEMBLE+INSPECT=108/540,false
C1A6T2I0F3,1,6,2,0,3,"(1,10,0,3)",45,CUT,CUT=36/45;ASSEMBLE+INSPECT=108/585,false
C1A6T2I1F0,1,6,2,1,0,"(1,10,1,0)",67,INSPECT,CUT=36/67;ASSEMBLE=48/670;INSPECT=60/67,false
C1A6T2I1F1,1,6,2,1,1,"(1,10,1,1)",45,CUT,CUT=36/45;ASSEMBLE+INSPECT=108/540,false
C1A6T2I1F2,1,6,2,1,2,"(1,10,1,2)",45,CUT,CUT=36/45;ASSEMBLE+INSPECT=108/585,false
C1A6T2I1F3,1,6,2,1,3,"(1,10,1,3)",45,CUT,CUT=36/45;ASSEMBLE+INSPECT=108/630,false
C1A6T2I2F0,1,6,2,2,0,"(1,10,2,0)",45,CUT,CUT=36/45;ASSEMBLE=48/450;INSPECT=60/90,false
C1A6T2I2F1,1,6,2,2,1,"(1,10,2,1)",45,CUT,CUT=36/45;ASSEMBLE+INSPECT=108/585,false
C1A6T2I2F2,1,6,2,2,2,"(1,10,2,2)",45,CUT,CUT=36/45;ASSEMBLE+INSPECT=108/630,false
C1A6T2I2F3,1,6,2,2,3,"(1,10,2,3)",45,CUT,CUT=36/45;ASSEMBLE+INSPECT=108/675,false
C1A6T2I3F0,1,6,2,3,0,"(1,10,3,0)",45,CUT,CUT=36/45;ASSEMBLE=48/450;INSPECT=60/135,false
C1A6T2I3F1,1,6,2,3,1,"(1,10,3,1)",45,CUT,CUT=36/45;ASSEMBLE+INSPECT=108/630,false
C1A6T2I3F2,1,6,2,3,2,"(1,10,3,2)",45,CUT,CUT=36/45;ASSEMBLE+INSPECT=108/675,false
C1A6T2I3F3,1,6,2,3,3,"(1,10,3,3)",45,CUT,CUT=36/45;ASSEMBLE+INSPECT=108/720,false
C1A6T2I4F0,1,6,2,4,0,"(1,10,4,0)",45,CUT,CUT=36/45;ASSEMBLE=48/450;INSPECT=60/180,false
C1A6T2I4F1,1,6,2,4,1,"(1,10,4,1)",45,CUT,CUT=36/45;ASSEMBLE+INSPECT=108/675,false
C1A6T2I4F2,1,6,2,4,2,"(1,10,4,2)",45,CUT,CUT=36/45;ASSEMBLE+INSPECT=108/720,false
C1A6T2I4F3,1,6,2,4,3,"(1,10,4,3)",45,CUT,CUT=36/45;ASSEMBLE+INSPECT=108/765,false
C1A6T3I0F1,1,6,3,0,1,"(1,12,0,1)",67,CUT,CUT=36/67;ASSEMBLE+INSPECT=108/871,false
C1A6T3I0F2,1,6,3,0,2,"(1,12,0,2)",45,CUT,CUT=36/45;ASSEMBLE+INSPECT=108/630,false
C1A6T3I0F3,1,6,3,0,3,"(1,12,0,3)",45,CUT,CUT=36/45;ASSEMBLE+INSPECT=108/675,false
C1A6T3I1F0,1,6,3,1,0,"(1,12,1,0)",67,INSPECT,CUT=36/67;ASSEMBLE=48/804;INSPECT=60/67,false
C1A6T3I1F1,1,6,3,1,1,"(1,12,1,1)",45,CUT,CUT=36/45;ASSEMBLE+INSPECT=108/630,false
C1A6T3I1F2,1,6,3,1,2,"(1,12,1,2)",45,CUT,CUT=36/45;ASSEMBLE+INSPECT=108/675,false
C1A6T3I1F3,1,6,3,1,3,"(1,12,1,3)",45,CUT,CUT=36/45;ASSEMBLE+INSPECT=108/720,false
C1A6T3I2F0,1,6,3,2,0,"(1,12,2,0)",45,CUT,CUT=36/45;ASSEMBLE=48/540;INSPECT=60/90,false
C1A6T3I2F1,1,6,3,2,1,"(1,12,2,1)",45,CUT,CUT=36/45;ASSEMBLE+INSPECT=108/675,false
C1A6T3I2F2,1,6,3,2,2,"(1,12,2,2)",45,CUT,CUT=36/45;ASSEMBLE+INSPECT=108/720,false
C1A6T3I2F3,1,6,3,2,3,"(1,12,2,3)",45,CUT,CUT=36/45;ASSEMBLE+INSPECT=108/765,false
C1A6T3I3F0,1,6,3,3,0,"(1,12,3,0)",45,CUT,CUT=36/45;ASSEMBLE=48/540;INSPECT=60/135,false
C1A6T3I3F1,1,6,3,3,1,"(1,12,3,1)",45,CUT,CUT=36/45;ASSEMBLE+INSPECT=108/720,false
C1A6T3I3F2,1,6,3,3,2,"(1,12,3,2)",45,CUT,CUT=36/45;ASSEMBLE+INSPECT=108/765,false
C1A6T3I3F3,1,6,3,3,3,"(1,12,3,3)",45,CUT,CUT=36/45;ASSEMBLE+INSPECT=108/810,false
C1A6T3I4F0,1,6,3,4,0,"(1,12,4,0)",45,CUT,CUT=36/45;ASSEMBLE=48/540;INSPECT=60/180,false
C1A6T3I4F1,1,6,3,4,1,"(1,12,4,1)",45,CUT,CUT=36/45;ASSEMBLE+INSPECT=108/765,false
C1A6T3I4F2,1,6,3,4,2,"(1,12,4,2)",45,CUT,CUT=36/45;ASSEMBLE+INSPECT=108/810,false
C1A6T3I4F3,1,6,3,4,3,"(1,12,4,3)",45,CUT,CUT=36/45;ASSEMBLE+INSPECT=108/855,false
C2A0T0I0F1,2,0,0,0,1,"(2,0,0,1)",111,ASSEMBLE+INSPECT,CUT=36/222;ASSEMBLE+INSPECT=108/111,true
C2A0T0I0F2,2,0,0,0,2,"(2,0,0,2)",57,ASSEMBLE+INSPECT,CUT=36/114;ASSEMBLE+INSPECT=108/114,true
C2A0T0I0F3,2,0,0,0,3,"(2,0,0,3)",42,ASSEMBLE+INSPECT,CUT=36/84;ASSEMBLE+INSPECT=108/126,true
C2A0T0I1F1,2,0,0,1,1,"(2,0,1,1)",81,ASSEMBLE+INSPECT,CUT=36/162;ASSEMBLE+INSPECT=108/162,true
C2A0T0I1F2,2,0,0,1,2,"(2,0,1,2)",47,ASSEMBLE+INSPECT,CUT=36/94;ASSEMBLE+INSPECT=108/141,true
C2A0T0I1F3,2,0,0,1,3,"(2,0,1,3)",37,ASSEMBLE+INSPECT,CUT=36/74;ASSEMBLE+INSPECT=108/148,true
C2A0T0I2F1,2,0,0,2,1,"(2,0,2,1)",56,ASSEMBLE+INSPECT,CUT=36/112;ASSEMBLE+INSPECT=108/168,false
C2A0T0I2F2,2,0,0,2,2,"(2,0,2,2)",42,ASSEMBLE+INSPECT,CUT=36/84;ASSEMBLE+INSPECT=108/168,true
C2A0T0I2F3,2,0,0,2,3,"(2,0,2,3)",34,ASSEMBLE+INSPECT,CUT=36/68;ASSEMBLE+INSPECT=108/170,true
C2A0T0I3F1,2,0,0,3,1,"(2,0,3,1)",56,ASSEMBLE+INSPECT,CUT=36/112;ASSEMBLE+INSPECT=108/224,false
C2A0T0I3F2,2,0,0,3,2,"(2,0,3,2)",36,ASSEMBLE+INSPECT,CUT=36/72;ASSEMBLE+INSPECT=108/180,true
C2A0T0I3F3,2,0,0,3,3,"(2,0,3,3)",29,CUT|ASSEMBLE+INSPECT,CUT=36/58;ASSEMBLE+INSPECT=108/174,true
C2A0T0I4F1,2,0,0,4,1,"(2,0,4,1)",56,ASSEMBLE+INSPECT,CUT=36/112;ASSEMBLE+INSPECT=108/280,false
C2A0T0I4F2,2,0,0,4,2,"(2,0,4,2)",32,CUT|ASSEMBLE+INSPECT,CUT=36/64;ASSEMBLE+INSPECT=108/192,false
C2A0T0I4F3,2,0,0,4,3,"(2,0,4,3)",28,CUT,CUT=36/56;ASSEMBLE+INSPECT=108/196,false
C2A0T1I0F1,2,0,1,0,1,"(2,2,0,1)",70,ASSEMBLE+INSPECT,CUT=36/140;ASSEMBLE+INSPECT=108/210,true
C2A0T1I0F2,2,0,1,0,2,"(2,2,0,2)",40,ASSEMBLE+INSPECT,CUT=36/80;ASSEMBLE+INSPECT=108/160,true
C2A0T1I0F3,2,0,1,0,3,"(2,2,0,3)",31,ASSEMBLE+INSPECT,CUT=36/62;ASSEMBLE+INSPECT=108/155,true
C2A0T1I1F0,2,0,1,1,0,"(2,2,1,0)",67,INSPECT,CUT=36/134;ASSEMBLE=48/134;INSPECT=60/67,false
C2A0T1I1F1,2,0,1,1,1,"(2,2,1,1)",40,ASSEMBLE+INSPECT,CUT=36/80;ASSEMBLE+INSPECT=108/160,true
C2A0T1I1F2,2,0,1,1,2,"(2,2,1,2)",32,ASSEMBLE+INSPECT,CUT=36/64;ASSEMBLE+INSPECT=108/160,true
C2A0T1I1F3,2,0,1,1,3,"(2,2,1,3)",28,CUT|ASSEMBLE+INSPECT,CUT=36/56;ASSEMBLE+INSPECT=108/168,true
C2A0T1I2F0,2,0,1,2,0,"(2,2,2,0)",37,INSPECT,CUT=36/74;ASSEMBLE=48/74;INSPECT=60/74,false
C2A0T1I2F1,2,0,1,2,1,"(2,2,2,1)",32,ASSEMBLE+INSPECT,CUT=36/64;ASSEMBLE+INSPECT=108/160,true
C2A0T1I2F2,2,0,1,2,2,"(2,2,2,2)",28,CUT|ASSEMBLE+INSPECT,CUT=36/56;ASSEMBLE+INSPECT=108/168,true
C2A0T1I2F3,2,0,1,2,3,"(2,2,2,3)",28,CUT,CUT=36/56;ASSEMBLE+INSPECT=108/196,true
C2A0T1I3F0,2,0,1,3,0,"(2,2,3,0)",33,ASSEMBLE,CUT=36/66;ASSEMBLE=48/66;INSPECT=60/99,false
C2A0T1I3F1,2,0,1,3,1,"(2,2,3,1)",29,CUT|ASSEMBLE+INSPECT,CUT=36/58;ASSEMBLE+INSPECT=108/174,true
C2A0T1I3F2,2,0,1,3,2,"(2,2,3,2)",28,CUT,CUT=36/56;ASSEMBLE+INSPECT=108/196,true
C2A0T1I3F3,2,0,1,3,3,"(2,2,3,3)",27,CUT,CUT=36/54;ASSEMBLE+INSPECT=108/216,true
C2A0T1I4F0,2,0,1,4,0,"(2,2,4,0)",32,ASSEMBLE,CUT=36/64;ASSEMBLE=48/64;INSPECT=60/128,false
C2A0T1I4F1,2,0,1,4,1,"(2,2,4,1)",28,CUT,CUT=36/56;ASSEMBLE+INSPECT=108/196,false
C2A0T1I4F2,2,0,1,4,2,"(2,2,4,2)",27,CUT,CUT=36/54;ASSEMBLE+INSPECT=108/216,false
C2A0T1I4F3,2,0,1,4,3,"(2,2,4,3)",27,CUT,CUT=36/54;ASSEMBLE+INSPECT=108/243,false
C2A0T2I0F1,2,0,2,0,1,"(2,4,0,1)",67,ASSEMBLE+INSPECT,CUT=36/134;ASSEMBLE+INSPECT=108/335,false
C2A0T2I0F2,2,0,2,0,2,"(2,4,0,2)",37,CUT|ASSEMBLE+INSPECT,CUT=36/74;ASSEMBLE+INSPECT=108/222,false
C2A0T2I0F3,2,0,2,0,3,"(2,4,0,3)",30,CUT,CUT=36/60;ASSEMBLE+INSPECT=108/210,false
C2A0T2I1F0,2,0,2,1,0,"(2,4,1,0)",67,INSPECT,CUT=36/134;ASSEMBLE=48/268;INSPECT=60/67,false
C2A0T2I1F1,2,0,2,1,1,"(2,4,1,1)",37,CUT|ASSEMBLE+INSPECT,CUT=36/74;ASSEMBLE+INSPECT=108/222,false
C2A0T2I1F2,2,0,2,1,2,"(2,4,1,2)",30,CUT,CUT=36/60;ASSEMBLE+INSPECT=108/210,false
C2A0T2I1F3,2,0,2,1,3,"(2,4,1,3)",27,CUT,CUT=36/54;ASSEMBLE+INSPECT=108/216,false
C2A0T2I2F0,2,0,2,2,0,"(2,4,2,0)",37,INSPECT,CUT=36/74;ASSEMBLE=48/148;INSPECT=60/74,false
C2A0T2I2F1,2,0,2,2,1,"(2,4,2,1)",30,CUT,CUT=36/60;ASSEMBLE+INSPECT=108/210,false
C2A0T2I2F2,2,0,2,2,2,"(2,4,2,2)",27,CUT,CUT=36/54;ASSEMBLE+INSPECT=108/216,false
C2A0T2I2F3,2,0,2,2,3,"(2,4,2,3)",27,CUT,CUT=36/54;ASSEMBLE+INSPECT=108/243,false
C2A0T2I3F0,2,0,2,3,0,"(2,4,3,0)",30,INSPECT,CUT=36/60;ASSEMBLE=48/120;INSPECT=60/90,false
C2A0T2I3F1,2,0,2,3,1,"(2,4,3,1)",27,CUT,CUT=36/54;ASSEMBLE+INSPECT=108/216,false
C2A0T2I3F2,2,0,2,3,2,"(2,4,3,2)",27,CUT,CUT=36/54;ASSEMBLE+INSPECT=108/243,false
C2A0T2I3F3,2,0,2,3,3,"(2,4,3,3)",27,CUT,CUT=36/54;ASSEMBLE+INSPECT=108/270,false
C2A0T2I4F0,2,0,2,4,0,"(2,4,4,0)",27,CUT,CUT=36/54;ASSEMBLE=48/108;INSPECT=60/108,false
C2A0T2I4F1,2,0,2,4,1,"(2,4,4,1)",27,CUT,CUT=36/54;ASSEMBLE+INSPECT=108/243,false
C2A0T2I4F2,2,0,2,4,2,"(2,4,4,2)",27,CUT,CUT=36/54;ASSEMBLE+INSPECT=108/270,false
C2A0T2I4F3,2,0,2,4,3,"(2,4,4,3)",27,CUT,CUT=36/54;ASSEMBLE+INSPECT=108/297,false
C2A0T3I0F1,2,0,3,0,1,"(2,6,0,1)",67,CUT,CUT=36/134;ASSEMBLE+INSPECT=108/469,false
C2A0T3I0F2,2,0,3,0,2,"(2,6,0,2)",37,CUT,CUT=36/74;ASSEMBLE+INSPECT=108/296,false
C2A0T3I0F3,2,0,3,0,3,"(2,6,0,3)",30,CUT,CUT=36/60;ASSEMBLE+INSPECT=108/270,false
C2A0T3I1F0,2,0,3,1,0,"(2,6,1,0)",67,INSPECT,CUT=36/134;ASSEMBLE=48/402;INSPECT=60/67,false
C2A0T3I1F1,2,0,3,1,1,"(2,6,1,1)",37,CUT,CUT=36/74;ASSEMBLE+INSPECT=108/296,false
C2A0T3I1F2,2,0,3,1,2,"(2,6,1,2)",30,CUT,CUT=36/60;ASSEMBLE+INSPECT=108/270,false
C2A0T3I1F3,2,0,3,1,3,"(2,6,1,3)",27,CUT,CUT=36/54;ASSEMBLE+INSPECT=108/270,false
C2A0T3I2F0,2,0,3,2,0,"(2,6,2,0)",37,INSPECT,CUT=36/74;ASSEMBLE=48/222;INSPECT=60/74,false
C2A0T3I2F1,2,0,3,2,1,"(2,6,2,1)",30,CUT,CUT=36/60;ASSEMBLE+INSPECT=108/270,false
C2A0T3I2F2,2,0,3,2,2,"(2,6,2,2)",27,CUT,CUT=36/54;ASSEMBLE+INSPECT=108/270,false
C2A0T3I2F3,2,0,3,2,3,"(2,6,2,3)",27,CUT,CUT=36/54;ASSEMBLE+INSPECT=108/297,false
C2A0T3I3F0,2,0,3,3,0,"(2,6,3,0)",30,INSPECT,CUT=36/60;ASSEMBLE=48/180;INSPECT=60/90,false
C2A0T3I3F1,2,0,3,3,1,"(2,6,3,1)",27,CUT,CUT=36/54;ASSEMBLE+INSPECT=108/270,false
C2A0T3I3F2,2,0,3,3,2,"(2,6,3,2)",27,CUT,CUT=36/54;ASSEMBLE+INSPECT=108/297,false
C2A0T3I3F3,2,0,3,3,3,"(2,6,3,3)",27,CUT,CUT=36/54;ASSEMBLE+INSPECT=108/324,false
C2A0T3I4F0,2,0,3,4,0,"(2,6,4,0)",27,CUT,CUT=36/54;ASSEMBLE=48/162;INSPECT=60/108,false
C2A0T3I4F1,2,0,3,4,1,"(2,6,4,1)",27,CUT,CUT=36/54;ASSEMBLE+INSPECT=108/297,false
C2A0T3I4F2,2,0,3,4,2,"(2,6,4,2)",27,CUT,CUT=36/54;ASSEMBLE+INSPECT=108/324,false
C2A0T3I4F3,2,0,3,4,3,"(2,6,4,3)",27,CUT,CUT=36/54;ASSEMBLE+INSPECT=108/351,false
C2A1T0I0F1,2,1,0,0,1,"(2,1,0,1)",67,ASSEMBLE+INSPECT,CUT=36/134;ASSEMBLE+INSPECT=108/134,true
C2A1T0I0F2,2,1,0,0,2,"(2,1,0,2)",46,ASSEMBLE+INSPECT,CUT=36/92;ASSEMBLE+INSPECT=108/138,true
C2A1T0I0F3,2,1,0,0,3,"(2,1,0,3)",37,ASSEMBLE+INSPECT,CUT=36/74;ASSEMBLE+INSPECT=108/148,true
C2A1T0I1F0,2,1,0,1,0,"(2,1,1,0)",67,INSPECT,CUT=36/134;ASSEMBLE=48/67;INSPECT=60/67,false
C2A1T0I1F1,2,1,0,1,1,"(2,1,1,1)",44,ASSEMBLE+INSPECT,CUT=36/88;ASSEMBLE+INSPECT=108/132,true
C2A1T0I1F2,2,1,0,1,2,"(2,1,1,2)",35,ASSEMBLE+INSPECT,CUT=36/70;ASSEMBLE+INSPECT=108/140,true
C2A1T0I1F3,2,1,0,1,3,"(2,1,1,3)",30,ASSEMBLE+INSPECT,CUT=36/60;ASSEMBLE+INSPECT=108/150,true
C2A1T0I2F0,2,1,0,2,0,"(2,1,2,0)",56,ASSEMBLE,CUT=36/112;ASSEMBLE=48/56;INSPECT=60/112,false
C2A1T0I2F1,2,1,0,2,1,"(2,1,2,1)",38,ASSEMBLE+INSPECT,CUT=36/76;ASSEMBLE+INSPECT=108/152,true
C2A1T0I2F2,2,1,0,2,2,"(2,1,2,2)",31,ASSEMBLE+INSPECT,CUT=36/62;ASSEMBLE+INSPECT=108/155,true
C2A1T0I2F3,2,1,0,2,3,"(2,1,2,3)",28,CUT|ASSEMBLE+INSPECT,CUT=36/56;ASSEMBLE+INSPECT=108/168,true
C2A1T0I3F0,2,1,0,3,0,"(2,1,3,0)",56,ASSEMBLE,CUT=36/112;ASSEMBLE=48/56;INSPECT=60/168,false
C2A1T0I3F1,2,1,0,3,1,"(2,1,3,1)",36,ASSEMBLE+INSPECT,CUT=36/72;ASSEMBLE+INSPECT=108/180,true
C2A1T0I3F2,2,1,0,3,2,"(2,1,3,2)",29,CUT|ASSEMBLE+INSPECT,CUT=36/58;ASSEMBLE+INSPECT=108/174,true
C2A1T0I3F3,2,1,0,3,3,"(2,1,3,3)",28,CUT,CUT=36/56;ASSEMBLE+INSPECT=108/196,true
C2A1T0I4F0,2,1,0,4,0,"(2,1,4,0)",56,ASSEMBLE,CUT=36/112;ASSEMBLE=48/56;INSPECT=60/224,false
C2A1T0I4F1,2,1,0,4,1,"(2,1,4,1)",32,CUT|ASSEMBLE+INSPECT,CUT=36/64;ASSEMBLE+INSPECT=108/192,false
C2A1T0I4F2,2,1,0,4,2,"(2,1,4,2)",28,CUT,CUT=36/56;ASSEMBLE+INSPECT=108/196,false
C2A1T0I4F3,2,1,0,4,3,"(2,1,4,3)",27,CUT,CUT=36/54;ASSEMBLE+INSPECT=108/216,false
C2A1T1I0F1,2,1,1,0,1,"(2,3,0,1)",70,ASSEMBLE+INSPECT,CUT=36/140;ASSEMBLE+INSPECT=108/280,true
C2A1T1I0F2,2,1,1,0,2,"(2,3,0,2)",40,ASSEMBLE+INSPECT,CUT=36/80;ASSEMBLE+INSPECT=108/200,true
C2A1T1I0F3,2,1,1,0,3,"(2,3,0,3)",31,CUT|ASSEMBLE+INSPECT,CUT=36/62;ASSEMBLE+INSPECT=108/186,true
C2A1T1I1F0,2,1,1,1,0,"(2,3,1,0)",67,INSPECT,CUT=36/134;ASSEMBLE=48/201;INSPECT=60/67,false
C2A1T1I1F1,2,1,1,1,1,"(2,3,1,1)",40,ASSEMBLE+INSPECT,CUT=36/80;ASSEMBLE+INSPECT=108/200,true
C2A1T1I1F2,2,1,1,1,2,"(2,3,1,2)",31,CUT|ASSEMBLE+INSPECT,CUT=36/62;ASSEMBLE+INSPECT=108/186,true
C2A1T1I1F3,2,1,1,1,3,"(2,3,1,3)",28,CUT,CUT=36/56;ASSEMBLE+INSPECT=108/196,true
C2A1T1I2F0,2,1,1,2,0,"(2,3,2,0)",37,INSPECT,CUT=36/74;ASSEMBLE=48/111;INSPECT=60/74,false
C2A1T1I2F1,2,1,1,2,1,"(2,3,2,1)",30,CUT|ASSEMBLE+INSPECT,CUT=36/60;ASSEMBLE+INSPECT=108/180,true
C2A1T1I2F2,2,1,1,2,2,"(2,3,2,2)",28,CUT,CUT=36/56;ASSEMBLE+INSPECT=108/196,true
C2A1T1I2F3,2,1,1,2,3,"(2,3,2,3)",27,CUT,CUT=36/54;ASSEMBLE+INSPECT=108/216,true
C2A1T1I3F0,2,1,1,3,0,"(2,3,3,0)",30,INSPECT,CUT=36/60;ASSEMBLE=48/90;INSPECT=60/90,false
C2A1T1I3F1,2,1,1,3,1,"(2,3,3,1)",28,CUT,CUT=36/56;ASSEMBLE+INSPECT=108/196,true
C2A1T1I3F2,2,1,1,3,2,"(2,3,3,2)",27,CUT,CUT=36/54;ASSEMBLE+INSPECT=108/216,true
C2A1T1I3F3,2,1,1,3,3,"(2,3,3,3)",27,CUT,CUT=36/54;ASSEMBLE+INSPECT=108/243,true
C2A1T1I4F0,2,1,1,4,0,"(2,3,4,0)",28,CUT,CUT=36/56;ASSEMBLE=48/84;INSPECT=60/112,false
C2A1T1I4F1,2,1,1,4,1,"(2,3,4,1)",27,CUT,CUT=36/54;ASSEMBLE+INSPECT=108/216,false
C2A1T1I4F2,2,1,1,4,2,"(2,3,4,2)",27,CUT,CUT=36/54;ASSEMBLE+INSPECT=108/243,false
C2A1T1I4F3,2,1,1,4,3,"(2,3,4,3)",27,CUT,CUT=36/54;ASSEMBLE+INSPECT=108/270,false
C2A1T2I0F1,2,1,2,0,1,"(2,5,0,1)",67,CUT|ASSEMBLE+INSPECT,CUT=36/134;ASSEMBLE+INSPECT=108/402,false
C2A1T2I0F2,2,1,2,0,2,"(2,5,0,2)",37,CUT,CUT=36/74;ASSEMBLE+INSPECT=108/259,false
C2A1T2I0F3,2,1,2,0,3,"(2,5,0,3)",30,CUT,CUT=36/60;ASSEMBLE+INSPECT=108/240,false
C2A1T2I1F0,2,1,2,1,0,"(2,5,1,0)",67,INSPECT,CUT=36/134;ASSEMBLE=48/335;INSPECT=60/67,false
C2A1T2I1F1,2,1,2,1,1,"(2,5,1,1)",37,CUT,CUT=36/74;ASSEMBLE+INSPECT=108/259,false
C2A1T2I1F2,2,1,2,1,2,"(2,5,1,2)",30,CUT,CUT=36/60;ASSEMBLE+INSPECT=108/240,false
C2A1T2I1F3,2,1,2,1,3,"(2,5,1,3)",27,CUT,CUT=36/54;ASSEMBLE+INSPECT=108/243,false
C2A1T2I2F0,2,1,2,2,0,"(2,5,2,0)",37,INSPECT,CUT=36/74;ASSEMBLE=48/185;INSPECT=60/74,false
C2A1T2I2F1,2,1,2,2,1,"(2,5,2,1)",30,CUT,CUT=36/60;ASSEMBLE+INSPECT=108/240,false
C2A1T2I2F2,2,1,2,2,2,"(2,5,2,2)",27,CUT,CUT=36/54;ASSEMBLE+INSPECT=108/243,false
C2A1T2I2F3,2,1,2,2,3,"(2,5,2,3)",27,CUT,CUT=36/54;ASSEMBLE+INSPECT=108/270,false
C2A1T2I3F0,2,1,2,3,0,"(2,5,3,0)",30,INSPECT,CUT=36/60;ASSEMBLE=48/150;INSPECT=60/90,false
C2A1T2I3F1,2,1,2,3,1,"(2,5,3,1)",27,CUT,CUT=36/54;ASSEMBLE+INSPECT=108/243,false
C2A1T2I3F2,2,1,2,3,2,"(2,5,3,2)",27,CUT,CUT=36/54;ASSEMBLE+INSPECT=108/270,false
C2A1T2I3F3,2,1,2,3,3,"(2,5,3,3)",27,CUT,CUT=36/54;ASSEMBLE+INSPECT=108/297,false
C2A1T2I4F0,2,1,2,4,0,"(2,5,4,0)",27,CUT,CUT=36/54;ASSEMBLE=48/135;INSPECT=60/108,false
C2A1T2I4F1,2,1,2,4,1,"(2,5,4,1)",27,CUT,CUT=36/54;ASSEMBLE+INSPECT=108/270,false
C2A1T2I4F2,2,1,2,4,2,"(2,5,4,2)",27,CUT,CUT=36/54;ASSEMBLE+INSPECT=108/297,false
C2A1T2I4F3,2,1,2,4,3,"(2,5,4,3)",27,CUT,CUT=36/54;ASSEMBLE+INSPECT=108/324,false
C2A1T3I0F1,2,1,3,0,1,"(2,7,0,1)",67,CUT,CUT=36/134;ASSEMBLE+INSPECT=108/536,false
C2A1T3I0F2,2,1,3,0,2,"(2,7,0,2)",37,CUT,CUT=36/74;ASSEMBLE+INSPECT=108/333,false
C2A1T3I0F3,2,1,3,0,3,"(2,7,0,3)",30,CUT,CUT=36/60;ASSEMBLE+INSPECT=108/300,false
C2A1T3I1F0,2,1,3,1,0,"(2,7,1,0)",67,INSPECT,CUT=36/134;ASSEMBLE=48/469;INSPECT=60/67,false
C2A1T3I1F1,2,1,3,1,1,"(2,7,1,1)",37,CUT,CUT=36/74;ASSEMBLE+INSPECT=108/333,false
C2A1T3I1F2,2,1,3,1,2,"(2,7,1,2)",30,CUT,CUT=36/60;ASSEMBLE+INSPECT=108/300,false
C2A1T3I1F3,2,1,3,1,3,"(2,7,1,3)",27,CUT,CUT=36/54;ASSEMBLE+INSPECT=108/297,false
C2A1T3I2F0,2,1,3,2,0,"(2,7,2,0)",37,INSPECT,CUT=36/74;ASSEMBLE=48/259;INSPECT=60/74,false
C2A1T3I2F1,2,1,3,2,1,"(2,7,2,1)",30,CUT,CUT=36/60;ASSEMBLE+INSPECT=108/300,false
C2A1T3I2F2,2,1,3,2,2,"(2,7,2,2)",27,CUT,CUT=36/54;ASSEMBLE+INSPECT=108/297,false
C2A1T3I2F3,2,1,3,2,3,"(2,7,2,3)",27,CUT,CUT=36/54;ASSEMBLE+INSPECT=108/324,false
C2A1T3I3F0,2,1,3,3,0,"(2,7,3,0)",30,INSPECT,CUT=36/60;ASSEMBLE=48/210;INSPECT=60/90,false
C2A1T3I3F1,2,1,3,3,1,"(2,7,3,1)",27,CUT,CUT=36/54;ASSEMBLE+INSPECT=108/297,false
C2A1T3I3F2,2,1,3,3,2,"(2,7,3,2)",27,CUT,CUT=36/54;ASSEMBLE+INSPECT=108/324,false
C2A1T3I3F3,2,1,3,3,3,"(2,7,3,3)",27,CUT,CUT=36/54;ASSEMBLE+INSPECT=108/351,false
C2A1T3I4F0,2,1,3,4,0,"(2,7,4,0)",27,CUT,CUT=36/54;ASSEMBLE=48/189;INSPECT=60/108,false
C2A1T3I4F1,2,1,3,4,1,"(2,7,4,1)",27,CUT,CUT=36/54;ASSEMBLE+INSPECT=108/324,false
C2A1T3I4F2,2,1,3,4,2,"(2,7,4,2)",27,CUT,CUT=36/54;ASSEMBLE+INSPECT=108/351,false
C2A1T3I4F3,2,1,3,4,3,"(2,7,4,3)",27,CUT,CUT=36/54;ASSEMBLE+INSPECT=108/378,false
C2A2T0I0F1,2,2,0,0,1,"(2,2,0,1)",70,ASSEMBLE+INSPECT,CUT=36/140;ASSEMBLE+INSPECT=108/210,true
C2A2T0I0F2,2,2,0,0,2,"(2,2,0,2)",40,ASSEMBLE+INSPECT,CUT=36/80;ASSEMBLE+INSPECT=108/160,true
C2A2T0I0F3,2,2,0,0,3,"(2,2,0,3)",31,ASSEMBLE+INSPECT,CUT=36/62;ASSEMBLE+INSPECT=108/155,true
C2A2T0I1F0,2,2,0,1,0,"(2,2,1,0)",67,INSPECT,CUT=36/134;ASSEMBLE=48/134;INSPECT=60/67,false
C2A2T0I1F1,2,2,0,1,1,"(2,2,1,1)",40,ASSEMBLE+INSPECT,CUT=36/80;ASSEMBLE+INSPECT=108/160,true
C2A2T0I1F2,2,2,0,1,2,"(2,2,1,2)",32,ASSEMBLE+INSPECT,CUT=36/64;ASSEMBLE+INSPECT=108/160,true
C2A2T0I1F3,2,2,0,1,3,"(2,2,1,3)",28,CUT|ASSEMBLE+INSPECT,CUT=36/56;ASSEMBLE+INSPECT=108/168,true
C2A2T0I2F0,2,2,0,2,0,"(2,2,2,0)",37,INSPECT,CUT=36/74;ASSEMBLE=48/74;INSPECT=60/74,false
C2A2T0I2F1,2,2,0,2,1,"(2,2,2,1)",32,ASSEMBLE+INSPECT,CUT=36/64;ASSEMBLE+INSPECT=108/160,true
C2A2T0I2F2,2,2,0,2,2,"(2,2,2,2)",28,CUT|ASSEMBLE+INSPECT,CUT=36/56;ASSEMBLE+INSPECT=108/168,true
C2A2T0I2F3,2,2,0,2,3,"(2,2,2,3)",28,CUT,CUT=36/56;ASSEMBLE+INSPECT=108/196,true
C2A2T0I3F0,2,2,0,3,0,"(2,2,3,0)",33,ASSEMBLE,CUT=36/66;ASSEMBLE=48/66;INSPECT=60/99,false
C2A2T0I3F1,2,2,0,3,1,"(2,2,3,1)",29,CUT|ASSEMBLE+INSPECT,CUT=36/58;ASSEMBLE+INSPECT=108/174,true
C2A2T0I3F2,2,2,0,3,2,"(2,2,3,2)",28,CUT,CUT=36/56;ASSEMBLE+INSPECT=108/196,true
C2A2T0I3F3,2,2,0,3,3,"(2,2,3,3)",27,CUT,CUT=36/54;ASSEMBLE+INSPECT=108/216,true
C2A2T0I4F0,2,2,0,4,0,"(2,2,4,0)",32,ASSEMBLE,CUT=36/64;ASSEMBLE=48/64;INSPECT=60/128,false
C2A2T0I4F1,2,2,0,4,1,"(2,2,4,1)",28,CUT,CUT=36/56;ASSEMBLE+INSPECT=108/196,false
C2A2T0I4F2,2,2,0,4,2,"(2,2,4,2)",27,CUT,CUT=36/54;ASSEMBLE+INSPECT=108/216,false
C2A2T0I4F3,2,2,0,4,3,"(2,2,4,3)",27,CUT,CUT=36/54;ASSEMBLE+INSPECT=108/243,false
C2A2T1I0F1,2,2,1,0,1,"(2,4,0,1)",67,ASSEMBLE+INSPECT,CUT=36/134;ASSEMBLE+INSPECT=108/335,false
C2A2T1I0F2,2,2,1,0,2,"(2,4,0,2)",37,CUT|ASSEMBLE+INSPECT,CUT=36/74;ASSEMBLE+INSPECT=108/222,false
C2A2T1I0F3,2,2,1,0,3,"(2,4,0,3)",30,CUT,CUT=36/60;ASSEMBLE+INSPECT=108/210,false
C2A2T1I1F0,2,2,1,1,0,"(2,4,1,0)",67,INSPECT,CUT=36/134;ASSEMBLE=48/268;INSPECT=60/67,false
C2A2T1I1F1,2,2,1,1,1,"(2,4,1,1)",37,CUT|ASSEMBLE+INSPECT,CUT=36/74;ASSEMBLE+INSPECT=108/222,false
C2A2T1I1F2,2,2,1,1,2,"(2,4,1,2)",30,CUT,CUT=36/60;ASSEMBLE+INSPECT=108/210,false
C2A2T1I1F3,2,2,1,1,3,"(2,4,1,3)",27,CUT,CUT=36/54;ASSEMBLE+INSPECT=108/216,false
C2A2T1I2F0,2,2,1,2,0,"(2,4,2,0)",37,INSPECT,CUT=36/74;ASSEMBLE=48/148;INSPECT=60/74,false
C2A2T1I2F1,2,2,1,2,1,"(2,4,2,1)",30,CUT,CUT=36/60;ASSEMBLE+INSPECT=108/210,false
C2A2T1I2F2,2,2,1,2,2,"(2,4,2,2)",27,CUT,CUT=36/54;ASSEMBLE+INSPECT=108/216,false
C2A2T1I2F3,2,2,1,2,3,"(2,4,2,3)",27,CUT,CUT=36/54;ASSEMBLE+INSPECT=108/243,false
C2A2T1I3F0,2,2,1,3,0,"(2,4,3,0)",30,INSPECT,CUT=36/60;ASSEMBLE=48/120;INSPECT=60/90,false
C2A2T1I3F1,2,2,1,3,1,"(2,4,3,1)",27,CUT,CUT=36/54;ASSEMBLE+INSPECT=108/216,false
C2A2T1I3F2,2,2,1,3,2,"(2,4,3,2)",27,CUT,CUT=36/54;ASSEMBLE+INSPECT=108/243,false
C2A2T1I3F3,2,2,1,3,3,"(2,4,3,3)",27,CUT,CUT=36/54;ASSEMBLE+INSPECT=108/270,false
C2A2T1I4F0,2,2,1,4,0,"(2,4,4,0)",27,CUT,CUT=36/54;ASSEMBLE=48/108;INSPECT=60/108,false
C2A2T1I4F1,2,2,1,4,1,"(2,4,4,1)",27,CUT,CUT=36/54;ASSEMBLE+INSPECT=108/243,false
C2A2T1I4F2,2,2,1,4,2,"(2,4,4,2)",27,CUT,CUT=36/54;ASSEMBLE+INSPECT=108/270,false
C2A2T1I4F3,2,2,1,4,3,"(2,4,4,3)",27,CUT,CUT=36/54;ASSEMBLE+INSPECT=108/297,false
C2A2T2I0F1,2,2,2,0,1,"(2,6,0,1)",67,CUT,CUT=36/134;ASSEMBLE+INSPECT=108/469,false
C2A2T2I0F2,2,2,2,0,2,"(2,6,0,2)",37,CUT,CUT=36/74;ASSEMBLE+INSPECT=108/296,false
C2A2T2I0F3,2,2,2,0,3,"(2,6,0,3)",30,CUT,CUT=36/60;ASSEMBLE+INSPECT=108/270,false
C2A2T2I1F0,2,2,2,1,0,"(2,6,1,0)",67,INSPECT,CUT=36/134;ASSEMBLE=48/402;INSPECT=60/67,false
C2A2T2I1F1,2,2,2,1,1,"(2,6,1,1)",37,CUT,CUT=36/74;ASSEMBLE+INSPECT=108/296,false
C2A2T2I1F2,2,2,2,1,2,"(2,6,1,2)",30,CUT,CUT=36/60;ASSEMBLE+INSPECT=108/270,false
C2A2T2I1F3,2,2,2,1,3,"(2,6,1,3)",27,CUT,CUT=36/54;ASSEMBLE+INSPECT=108/270,false
C2A2T2I2F0,2,2,2,2,0,"(2,6,2,0)",37,INSPECT,CUT=36/74;ASSEMBLE=48/222;INSPECT=60/74,false
C2A2T2I2F1,2,2,2,2,1,"(2,6,2,1)",30,CUT,CUT=36/60;ASSEMBLE+INSPECT=108/270,false
C2A2T2I2F2,2,2,2,2,2,"(2,6,2,2)",27,CUT,CUT=36/54;ASSEMBLE+INSPECT=108/270,false
C2A2T2I2F3,2,2,2,2,3,"(2,6,2,3)",27,CUT,CUT=36/54;ASSEMBLE+INSPECT=108/297,false
C2A2T2I3F0,2,2,2,3,0,"(2,6,3,0)",30,INSPECT,CUT=36/60;ASSEMBLE=48/180;INSPECT=60/90,false
C2A2T2I3F1,2,2,2,3,1,"(2,6,3,1)",27,CUT,CUT=36/54;ASSEMBLE+INSPECT=108/270,false
C2A2T2I3F2,2,2,2,3,2,"(2,6,3,2)",27,CUT,CUT=36/54;ASSEMBLE+INSPECT=108/297,false
C2A2T2I3F3,2,2,2,3,3,"(2,6,3,3)",27,CUT,CUT=36/54;ASSEMBLE+INSPECT=108/324,false
C2A2T2I4F0,2,2,2,4,0,"(2,6,4,0)",27,CUT,CUT=36/54;ASSEMBLE=48/162;INSPECT=60/108,false
C2A2T2I4F1,2,2,2,4,1,"(2,6,4,1)",27,CUT,CUT=36/54;ASSEMBLE+INSPECT=108/297,false
C2A2T2I4F2,2,2,2,4,2,"(2,6,4,2)",27,CUT,CUT=36/54;ASSEMBLE+INSPECT=108/324,false
C2A2T2I4F3,2,2,2,4,3,"(2,6,4,3)",27,CUT,CUT=36/54;ASSEMBLE+INSPECT=108/351,false
C2A2T3I0F1,2,2,3,0,1,"(2,8,0,1)",67,CUT,CUT=36/134;ASSEMBLE+INSPECT=108/603,false
C2A2T3I0F2,2,2,3,0,2,"(2,8,0,2)",37,CUT,CUT=36/74;ASSEMBLE+INSPECT=108/370,false
C2A2T3I0F3,2,2,3,0,3,"(2,8,0,3)",30,CUT,CUT=36/60;ASSEMBLE+INSPECT=108/330,false
C2A2T3I1F0,2,2,3,1,0,"(2,8,1,0)",67,INSPECT,CUT=36/134;ASSEMBLE=48/536;INSPECT=60/67,false
C2A2T3I1F1,2,2,3,1,1,"(2,8,1,1)",37,CUT,CUT=36/74;ASSEMBLE+INSPECT=108/370,false
C2A2T3I1F2,2,2,3,1,2,"(2,8,1,2)",30,CUT,CUT=36/60;ASSEMBLE+INSPECT=108/330,false
C2A2T3I1F3,2,2,3,1,3,"(2,8,1,3)",27,CUT,CUT=36/54;ASSEMBLE+INSPECT=108/324,false
C2A2T3I2F0,2,2,3,2,0,"(2,8,2,0)",37,INSPECT,CUT=36/74;ASSEMBLE=48/296;INSPECT=60/74,false
C2A2T3I2F1,2,2,3,2,1,"(2,8,2,1)",30,CUT,CUT=36/60;ASSEMBLE+INSPECT=108/330,false
C2A2T3I2F2,2,2,3,2,2,"(2,8,2,2)",27,CUT,CUT=36/54;ASSEMBLE+INSPECT=108/324,false
C2A2T3I2F3,2,2,3,2,3,"(2,8,2,3)",27,CUT,CUT=36/54;ASSEMBLE+INSPECT=108/351,false
C2A2T3I3F0,2,2,3,3,0,"(2,8,3,0)",30,INSPECT,CUT=36/60;ASSEMBLE=48/240;INSPECT=60/90,false
C2A2T3I3F1,2,2,3,3,1,"(2,8,3,1)",27,CUT,CUT=36/54;ASSEMBLE+INSPECT=108/324,false
C2A2T3I3F2,2,2,3,3,2,"(2,8,3,2)",27,CUT,CUT=36/54;ASSEMBLE+INSPECT=108/351,false
C2A2T3I3F3,2,2,3,3,3,"(2,8,3,3)",27,CUT,CUT=36/54;ASSEMBLE+INSPECT=108/378,false
C2A2T3I4F0,2,2,3,4,0,"(2,8,4,0)",27,CUT,CUT=36/54;ASSEMBLE=48/216;INSPECT=60/108,false
C2A2T3I4F1,2,2,3,4,1,"(2,8,4,1)",27,CUT,CUT=36/54;ASSEMBLE+INSPECT=108/351,false
C2A2T3I4F2,2,2,3,4,2,"(2,8,4,2)",27,CUT,CUT=36/54;ASSEMBLE+INSPECT=108/378,false
C2A2T3I4F3,2,2,3,4,3,"(2,8,4,3)",27,CUT,CUT=36/54;ASSEMBLE+INSPECT=108/405,false
C2A3T0I0F1,2,3,0,0,1,"(2,3,0,1)",70,ASSEMBLE+INSPECT,CUT=36/140;ASSEMBLE+INSPECT=108/280,true
C2A3T0I0F2,2,3,0,0,2,"(2,3,0,2)",40,ASSEMBLE+INSPECT,CUT=36/80;ASSEMBLE+INSPECT=108/200,true
C2A3T0I0F3,2,3,0,0,3,"(2,3,0,3)",31,CUT|ASSEMBLE+INSPECT,CUT=36/62;ASSEMBLE+INSPECT=108/186,true
C2A3T0I1F0,2,3,0,1,0,"(2,3,1,0)",67,INSPECT,CUT=36/134;ASSEMBLE=48/201;INSPECT=60/67,false
C2A3T0I1F1,2,3,0,1,1,"(2,3,1,1)",40,ASSEMBLE+INSPECT,CUT=36/80;ASSEMBLE+INSPECT=108/200,true
C2A3T0I1F2,2,3,0,1,2,"(2,3,1,2)",31,CUT|ASSEMBLE+INSPECT,CUT=36/62;ASSEMBLE+INSPECT=108/186,true
C2A3T0I1F3,2,3,0,1,3,"(2,3,1,3)",28,CUT,CUT=36/56;ASSEMBLE+INSPECT=108/196,true
C2A3T0I2F0,2,3,0,2,0,"(2,3,2,0)",37,INSPECT,CUT=36/74;ASSEMBLE=48/111;INSPECT=60/74,false
C2A3T0I2F1,2,3,0,2,1,"(2,3,2,1)",30,CUT|ASSEMBLE+INSPECT,CUT=36/60;ASSEMBLE+INSPECT=108/180,true
C2A3T0I2F2,2,3,0,2,2,"(2,3,2,2)",28,CUT,CUT=36/56;ASSEMBLE+INSPECT=108/196,true
C2A3T0I2F3,2,3,0,2,3,"(2,3,2,3)",27,CUT,CUT=36/54;ASSEMBLE+INSPECT=108/216,true
C2A3T0I3F0,2,3,0,3,0,"(2,3,3,0)",30,INSPECT,CUT=36/60;ASSEMBLE=48/90;INSPECT=60/90,false
C2A3T0I3F1,2,3,0,3,1,"(2,3,3,1)",28,CUT,CUT=36/56;ASSEMBLE+INSPECT=108/196,true
C2A3T0I3F2,2,3,0,3,2,"(2,3,3,2)",27,CUT,CUT=36/54;ASSEMBLE+INSPECT=108/216,true
C2A3T0I3F3,2,3,0,3,3,"(2,3,3,3)",27,CUT,CUT=36/54;ASSEMBLE+INSPECT=108/243,true
C2A3T0I4F0,2,3,0,4,0,"(2,3,4,0)",28,CUT,CUT=36/56;ASSEMBLE=48/84;INSPECT=60/112,false
C2A3T0I4F1,2,3,0,4,1,"(2,3,4,1)",27,CUT,CUT=36/54;ASSEMBLE+INSPECT=108/216,false
C2A3T0I4F2,2,3,0,4,2,"(2,3,4,2)",27,CUT,CUT=36/54;ASSEMBLE+INSPECT=108/243,false
C2A3T0I4F3,2,3,0,4,3,"(2,3,4,3)",27,CUT,CUT=36/54;ASSEMBLE+INSPECT=108/270,false
C2A3T1I0F1,2,3,1,0,1,"(2,5,0,1)",67,CUT|ASSEMBLE+INSPECT,CUT=36/134;ASSEMBLE+INSPECT=108/402,false
C2A3T1I0F2,2,3,1,0,2,"(2,5,0,2)",37,CUT,CUT=36/74;ASSEMBLE+INSPECT=108/259,false
C2A3T1I0F3,2,3,1,0,3,"(2,5,0,3)",30,CUT,CUT=36/60;ASSEMBLE+INSPECT=108/240,false
C2A3T1I1F0,2,3,1,1,0,"(2,5,1,0)",67,INSPECT,CUT=36/134;ASSEMBLE=48/335;INSPECT=60/67,false
C2A3T1I1F1,2,3,1,1,1,"(2,5,1,1)",37,CUT,CUT=36/74;ASSEMBLE+INSPECT=108/259,false
C2A3T1I1F2,2,3,1,1,2,"(2,5,1,2)",30,CUT,CUT=36/60;ASSEMBLE+INSPECT=108/240,false
C2A3T1I1F3,2,3,1,1,3,"(2,5,1,3)",27,CUT,CUT=36/54;ASSEMBLE+INSPECT=108/243,false
C2A3T1I2F0,2,3,1,2,0,"(2,5,2,0)",37,INSPECT,CUT=36/74;ASSEMBLE=48/185;INSPECT=60/74,false
C2A3T1I2F1,2,3,1,2,1,"(2,5,2,1)",30,CUT,CUT=36/60;ASSEMBLE+INSPECT=108/240,false
C2A3T1I2F2,2,3,1,2,2,"(2,5,2,2)",27,CUT,CUT=36/54;ASSEMBLE+INSPECT=108/243,false
C2A3T1I2F3,2,3,1,2,3,"(2,5,2,3)",27,CUT,CUT=36/54;ASSEMBLE+INSPECT=108/270,false
C2A3T1I3F0,2,3,1,3,0,"(2,5,3,0)",30,INSPECT,CUT=36/60;ASSEMBLE=48/150;INSPECT=60/90,false
C2A3T1I3F1,2,3,1,3,1,"(2,5,3,1)",27,CUT,CUT=36/54;ASSEMBLE+INSPECT=108/243,false
C2A3T1I3F2,2,3,1,3,2,"(2,5,3,2)",27,CUT,CUT=36/54;ASSEMBLE+INSPECT=108/270,false
C2A3T1I3F3,2,3,1,3,3,"(2,5,3,3)",27,CUT,CUT=36/54;ASSEMBLE+INSPECT=108/297,false
C2A3T1I4F0,2,3,1,4,0,"(2,5,4,0)",27,CUT,CUT=36/54;ASSEMBLE=48/135;INSPECT=60/108,false
C2A3T1I4F1,2,3,1,4,1,"(2,5,4,1)",27,CUT,CUT=36/54;ASSEMBLE+INSPECT=108/270,false
C2A3T1I4F2,2,3,1,4,2,"(2,5,4,2)",27,CUT,CUT=36/54;ASSEMBLE+INSPECT=108/297,false
C2A3T1I4F3,2,3,1,4,3,"(2,5,4,3)",27,CUT,CUT=36/54;ASSEMBLE+INSPECT=108/324,false
C2A3T2I0F1,2,3,2,0,1,"(2,7,0,1)",67,CUT,CUT=36/134;ASSEMBLE+INSPECT=108/536,false
C2A3T2I0F2,2,3,2,0,2,"(2,7,0,2)",37,CUT,CUT=36/74;ASSEMBLE+INSPECT=108/333,false
C2A3T2I0F3,2,3,2,0,3,"(2,7,0,3)",30,CUT,CUT=36/60;ASSEMBLE+INSPECT=108/300,false
C2A3T2I1F0,2,3,2,1,0,"(2,7,1,0)",67,INSPECT,CUT=36/134;ASSEMBLE=48/469;INSPECT=60/67,false
C2A3T2I1F1,2,3,2,1,1,"(2,7,1,1)",37,CUT,CUT=36/74;ASSEMBLE+INSPECT=108/333,false
C2A3T2I1F2,2,3,2,1,2,"(2,7,1,2)",30,CUT,CUT=36/60;ASSEMBLE+INSPECT=108/300,false
C2A3T2I1F3,2,3,2,1,3,"(2,7,1,3)",27,CUT,CUT=36/54;ASSEMBLE+INSPECT=108/297,false
C2A3T2I2F0,2,3,2,2,0,"(2,7,2,0)",37,INSPECT,CUT=36/74;ASSEMBLE=48/259;INSPECT=60/74,false
C2A3T2I2F1,2,3,2,2,1,"(2,7,2,1)",30,CUT,CUT=36/60;ASSEMBLE+INSPECT=108/300,false
C2A3T2I2F2,2,3,2,2,2,"(2,7,2,2)",27,CUT,CUT=36/54;ASSEMBLE+INSPECT=108/297,false
C2A3T2I2F3,2,3,2,2,3,"(2,7,2,3)",27,CUT,CUT=36/54;ASSEMBLE+INSPECT=108/324,false
C2A3T2I3F0,2,3,2,3,0,"(2,7,3,0)",30,INSPECT,CUT=36/60;ASSEMBLE=48/210;INSPECT=60/90,false
C2A3T2I3F1,2,3,2,3,1,"(2,7,3,1)",27,CUT,CUT=36/54;ASSEMBLE+INSPECT=108/297,false
C2A3T2I3F2,2,3,2,3,2,"(2,7,3,2)",27,CUT,CUT=36/54;ASSEMBLE+INSPECT=108/324,false
C2A3T2I3F3,2,3,2,3,3,"(2,7,3,3)",27,CUT,CUT=36/54;ASSEMBLE+INSPECT=108/351,false
C2A3T2I4F0,2,3,2,4,0,"(2,7,4,0)",27,CUT,CUT=36/54;ASSEMBLE=48/189;INSPECT=60/108,false
C2A3T2I4F1,2,3,2,4,1,"(2,7,4,1)",27,CUT,CUT=36/54;ASSEMBLE+INSPECT=108/324,false
C2A3T2I4F2,2,3,2,4,2,"(2,7,4,2)",27,CUT,CUT=36/54;ASSEMBLE+INSPECT=108/351,false
C2A3T2I4F3,2,3,2,4,3,"(2,7,4,3)",27,CUT,CUT=36/54;ASSEMBLE+INSPECT=108/378,false
C2A3T3I0F1,2,3,3,0,1,"(2,9,0,1)",67,CUT,CUT=36/134;ASSEMBLE+INSPECT=108/670,false
C2A3T3I0F2,2,3,3,0,2,"(2,9,0,2)",37,CUT,CUT=36/74;ASSEMBLE+INSPECT=108/407,false
C2A3T3I0F3,2,3,3,0,3,"(2,9,0,3)",30,CUT,CUT=36/60;ASSEMBLE+INSPECT=108/360,false
C2A3T3I1F0,2,3,3,1,0,"(2,9,1,0)",67,INSPECT,CUT=36/134;ASSEMBLE=48/603;INSPECT=60/67,false
C2A3T3I1F1,2,3,3,1,1,"(2,9,1,1)",37,CUT,CUT=36/74;ASSEMBLE+INSPECT=108/407,false
C2A3T3I1F2,2,3,3,1,2,"(2,9,1,2)",30,CUT,CUT=36/60;ASSEMBLE+INSPECT=108/360,false
C2A3T3I1F3,2,3,3,1,3,"(2,9,1,3)",27,CUT,CUT=36/54;ASSEMBLE+INSPECT=108/351,false
C2A3T3I2F0,2,3,3,2,0,"(2,9,2,0)",37,INSPECT,CUT=36/74;ASSEMBLE=48/333;INSPECT=60/74,false
C2A3T3I2F1,2,3,3,2,1,"(2,9,2,1)",30,CUT,CUT=36/60;ASSEMBLE+INSPECT=108/360,false
C2A3T3I2F2,2,3,3,2,2,"(2,9,2,2)",27,CUT,CUT=36/54;ASSEMBLE+INSPECT=108/351,false
C2A3T3I2F3,2,3,3,2,3,"(2,9,2,3)",27,CUT,CUT=36/54;ASSEMBLE+INSPECT=108/378,false
C2A3T3I3F0,2,3,3,3,0,"(2,9,3,0)",30,INSPECT,CUT=36/60;ASSEMBLE=48/270;INSPECT=60/90,false
C2A3T3I3F1,2,3,3,3,1,"(2,9,3,1)",27,CUT,CUT=36/54;ASSEMBLE+INSPECT=108/351,false
C2A3T3I3F2,2,3,3,3,2,"(2,9,3,2)",27,CUT,CUT=36/54;ASSEMBLE+INSPECT=108/378,false
C2A3T3I3F3,2,3,3,3,3,"(2,9,3,3)",27,CUT,CUT=36/54;ASSEMBLE+INSPECT=108/405,false
C2A3T3I4F0,2,3,3,4,0,"(2,9,4,0)",27,CUT,CUT=36/54;ASSEMBLE=48/243;INSPECT=60/108,false
C2A3T3I4F1,2,3,3,4,1,"(2,9,4,1)",27,CUT,CUT=36/54;ASSEMBLE+INSPECT=108/378,false
C2A3T3I4F2,2,3,3,4,2,"(2,9,4,2)",27,CUT,CUT=36/54;ASSEMBLE+INSPECT=108/405,false
C2A3T3I4F3,2,3,3,4,3,"(2,9,4,3)",27,CUT,CUT=36/54;ASSEMBLE+INSPECT=108/432,false
C2A4T0I0F1,2,4,0,0,1,"(2,4,0,1)",67,ASSEMBLE+INSPECT,CUT=36/134;ASSEMBLE+INSPECT=108/335,false
C2A4T0I0F2,2,4,0,0,2,"(2,4,0,2)",37,CUT|ASSEMBLE+INSPECT,CUT=36/74;ASSEMBLE+INSPECT=108/222,false
C2A4T0I0F3,2,4,0,0,3,"(2,4,0,3)",30,CUT,CUT=36/60;ASSEMBLE+INSPECT=108/210,false
C2A4T0I1F0,2,4,0,1,0,"(2,4,1,0)",67,INSPECT,CUT=36/134;ASSEMBLE=48/268;INSPECT=60/67,false
C2A4T0I1F1,2,4,0,1,1,"(2,4,1,1)",37,CUT|ASSEMBLE+INSPECT,CUT=36/74;ASSEMBLE+INSPECT=108/222,false
C2A4T0I1F2,2,4,0,1,2,"(2,4,1,2)",30,CUT,CUT=36/60;ASSEMBLE+INSPECT=108/210,false
C2A4T0I1F3,2,4,0,1,3,"(2,4,1,3)",27,CUT,CUT=36/54;ASSEMBLE+INSPECT=108/216,false
C2A4T0I2F0,2,4,0,2,0,"(2,4,2,0)",37,INSPECT,CUT=36/74;ASSEMBLE=48/148;INSPECT=60/74,false
C2A4T0I2F1,2,4,0,2,1,"(2,4,2,1)",30,CUT,CUT=36/60;ASSEMBLE+INSPECT=108/210,false
C2A4T0I2F2,2,4,0,2,2,"(2,4,2,2)",27,CUT,CUT=36/54;ASSEMBLE+INSPECT=108/216,false
C2A4T0I2F3,2,4,0,2,3,"(2,4,2,3)",27,CUT,CUT=36/54;ASSEMBLE+INSPECT=108/243,false
C2A4T0I3F0,2,4,0,3,0,"(2,4,3,0)",30,INSPECT,CUT=36/60;ASSEMBLE=48/120;INSPECT=60/90,false
C2A4T0I3F1,2,4,0,3,1,"(2,4,3,1)",27,CUT,CUT=36/54;ASSEMBLE+INSPECT=108/216,false
C2A4T0I3F2,2,4,0,3,2,"(2,4,3,2)",27,CUT,CUT=36/54;ASSEMBLE+INSPECT=108/243,false
C2A4T0I3F3,2,4,0,3,3,"(2,4,3,3)",27,CUT,CUT=36/54;ASSEMBLE+INSPECT=108/270,false
C2A4T0I4F0,2,4,0,4,0,"(2,4,4,0)",27,CUT,CUT=36/54;ASSEMBLE=48/108;INSPECT=60/108,false
C2A4T0I4F1,2,4,0,4,1,"(2,4,4,1)",27,CUT,CUT=36/54;ASSEMBLE+INSPECT=108/243,false
C2A4T0I4F2,2,4,0,4,2,"(2,4,4,2)",27,CUT,CUT=36/54;ASSEMBLE+INSPECT=108/270,false
C2A4T0I4F3,2,4,0,4,3,"(2,4,4,3)",27,CUT,CUT=36/54;ASSEMBLE+INSPECT=108/297,false
C2A4T1I0F1,2,4,1,0,1,"(2,6,0,1)",67,CUT,CUT=36/134;ASSEMBLE+INSPECT=108/469,false
C2A4T1I0F2,2,4,1,0,2,"(2,6,0,2)",37,CUT,CUT=36/74;ASSEMBLE+INSPECT=108/296,false
C2A4T1I0F3,2,4,1,0,3,"(2,6,0,3)",30,CUT,CUT=36/60;ASSEMBLE+INSPECT=108/270,false
C2A4T1I1F0,2,4,1,1,0,"(2,6,1,0)",67,INSPECT,CUT=36/134;ASSEMBLE=48/402;INSPECT=60/67,false
C2A4T1I1F1,2,4,1,1,1,"(2,6,1,1)",37,CUT,CUT=36/74;ASSEMBLE+INSPECT=108/296,false
C2A4T1I1F2,2,4,1,1,2,"(2,6,1,2)",30,CUT,CUT=36/60;ASSEMBLE+INSPECT=108/270,false
C2A4T1I1F3,2,4,1,1,3,"(2,6,1,3)",27,CUT,CUT=36/54;ASSEMBLE+INSPECT=108/270,false
C2A4T1I2F0,2,4,1,2,0,"(2,6,2,0)",37,INSPECT,CUT=36/74;ASSEMBLE=48/222;INSPECT=60/74,false
C2A4T1I2F1,2,4,1,2,1,"(2,6,2,1)",30,CUT,CUT=36/60;ASSEMBLE+INSPECT=108/270,false
C2A4T1I2F2,2,4,1,2,2,"(2,6,2,2)",27,CUT,CUT=36/54;ASSEMBLE+INSPECT=108/270,false
C2A4T1I2F3,2,4,1,2,3,"(2,6,2,3)",27,CUT,CUT=36/54;ASSEMBLE+INSPECT=108/297,false
C2A4T1I3F0,2,4,1,3,0,"(2,6,3,0)",30,INSPECT,CUT=36/60;ASSEMBLE=48/180;INSPECT=60/90,false
C2A4T1I3F1,2,4,1,3,1,"(2,6,3,1)",27,CUT,CUT=36/54;ASSEMBLE+INSPECT=108/270,false
C2A4T1I3F2,2,4,1,3,2,"(2,6,3,2)",27,CUT,CUT=36/54;ASSEMBLE+INSPECT=108/297,false
C2A4T1I3F3,2,4,1,3,3,"(2,6,3,3)",27,CUT,CUT=36/54;ASSEMBLE+INSPECT=108/324,false
C2A4T1I4F0,2,4,1,4,0,"(2,6,4,0)",27,CUT,CUT=36/54;ASSEMBLE=48/162;INSPECT=60/108,false
C2A4T1I4F1,2,4,1,4,1,"(2,6,4,1)",27,CUT,CUT=36/54;ASSEMBLE+INSPECT=108/297,false
C2A4T1I4F2,2,4,1,4,2,"(2,6,4,2)",27,CUT,CUT=36/54;ASSEMBLE+INSPECT=108/324,false
C2A4T1I4F3,2,4,1,4,3,"(2,6,4,3)",27,CUT,CUT=36/54;ASSEMBLE+INSPECT=108/351,false
C2A4T2I0F1,2,4,2,0,1,"(2,8,0,1)",67,CUT,CUT=36/134;ASSEMBLE+INSPECT=108/603,false
C2A4T2I0F2,2,4,2,0,2,"(2,8,0,2)",37,CUT,CUT=36/74;ASSEMBLE+INSPECT=108/370,false
C2A4T2I0F3,2,4,2,0,3,"(2,8,0,3)",30,CUT,CUT=36/60;ASSEMBLE+INSPECT=108/330,false
C2A4T2I1F0,2,4,2,1,0,"(2,8,1,0)",67,INSPECT,CUT=36/134;ASSEMBLE=48/536;INSPECT=60/67,false
C2A4T2I1F1,2,4,2,1,1,"(2,8,1,1)",37,CUT,CUT=36/74;ASSEMBLE+INSPECT=108/370,false
C2A4T2I1F2,2,4,2,1,2,"(2,8,1,2)",30,CUT,CUT=36/60;ASSEMBLE+INSPECT=108/330,false
C2A4T2I1F3,2,4,2,1,3,"(2,8,1,3)",27,CUT,CUT=36/54;ASSEMBLE+INSPECT=108/324,false
C2A4T2I2F0,2,4,2,2,0,"(2,8,2,0)",37,INSPECT,CUT=36/74;ASSEMBLE=48/296;INSPECT=60/74,false
C2A4T2I2F1,2,4,2,2,1,"(2,8,2,1)",30,CUT,CUT=36/60;ASSEMBLE+INSPECT=108/330,false
C2A4T2I2F2,2,4,2,2,2,"(2,8,2,2)",27,CUT,CUT=36/54;ASSEMBLE+INSPECT=108/324,false
C2A4T2I2F3,2,4,2,2,3,"(2,8,2,3)",27,CUT,CUT=36/54;ASSEMBLE+INSPECT=108/351,false
C2A4T2I3F0,2,4,2,3,0,"(2,8,3,0)",30,INSPECT,CUT=36/60;ASSEMBLE=48/240;INSPECT=60/90,false
C2A4T2I3F1,2,4,2,3,1,"(2,8,3,1)",27,CUT,CUT=36/54;ASSEMBLE+INSPECT=108/324,false
C2A4T2I3F2,2,4,2,3,2,"(2,8,3,2)",27,CUT,CUT=36/54;ASSEMBLE+INSPECT=108/351,false
C2A4T2I3F3,2,4,2,3,3,"(2,8,3,3)",27,CUT,CUT=36/54;ASSEMBLE+INSPECT=108/378,false
C2A4T2I4F0,2,4,2,4,0,"(2,8,4,0)",27,CUT,CUT=36/54;ASSEMBLE=48/216;INSPECT=60/108,false
C2A4T2I4F1,2,4,2,4,1,"(2,8,4,1)",27,CUT,CUT=36/54;ASSEMBLE+INSPECT=108/351,false
C2A4T2I4F2,2,4,2,4,2,"(2,8,4,2)",27,CUT,CUT=36/54;ASSEMBLE+INSPECT=108/378,false
C2A4T2I4F3,2,4,2,4,3,"(2,8,4,3)",27,CUT,CUT=36/54;ASSEMBLE+INSPECT=108/405,false
C2A4T3I0F1,2,4,3,0,1,"(2,10,0,1)",67,CUT,CUT=36/134;ASSEMBLE+INSPECT=108/737,false
C2A4T3I0F2,2,4,3,0,2,"(2,10,0,2)",37,CUT,CUT=36/74;ASSEMBLE+INSPECT=108/444,false
C2A4T3I0F3,2,4,3,0,3,"(2,10,0,3)",30,CUT,CUT=36/60;ASSEMBLE+INSPECT=108/390,false
C2A4T3I1F0,2,4,3,1,0,"(2,10,1,0)",67,INSPECT,CUT=36/134;ASSEMBLE=48/670;INSPECT=60/67,false
C2A4T3I1F1,2,4,3,1,1,"(2,10,1,1)",37,CUT,CUT=36/74;ASSEMBLE+INSPECT=108/444,false
C2A4T3I1F2,2,4,3,1,2,"(2,10,1,2)",30,CUT,CUT=36/60;ASSEMBLE+INSPECT=108/390,false
C2A4T3I1F3,2,4,3,1,3,"(2,10,1,3)",27,CUT,CUT=36/54;ASSEMBLE+INSPECT=108/378,false
C2A4T3I2F0,2,4,3,2,0,"(2,10,2,0)",37,INSPECT,CUT=36/74;ASSEMBLE=48/370;INSPECT=60/74,false
C2A4T3I2F1,2,4,3,2,1,"(2,10,2,1)",30,CUT,CUT=36/60;ASSEMBLE+INSPECT=108/390,false
C2A4T3I2F2,2,4,3,2,2,"(2,10,2,2)",27,CUT,CUT=36/54;ASSEMBLE+INSPECT=108/378,false
C2A4T3I2F3,2,4,3,2,3,"(2,10,2,3)",27,CUT,CUT=36/54;ASSEMBLE+INSPECT=108/405,false
C2A4T3I3F0,2,4,3,3,0,"(2,10,3,0)",30,INSPECT,CUT=36/60;ASSEMBLE=48/300;INSPECT=60/90,false
C2A4T3I3F1,2,4,3,3,1,"(2,10,3,1)",27,CUT,CUT=36/54;ASSEMBLE+INSPECT=108/378,false
C2A4T3I3F2,2,4,3,3,2,"(2,10,3,2)",27,CUT,CUT=36/54;ASSEMBLE+INSPECT=108/405,false
C2A4T3I3F3,2,4,3,3,3,"(2,10,3,3)",27,CUT,CUT=36/54;ASSEMBLE+INSPECT=108/432,false
C2A4T3I4F0,2,4,3,4,0,"(2,10,4,0)",27,CUT,CUT=36/54;ASSEMBLE=48/270;INSPECT=60/108,false
C2A4T3I4F1,2,4,3,4,1,"(2,10,4,1)",27,CUT,CUT=36/54;ASSEMBLE+INSPECT=108/405,false
C2A4T3I4F2,2,4,3,4,2,"(2,10,4,2)",27,CUT,CUT=36/54;ASSEMBLE+INSPECT=108/432,false
C2A4T3I4F3,2,4,3,4,3,"(2,10,4,3)",27,CUT,CUT=36/54;ASSEMBLE+INSPECT=108/459,false
C2A5T0I0F1,2,5,0,0,1,"(2,5,0,1)",67,CUT|ASSEMBLE+INSPECT,CUT=36/134;ASSEMBLE+INSPECT=108/402,false
C2A5T0I0F2,2,5,0,0,2,"(2,5,0,2)",37,CUT,CUT=36/74;ASSEMBLE+INSPECT=108/259,false
C2A5T0I0F3,2,5,0,0,3,"(2,5,0,3)",30,CUT,CUT=36/60;ASSEMBLE+INSPECT=108/240,false
C2A5T0I1F0,2,5,0,1,0,"(2,5,1,0)",67,INSPECT,CUT=36/134;ASSEMBLE=48/335;INSPECT=60/67,false
C2A5T0I1F1,2,5,0,1,1,"(2,5,1,1)",37,CUT,CUT=36/74;ASSEMBLE+INSPECT=108/259,false
C2A5T0I1F2,2,5,0,1,2,"(2,5,1,2)",30,CUT,CUT=36/60;ASSEMBLE+INSPECT=108/240,false
C2A5T0I1F3,2,5,0,1,3,"(2,5,1,3)",27,CUT,CUT=36/54;ASSEMBLE+INSPECT=108/243,false
C2A5T0I2F0,2,5,0,2,0,"(2,5,2,0)",37,INSPECT,CUT=36/74;ASSEMBLE=48/185;INSPECT=60/74,false
C2A5T0I2F1,2,5,0,2,1,"(2,5,2,1)",30,CUT,CUT=36/60;ASSEMBLE+INSPECT=108/240,false
C2A5T0I2F2,2,5,0,2,2,"(2,5,2,2)",27,CUT,CUT=36/54;ASSEMBLE+INSPECT=108/243,false
C2A5T0I2F3,2,5,0,2,3,"(2,5,2,3)",27,CUT,CUT=36/54;ASSEMBLE+INSPECT=108/270,false
C2A5T0I3F0,2,5,0,3,0,"(2,5,3,0)",30,INSPECT,CUT=36/60;ASSEMBLE=48/150;INSPECT=60/90,false
C2A5T0I3F1,2,5,0,3,1,"(2,5,3,1)",27,CUT,CUT=36/54;ASSEMBLE+INSPECT=108/243,false
C2A5T0I3F2,2,5,0,3,2,"(2,5,3,2)",27,CUT,CUT=36/54;ASSEMBLE+INSPECT=108/270,false
C2A5T0I3F3,2,5,0,3,3,"(2,5,3,3)",27,CUT,CUT=36/54;ASSEMBLE+INSPECT=108/297,false
C2A5T0I4F0,2,5,0,4,0,"(2,5,4,0)",27,CUT,CUT=36/54;ASSEMBLE=48/135;INSPECT=60/108,false
C2A5T0I4F1,2,5,0,4,1,"(2,5,4,1)",27,CUT,CUT=36/54;ASSEMBLE+INSPECT=108/270,false
C2A5T0I4F2,2,5,0,4,2,"(2,5,4,2)",27,CUT,CUT=36/54;ASSEMBLE+INSPECT=108/297,false
C2A5T0I4F3,2,5,0,4,3,"(2,5,4,3)",27,CUT,CUT=36/54;ASSEMBLE+INSPECT=108/324,false
C2A5T1I0F1,2,5,1,0,1,"(2,7,0,1)",67,CUT,CUT=36/134;ASSEMBLE+INSPECT=108/536,false
C2A5T1I0F2,2,5,1,0,2,"(2,7,0,2)",37,CUT,CUT=36/74;ASSEMBLE+INSPECT=108/333,false
C2A5T1I0F3,2,5,1,0,3,"(2,7,0,3)",30,CUT,CUT=36/60;ASSEMBLE+INSPECT=108/300,false
C2A5T1I1F0,2,5,1,1,0,"(2,7,1,0)",67,INSPECT,CUT=36/134;ASSEMBLE=48/469;INSPECT=60/67,false
C2A5T1I1F1,2,5,1,1,1,"(2,7,1,1)",37,CUT,CUT=36/74;ASSEMBLE+INSPECT=108/333,false
C2A5T1I1F2,2,5,1,1,2,"(2,7,1,2)",30,CUT,CUT=36/60;ASSEMBLE+INSPECT=108/300,false
C2A5T1I1F3,2,5,1,1,3,"(2,7,1,3)",27,CUT,CUT=36/54;ASSEMBLE+INSPECT=108/297,false
C2A5T1I2F0,2,5,1,2,0,"(2,7,2,0)",37,INSPECT,CUT=36/74;ASSEMBLE=48/259;INSPECT=60/74,false
C2A5T1I2F1,2,5,1,2,1,"(2,7,2,1)",30,CUT,CUT=36/60;ASSEMBLE+INSPECT=108/300,false
C2A5T1I2F2,2,5,1,2,2,"(2,7,2,2)",27,CUT,CUT=36/54;ASSEMBLE+INSPECT=108/297,false
C2A5T1I2F3,2,5,1,2,3,"(2,7,2,3)",27,CUT,CUT=36/54;ASSEMBLE+INSPECT=108/324,false
C2A5T1I3F0,2,5,1,3,0,"(2,7,3,0)",30,INSPECT,CUT=36/60;ASSEMBLE=48/210;INSPECT=60/90,false
C2A5T1I3F1,2,5,1,3,1,"(2,7,3,1)",27,CUT,CUT=36/54;ASSEMBLE+INSPECT=108/297,false
C2A5T1I3F2,2,5,1,3,2,"(2,7,3,2)",27,CUT,CUT=36/54;ASSEMBLE+INSPECT=108/324,false
C2A5T1I3F3,2,5,1,3,3,"(2,7,3,3)",27,CUT,CUT=36/54;ASSEMBLE+INSPECT=108/351,false
C2A5T1I4F0,2,5,1,4,0,"(2,7,4,0)",27,CUT,CUT=36/54;ASSEMBLE=48/189;INSPECT=60/108,false
C2A5T1I4F1,2,5,1,4,1,"(2,7,4,1)",27,CUT,CUT=36/54;ASSEMBLE+INSPECT=108/324,false
C2A5T1I4F2,2,5,1,4,2,"(2,7,4,2)",27,CUT,CUT=36/54;ASSEMBLE+INSPECT=108/351,false
C2A5T1I4F3,2,5,1,4,3,"(2,7,4,3)",27,CUT,CUT=36/54;ASSEMBLE+INSPECT=108/378,false
C2A5T2I0F1,2,5,2,0,1,"(2,9,0,1)",67,CUT,CUT=36/134;ASSEMBLE+INSPECT=108/670,false
C2A5T2I0F2,2,5,2,0,2,"(2,9,0,2)",37,CUT,CUT=36/74;ASSEMBLE+INSPECT=108/407,false
C2A5T2I0F3,2,5,2,0,3,"(2,9,0,3)",30,CUT,CUT=36/60;ASSEMBLE+INSPECT=108/360,false
C2A5T2I1F0,2,5,2,1,0,"(2,9,1,0)",67,INSPECT,CUT=36/134;ASSEMBLE=48/603;INSPECT=60/67,false
C2A5T2I1F1,2,5,2,1,1,"(2,9,1,1)",37,CUT,CUT=36/74;ASSEMBLE+INSPECT=108/407,false
C2A5T2I1F2,2,5,2,1,2,"(2,9,1,2)",30,CUT,CUT=36/60;ASSEMBLE+INSPECT=108/360,false
C2A5T2I1F3,2,5,2,1,3,"(2,9,1,3)",27,CUT,CUT=36/54;ASSEMBLE+INSPECT=108/351,false
C2A5T2I2F0,2,5,2,2,0,"(2,9,2,0)",37,INSPECT,CUT=36/74;ASSEMBLE=48/333;INSPECT=60/74,false
C2A5T2I2F1,2,5,2,2,1,"(2,9,2,1)",30,CUT,CUT=36/60;ASSEMBLE+INSPECT=108/360,false
C2A5T2I2F2,2,5,2,2,2,"(2,9,2,2)",27,CUT,CUT=36/54;ASSEMBLE+INSPECT=108/351,false
C2A5T2I2F3,2,5,2,2,3,"(2,9,2,3)",27,CUT,CUT=36/54;ASSEMBLE+INSPECT=108/378,false
C2A5T2I3F0,2,5,2,3,0,"(2,9,3,0)",30,INSPECT,CUT=36/60;ASSEMBLE=48/270;INSPECT=60/90,false
C2A5T2I3F1,2,5,2,3,1,"(2,9,3,1)",27,CUT,CUT=36/54;ASSEMBLE+INSPECT=108/351,false
C2A5T2I3F2,2,5,2,3,2,"(2,9,3,2)",27,CUT,CUT=36/54;ASSEMBLE+INSPECT=108/378,false
C2A5T2I3F3,2,5,2,3,3,"(2,9,3,3)",27,CUT,CUT=36/54;ASSEMBLE+INSPECT=108/405,false
C2A5T2I4F0,2,5,2,4,0,"(2,9,4,0)",27,CUT,CUT=36/54;ASSEMBLE=48/243;INSPECT=60/108,false
C2A5T2I4F1,2,5,2,4,1,"(2,9,4,1)",27,CUT,CUT=36/54;ASSEMBLE+INSPECT=108/378,false
C2A5T2I4F2,2,5,2,4,2,"(2,9,4,2)",27,CUT,CUT=36/54;ASSEMBLE+INSPECT=108/405,false
C2A5T2I4F3,2,5,2,4,3,"(2,9,4,3)",27,CUT,CUT=36/54;ASSEMBLE+INSPECT=108/432,false
C2A5T3I0F1,2,5,3,0,1,"(2,11,0,1)",67,CUT,CUT=36/134;ASSEMBLE+INSPECT=108/804,false
C2A5T3I0F2,2,5,3,0,2,"(2,11,0,2)",37,CUT,CUT=36/74;ASSEMBLE+INSPECT=108/481,false
C2A5T3I0F3,2,5,3,0,3,"(2,11,0,3)",30,CUT,CUT=36/60;ASSEMBLE+INSPECT=108/420,false
C2A5T3I1F0,2,5,3,1,0,"(2,11,1,0)",67,INSPECT,CUT=36/134;ASSEMBLE=48/737;INSPECT=60/67,false
C2A5T3I1F1,2,5,3,1,1,"(2,11,1,1)",37,CUT,CUT=36/74;ASSEMBLE+INSPECT=108/481,false
C2A5T3I1F2,2,5,3,1,2,"(2,11,1,2)",30,CUT,CUT=36/60;ASSEMBLE+INSPECT=108/420,false
C2A5T3I1F3,2,5,3,1,3,"(2,11,1,3)",27,CUT,CUT=36/54;ASSEMBLE+INSPECT=108/405,false
C2A5T3I2F0,2,5,3,2,0,"(2,11,2,0)",37,INSPECT,CUT=36/74;ASSEMBLE=48/407;INSPECT=60/74,false
C2A5T3I2F1,2,5,3,2,1,"(2,11,2,1)",30,CUT,CUT=36/60;ASSEMBLE+INSPECT=108/420,false
C2A5T3I2F2,2,5,3,2,2,"(2,11,2,2)",27,CUT,CUT=36/54;ASSEMBLE+INSPECT=108/405,false
C2A5T3I2F3,2,5,3,2,3,"(2,11,2,3)",27,CUT,CUT=36/54;ASSEMBLE+INSPECT=108/432,false
C2A5T3I3F0,2,5,3,3,0,"(2,11,3,0)",30,INSPECT,CUT=36/60;ASSEMBLE=48/330;INSPECT=60/90,false
C2A5T3I3F1,2,5,3,3,1,"(2,11,3,1)",27,CUT,CUT=36/54;ASSEMBLE+INSPECT=108/405,false
C2A5T3I3F2,2,5,3,3,2,"(2,11,3,2)",27,CUT,CUT=36/54;ASSEMBLE+INSPECT=108/432,false
C2A5T3I3F3,2,5,3,3,3,"(2,11,3,3)",27,CUT,CUT=36/54;ASSEMBLE+INSPECT=108/459,false
C2A5T3I4F0,2,5,3,4,0,"(2,11,4,0)",27,CUT,CUT=36/54;ASSEMBLE=48/297;INSPECT=60/108,false
C2A5T3I4F1,2,5,3,4,1,"(2,11,4,1)",27,CUT,CUT=36/54;ASSEMBLE+INSPECT=108/432,false
C2A5T3I4F2,2,5,3,4,2,"(2,11,4,2)",27,CUT,CUT=36/54;ASSEMBLE+INSPECT=108/459,false
C2A5T3I4F3,2,5,3,4,3,"(2,11,4,3)",27,CUT,CUT=36/54;ASSEMBLE+INSPECT=108/486,false
C2A6T0I0F1,2,6,0,0,1,"(2,6,0,1)",67,CUT,CUT=36/134;ASSEMBLE+INSPECT=108/469,false
C2A6T0I0F2,2,6,0,0,2,"(2,6,0,2)",37,CUT,CUT=36/74;ASSEMBLE+INSPECT=108/296,false
C2A6T0I0F3,2,6,0,0,3,"(2,6,0,3)",30,CUT,CUT=36/60;ASSEMBLE+INSPECT=108/270,false
C2A6T0I1F0,2,6,0,1,0,"(2,6,1,0)",67,INSPECT,CUT=36/134;ASSEMBLE=48/402;INSPECT=60/67,false
C2A6T0I1F1,2,6,0,1,1,"(2,6,1,1)",37,CUT,CUT=36/74;ASSEMBLE+INSPECT=108/296,false
C2A6T0I1F2,2,6,0,1,2,"(2,6,1,2)",30,CUT,CUT=36/60;ASSEMBLE+INSPECT=108/270,false
C2A6T0I1F3,2,6,0,1,3,"(2,6,1,3)",27,CUT,CUT=36/54;ASSEMBLE+INSPECT=108/270,false
C2A6T0I2F0,2,6,0,2,0,"(2,6,2,0)",37,INSPECT,CUT=36/74;ASSEMBLE=48/222;INSPECT=60/74,false
C2A6T0I2F1,2,6,0,2,1,"(2,6,2,1)",30,CUT,CUT=36/60;ASSEMBLE+INSPECT=108/270,false
C2A6T0I2F2,2,6,0,2,2,"(2,6,2,2)",27,CUT,CUT=36/54;ASSEMBLE+INSPECT=108/270,false
C2A6T0I2F3,2,6,0,2,3,"(2,6,2,3)",27,CUT,CUT=36/54;ASSEMBLE+INSPECT=108/297,false
C2A6T0I3F0,2,6,0,3,0,"(2,6,3,0)",30,INSPECT,CUT=36/60;ASSEMBLE=48/180;INSPECT=60/90,false
C2A6T0I3F1,2,6,0,3,1,"(2,6,3,1)",27,CUT,CUT=36/54;ASSEMBLE+INSPECT=108/270,false
C2A6T0I3F2,2,6,0,3,2,"(2,6,3,2)",27,CUT,CUT=36/54;ASSEMBLE+INSPECT=108/297,false
C2A6T0I3F3,2,6,0,3,3,"(2,6,3,3)",27,CUT,CUT=36/54;ASSEMBLE+INSPECT=108/324,false
C2A6T0I4F0,2,6,0,4,0,"(2,6,4,0)",27,CUT,CUT=36/54;ASSEMBLE=48/162;INSPECT=60/108,false
C2A6T0I4F1,2,6,0,4,1,"(2,6,4,1)",27,CUT,CUT=36/54;ASSEMBLE+INSPECT=108/297,false
C2A6T0I4F2,2,6,0,4,2,"(2,6,4,2)",27,CUT,CUT=36/54;ASSEMBLE+INSPECT=108/324,false
C2A6T0I4F3,2,6,0,4,3,"(2,6,4,3)",27,CUT,CUT=36/54;ASSEMBLE+INSPECT=108/351,false
C2A6T1I0F1,2,6,1,0,1,"(2,8,0,1)",67,CUT,CUT=36/134;ASSEMBLE+INSPECT=108/603,false
C2A6T1I0F2,2,6,1,0,2,"(2,8,0,2)",37,CUT,CUT=36/74;ASSEMBLE+INSPECT=108/370,false
C2A6T1I0F3,2,6,1,0,3,"(2,8,0,3)",30,CUT,CUT=36/60;ASSEMBLE+INSPECT=108/330,false
C2A6T1I1F0,2,6,1,1,0,"(2,8,1,0)",67,INSPECT,CUT=36/134;ASSEMBLE=48/536;INSPECT=60/67,false
C2A6T1I1F1,2,6,1,1,1,"(2,8,1,1)",37,CUT,CUT=36/74;ASSEMBLE+INSPECT=108/370,false
C2A6T1I1F2,2,6,1,1,2,"(2,8,1,2)",30,CUT,CUT=36/60;ASSEMBLE+INSPECT=108/330,false
C2A6T1I1F3,2,6,1,1,3,"(2,8,1,3)",27,CUT,CUT=36/54;ASSEMBLE+INSPECT=108/324,false
C2A6T1I2F0,2,6,1,2,0,"(2,8,2,0)",37,INSPECT,CUT=36/74;ASSEMBLE=48/296;INSPECT=60/74,false
C2A6T1I2F1,2,6,1,2,1,"(2,8,2,1)",30,CUT,CUT=36/60;ASSEMBLE+INSPECT=108/330,false
C2A6T1I2F2,2,6,1,2,2,"(2,8,2,2)",27,CUT,CUT=36/54;ASSEMBLE+INSPECT=108/324,false
C2A6T1I2F3,2,6,1,2,3,"(2,8,2,3)",27,CUT,CUT=36/54;ASSEMBLE+INSPECT=108/351,false
C2A6T1I3F0,2,6,1,3,0,"(2,8,3,0)",30,INSPECT,CUT=36/60;ASSEMBLE=48/240;INSPECT=60/90,false
C2A6T1I3F1,2,6,1,3,1,"(2,8,3,1)",27,CUT,CUT=36/54;ASSEMBLE+INSPECT=108/324,false
C2A6T1I3F2,2,6,1,3,2,"(2,8,3,2)",27,CUT,CUT=36/54;ASSEMBLE+INSPECT=108/351,false
C2A6T1I3F3,2,6,1,3,3,"(2,8,3,3)",27,CUT,CUT=36/54;ASSEMBLE+INSPECT=108/378,false
C2A6T1I4F0,2,6,1,4,0,"(2,8,4,0)",27,CUT,CUT=36/54;ASSEMBLE=48/216;INSPECT=60/108,false
C2A6T1I4F1,2,6,1,4,1,"(2,8,4,1)",27,CUT,CUT=36/54;ASSEMBLE+INSPECT=108/351,false
C2A6T1I4F2,2,6,1,4,2,"(2,8,4,2)",27,CUT,CUT=36/54;ASSEMBLE+INSPECT=108/378,false
C2A6T1I4F3,2,6,1,4,3,"(2,8,4,3)",27,CUT,CUT=36/54;ASSEMBLE+INSPECT=108/405,false
C2A6T2I0F1,2,6,2,0,1,"(2,10,0,1)",67,CUT,CUT=36/134;ASSEMBLE+INSPECT=108/737,false
C2A6T2I0F2,2,6,2,0,2,"(2,10,0,2)",37,CUT,CUT=36/74;ASSEMBLE+INSPECT=108/444,false
C2A6T2I0F3,2,6,2,0,3,"(2,10,0,3)",30,CUT,CUT=36/60;ASSEMBLE+INSPECT=108/390,false
C2A6T2I1F0,2,6,2,1,0,"(2,10,1,0)",67,INSPECT,CUT=36/134;ASSEMBLE=48/670;INSPECT=60/67,false
C2A6T2I1F1,2,6,2,1,1,"(2,10,1,1)",37,CUT,CUT=36/74;ASSEMBLE+INSPECT=108/444,false
C2A6T2I1F2,2,6,2,1,2,"(2,10,1,2)",30,CUT,CUT=36/60;ASSEMBLE+INSPECT=108/390,false
C2A6T2I1F3,2,6,2,1,3,"(2,10,1,3)",27,CUT,CUT=36/54;ASSEMBLE+INSPECT=108/378,false
C2A6T2I2F0,2,6,2,2,0,"(2,10,2,0)",37,INSPECT,CUT=36/74;ASSEMBLE=48/370;INSPECT=60/74,false
C2A6T2I2F1,2,6,2,2,1,"(2,10,2,1)",30,CUT,CUT=36/60;ASSEMBLE+INSPECT=108/390,false
C2A6T2I2F2,2,6,2,2,2,"(2,10,2,2)",27,CUT,CUT=36/54;ASSEMBLE+INSPECT=108/378,false
C2A6T2I2F3,2,6,2,2,3,"(2,10,2,3)",27,CUT,CUT=36/54;ASSEMBLE+INSPECT=108/405,false
C2A6T2I3F0,2,6,2,3,0,"(2,10,3,0)",30,INSPECT,CUT=36/60;ASSEMBLE=48/300;INSPECT=60/90,false
C2A6T2I3F1,2,6,2,3,1,"(2,10,3,1)",27,CUT,CUT=36/54;ASSEMBLE+INSPECT=108/378,false
C2A6T2I3F2,2,6,2,3,2,"(2,10,3,2)",27,CUT,CUT=36/54;ASSEMBLE+INSPECT=108/405,false
C2A6T2I3F3,2,6,2,3,3,"(2,10,3,3)",27,CUT,CUT=36/54;ASSEMBLE+INSPECT=108/432,false
C2A6T2I4F0,2,6,2,4,0,"(2,10,4,0)",27,CUT,CUT=36/54;ASSEMBLE=48/270;INSPECT=60/108,false
C2A6T2I4F1,2,6,2,4,1,"(2,10,4,1)",27,CUT,CUT=36/54;ASSEMBLE+INSPECT=108/405,false
C2A6T2I4F2,2,6,2,4,2,"(2,10,4,2)",27,CUT,CUT=36/54;ASSEMBLE+INSPECT=108/432,false
C2A6T2I4F3,2,6,2,4,3,"(2,10,4,3)",27,CUT,CUT=36/54;ASSEMBLE+INSPECT=108/459,false
C2A6T3I0F1,2,6,3,0,1,"(2,12,0,1)",67,CUT,CUT=36/134;ASSEMBLE+INSPECT=108/871,false
C2A6T3I0F2,2,6,3,0,2,"(2,12,0,2)",37,CUT,CUT=36/74;ASSEMBLE+INSPECT=108/518,false
C2A6T3I0F3,2,6,3,0,3,"(2,12,0,3)",30,CUT,CUT=36/60;ASSEMBLE+INSPECT=108/450,false
C2A6T3I1F0,2,6,3,1,0,"(2,12,1,0)",67,INSPECT,CUT=36/134;ASSEMBLE=48/804;INSPECT=60/67,false
C2A6T3I1F1,2,6,3,1,1,"(2,12,1,1)",37,CUT,CUT=36/74;ASSEMBLE+INSPECT=108/518,false
C2A6T3I1F2,2,6,3,1,2,"(2,12,1,2)",30,CUT,CUT=36/60;ASSEMBLE+INSPECT=108/450,false
C2A6T3I1F3,2,6,3,1,3,"(2,12,1,3)",27,CUT,CUT=36/54;ASSEMBLE+INSPECT=108/432,false
C2A6T3I2F0,2,6,3,2,0,"(2,12,2,0)",37,INSPECT,CUT=36/74;ASSEMBLE=48/444;INSPECT=60/74,false
C2A6T3I2F1,2,6,3,2,1,"(2,12,2,1)",30,CUT,CUT=36/60;ASSEMBLE+INSPECT=108/450,false
C2A6T3I2F2,2,6,3,2,2,"(2,12,2,2)",27,CUT,CUT=36/54;ASSEMBLE+INSPECT=108/432,false
C2A6T3I2F3,2,6,3,2,3,"(2,12,2,3)",27,CUT,CUT=36/54;ASSEMBLE+INSPECT=108/459,false
C2A6T3I3F0,2,6,3,3,0,"(2,12,3,0)",30,INSPECT,CUT=36/60;ASSEMBLE=48/360;INSPECT=60/90,false
C2A6T3I3F1,2,6,3,3,1,"(2,12,3,1)",27,CUT,CUT=36/54;ASSEMBLE+INSPECT=108/432,false
C2A6T3I3F2,2,6,3,3,2,"(2,12,3,2)",27,CUT,CUT=36/54;ASSEMBLE+INSPECT=108/459,false
C2A6T3I3F3,2,6,3,3,3,"(2,12,3,3)",27,CUT,CUT=36/54;ASSEMBLE+INSPECT=108/486,false
C2A6T3I4F0,2,6,3,4,0,"(2,12,4,0)",27,CUT,CUT=36/54;ASSEMBLE=48/324;INSPECT=60/108,false
C2A6T3I4F1,2,6,3,4,1,"(2,12,4,1)",27,CUT,CUT=36/54;ASSEMBLE+INSPECT=108/459,false
C2A6T3I4F2,2,6,3,4,2,"(2,12,4,2)",27,CUT,CUT=36/54;ASSEMBLE+INSPECT=108/486,false
C2A6T3I4F3,2,6,3,4,3,"(2,12,4,3)",27,CUT,CUT=36/54;ASSEMBLE+INSPECT=108/513,false
C3A0T0I0F1,3,0,0,0,1,"(3,0,0,1)",111,ASSEMBLE+INSPECT,CUT=36/333;ASSEMBLE+INSPECT=108/111,true
C3A0T0I0F2,3,0,0,0,2,"(3,0,0,2)",57,ASSEMBLE+INSPECT,CUT=36/171;ASSEMBLE+INSPECT=108/114,true
C3A0T0I0F3,3,0,0,0,3,"(3,0,0,3)",39,ASSEMBLE+INSPECT,CUT=36/117;ASSEMBLE+INSPECT=108/117,true
C3A0T0I1F1,3,0,0,1,1,"(3,0,1,1)",81,ASSEMBLE+INSPECT,CUT=36/243;ASSEMBLE+INSPECT=108/162,true
C3A0T0I1F2,3,0,0,1,2,"(3,0,1,2)",47,ASSEMBLE+INSPECT,CUT=36/141;ASSEMBLE+INSPECT=108/141,true
C3A0T0I1F3,3,0,0,1,3,"(3,0,1,3)",34,ASSEMBLE+INSPECT,CUT=36/102;ASSEMBLE+INSPECT=108/136,true
C3A0T0I2F1,3,0,0,2,1,"(3,0,2,1)",56,ASSEMBLE+INSPECT,CUT=36/168;ASSEMBLE+INSPECT=108/168,false
C3A0T0I2F2,3,0,0,2,2,"(3,0,2,2)",42,ASSEMBLE+INSPECT,CUT=36/126;ASSEMBLE+INSPECT=108/168,true
C3A0T0I2F3,3,0,0,2,3,"(3,0,2,3)",34,ASSEMBLE+INSPECT,CUT=36/102;ASSEMBLE+INSPECT=108/170,true
C3A0T0I3F1,3,0,0,3,1,"(3,0,3,1)",56,ASSEMBLE+INSPECT,CUT=36/168;ASSEMBLE+INSPECT=108/224,false
C3A0T0I3F2,3,0,0,3,2,"(3,0,3,2)",36,ASSEMBLE+INSPECT,CUT=36/108;ASSEMBLE+INSPECT=108/180,true
C3A0T0I3F3,3,0,0,3,3,"(3,0,3,3)",29,ASSEMBLE+INSPECT,CUT=36/87;ASSEMBLE+INSPECT=108/174,true
C3A0T0I4F1,3,0,0,4,1,"(3,0,4,1)",56,ASSEMBLE+INSPECT,CUT=36/168;ASSEMBLE+INSPECT=108/280,false
C3A0T0I4F2,3,0,0,4,2,"(3,0,4,2)",32,ASSEMBLE+INSPECT,CUT=36/96;ASSEMBLE+INSPECT=108/192,false
C3A0T0I4F3,3,0,0,4,3,"(3,0,4,3)",29,ASSEMBLE+INSPECT,CUT=36/87;ASSEMBLE+INSPECT=108/203,true
C3A0T1I0F1,3,0,1,0,1,"(3,2,0,1)",67,ASSEMBLE+INSPECT,CUT=36/201;ASSEMBLE+INSPECT=108/201,true
C3A0T1I0F2,3,0,1,0,2,"(3,2,0,2)",40,ASSEMBLE+INSPECT,CUT=36/120;ASSEMBLE+INSPECT=108/160,true
C3A0T1I0F3,3,0,1,0,3,"(3,2,0,3)",31,ASSEMBLE+INSPECT,CUT=36/93;ASSEMBLE+INSPECT=108/155,true
C3A0T1I1F0,3,0,1,1,0,"(3,2,1,0)",67,INSPECT,CUT=36/201;ASSEMBLE=48/134;INSPECT=60/67,false
C3A0T1I1F1,3,0,1,1,1,"(3,2,1,1)",41,ASSEMBLE+INSPECT,CUT=36/123;ASSEMBLE+INSPECT=108/164,true
C3A0T1I1F2,3,0,1,1,2,"(3,2,1,2)",31,ASSEMBLE+INSPECT,CUT=36/93;ASSEMBLE+INSPECT=108/155,true
C3A0T1I1F3,3,0,1,1,3,"(3,2,1,3)",27,ASSEMBLE+INSPECT,CUT=36/81;ASSEMBLE+INSPECT=108/162,true
C3A0T1I2F0,3,0,1,2,0,"(3,2,2,0)",37,INSPECT,CUT=36/111;ASSEMBLE=48/74;INSPECT=60/74,false
C3A0T1I2F1,3,0,1,2,1,"(3,2,2,1)",31,ASSEMBLE+INSPECT,CUT=36/93;ASSEMBLE+INSPECT=108/155,true
C3A0T1I2F2,3,0,1,2,2,"(3,2,2,2)",27,ASSEMBLE+INSPECT,CUT=36/81;ASSEMBLE+INSPECT=108/162,true
C3A0T1I2F3,3,0,1,2,3,"(3,2,2,3)",24,ASSEMBLE+INSPECT,CUT=36/72;ASSEMBLE+INSPECT=108/168,true
C3A0T1I3F0,3,0,1,3,0,"(3,2,3,0)",33,ASSEMBLE,CUT=36/99;ASSEMBLE=48/66;INSPECT=60/99,false
C3A0T1I3F1,3,0,1,3,1,"(3,2,3,1)",28,ASSEMBLE+INSPECT,CUT=36/84;ASSEMBLE+INSPECT=108/168,true
C3A0T1I3F2,3,0,1,3,2,"(3,2,3,2)",24,ASSEMBLE+INSPECT,CUT=36/72;ASSEMBLE+INSPECT=108/168,true
C3A0T1I3F3,3,0,1,3,3,"(3,2,3,3)",24,ASSEMBLE+INSPECT,CUT=36/72;ASSEMBLE+INSPECT=108/192,true
C3A0T1I4F0,3,0,1,4,0,"(3,2,4,0)",32,ASSEMBLE,CUT=36/96;ASSEMBLE=48/64;INSPECT=60/128,false
C3A0T1I4F1,3,0,1,4,1,"(3,2,4,1)",28,ASSEMBLE+INSPECT,CUT=36/84;ASSEMBLE+INSPECT=108/196,true
C3A0T1I4F2,3,0,1,4,2,"(3,2,4,2)",24,ASSEMBLE+INSPECT,CUT=36/72;ASSEMBLE+INSPECT=108/192,true
C3A0T1I4F3,3,0,1,4,3,"(3,2,4,3)",22,CUT|ASSEMBLE+INSPECT,CUT=36/66;ASSEMBLE+INSPECT=108/198,true
C3A0T2I0F1,3,0,2,0,1,"(3,4,0,1)",70,ASSEMBLE+INSPECT,CUT=36/210;ASSEMBLE+INSPECT=108/350,true
C3A0T2I0F2,3,0,2,0,2,"(3,4,0,2)",40,ASSEMBLE+INSPECT,CUT=36/120;ASSEMBLE+INSPECT=108/240,true
C3A0T2I0F3,3,0,2,0,3,"(3,4,0,3)",30,ASSEMBLE+INSPECT,CUT=36/90;ASSEMBLE+INSPECT=108/210,true
C3A0T2I1F0,3,0,2,1,0,"(3,4,1,0)",67,INSPECT,CUT=36/201;ASSEMBLE=48/268;INSPECT=60/67,false
C3A0T2I1F1,3,0,2,1,1,"(3,4,1,1)",40,ASSEMBLE+INSPECT,CUT=36/120;ASSEMBLE+INSPECT=108/240,true
C3A0T2I1F2,3,0,2,1,2,"(3,4,1,2)",30,ASSEMBLE+INSPECT,CUT=36/90;ASSEMBLE+INSPECT=108/210,true
C3A0T2I1F3,3,0,2,1,3,"(3,4,1,3)",25,ASSEMBLE+INSPECT,CUT=36/75;ASSEMBLE+INSPECT=108/200,true
C3A0T2I2F0,3,0,2,2,0,"(3,4,2,0)",37,INSPECT,CUT=36/111;ASSEMBLE=48/148;INSPECT=60/74,false
C3A0T2I2F1,3,0,2,2,1,"(3,4,2,1)",30,ASSEMBLE+INSPECT,CUT=36/90;ASSEMBLE+INSPECT=108/210,true
C3A0T2I2F2,3,0,2,2,2,"(3,4,2,2)",25,ASSEMBLE+INSPECT,CUT=36/75;ASSEMBLE+INSPECT=108/200,true
C3A0T2I2F3,3,0,2,2,3,"(3,4,2,3)",23,CUT|ASSEMBLE+INSPECT,CUT=36/69;ASSEMBLE+INSPECT=108/207,true
C3A0T2I3F0,3,0,2,3,0,"(3,4,3,0)",27,INSPECT,CUT=36/81;ASSEMBLE=48/108;INSPECT=60/81,false
C3A0T2I3F1,3,0,2,3,1,"(3,4,3,1)",25,ASSEMBLE+INSPECT,CUT=36/75;ASSEMBLE+INSPECT=108/200,true
C3A0T2I3F2,3,0,2,3,2,"(3,4,3,2)",23,CUT|ASSEMBLE+INSPECT,CUT=36/69;ASSEMBLE+INSPECT=108/207,true
C3A0T2I3F3,3,0,2,3,3,"(3,4,3,3)",22,CUT,CUT=36/66;ASSEMBLE+INSPECT=108/220,true
C3A0T2I4F0,3,0,2,4,0,"(3,4,4,0)",25,INSPECT,CUT=36/75;ASSEMBLE=48/100;INSPECT=60/100,false
C3A0T2I4F1,3,0,2,4,1,"(3,4,4,1)",23,CUT|ASSEMBLE+INSPECT,CUT=36/69;ASSEMBLE+INSPECT=108/207,true
C3A0T2I4F2,3,0,2,4,2,"(3,4,4,2)",22,CUT,CUT=36/66;ASSEMBLE+INSPECT=108/220,true
C3A0T2I4F3,3,0,2,4,3,"(3,4,4,3)",22,CUT,CUT=36/66;ASSEMBLE+INSPECT=108/242,true
C3A0T3I0F1,3,0,3,0,1,"(3,6,0,1)",67,ASSEMBLE+INSPECT,CUT=36/201;ASSEMBLE+INSPECT=108/469,false
C3A0T3I0F2,3,0,3,0,2,"(3,6,0,2)",37,ASSEMBLE+INSPECT,CUT=36/111;ASSEMBLE+INSPECT=108/296,false
C3A0T3I0F3,3,0,3,0,3,"(3,6,0,3)",27,CUT|ASSEMBLE+INSPECT,CUT=36/81;ASSEMBLE+INSPECT=108/243,false
C3A0T3I1F0,3,0,3,1,0,"(3,6,1,0)",67,INSPECT,CUT=36/201;ASSEMBLE=48/402;INSPECT=60/67,false
C3A0T3I1F1,3,0,3,1,1,"(3,6,1,1)",37,ASSEMBLE+INSPECT,CUT=36/111;ASSEMBLE+INSPECT=108/296,false
C3A0T3I1F2,3,0,3,1,2,"(3,6,1,2)",27,CUT|ASSEMBLE+INSPECT,CUT=36/81;ASSEMBLE+INSPECT=108/243,false
C3A0T3I1F3,3,0,3,1,3,"(3,6,1,3)",25,CUT,CUT=36/75;ASSEMBLE+INSPECT=108/250,false
C3A0T3I2F0,3,0,3,2,0,"(3,6,2,0)",37,INSPECT,CUT=36/111;ASSEMBLE=48/222;INSPECT=60/74,false
C3A0T3I2F1,3,0,3,2,1,"(3,6,2,1)",27,CUT|ASSEMBLE+INSPECT,CUT=36/81;ASSEMBLE+INSPECT=108/243,false
C3A0T3I2F2,3,0,3,2,2,"(3,6,2,2)",25,CUT,CUT=36/75;ASSEMBLE+INSPECT=108/250,false
C3A0T3I2F3,3,0,3,2,3,"(3,6,2,3)",23,CUT,CUT=36/69;ASSEMBLE+INSPECT=108/253,false
C3A0T3I3F0,3,0,3,3,0,"(3,6,3,0)",27,INSPECT,CUT=36/81;ASSEMBLE=48/162;INSPECT=60/81,false
C3A0T3I3F1,3,0,3,3,1,"(3,6,3,1)",25,CUT,CUT=36/75;ASSEMBLE+INSPECT=108/250,false
C3A0T3I3F2,3,0,3,3,2,"(3,6,3,2)",23,CUT,CUT=36/69;ASSEMBLE+INSPECT=108/253,false
C3A0T3I3F3,3,0,3,3,3,"(3,6,3,3)",21,CUT,CUT=36/63;ASSEMBLE+INSPECT=108/252,false
C3A0T3I4F0,3,0,3,4,0,"(3,6,4,0)",25,INSPECT,CUT=36/75;ASSEMBLE=48/150;INSPECT=60/100,false
C3A0T3I4F1,3,0,3,4,1,"(3,6,4,1)",23,CUT,CUT=36/69;ASSEMBLE+INSPECT=108/253,false
C3A0T3I4F2,3,0,3,4,2,"(3,6,4,2)",21,CUT,CUT=36/63;ASSEMBLE+INSPECT=108/252,false
C3A0T3I4F3,3,0,3,4,3,"(3,6,4,3)",21,CUT,CUT=36/63;ASSEMBLE+INSPECT=108/273,false
C3A1T0I0F1,3,1,0,0,1,"(3,1,0,1)",67,ASSEMBLE+INSPECT,CUT=36/201;ASSEMBLE+INSPECT=108/134,true
C3A1T0I0F2,3,1,0,0,2,"(3,1,0,2)",45,ASSEMBLE+INSPECT,CUT=36/135;ASSEMBLE+INSPECT=108/135,true
C3A1T0I0F3,3,1,0,0,3,"(3,1,0,3)",35,ASSEMBLE+INSPECT,CUT=36/105;ASSEMBLE+INSPECT=108/140,true
C3A1T0I1F0,3,1,0,1,0,"(3,1,1,0)",67,INSPECT,CUT=36/201;ASSEMBLE=48/67;INSPECT=60/67,false
C3A1T0I1F1,3,1,0,1,1,"(3,1,1,1)",44,ASSEMBLE+INSPECT,CUT=36/132;ASSEMBLE+INSPECT=108/132,true
C3A1T0I1F2,3,1,0,1,2,"(3,1,1,2)",35,ASSEMBLE+INSPECT,CUT=36/105;ASSEMBLE+INSPECT=108/140,true
C3A1T0I1F3,3,1,0,1,3,"(3,1,1,3)",30,ASSEMBLE+INSPECT,CUT=36/90;ASSEMBLE+INSPECT=108/150,true
C3A1T0I2F0,3,1,0,2,0,"(3,1,2,0)",56,ASSEMBLE,CUT=36/168;ASSEMBLE=48/56;INSPECT=60/112,false
C3A1T0I2F1,3,1,0,2,1,"(3,1,2,1)",38,ASSEMBLE+INSPECT,CUT=36/114;ASSEMBLE+INSPECT=108/152,true
C3A1T0I2F2,3,1,0,2,2,"(3,1,2,2)",30,ASSEMBLE+INSPECT,CUT=36/90;ASSEMBLE+INSPECT=108/150,true
C3A1T0I2F3,3,1,0,2,3,"(3,1,2,3)",28,ASSEMBLE+INSPECT,CUT=36/84;ASSEMBLE+INSPECT=108/168,true
C3A1T0I3F0,3,1,0,3,0,"(3,1,3,0)",56,ASSEMBLE,CUT=36/168;ASSEMBLE=48/56;INSPECT=60/168,false
C3A1T0I3F1,3,1,0,3,1,"(3,1,3,1)",36,ASSEMBLE+INSPECT,CUT=36/108;ASSEMBLE+INSPECT=108/180,true
C3A1T0I3F2,3,1,0,3,2,"(3,1,3,2)",29,ASSEMBLE+INSPECT,CUT=36/87;ASSEMBLE+INSPECT=108/174,true
C3A1T0I3F3,3,1,0,3,3,"(3,1,3,3)",25,ASSEMBLE+INSPECT,CUT=36/75;ASSEMBLE+INSPECT=108/175,true
C3A1T0I4F0,3,1,0,4,0,"(3,1,4,0)",56,ASSEMBLE,CUT=36/168;ASSEMBLE=48/56;INSPECT=60/224,false
C3A1T0I4F1,3,1,0,4,1,"(3,1,4,1)",32,ASSEMBLE+INSPECT,CUT=36/96;ASSEMBLE+INSPECT=108/192,false
C3A1T0I4F2,3,1,0,4,2,"(3,1,4,2)",29,ASSEMBLE+INSPECT,CUT=36/87;ASSEMBLE+INSPECT=108/203,true
C3A1T0I4F3,3,1,0,4,3,"(3,1,4,3)",24,ASSEMBLE+INSPECT,CUT=36/72;ASSEMBLE+INSPECT=108/192,true
C3A1T1I0F1,3,1,1,0,1,"(3,3,0,1)",70,ASSEMBLE+INSPECT,CUT=36/210;ASSEMBLE+INSPECT=108/280,true
C3A1T1I0F2,3,1,1,0,2,"(3,3,0,2)",40,ASSEMBLE+INSPECT,CUT=36/120;ASSEMBLE+INSPECT=108/200,true
C3A1T1I0F3,3,1,1,0,3,"(3,3,0,3)",30,ASSEMBLE+INSPECT,CUT=36/90;ASSEMBLE+INSPECT=108/180,true
C3A1T1I1F0,3,1,1,1,0,"(3,3,1,0)",67,INSPECT,CUT=36/201;ASSEMBLE=48/201;INSPECT=60/67,false
C3A1T1I1F1,3,1,1,1,1,"(3,3,1,1)",40,ASSEMBLE+INSPECT,CUT=36/120;ASSEMBLE+INSPECT=108/200,true
C3A1T1I1F2,3,1,1,1,2,"(3,3,1,2)",30,ASSEMBLE+INSPECT,CUT=36/90;ASSEMBLE+INSPECT=108/180,true
C3A1T1I1F3,3,1,1,1,3,"(3,3,1,3)",25,ASSEMBLE+INSPECT,CUT=36/75;ASSEMBLE+INSPECT=108/175,true
C3A1T1I2F0,3,1,1,2,0,"(3,3,2,0)",37,INSPECT,CUT=36/111;ASSEMBLE=48/111;INSPECT=60/74,false
C3A1T1I2F1,3,1,1,2,1,"(3,3,2,1)",30,ASSEMBLE+INSPECT,CUT=36/90;ASSEMBLE+INSPECT=108/180,true
C3A1T1I2F2,3,1,1,2,2,"(3,3,2,2)",27,ASSEMBLE+INSPECT,CUT=36/81;ASSEMBLE+INSPECT=108/189,true
C3A1T1I2F3,3,1,1,2,3,"(3,3,2,3)",23,ASSEMBLE+INSPECT,CUT=36/69;ASSEMBLE+INSPECT=108/184,true
C3A1T1I3F0,3,1,1,3,0,"(3,3,3,0)",27,INSPECT,CUT=36/81;ASSEMBLE=48/81;INSPECT=60/81,false
C3A1T1I3F1,3,1,1,3,1,"(3,3,3,1)",27,ASSEMBLE+INSPECT,CUT=36/81;ASSEMBLE+INSPECT=108/189,true
C3A1T1I3F2,3,1,1,3,2,"(3,3,3,2)",24,ASSEMBLE+INSPECT,CUT=36/72;ASSEMBLE+INSPECT=108/192,true
C3A1T1I3F3,3,1,1,3,3,"(3,3,3,3)",22,CUT|ASSEMBLE+INSPECT,CUT=36/66;ASSEMBLE+INSPECT=108/198,true
C3A1T1I4F0,3,1,1,4,0,"(3,3,4,0)",26,ASSEMBLE,CUT=36/78;ASSEMBLE=48/78;INSPECT=60/104,false
C3A1T1I4F1,3,1,1,4,1,"(3,3,4,1)",24,ASSEMBLE+INSPECT,CUT=36/72;ASSEMBLE+INSPECT=108/192,true
C3A1T1I4F2,3,1,1,4,2,"(3,3,4,2)",22,CUT|ASSEMBLE+INSPECT,CUT=36/66;ASSEMBLE+INSPECT=108/198,true
C3A1T1I4F3,3,1,1,4,3,"(3,3,4,3)",22,CUT,CUT=36/66;ASSEMBLE+INSPECT=108/220,true
C3A1T2I0F1,3,1,2,0,1,"(3,5,0,1)",70,ASSEMBLE+INSPECT,CUT=36/210;ASSEMBLE+INSPECT=108/420,true
C3A1T2I0F2,3,1,2,0,2,"(3,5,0,2)",40,ASSEMBLE+INSPECT,CUT=36/120;ASSEMBLE+INSPECT=108/280,true
C3A1T2I0F3,3,1,2,0,3,"(3,5,0,3)",30,ASSEMBLE+INSPECT,CUT=36/90;ASSEMBLE+INSPECT=108/240,true
C3A1T2I1F0,3,1,2,1,0,"(3,5,1,0)",67,INSPECT,CUT=36/201;ASSEMBLE=48/335;INSPECT=60/67,false
C3A1T2I1F1,3,1,2,1,1,"(3,5,1,1)",40,ASSEMBLE+INSPECT,CUT=36/120;ASSEMBLE+INSPECT=108/280,true
C3A1T2I1F2,3,1,2,1,2,"(3,5,1,2)",30,ASSEMBLE+INSPECT,CUT=36/90;ASSEMBLE+INSPECT=108/240,true
C3A1T2I1F3,3,1,2,1,3,"(3,5,1,3)",26,CUT|ASSEMBLE+INSPECT,CUT=36/78;ASSEMBLE+INSPECT=108/234,true
C3A1T2I2F0,3,1,2,2,0,"(3,5,2,0)",37,INSPECT,CUT=36/111;ASSEMBLE=48/185;INSPECT=60/74,false
C3A1T2I2F1,3,1,2,2,1,"(3,5,2,1)",30,ASSEMBLE+INSPECT,CUT=36/90;ASSEMBLE+INSPECT=108/240,true
C3A1T2I2F2,3,1,2,2,2,"(3,5,2,2)",26,CUT|ASSEMBLE+INSPECT,CUT=36/78;ASSEMBLE+INSPECT=108/234,true
C3A1T2I2F3,3,1,2,2,3,"(3,5,2,3)",23,CUT,CUT=36/69;ASSEMBLE+INSPECT=108/230,true
C3A1T2I3F0,3,1,2,3,0,"(3,5,3,0)",27,INSPECT,CUT=36/81;ASSEMBLE=48/135;INSPECT=60/81,false
C3A1T2I3F1,3,1,2,3,1,"(3,5,3,1)",25,CUT|ASSEMBLE+INSPECT,CUT=36/75;ASSEMBLE+INSPECT=108/225,true
C3A1T2I3F2,3,1,2,3,2,"(3,5,3,2)",23,CUT,CUT=36/69;ASSEMBLE+INSPECT=108/230,true
C3A1T2I3F3,3,1,2,3,3,"(3,5,3,3)",22,CUT,CUT=36/66;ASSEMBLE+INSPECT=108/242,true
C3A1T2I4F0,3,1,2,4,0,"(3,5,4,0)",25,INSPECT,CUT=36/75;ASSEMBLE=48/125;INSPECT=60/100,false
C3A1T2I4F1,3,1,2,4,1,"(3,5,4,1)",23,CUT,CUT=36/69;ASSEMBLE+INSPECT=108/230,true
C3A1T2I4F2,3,1,2,4,2,"(3,5,4,2)",22,CUT,CUT=36/66;ASSEMBLE+INSPECT=108/242,true
C3A1T2I4F3,3,1,2,4,3,"(3,5,4,3)",21,CUT,CUT=36/63;ASSEMBLE+INSPECT=108/252,true
C3A1T3I0F1,3,1,3,0,1,"(3,7,0,1)",67,ASSEMBLE+INSPECT,CUT=36/201;ASSEMBLE+INSPECT=108/536,false
C3A1T3I0F2,3,1,3,0,2,"(3,7,0,2)",37,CUT|ASSEMBLE+INSPECT,CUT=36/111;ASSEMBLE+INSPECT=108/333,false
C3A1T3I0F3,3,1,3,0,3,"(3,7,0,3)",27,CUT,CUT=36/81;ASSEMBLE+INSPECT=108/270,false
C3A1T3I1F0,3,1,3,1,0,"(3,7,1,0)",67,INSPECT,CUT=36/201;ASSEMBLE=48/469;INSPECT=60/67,false
C3A1T3I1F1,3,1,3,1,1,"(3,7,1,1)",37,CUT|ASSEMBLE+INSPECT,CUT=36/111;ASSEMBLE+INSPECT=108/333,false
C3A1T3I1F2,3,1,3,1,2,"(3,7,1,2)",27,CUT,CUT=36/81;ASSEMBLE+INSPECT=108/270,false
C3A1T3I1F3,3,1,3,1,3,"(3,7,1,3)",25,CUT,CUT=36/75;ASSEMBLE+INSPECT=108/275,false
C3A1T3I2F0,3,1,3,2,0,"(3,7,2,0)",37,INSPECT,CUT=36/111;ASSEMBLE=48/259;INSPECT=60/74,false
C3A1T3I2F1,3,1,3,2,1,"(3,7,2,1)",27,CUT,CUT=36/81;ASSEMBLE+INSPECT=108/270,false
C3A1T3I2F2,3,1,3,2,2,"(3,7,2,2)",25,CUT,CUT=36/75;ASSEMBLE+INSPECT=108/275,false
C3A1T3I2F3,3,1,3,2,3,"(3,7,2,3)",23,CUT,CUT=36/69;ASSEMBLE+INSPECT=108/276,false
C3A1T3I3F0,3,1,3,3,0,"(3,7,3,0)",27,INSPECT,CUT=36/81;ASSEMBLE=48/189;INSPECT=60/81,false
C3A1T3I3F1,3,1,3,3,1,"(3,7,3,1)",25,CUT,CUT=36/75;ASSEMBLE+INSPECT=108/275,false
C3A1T3I3F2,3,1,3,3,2,"(3,7,3,2)",23,CUT,CUT=36/69;ASSEMBLE+INSPECT=108/276,false
C3A1T3I3F3,3,1,3,3,3,"(3,7,3,3)",21,CUT,CUT=36/63;ASSEMBLE+INSPECT=108/273,false
C3A1T3I4F0,3,1,3,4,0,"(3,7,4,0)",25,INSPECT,CUT=36/75;ASSEMBLE=48/175;INSPECT=60/100,false
C3A1T3I4F1,3,1,3,4,1,"(3,7,4,1)",23,CUT,CUT=36/69;ASSEMBLE+INSPECT=108/276,false
C3A1T3I4F2,3,1,3,4,2,"(3,7,4,2)",21,CUT,CUT=36/63;ASSEMBLE+INSPECT=108/273,false
C3A1T3I4F3,3,1,3,4,3,"(3,7,4,3)",21,CUT,CUT=36/63;ASSEMBLE+INSPECT=108/294,false
C3A2T0I0F1,3,2,0,0,1,"(3,2,0,1)",67,ASSEMBLE+INSPECT,CUT=36/201;ASSEMBLE+INSPECT=108/201,true
C3A2T0I0F2,3,2,0,0,2,"(3,2,0,2)",40,ASSEMBLE+INSPECT,CUT=36/120;ASSEMBLE+INSPECT=108/160,true
C3A2T0I0F3,3,2,0,0,3,"(3,2,0,3)",31,ASSEMBLE+INSPECT,CUT=36/93;ASSEMBLE+INSPECT=108/155,true
C3A2T0I1F0,3,2,0,1,0,"(3,2,1,0)",67,INSPECT,CUT=36/201;ASSEMBLE=48/134;INSPECT=60/67,false
C3A2T0I1F1,3,2,0,1,1,"(3,2,1,1)",41,ASSEMBLE+INSPECT,CUT=36/123;ASSEMBLE+INSPECT=108/164,true
C3A2T0I1F2,3,2,0,1,2,"(3,2,1,2)",31,ASSEMBLE+INSPECT,CUT=36/93;ASSEMBLE+INSPECT=108/155,true
C3A2T0I1F3,3,2,0,1,3,"(3,2,1,3)",27,ASSEMBLE+INSPECT,CUT=36/81;ASSEMBLE+INSPECT=108/162,true
C3A2T0I2F0,3,2,0,2,0,"(3,2,2,0)",37,INSPECT,CUT=36/111;ASSEMBLE=48/74;INSPECT=60/74,false
C3A2T0I2F1,3,2,0,2,1,"(3,2,2,1)",31,ASSEMBLE+INSPECT,CUT=36/93;ASSEMBLE+INSPECT=108/155,true
C3A2T0I2F2,3,2,0,2,2,"(3,2,2,2)",27,ASSEMBLE+INSPECT,CUT=36/81;ASSEMBLE+INSPECT=108/162,true
C3A2T0I2F3,3,2,0,2,3,"(3,2,2,3)",24,ASSEMBLE+INSPECT,CUT=36/72;ASSEMBLE+INSPECT=108/168,true
C3A2T0I3F0,3,2,0,3,0,"(3,2,3,0)",33,ASSEMBLE,CUT=36/99;ASSEMBLE=48/66;INSPECT=60/99,false
C3A2T0I3F1,3,2,0,3,1,"(3,2,3,1)",28,ASSEMBLE+INSPECT,CUT=36/84;ASSEMBLE+INSPECT=108/168,true
C3A2T0I3F2,3,2,0,3,2,"(3,2,3,2)",24,ASSEMBLE+INSPECT,CUT=36/72;ASSEMBLE+INSPECT=108/168,true
C3A2T0I3F3,3,2,0,3,3,"(3,2,3,3)",24,ASSEMBLE+INSPECT,CUT=36/72;ASSEMBLE+INSPECT=108/192,true
C3A2T0I4F0,3,2,0,4,0,"(3,2,4,0)",32,ASSEMBLE,CUT=36/96;ASSEMBLE=48/64;INSPECT=60/128,false
C3A2T0I4F1,3,2,0,4,1,"(3,2,4,1)",28,ASSEMBLE+INSPECT,CUT=36/84;ASSEMBLE+INSPECT=108/196,true
C3A2T0I4F2,3,2,0,4,2,"(3,2,4,2)",24,ASSEMBLE+INSPECT,CUT=36/72;ASSEMBLE+INSPECT=108/192,true
C3A2T0I4F3,3,2,0,4,3,"(3,2,4,3)",22,CUT|ASSEMBLE+INSPECT,CUT=36/66;ASSEMBLE+INSPECT=108/198,true
C3A2T1I0F1,3,2,1,0,1,"(3,4,0,1)",70,ASSEMBLE+INSPECT,CUT=36/210;ASSEMBLE+INSPECT=108/350,true
C3A2T1I0F2,3,2,1,0,2,"(3,4,0,2)",40,ASSEMBLE+INSPECT,CUT=36/120;ASSEMBLE+INSPECT=108/240,true
C3A2T1I0F3,3,2,1,0,3,"(3,4,0,3)",30,ASSEMBLE+INSPECT,CUT=36/90;ASSEMBLE+INSPECT=108/210,true
C3A2T1I1F0,3,2,1,1,0,"(3,4,1,0)",67,INSPECT,CUT=36/201;ASSEMBLE=48/268;INSPECT=60/67,false
C3A2T1I1F1,3,2,1,1,1,"(3,4,1,1)",40,ASSEMBLE+INSPECT,CUT=36/120;ASSEMBLE+INSPECT=108/240,true
C3A2T1I1F2,3,2,1,1,2,"(3,4,1,2)",30,ASSEMBLE+INSPECT,CUT=36/90;ASSEMBLE+INSPECT=108/210,true
C3A2T1I1F3,3,2,1,1,3,"(3,4,1,3)",25,ASSEMBLE+INSPECT,CUT=36/75;ASSEMBLE+INSPECT=108/200,true
C3A2T1I2F0,3,2,1,2,0,"(3,4,2,0)",37,INSPECT,CUT=36/111;ASSEMBLE=48/148;INSPECT=60/74,false
C3A2T1I2F1,3,2,1,2,1,"(3,4,2,1)",30,ASSEMBLE+INSPECT,CUT=36/90;ASSEMBLE+INSPECT=108/210,true
C3A2T1I2F2,3,2,1,2,2,"(3,4,2,2)",25,ASSEMBLE+INSPECT,CUT=36/75;ASSEMBLE+INSPECT=108/200,true
C3A2T1I2F3,3,2,1,2,3,"(3,4,2,3)",23,CUT|ASSEMBLE+INSPECT,CUT=36/69;ASSEMBLE+INSPECT=108/207,true
C3A2T1I3F0,3,2,1,3,0,"(3,4,3,0)",27,INSPECT,CUT=36/81;ASSEMBLE=48/108;INSPECT=60/81,false
C3A2T1I3F1,3,2,1,3,1,"(3,4,3,1)",25,ASSEMBLE+INSPECT,CUT=36/75;ASSEMBLE+INSPECT=108/200,true
C3A2T1I3F2,3,2,1,3,2,"(3,4,3,2)",23,CUT|ASSEMBLE+INSPECT,CUT=36/69;ASSEMBLE+INSPECT=108/207,true
C3A2T1I3F3,3,2,1,3,3,"(3,4,3,3)",22,CUT,CUT=36/66;ASSEMBLE+INSPECT=108/220,true
C3A2T1I4F0,3,2,1,4,0,"(3,4,4,0)",25,INSPECT,CUT=36/75;ASSEMBLE=48/100;INSPECT=60/100,false
C3A2T1I4F1,3,2,1,4,1,"(3,4,4,1)",23,CUT|ASSEMBLE+INSPECT,CUT=36/69;ASSEMBLE+INSPECT=108/207,true
C3A2T1I4F2,3,2,1,4,2,"(3,4,4,2)",22,CUT,CUT=36/66;ASSEMBLE+INSPECT=108/220,true
C3A2T1I4F3,3,2,1,4,3,"(3,4,4,3)",22,CUT,CUT=36/66;ASSEMBLE+INSPECT=108/242,true
C3A2T2I0F1,3,2,2,0,1,"(3,6,0,1)",67,ASSEMBLE+INSPECT,CUT=36/201;ASSEMBLE+INSPECT=108/469,false
C3A2T2I0F2,3,2,2,0,2,"(3,6,0,2)",37,ASSEMBLE+INSPECT,CUT=36/111;ASSEMBLE+INSPECT=108/296,false
C3A2T2I0F3,3,2,2,0,3,"(3,6,0,3)",27,CUT|ASSEMBLE+INSPECT,CUT=36/81;ASSEMBLE+INSPECT=108/243,false
C3A2T2I1F0,3,2,2,1,0,"(3,6,1,0)",67,INSPECT,CUT=36/201;ASSEMBLE=48/402;INSPECT=60/67,false
C3A2T2I1F1,3,2,2,1,1,"(3,6,1,1)",37,ASSEMBLE+INSPECT,CUT=36/111;ASSEMBLE+INSPECT=108/296,false
C3A2T2I1F2,3,2,2,1,2,"(3,6,1,2)",27,CUT|ASSEMBLE+INSPECT,CUT=36/81;ASSEMBLE+INSPECT=108/243,false
C3A2T2I1F3,3,2,2,1,3,"(3,6,1,3)",25,CUT,CUT=36/75;ASSEMBLE+INSPECT=108/250,false
C3A2T2I2F0,3,2,2,2,0,"(3,6,2,0)",37,INSPECT,CUT=36/111;ASSEMBLE=48/222;INSPECT=60/74,false
C3A2T2I2F1,3,2,2,2,1,"(3,6,2,1)",27,CUT|ASSEMBLE+INSPECT,CUT=36/81;ASSEMBLE+INSPECT=108/243,false
C3A2T2I2F2,3,2,2,2,2,"(3,6,2,2)",25,CUT,CUT=36/75;ASSEMBLE+INSPECT=108/250,false
C3A2T2I2F3,3,2,2,2,3,"(3,6,2,3)",23,CUT,CUT=36/69;ASSEMBLE+INSPECT=108/253,false
C3A2T2I3F0,3,2,2,3,0,"(3,6,3,0)",27,INSPECT,CUT=36/81;ASSEMBLE=48/162;INSPECT=60/81,false
C3A2T2I3F1,3,2,2,3,1,"(3,6,3,1)",25,CUT,CUT=36/75;ASSEMBLE+INSPECT=108/250,false
C3A2T2I3F2,3,2,2,3,2,"(3,6,3,2)",23,CUT,CUT=36/69;ASSEMBLE+INSPECT=108/253,false
C3A2T2I3F3,3,2,2,3,3,"(3,6,3,3)",21,CUT,CUT=36/63;ASSEMBLE+INSPECT=108/252,false
C3A2T2I4F0,3,2,2,4,0,"(3,6,4,0)",25,INSPECT,CUT=36/75;ASSEMBLE=48/150;INSPECT=60/100,false
C3A2T2I4F1,3,2,2,4,1,"(3,6,4,1)",23,CUT,CUT=36/69;ASSEMBLE+INSPECT=108/253,false
C3A2T2I4F2,3,2,2,4,2,"(3,6,4,2)",21,CUT,CUT=36/63;ASSEMBLE+INSPECT=108/252,false
C3A2T2I4F3,3,2,2,4,3,"(3,6,4,3)",21,CUT,CUT=36/63;ASSEMBLE+INSPECT=108/273,false
C3A2T3I0F1,3,2,3,0,1,"(3,8,0,1)",67,CUT|ASSEMBLE+INSPECT,CUT=36/201;ASSEMBLE+INSPECT=108/603,false
C3A2T3I0F2,3,2,3,0,2,"(3,8,0,2)",37,CUT,CUT=36/111;ASSEMBLE+INSPECT=108/370,false
C3A2T3I0F3,3,2,3,0,3,"(3,8,0,3)",27,CUT,CUT=36/81;ASSEMBLE+INSPECT=108/297,false
C3A2T3I1F0,3,2,3,1,0,"(3,8,1,0)",67,INSPECT,CUT=36/201;ASSEMBLE=48/536;INSPECT=60/67,false
C3A2T3I1F1,3,2,3,1,1,"(3,8,1,1)",37,CUT,CUT=36/111;ASSEMBLE+INSPECT=108/370,false
C3A2T3I1F2,3,2,3,1,2,"(3,8,1,2)",27,CUT,CUT=36/81;ASSEMBLE+INSPECT=108/297,false
C3A2T3I1F3,3,2,3,1,3,"(3,8,1,3)",25,CUT,CUT=36/75;ASSEMBLE+INSPECT=108/300,false
C3A2T3I2F0,3,2,3,2,0,"(3,8,2,0)",37,INSPECT,CUT=36/111;ASSEMBLE=48/296;INSPECT=60/74,false
C3A2T3I2F1,3,2,3,2,1,"(3,8,2,1)",27,CUT,CUT=36/81;ASSEMBLE+INSPECT=108/297,false
C3A2T3I2F2,3,2,3,2,2,"(3,8,2,2)",25,CUT,CUT=36/75;ASSEMBLE+INSPECT=108/300,false
C3A2T3I2F3,3,2,3,2,3,"(3,8,2,3)",23,CUT,CUT=36/69;ASSEMBLE+INSPECT=108/299,false
C3A2T3I3F0,3,2,3,3,0,"(3,8,3,0)",27,INSPECT,CUT=36/81;ASSEMBLE=48/216;INSPECT=60/81,false
C3A2T3I3F1,3,2,3,3,1,"(3,8,3,1)",25,CUT,CUT=36/75;ASSEMBLE+INSPECT=108/300,false
C3A2T3I3F2,3,2,3,3,2,"(3,8,3,2)",23,CUT,CUT=36/69;ASSEMBLE+INSPECT=108/299,false
C3A2T3I3F3,3,2,3,3,3,"(3,8,3,3)",21,CUT,CUT=36/63;ASSEMBLE+INSPECT=108/294,false
C3A2T3I4F0,3,2,3,4,0,"(3,8,4,0)",25,INSPECT,CUT=36/75;ASSEMBLE=48/200;INSPECT=60/100,false
C3A2T3I4F1,3,2,3,4,1,"(3,8,4,1)",23,CUT,CUT=36/69;ASSEMBLE+INSPECT=108/299,false
C3A2T3I4F2,3,2,3,4,2,"(3,8,4,2)",21,CUT,CUT=36/63;ASSEMBLE+INSPECT=108/294,false
C3A2T3I4F3,3,2,3,4,3,"(3,8,4,3)",21,CUT,CUT=36/63;ASSEMBLE+INSPECT=108/315,false
C3A3T0I0F1,3,3,0,0,1,"(3,3,0,1)",70,ASSEMBLE+INSPECT,CUT=36/210;ASSEMBLE+INSPECT=108/280,true
C3A3T0I0F2,3,3,0,0,2,"(3,3,0,2)",40,ASSEMBLE+INSPECT,CUT=36/120;ASSEMBLE+INSPECT=108/200,true
C3A3T0I0F3,3,3,0,0,3,"(3,3,0,3)",30,ASSEMBLE+INSPECT,CUT=36/90;ASSEMBLE+INSPECT=108/180,true
C3A3T0I1F0,3,3,0,1,0,"(3,3,1,0)",67,INSPECT,CUT=36/201;ASSEMBLE=48/201;INSPECT=60/67,false
C3A3T0I1F1,3,3,0,1,1,"(3,3,1,1)",40,ASSEMBLE+INSPECT,CUT=36/120;ASSEMBLE+INSPECT=108/200,true
C3A3T0I1F2,3,3,0,1,2,"(3,3,1,2)",30,ASSEMBLE+INSPECT,CUT=36/90;ASSEMBLE+INSPECT=108/180,true
C3A3T0I1F3,3,3,0,1,3,"(3,3,1,3)",25,ASSEMBLE+INSPECT,CUT=36/75;ASSEMBLE+INSPECT=108/175,true
C3A3T0I2F0,3,3,0,2,0,"(3,3,2,0)",37,INSPECT,CUT=36/111;ASSEMBLE=48/111;INSPECT=60/74,false
C3A3T0I2F1,3,3,0,2,1,"(3,3,2,1)",30,ASSEMBLE+INSPECT,CUT=36/90;ASSEMBLE+INSPECT=108/180,true
C3A3T0I2F2,3,3,0,2,2,"(3,3,2,2)",27,ASSEMBLE+INSPECT,CUT=36/81;ASSEMBLE+INSPECT=108/189,true
C3A3T0I2F3,3,3,0,2,3,"(3,3,2,3)",23,ASSEMBLE+INSPECT,CUT=36/69;ASSEMBLE+INSPECT=108/184,true
C3A3T0I3F0,3,3,0,3,0,"(3,3,3,0)",27,INSPECT,CUT=36/81;ASSEMBLE=48/81;INSPECT=60/81,false
C3A3T0I3F1,3,3,0,3,1,"(3,3,3,1)",27,ASSEMBLE+INSPECT,CUT=36/81;ASSEMBLE+INSPECT=108/189,true
C3A3T0I3F2,3,3,0,3,2,"(3,3,3,2)",24,ASSEMBLE+INSPECT,CUT=36/72;ASSEMBLE+INSPECT=108/192,true
C3A3T0I3F3,3,3,0,3,3,"(3,3,3,3)",22,CUT|ASSEMBLE+INSPECT,CUT=36/66;ASSEMBLE+INSPECT=108/198,true
C3A3T0I4F0,3,3,0,4,0,"(3,3,4,0)",26,ASSEMBLE,CUT=36/78;ASSEMBLE=48/78;INSPECT=60/104,false
C3A3T0I4F1,3,3,0,4,1,"(3,3,4,1)",24,ASSEMBLE+INSPECT,CUT=36/72;ASSEMBLE+INSPECT=108/192,true
C3A3T0I4F2,3,3,0,4,2,"(3,3,4,2)",22,CUT|ASSEMBLE+INSPECT,CUT=36/66;ASSEMBLE+INSPECT=108/198,true
C3A3T0I4F3,3,3,0,4,3,"(3,3,4,3)",22,CUT,CUT=36/66;ASSEMBLE+INSPECT=108/220,true
C3A3T1I0F1,3,3,1,0,1,"(3,5,0,1)",70,ASSEMBLE+INSPECT,CUT=36/210;ASSEMBLE+INSPECT=108/420,true
C3A3T1I0F2,3,3,1,0,2,"(3,5,0,2)",40,ASSEMBLE+INSPECT,CUT=36/120;ASSEMBLE+INSPECT=108/280,true
C3A3T1I0F3,3,3,1,0,3,"(3,5,0,3)",30,ASSEMBLE+INSPECT,CUT=36/90;ASSEMBLE+INSPECT=108/240,true
C3A3T1I1F0,3,3,1,1,0,"(3,5,1,0)",67,INSPECT,CUT=36/201;ASSEMBLE=48/335;INSPECT=60/67,false
C3A3T1I1F1,3,3,1,1,1,"(3,5,1,1)",40,ASSEMBLE+INSPECT,CUT=36/120;ASSEMBLE+INSPECT=108/280,true
C3A3T1I1F2,3,3,1,1,2,"(3,5,1,2)",30,ASSEMBLE+INSPECT,CUT=36/90;ASSEMBLE+INSPECT=108/240,true
C3A3T1I1F3,3,3,1,1,3,"(3,5,1,3)",26,CUT|ASSEMBLE+INSPECT,CUT=36/78;ASSEMBLE+INSPECT=108/234,true
C3A3T1I2F0,3,3,1,2,0,"(3,5,2,0)",37,INSPECT,CUT=36/111;ASSEMBLE=48/185;INSPECT=60/74,false
C3A3T1I2F1,3,3,1,2,1,"(3,5,2,1)",30,ASSEMBLE+INSPECT,CUT=36/90;ASSEMBLE+INSPECT=108/240,true
C3A3T1I2F2,3,3,1,2,2,"(3,5,2,2)",26,CUT|ASSEMBLE+INSPECT,CUT=36/78;ASSEMBLE+INSPECT=108/234,true
C3A3T1I2F3,3,3,1,2,3,"(3,5,2,3)",23,CUT,CUT=36/69;ASSEMBLE+INSPECT=108/230,true
C3A3T1I3F0,3,3,1,3,0,"(3,5,3,0)",27,INSPECT,CUT=36/81;ASSEMBLE=48/135;INSPECT=60/81,false
C3A3T1I3F1,3,3,1,3,1,"(3,5,3,1)",25,CUT|ASSEMBLE+INSPECT,CUT=36/75;ASSEMBLE+INSPECT=108/225,true
C3A3T1I3F2,3,3,1,3,2,"(3,5,3,2)",23,CUT,CUT=36/69;ASSEMBLE+INSPECT=108/230,true
C3A3T1I3F3,3,3,1,3,3,"(3,5,3,3)",22,CUT,CUT=36/66;ASSEMBLE+INSPECT=108/242,true
C3A3T1I4F0,3,3,1,4,0,"(3,5,4,0)",25,INSPECT,CUT=36/75;ASSEMBLE=48/125;INSPECT=60/100,false
C3A3T1I4F1,3,3,1,4,1,"(3,5,4,1)",23,CUT,CUT=36/69;ASSEMBLE+INSPECT=108/230,true
C3A3T1I4F2,3,3,1,4,2,"(3,5,4,2)",22,CUT,CUT=36/66;ASSEMBLE+INSPECT=108/242,true
C3A3T1I4F3,3,3,1,4,3,"(3,5,4,3)",21,CUT,CUT=36/63;ASSEMBLE+INSPECT=108/252,true
C3A3T2I0F1,3,3,2,0,1,"(3,7,0,1)",67,ASSEMBLE+INSPECT,CUT=36/201;ASSEMBLE+INSPECT=108/536,false
C3A3T2I0F2,3,3,2,0,2,"(3,7,0,2)",37,CUT|ASSEMBLE+INSPECT,CUT=36/111;ASSEMBLE+INSPECT=108/333,false
C3A3T2I0F3,3,3,2,0,3,"(3,7,0,3)",27,CUT,CUT=36/81;ASSEMBLE+INSPECT=108/270,false
C3A3T2I1F0,3,3,2,1,0,"(3,7,1,0)",67,INSPECT,CUT=36/201;ASSEMBLE=48/469;INSPECT=60/67,false
C3A3T2I1F1,3,3,2,1,1,"(3,7,1,1)",37,CUT|ASSEMBLE+INSPECT,CUT=36/111;ASSEMBLE+INSPECT=108/333,false
C3A3T2I1F2,3,3,2,1,2,"(3,7,1,2)",27,CUT,CUT=36/81;ASSEMBLE+INSPECT=108/270,false
C3A3T2I1F3,3,3,2,1,3,"(3,7,1,3)",25,CUT,CUT=36/75;ASSEMBLE+INSPECT=108/275,false
C3A3T2I2F0,3,3,2,2,0,"(3,7,2,0)",37,INSPECT,CUT=36/111;ASSEMBLE=48/259;INSPECT=60/74,false
C3A3T2I2F1,3,3,2,2,1,"(3,7,2,1)",27,CUT,CUT=36/81;ASSEMBLE+INSPECT=108/270,false
C3A3T2I2F2,3,3,2,2,2,"(3,7,2,2)",25,CUT,CUT=36/75;ASSEMBLE+INSPECT=108/275,false
C3A3T2I2F3,3,3,2,2,3,"(3,7,2,3)",23,CUT,CUT=36/69;ASSEMBLE+INSPECT=108/276,false
C3A3T2I3F0,3,3,2,3,0,"(3,7,3,0)",27,INSPECT,CUT=36/81;ASSEMBLE=48/189;INSPECT=60/81,false
C3A3T2I3F1,3,3,2,3,1,"(3,7,3,1)",25,CUT,CUT=36/75;ASSEMBLE+INSPECT=108/275,false
C3A3T2I3F2,3,3,2,3,2,"(3,7,3,2)",23,CUT,CUT=36/69;ASSEMBLE+INSPECT=108/276,false
C3A3T2I3F3,3,3,2,3,3,"(3,7,3,3)",21,CUT,CUT=36/63;ASSEMBLE+INSPECT=108/273,false
C3A3T2I4F0,3,3,2,4,0,"(3,7,4,0)",25,INSPECT,CUT=36/75;ASSEMBLE=48/175;INSPECT=60/100,false
C3A3T2I4F1,3,3,2,4,1,"(3,7,4,1)",23,CUT,CUT=36/69;ASSEMBLE+INSPECT=108/276,false
C3A3T2I4F2,3,3,2,4,2,"(3,7,4,2)",21,CUT,CUT=36/63;ASSEMBLE+INSPECT=108/273,false
C3A3T2I4F3,3,3,2,4,3,"(3,7,4,3)",21,CUT,CUT=36/63;ASSEMBLE+INSPECT=108/294,false
C3A3T3I0F1,3,3,3,0,1,"(3,9,0,1)",67,CUT,CUT=36/201;ASSEMBLE+INSPECT=108/670,false
C3A3T3I0F2,3,3,3,0,2,"(3,9,0,2)",37,CUT,CUT=36/111;ASSEMBLE+INSPECT=108/407,false
C3A3T3I0F3,3,3,3,0,3,"(3,9,0,3)",27,CUT,CUT=36/81;ASSEMBLE+INSPECT=108/324,false
C3A3T3I1F0,3,3,3,1,0,"(3,9,1,0)",67,INSPECT,CUT=36/201;ASSEMBLE=48/603;INSPECT=60/67,false
C3A3T3I1F1,3,3,3,1,1,"(3,9,1,1)",37,CUT,CUT=36/111;ASSEMBLE+INSPECT=108/407,false
C3A3T3I1F2,3,3,3,1,2,"(3,9,1,2)",27,CUT,CUT=36/81;ASSEMBLE+INSPECT=108/324,false
C3A3T3I1F3,3,3,3,1,3,"(3,9,1,3)",25,CUT,CUT=36/75;ASSEMBLE+INSPECT=108/325,false
C3A3T3I2F0,3,3,3,2,0,"(3,9,2,0)",37,INSPECT,CUT=36/111;ASSEMBLE=48/333;INSPECT=60/74,false
C3A3T3I2F1,3,3,3,2,1,"(3,9,2,1)",27,CUT,CUT=36/81;ASSEMBLE+INSPECT=108/324,false
C3A3T3I2F2,3,3,3,2,2,"(3,9,2,2)",25,CUT,CUT=36/75;ASSEMBLE+INSPECT=108/325,false
C3A3T3I2F3,3,3,3,2,3,"(3,9,2,3)",23,CUT,CUT=36/69;ASSEMBLE+INSPECT=108/322,false
C3A3T3I3F0,3,3,3,3,0,"(3,9,3,0)",27,INSPECT,CUT=36/81;ASSEMBLE=48/243;INSPECT=60/81,false
C3A3T3I3F1,3,3,3,3,1,"(3,9,3,1)",25,CUT,CUT=36/75;ASSEMBLE+INSPECT=108/325,false
C3A3T3I3F2,3,3,3,3,2,"(3,9,3,2)",23,CUT,CUT=36/69;ASSEMBLE+INSPECT=108/322,false
C3A3T3I3F3,3,3,3,3,3,"(3,9,3,3)",21,CUT,CUT=36/63;ASSEMBLE+INSPECT=108/315,false
C3A3T3I4F0,3,3,3,4,0,"(3,9,4,0)",25,INSPECT,CUT=36/75;ASSEMBLE=48/225;INSPECT=60/100,false
C3A3T3I4F1,3,3,3,4,1,"(3,9,4,1)",23,CUT,CUT=36/69;ASSEMBLE+INSPECT=108/322,false
C3A3T3I4F2,3,3,3,4,2,"(3,9,4,2)",21,CUT,CUT=36/63;ASSEMBLE+INSPECT=108/315,false
C3A3T3I4F3,3,3,3,4,3,"(3,9,4,3)",21,CUT,CUT=36/63;ASSEMBLE+INSPECT=108/336,false
C3A4T0I0F1,3,4,0,0,1,"(3,4,0,1)",70,ASSEMBLE+INSPECT,CUT=36/210;ASSEMBLE+INSPECT=108/350,true
C3A4T0I0F2,3,4,0,0,2,"(3,4,0,2)",40,ASSEMBLE+INSPECT,CUT=36/120;ASSEMBLE+INSPECT=108/240,true
C3A4T0I0F3,3,4,0,0,3,"(3,4,0,3)",30,ASSEMBLE+INSPECT,CUT=36/90;ASSEMBLE+INSPECT=108/210,true
C3A4T0I1F0,3,4,0,1,0,"(3,4,1,0)",67,INSPECT,CUT=36/201;ASSEMBLE=48/268;INSPECT=60/67,false
C3A4T0I1F1,3,4,0,1,1,"(3,4,1,1)",40,ASSEMBLE+INSPECT,CUT=36/120;ASSEMBLE+INSPECT=108/240,true
C3A4T0I1F2,3,4,0,1,2,"(3,4,1,2)",30,ASSEMBLE+INSPECT,CUT=36/90;ASSEMBLE+INSPECT=108/210,true
C3A4T0I1F3,3,4,0,1,3,"(3,4,1,3)",25,ASSEMBLE+INSPECT,CUT=36/75;ASSEMBLE+INSPECT=108/200,true
C3A4T0I2F0,3,4,0,2,0,"(3,4,2,0)",37,INSPECT,CUT=36/111;ASSEMBLE=48/148;INSPECT=60/74,false
C3A4T0I2F1,3,4,0,2,1,"(3,4,2,1)",30,ASSEMBLE+INSPECT,CUT=36/90;ASSEMBLE+INSPECT=108/210,true
C3A4T0I2F2,3,4,0,2,2,"(3,4,2,2)",25,ASSEMBLE+INSPECT,CUT=36/75;ASSEMBLE+INSPECT=108/200,true
C3A4T0I2F3,3,4,0,2,3,"(3,4,2,3)",23,CUT|ASSEMBLE+INSPECT,CUT=36/69;ASSEMBLE+INSPECT=108/207,true
C3A4T0I3F0,3,4,0,3,0,"(3,4,3,0)",27,INSPECT,CUT=36/81;ASSEMBLE=48/108;INSPECT=60/81,false
C3A4T0I3F1,3,4,0,3,1,"(3,4,3,1)",25,ASSEMBLE+INSPECT,CUT=36/75;ASSEMBLE+INSPECT=108/200,true
C3A4T0I3F2,3,4,0,3,2,"(3,4,3,2)",23,CUT|ASSEMBLE+INSPECT,CUT=36/69;ASSEMBLE+INSPECT=108/207,true
C3A4T0I3F3,3,4,0,3,3,"(3,4,3,3)",22,CUT,CUT=36/66;ASSEMBLE+INSPECT=108/220,true
C3A4T0I4F0,3,4,0,4,0,"(3,4,4,0)",25,INSPECT,CUT=36/75;ASSEMBLE=48/100;INSPECT=60/100,false
C3A4T0I4F1,3,4,0,4,1,"(3,4,4,1)",23,CUT|ASSEMBLE+INSPECT,CUT=36/69;ASSEMBLE+INSPECT=108/207,true
C3A4T0I4F2,3,4,0,4,2,"(3,4,4,2)",22,CUT,CUT=36/66;ASSEMBLE+INSPECT=108/220,true
C3A4T0I4F3,3,4,0,4,3,"(3,4,4,3)",22,CUT,CUT=36/66;ASSEMBLE+INSPECT=108/242,true
C3A4T1I0F1,3,4,1,0,1,"(3,6,0,1)",67,ASSEMBLE+INSPECT,CUT=36/201;ASSEMBLE+INSPECT=108/469,false
C3A4T1I0F2,3,4,1,0,2,"(3,6,0,2)",37,ASSEMBLE+INSPECT,CUT=36/111;ASSEMBLE+INSPECT=108/296,false
C3A4T1I0F3,3,4,1,0,3,"(3,6,0,3)",27,CUT|ASSEMBLE+INSPECT,CUT=36/81;ASSEMBLE+INSPECT=108/243,false
C3A4T1I1F0,3,4,1,1,0,"(3,6,1,0)",67,INSPECT,CUT=36/201;ASSEMBLE=48/402;INSPECT=60/67,false
C3A4T1I1F1,3,4,1,1,1,"(3,6,1,1)",37,ASSEMBLE+INSPECT,CUT=36/111;ASSEMBLE+INSPECT=108/296,false
C3A4T1I1F2,3,4,1,1,2,"(3,6,1,2)",27,CUT|ASSEMBLE+INSPECT,CUT=36/81;ASSEMBLE+INSPECT=108/243,false
C3A4T1I1F3,3,4,1,1,3,"(3,6,1,3)",25,CUT,CUT=36/75;ASSEMBLE+INSPECT=108/250,false
C3A4T1I2F0,3,4,1,2,0,"(3,6,2,0)",37,INSPECT,CUT=36/111;ASSEMBLE=48/222;INSPECT=60/74,false
C3A4T1I2F1,3,4,1,2,1,"(3,6,2,1)",27,CUT|ASSEMBLE+INSPECT,CUT=36/81;ASSEMBLE+INSPECT=108/243,false
C3A4T1I2F2,3,4,1,2,2,"(3,6,2,2)",25,CUT,CUT=36/75;ASSEMBLE+INSPECT=108/250,false
C3A4T1I2F3,3,4,1,2,3,"(3,6,2,3)",23,CUT,CUT=36/69;ASSEMBLE+INSPECT=108/253,false
C3A4T1I3F0,3,4,1,3,0,"(3,6,3,0)",27,INSPECT,CUT=36/81;ASSEMBLE=48/162;INSPECT=60/81,false
C3A4T1I3F1,3,4,1,3,1,"(3,6,3,1)",25,CUT,CUT=36/75;ASSEMBLE+INSPECT=108/250,false
C3A4T1I3F2,3,4,1,3,2,"(3,6,3,2)",23,CUT,CUT=36/69;ASSEMBLE+INSPECT=108/253,false
C3A4T1I3F3,3,4,1,3,3,"(3,6,3,3)",21,CUT,CUT=36/63;ASSEMBLE+INSPECT=108/252,false
C3A4T1I4F0,3,4,1,4,0,"(3,6,4,0)",25,INSPECT,CUT=36/75;ASSEMBLE=48/150;INSPECT=60/100,false
C3A4T1I4F1,3,4,1,4,1,"(3,6,4,1)",23,CUT,CUT=36/69;ASSEMBLE+INSPECT=108/253,false
C3A4T1I4F2,3,4,1,4,2,"(3,6,4,2)",21,CUT,CUT=36/63;ASSEMBLE+INSPECT=108/252,false
C3A4T1I4F3,3,4,1,4,3,"(3,6,4,3)",21,CUT,CUT=36/63;ASSEMBLE+INSPECT=108/273,false
C3A4T2I0F1,3,4,2,0,1,"(3,8,0,1)",67,CUT|ASSEMBLE+INSPECT,CUT=36/201;ASSEMBLE+INSPECT=108/603,false
C3A4T2I0F2,3,4,2,0,2,"(3,8,0,2)",37,CUT,CUT=36/111;ASSEMBLE+INSPECT=108/370,false
C3A4T2I0F3,3,4,2,0,3,"(3,8,0,3)",27,CUT,CUT=36/81;ASSEMBLE+INSPECT=108/297,false
C3A4T2I1F0,3,4,2,1,0,"(3,8,1,0)",67,INSPECT,CUT=36/201;ASSEMBLE=48/536;INSPECT=60/67,false
C3A4T2I1F1,3,4,2,1,1,"(3,8,1,1)",37,CUT,CUT=36/111;ASSEMBLE+INSPECT=108/370,false
C3A4T2I1F2,3,4,2,1,2,"(3,8,1,2)",27,CUT,CUT=36/81;ASSEMBLE+INSPECT=108/297,false
C3A4T2I1F3,3,4,2,1,3,"(3,8,1,3)",25,CUT,CUT=36/75;ASSEMBLE+INSPECT=108/300,false
C3A4T2I2F0,3,4,2,2,0,"(3,8,2,0)",37,INSPECT,CUT=36/111;ASSEMBLE=48/296;INSPECT=60/74,false
C3A4T2I2F1,3,4,2,2,1,"(3,8,2,1)",27,CUT,CUT=36/81;ASSEMBLE+INSPECT=108/297,false
C3A4T2I2F2,3,4,2,2,2,"(3,8,2,2)",25,CUT,CUT=36/75;ASSEMBLE+INSPECT=108/300,false
C3A4T2I2F3,3,4,2,2,3,"(3,8,2,3)",23,CUT,CUT=36/69;ASSEMBLE+INSPECT=108/299,false
C3A4T2I3F0,3,4,2,3,0,"(3,8,3,0)",27,INSPECT,CUT=36/81;ASSEMBLE=48/216;INSPECT=60/81,false
C3A4T2I3F1,3,4,2,3,1,"(3,8,3,1)",25,CUT,CUT=36/75;ASSEMBLE+INSPECT=108/300,false
C3A4T2I3F2,3,4,2,3,2,"(3,8,3,2)",23,CUT,CUT=36/69;ASSEMBLE+INSPECT=108/299,false
C3A4T2I3F3,3,4,2,3,3,"(3,8,3,3)",21,CUT,CUT=36/63;ASSEMBLE+INSPECT=108/294,false
C3A4T2I4F0,3,4,2,4,0,"(3,8,4,0)",25,INSPECT,CUT=36/75;ASSEMBLE=48/200;INSPECT=60/100,false
C3A4T2I4F1,3,4,2,4,1,"(3,8,4,1)",23,CUT,CUT=36/69;ASSEMBLE+INSPECT=108/299,false
C3A4T2I4F2,3,4,2,4,2,"(3,8,4,2)",21,CUT,CUT=36/63;ASSEMBLE+INSPECT=108/294,false
C3A4T2I4F3,3,4,2,4,3,"(3,8,4,3)",21,CUT,CUT=36/63;ASSEMBLE+INSPECT=108/315,false
C3A4T3I0F1,3,4,3,0,1,"(3,10,0,1)",67,CUT,CUT=36/201;ASSEMBLE+INSPECT=108/737,false
C3A4T3I0F2,3,4,3,0,2,"(3,10,0,2)",37,CUT,CUT=36/111;ASSEMBLE+INSPECT=108/444,false
C3A4T3I0F3,3,4,3,0,3,"(3,10,0,3)",27,CUT,CUT=36/81;ASSEMBLE+INSPECT=108/351,false
C3A4T3I1F0,3,4,3,1,0,"(3,10,1,0)",67,INSPECT,CUT=36/201;ASSEMBLE=48/670;INSPECT=60/67,false
C3A4T3I1F1,3,4,3,1,1,"(3,10,1,1)",37,CUT,CUT=36/111;ASSEMBLE+INSPECT=108/444,false
C3A4T3I1F2,3,4,3,1,2,"(3,10,1,2)",27,CUT,CUT=36/81;ASSEMBLE+INSPECT=108/351,false
C3A4T3I1F3,3,4,3,1,3,"(3,10,1,3)",25,CUT,CUT=36/75;ASSEMBLE+INSPECT=108/350,false
C3A4T3I2F0,3,4,3,2,0,"(3,10,2,0)",37,INSPECT,CUT=36/111;ASSEMBLE=48/370;INSPECT=60/74,false
C3A4T3I2F1,3,4,3,2,1,"(3,10,2,1)",27,CUT,CUT=36/81;ASSEMBLE+INSPECT=108/351,false
C3A4T3I2F2,3,4,3,2,2,"(3,10,2,2)",25,CUT,CUT=36/75;ASSEMBLE+INSPECT=108/350,false
C3A4T3I2F3,3,4,3,2,3,"(3,10,2,3)",23,CUT,CUT=36/69;ASSEMBLE+INSPECT=108/345,false
C3A4T3I3F0,3,4,3,3,0,"(3,10,3,0)",27,INSPECT,CUT=36/81;ASSEMBLE=48/270;INSPECT=60/81,false
C3A4T3I3F1,3,4,3,3,1,"(3,10,3,1)",25,CUT,CUT=36/75;ASSEMBLE+INSPECT=108/350,false
C3A4T3I3F2,3,4,3,3,2,"(3,10,3,2)",23,CUT,CUT=36/69;ASSEMBLE+INSPECT=108/345,false
C3A4T3I3F3,3,4,3,3,3,"(3,10,3,3)",21,CUT,CUT=36/63;ASSEMBLE+INSPECT=108/336,false
C3A4T3I4F0,3,4,3,4,0,"(3,10,4,0)",25,INSPECT,CUT=36/75;ASSEMBLE=48/250;INSPECT=60/100,false
C3A4T3I4F1,3,4,3,4,1,"(3,10,4,1)",23,CUT,CUT=36/69;ASSEMBLE+INSPECT=108/345,false
C3A4T3I4F2,3,4,3,4,2,"(3,10,4,2)",21,CUT,CUT=36/63;ASSEMBLE+INSPECT=108/336,false
C3A4T3I4F3,3,4,3,4,3,"(3,10,4,3)",21,CUT,CUT=36/63;ASSEMBLE+INSPECT=108/357,false
C3A5T0I0F1,3,5,0,0,1,"(3,5,0,1)",70,ASSEMBLE+INSPECT,CUT=36/210;ASSEMBLE+INSPECT=108/420,true
C3A5T0I0F2,3,5,0,0,2,"(3,5,0,2)",40,ASSEMBLE+INSPECT,CUT=36/120;ASSEMBLE+INSPECT=108/280,true
C3A5T0I0F3,3,5,0,0,3,"(3,5,0,3)",30,ASSEMBLE+INSPECT,CUT=36/90;ASSEMBLE+INSPECT=108/240,true
C3A5T0I1F0,3,5,0,1,0,"(3,5,1,0)",67,INSPECT,CUT=36/201;ASSEMBLE=48/335;INSPECT=60/67,false
C3A5T0I1F1,3,5,0,1,1,"(3,5,1,1)",40,ASSEMBLE+INSPECT,CUT=36/120;ASSEMBLE+INSPECT=108/280,true
C3A5T0I1F2,3,5,0,1,2,"(3,5,1,2)",30,ASSEMBLE+INSPECT,CUT=36/90;ASSEMBLE+INSPECT=108/240,true
C3A5T0I1F3,3,5,0,1,3,"(3,5,1,3)",26,CUT|ASSEMBLE+INSPECT,CUT=36/78;ASSEMBLE+INSPECT=108/234,true
C3A5T0I2F0,3,5,0,2,0,"(3,5,2,0)",37,INSPECT,CUT=36/111;ASSEMBLE=48/185;INSPECT=60/74,false
C3A5T0I2F1,3,5,0,2,1,"(3,5,2,1)",30,ASSEMBLE+INSPECT,CUT=36/90;ASSEMBLE+INSPECT=108/240,true
C3A5T0I2F2,3,5,0,2,2,"(3,5,2,2)",26,CUT|ASSEMBLE+INSPECT,CUT=36/78;ASSEMBLE+INSPECT=108/234,true
C3A5T0I2F3,3,5,0,2,3,"(3,5,2,3)",23,CUT,CUT=36/69;ASSEMBLE+INSPECT=108/230,true
C3A5T0I3F0,3,5,0,3,0,"(3,5,3,0)",27,INSPECT,CUT=36/81;ASSEMBLE=48/135;INSPECT=60/81,false
C3A5T0I3F1,3,5,0,3,1,"(3,5,3,1)",25,CUT|ASSEMBLE+INSPECT,CUT=36/75;ASSEMBLE+INSPECT=108/225,true
C3A5T0I3F2,3,5,0,3,2,"(3,5,3,2)",23,CUT,CUT=36/69;ASSEMBLE+INSPECT=108/230,true
C3A5T0I3F3,3,5,0,3,3,"(3,5,3,3)",22,CUT,CUT=36/66;ASSEMBLE+INSPECT=108/242,true
C3A5T0I4F0,3,5,0,4,0,"(3,5,4,0)",25,INSPECT,CUT=36/75;ASSEMBLE=48/125;INSPECT=60/100,false
C3A5T0I4F1,3,5,0,4,1,"(3,5,4,1)",23,CUT,CUT=36/69;ASSEMBLE+INSPECT=108/230,true
C3A5T0I4F2,3,5,0,4,2,"(3,5,4,2)",22,CUT,CUT=36/66;ASSEMBLE+INSPECT=108/242,true
C3A5T0I4F3,3,5,0,4,3,"(3,5,4,3)",21,CUT,CUT=36/63;ASSEMBLE+INSPECT=108/252,true
C3A5T1I0F1,3,5,1,0,1,"(3,7,0,1)",67,ASSEMBLE+INSPECT,CUT=36/201;ASSEMBLE+INSPECT=108/536,false
C3A5T1I0F2,3,5,1,0,2,"(3,7,0,2)",37,CUT|ASSEMBLE+INSPECT,CUT=36/111;ASSEMBLE+INSPECT=108/333,false
C3A5T1I0F3,3,5,1,0,3,"(3,7,0,3)",27,CUT,CUT=36/81;ASSEMBLE+INSPECT=108/270,false
C3A5T1I1F0,3,5,1,1,0,"(3,7,1,0)",67,INSPECT,CUT=36/201;ASSEMBLE=48/469;INSPECT=60/67,false
C3A5T1I1F1,3,5,1,1,1,"(3,7,1,1)",37,CUT|ASSEMBLE+INSPECT,CUT=36/111;ASSEMBLE+INSPECT=108/333,false
C3A5T1I1F2,3,5,1,1,2,"(3,7,1,2)",27,CUT,CUT=36/81;ASSEMBLE+INSPECT=108/270,false
C3A5T1I1F3,3,5,1,1,3,"(3,7,1,3)",25,CUT,CUT=36/75;ASSEMBLE+INSPECT=108/275,false
C3A5T1I2F0,3,5,1,2,0,"(3,7,2,0)",37,INSPECT,CUT=36/111;ASSEMBLE=48/259;INSPECT=60/74,false
C3A5T1I2F1,3,5,1,2,1,"(3,7,2,1)",27,CUT,CUT=36/81;ASSEMBLE+INSPECT=108/270,false
C3A5T1I2F2,3,5,1,2,2,"(3,7,2,2)",25,CUT,CUT=36/75;ASSEMBLE+INSPECT=108/275,false
C3A5T1I2F3,3,5,1,2,3,"(3,7,2,3)",23,CUT,CUT=36/69;ASSEMBLE+INSPECT=108/276,false
C3A5T1I3F0,3,5,1,3,0,"(3,7,3,0)",27,INSPECT,CUT=36/81;ASSEMBLE=48/189;INSPECT=60/81,false
C3A5T1I3F1,3,5,1,3,1,"(3,7,3,1)",25,CUT,CUT=36/75;ASSEMBLE+INSPECT=108/275,false
C3A5T1I3F2,3,5,1,3,2,"(3,7,3,2)",23,CUT,CUT=36/69;ASSEMBLE+INSPECT=108/276,false
C3A5T1I3F3,3,5,1,3,3,"(3,7,3,3)",21,CUT,CUT=36/63;ASSEMBLE+INSPECT=108/273,false
C3A5T1I4F0,3,5,1,4,0,"(3,7,4,0)",25,INSPECT,CUT=36/75;ASSEMBLE=48/175;INSPECT=60/100,false
C3A5T1I4F1,3,5,1,4,1,"(3,7,4,1)",23,CUT,CUT=36/69;ASSEMBLE+INSPECT=108/276,false
C3A5T1I4F2,3,5,1,4,2,"(3,7,4,2)",21,CUT,CUT=36/63;ASSEMBLE+INSPECT=108/273,false
C3A5T1I4F3,3,5,1,4,3,"(3,7,4,3)",21,CUT,CUT=36/63;ASSEMBLE+INSPECT=108/294,false
C3A5T2I0F1,3,5,2,0,1,"(3,9,0,1)",67,CUT,CUT=36/201;ASSEMBLE+INSPECT=108/670,false
C3A5T2I0F2,3,5,2,0,2,"(3,9,0,2)",37,CUT,CUT=36/111;ASSEMBLE+INSPECT=108/407,false
C3A5T2I0F3,3,5,2,0,3,"(3,9,0,3)",27,CUT,CUT=36/81;ASSEMBLE+INSPECT=108/324,false
C3A5T2I1F0,3,5,2,1,0,"(3,9,1,0)",67,INSPECT,CUT=36/201;ASSEMBLE=48/603;INSPECT=60/67,false
C3A5T2I1F1,3,5,2,1,1,"(3,9,1,1)",37,CUT,CUT=36/111;ASSEMBLE+INSPECT=108/407,false
C3A5T2I1F2,3,5,2,1,2,"(3,9,1,2)",27,CUT,CUT=36/81;ASSEMBLE+INSPECT=108/324,false
C3A5T2I1F3,3,5,2,1,3,"(3,9,1,3)",25,CUT,CUT=36/75;ASSEMBLE+INSPECT=108/325,false
C3A5T2I2F0,3,5,2,2,0,"(3,9,2,0)",37,INSPECT,CUT=36/111;ASSEMBLE=48/333;INSPECT=60/74,false
C3A5T2I2F1,3,5,2,2,1,"(3,9,2,1)",27,CUT,CUT=36/81;ASSEMBLE+INSPECT=108/324,false
C3A5T2I2F2,3,5,2,2,2,"(3,9,2,2)",25,CUT,CUT=36/75;ASSEMBLE+INSPECT=108/325,false
C3A5T2I2F3,3,5,2,2,3,"(3,9,2,3)",23,CUT,CUT=36/69;ASSEMBLE+INSPECT=108/322,false
C3A5T2I3F0,3,5,2,3,0,"(3,9,3,0)",27,INSPECT,CUT=36/81;ASSEMBLE=48/243;INSPECT=60/81,false
C3A5T2I3F1,3,5,2,3,1,"(3,9,3,1)",25,CUT,CUT=36/75;ASSEMBLE+INSPECT=108/325,false
C3A5T2I3F2,3,5,2,3,2,"(3,9,3,2)",23,CUT,CUT=36/69;ASSEMBLE+INSPECT=108/322,false
C3A5T2I3F3,3,5,2,3,3,"(3,9,3,3)",21,CUT,CUT=36/63;ASSEMBLE+INSPECT=108/315,false
C3A5T2I4F0,3,5,2,4,0,"(3,9,4,0)",25,INSPECT,CUT=36/75;ASSEMBLE=48/225;INSPECT=60/100,false
C3A5T2I4F1,3,5,2,4,1,"(3,9,4,1)",23,CUT,CUT=36/69;ASSEMBLE+INSPECT=108/322,false
C3A5T2I4F2,3,5,2,4,2,"(3,9,4,2)",21,CUT,CUT=36/63;ASSEMBLE+INSPECT=108/315,false
C3A5T2I4F3,3,5,2,4,3,"(3,9,4,3)",21,CUT,CUT=36/63;ASSEMBLE+INSPECT=108/336,false
C3A5T3I0F1,3,5,3,0,1,"(3,11,0,1)",67,CUT,CUT=36/201;ASSEMBLE+INSPECT=108/804,false
C3A5T3I0F2,3,5,3,0,2,"(3,11,0,2)",37,CUT,CUT=36/111;ASSEMBLE+INSPECT=108/481,false
C3A5T3I0F3,3,5,3,0,3,"(3,11,0,3)",27,CUT,CUT=36/81;ASSEMBLE+INSPECT=108/378,false
C3A5T3I1F0,3,5,3,1,0,"(3,11,1,0)",67,INSPECT,CUT=36/201;ASSEMBLE=48/737;INSPECT=60/67,false
C3A5T3I1F1,3,5,3,1,1,"(3,11,1,1)",37,CUT,CUT=36/111;ASSEMBLE+INSPECT=108/481,false
C3A5T3I1F2,3,5,3,1,2,"(3,11,1,2)",27,CUT,CUT=36/81;ASSEMBLE+INSPECT=108/378,false
C3A5T3I1F3,3,5,3,1,3,"(3,11,1,3)",25,CUT,CUT=36/75;ASSEMBLE+INSPECT=108/375,false
C3A5T3I2F0,3,5,3,2,0,"(3,11,2,0)",37,INSPECT,CUT=36/111;ASSEMBLE=48/407;INSPECT=60/74,false
C3A5T3I2F1,3,5,3,2,1,"(3,11,2,1)",27,CUT,CUT=36/81;ASSEMBLE+INSPECT=108/378,false
C3A5T3I2F2,3,5,3,2,2,"(3,11,2,2)",25,CUT,CUT=36/75;ASSEMBLE+INSPECT=108/375,false
C3A5T3I2F3,3,5,3,2,3,"(3,11,2,3)",23,CUT,CUT=36/69;ASSEMBLE+INSPECT=108/368,false
C3A5T3I3F0,3,5,3,3,0,"(3,11,3,0)",27,INSPECT,CUT=36/81;ASSEMBLE=48/297;INSPECT=60/81,false
C3A5T3I3F1,3,5,3,3,1,"(3,11,3,1)",25,CUT,CUT=36/75;ASSEMBLE+INSPECT=108/375,false
C3A5T3I3F2,3,5,3,3,2,"(3,11,3,2)",23,CUT,CUT=36/69;ASSEMBLE+INSPECT=108/368,false
C3A5T3I3F3,3,5,3,3,3,"(3,11,3,3)",21,CUT,CUT=36/63;ASSEMBLE+INSPECT=108/357,false
C3A5T3I4F0,3,5,3,4,0,"(3,11,4,0)",25,INSPECT,CUT=36/75;ASSEMBLE=48/275;INSPECT=60/100,false
C3A5T3I4F1,3,5,3,4,1,"(3,11,4,1)",23,CUT,CUT=36/69;ASSEMBLE+INSPECT=108/368,false
C3A5T3I4F2,3,5,3,4,2,"(3,11,4,2)",21,CUT,CUT=36/63;ASSEMBLE+INSPECT=108/357,false
C3A5T3I4F3,3,5,3,4,3,"(3,11,4,3)",21,CUT,CUT=36/63;ASSEMBLE+INSPECT=108/378,false
C3A6T0I0F1,3,6,0,0,1,"(3,6,0,1)",67,ASSEMBLE+INSPECT,CUT=36/201;ASSEMBLE+INSPECT=108/469,false
C3A6T0I0F2,3,6,0,0,2,"(3,6,0,2)",37,ASSEMBLE+INSPECT,CUT=36/111;ASSEMBLE+INSPECT=108/296,false
C3A6T0I0F3,3,6,0,0,3,"(3,6,0,3)",27,CUT|ASSEMBLE+INSPECT,CUT=36/81;ASSEMBLE+INSPECT=108/243,false
C3A6T0I1F0,3,6,0,1,0,"(3,6,1,0)",67,INSPECT,CUT=36/201;ASSEMBLE=48/402;INSPECT=60/67,false
C3A6T0I1F1,3,6,0,1,1,"(3,6,1,1)",37,ASSEMBLE+INSPECT,CUT=36/111;ASSEMBLE+INSPECT=108/296,false
C3A6T0I1F2,3,6,0,1,2,"(3,6,1,2)",27,CUT|ASSEMBLE+INSPECT,CUT=36/81;ASSEMBLE+INSPECT=108/243,false
C3A6T0I1F3,3,6,0,1,3,"(3,6,1,3)",25,CUT,CUT=36/75;ASSEMBLE+INSPECT=108/250,false
C3A6T0I2F0,3,6,0,2,0,"(3,6,2,0)",37,INSPECT,CUT=36/111;ASSEMBLE=48/222;INSPECT=60/74,false
C3A6T0I2F1,3,6,0,2,1,"(3,6,2,1)",27,CUT|ASSEMBLE+INSPECT,CUT=36/81;ASSEMBLE+INSPECT=108/243,false
C3A6T0I2F2,3,6,0,2,2,"(3,6,2,2)",25,CUT,CUT=36/75;ASSEMBLE+INSPECT=108/250,false
C3A6T0I2F3,3,6,0,2,3,"(3,6,2,3)",23,CUT,CUT=36/69;ASSEMBLE+INSPECT=108/253,false
C3A6T0I3F0,3,6,0,3,0,"(3,6,3,0)",27,INSPECT,CUT=36/81;ASSEMBLE=48/162;INSPECT=60/81,false
C3A6T0I3F1,3,6,0,3,1,"(3,6,3,1)",25,CUT,CUT=36/75;ASSEMBLE+INSPECT=108/250,false
C3A6T0I3F2,3,6,0,3,2,"(3,6,3,2)",23,CUT,CUT=36/69;ASSEMBLE+INSPECT=108/253,false
C3A6T0I3F3,3,6,0,3,3,"(3,6,3,3)",21,CUT,CUT=36/63;ASSEMBLE+INSPECT=108/252,false
C3A6T0I4F0,3,6,0,4,0,"(3,6,4,0)",25,INSPECT,CUT=36/75;ASSEMBLE=48/150;INSPECT=60/100,false
C3A6T0I4F1,3,6,0,4,1,"(3,6,4,1)",23,CUT,CUT=36/69;ASSEMBLE+INSPECT=108/253,false
C3A6T0I4F2,3,6,0,4,2,"(3,6,4,2)",21,CUT,CUT=36/63;ASSEMBLE+INSPECT=108/252,false
C3A6T0I4F3,3,6,0,4,3,"(3,6,4,3)",21,CUT,CUT=36/63;ASSEMBLE+INSPECT=108/273,false
C3A6T1I0F1,3,6,1,0,1,"(3,8,0,1)",67,CUT|ASSEMBLE+INSPECT,CUT=36/201;ASSEMBLE+INSPECT=108/603,false
C3A6T1I0F2,3,6,1,0,2,"(3,8,0,2)",37,CUT,CUT=36/111;ASSEMBLE+INSPECT=108/370,false
C3A6T1I0F3,3,6,1,0,3,"(3,8,0,3)",27,CUT,CUT=36/81;ASSEMBLE+INSPECT=108/297,false
C3A6T1I1F0,3,6,1,1,0,"(3,8,1,0)",67,INSPECT,CUT=36/201;ASSEMBLE=48/536;INSPECT=60/67,false
C3A6T1I1F1,3,6,1,1,1,"(3,8,1,1)",37,CUT,CUT=36/111;ASSEMBLE+INSPECT=108/370,false
C3A6T1I1F2,3,6,1,1,2,"(3,8,1,2)",27,CUT,CUT=36/81;ASSEMBLE+INSPECT=108/297,false
C3A6T1I1F3,3,6,1,1,3,"(3,8,1,3)",25,CUT,CUT=36/75;ASSEMBLE+INSPECT=108/300,false
C3A6T1I2F0,3,6,1,2,0,"(3,8,2,0)",37,INSPECT,CUT=36/111;ASSEMBLE=48/296;INSPECT=60/74,false
C3A6T1I2F1,3,6,1,2,1,"(3,8,2,1)",27,CUT,CUT=36/81;ASSEMBLE+INSPECT=108/297,false
C3A6T1I2F2,3,6,1,2,2,"(3,8,2,2)",25,CUT,CUT=36/75;ASSEMBLE+INSPECT=108/300,false
C3A6T1I2F3,3,6,1,2,3,"(3,8,2,3)",23,CUT,CUT=36/69;ASSEMBLE+INSPECT=108/299,false
C3A6T1I3F0,3,6,1,3,0,"(3,8,3,0)",27,INSPECT,CUT=36/81;ASSEMBLE=48/216;INSPECT=60/81,false
C3A6T1I3F1,3,6,1,3,1,"(3,8,3,1)",25,CUT,CUT=36/75;ASSEMBLE+INSPECT=108/300,false
C3A6T1I3F2,3,6,1,3,2,"(3,8,3,2)",23,CUT,CUT=36/69;ASSEMBLE+INSPECT=108/299,false
C3A6T1I3F3,3,6,1,3,3,"(3,8,3,3)",21,CUT,CUT=36/63;ASSEMBLE+INSPECT=108/294,false
C3A6T1I4F0,3,6,1,4,0,"(3,8,4,0)",25,INSPECT,CUT=36/75;ASSEMBLE=48/200;INSPECT=60/100,false
C3A6T1I4F1,3,6,1,4,1,"(3,8,4,1)",23,CUT,CUT=36/69;ASSEMBLE+INSPECT=108/299,false
C3A6T1I4F2,3,6,1,4,2,"(3,8,4,2)",21,CUT,CUT=36/63;ASSEMBLE+INSPECT=108/294,false
C3A6T1I4F3,3,6,1,4,3,"(3,8,4,3)",21,CUT,CUT=36/63;ASSEMBLE+INSPECT=108/315,false
C3A6T2I0F1,3,6,2,0,1,"(3,10,0,1)",67,CUT,CUT=36/201;ASSEMBLE+INSPECT=108/737,false
C3A6T2I0F2,3,6,2,0,2,"(3,10,0,2)",37,CUT,CUT=36/111;ASSEMBLE+INSPECT=108/444,false
C3A6T2I0F3,3,6,2,0,3,"(3,10,0,3)",27,CUT,CUT=36/81;ASSEMBLE+INSPECT=108/351,false
C3A6T2I1F0,3,6,2,1,0,"(3,10,1,0)",67,INSPECT,CUT=36/201;ASSEMBLE=48/670;INSPECT=60/67,false
C3A6T2I1F1,3,6,2,1,1,"(3,10,1,1)",37,CUT,CUT=36/111;ASSEMBLE+INSPECT=108/444,false
C3A6T2I1F2,3,6,2,1,2,"(3,10,1,2)",27,CUT,CUT=36/81;ASSEMBLE+INSPECT=108/351,false
C3A6T2I1F3,3,6,2,1,3,"(3,10,1,3)",25,CUT,CUT=36/75;ASSEMBLE+INSPECT=108/350,false
C3A6T2I2F0,3,6,2,2,0,"(3,10,2,0)",37,INSPECT,CUT=36/111;ASSEMBLE=48/370;INSPECT=60/74,false
C3A6T2I2F1,3,6,2,2,1,"(3,10,2,1)",27,CUT,CUT=36/81;ASSEMBLE+INSPECT=108/351,false
C3A6T2I2F2,3,6,2,2,2,"(3,10,2,2)",25,CUT,CUT=36/75;ASSEMBLE+INSPECT=108/350,false
C3A6T2I2F3,3,6,2,2,3,"(3,10,2,3)",23,CUT,CUT=36/69;ASSEMBLE+INSPECT=108/345,false
C3A6T2I3F0,3,6,2,3,0,"(3,10,3,0)",27,INSPECT,CUT=36/81;ASSEMBLE=48/270;INSPECT=60/81,false
C3A6T2I3F1,3,6,2,3,1,"(3,10,3,1)",25,CUT,CUT=36/75;ASSEMBLE+INSPECT=108/350,false
C3A6T2I3F2,3,6,2,3,2,"(3,10,3,2)",23,CUT,CUT=36/69;ASSEMBLE+INSPECT=108/345,false
C3A6T2I3F3,3,6,2,3,3,"(3,10,3,3)",21,CUT,CUT=36/63;ASSEMBLE+INSPECT=108/336,false
C3A6T2I4F0,3,6,2,4,0,"(3,10,4,0)",25,INSPECT,CUT=36/75;ASSEMBLE=48/250;INSPECT=60/100,false
C3A6T2I4F1,3,6,2,4,1,"(3,10,4,1)",23,CUT,CUT=36/69;ASSEMBLE+INSPECT=108/345,false
C3A6T2I4F2,3,6,2,4,2,"(3,10,4,2)",21,CUT,CUT=36/63;ASSEMBLE+INSPECT=108/336,false
C3A6T2I4F3,3,6,2,4,3,"(3,10,4,3)",21,CUT,CUT=36/63;ASSEMBLE+INSPECT=108/357,false
C3A6T3I0F1,3,6,3,0,1,"(3,12,0,1)",67,CUT,CUT=36/201;ASSEMBLE+INSPECT=108/871,false
C3A6T3I0F2,3,6,3,0,2,"(3,12,0,2)",37,CUT,CUT=36/111;ASSEMBLE+INSPECT=108/518,false
C3A6T3I0F3,3,6,3,0,3,"(3,12,0,3)",27,CUT,CUT=36/81;ASSEMBLE+INSPECT=108/405,false
C3A6T3I1F0,3,6,3,1,0,"(3,12,1,0)",67,INSPECT,CUT=36/201;ASSEMBLE=48/804;INSPECT=60/67,false
C3A6T3I1F1,3,6,3,1,1,"(3,12,1,1)",37,CUT,CUT=36/111;ASSEMBLE+INSPECT=108/518,false
C3A6T3I1F2,3,6,3,1,2,"(3,12,1,2)",27,CUT,CUT=36/81;ASSEMBLE+INSPECT=108/405,false
C3A6T3I1F3,3,6,3,1,3,"(3,12,1,3)",25,CUT,CUT=36/75;ASSEMBLE+INSPECT=108/400,false
C3A6T3I2F0,3,6,3,2,0,"(3,12,2,0)",37,INSPECT,CUT=36/111;ASSEMBLE=48/444;INSPECT=60/74,false
C3A6T3I2F1,3,6,3,2,1,"(3,12,2,1)",27,CUT,CUT=36/81;ASSEMBLE+INSPECT=108/405,false
C3A6T3I2F2,3,6,3,2,2,"(3,12,2,2)",25,CUT,CUT=36/75;ASSEMBLE+INSPECT=108/400,false
C3A6T3I2F3,3,6,3,2,3,"(3,12,2,3)",23,CUT,CUT=36/69;ASSEMBLE+INSPECT=108/391,false
C3A6T3I3F0,3,6,3,3,0,"(3,12,3,0)",27,INSPECT,CUT=36/81;ASSEMBLE=48/324;INSPECT=60/81,false
C3A6T3I3F1,3,6,3,3,1,"(3,12,3,1)",25,CUT,CUT=36/75;ASSEMBLE+INSPECT=108/400,false
C3A6T3I3F2,3,6,3,3,2,"(3,12,3,2)",23,CUT,CUT=36/69;ASSEMBLE+INSPECT=108/391,false
C3A6T3I3F3,3,6,3,3,3,"(3,12,3,3)",21,CUT,CUT=36/63;ASSEMBLE+INSPECT=108/378,false
C3A6T3I4F0,3,6,3,4,0,"(3,12,4,0)",25,INSPECT,CUT=36/75;ASSEMBLE=48/300;INSPECT=60/100,false
C3A6T3I4F1,3,6,3,4,1,"(3,12,4,1)",23,CUT,CUT=36/69;ASSEMBLE+INSPECT=108/391,false
C3A6T3I4F2,3,6,3,4,2,"(3,12,4,2)",21,CUT,CUT=36/63;ASSEMBLE+INSPECT=108/378,false
C3A6T3I4F3,3,6,3,4,3,"(3,12,4,3)",21,CUT,CUT=36/63;ASSEMBLE+INSPECT=108/399,false
C4A0T0I0F1,4,0,0,0,1,"(4,0,0,1)",111,ASSEMBLE+INSPECT,CUT=36/444;ASSEMBLE+INSPECT=108/111,true
C4A0T0I0F2,4,0,0,0,2,"(4,0,0,2)",57,ASSEMBLE+INSPECT,CUT=36/228;ASSEMBLE+INSPECT=108/114,true
C4A0T0I0F3,4,0,0,0,3,"(4,0,0,3)",39,ASSEMBLE+INSPECT,CUT=36/156;ASSEMBLE+INSPECT=108/117,true
C4A0T0I1F1,4,0,0,1,1,"(4,0,1,1)",81,ASSEMBLE+INSPECT,CUT=36/324;ASSEMBLE+INSPECT=108/162,true
C4A0T0I1F2,4,0,0,1,2,"(4,0,1,2)",47,ASSEMBLE+INSPECT,CUT=36/188;ASSEMBLE+INSPECT=108/141,true
C4A0T0I1F3,4,0,0,1,3,"(4,0,1,3)",34,ASSEMBLE+INSPECT,CUT=36/136;ASSEMBLE+INSPECT=108/136,true
C4A0T0I2F1,4,0,0,2,1,"(4,0,2,1)",56,ASSEMBLE+INSPECT,CUT=36/224;ASSEMBLE+INSPECT=108/168,false
C4A0T0I2F2,4,0,0,2,2,"(4,0,2,2)",42,ASSEMBLE+INSPECT,CUT=36/168;ASSEMBLE+INSPECT=108/168,true
C4A0T0I2F3,4,0,0,2,3,"(4,0,2,3)",34,ASSEMBLE+INSPECT,CUT=36/136;ASSEMBLE+INSPECT=108/170,true
C4A0T0I3F1,4,0,0,3,1,"(4,0,3,1)",56,ASSEMBLE+INSPECT,CUT=36/224;ASSEMBLE+INSPECT=108/224,false
C4A0T0I3F2,4,0,0,3,2,"(4,0,3,2)",36,ASSEMBLE+INSPECT,CUT=36/144;ASSEMBLE+INSPECT=108/180,true
C4A0T0I3F3,4,0,0,3,3,"(4,0,3,3)",29,ASSEMBLE+INSPECT,CUT=36/116;ASSEMBLE+INSPECT=108/174,true
C4A0T0I4F1,4,0,0,4,1,"(4,0,4,1)",56,ASSEMBLE+INSPECT,CUT=36/224;ASSEMBLE+INSPECT=108/280,false
C4A0T0I4F2,4,0,0,4,2,"(4,0,4,2)",32,ASSEMBLE+INSPECT,CUT=36/128;ASSEMBLE+INSPECT=108/192,false
C4A0T0I4F3,4,0,0,4,3,"(4,0,4,3)",29,ASSEMBLE+INSPECT,CUT=36/116;ASSEMBLE+INSPECT=108/203,true
C4A0T1I0F1,4,0,1,0,1,"(4,2,0,1)",67,ASSEMBLE+INSPECT,CUT=36/268;ASSEMBLE+INSPECT=108/201,true
C4A0T1I0F2,4,0,1,0,2,"(4,2,0,2)",41,ASSEMBLE+INSPECT,CUT=36/164;ASSEMBLE+INSPECT=108/164,true
C4A0T1I0F3,4,0,1,0,3,"(4,2,0,3)",32,ASSEMBLE+INSPECT,CUT=36/128;ASSEMBLE+INSPECT=108/160,true
C4A0T1I1F0,4,0,1,1,0,"(4,2,1,0)",67,INSPECT,CUT=36/268;ASSEMBLE=48/134;INSPECT=60/67,false
C4A0T1I1F1,4,0,1,1,1,"(4,2,1,1)",41,ASSEMBLE+INSPECT,CUT=36/164;ASSEMBLE+INSPECT=108/164,true
C4A0T1I1F2,4,0,1,1,2,"(4,2,1,2)",31,ASSEMBLE+INSPECT,CUT=36/124;ASSEMBLE+INSPECT=108/155,true
C4A0T1I1F3,4,0,1,1,3,"(4,2,1,3)",27,ASSEMBLE+INSPECT,CUT=36/108;ASSEMBLE+INSPECT=108/162,true
C4A0T1I2F0,4,0,1,2,0,"(4,2,2,0)",37,INSPECT,CUT=36/148;ASSEMBLE=48/74;INSPECT=60/74,false
C4A0T1I2F1,4,0,1,2,1,"(4,2,2,1)",31,ASSEMBLE+INSPECT,CUT=36/124;ASSEMBLE+INSPECT=108/155,true
C4A0T1I2F2,4,0,1,2,2,"(4,2,2,2)",26,ASSEMBLE+INSPECT,CUT=36/104;ASSEMBLE+INSPECT=108/156,true
C4A0T1I2F3,4,0,1,2,3,"(4,2,2,3)",24,ASSEMBLE+INSPECT,CUT=36/96;ASSEMBLE+INSPECT=108/168,true
C4A0T1I3F0,4,0,1,3,0,"(4,2,3,0)",33,ASSEMBLE,CUT=36/132;ASSEMBLE=48/66;INSPECT=60/99,false
C4A0T1I3F1,4,0,1,3,1,"(4,2,3,1)",28,ASSEMBLE+INSPECT,CUT=36/112;ASSEMBLE+INSPECT=108/168,true
C4A0T1I3F2,4,0,1,3,2,"(4,2,3,2)",24,ASSEMBLE+INSPECT,CUT=36/96;ASSEMBLE+INSPECT=108/168,true
C4A0T1I3F3,4,0,1,3,3,"(4,2,3,3)",24,ASSEMBLE+INSPECT,CUT=36/96;ASSEMBLE+INSPECT=108/192,true
C4A0T1I4F0,4,0,1,4,0,"(4,2,4,0)",32,ASSEMBLE,CUT=36/128;ASSEMBLE=48/64;INSPECT=60/128,false
C4A0T1I4F1,4,0,1,4,1,"(4,2,4,1)",28,ASSEMBLE+INSPECT,CUT=36/112;ASSEMBLE+INSPECT=108/196,true
C4A0T1I4F2,4,0,1,4,2,"(4,2,4,2)",24,ASSEMBLE+INSPECT,CUT=36/96;ASSEMBLE+INSPECT=108/192,true
C4A0T1I4F3,4,0,1,4,3,"(4,2,4,3)",22,ASSEMBLE+INSPECT,CUT=36/88;ASSEMBLE+INSPECT=108/198,true
C4A0T2I0F1,4,0,2,0,1,"(4,4,0,1)",70,ASSEMBLE+INSPECT,CUT=36/280;ASSEMBLE+INSPECT=108/350,true
C4A0T2I0F2,4,0,2,0,2,"(4,4,0,2)",40,ASSEMBLE+INSPECT,CUT=36/160;ASSEMBLE+INSPECT=108/240,true
C4A0T2I0F3,4,0,2,0,3,"(4,4,0,3)",30,ASSEMBLE+INSPECT,CUT=36/120;ASSEMBLE+INSPECT=108/210,true
C4A0T2I1F0,4,0,2,1,0,"(4,4,1,0)",67,INSPECT,CUT=36/268;ASSEMBLE=48/268;INSPECT=60/67,false
C4A0T2I1F1,4,0,2,1,1,"(4,4,1,1)",40,ASSEMBLE+INSPECT,CUT=36/160;ASSEMBLE+INSPECT=108/240,true
C4A0T2I1F2,4,0,2,1,2,"(4,4,1,2)",30,ASSEMBLE+INSPECT,CUT=36/120;ASSEMBLE+INSPECT=108/210,true
C4A0T2I1F3,4,0,2,1,3,"(4,4,1,3)",25,ASSEMBLE+INSPECT,CUT=36/100;ASSEMBLE+INSPECT=108/200,true
C4A0T2I2F0,4,0,2,2,0,"(4,4,2,0)",37,INSPECT,CUT=36/148;ASSEMBLE=48/148;INSPECT=60/74,false
C4A0T2I2F1,4,0,2,2,1,"(4,4,2,1)",30,ASSEMBLE+INSPECT,CUT=36/120;ASSEMBLE+INSPECT=108/210,true
C4A0T2I2F2,4,0,2,2,2,"(4,4,2,2)",25,ASSEMBLE+INSPECT,CUT=36/100;ASSEMBLE+INSPECT=108/200,true
C4A0T2I2F3,4,0,2,2,3,"(4,4,2,3)",22,ASSEMBLE+INSPECT,CUT=36/88;ASSEMBLE+INSPECT=108/198,true
C4A0T2I3F0,4,0,2,3,0,"(4,4,3,0)",27,INSPECT,CUT=36/108;ASSEMBLE=48/108;INSPECT=60/81,false
C4A0T2I3F1,4,0,2,3,1,"(4,4,3,1)",25,ASSEMBLE+INSPECT,CUT=36/100;ASSEMBLE+INSPECT=108/200,true
C4A0T2I3F2,4,0,2,3,2,"(4,4,3,2)",22,ASSEMBLE+INSPECT,CUT=36/88;ASSEMBLE+INSPECT=108/198,true
C4A0T2I3F3,4,0,2,3,3,"(4,4,3,3)",20,ASSEMBLE+INSPECT,CUT=36/80;ASSEMBLE+INSPECT=108/200,true
C4A0T2I4F0,4,0,2,4,0,"(4,4,4,0)",22,INSPECT,CUT=36/88;ASSEMBLE=48/88;INSPECT=60/88,false
C4A0T2I4F1,4,0,2,4,1,"(4,4,4,1)",22,ASSEMBLE+INSPECT,CUT=36/88;ASSEMBLE+INSPECT=108/198,true
C4A0T2I4F2,4,0,2,4,2,"(4,4,4,2)",20,ASSEMBLE+INSPECT,CUT=36/80;ASSEMBLE+INSPECT=108/200,true
C4A0T2I4F3,4,0,2,4,3,"(4,4,4,3)",20,ASSEMBLE+INSPECT,CUT=36/80;ASSEMBLE+INSPECT=108/220,true
C4A0T3I0F1,4,0,3,0,1,"(4,6,0,1)",70,ASSEMBLE+INSPECT,CUT=36/280;ASSEMBLE+INSPECT=108/490,true
C4A0T3I0F2,4,0,3,0,2,"(4,6,0,2)",40,ASSEMBLE+INSPECT,CUT=36/160;ASSEMBLE+INSPECT=108/320,true
C4A0T3I0F3,4,0,3,0,3,"(4,6,0,3)",30,ASSEMBLE+INSPECT,CUT=36/120;ASSEMBLE+INSPECT=108/270,true
C4A0T3I1F0,4,0,3,1,0,"(4,6,1,0)",67,INSPECT,CUT=36/268;ASSEMBLE=48/402;INSPECT=60/67,false
C4A0T3I1F1,4,0,3,1,1,"(4,6,1,1)",40,ASSEMBLE+INSPECT,CUT=36/160;ASSEMBLE+INSPECT=108/320,true
C4A0T3I1F2,4,0,3,1,2,"(4,6,1,2)",30,ASSEMBLE+INSPECT,CUT=36/120;ASSEMBLE+INSPECT=108/270,true
C4A0T3I1F3,4,0,3,1,3,"(4,6,1,3)",25,ASSEMBLE+INSPECT,CUT=36/100;ASSEMBLE+INSPECT=108/250,true
C4A0T3I2F0,4,0,3,2,0,"(4,6,2,0)",37,INSPECT,CUT=36/148;ASSEMBLE=48/222;INSPECT=60/74,false
C4A0T3I2F1,4,0,3,2,1,"(4,6,2,1)",30,ASSEMBLE+INSPECT,CUT=36/120;ASSEMBLE+INSPECT=108/270,true
C4A0T3I2F2,4,0,3,2,2,"(4,6,2,2)",25,ASSEMBLE+INSPECT,CUT=36/100;ASSEMBLE+INSPECT=108/250,true
C4A0T3I2F3,4,0,3,2,3,"(4,6,2,3)",22,ASSEMBLE+INSPECT,CUT=36/88;ASSEMBLE+INSPECT=108/242,true
C4A0T3I3F0,4,0,3,3,0,"(4,6,3,0)",27,INSPECT,CUT=36/108;ASSEMBLE=48/162;INSPECT=60/81,false
C4A0T3I3F1,4,0,3,3,1,"(4,6,3,1)",25,ASSEMBLE+INSPECT,CUT=36/100;ASSEMBLE+INSPECT=108/250,true
C4A0T3I3F2,4,0,3,3,2,"(4,6,3,2)",22,ASSEMBLE+INSPECT,CUT=36/88;ASSEMBLE+INSPECT=108/242,true
C4A0T3I3F3,4,0,3,3,3,"(4,6,3,3)",20,CUT|ASSEMBLE+INSPECT,CUT=36/80;ASSEMBLE+INSPECT=108/240,true
C4A0T3I4F0,4,0,3,4,0,"(4,6,4,0)",22,INSPECT,CUT=36/88;ASSEMBLE=48/132;INSPECT=60/88,false
C4A0T3I4F1,4,0,3,4,1,"(4,6,4,1)",22,ASSEMBLE+INSPECT,CUT=36/88;ASSEMBLE+INSPECT=108/242,true
C4A0T3I4F2,4,0,3,4,2,"(4,6,4,2)",20,CUT|ASSEMBLE+INSPECT,CUT=36/80;ASSEMBLE+INSPECT=108/240,true
C4A0T3I4F3,4,0,3,4,3,"(4,6,4,3)",20,CUT,CUT=36/80;ASSEMBLE+INSPECT=108/260,true
C4A1T0I0F1,4,1,0,0,1,"(4,1,0,1)",67,ASSEMBLE+INSPECT,CUT=36/268;ASSEMBLE+INSPECT=108/134,true
C4A1T0I0F2,4,1,0,0,2,"(4,1,0,2)",45,ASSEMBLE+INSPECT,CUT=36/180;ASSEMBLE+INSPECT=108/135,true
C4A1T0I0F3,4,1,0,0,3,"(4,1,0,3)",35,ASSEMBLE+INSPECT,CUT=36/140;ASSEMBLE+INSPECT=108/140,true
C4A1T0I1F0,4,1,0,1,0,"(4,1,1,0)",67,INSPECT,CUT=36/268;ASSEMBLE=48/67;INSPECT=60/67,false
C4A1T0I1F1,4,1,0,1,1,"(4,1,1,1)",44,ASSEMBLE+INSPECT,CUT=36/176;ASSEMBLE+INSPECT=108/132,true
C4A1T0I1F2,4,1,0,1,2,"(4,1,1,2)",35,ASSEMBLE+INSPECT,CUT=36/140;ASSEMBLE+INSPECT=108/140,true
C4A1T0I1F3,4,1,0,1,3,"(4,1,1,3)",30,ASSEMBLE+INSPECT,CUT=36/120;ASSEMBLE+INSPECT=108/150,true
C4A1T0I2F0,4,1,0,2,0,"(4,1,2,0)",56,ASSEMBLE,CUT=36/224;ASSEMBLE=48/56;INSPECT=60/112,false
C4A1T0I2F1,4,1,0,2,1,"(4,1,2,1)",38,ASSEMBLE+INSPECT,CUT=36/152;ASSEMBLE+INSPECT=108/152,true
C4A1T0I2F2,4,1,0,2,2,"(4,1,2,2)",30,ASSEMBLE+INSPECT,CUT=36/120;ASSEMBLE+INSPECT=108/150,true
C4A1T0I2F3,4,1,0,2,3,"(4,1,2,3)",28,ASSEMBLE+INSPECT,CUT=36/112;ASSEMBLE+INSPECT=108/168,true
C4A1T0I3F0,4,1,0,3,0,"(4,1,3,0)",56,ASSEMBLE,CUT=36/224;ASSEMBLE=48/56;INSPECT=60/168,false
C4A1T0I3F1,4,1,0,3,1,"(4,1,3,1)",36,ASSEMBLE+INSPECT,CUT=36/144;ASSEMBLE+INSPECT=108/180,true
C4A1T0I3F2,4,1,0,3,2,"(4,1,3,2)",29,ASSEMBLE+INSPECT,CUT=36/116;ASSEMBLE+INSPECT=108/174,true
C4A1T0I3F3,4,1,0,3,3,"(4,1,3,3)",25,ASSEMBLE+INSPECT,CUT=36/100;ASSEMBLE+INSPECT=108/175,true
C4A1T0I4F0,4,1,0,4,0,"(4,1,4,0)",56,ASSEMBLE,CUT=36/224;ASSEMBLE=48/56;INSPECT=60/224,false
C4A1T0I4F1,4,1,0,4,1,"(4,1,4,1)",32,ASSEMBLE+INSPECT,CUT=36/128;ASSEMBLE+INSPECT=108/192,false
C4A1T0I4F2,4,1,0,4,2,"(4,1,4,2)",29,ASSEMBLE+INSPECT,CUT=36/116;ASSEMBLE+INSPECT=108/203,true
C4A1T0I4F3,4,1,0,4,3,"(4,1,4,3)",25,ASSEMBLE+INSPECT,CUT=36/100;ASSEMBLE+INSPECT=108/200,true
C4A1T1I0F1,4,1,1,0,1,"(4,3,0,1)",67,ASSEMBLE+INSPECT,CUT=36/268;ASSEMBLE+INSPECT=108/268,true
C4A1T1I0F2,4,1,1,0,2,"(4,3,0,2)",40,ASSEMBLE+INSPECT,CUT=36/160;ASSEMBLE+INSPECT=108/200,true
C4A1T1I0F3,4,1,1,0,3,"(4,3,0,3)",30,ASSEMBLE+INSPECT,CUT=36/120;ASSEMBLE+INSPECT=108/180,true
C4A1T1I1F0,4,1,1,1,0,"(4,3,1,0)",67,INSPECT,CUT=36/268;ASSEMBLE=48/201;INSPECT=60/67,false
C4A1T1I1F1,4,1,1,1,1,"(4,3,1,1)",37,ASSEMBLE+INSPECT,CUT=36/148;ASSEMBLE+INSPECT=108/185,true
C4A1T1I1F2,4,1,1,1,2,"(4,3,1,2)",32,ASSEMBLE+INSPECT,CUT=36/128;ASSEMBLE+INSPECT=108/192,true
C4A1T1I1F3,4,1,1,1,3,"(4,3,1,3)",25,ASSEMBLE+INSPECT,CUT=36/100;ASSEMBLE+INSPECT=108/175,true
C4A1T1I2F0,4,1,1,2,0,"(4,3,2,0)",37,INSPECT,CUT=36/148;ASSEMBLE=48/111;INSPECT=60/74,false
C4A1T1I2F1,4,1,1,2,1,"(4,3,2,1)",31,ASSEMBLE+INSPECT,CUT=36/124;ASSEMBLE+INSPECT=108/186,true
C4A1T1I2F2,4,1,1,2,2,"(4,3,2,2)",26,ASSEMBLE+INSPECT,CUT=36/104;ASSEMBLE+INSPECT=108/182,true
C4A1T1I2F3,4,1,1,2,3,"(4,3,2,3)",22,ASSEMBLE+INSPECT,CUT=36/88;ASSEMBLE+INSPECT=108/176,true
C4A1T1I3F0,4,1,1,3,0,"(4,3,3,0)",27,INSPECT,CUT=36/108;ASSEMBLE=48/81;INSPECT=60/81,false
C4A1T1I3F1,4,1,1,3,1,"(4,3,3,1)",26,ASSEMBLE+INSPECT,CUT=36/104;ASSEMBLE+INSPECT=108/182,true
C4A1T1I3F2,4,1,1,3,2,"(4,3,3,2)",22,ASSEMBLE+INSPECT,CUT=36/88;ASSEMBLE+INSPECT=108/176,true
C4A1T1I3F3,4,1,1,3,3,"(4,3,3,3)",21,ASSEMBLE+INSPECT,CUT=36/84;ASSEMBLE+INSPECT=108/189,true
C4A1T1I4F0,4,1,1,4,0,"(4,3,4,0)",26,ASSEMBLE,CUT=36/104;ASSEMBLE=48/78;INSPECT=60/104,false
C4A1T1I4F1,4,1,1,4,1,"(4,3,4,1)",24,ASSEMBLE+INSPECT,CUT=36/96;ASSEMBLE+INSPECT=108/192,true
C4A1T1I4F2,4,1,1,4,2,"(4,3,4,2)",22,ASSEMBLE+INSPECT,CUT=36/88;ASSEMBLE+INSPECT=108/198,true
C4A1T1I4F3,4,1,1,4,3,"(4,3,4,3)",20,ASSEMBLE+INSPECT,CUT=36/80;ASSEMBLE+INSPECT=108/200,true
C4A1T2I0F1,4,1,2,0,1,"(4,5,0,1)",70,ASSEMBLE+INSPECT,CUT=36/280;ASSEMBLE+INSPECT=108/420,true
C4A1T2I0F2,4,1,2,0,2,"(4,5,0,2)",40,ASSEMBLE+INSPECT,CUT=36/160;ASSEMBLE+INSPECT=108/280,true
C4A1T2I0F3,4,1,2,0,3,"(4,5,0,3)",30,ASSEMBLE+INSPECT,CUT=36/120;ASSEMBLE+INSPECT=108/240,true
C4A1T2I1F0,4,1,2,1,0,"(4,5,1,0)",67,INSPECT,CUT=36/268;ASSEMBLE=48/335;INSPECT=60/67,false
C4A1T2I1F1,4,1,2,1,1,"(4,5,1,1)",40,ASSEMBLE+INSPECT,CUT=36/160;ASSEMBLE+INSPECT=108/280,true
C4A1T2I1F2,4,1,2,1,2,"(4,5,1,2)",30,ASSEMBLE+INSPECT,CUT=36/120;ASSEMBLE+INSPECT=108/240,true
C4A1T2I1F3,4,1,2,1,3,"(4,5,1,3)",25,ASSEMBLE+INSPECT,CUT=36/100;ASSEMBLE+INSPECT=108/225,true
C4A1T2I2F0,4,1,2,2,0,"(4,5,2,0)",37,INSPECT,CUT=36/148;ASSEMBLE=48/185;INSPECT=60/74,false
C4A1T2I2F1,4,1,2,2,1,"(4,5,2,1)",30,ASSEMBLE+INSPECT,CUT=36/120;ASSEMBLE+INSPECT=108/240,true
C4A1T2I2F2,4,1,2,2,2,"(4,5,2,2)",25,ASSEMBLE+INSPECT,CUT=36/100;ASSEMBLE+INSPECT=108/225,true
C4A1T2I2F3,4,1,2,2,3,"(4,5,2,3)",22,ASSEMBLE+INSPECT,CUT=36/88;ASSEMBLE+INSPECT=108/220,true
C4A1T2I3F0,4,1,2,3,0,"(4,5,3,0)",27,INSPECT,CUT=36/108;ASSEMBLE=48/135;INSPECT=60/81,false
C4A1T2I3F1,4,1,2,3,1,"(4,5,3,1)",25,ASSEMBLE+INSPECT,CUT=36/100;ASSEMBLE+INSPECT=108/225,true
C4A1T2I3F2,4,1,2,3,2,"(4,5,3,2)",22,ASSEMBLE+INSPECT,CUT=36/88;ASSEMBLE+INSPECT=108/220,true
C4A1T2I3F3,4,1,2,3,3,"(4,5,3,3)",20,ASSEMBLE+INSPECT,CUT=36/80;ASSEMBLE+INSPECT=108/220,true
C4A1T2I4F0,4,1,2,4,0,"(4,5,4,0)",22,INSPECT,CUT=36/88;ASSEMBLE=48/110;INSPECT=60/88,false
C4A1T2I4F1,4,1,2,4,1,"(4,5,4,1)",22,ASSEMBLE+INSPECT,CUT=36/88;ASSEMBLE+INSPECT=108/220,true
C4A1T2I4F2,4,1,2,4,2,"(4,5,4,2)",20,ASSEMBLE+INSPECT,CUT=36/80;ASSEMBLE+INSPECT=108/220,true
C4A1T2I4F3,4,1,2,4,3,"(4,5,4,3)",20,CUT|ASSEMBLE+INSPECT,CUT=36/80;ASSEMBLE+INSPECT=108/240,true
C4A1T3I0F1,4,1,3,0,1,"(4,7,0,1)",70,ASSEMBLE+INSPECT,CUT=36/280;ASSEMBLE+INSPECT=108/560,true
C4A1T3I0F2,4,1,3,0,2,"(4,7,0,2)",40,ASSEMBLE+INSPECT,CUT=36/160;ASSEMBLE+INSPECT=108/360,true
C4A1T3I0F3,4,1,3,0,3,"(4,7,0,3)",30,ASSEMBLE+INSPECT,CUT=36/120;ASSEMBLE+INSPECT=108/300,true
C4A1T3I1F0,4,1,3,1,0,"(4,7,1,0)",67,INSPECT,CUT=36/268;ASSEMBLE=48/469;INSPECT=60/67,false
C4A1T3I1F1,4,1,3,1,1,"(4,7,1,1)",40,ASSEMBLE+INSPECT,CUT=36/160;ASSEMBLE+INSPECT=108/360,true
C4A1T3I1F2,4,1,3,1,2,"(4,7,1,2)",30,ASSEMBLE+INSPECT,CUT=36/120;ASSEMBLE+INSPECT=108/300,true
C4A1T3I1F3,4,1,3,1,3,"(4,7,1,3)",25,ASSEMBLE+INSPECT,CUT=36/100;ASSEMBLE+INSPECT=108/275,true
C4A1T3I2F0,4,1,3,2,0,"(4,7,2,0)",37,INSPECT,CUT=36/148;ASSEMBLE=48/259;INSPECT=60/74,false
C4A1T3I2F1,4,1,3,2,1,"(4,7,2,1)",30,ASSEMBLE+INSPECT,CUT=36/120;ASSEMBLE+INSPECT=108/300,true
C4A1T3I2F2,4,1,3,2,2,"(4,7,2,2)",25,ASSEMBLE+INSPECT,CUT=36/100;ASSEMBLE+INSPECT=108/275,true
C4A1T3I2F3,4,1,3,2,3,"(4,7,2,3)",22,CUT|ASSEMBLE+INSPECT,CUT=36/88;ASSEMBLE+INSPECT=108/264,true
C4A1T3I3F0,4,1,3,3,0,"(4,7,3,0)",27,INSPECT,CUT=36/108;ASSEMBLE=48/189;INSPECT=60/81,false
C4A1T3I3F1,4,1,3,3,1,"(4,7,3,1)",25,ASSEMBLE+INSPECT,CUT=36/100;ASSEMBLE+INSPECT=108/275,true
C4A1T3I3F2,4,1,3,3,2,"(4,7,3,2)",22,CUT|ASSEMBLE+INSPECT,CUT=36/88;ASSEMBLE+INSPECT=108/264,true
C4A1T3I3F3,4,1,3,3,3,"(4,7,3,3)",20,CUT,CUT=36/80;ASSEMBLE+INSPECT=108/260,true
C4A1T3I4F0,4,1,3,4,0,"(4,7,4,0)",22,INSPECT,CUT=36/88;ASSEMBLE=48/154;INSPECT=60/88,false
C4A1T3I4F1,4,1,3,4,1,"(4,7,4,1)",22,CUT|ASSEMBLE+INSPECT,CUT=36/88;ASSEMBLE+INSPECT=108/264,true
C4A1T3I4F2,4,1,3,4,2,"(4,7,4,2)",20,CUT,CUT=36/80;ASSEMBLE+INSPECT=108/260,true
C4A1T3I4F3,4,1,3,4,3,"(4,7,4,3)",20,CUT,CUT=36/80;ASSEMBLE+INSPECT=108/280,true
C4A2T0I0F1,4,2,0,0,1,"(4,2,0,1)",67,ASSEMBLE+INSPECT,CUT=36/268;ASSEMBLE+INSPECT=108/201,true
C4A2T0I0F2,4,2,0,0,2,"(4,2,0,2)",41,ASSEMBLE+INSPECT,CUT=36/164;ASSEMBLE+INSPECT=108/164,true
C4A2T0I0F3,4,2,0,0,3,"(4,2,0,3)",32,ASSEMBLE+INSPECT,CUT=36/128;ASSEMBLE+INSPECT=108/160,true
C4A2T0I1F0,4,2,0,1,0,"(4,2,1,0)",67,INSPECT,CUT=36/268;ASSEMBLE=48/134;INSPECT=60/67,false
C4A2T0I1F1,4,2,0,1,1,"(4,2,1,1)",41,ASSEMBLE+INSPECT,CUT=36/164;ASSEMBLE+INSPECT=108/164,true
C4A2T0I1F2,4,2,0,1,2,"(4,2,1,2)",31,ASSEMBLE+INSPECT,CUT=36/124;ASSEMBLE+INSPECT=108/155,true
C4A2T0I1F3,4,2,0,1,3,"(4,2,1,3)",27,ASSEMBLE+INSPECT,CUT=36/108;ASSEMBLE+INSPECT=108/162,true
C4A2T0I2F0,4,2,0,2,0,"(4,2,2,0)",37,INSPECT,CUT=36/148;ASSEMBLE=48/74;INSPECT=60/74,false
C4A2T0I2F1,4,2,0,2,1,"(4,2,2,1)",31,ASSEMBLE+INSPECT,CUT=36/124;ASSEMBLE+INSPECT=108/155,true
C4A2T0I2F2,4,2,0,2,2,"(4,2,2,2)",26,ASSEMBLE+INSPECT,CUT=36/104;ASSEMBLE+INSPECT=108/156,true
C4A2T0I2F3,4,2,0,2,3,"(4,2,2,3)",24,ASSEMBLE+INSPECT,CUT=36/96;ASSEMBLE+INSPECT=108/168,true
C4A2T0I3F0,4,2,0,3,0,"(4,2,3,0)",33,ASSEMBLE,CUT=36/132;ASSEMBLE=48/66;INSPECT=60/99,false
C4A2T0I3F1,4,2,0,3,1,"(4,2,3,1)",28,ASSEMBLE+INSPECT,CUT=36/112;ASSEMBLE+INSPECT=108/168,true
C4A2T0I3F2,4,2,0,3,2,"(4,2,3,2)",24,ASSEMBLE+INSPECT,CUT=36/96;ASSEMBLE+INSPECT=108/168,true
C4A2T0I3F3,4,2,0,3,3,"(4,2,3,3)",24,ASSEMBLE+INSPECT,CUT=36/96;ASSEMBLE+INSPECT=108/192,true
C4A2T0I4F0,4,2,0,4,0,"(4,2,4,0)",32,ASSEMBLE,CUT=36/128;ASSEMBLE=48/64;INSPECT=60/128,false
C4A2T0I4F1,4,2,0,4,1,"(4,2,4,1)",28,ASSEMBLE+INSPECT,CUT=36/112;ASSEMBLE+INSPECT=108/196,true
C4A2T0I4F2,4,2,0,4,2,"(4,2,4,2)",24,ASSEMBLE+INSPECT,CUT=36/96;ASSEMBLE+INSPECT=108/192,true
C4A2T0I4F3,4,2,0,4,3,"(4,2,4,3)",22,ASSEMBLE+INSPECT,CUT=36/88;ASSEMBLE+INSPECT=108/198,true
C4A2T1I0F1,4,2,1,0,1,"(4,4,0,1)",70,ASSEMBLE+INSPECT,CUT=36/280;ASSEMBLE+INSPECT=108/350,true
C4A2T1I0F2,4,2,1,0,2,"(4,4,0,2)",40,ASSEMBLE+INSPECT,CUT=36/160;ASSEMBLE+INSPECT=108/240,true
C4A2T1I0F3,4,2,1,0,3,"(4,4,0,3)",30,ASSEMBLE+INSPECT,CUT=36/120;ASSEMBLE+INSPECT=108/210,true
C4A2T1I1F0,4,2,1,1,0,"(4,4,1,0)",67,INSPECT,CUT=36/268;ASSEMBLE=48/268;INSPECT=60/67,false
C4A2T1I1F1,4,2,1,1,1,"(4,4,1,1)",40,ASSEMBLE+INSPECT,CUT=36/160;ASSEMBLE+INSPECT=108/240,true
C4A2T1I1F2,4,2,1,1,2,"(4,4,1,2)",30,ASSEMBLE+INSPECT,CUT=36/120;ASSEMBLE+INSPECT=108/210,true
C4A2T1I1F3,4,2,1,1,3,"(4,4,1,3)",25,ASSEMBLE+INSPECT,CUT=36/100;ASSEMBLE+INSPECT=108/200,true
C4A2T1I2F0,4,2,1,2,0,"(4,4,2,0)",37,INSPECT,CUT=36/148;ASSEMBLE=48/148;INSPECT=60/74,false
C4A2T1I2F1,4,2,1,2,1,"(4,4,2,1)",30,ASSEMBLE+INSPECT,CUT=36/120;ASSEMBLE+INSPECT=108/210,true
C4A2T1I2F2,4,2,1,2,2,"(4,4,2,2)",25,ASSEMBLE+INSPECT,CUT=36/100;ASSEMBLE+INSPECT=108/200,true
C4A2T1I2F3,4,2,1,2,3,"(4,4,2,3)",22,ASSEMBLE+INSPECT,CUT=36/88;ASSEMBLE+INSPECT=108/198,true
C4A2T1I3F0,4,2,1,3,0,"(4,4,3,0)",27,INSPECT,CUT=36/108;ASSEMBLE=48/108;INSPECT=60/81,false
C4A2T1I3F1,4,2,1,3,1,"(4,4,3,1)",25,ASSEMBLE+INSPECT,CUT=36/100;ASSEMBLE+INSPECT=108/200,true
C4A2T1I3F2,4,2,1,3,2,"(4,4,3,2)",22,ASSEMBLE+INSPECT,CUT=36/88;ASSEMBLE+INSPECT=108/198,true
C4A2T1I3F3,4,2,1,3,3,"(4,4,3,3)",20,ASSEMBLE+INSPECT,CUT=36/80;ASSEMBLE+INSPECT=108/200,true
C4A2T1I4F0,4,2,1,4,0,"(4,4,4,0)",22,INSPECT,CUT=36/88;ASSEMBLE=48/88;INSPECT=60/88,false
C4A2T1I4F1,4,2,1,4,1,"(4,4,4,1)",22,ASSEMBLE+INSPECT,CUT=36/88;ASSEMBLE+INSPECT=108/198,true
C4A2T1I4F2,4,2,1,4,2,"(4,4,4,2)",20,ASSEMBLE+INSPECT,CUT=36/80;ASSEMBLE+INSPECT=108/200,true
C4A2T1I4F3,4,2,1,4,3,"(4,4,4,3)",20,ASSEMBLE+INSPECT,CUT=36/80;ASSEMBLE+INSPECT=108/220,true
C4A2T2I0F1,4,2,2,0,1,"(4,6,0,1)",70,ASSEMBLE+INSPECT,CUT=36/280;ASSEMBLE+INSPECT=108/490,true
C4A2T2I0F2,4,2,2,0,2,"(4,6,0,2)",40,ASSEMBLE+INSPECT,CUT=36/160;ASSEMBLE+INSPECT=108/320,true
C4A2T2I0F3,4,2,2,0,3,"(4,6,0,3)",30,ASSEMBLE+INSPECT,CUT=36/120;ASSEMBLE+INSPECT=108/270,true
C4A2T2I1F0,4,2,2,1,0,"(4,6,1,0)",67,INSPECT,CUT=36/268;ASSEMBLE=48/402;INSPECT=60/67,false
C4A2T2I1F1,4,2,2,1,1,"(4,6,1,1)",40,ASSEMBLE+INSPECT,CUT=36/160;ASSEMBLE+INSPECT=108/320,true
C4A2T2I1F2,4,2,2,1,2,"(4,6,1,2)",30,ASSEMBLE+INSPECT,CUT=36/120;ASSEMBLE+INSPECT=108/270,true
C4A2T2I1F3,4,2,2,1,3,"(4,6,1,3)",25,ASSEMBLE+INSPECT,CUT=36/100;ASSEMBLE+INSPECT=108/250,true
C4A2T2I2F0,4,2,2,2,0,"(4,6,2,0)",37,INSPECT,CUT=36/148;ASSEMBLE=48/222;INSPECT=60/74,false
C4A2T2I2F1,4,2,2,2,1,"(4,6,2,1)",30,ASSEMBLE+INSPECT,CUT=36/120;ASSEMBLE+INSPECT=108/270,true
C4A2T2I2F2,4,2,2,2,2,"(4,6,2,2)",25,ASSEMBLE+INSPECT,CUT=36/100;ASSEMBLE+INSPECT=108/250,true
C4A2T2I2F3,4,2,2,2,3,"(4,6,2,3)",22,ASSEMBLE+INSPECT,CUT=36/88;ASSEMBLE+INSPECT=108/242,true
C4A2T2I3F0,4,2,2,3,0,"(4,6,3,0)",27,INSPECT,CUT=36/108;ASSEMBLE=48/162;INSPECT=60/81,false
C4A2T2I3F1,4,2,2,3,1,"(4,6,3,1)",25,ASSEMBLE+INSPECT,CUT=36/100;ASSEMBLE+INSPECT=108/250,true
C4A2T2I3F2,4,2,2,3,2,"(4,6,3,2)",22,ASSEMBLE+INSPECT,CUT=36/88;ASSEMBLE+INSPECT=108/242,true
C4A2T2I3F3,4,2,2,3,3,"(4,6,3,3)",20,CUT|ASSEMBLE+INSPECT,CUT=36/80;ASSEMBLE+INSPECT=108/240,true
C4A2T2I4F0,4,2,2,4,0,"(4,6,4,0)",22,INSPECT,CUT=36/88;ASSEMBLE=48/132;INSPECT=60/88,false
C4A2T2I4F1,4,2,2,4,1,"(4,6,4,1)",22,ASSEMBLE+INSPECT,CUT=36/88;ASSEMBLE+INSPECT=108/242,true
C4A2T2I4F2,4,2,2,4,2,"(4,6,4,2)",20,CUT|ASSEMBLE+INSPECT,CUT=36/80;ASSEMBLE+INSPECT=108/240,true
C4A2T2I4F3,4,2,2,4,3,"(4,6,4,3)",20,CUT,CUT=36/80;ASSEMBLE+INSPECT=108/260,true
C4A2T3I0F1,4,2,3,0,1,"(4,8,0,1)",67,ASSEMBLE+INSPECT,CUT=36/268;ASSEMBLE+INSPECT=108/603,false
C4A2T3I0F2,4,2,3,0,2,"(4,8,0,2)",37,ASSEMBLE+INSPECT,CUT=36/148;ASSEMBLE+INSPECT=108/370,false
C4A2T3I0F3,4,2,3,0,3,"(4,8,0,3)",27,ASSEMBLE+INSPECT,CUT=36/108;ASSEMBLE+INSPECT=108/297,false
C4A2T3I1F0,4,2,3,1,0,"(4,8,1,0)",67,INSPECT,CUT=36/268;ASSEMBLE=48/536;INSPECT=60/67,false
C4A2T3I1F1,4,2,3,1,1,"(4,8,1,1)",37,ASSEMBLE+INSPECT,CUT=36/148;ASSEMBLE+INSPECT=108/370,false
C4A2T3I1F2,4,2,3,1,2,"(4,8,1,2)",27,ASSEMBLE+INSPECT,CUT=36/108;ASSEMBLE+INSPECT=108/297,false
C4A2T3I1F3,4,2,3,1,3,"(4,8,1,3)",22,CUT|ASSEMBLE+INSPECT,CUT=36/88;ASSEMBLE+INSPECT=108/264,false
C4A2T3I2F0,4,2,3,2,0,"(4,8,2,0)",37,INSPECT,CUT=36/148;ASSEMBLE=48/296;INSPECT=60/74,false
C4A2T3I2F1,4,2,3,2,1,"(4,8,2,1)",27,ASSEMBLE+INSPECT,CUT=36/108;ASSEMBLE+INSPECT=108/297,false
C4A2T3I2F2,4,2,3,2,2,"(4,8,2,2)",22,CUT|ASSEMBLE+INSPECT,CUT=36/88;ASSEMBLE+INSPECT=108/264,false
C4A2T3I2F3,4,2,3,2,3,"(4,8,2,3)",22,CUT,CUT=36/88;ASSEMBLE+INSPECT=108/286,false
C4A2T3I3F0,4,2,3,3,0,"(4,8,3,0)",27,INSPECT,CUT=36/108;ASSEMBLE=48/216;INSPECT=60/81,false
C4A2T3I3F1,4,2,3,3,1,"(4,8,3,1)",22,CUT|ASSEMBLE+INSPECT,CUT=36/88;ASSEMBLE+INSPECT=108/264,false
C4A2T3I3F2,4,2,3,3,2,"(4,8,3,2)",22,CUT,CUT=36/88;ASSEMBLE+INSPECT=108/286,false
C4A2T3I3F3,4,2,3,3,3,"(4,8,3,3)",20,CUT,CUT=36/80;ASSEMBLE+INSPECT=108/280,false
C4A2T3I4F0,4,2,3,4,0,"(4,8,4,0)",22,INSPECT,CUT=36/88;ASSEMBLE=48/176;INSPECT=60/88,false
C4A2T3I4F1,4,2,3,4,1,"(4,8,4,1)",22,CUT,CUT=36/88;ASSEMBLE+INSPECT=108/286,false
C4A2T3I4F2,4,2,3,4,2,"(4,8,4,2)",20,CUT,CUT=36/80;ASSEMBLE+INSPECT=108/280,false
C4A2T3I4F3,4,2,3,4,3,"(4,8,4,3)",20,CUT,CUT=36/80;ASSEMBLE+INSPECT=108/300,false
C4A3T0I0F1,4,3,0,0,1,"(4,3,0,1)",67,ASSEMBLE+INSPECT,CUT=36/268;ASSEMBLE+INSPECT=108/268,true
C4A3T0I0F2,4,3,0,0,2,"(4,3,0,2)",40,ASSEMBLE+INSPECT,CUT=36/160;ASSEMBLE+INSPECT=108/200,true
C4A3T0I0F3,4,3,0,0,3,"(4,3,0,3)",30,ASSEMBLE+INSPECT,CUT=36/120;ASSEMBLE+INSPECT=108/180,true
C4A3T0I1F0,4,3,0,1,0,"(4,3,1,0)",67,INSPECT,CUT=36/268;ASSEMBLE=48/201;INSPECT=60/67,false
C4A3T0I1F1,4,3,0,1,1,"(4,3,1,1)",37,ASSEMBLE+INSPECT,CUT=36/148;ASSEMBLE+INSPECT=108/185,true
C4A3T0I1F2,4,3,0,1,2,"(4,3,1,2)",32,ASSEMBLE+INSPECT,CUT=36/128;ASSEMBLE+INSPECT=108/192,true
C4A3T0I1F3,4,3,0,1,3,"(4,3,1,3)",25,ASSEMBLE+INSPECT,CUT=36/100;ASSEMBLE+INSPECT=108/175,true
C4A3T0I2F0,4,3,0,2,0,"(4,3,2,0)",37,INSPECT,CUT=36/148;ASSEMBLE=48/111;INSPECT=60/74,false
C4A3T0I2F1,4,3,0,2,1,"(4,3,2,1)",31,ASSEMBLE+INSPECT,CUT=36/124;ASSEMBLE+INSPECT=108/186,true
C4A3T0I2F2,4,3,0,2,2,"(4,3,2,2)",26,ASSEMBLE+INSPECT,CUT=36/104;ASSEMBLE+INSPECT=108/182,true
C4A3T0I2F3,4,3,0,2,3,"(4,3,2,3)",22,ASSEMBLE+INSPECT,CUT=36/88;ASSEMBLE+INSPECT=108/176,true
C4A3T0I3F0,4,3,0,3,0,"(4,3,3,0)",27,INSPECT,CUT=36/108;ASSEMBLE=48/81;INSPECT=60/81,false
C4A3T0I3F1,4,3,0,3,1,"(4,3,3,1)",26,ASSEMBLE+INSPECT,CUT=36/104;ASSEMBLE+INSPECT=108/182,true
C4A3T0I3F2,4,3,0,3,2,"(4,3,3,2)",22,ASSEMBLE+INSPECT,CUT=36/88;ASSEMBLE+INSPECT=108/176,true
C4A3T0I3F3,4,3,0,3,3,"(4,3,3,3)",21,ASSEMBLE+INSPECT,CUT=36/84;ASSEMBLE+INSPECT=108/189,true
C4A3T0I4F0,4,3,0,4,0,"(4,3,4,0)",26,ASSEMBLE,CUT=36/104;ASSEMBLE=48/78;INSPECT=60/104,false
C4A3T0I4F1,4,3,0,4,1,"(4,3,4,1)",24,ASSEMBLE+INSPECT,CUT=36/96;ASSEMBLE+INSPECT=108/192,true
C4A3T0I4F2,4,3,0,4,2,"(4,3,4,2)",22,ASSEMBLE+INSPECT,CUT=36/88;ASSEMBLE+INSPECT=108/198,true
C4A3T0I4F3,4,3,0,4,3,"(4,3,4,3)",20,ASSEMBLE+INSPECT,CUT=36/80;ASSEMBLE+INSPECT=108/200,true
C4A3T1I0F1,4,3,1,0,1,"(4,5,0,1)",70,ASSEMBLE+INSPECT,CUT=36/280;ASSEMBLE+INSPECT=108/420,true
C4A3T1I0F2,4,3,1,0,2,"(4,5,0,2)",40,ASSEMBLE+INSPECT,CUT=36/160;ASSEMBLE+INSPECT=108/280,true
C4A3T1I0F3,4,3,1,0,3,"(4,5,0,3)",30,ASSEMBLE+INSPECT,CUT=36/120;ASSEMBLE+INSPECT=108/240,true
C4A3T1I1F0,4,3,1,1,0,"(4,5,1,0)",67,INSPECT,CUT=36/268;ASSEMBLE=48/335;INSPECT=60/67,false
C4A3T1I1F1,4,3,1,1,1,"(4,5,1,1)",40,ASSEMBLE+INSPECT,CUT=36/160;ASSEMBLE+INSPECT=108/280,true
C4A3T1I1F2,4,3,1,1,2,"(4,5,1,2)",30,ASSEMBLE+INSPECT,CUT=36/120;ASSEMBLE+INSPECT=108/240,true
C4A3T1I1F3,4,3,1,1,3,"(4,5,1,3)",25,ASSEMBLE+INSPECT,CUT=36/100;ASSEMBLE+INSPECT=108/225,true
C4A3T1I2F0,4,3,1,2,0,"(4,5,2,0)",37,INSPECT,CUT=36/148;ASSEMBLE=48/185;INSPECT=60/74,false
C4A3T1I2F1,4,3,1,2,1,"(4,5,2,1)",30,ASSEMBLE+INSPECT,CUT=36/120;ASSEMBLE+INSPECT=108/240,true
C4A3T1I2F2,4,3,1,2,2,"(4,5,2,2)",25,ASSEMBLE+INSPECT,CUT=36/100;ASSEMBLE+INSPECT=108/225,true
C4A3T1I2F3,4,3,1,2,3,"(4,5,2,3)",22,ASSEMBLE+INSPECT,CUT=36/88;ASSEMBLE+INSPECT=108/220,true
C4A3T1I3F0,4,3,1,3,0,"(4,5,3,0)",27,INSPECT,CUT=36/108;ASSEMBLE=48/135;INSPECT=60/81,false
C4A3T1I3F1,4,3,1,3,1,"(4,5,3,1)",25,ASSEMBLE+INSPECT,CUT=36/100;ASSEMBLE+INSPECT=108/225,true
C4A3T1I3F2,4,3,1,3,2,"(4,5,3,2)",22,ASSEMBLE+INSPECT,CUT=36/88;ASSEMBLE+INSPECT=108/220,true
C4A3T1I3F3,4,3,1,3,3,"(4,5,3,3)",20,ASSEMBLE+INSPECT,CUT=36/80;ASSEMBLE+INSPECT=108/220,true
C4A3T1I4F0,4,3,1,4,0,"(4,5,4,0)",22,INSPECT,CUT=36/88;ASSEMBLE=48/110;INSPECT=60/88,false
C4A3T1I4F1,4,3,1,4,1,"(4,5,4,1)",22,ASSEMBLE+INSPECT,CUT=36/88;ASSEMBLE+INSPECT=108/220,true
C4A3T1I4F2,4,3,1,4,2,"(4,5,4,2)",20,ASSEMBLE+INSPECT,CUT=36/80;ASSEMBLE+INSPECT=108/220,true
C4A3T1I4F3,4,3,1,4,3,"(4,5,4,3)",20,CUT|ASSEMBLE+INSPECT,CUT=36/80;ASSEMBLE+INSPECT=108/240,true
C4A3T2I0F1,4,3,2,0,1,"(4,7,0,1)",70,ASSEMBLE+INSPECT,CUT=36/280;ASSEMBLE+INSPECT=108/560,true
C4A3T2I0F2,4,3,2,0,2,"(4,7,0,2)",40,ASSEMBLE+INSPECT,CUT=36/160;ASSEMBLE+INSPECT=108/360,true
C4A3T2I0F3,4,3,2,0,3,"(4,7,0,3)",30,ASSEMBLE+INSPECT,CUT=36/120;ASSEMBLE+INSPECT=108/300,true
C4A3T2I1F0,4,3,2,1,0,"(4,7,1,0)",67,INSPECT,CUT=36/268;ASSEMBLE=48/469;INSPECT=60/67,false
C4A3T2I1F1,4,3,2,1,1,"(4,7,1,1)",40,ASSEMBLE+INSPECT,CUT=36/160;ASSEMBLE+INSPECT=108/360,true
C4A3T2I1F2,4,3,2,1,2,"(4,7,1,2)",30,ASSEMBLE+INSPECT,CUT=36/120;ASSEMBLE+INSPECT=108/300,true
C4A3T2I1F3,4,3,2,1,3,"(4,7,1,3)",25,ASSEMBLE+INSPECT,CUT=36/100;ASSEMBLE+INSPECT=108/275,true
C4A3T2I2F0,4,3,2,2,0,"(4,7,2,0)",37,INSPECT,CUT=36/148;ASSEMBLE=48/259;INSPECT=60/74,false
C4A3T2I2F1,4,3,2,2,1,"(4,7,2,1)",30,ASSEMBLE+INSPECT,CUT=36/120;ASSEMBLE+INSPECT=108/300,true
C4A3T2I2F2,4,3,2,2,2,"(4,7,2,2)",25,ASSEMBLE+INSPECT,CUT=36/100;ASSEMBLE+INSPECT=108/275,true
C4A3T2I2F3,4,3,2,2,3,"(4,7,2,3)",22,CUT|ASSEMBLE+INSPECT,CUT=36/88;ASSEMBLE+INSPECT=108/264,true
C4A3T2I3F0,4,3,2,3,0,"(4,7,3,0)",27,INSPECT,CUT=36/108;ASSEMBLE=48/189;INSPECT=60/81,false
C4A3T2I3F1,4,3,2,3,1,"(4,7,3,1)",25,ASSEMBLE+INSPECT,CUT=36/100;ASSEMBLE+INSPECT=108/275,true
C4A3T2I3F2,4,3,2,3,2,"(4,7,3,2)",22,CUT|ASSEMBLE+INSPECT,CUT=36/88;ASSEMBLE+INSPECT=108/264,true
C4A3T2I3F3,4,3,2,3,3,"(4,7,3,3)",20,CUT,CUT=36/80;ASSEMBLE+INSPECT=108/260,true
C4A3T2I4F0,4,3,2,4,0,"(4,7,4,0)",22,INSPECT,CUT=36/88;ASSEMBLE=48/154;INSPECT=60/88,false
C4A3T2I4F1,4,3,2,4,1,"(4,7,4,1)",22,CUT|ASSEMBLE+INSPECT,CUT=36/88;ASSEMBLE+INSPECT=108/264,true
C4A3T2I4F2,4,3,2,4,2,"(4,7,4,2)",20,CUT,CUT=36/80;ASSEMBLE+INSPECT=108/260,true
C4A3T2I4F3,4,3,2,4,3,"(4,7,4,3)",20,CUT,CUT=36/80;ASSEMBLE+INSPECT=108/280,true
C4A3T3I0F1,4,3,3,0,1,"(4,9,0,1)",67,ASSEMBLE+INSPECT,CUT=36/268;ASSEMBLE+INSPECT=108/670,false
C4A3T3I0F2,4,3,3,0,2,"(4,9,0,2)",37,ASSEMBLE+INSPECT,CUT=36/148;ASSEMBLE+INSPECT=108/407,false
C4A3T3I0F3,4,3,3,0,3,"(4,9,0,3)",27,CUT|ASSEMBLE+INSPECT,CUT=36/108;ASSEMBLE+INSPECT=108/324,false
C4A3T3I1F0,4,3,3,1,0,"(4,9,1,0)",67,INSPECT,CUT=36/268;ASSEMBLE=48/603;INSPECT=60/67,false
C4A3T3I1F1,4,3,3,1,1,"(4,9,1,1)",37,ASSEMBLE+INSPECT,CUT=36/148;ASSEMBLE+INSPECT=108/407,false
C4A3T3I1F2,4,3,3,1,2,"(4,9,1,2)",27,CUT|ASSEMBLE+INSPECT,CUT=36/108;ASSEMBLE+INSPECT=108/324,false
C4A3T3I1F3,4,3,3,1,3,"(4,9,1,3)",22,CUT,CUT=36/88;ASSEMBLE+INSPECT=108/286,false
C4A3T3I2F0,4,3,3,2,0,"(4,9,2,0)",37,INSPECT,CUT=36/148;ASSEMBLE=48/333;INSPECT=60/74,false
C4A3T3I2F1,4,3,3,2,1,"(4,9,2,1)",27,CUT|ASSEMBLE+INSPECT,CUT=36/108;ASSEMBLE+INSPECT=108/324,false
C4A3T3I2F2,4,3,3,2,2,"(4,9,2,2)",22,CUT,CUT=36/88;ASSEMBLE+INSPECT=108/286,false
C4A3T3I2F3,4,3,3,2,3,"(4,9,2,3)",22,CUT,CUT=36/88;ASSEMBLE+INSPECT=108/308,false
C4A3T3I3F0,4,3,3,3,0,"(4,9,3,0)",27,INSPECT,CUT=36/108;ASSEMBLE=48/243;INSPECT=60/81,false
C4A3T3I3F1,4,3,3,3,1,"(4,9,3,1)",22,CUT,CUT=36/88;ASSEMBLE+INSPECT=108/286,false
C4A3T3I3F2,4,3,3,3,2,"(4,9,3,2)",22,CUT,CUT=36/88;ASSEMBLE+INSPECT=108/308,false
C4A3T3I3F3,4,3,3,3,3,"(4,9,3,3)",20,CUT,CUT=36/80;ASSEMBLE+INSPECT=108/300,false
C4A3T3I4F0,4,3,3,4,0,"(4,9,4,0)",22,INSPECT,CUT=36/88;ASSEMBLE=48/198;INSPECT=60/88,false
C4A3T3I4F1,4,3,3,4,1,"(4,9,4,1)",22,CUT,CUT=36/88;ASSEMBLE+INSPECT=108/308,false
C4A3T3I4F2,4,3,3,4,2,"(4,9,4,2)",20,CUT,CUT=36/80;ASSEMBLE+INSPECT=108/300,false
C4A3T3I4F3,4,3,3,4,3,"(4,9,4,3)",20,CUT,CUT=36/80;ASSEMBLE+INSPECT=108/320,false
C4A4T0I0F1,4,4,0,0,1,"(4,4,0,1)",70,ASSEMBLE+INSPECT,CUT=36/280;ASSEMBLE+INSPECT=108/350,true
C4A4T0I0F2,4,4,0,0,2,"(4,4,0,2)",40,ASSEMBLE+INSPECT,CUT=36/160;ASSEMBLE+INSPECT=108/240,true
C4A4T0I0F3,4,4,0,0,3,"(4,4,0,3)",30,ASSEMBLE+INSPECT,CUT=36/120;ASSEMBLE+INSPECT=108/210,true
C4A4T0I1F0,4,4,0,1,0,"(4,4,1,0)",67,INSPECT,CUT=36/268;ASSEMBLE=48/268;INSPECT=60/67,false
C4A4T0I1F1,4,4,0,1,1,"(4,4,1,1)",40,ASSEMBLE+INSPECT,CUT=36/160;ASSEMBLE+INSPECT=108/240,true
C4A4T0I1F2,4,4,0,1,2,"(4,4,1,2)",30,ASSEMBLE+INSPECT,CUT=36/120;ASSEMBLE+INSPECT=108/210,true
C4A4T0I1F3,4,4,0,1,3,"(4,4,1,3)",25,ASSEMBLE+INSPECT,CUT=36/100;ASSEMBLE+INSPECT=108/200,true
C4A4T0I2F0,4,4,0,2,0,"(4,4,2,0)",37,INSPECT,CUT=36/148;ASSEMBLE=48/148;INSPECT=60/74,false
C4A4T0I2F1,4,4,0,2,1,"(4,4,2,1)",30,ASSEMBLE+INSPECT,CUT=36/120;ASSEMBLE+INSPECT=108/210,true
C4A4T0I2F2,4,4,0,2,2,"(4,4,2,2)",25,ASSEMBLE+INSPECT,CUT=36/100;ASSEMBLE+INSPECT=108/200,true
C4A4T0I2F3,4,4,0,2,3,"(4,4,2,3)",22,ASSEMBLE+INSPECT,CUT=36/88;ASSEMBLE+INSPECT=108/198,true
C4A4T0I3F0,4,4,0,3,0,"(4,4,3,0)",27,INSPECT,CUT=36/108;ASSEMBLE=48/108;INSPECT=60/81,false
C4A4T0I3F1,4,4,0,3,1,"(4,4,3,1)",25,ASSEMBLE+INSPECT,CUT=36/100;ASSEMBLE+INSPECT=108/200,true
C4A4T0I3F2,4,4,0,3,2,"(4,4,3,2)",22,ASSEMBLE+INSPECT,CUT=36/88;ASSEMBLE+INSPECT=108/198,true
C4A4T0I3F3,4,4,0,3,3,"(4,4,3,3)",20,ASSEMBLE+INSPECT,CUT=36/80;ASSEMBLE+INSPECT=108/200,true
C4A4T0I4F0,4,4,0,4,0,"(4,4,4,0)",22,INSPECT,CUT=36/88;ASSEMBLE=48/88;INSPECT=60/88,false
C4A4T0I4F1,4,4,0,4,1,"(4,4,4,1)",22,ASSEMBLE+INSPECT,CUT=36/88;ASSEMBLE+INSPECT=108/198,true
C4A4T0I4F2,4,4,0,4,2,"(4,4,4,2)",20,ASSEMBLE+INSPECT,CUT=36/80;ASSEMBLE+INSPECT=108/200,true
C4A4T0I4F3,4,4,0,4,3,"(4,4,4,3)",20,ASSEMBLE+INSPECT,CUT=36/80;ASSEMBLE+INSPECT=108/220,true
C4A4T1I0F1,4,4,1,0,1,"(4,6,0,1)",70,ASSEMBLE+INSPECT,CUT=36/280;ASSEMBLE+INSPECT=108/490,true
C4A4T1I0F2,4,4,1,0,2,"(4,6,0,2)",40,ASSEMBLE+INSPECT,CUT=36/160;ASSEMBLE+INSPECT=108/320,true
C4A4T1I0F3,4,4,1,0,3,"(4,6,0,3)",30,ASSEMBLE+INSPECT,CUT=36/120;ASSEMBLE+INSPECT=108/270,true
C4A4T1I1F0,4,4,1,1,0,"(4,6,1,0)",67,INSPECT,CUT=36/268;ASSEMBLE=48/402;INSPECT=60/67,false
C4A4T1I1F1,4,4,1,1,1,"(4,6,1,1)",40,ASSEMBLE+INSPECT,CUT=36/160;ASSEMBLE+INSPECT=108/320,true
C4A4T1I1F2,4,4,1,1,2,"(4,6,1,2)",30,ASSEMBLE+INSPECT,CUT=36/120;ASSEMBLE+INSPECT=108/270,true
C4A4T1I1F3,4,4,1,1,3,"(4,6,1,3)",25,ASSEMBLE+INSPECT,CUT=36/100;ASSEMBLE+INSPECT=108/250,true
C4A4T1I2F0,4,4,1,2,0,"(4,6,2,0)",37,INSPECT,CUT=36/148;ASSEMBLE=48/222;INSPECT=60/74,false
C4A4T1I2F1,4,4,1,2,1,"(4,6,2,1)",30,ASSEMBLE+INSPECT,CUT=36/120;ASSEMBLE+INSPECT=108/270,true
C4A4T1I2F2,4,4,1,2,2,"(4,6,2,2)",25,ASSEMBLE+INSPECT,CUT=36/100;ASSEMBLE+INSPECT=108/250,true
C4A4T1I2F3,4,4,1,2,3,"(4,6,2,3)",22,ASSEMBLE+INSPECT,CUT=36/88;ASSEMBLE+INSPECT=108/242,true
C4A4T1I3F0,4,4,1,3,0,"(4,6,3,0)",27,INSPECT,CUT=36/108;ASSEMBLE=48/162;INSPECT=60/81,false
C4A4T1I3F1,4,4,1,3,1,"(4,6,3,1)",25,ASSEMBLE+INSPECT,CUT=36/100;ASSEMBLE+INSPECT=108/250,true
C4A4T1I3F2,4,4,1,3,2,"(4,6,3,2)",22,ASSEMBLE+INSPECT,CUT=36/88;ASSEMBLE+INSPECT=108/242,true
C4A4T1I3F3,4,4,1,3,3,"(4,6,3,3)",20,CUT|ASSEMBLE+INSPECT,CUT=36/80;ASSEMBLE+INSPECT=108/240,true
C4A4T1I4F0,4,4,1,4,0,"(4,6,4,0)",22,INSPECT,CUT=36/88;ASSEMBLE=48/132;INSPECT=60/88,false
C4A4T1I4F1,4,4,1,4,1,"(4,6,4,1)",22,ASSEMBLE+INSPECT,CUT=36/88;ASSEMBLE+INSPECT=108/242,true
C4A4T1I4F2,4,4,1,4,2,"(4,6,4,2)",20,CUT|ASSEMBLE+INSPECT,CUT=36/80;ASSEMBLE+INSPECT=108/240,true
C4A4T1I4F3,4,4,1,4,3,"(4,6,4,3)",20,CUT,CUT=36/80;ASSEMBLE+INSPECT=108/260,true
C4A4T2I0F1,4,4,2,0,1,"(4,8,0,1)",67,ASSEMBLE+INSPECT,CUT=36/268;ASSEMBLE+INSPECT=108/603,false
C4A4T2I0F2,4,4,2,0,2,"(4,8,0,2)",37,ASSEMBLE+INSPECT,CUT=36/148;ASSEMBLE+INSPECT=108/370,false
C4A4T2I0F3,4,4,2,0,3,"(4,8,0,3)",27,ASSEMBLE+INSPECT,CUT=36/108;ASSEMBLE+INSPECT=108/297,false
C4A4T2I1F0,4,4,2,1,0,"(4,8,1,0)",67,INSPECT,CUT=36/268;ASSEMBLE=48/536;INSPECT=60/67,false
C4A4T2I1F1,4,4,2,1,1,"(4,8,1,1)",37,ASSEMBLE+INSPECT,CUT=36/148;ASSEMBLE+INSPECT=108/370,false
C4A4T2I1F2,4,4,2,1,2,"(4,8,1,2)",27,ASSEMBLE+INSPECT,CUT=36/108;ASSEMBLE+INSPECT=108/297,false
C4A4T2I1F3,4,4,2,1,3,"(4,8,1,3)",22,CUT|ASSEMBLE+INSPECT,CUT=36/88;ASSEMBLE+INSPECT=108/264,false
C4A4T2I2F0,4,4,2,2,0,"(4,8,2,0)",37,INSPECT,CUT=36/148;ASSEMBLE=48/296;INSPECT=60/74,false
C4A4T2I2F1,4,4,2,2,1,"(4,8,2,1)",27,ASSEMBLE+INSPECT,CUT=36/108;ASSEMBLE+INSPECT=108/297,false
C4A4T2I2F2,4,4,2,2,2,"(4,8,2,2)",22,CUT|ASSEMBLE+INSPECT,CUT=36/88;ASSEMBLE+INSPECT=108/264,false
C4A4T2I2F3,4,4,2,2,3,"(4,8,2,3)",22,CUT,CUT=36/88;ASSEMBLE+INSPECT=108/286,false
C4A4T2I3F0,4,4,2,3,0,"(4,8,3,0)",27,INSPECT,CUT=36/108;ASSEMBLE=48/216;INSPECT=60/81,false
C4A4T2I3F1,4,4,2,3,1,"(4,8,3,1)",22,CUT|ASSEMBLE+INSPECT,CUT=36/88;ASSEMBLE+INSPECT=108/264,false
C4A4T2I3F2,4,4,2,3,2,"(4,8,3,2)",22,CUT,CUT=36/88;ASSEMBLE+INSPECT=108/286,false
C4A4T2I3F3,4,4,2,3,3,"(4,8,3,3)",20,CUT,CUT=36/80;ASSEMBLE+INSPECT=108/280,false
C4A4T2I4F0,4,4,2,4,0,"(4,8,4,0)",22,INSPECT,CUT=36/88;ASSEMBLE=48/176;INSPECT=60/88,false
C4A4T2I4F1,4,4,2,4,1,"(4,8,4,1)",22,CUT,CUT=36/88;ASSEMBLE+INSPECT=108/286,false
C4A4T2I4F2,4,4,2,4,2,"(4,8,4,2)",20,CUT,CUT=36/80;ASSEMBLE+INSPECT=108/280,false
C4A4T2I4F3,4,4,2,4,3,"(4,8,4,3)",20,CUT,CUT=36/80;ASSEMBLE+INSPECT=108/300,false
C4A4T3I0F1,4,4,3,0,1,"(4,10,0,1)",67,ASSEMBLE+INSPECT,CUT=36/268;ASSEMBLE+INSPECT=108/737,false
C4A4T3I0F2,4,4,3,0,2,"(4,10,0,2)",37,CUT|ASSEMBLE+INSPECT,CUT=36/148;ASSEMBLE+INSPECT=108/444,false
C4A4T3I0F3,4,4,3,0,3,"(4,10,0,3)",27,CUT,CUT=36/108;ASSEMBLE+INSPECT=108/351,false
C4A4T3I1F0,4,4,3,1,0,"(4,10,1,0)",67,INSPECT,CUT=36/268;ASSEMBLE=48/670;INSPECT=60/67,false
C4A4T3I1F1,4,4,3,1,1,"(4,10,1,1)",37,CUT|ASSEMBLE+INSPECT,CUT=36/148;ASSEMBLE+INSPECT=108/444,false
C4A4T3I1F2,4,4,3,1,2,"(4,10,1,2)",27,CUT,CUT=36/108;ASSEMBLE+INSPECT=108/351,false
C4A4T3I1F3,4,4,3,1,3,"(4,10,1,3)",22,CUT,CUT=36/88;ASSEMBLE+INSPECT=108/308,false
C4A4T3I2F0,4,4,3,2,0,"(4,10,2,0)",37,INSPECT,CUT=36/148;ASSEMBLE=48/370;INSPECT=60/74,false
C4A4T3I2F1,4,4,3,2,1,"(4,10,2,1)",27,CUT,CUT=36/108;ASSEMBLE+INSPECT=108/351,false
C4A4T3I2F2,4,4,3,2,2,"(4,10,2,2)",22,CUT,CUT=36/88;ASSEMBLE+INSPECT=108/308,false
C4A4T3I2F3,4,4,3,2,3,"(4,10,2,3)",22,CUT,CUT=36/88;ASSEMBLE+INSPECT=108/330,false
C4A4T3I3F0,4,4,3,3,0,"(4,10,3,0)",27,INSPECT,CUT=36/108;ASSEMBLE=48/270;INSPECT=60/81,false
C4A4T3I3F1,4,4,3,3,1,"(4,10,3,1)",22,CUT,CUT=36/88;ASSEMBLE+INSPECT=108/308,false
C4A4T3I3F2,4,4,3,3,2,"(4,10,3,2)",22,CUT,CUT=36/88;ASSEMBLE+INSPECT=108/330,false
C4A4T3I3F3,4,4,3,3,3,"(4,10,3,3)",20,CUT,CUT=36/80;ASSEMBLE+INSPECT=108/320,false
C4A4T3I4F0,4,4,3,4,0,"(4,10,4,0)",22,INSPECT,CUT=36/88;ASSEMBLE=48/220;INSPECT=60/88,false
C4A4T3I4F1,4,4,3,4,1,"(4,10,4,1)",22,CUT,CUT=36/88;ASSEMBLE+INSPECT=108/330,false
C4A4T3I4F2,4,4,3,4,2,"(4,10,4,2)",20,CUT,CUT=36/80;ASSEMBLE+INSPECT=108/320,false
C4A4T3I4F3,4,4,3,4,3,"(4,10,4,3)",20,CUT,CUT=36/80;ASSEMBLE+INSPECT=108/340,false
C4A5T0I0F1,4,5,0,0,1,"(4,5,0,1)",70,ASSEMBLE+INSPECT,CUT=36/280;ASSEMBLE+INSPECT=108/420,true
C4A5T0I0F2,4,5,0,0,2,"(4,5,0,2)",40,ASSEMBLE+INSPECT,CUT=36/160;ASSEMBLE+INSPECT=108/280,true
C4A5T0I0F3,4,5,0,0,3,"(4,5,0,3)",30,ASSEMBLE+INSPECT,CUT=36/120;ASSEMBLE+INSPECT=108/240,true
C4A5T0I1F0,4,5,0,1,0,"(4,5,1,0)",67,INSPECT,CUT=36/268;ASSEMBLE=48/335;INSPECT=60/67,false
C4A5T0I1F1,4,5,0,1,1,"(4,5,1,1)",40,ASSEMBLE+INSPECT,CUT=36/160;ASSEMBLE+INSPECT=108/280,true
C4A5T0I1F2,4,5,0,1,2,"(4,5,1,2)",30,ASSEMBLE+INSPECT,CUT=36/120;ASSEMBLE+INSPECT=108/240,true
C4A5T0I1F3,4,5,0,1,3,"(4,5,1,3)",25,ASSEMBLE+INSPECT,CUT=36/100;ASSEMBLE+INSPECT=108/225,true
C4A5T0I2F0,4,5,0,2,0,"(4,5,2,0)",37,INSPECT,CUT=36/148;ASSEMBLE=48/185;INSPECT=60/74,false
C4A5T0I2F1,4,5,0,2,1,"(4,5,2,1)",30,ASSEMBLE+INSPECT,CUT=36/120;ASSEMBLE+INSPECT=108/240,true
C4A5T0I2F2,4,5,0,2,2,"(4,5,2,2)",25,ASSEMBLE+INSPECT,CUT=36/100;ASSEMBLE+INSPECT=108/225,true
C4A5T0I2F3,4,5,0,2,3,"(4,5,2,3)",22,ASSEMBLE+INSPECT,CUT=36/88;ASSEMBLE+INSPECT=108/220,true
C4A5T0I3F0,4,5,0,3,0,"(4,5,3,0)",27,INSPECT,CUT=36/108;ASSEMBLE=48/135;INSPECT=60/81,false
C4A5T0I3F1,4,5,0,3,1,"(4,5,3,1)",25,ASSEMBLE+INSPECT,CUT=36/100;ASSEMBLE+INSPECT=108/225,true
C4A5T0I3F2,4,5,0,3,2,"(4,5,3,2)",22,ASSEMBLE+INSPECT,CUT=36/88;ASSEMBLE+INSPECT=108/220,true
C4A5T0I3F3,4,5,0,3,3,"(4,5,3,3)",20,ASSEMBLE+INSPECT,CUT=36/80;ASSEMBLE+INSPECT=108/220,true
C4A5T0I4F0,4,5,0,4,0,"(4,5,4,0)",22,INSPECT,CUT=36/88;ASSEMBLE=48/110;INSPECT=60/88,false
C4A5T0I4F1,4,5,0,4,1,"(4,5,4,1)",22,ASSEMBLE+INSPECT,CUT=36/88;ASSEMBLE+INSPECT=108/220,true
C4A5T0I4F2,4,5,0,4,2,"(4,5,4,2)",20,ASSEMBLE+INSPECT,CUT=36/80;ASSEMBLE+INSPECT=108/220,true
C4A5T0I4F3,4,5,0,4,3,"(4,5,4,3)",20,CUT|ASSEMBLE+INSPECT,CUT=36/80;ASSEMBLE+INSPECT=108/240,true
C4A5T1I0F1,4,5,1,0,1,"(4,7,0,1)",70,ASSEMBLE+INSPECT,CUT=36/280;ASSEMBLE+INSPECT=108/560,true
C4A5T1I0F2,4,5,1,0,2,"(4,7,0,2)",40,ASSEMBLE+INSPECT,CUT=36/160;ASSEMBLE+INSPECT=108/360,true
C4A5T1I0F3,4,5,1,0,3,"(4,7,0,3)",30,ASSEMBLE+INSPECT,CUT=36/120;ASSEMBLE+INSPECT=108/300,true
C4A5T1I1F0,4,5,1,1,0,"(4,7,1,0)",67,INSPECT,CUT=36/268;ASSEMBLE=48/469;INSPECT=60/67,false
C4A5T1I1F1,4,5,1,1,1,"(4,7,1,1)",40,ASSEMBLE+INSPECT,CUT=36/160;ASSEMBLE+INSPECT=108/360,true
C4A5T1I1F2,4,5,1,1,2,"(4,7,1,2)",30,ASSEMBLE+INSPECT,CUT=36/120;ASSEMBLE+INSPECT=108/300,true
C4A5T1I1F3,4,5,1,1,3,"(4,7,1,3)",25,ASSEMBLE+INSPECT,CUT=36/100;ASSEMBLE+INSPECT=108/275,true
C4A5T1I2F0,4,5,1,2,0,"(4,7,2,0)",37,INSPECT,CUT=36/148;ASSEMBLE=48/259;INSPECT=60/74,false
C4A5T1I2F1,4,5,1,2,1,"(4,7,2,1)",30,ASSEMBLE+INSPECT,CUT=36/120;ASSEMBLE+INSPECT=108/300,true
C4A5T1I2F2,4,5,1,2,2,"(4,7,2,2)",25,ASSEMBLE+INSPECT,CUT=36/100;ASSEMBLE+INSPECT=108/275,true
C4A5T1I2F3,4,5,1,2,3,"(4,7,2,3)",22,CUT|ASSEMBLE+INSPECT,CUT=36/88;ASSEMBLE+INSPECT=108/264,true
C4A5T1I3F0,4,5,1,3,0,"(4,7,3,0)",27,INSPECT,CUT=36/108;ASSEMBLE=48/189;INSPECT=60/81,false
C4A5T1I3F1,4,5,1,3,1,"(4,7,3,1)",25,ASSEMBLE+INSPECT,CUT=36/100;ASSEMBLE+INSPECT=108/275,true
C4A5T1I3F2,4,5,1,3,2,"(4,7,3,2)",22,CUT|ASSEMBLE+INSPECT,CUT=36/88;ASSEMBLE+INSPECT=108/264,true
C4A5T1I3F3,4,5,1,3,3,"(4,7,3,3)",20,CUT,CUT=36/80;ASSEMBLE+INSPECT=108/260,true
C4A5T1I4F0,4,5,1,4,0,"(4,7,4,0)",22,INSPECT,CUT=36/88;ASSEMBLE=48/154;INSPECT=60/88,false
C4A5T1I4F1,4,5,1,4,1,"(4,7,4,1)",22,CUT|ASSEMBLE+INSPECT,CUT=36/88;ASSEMBLE+INSPECT=108/264,true
C4A5T1I4F2,4,5,1,4,2,"(4,7,4,2)",20,CUT,CUT=36/80;ASSEMBLE+INSPECT=108/260,true
C4A5T1I4F3,4,5,1,4,3,"(4,7,4,3)",20,CUT,CUT=36/80;ASSEMBLE+INSPECT=108/280,true
C4A5T2I0F1,4,5,2,0,1,"(4,9,0,1)",67,ASSEMBLE+INSPECT,CUT=36/268;ASSEMBLE+INSPECT=108/670,false
C4A5T2I0F2,4,5,2,0,2,"(4,9,0,2)",37,ASSEMBLE+INSPECT,CUT=36/148;ASSEMBLE+INSPECT=108/407,false
C4A5T2I0F3,4,5,2,0,3,"(4,9,0,3)",27,CUT|ASSEMBLE+INSPECT,CUT=36/108;ASSEMBLE+INSPECT=108/324,false
C4A5T2I1F0,4,5,2,1,0,"(4,9,1,0)",67,INSPECT,CUT=36/268;ASSEMBLE=48/603;INSPECT=60/67,false
C4A5T2I1F1,4,5,2,1,1,"(4,9,1,1)",37,ASSEMBLE+INSPECT,CUT=36/148;ASSEMBLE+INSPECT=108/407,false
C4A5T2I1F2,4,5,2,1,2,"(4,9,1,2)",27,CUT|ASSEMBLE+INSPECT,CUT=36/108;ASSEMBLE+INSPECT=108/324,false
C4A5T2I1F3,4,5,2,1,3,"(4,9,1,3)",22,CUT,CUT=36/88;ASSEMBLE+INSPECT=108/286,false
C4A5T2I2F0,4,5,2,2,0,"(4,9,2,0)",37,INSPECT,CUT=36/148;ASSEMBLE=48/333;INSPECT=60/74,false
C4A5T2I2F1,4,5,2,2,1,"(4,9,2,1)",27,CUT|ASSEMBLE+INSPECT,CUT=36/108;ASSEMBLE+INSPECT=108/324,false
C4A5T2I2F2,4,5,2,2,2,"(4,9,2,2)",22,CUT,CUT=36/88;ASSEMBLE+INSPECT=108/286,false
C4A5T2I2F3,4,5,2,2,3,"(4,9,2,3)",22,CUT,CUT=36/88;ASSEMBLE+INSPECT=108/308,false
C4A5T2I3F0,4,5,2,3,0,"(4,9,3,0)",27,INSPECT,CUT=36/108;ASSEMBLE=48/243;INSPECT=60/81,false
C4A5T2I3F1,4,5,2,3,1,"(4,9,3,1)",22,CUT,CUT=36/88;ASSEMBLE+INSPECT=108/286,false
C4A5T2I3F2,4,5,2,3,2,"(4,9,3,2)",22,CUT,CUT=36/88;ASSEMBLE+INSPECT=108/308,false
C4A5T2I3F3,4,5,2,3,3,"(4,9,3,3)",20,CUT,CUT=36/80;ASSEMBLE+INSPECT=108/300,false
C4A5T2I4F0,4,5,2,4,0,"(4,9,4,0)",22,INSPECT,CUT=36/88;ASSEMBLE=48/198;INSPECT=60/88,false
C4A5T2I4F1,4,5,2,4,1,"(4,9,4,1)",22,CUT,CUT=36/88;ASSEMBLE+INSPECT=108/308,false
C4A5T2I4F2,4,5,2,4,2,"(4,9,4,2)",20,CUT,CUT=36/80;ASSEMBLE+INSPECT=108/300,false
C4A5T2I4F3,4,5,2,4,3,"(4,9,4,3)",20,CUT,CUT=36/80;ASSEMBLE+INSPECT=108/320,false
C4A5T3I0F1,4,5,3,0,1,"(4,11,0,1)",67,CUT|ASSEMBLE+INSPECT,CUT=36/268;ASSEMBLE+INSPECT=108/804,false
C4A5T3I0F2,4,5,3,0,2,"(4,11,0,2)",37,CUT,CUT=36/148;ASSEMBLE+INSPECT=108/481,false
C4A5T3I0F3,4,5,3,0,3,"(4,11,0,3)",27,CUT,CUT=36/108;ASSEMBLE+INSPECT=108/378,false
C4A5T3I1F0,4,5,3,1,0,"(4,11,1,0)",67,INSPECT,CUT=36/268;ASSEMBLE=48/737;INSPECT=60/67,false
C4A5T3I1F1,4,5,3,1,1,"(4,11,1,1)",37,CUT,CUT=36/148;ASSEMBLE+INSPECT=108/481,false
C4A5T3I1F2,4,5,3,1,2,"(4,11,1,2)",27,CUT,CUT=36/108;ASSEMBLE+INSPECT=108/378,false
C4A5T3I1F3,4,5,3,1,3,"(4,11,1,3)",22,CUT,CUT=36/88;ASSEMBLE+INSPECT=108/330,false
C4A5T3I2F0,4,5,3,2,0,"(4,11,2,0)",37,INSPECT,CUT=36/148;ASSEMBLE=48/407;INSPECT=60/74,false
C4A5T3I2F1,4,5,3,2,1,"(4,11,2,1)",27,CUT,CUT=36/108;ASSEMBLE+INSPECT=108/378,false
C4A5T3I2F2,4,5,3,2,2,"(4,11,2,2)",22,CUT,CUT=36/88;ASSEMBLE+INSPECT=108/330,false
C4A5T3I2F3,4,5,3,2,3,"(4,11,2,3)",22,CUT,CUT=36/88;ASSEMBLE+INSPECT=108/352,false
C4A5T3I3F0,4,5,3,3,0,"(4,11,3,0)",27,INSPECT,CUT=36/108;ASSEMBLE=48/297;INSPECT=60/81,false
C4A5T3I3F1,4,5,3,3,1,"(4,11,3,1)",22,CUT,CUT=36/88;ASSEMBLE+INSPECT=108/330,false
C4A5T3I3F2,4,5,3,3,2,"(4,11,3,2)",22,CUT,CUT=36/88;ASSEMBLE+INSPECT=108/352,false
C4A5T3I3F3,4,5,3,3,3,"(4,11,3,3)",20,CUT,CUT=36/80;ASSEMBLE+INSPECT=108/340,false
C4A5T3I4F0,4,5,3,4,0,"(4,11,4,0)",22,INSPECT,CUT=36/88;ASSEMBLE=48/242;INSPECT=60/88,false
C4A5T3I4F1,4,5,3,4,1,"(4,11,4,1)",22,CUT,CUT=36/88;ASSEMBLE+INSPECT=108/352,false
C4A5T3I4F2,4,5,3,4,2,"(4,11,4,2)",20,CUT,CUT=36/80;ASSEMBLE+INSPECT=108/340,false
C4A5T3I4F3,4,5,3,4,3,"(4,11,4,3)",20,CUT,CUT=36/80;ASSEMBLE+INSPECT=108/360,false
C4A6T0I0F1,4,6,0,0,1,"(4,6,0,1)",70,ASSEMBLE+INSPECT,CUT=36/280;ASSEMBLE+INSPECT=108/490,true
C4A6T0I0F2,4,6,0,0,2,"(4,6,0,2)",40,ASSEMBLE+INSPECT,CUT=36/160;ASSEMBLE+INSPECT=108/320,true
C4A6T0I0F3,4,6,0,0,3,"(4,6,0,3)",30,ASSEMBLE+INSPECT,CUT=36/120;ASSEMBLE+INSPECT=108/270,true
C4A6T0I1F0,4,6,0,1,0,"(4,6,1,0)",67,INSPECT,CUT=36/268;ASSEMBLE=48/402;INSPECT=60/67,false
C4A6T0I1F1,4,6,0,1,1,"(4,6,1,1)",40,ASSEMBLE+INSPECT,CUT=36/160;ASSEMBLE+INSPECT=108/320,true
C4A6T0I1F2,4,6,0,1,2,"(4,6,1,2)",30,ASSEMBLE+INSPECT,CUT=36/120;ASSEMBLE+INSPECT=108/270,true
C4A6T0I1F3,4,6,0,1,3,"(4,6,1,3)",25,ASSEMBLE+INSPECT,CUT=36/100;ASSEMBLE+INSPECT=108/250,true
C4A6T0I2F0,4,6,0,2,0,"(4,6,2,0)",37,INSPECT,CUT=36/148;ASSEMBLE=48/222;INSPECT=60/74,false
C4A6T0I2F1,4,6,0,2,1,"(4,6,2,1)",30,ASSEMBLE+INSPECT,CUT=36/120;ASSEMBLE+INSPECT=108/270,true
C4A6T0I2F2,4,6,0,2,2,"(4,6,2,2)",25,ASSEMBLE+INSPECT,CUT=36/100;ASSEMBLE+INSPECT=108/250,true
C4A6T0I2F3,4,6,0,2,3,"(4,6,2,3)",22,ASSEMBLE+INSPECT,CUT=36/88;ASSEMBLE+INSPECT=108/242,true
C4A6T0I3F0,4,6,0,3,0,"(4,6,3,0)",27,INSPECT,CUT=36/108;ASSEMBLE=48/162;INSPECT=60/81,false
C4A6T0I3F1,4,6,0,3,1,"(4,6,3,1)",25,ASSEMBLE+INSPECT,CUT=36/100;ASSEMBLE+INSPECT=108/250,true
C4A6T0I3F2,4,6,0,3,2,"(4,6,3,2)",22,ASSEMBLE+INSPECT,CUT=36/88;ASSEMBLE+INSPECT=108/242,true
C4A6T0I3F3,4,6,0,3,3,"(4,6,3,3)",20,CUT|ASSEMBLE+INSPECT,CUT=36/80;ASSEMBLE+INSPECT=108/240,true
C4A6T0I4F0,4,6,0,4,0,"(4,6,4,0)",22,INSPECT,CUT=36/88;ASSEMBLE=48/132;INSPECT=60/88,false
C4A6T0I4F1,4,6,0,4,1,"(4,6,4,1)",22,ASSEMBLE+INSPECT,CUT=36/88;ASSEMBLE+INSPECT=108/242,true
C4A6T0I4F2,4,6,0,4,2,"(4,6,4,2)",20,CUT|ASSEMBLE+INSPECT,CUT=36/80;ASSEMBLE+INSPECT=108/240,true
C4A6T0I4F3,4,6,0,4,3,"(4,6,4,3)",20,CUT,CUT=36/80;ASSEMBLE+INSPECT=108/260,true
C4A6T1I0F1,4,6,1,0,1,"(4,8,0,1)",67,ASSEMBLE+INSPECT,CUT=36/268;ASSEMBLE+INSPECT=108/603,false
C4A6T1I0F2,4,6,1,0,2,"(4,8,0,2)",37,ASSEMBLE+INSPECT,CUT=36/148;ASSEMBLE+INSPECT=108/370,false
C4A6T1I0F3,4,6,1,0,3,"(4,8,0,3)",27,ASSEMBLE+INSPECT,CUT=36/108;ASSEMBLE+INSPECT=108/297,false
C4A6T1I1F0,4,6,1,1,0,"(4,8,1,0)",67,INSPECT,CUT=36/268;ASSEMBLE=48/536;INSPECT=60/67,false
C4A6T1I1F1,4,6,1,1,1,"(4,8,1,1)",37,ASSEMBLE+INSPECT,CUT=36/148;ASSEMBLE+INSPECT=108/370,false
C4A6T1I1F2,4,6,1,1,2,"(4,8,1,2)",27,ASSEMBLE+INSPECT,CUT=36/108;ASSEMBLE+INSPECT=108/297,false
C4A6T1I1F3,4,6,1,1,3,"(4,8,1,3)",22,CUT|ASSEMBLE+INSPECT,CUT=36/88;ASSEMBLE+INSPECT=108/264,false
C4A6T1I2F0,4,6,1,2,0,"(4,8,2,0)",37,INSPECT,CUT=36/148;ASSEMBLE=48/296;INSPECT=60/74,false
C4A6T1I2F1,4,6,1,2,1,"(4,8,2,1)",27,ASSEMBLE+INSPECT,CUT=36/108;ASSEMBLE+INSPECT=108/297,false
C4A6T1I2F2,4,6,1,2,2,"(4,8,2,2)",22,CUT|ASSEMBLE+INSPECT,CUT=36/88;ASSEMBLE+INSPECT=108/264,false
C4A6T1I2F3,4,6,1,2,3,"(4,8,2,3)",22,CUT,CUT=36/88;ASSEMBLE+INSPECT=108/286,false
C4A6T1I3F0,4,6,1,3,0,"(4,8,3,0)",27,INSPECT,CUT=36/108;ASSEMBLE=48/216;INSPECT=60/81,false
C4A6T1I3F1,4,6,1,3,1,"(4,8,3,1)",22,CUT|ASSEMBLE+INSPECT,CUT=36/88;ASSEMBLE+INSPECT=108/264,false
C4A6T1I3F2,4,6,1,3,2,"(4,8,3,2)",22,CUT,CUT=36/88;ASSEMBLE+INSPECT=108/286,false
C4A6T1I3F3,4,6,1,3,3,"(4,8,3,3)",20,CUT,CUT=36/80;ASSEMBLE+INSPECT=108/280,false
C4A6T1I4F0,4,6,1,4,0,"(4,8,4,0)",22,INSPECT,CUT=36/88;ASSEMBLE=48/176;INSPECT=60/88,false
C4A6T1I4F1,4,6,1,4,1,"(4,8,4,1)",22,CUT,CUT=36/88;ASSEMBLE+INSPECT=108/286,false
C4A6T1I4F2,4,6,1,4,2,"(4,8,4,2)",20,CUT,CUT=36/80;ASSEMBLE+INSPECT=108/280,false
C4A6T1I4F3,4,6,1,4,3,"(4,8,4,3)",20,CUT,CUT=36/80;ASSEMBLE+INSPECT=108/300,false
C4A6T2I0F1,4,6,2,0,1,"(4,10,0,1)",67,ASSEMBLE+INSPECT,CUT=36/268;ASSEMBLE+INSPECT=108/737,false
C4A6T2I0F2,4,6,2,0,2,"(4,10,0,2)",37,CUT|ASSEMBLE+INSPECT,CUT=36/148;ASSEMBLE+INSPECT=108/444,false
C4A6T2I0F3,4,6,2,0,3,"(4,10,0,3)",27,CUT,CUT=36/108;ASSEMBLE+INSPECT=108/351,false
C4A6T2I1F0,4,6,2,1,0,"(4,10,1,0)",67,INSPECT,CUT=36/268;ASSEMBLE=48/670;INSPECT=60/67,false
C4A6T2I1F1,4,6,2,1,1,"(4,10,1,1)",37,CUT|ASSEMBLE+INSPECT,CUT=36/148;ASSEMBLE+INSPECT=108/444,false
C4A6T2I1F2,4,6,2,1,2,"(4,10,1,2)",27,CUT,CUT=36/108;ASSEMBLE+INSPECT=108/351,false
C4A6T2I1F3,4,6,2,1,3,"(4,10,1,3)",22,CUT,CUT=36/88;ASSEMBLE+INSPECT=108/308,false
C4A6T2I2F0,4,6,2,2,0,"(4,10,2,0)",37,INSPECT,CUT=36/148;ASSEMBLE=48/370;INSPECT=60/74,false
C4A6T2I2F1,4,6,2,2,1,"(4,10,2,1)",27,CUT,CUT=36/108;ASSEMBLE+INSPECT=108/351,false
C4A6T2I2F2,4,6,2,2,2,"(4,10,2,2)",22,CUT,CUT=36/88;ASSEMBLE+INSPECT=108/308,false
C4A6T2I2F3,4,6,2,2,3,"(4,10,2,3)",22,CUT,CUT=36/88;ASSEMBLE+INSPECT=108/330,false
C4A6T2I3F0,4,6,2,3,0,"(4,10,3,0)",27,INSPECT,CUT=36/108;ASSEMBLE=48/270;INSPECT=60/81,false
C4A6T2I3F1,4,6,2,3,1,"(4,10,3,1)",22,CUT,CUT=36/88;ASSEMBLE+INSPECT=108/308,false
C4A6T2I3F2,4,6,2,3,2,"(4,10,3,2)",22,CUT,CUT=36/88;ASSEMBLE+INSPECT=108/330,false
C4A6T2I3F3,4,6,2,3,3,"(4,10,3,3)",20,CUT,CUT=36/80;ASSEMBLE+INSPECT=108/320,false
C4A6T2I4F0,4,6,2,4,0,"(4,10,4,0)",22,INSPECT,CUT=36/88;ASSEMBLE=48/220;INSPECT=60/88,false
C4A6T2I4F1,4,6,2,4,1,"(4,10,4,1)",22,CUT,CUT=36/88;ASSEMBLE+INSPECT=108/330,false
C4A6T2I4F2,4,6,2,4,2,"(4,10,4,2)",20,CUT,CUT=36/80;ASSEMBLE+INSPECT=108/320,false
C4A6T2I4F3,4,6,2,4,3,"(4,10,4,3)",20,CUT,CUT=36/80;ASSEMBLE+INSPECT=108/340,false
C4A6T3I0F1,4,6,3,0,1,"(4,12,0,1)",67,CUT,CUT=36/268;ASSEMBLE+INSPECT=108/871,false
C4A6T3I0F2,4,6,3,0,2,"(4,12,0,2)",37,CUT,CUT=36/148;ASSEMBLE+INSPECT=108/518,false
C4A6T3I0F3,4,6,3,0,3,"(4,12,0,3)",27,CUT,CUT=36/108;ASSEMBLE+INSPECT=108/405,false
C4A6T3I1F0,4,6,3,1,0,"(4,12,1,0)",67,INSPECT,CUT=36/268;ASSEMBLE=48/804;INSPECT=60/67,false
C4A6T3I1F1,4,6,3,1,1,"(4,12,1,1)",37,CUT,CUT=36/148;ASSEMBLE+INSPECT=108/518,false
C4A6T3I1F2,4,6,3,1,2,"(4,12,1,2)",27,CUT,CUT=36/108;ASSEMBLE+INSPECT=108/405,false
C4A6T3I1F3,4,6,3,1,3,"(4,12,1,3)",22,CUT,CUT=36/88;ASSEMBLE+INSPECT=108/352,false
C4A6T3I2F0,4,6,3,2,0,"(4,12,2,0)",37,INSPECT,CUT=36/148;ASSEMBLE=48/444;INSPECT=60/74,false
C4A6T3I2F1,4,6,3,2,1,"(4,12,2,1)",27,CUT,CUT=36/108;ASSEMBLE+INSPECT=108/405,false
C4A6T3I2F2,4,6,3,2,2,"(4,12,2,2)",22,CUT,CUT=36/88;ASSEMBLE+INSPECT=108/352,false
C4A6T3I2F3,4,6,3,2,3,"(4,12,2,3)",22,CUT,CUT=36/88;ASSEMBLE+INSPECT=108/374,false
C4A6T3I3F0,4,6,3,3,0,"(4,12,3,0)",27,INSPECT,CUT=36/108;ASSEMBLE=48/324;INSPECT=60/81,false
C4A6T3I3F1,4,6,3,3,1,"(4,12,3,1)",22,CUT,CUT=36/88;ASSEMBLE+INSPECT=108/352,false
C4A6T3I3F2,4,6,3,3,2,"(4,12,3,2)",22,CUT,CUT=36/88;ASSEMBLE+INSPECT=108/374,false
C4A6T3I3F3,4,6,3,3,3,"(4,12,3,3)",20,CUT,CUT=36/80;ASSEMBLE+INSPECT=108/360,false
C4A6T3I4F0,4,6,3,4,0,"(4,12,4,0)",22,INSPECT,CUT=36/88;ASSEMBLE=48/264;INSPECT=60/88,false
C4A6T3I4F1,4,6,3,4,1,"(4,12,4,1)",22,CUT,CUT=36/88;ASSEMBLE+INSPECT=108/374,false
C4A6T3I4F2,4,6,3,4,2,"(4,12,4,2)",20,CUT,CUT=36/80;ASSEMBLE+INSPECT=108/360,false
C4A6T3I4F3,4,6,3,4,3,"(4,12,4,3)",20,CUT,CUT=36/80;ASSEMBLE+INSPECT=108/380,false
