design,cutters,assemblers,twins,inspectors,flex,provision,completion,active,occupancy,sharedDualUse
C1A0T0I0F1,1,0,0,0,1,"(1,0,0,1)",219,ASSEMBLE+INSPECT,CUT=72/219;ASSEMBLE+INSPECT=216/219,true
C1A0T0I0F2,1,0,0,0,2,"(1,0,0,2)",114,ASSEMBLE+INSPECT,CUT=72/114;ASSEMBLE+INSPECT=216/228,true
C1A0T0I0F3,1,0,0,0,3,"(1,0,0,3)",81,CUT|ASSEMBLE+INSPECT,CUT=72/81;ASSEMBLE+INSPECT=216/243,true
C1A0T0I1F1,1,0,0,1,1,"(1,0,1,1)",159,ASSEMBLE+INSPECT,CUT=72/159;ASSEMBLE+INSPECT=216/318,true
C1A0T0I1F2,1,0,0,1,2,"(1,0,1,2)",87,CUT|ASSEMBLE+INSPECT,CUT=72/87;ASSEMBLE+INSPECT=216/261,true
C1A0T0I1F3,1,0,0,1,3,"(1,0,1,3)",81,CUT,CUT=72/81;ASSEMBLE+INSPECT=216/324,true
C1A0T0I2F1,1,0,0,2,1,"(1,0,2,1)",104,CUT|ASSEMBLE+INSPECT,CUT=72/104;ASSEMBLE+INSPECT=216/312,false
C1A0T0I2F2,1,0,0,2,2,"(1,0,2,2)",81,CUT,CUT=72/81;ASSEMBLE+INSPECT=216/324,false
C1A0T0I2F3,1,0,0,2,3,"(1,0,2,3)",81,CUT,CUT=72/81;ASSEMBLE+INSPECT=216/405,false
C1A0T0I3F1,1,0,0,3,1,"(1,0,3,1)",104,CUT,CUT=72/104;ASSEMBLE+INSPECT=216/416,false
C1A0T0I3F2,1,0,0,3,2,"(1,0,3,2)",81,CUT,CUT=72/81;ASSEMBLE+INSPECT=216/405,false
C1A0T0I3F3,1,0,0,3,3,"(1,0,3,3)",81,CUT,CUT=72/81;ASSEMBLE+INSPECT=216/486,false
C1A0T0I4F1,1,0,0,4,1,"(1,0,4,1)",104,CUT,CUT=72/104;ASSEMBLE+INSPECT=216/520,false
C1A0T0I4F2,1,0,0,4,2,"(1,0,4,2)",81,CUT,CUT=72/81;ASSEMBLE+INSPECT=216/486,false
C1A0T0I4F3,1,0,0,4,3,"(1,0,4,3)",81,CUT,CUT=72/81;ASSEMBLE+INSPECT=216/567,false
C1A0T1I0F1,1,0,1,0,1,"(1,2,0,1)",127,CUT|ASSEMBLE+INSPECT,CUT=72/127;ASSEMBLE+INSPECT=216/381,false
C1A0T1I0F2,1,0,1,0,2,"(1,2,0,2)",81,CUT,CUT=72/81;ASSEMBLE+INSPECT=216/324,false
C1A0T1I0F3,1,0,1,0,3,"(1,2,0,3)",81,CUT,CUT=72/81;ASSEMBLE+INSPECT=216/405,false
C1A0T1I1F0,1,0,1,1,0,"(1,2,1,0)",127,INSPECT,CUT=72/127;ASSEMBLE=96/254;INSPECT=120/127,false
C1A0T1I1F1,1,0,1,1,1,"(1,2,1,1)",81,CUT,CUT=72/81;ASSEMBLE+INSPECT=216/324,false
C1A0T1I1F2,1,0,1,1,2,"(1,2,1,2)",81,CUT,CUT=72/81;ASSEMBLE+INSPECT=216/405,false
C1A0T1I1F3,1,0,1,1,3,"(1,2,1,3)",81,CUT,CUT=72/81;ASSEMBLE+INSPECT=216/486,false
C1A0T1I2F0,1,0,1,2,0,"(1,2,2,0)",81,CUT,CUT=72/81;ASSEMBLE=96/162;INSPECT=120/162,false
C1A0T1I2F1,1,0,1,2,1,"(1,2,2,1)",81,CUT,CUT=72/81;ASSEMBLE+INSPECT=216/405,false
C1A0T1I2F2,1,0,1,2,2,"(1,2,2,2)",81,CUT,CUT=72/81;ASSEMBLE+INSPECT=216/486,false
C1A0T1I2F3,1,0,1,2,3,"(1,2,2,3)",81,CUT,CUT=72/81;ASSEMBLE+INSPECT=216/567,false
C1A0T1I3F0,1,0,1,3,0,"(1,2,3,0)",81,CUT,CUT=72/81;ASSEMBLE=96/162;INSPECT=120/243,false
C1A0T1I3F1,1,0,1,3,1,"(1,2,3,1)",81,CUT,CUT=72/81;ASSEMBLE+INSPECT=216/486,false
C1A0T1I3F2,1,0,1,3,2,"(1,2,3,2)",81,CUT,CUT=72/81;ASSEMBLE+INSPECT=216/567,false
C1A0T1I3F3,1,0,1,3,3,"(1,2,3,3)",81,CUT,CUT=72/81;ASSEMBLE+INSPECT=216/648,false
C1A0T1I4F0,1,0,1,4,0,"(1,2,4,0)",81,CUT,CUT=72/81;ASSEMBLE=96/162;INSPECT=120/324,false
C1A0T1I4F1,1,0,1,4,1,"(1,2,4,1)",81,CUT,CUT=72/81;ASSEMBLE+INSPECT=216/567,false
C1A0T1I4F2,1,0,1,4,2,"(1,2,4,2)",81,CUT,CUT=72/81;ASSEMBLE+INSPECT=216/648,false
C1A0T1I4F3,1,0,1,4,3,"(1,2,4,3)",81,CUT,CUT=72/81;ASSEMBLE+INSPECT=216/729,false
C1A0T2I0F1,1,0,2,0,1,"(1,4,0,1)",127,CUT,CUT=72/127;ASSEMBLE+INSPECT=216/635,false
C1A0T2I0F2,1,0,2,0,2,"(1,4,0,2)",81,CUT,CUT=72/81;ASSEMBLE+INSPECT=216/486,false
C1A0T2I0F3,1,0,2,0,3,"(1,4,0,3)",81,CUT,CUT=72/81;ASSEMBLE+INSPECT=216/567,false
C1A0T2I1F0,1,0,2,1,0,"(1,4,1,0)",127,INSPECT,CUT=72/127;ASSEMBLE=96/508;INSPECT=120/127,false
C1A0T2I1F1,1,0,2,1,1,"(1,4,1,1)",81,CUT,CUT=72/81;ASSEMBLE+INSPECT=216/486,false
C1A0T2I1F2,1,0,2,1,2,"(1,4,1,2)",81,CUT,CUT=72/81;ASSEMBLE+INSPECT=216/567,false
C1A0T2I1F3,1,0,2,1,3,"(1,4,1,3)",81,CUT,CUT=72/81;ASSEMBLE+INSPECT=216/648,false
C1A0T2I2F0,1,0,2,2,0,"(1,4,2,0)",81,CUT,CUT=72/81;ASSEMBLE=96/324;INSPECT=120/162,false
C1A0T2I2F1,1,0,2,2,1,"(1,4,2,1)",81,CUT,CUT=72/81;ASSEMBLE+INSPECT=216/567,false
C1A0T2I2F2,1,0,2,2,2,"(1,4,2,2)",81,CUT,CUT=72/81;ASSEMBLE+INSPECT=216/648,false
C1A0T2I2F3,1,0,2,2,3,"(1,4,2,3)",81,CUT,CUT=72/81;ASSEMBLE+INSPECT=216/729,false
C1A0T2I3F0,1,0,2,3,0,"(1,4,3,0)",81,CUT,CUT=72/81;ASSEMBLE=96/324;INSPECT=120/243,false
C1A0T2I3F1,1,0,2,3,1,"(1,4,3,1)",81,CUT,CUT=72/81;ASSEMBLE+INSPECT=216/648,false
C1A0T2I3F2,1,0,2,3,2,"(1,4,3,2)",81,CUT,CUT=72/81;ASSEMBLE+INSPECT=216/729,false
C1A0T2I3F3,1,0,2,3,3,"(1,4,3,3)",81,CUT,CUT=72/81;ASSEMBLE+INSPECT=216/810,false
C1A0T2I4F0,1,0,2,4,0,"(1,4,4,0)",81,CUT,CUT=72/81;ASSEMBLE=96/324;INSPECT=120/324,false
C1A0T2I4F1,1,0,2,4,1,"(1,4,4,1)",81,CUT,CUT=72/81;ASSEMBLE+INSPECT=216/729,false
C1A0T2I4F2,1,0,2,4,2,"(1,4,4,2)",81,CUT,CUT=72/81;ASSEMBLE+INSPECT=216/810,false
C1A0T2I4F3,1,0,2,4,3,"(1,4,4,3)",81,CUT,CUT=72/81;ASSEMBLE+INSPECT=216/891,false
C1A0T3I0F1,1,0,3,0,1,"(1,6,0,1)",127,CUT,CUT=72/127;ASSEMBLE+INSPECT=216/889,false
C1A0T3I0F2,1,0,3,0,2,"(1,6,0,2)",81,CUT,CUT=72/81;ASSEMBLE+INSPECT=216/648,false
C1A0T3I0F3,1,0,3,0,3,"(1,6,0,3)",81,CUT,CUT=72/81;ASSEMBLE+INSPECT=216/729,false
C1A0T3I1F0,1,0,3,1,0,"(1,6,1,0)",127,INSPECT,CUT=72/127;ASSEMBLE=96/762;INSPECT=120/127,false
C1A0T3I1F1,1,0,3,1,1,"(1,6,1,1)",81,CUT,CUT=72/81;ASSEMBLE+INSPECT=216/648,false
C1A0T3I1F2,1,0,3,1,2,"(1,6,1,2)",81,CUT,CUT=72/81;ASSEMBLE+INSPECT=216/729,false
C1A0T3I1F3,1,0,3,1,3,"(1,6,1,3)",81,CUT,CUT=72/81;ASSEMBLE+INSPECT=216/810,false
C1A0T3I2F0,1,0,3,2,0,"(1,6,2,0)",81,CUT,CUT=72/81;ASSEMBLE=96/486;INSPECT=120/162,false
C1A0T3I2F1,1,0,3,2,1,"(1,6,2,1)",81,CUT,CUT=72/81;ASSEMBLE+INSPECT=216/729,false
C1A0T3I2F2,1,0,3,2,2,"(1,6,2,2)",81,CUT,CUT=72/81;ASSEMBLE+INSPECT=216/810,false
C1A0T3I2F3,1,0,3,2,3,"(1,6,2,3)",81,CUT,CUT=72/81;ASSEMBLE+INSPECT=216/891,false
C1A0T3I3F0,1,0,3,3,0,"(1,6,3,0)",81,CUT,CUT=72/81;ASSEMBLE=96/486;INSPECT=120/243,false
C1A0T3I3F1,1,0,3,3,1,"(1,6,3,1)",81,CUT,CUT=72/81;ASSEMBLE+INSPECT=216/810,false
C1A0T3I3F2,1,0,3,3,2,"(1,6,3,2)",81,CUT,CUT=72/81;ASSEMBLE+INSPECT=216/891,false
C1A0T3I3F3,1,0,3,3,3,"(1,6,3,3)",81,CUT,CUT=72/81;ASSEMBLE+INSPECT=216/972,false
C1A0T3I4F0,1,0,3,4,0,"(1,6,4,0)",81,CUT,CUT=72/81;ASSEMBLE=96/486;INSPECT=120/324,false
C1A0T3I4F1,1,0,3,4,1,"(1,6,4,1)",81,CUT,CUT=72/81;ASSEMBLE+INSPECT=216/891,false
C1A0T3I4F2,1,0,3,4,2,"(1,6,4,2)",81,CUT,CUT=72/81;ASSEMBLE+INSPECT=216/972,false
C1A0T3I4F3,1,0,3,4,3,"(1,6,4,3)",81,CUT,CUT=72/81;ASSEMBLE+INSPECT=216/1053,false
C1A1T0I0F1,1,1,0,0,1,"(1,1,0,1)",130,ASSEMBLE+INSPECT,CUT=72/130;ASSEMBLE+INSPECT=216/260,true
C1A1T0I0F2,1,1,0,0,2,"(1,1,0,2)",83,CUT|ASSEMBLE+INSPECT,CUT=72/83;ASSEMBLE+INSPECT=216/249,true
C1A1T0I0F3,1,1,0,0,3,"(1,1,0,3)",81,CUT,CUT=72/81;ASSEMBLE+INSPECT=216/324,true
C1A1T0I1F0,1,1,0,1,0,"(1,1,1,0)",127,INSPECT,CUT=72/127;ASSEMBLE=96/127;INSPECT=120/127,false
C1A1T0I1F1,1,1,0,1,1,"(1,1,1,1)",84,CUT|ASSEMBLE+INSPECT,CUT=72/84;ASSEMBLE+INSPECT=216/252,true
C1A1T0I1F2,1,1,0,1,2,"(1,1,1,2)",81,CUT,CUT=72/81;ASSEMBLE+INSPECT=216/324,true
C1A1T0I1F3,1,1,0,1,3,"(1,1,1,3)",81,CUT,CUT=72/81;ASSEMBLE+INSPECT=216/405,true
C1A1T0I2F0,1,1,0,2,0,"(1,1,2,0)",104,ASSEMBLE,CUT=72/104;ASSEMBLE=96/104;INSPECT=120/208,false
C1A1T0I2F1,1,1,0,2,1,"(1,1,2,1)",81,CUT,CUT=72/81;ASSEMBLE+INSPECT=216/324,false
C1A1T0I2F2,1,1,0,2,2,"(1,1,2,2)",81,CUT,CUT=72/81;ASSEMBLE+INSPECT=216/405,false
C1A1T0I2F3,1,1,0,2,3,"(1,1,2,3)",81,CUT,CUT=72/81;ASSEMBLE+INSPECT=216/486,false
C1A1T0I3F0,1,1,0,3,0,"(1,1,3,0)",104,ASSEMBLE,CUT=72/104;ASSEMBLE=96/104;INSPECT=120/312,false
C1A1T0I3F1,1,1,0,3,1,"(1,1,3,1)",81,CUT,CUT=72/81;ASSEMBLE+INSPECT=216/405,false
C1A1T0I3F2,1,1,0,3,2,"(1,1,3,2)",81,CUT,CUT=72/81;ASSEMBLE+INSPECT=216/486,false
C1A1T0I3F3,1,1,0,3,3,"(1,1,3,3)",81,CUT,CUT=72/81;ASSEMBLE+INSPECT=216/567,false
C1A1T0I4F0,1,1,0,4,0,"(1,1,4,0)",104,ASSEMBLE,CUT=72/104;ASSEMBLE=96/104;INSPECT=120/416,false
C1A1T0I4F1,1,1,0,4,1,"(1,1,4,1)",81,CUT,CUT=72/81;ASSEMBLE+INSPECT=216/486,false
C1A1T0I4F2,1,1,0,4,2,"(1,1,4,2)",81,CUT,CUT=72/81;ASSEMBLE+INSPECT=216/567,false
C1A1T0I4F3,1,1,0,4,3,"(1,1,4,3)",81,CUT,CUT=72/81;ASSEMBLE+INSPECT=216/648,false
C1A1T1I0F1,1,1,1,0,1,"(1,3,0,1)",127,CUT,CUT=72/127;ASSEMBLE+INSPECT=216/508,false
C1A1T1I0F2,1,1,1,0,2,"(1,3,0,2)",81,CUT,CUT=72/81;ASSEMBLE+INSPECT=216/405,false
C1A1T1I0F3,1,1,1,0,3,"(1,3,0,3)",81,CUT,CUT=72/81;ASSEMBLE+INSPECT=216/486,false
C1A1T1I1F0,1,1,1,1,0,"(1,3,1,0)",127,INSPECT,CUT=72/127;ASSEMBLE=96/381;INSPECT=120/127,false
C1A1T1I1F1,1,1,1,1,1,"(1,3,1,1)",81,CUT,CUT=72/81;ASSEMBLE+INSPECT=216/405,false
C1A1T1I1F2,1,1,1,1,2,"(1,3,1,2)",81,CUT,CUT=72/81;ASSEMBLE+INSPECT=216/486,false
C1A1T1I1F3,1,1,1,1,3,"(1,3,1,3)",81,CUT,CUT=72/81;ASSEMBLE+INSPECT=216/567,false
C1A1T1I2F0,1,1,1,2,0,"(1,3,2,0)",81,CUT,CUT=72/81;ASSEMBLE=96/243;INSPECT=120/162,false
C1A1T1I2F1,1,1,1,2,1,"(1,3,2,1)",81,CUT,CUT=72/81;ASSEMBLE+INSPECT=216/486,false
C1A1T1I2F2,1,1,1,2,2,"(1,3,2,2)",81,CUT,CUT=72/81;ASSEMBLE+INSPECT=216/567,false
C1A1T1I2F3,1,1,1,2,3,"(1,3,2,3)",81,CUT,CUT=72/81;ASSEMBLE+INSPECT=216/648,false
C1A1T1I3F0,1,1,1,3,0,"(1,3,3,0)",81,CUT,CUT=72/81;ASSEMBLE=96/243;INSPECT=120/243,false
C1A1T1I3F1,1,1,1,3,1,"(1,3,3,1)",81,CUT,CUT=72/81;ASSEMBLE+INSPECT=216/567,false
C1A1T1I3F2,1,1,1,3,2,"(1,3,3,2)",81,CUT,CUT=72/81;ASSEMBLE+INSPECT=216/648,false
C1A1T1I3F3,1,1,1,3,3,"(1,3,3,3)",81,CUT,CUT=72/81;ASSEMBLE+INSPECT=216/729,false
C1A1T1I4F0,1,1,1,4,0,"(1,3,4,0)",81,CUT,CUT=72/81;ASSEMBLE=96/243;INSPECT=120/324,false
C1A1T1I4F1,1,1,1,4,1,"(1,3,4,1)",81,CUT,CUT=72/81;ASSEMBLE+INSPECT=216/648,false
C1A1T1I4F2,1,1,1,4,2,"(1,3,4,2)",81,CUT,CUT=72/81;ASSEMBLE+INSPECT=216/729,false
C1A1T1I4F3,1,1,1,4,3,"(1,3,4,3)",81,CUT,CUT=72/81;ASSEMBLE+INSPECT=216/810,false
C1A1T2I0F1,1,1,2,0,1,"(1,5,0,1)",127,CUT,CUT=72/127;ASSEMBLE+INSPECT=216/762,false
C1A1T2I0F2,1,1,2,0,2,"(1,5,0,2)",81,CUT,CUT=72/81;ASSEMBLE+INSPECT=216/567,false
C1A1T2I0F3,1,1,2,0,3,"(1,5,0,3)",81,CUT,CUT=72/81;ASSEMBLE+INSPECT=216/648,false
C1A1T2I1F0,1,1,2,1,0,"(1,5,1,0)",127,INSPECT,CUT=72/127;ASSEMBLE=96/635;INSPECT=120/127,false
C1A1T2I1F1,1,1,2,1,1,"(1,5,1,1)",81,CUT,CUT=72/81;ASSEMBLE+INSPECT=216/567,false
C1A1T2I1F2,1,1,2,1,2,"(1,5,1,2)",81,CUT,CUT=72/81;ASSEMBLE+INSPECT=216/648,false
C1A1T2I1F3,1,1,2,1,3,"(1,5,1,3)",81,CUT,CUT=72/81;ASSEMBLE+INSPECT=216/729,false
C1A1T2I2F0,1,1,2,2,0,"(1,5,2,0)",81,CUT,CUT=72/81;ASSEMBLE=96/405;INSPECT=120/162,false
C1A1T2I2F1,1,1,2,2,1,"(1,5,2,1)",81,CUT,CUT=72/81;ASSEMBLE+INSPECT=216/648,false
C1A1T2I2F2,1,1,2,2,2,"(1,5,2,2)",81,CUT,CUT=72/81;ASSEMBLE+INSPECT=216/729,false
C1A1T2I2F3,1,1,2,2,3,"(1,5,2,3)",81,CUT,CUT=72/81;ASSEMBLE+INSPECT=216/810,false
C1A1T2I3F0,1,1,2,3,0,"(1,5,3,0)",81,CUT,CUT=72/81;ASSEMBLE=96/405;INSPECT=120/243,false
C1A1T2I3F1,1,1,2,3,1,"(1,5,3,1)",81,CUT,CUT=72/81;ASSEMBLE+INSPECT=216/729,false
C1A1T2I3F2,1,1,2,3,2,"(1,5,3,2)",81,CUT,CUT=72/81;ASSEMBLE+INSPECT=216/810,false
C1A1T2I3F3,1,1,2,3,3,"(1,5,3,3)",81,CUT,CUT=72/81;ASSEMBLE+INSPECT=216/891,false
C1A1T2I4F0,1,1,2,4,0,"(1,5,4,0)",81,CUT,CUT=72/81;ASSEMBLE=96/405;INSPECT=120/324,false
C1A1T2I4F1,1,1,2,4,1,"(1,5,4,1)",81,CUT,CUT=72/81;ASSEMBLE+INSPECT=216/810,false
C1A1T2I4F2,1,1,2,4,2,"(1,5,4,2)",81,CUT,CUT=72/81;ASSEMBLE+INSPECT=216/891,false
C1A1T2I4F3,1,1,2,4,3,"(1,5,4,3)",81,CUT,CUT=72/81;ASSEMBLE+INSPECT=216/972,false
C1A1T3I0F1,1,1,3,0,1,"(1,7,0,1)",127,CUT,CUT=72/127;ASSEMBLE+INSPECT=216/1016,false
C1A1T3I0F2,1,1,3,0,2,"(1,7,0,2)",81,CUT,CUT=72/81;ASSEMBLE+INSPECT=216/729,false
C1A1T3I0F3,1,1,3,0,3,"(1,7,0,3)",81,CUT,CUT=72/81;ASSEMBLE+INSPECT=216/810,false
C1A1T3I1F0,1,1,3,1,0,"(1,7,1,0)",127,INSPECT,CUT=72/127;ASSEMBLE=96/889;INSPECT=120/127,false
C1A1T3I1F1,1,1,3,1,1,"(1,7,1,1)",81,CUT,CUT=72/81;ASSEMBLE+INSPECT=216/729,false
C1A1T3I1F2,1,1,3,1,2,"(1,7,1,2)",81,CUT,CUT=72/81;ASSEMBLE+INSPECT=216/810,false
C1A1T3I1F3,1,1,3,1,3,"(1,7,1,3)",81,CUT,CUT=72/81;ASSEMBLE+INSPECT=216/891,false
C1A1T3I2F0,1,1,3,2,0,"(1,7,2,0)",81,CUT,CUT=72/81;ASSEMBLE=96/567;INSPECT=120/162,false
C1A1T3I2F1,1,1,3,2,1,"(1,7,2,1)",81,CUT,CUT=72/81;ASSEMBLE+INSPECT=216/810,false
C1A1T3I2F2,1,1,3,2,2,"(1,7,2,2)",81,CUT,CUT=72/81;ASSEMBLE+INSPECT=216/891,false
C1A1T3I2F3,1,1,3,2,3,"(1,7,2,3)",81,CUT,CUT=72/81;ASSEMBLE+INSPECT=216/972,false
C1A1T3I3F0,1,1,3,3,0,"(1,7,3,0)",81,CUT,CUT=72/81;ASSEMBLE=96/567;INSPECT=120/243,false
C1A1T3I3F1,1,1,3,3,1,"(1,7,3,1)",81,CUT,CUT=72/81;ASSEMBLE+INSPECT=216/891,false
C1A1T3I3F2,1,1,3,3,2,"(1,7,3,2)",81,CUT,CUT=72/81;ASSEMBLE+INSPECT=216/972,false
C1A1T3I3F3,1,1,3,3,3,"(1,7,3,3)",81,CUT,CUT=72/81;ASSEMBLE+INSPECT=216/1053,false
C1A1T3I4F0,1,1,3,4,0,"(1,7,4,0)",81,CUT,CUT=72/81;ASSEMBLE=96/567;INSPECT=120/324,false
C1A1T3I4F1,1,1,3,4,1,"(1,7,4,1)",81,CUT,CUT=72/81;ASSEMBLE+INSPECT=216/972,false
C1A1T3I4F2,1,1,3,4,2,"(1,7,4,2)",81,CUT,CUT=72/81;ASSEMBLE+INSPECT=216/1053,false
C1A1T3I4F3,1,1,3,4,3,"(1,7,4,3)",81,CUT,CUT=72/81;ASSEMBLE+INSPECT=216/1134,false
C1A2T0I0F1,1,2,0,0,1,"(1,2,0,1)",127,CUT|ASSEMBLE+INSPECT,CUT=72/127;ASSEMBLE+INSPECT=216/381,false
C1A2T0I0F2,1,2,0,0,2,"(1,2,0,2)",81,CUT,CUT=72/81;ASSEMBLE+INSPECT=216/324,false
C1A2T0I0F3,1,2,0,0,3,"(1,2,0,3)",81,CUT,CUT=72/81;ASSEMBLE+INSPECT=216/405,false
C1A2T0I1F0,1,2,0,1,0,"(1,2,1,0)",127,INSPECT,CUT=72/127;ASSEMBLE=96/254;INSPECT=120/127,false
C1A2T0I1F1,1,2,0,1,1,"(1,2,1,1)",81,CUT,CUT=72/81;ASSEMBLE+INSPECT=216/324,false
C1A2T0I1F2,1,2,0,1,2,"(1,2,1,2)",81,CUT,CUT=72/81;ASSEMBLE+INSPECT=216/405,false
C1A2T0I1F3,1,2,0,1,3,"(1,2,1,3)",81,CUT,CUT=72/81;ASSEMBLE+INSPECT=216/486,false
C1A2T0I2F0,1,2,0,2,0,"(1,2,2,0)",81,CUT,CUT=72/81;ASSEMBLE=96/162;INSPECT=120/162,false
C1A2T0I2F1,1,2,0,2,1,"(1,2,2,1)",81,CUT,CUT=72/81;ASSEMBLE+INSPECT=216/405,false
C1A2T0I2F2,1,2,0,2,2,"(1,2,2,2)",81,CUT,CUT=72/81;ASSEMBLE+INSPECT=216/486,false
C1A2T0I2F3,1,2,0,2,3,"(1,2,2,3)",81,CUT,CUT=72/81;ASSEMBLE+INSPECT=216/567,false
C1A2T0I3F0,1,2,0,3,0,"(1,2,3,0)",81,CUT,CUT=72/81;ASSEMBLE=96/162;INSPECT=120/243,false
C1A2T0I3F1,1,2,0,3,1,"(1,2,3,1)",81,CUT,CUT=72/81;ASSEMBLE+INSPECT=216/486,false
C1A2T0I3F2,1,2,0,3,2,"(1,2,3,2)",81,CUT,CUT=72/81;ASSEMBLE+INSPECT=216/567,false
C1A2T0I3F3,1,2,0,3,3,"(1,2,3,3)",81,CUT,CUT=72/81;ASSEMBLE+INSPECT=216/648,false
C1A2T0I4F0,1,2,0,4,0,"(1,2,4,0)",81,CUT,CUT=72/81;ASSEMBLE=96/162;INSPECT=120/324,false
C1A2T0I4F1,1,2,0,4,1,"(1,2,4,1)",81,CUT,CUT=72/81;ASSEMBLE+INSPECT=216/567,false
C1A2T0I4F2,1,2,0,4,2,"(1,2,4,2)",81,CUT,CUT=72/81;ASSEMBLE+INSPECT=216/648,false
C1A2T0I4F3,1,2,0,4,3,"(1,2,4,3)",81,CUT,CUT=72/81;ASSEMBLE+INSPECT=216/729,false
C1A2T1I0F1,1,2,1,0,1,"(1,4,0,1)",127,CUT,CUT=72/127;ASSEMBLE+INSPECT=216/635,false
C1A2T1I0F2,1,2,1,0,2,"(1,4,0,2)",81,CUT,CUT=72/81;ASSEMBLE+INSPECT=216/486,false
C1A2T1I0F3,1,2,1,0,3,"(1,4,0,3)",81,CUT,CUT=72/81;ASSEMBLE+INSPECT=216/567,false
C1A2T1I1F0,1,2,1,1,0,"(1,4,1,0)",127,INSPECT,CUT=72/127;ASSEMBLE=96/508;INSPECT=120/127,false
C1A2T1I1F1,1,2,1,1,1,"(1,4,1,1)",81,CUT,CUT=72/81;ASSEMBLE+INSPECT=216/486,false
C1A2T1I1F2,1,2,1,1,2,"(1,4,1,2)",81,CUT,CUT=72/81;ASSEMBLE+INSPECT=216/567,false
C1A2T1I1F3,1,2,1,1,3,"(1,4,1,3)",81,CUT,CUT=72/81;ASSEMBLE+INSPECT=216/648,false
C1A2T1I2F0,1,2,1,2,0,"(1,4,2,0)",81,CUT,CUT=72/81;ASSEMBLE=96/324;INSPECT=120/162,false
C1A2T1I2F1,1,2,1,2,1,"(1,4,2,1)",81,CUT,CUT=72/81;ASSEMBLE+INSPECT=216/567,false
C1A2T1I2F2,1,2,1,2,2,"(1,4,2,2)",81,CUT,CUT=72/81;ASSEMBLE+INSPECT=216/648,false
C1A2T1I2F3,1,2,1,2,3,"(1,4,2,3)",81,CUT,CUT=72/81;ASSEMBLE+INSPECT=216/729,false
C1A2T1I3F0,1,2,1,3,0,"(1,4,3,0)",81,CUT,CUT=72/81;ASSEMBLE=96/324;INSPECT=120/243,false
C1A2T1I3F1,1,2,1,3,1,"(1,4,3,1)",81,CUT,CUT=72/81;ASSEMBLE+INSPECT=216/648,false
C1A2T1I3F2,1,2,1,3,2,"(1,4,3,2)",81,CUT,CUT=72/81;ASSEMBLE+INSPECT=216/729,false
C1A2T1I3F3,1,2,1,3,3,"(1,4,3,3)",81,CUT,CUT=72/81;ASSEMBLE+INSPECT=216/810,false
C1A2T1I4F0,1,2,1,4,0,"(1,4,4,0)",81,CUT,CUT=72/81;ASSEMBLE=96/324;INSPECT=120/324,false
C1A2T1I4F1,1,2,1,4,1,"(1,4,4,1)",81,CUT,CUT=72/81;ASSEMBLE+INSPECT=216/729,false
C1A2T1I4F2,1,2,1,4,2,"(1,4,4,2)",81,CUT,CUT=72/81;ASSEMBLE+INSPECT=216/810,false
C1A2T1I4F3,1,2,1,4,3,"(1,4,4,3)",81,CUT,CUT=72/81;ASSEMBLE+INSPECT=216/891,false
C1A2T2I0F1,1,2,2,0,1,"(1,6,0,1)",127,CUT,CUT=72/127;ASSEMBLE+INSPECT=216/889,false
C1A2T2I0F2,1,2,2,0,2,"(1,6,0,2)",81,CUT,CUT=72/81;ASSEMBLE+INSPECT=216/648,false
C1A2T2I0F3,1,2,2,0,3,"(1,6,0,3)",81,CUT,CUT=72/81;ASSEMBLE+INSPECT=216/729,false
C1A2T2I1F0,1,2,2,1,0,"(1,6,1,0)",127,INSPECT,CUT=72/127;ASSEMBLE=96/762;INSPECT=120/127,false
C1A2T2I1F1,1,2,2,1,1,"(1,6,1,1)",81,CUT,CUT=72/81;ASSEMBLE+INSPECT=216/648,false
C1A2T2I1F2,1,2,2,1,2,"(1,6,1,2)",81,CUT,CUT=72/81;ASSEMBLE+INSPECT=216/729,false
C1A2T2I1F3,1,2,2,1,3,"(1,6,1,3)",81,CUT,CUT=72/81;ASSEMBLE+INSPECT=216/810,false
C1A2T2I2F0,1,2,2,2,0,"(1,6,2,0)",81,CUT,CUT=72/81;ASSEMBLE=96/486;INSPECT=120/162,false
C1A2T2I2F1,1,2,2,2,1,"(1,6,2,1)",81,CUT,CUT=72/81;ASSEMBLE+INSPECT=216/729,false
C1A2T2I2F2,1,2,2,2,2,"(1,6,2,2)",81,CUT,CUT=72/81;ASSEMBLE+INSPECT=216/810,false
C1A2T2I2F3,1,2,2,2,3,"(1,6,2,3)",81,CUT,CUT=72/81;ASSEMBLE+INSPECT=216/891,false
C1A2T2I3F0,1,2,2,3,0,"(1,6,3,0)",81,CUT,CUT=72/81;ASSEMBLE=96/486;INSPECT=120/243,false
C1A2T2I3F1,1,2,2,3,1,"(1,6,3,1)",81,CUT,CUT=72/81;ASSEMBLE+INSPECT=216/810,false
C1A2T2I3F2,1,2,2,3,2,"(1,6,3,2)",81,CUT,CUT=72/81;ASSEMBLE+INSPECT=216/891,false
C1A2T2I3F3,1,2,2,3,3,"(1,6,3,3)",81,CUT,CUT=72/81;ASSEMBLE+INSPECT=216/972,false
C1A2T2I4F0,1,2,2,4,0,"(1,6,4,0)",81,CUT,CUT=72/81;ASSEMBLE=96/486;INSPECT=120/324,false
C1A2T2I4F1,1,2,2,4,1,"(1,6,4,1)",81,CUT,CUT=72/81;ASSEMBLE+INSPECT=216/891,false
C1A2T2I4F2,1,2,2,4,2,"(1,6,4,2)",81,CUT,CUT=72/81;ASSEMBLE+INSPECT=216/972,false
C1A2T2I4F3,1,2,2,4,3,"(1,6,4,3)",81,CUT,CUT=72/81;ASSEMBLE+INSPECT=216/1053,false
C1A2T3I0F1,1,2,3,0,1,"(1,8,0,1)",127,CUT,CUT=72/127;ASSEMBLE+INSPECT=216/1143,false
C1A2T3I0F2,1,2,3,0,2,"(1,8,0,2)",81,CUT,CUT=72/81;ASSEMBLE+INSPECT=216/810,false
C1A2T3I0F3,1,2,3,0,3,"(1,8,0,3)",81,CUT,CUT=72/81;ASSEMBLE+INSPECT=216/891,false
C1A2T3I1F0,1,2,3,1,0,"(1,8,1,0)",127,INSPECT,CUT=72/127;ASSEMBLE=96/1016;INSPECT=120/127,false
C1A2T3I1F1,1,2,3,1,1,"(1,8,1,1)",81,CUT,CUT=72/81;ASSEMBLE+INSPECT=216/810,false
C1A2T3I1F2,1,2,3,1,2,"(1,8,1,2)",81,CUT,CUT=72/81;ASSEMBLE+INSPECT=216/891,false
C1A2T3I1F3,1,2,3,1,3,"(1,8,1,3)",81,CUT,CUT=72/81;ASSEMBLE+INSPECT=216/972,false
C1A2T3I2F0,1,2,3,2,0,"(1,8,2,0)",81,CUT,CUT=72/81;ASSEMBLE=96/648;INSPECT=120/162,false
C1A2T3I2F1,1,2,3,2,1,"(1,8,2,1)",81,CUT,CUT=72/81;ASSEMBLE+INSPECT=216/891,false
C1A2T3I2F2,1,2,3,2,2,"(1,8,2,2)",81,CUT,CUT=72/81;ASSEMBLE+INSPECT=216/972,false
C1A2T3I2F3,1,2,3,2,3,"(1,8,2,3)",81,CUT,CUT=72/81;ASSEMBLE+INSPECT=216/1053,false
C1A2T3I3F0,1,2,3,3,0,"(1,8,3,0)",81,CUT,CUT=72/81;ASSEMBLE=96/648;INSPECT=120/243,false
C1A2T3I3F1,1,2,3,3,1,"(1,8,3,1)",81,CUT,CUT=72/81;ASSEMBLE+INSPECT=216/972,false
C1A2T3I3F2,1,2,3,3,2,"(1,8,3,2)",81,CUT,CUT=72/81;ASSEMBLE+INSPECT=216/1053,false
C1A2T3I3F3,1,2,3,3,3,"(1,8,3,3)",81,CUT,CUT=72/81;ASSEMBLE+INSPECT=216/1134,false
C1A2T3I4F0,1,2,3,4,0,"(1,8,4,0)",81,CUT,CUT=72/81;ASSEMBLE=96/648;INSPECT=120/324,false
C1A2T3I4F1,1,2,3,4,1,"(1,8,4,1)",81,CUT,CUT=72/81;ASSEMBLE+INSPECT=216/1053,false
C1A2T3I4F2,1,2,3,4,2,"(1,8,4,2)",81,CUT,CUT=72/81;ASSEMBLE+INSPECT=216/1134,false
C1A2T3I4F3,1,2,3,4,3,"(1,8,4,3)",81,CUT,CUT=72/81;ASSEMBLE+INSPECT=216/1215,false
C1A3T0I0F1,1,3,0,0,1,"(1,3,0,1)",127,CUT,CUT=72/127;ASSEMBLE+INSPECT=216/508,false
C1A3T0I0F2,1,3,0,0,2,"(1,3,0,2)",81,CUT,CUT=72/81;ASSEMBLE+INSPECT=216/405,false
C1A3T0I0F3,1,3,0,0,3,"(1,3,0,3)",81,CUT,CUT=72/81;ASSEMBLE+INSPECT=216/486,false
C1A3T0I1F0,1,3,0,1,0,"(1,3,1,0)",127,INSPECT,CUT=72/127;ASSEMBLE=96/381;INSPECT=120/127,false
C1A3T0I1F1,1,3,0,1,1,"(1,3,1,1)",81,CUT,CUT=72/81;ASSEMBLE+INSPECT=216/405,false
C1A3T0I1F2,1,3,0,1,2,"(1,3,1,2)",81,CUT,CUT=72/81;ASSEMBLE+INSPECT=216/486,false
C1A3T0I1F3,1,3,0,1,3,"(1,3,1,3)",81,CUT,CUT=72/81;ASSEMBLE+INSPECT=216/567,false
C1A3T0I2F0,1,3,0,2,0,"(1,3,2,0)",81,CUT,CUT=72/81;ASSEMBLE=96/243;INSPECT=120/162,false
C1A3T0I2F1,1,3,0,2,1,"(1,3,2,1)",81,CUT,CUT=72/81;ASSEMBLE+INSPECT=216/486,false
C1A3T0I2F2,1,3,0,2,2,"(1,3,2,2)",81,CUT,CUT=72/81;ASSEMBLE+INSPECT=216/567,false
C1A3T0I2F3,1,3,0,2,3,"(1,3,2,3)",81,CUT,CUT=72/81;ASSEMBLE+INSPECT=216/648,false
C1A3T0I3F0,1,3,0,3,0,"(1,3,3,0)",81,CUT,CUT=72/81;ASSEMBLE=96/243;INSPECT=120/243,false
C1A3T0I3F1,1,3,0,3,1,"(1,3,3,1)",81,CUT,CUT=72/81;ASSEMBLE+INSPECT=216/567,false
C1A3T0I3F2,1,3,0,3,2,"(1,3,3,2)",81,CUT,CUT=72/81;ASSEMBLE+INSPECT=216/648,false
C1A3T0I3F3,1,3,0,3,3,"(1,3,3,3)",81,CUT,CUT=72/81;ASSEMBLE+INSPECT=216/729,false
C1A3T0I4F0,1,3,0,4,0,"(1,3,4,0)",81,CUT,CUT=72/81;ASSEMBLE=96/243;INSPECT=120/324,false
C1A3T0I4F1,1,3,0,4,1,"(1,3,4,1)",81,CUT,CUT=72/81;ASSEMBLE+INSPECT=216/648,false
C1A3T0I4F2,1,3,0,4,2,"(1,3,4,2)",81,CUT,CUT=72/81;ASSEMBLE+INSPECT=216/729,false
C1A3T0I4F3,1,3,0,4,3,"(1,3,4,3)",81,CUT,CUT=72/81;ASSEMBLE+INSPECT=216/810,false
C1A3T1I0F1,1,3,1,0,1,"(1,5,0,1)",127,CUT,CUT=72/127;ASSEMBLE+INSPECT=216/762,false
C1A3T1I0F2,1,3,1,0,2,"(1,5,0,2)",81,CUT,CUT=72/81;ASSEMBLE+INSPECT=216/567,false
C1A3T1I0F3,1,3,1,0,3,"(1,5,0,3)",81,CUT,CUT=72/81;ASSEMBLE+INSPECT=216/648,false
C1A3T1I1F0,1,3,1,1,0,"(1,5,1,0)",127,INSPECT,CUT=72/127;ASSEMBLE=96/635;INSPECT=120/127,false
C1A3T1I1F1,1,3,1,1,1,"(1,5,1,1)",81,CUT,CUT=72/81;ASSEMBLE+INSPECT=216/567,false
C1A3T1I1F2,1,3,1,1,2,"(1,5,1,2)",81,CUT,CUT=72/81;ASSEMBLE+INSPECT=216/648,false
C1A3T1I1F3,1,3,1,1,3,"(1,5,1,3)",81,CUT,CUT=72/81;ASSEMBLE+INSPECT=216/729,false
C1A3T1I2F0,1,3,1,2,0,"(1,5,2,0)",81,CUT,CUT=72/81;ASSEMBLE=96/405;INSPECT=120/162,false
C1A3T1I2F1,1,3,1,2,1,"(1,5,2,1)",81,CUT,CUT=72/81;ASSEMBLE+INSPECT=216/648,false
C1A3T1I2F2,1,3,1,2,2,"(1,5,2,2)",81,CUT,CUT=72/81;ASSEMBLE+INSPECT=216/729,false
C1A3T1I2F3,1,3,1,2,3,"(1,5,2,3)",81,CUT,CUT=72/81;ASSEMBLE+INSPECT=216/810,false
C1A3T1I3F0,1,3,1,3,0,"(1,5,3,0)",81,CUT,CUT=72/81;ASSEMBLE=96/405;INSPECT=120/243,false
C1A3T1I3F1,1,3,1,3,1,"(1,5,3,1)",81,CUT,CUT=72/81;ASSEMBLE+INSPECT=216/729,false
C1A3T1I3F2,1,3,1,3,2,"(1,5,3,2)",81,CUT,CUT=72/81;ASSEMBLE+INSPECT=216/810,false
C1A3T1I3F3,1,3,1,3,3,"(1,5,3,3)",81,CUT,CUT=72/81;ASSEMBLE+INSPECT=216/891,false
C1A3T1I4F0,1,3,1,4,0,"(1,5,4,0)",81,CUT,CUT=72/81;ASSEMBLE=96/405;INSPECT=120/324,false
C1A3T1I4F1,1,3,1,4,1,"(1,5,4,1)",81,CUT,CUT=72/81;ASSEMBLE+INSPECT=216/810,false
C1A3T1I4F2,1,3,1,4,2,"(1,5,4,2)",81,CUT,CUT=72/81;ASSEMBLE+INSPECT=216/891,false
C1A3T1I4F3,1,3,1,4,3,"(1,5,4,3)",81,CUT,CUT=72/81;ASSEMBLE+INSPECT=216/972,false
C1A3T2I0F1,1,3,2,0,1,"(1,7,0,1)",127,CUT,CUT=72/127;ASSEMBLE+INSPECT=216/1016,false
C1A3T2I0F2,1,3,2,0,2,"(1,7,0,2)",81,CUT,CUT=72/81;ASSEMBLE+INSPECT=216/729,false
C1A3T2I0F3,1,3,2,0,3,"(1,7,0,3)",81,CUT,CUT=72/81;ASSEMBLE+INSPECT=216/810,false
C1A3T2I1F0,1,3,2,1,0,"(1,7,1,0)",127,INSPECT,CUT=72/127;ASSEMBLE=96/889;INSPECT=120/127,false
C1A3T2I1F1,1,3,2,1,1,"(1,7,1,1)",81,CUT,CUT=72/81;ASSEMBLE+INSPECT=216/729,false
C1A3T2I1F2,1,3,2,1,2,"(1,7,1,2)",81,CUT,CUT=72/81;ASSEMBLE+INSPECT=216/810,false
C1A3T2I1F3,1,3,2,1,3,"(1,7,1,3)",81,CUT,CUT=72/81;ASSEMBLE+INSPECT=216/891,false
C1A3T2I2F0,1,3,2,2,0,"(1,7,2,0)",81,CUT,CUT=72/81;ASSEMBLE=96/567;INSPECT=120/162,false
C1A3T2I2F1,1,3,2,2,1,"(1,7,2,1)",81,CUT,CUT=72/81;ASSEMBLE+INSPECT=216/810,false
C1A3T2I2F2,1,3,2,2,2,"(1,7,2,2)",81,CUT,CUT=72/81;ASSEMBLE+INSPECT=216/891,false
C1A3T2I2F3,1,3,2,2,3,"(1,7,2,3)",81,CUT,CUT=72/81;ASSEMBLE+INSPECT=216/972,false
C1A3T2I3F0,1,3,2,3,0,"(1,7,3,0)",81,CUT,CUT=72/81;ASSEMBLE=96/567;INSPECT=120/243,false
C1A3T2I3F1,1,3,2,3,1,"(1,7,3,1)",81,CUT,CUT=72/81;ASSEMBLE+INSPECT=216/891,false
C1A3T2I3F2,1,3,2,3,2,"(1,7,3,2)",81,CUT,CUT=72/81;ASSEMBLE+INSPECT=216/972,false
C1A3T2I3F3,1,3,2,3,3,"(1,7,3,3)",81,CUT,CUT=72/81;ASSEMBLE+INSPECT=216/1053,false
C1A3T2I4F0,1,3,2,4,0,"(1,7,4,0)",81,CUT,CUT=72/81;ASSEMBLE=96/567;INSPECT=120/324,false
C1A3T2I4F1,1,3,2,4,1,"(1,7,4,1)",81,CUT,CUT=72/81;ASSEMBLE+INSPECT=216/972,false
C1A3T2I4F2,1,3,2,4,2,"(1,7,4,2)",81,CUT,CUT=72/81;ASSEMBLE+INSPECT=216/1053,false
C1A3T2I4F3,1,3,2,4,3,"(1,7,4,3)",81,CUT,CUT=72/81;ASSEMBLE+INSPECT=216/1134,false
C1A3T3I0F1,1,3,3,0,1,"(1,9,0,1)",127,CUT,CUT=72/127;ASSEMBLE+INSPECT=216/1270,false
C1A3T3I0F2,1,3,3,0,2,"(1,9,0,2)",81,CUT,CUT=72/81;ASSEMBLE+INSPECT=216/891,false
C1A3T3I0F3,1,3,3,0,3,"(1,9,0,3)",81,CUT,CUT=72/81;ASSEMBLE+INSPECT=216/972,false
C1A3T3I1F0,1,3,3,1,0,"(1,9,1,0)",127,INSPECT,CUT=72/127;ASSEMBLE=96/1143;INSPECT=120/127,false
C1A3T3I1F1,1,3,3,1,1,"(1,9,1,1)",81,CUT,CUT=72/81;ASSEMBLE+INSPECT=216/891,false
C1A3T3I1F2,1,3,3,1,2,"(1,9,1,2)",81,CUT,CUT=72/81;ASSEMBLE+INSPECT=216/972,false
C1A3T3I1F3,1,3,3,1,3,"(1,9,1,3)",81,CUT,CUT=72/81;ASSEMBLE+INSPECT=216/1053,false
C1A3T3I2F0,1,3,3,2,0,"(1,9,2,0)",81,CUT,CUT=72/81;ASSEMBLE=96/729;INSPECT=120/162,false
C1A3T3I2F1,1,3,3,2,1,"(1,9,2,1)",81,CUT,CUT=72/81;ASSEMBLE+INSPECT=216/972,false
C1A3T3I2F2,1,3,3,2,2,"(1,9,2,2)",81,CUT,CUT=72/81;ASSEMBLE+INSPECT=216/1053,false
C1A3T3I2F3,1,3,3,2,3,"(1,9,2,3)",81,CUT,CUT=72/81;ASSEMBLE+INSPECT=216/1134,false
C1A3T3I3F0,1,3,3,3,0,"(1,9,3,0)",81,CUT,CUT=72/81;ASSEMBLE=96/729;INSPECT=120/243,false
C1A3T3I3F1,1,3,3,3,1,"(1,9,3,1)",81,CUT,CUT=72/81;ASSEMBLE+INSPECT=216/1053,false
C1A3T3I3F2,1,3,3,3,2,"(1,9,3,2)",81,CUT,CUT=72/81;ASSEMBLE+INSPECT=216/1134,false
C1A3T3I3F3,1,3,3,3,3,"(1,9,3,3)",81,CUT,CUT=72/81;ASSEMBLE+INSPECT=216/1215,false
C1A3T3I4F0,1,3,3,4,0,"(1,9,4,0)",81,CUT,CUT=72/81;ASSEMBLE=96/729;INSPECT=120/324,false
C1A3T3I4F1,1,3,3,4,1,"(1,9,4,1)",81,CUT,CUT=72/81;ASSEMBLE+INSPECT=216/1134,false
C1A3T3I4F2,1,3,3,4,2,"(1,9,4,2)",81,CUT,CUT=72/81;ASSEMBLE+INSPECT=216/1215,false
C1A3T3I4F3,1,3,3,4,3,"(1,9,4,3)",81,CUT,CUT=72/81;ASSEMBLE+INSPECT=216/1296,false
C1A4T0I0F1,1,4,0,0,1,"(1,4,0,1)",127,CUT,CUT=72/127;ASSEMBLE+INSPECT=216/635,false
C1A4T0I0F2,1,4,0,0,2,"(1,4,0,2)",81,CUT,CUT=72/81;ASSEMBLE+INSPECT=216/486,false
C1A4T0I0F3,1,4,0,0,3,"(1,4,0,3)",81,CUT,CUT=72/81;ASSEMBLE+INSPECT=216/567,false
C1A4T0I1F0,1,4,0,1,0,"(1,4,1,0)",127,INSPECT,CUT=72/127;ASSEMBLE=96/508;INSPECT=120/127,false
C1A4T0I1F1,1,4,0,1,1,"(1,4,1,1)",81,CUT,CUT=72/81;ASSEMBLE+INSPECT=216/486,false
C1A4T0I1F2,1,4,0,1,2,"(1,4,1,2)",81,CUT,CUT=72/81;ASSEMBLE+INSPECT=216/567,false
C1A4T0I1F3,1,4,0,1,3,"(1,4,1,3)",81,CUT,CUT=72/81;ASSEMBLE+INSPECT=216/648,false
C1A4T0I2F0,1,4,0,2,0,"(1,4,2,0)",81,CUT,CUT=72/81;ASSEMBLE=96/324;INSPECT=120/162,false
C1A4T0I2F1,1,4,0,2,1,"(1,4,2,1)",81,CUT,CUT=72/81;ASSEMBLE+INSPECT=216/567,false
C1A4T0I2F2,1,4,0,2,2,"(1,4,2,2)",81,CUT,CUT=72/81;ASSEMBLE+INSPECT=216/648,false
C1A4T0I2F3,1,4,0,2,3,"(1,4,2,3)",81,CUT,CUT=72/81;ASSEMBLE+INSPECT=216/729,false
C1A4T0I3F0,1,4,0,3,0,"(1,4,3,0)",81,CUT,CUT=72/81;ASSEMBLE=96/324;INSPECT=120/243,false
C1A4T0I3F1,1,4,0,3,1,"(1,4,3,1)",81,CUT,CUT=72/81;ASSEMBLE+INSPECT=216/648,false
C1A4T0I3F2,1,4,0,3,2,"(1,4,3,2)",81,CUT,CUT=72/81;ASSEMBLE+INSPECT=216/729,false
C1A4T0I3F3,1,4,0,3,3,"(1,4,3,3)",81,CUT,CUT=72/81;ASSEMBLE+INSPECT=216/810,false
C1A4T0I4F0,1,4,0,4,0,"(1,4,4,0)",81,CUT,CUT=72/81;ASSEMBLE=96/324;INSPECT=120/324,false
C1A4T0I4F1,1,4,0,4,1,"(1,4,4,1)",81,CUT,CUT=72/81;ASSEMBLE+INSPECT=216/729,false
C1A4T0I4F2,1,4,0,4,2,"(1,4,4,2)",81,CUT,CUT=72/81;ASSEMBLE+INSPECT=216/810,false
C1A4T0I4F3,1,4,0,4,3,"(1,4,4,3)",81,CUT,CUT=72/81;ASSEMBLE+INSPECT=216/891,false
C1A4T1I0F1,1,4,1,0,1,"(1,6,0,1)",127,CUT,CUT=72/127;ASSEMBLE+INSPECT=216/889,false
C1A4T1I0F2,1,4,1,0,2,"(1,6,0,2)",81,CUT,CUT=72/81;ASSEMBLE+INSPECT=216/648,false
C1A4T1I0F3,1,4,1,0,3,"(1,6,0,3)",81,CUT,CUT=72/81;ASSEMBLE+INSPECT=216/729,false
C1A4T1I1F0,1,4,1,1,0,"(1,6,1,0)",127,INSPECT,CUT=72/127;ASSEMBLE=96/762;INSPECT=120/127,false
C1A4T1I1F1,1,4,1,1,1,"(1,6,1,1)",81,CUT,CUT=72/81;ASSEMBLE+INSPECT=216/648,false
C1A4T1I1F2,1,4,1,1,2,"(1,6,1,2)",81,CUT,CUT=72/81;ASSEMBLE+INSPECT=216/729,false
C1A4T1I1F3,1,4,1,1,3,"(1,6,1,3)",81,CUT,CUT=72/81;ASSEMBLE+INSPECT=216/810,false
C1A4T1I2F0,1,4,1,2,0,"(1,6,2,0)",81,CUT,CUT=72/81;ASSEMBLE=96/486;INSPECT=120/162,false
C1A4T1I2F1,1,4,1,2,1,"(1,6,2,1)",81,CUT,CUT=72/81;ASSEMBLE+INSPECT=216/729,false
C1A4T1I2F2,1,4,1,2,2,"(1,6,2,2)",81,CUT,CUT=72/81;ASSEMBLE+INSPECT=216/810,false
C1A4T1I2F3,1,4,1,2,3,"(1,6,2,3)",81,CUT,CUT=72/81;ASSEMBLE+INSPECT=216/891,false
C1A4T1I3F0,1,4,1,3,0,"(1,6,3,0)",81,CUT,CUT=72/81;ASSEMBLE=96/486;INSPECT=120/243,false
C1A4T1I3F1,1,4,1,3,1,"(1,6,3,1)",81,CUT,CUT=72/81;ASSEMBLE+INSPECT=216/810,false
C1A4T1I3F2,1,4,1,3,2,"(1,6,3,2)",81,CUT,CUT=72/81;ASSEMBLE+INSPECT=216/891,false
C1A4T1I3F3,1,4,1,3,3,"(1,6,3,3)",81,CUT,CUT=72/81;ASSEMBLE+INSPECT=216/972,false
C1A4T1I4F0,1,4,1,4,0,"(1,6,4,0)",81,CUT,CUT=72/81;ASSEMBLE=96/486;INSPECT=120/324,false
C1A4T1I4F1,1,4,1,4,1,"(1,6,4,1)",81,CUT,CUT=72/81;ASSEMBLE+INSPECT=216/891,false
C1A4T1I4F2,1,4,1,4,2,"(1,6,4,2)",81,CUT,CUT=72/81;ASSEMBLE+INSPECT=216/972,false
C1A4T1I4F3,1,4,1,4,3,"(1,6,4,3)",81,CUT,CUT=72/81;ASSEMBLE+INSPECT=216/1053,false
C1A4T2I0F1,1,4,2,0,1,"(1,8,0,1)",127,CUT,CUT=72/127;ASSEMBLE+INSPECT=216/1143,false
C1A4T2I0F2,1,4,2,0,2,"(1,8,0,2)",81,CUT,CUT=72/81;ASSEMBLE+INSPECT=216/810,false
C1A4T2I0F3,1,4,2,0,3,"(1,8,0,3)",81,CUT,CUT=72/81;ASSEMBLE+INSPECT=216/891,false
C1A4T2I1F0,1,4,2,1,0,"(1,8,1,0)",127,INSPECT,CUT=72/127;ASSEMBLE=96/1016;INSPECT=120/127,false
C1A4T2I1F1,1,4,2,1,1,"(1,8,1,1)",81,CUT,CUT=72/81;ASSEMBLE+INSPECT=216/810,false
C1A4T2I1F2,1,4,2,1,2,"(1,8,1,2)",81,CUT,CUT=72/81;ASSEMBLE+INSPECT=216/891,false
C1A4T2I1F3,1,4,2,1,3,"(1,8,1,3)",81,CUT,CUT=72/81;ASSEMBLE+INSPECT=216/972,false
C1A4T2I2F0,1,4,2,2,0,"(1,8,2,0)",81,CUT,CUT=72/81;ASSEMBLE=96/648;INSPECT=120/162,false
C1A4T2I2F1,1,4,2,2,1,"(1,8,2,1)",81,CUT,CUT=72/81;ASSEMBLE+INSPECT=216/891,false
C1A4T2I2F2,1,4,2,2,2,"(1,8,2,2)",81,CUT,CUT=72/81;ASSEMBLE+INSPECT=216/972,false
C1A4T2I2F3,1,4,2,2,3,"(1,8,2,3)",81,CUT,CUT=72/81;ASSEMBLE+INSPECT=216/1053,false
C1A4T2I3F0,1,4,2,3,0,"(1,8,3,0)",81,CUT,CUT=72/81;ASSEMBLE=96/648;INSPECT=120/243,false
C1A4T2I3F1,1,4,2,3,1,"(1,8,3,1)",81,CUT,CUT=72/81;ASSEMBLE+INSPECT=216/972,false
C1A4T2I3F2,1,4,2,3,2,"(1,8,3,2)",81,CUT,CUT=72/81;ASSEMBLE+INSPECT=216/1053,false
C1A4T2I3F3,1,4,2,3,3,"(1,8,3,3)",81,CUT,CUT=72/81;ASSEMBLE+INSPECT=216/1134,false
C1A4T2I4F0,1,4,2,4,0,"(1,8,4,0)",81,CUT,CUT=72/81;ASSEMBLE=96/648;INSPECT=120/324,false
C1A4T2I4F1,1,4,2,4,1,"(1,8,4,1)",81,CUT,CUT=72/81;ASSEMBLE+INSPECT=216/1053,false
C1A4T2I4F2,1,4,2,4,2,"(1,8,4,2)",81,CUT,CUT=72/81;ASSEMBLE+INSPECT=216/1134,false
C1A4T2I4F3,1,4,2,4,3,"(1,8,4,3)",81,CUT,CUT=72/81;ASSEMBLE+INSPECT=216/1215,false
C1A4T3I0F1,1,4,3,0,1,"(1,10,0,1)",127,CUT,CUT=72/127;ASSEMBLE+INSPECT=216/1397,false
C1A4T3I0F2,1,4,3,0,2,"(1,10,0,2)",81,CUT,CUT=72/81;ASSEMBLE+INSPECT=216/972,false
C1A4T3I0F3,1,4,3,0,3,"(1,10,0,3)",81,CUT,CUT=72/81;ASSEMBLE+INSPECT=216/1053,false
C1A4T3I1F0,1,4,3,1,0,"(1,10,1,0)",127,INSPECT,CUT=72/127;ASSEMBLE=96/1270;INSPECT=120/127,false
C1A4T3I1F1,1,4,3,1,1,"(1,10,1,1)",81,CUT,CUT=72/81;ASSEMBLE+INSPECT=216/972,false
C1A4T3I1F2,1,4,3,1,2,"(1,10,1,2)",81,CUT,CUT=72/81;ASSEMBLE+INSPECT=216/1053,false
C1A4T3I1F3,1,4,3,1,3,"(1,10,1,3)",81,CUT,CUT=72/81;ASSEMBLE+INSPECT=216/1134,false
C1A4T3I2F0,1,4,3,2,0,"(1,10,2,0)",81,CUT,CUT=72/81;ASSEMBLE=96/810;INSPECT=120/162,false
C1A4T3I2F1,1,4,3,2,1,"(1,10,2,1)",81,CUT,CUT=72/81;ASSEMBLE+INSPECT=216/1053,false
C1A4T3I2F2,1,4,3,2,2,"(1,10,2,2)",81,CUT,CUT=72/81;ASSEMBLE+INSPECT=216/1134,false
C1A4T3I2F3,1,4,3,2,3,"(1,10,2,3)",81,CUT,CUT=72/81;ASSEMBLE+INSPECT=216/1215,false
C1A4T3I3F0,1,4,3,3,0,"(1,10,3,0)",81,CUT,CUT=72/81;ASSEMBLE=96/810;INSPECT=120/243,false
C1A4T3I3F1,1,4,3,3,1,"(1,10,3,1)",81,CUT,CUT=72/81;ASSEMBLE+INSPECT=216/1134,false
C1A4T3I3F2,1,4,3,3,2,"(1,10,3,2)",81,CUT,CUT=72/81;ASSEMBLE+INSPECT=216/1215,false
C1A4T3I3F3,1,4,3,3,3,"(1,10,3,3)",81,CUT,CUT=72/81;ASSEMBLE+INSPECT=216/1296,false
C1A4T3I4F0,1,4,3,4,0,"(1,10,4,0)",81,CUT,CUT=72/81;ASSEMBLE=96/810;INSPECT=120/324,false
C1A4T3I4F1,1,4,3,4,1,"(1,10,4,1)",81,CUT,CUT=72/81;ASSEMBLE+INSPECT=216/1215,false
C1A4T3I4F2,1,4,3,4,2,"(1,10,4,2)",81,CUT,CUT=72/81;ASSEMBLE+INSPECT=216/1296,false
C1A4T3I4F3,1,4,3,4,3,"(1,10,4,3)",81,CUT,CUT=72/81;ASSEMBLE+INSPECT=216/1377,false
C1A5T0I0F1,1,5,0,0,1,"(1,5,0,1)",127,CUT,CUT=72/127;ASSEMBLE+INSPECT=216/762,false
C1A5T0I0F2,1,5,0,0,2,"(1,5,0,2)",81,CUT,CUT=72/81;ASSEMBLE+INSPECT=216/567,false
C1A5T0I0F3,1,5,0,0,3,"(1,5,0,3)",81,CUT,CUT=72/81;ASSEMBLE+INSPECT=216/648,false
C1A5T0I1F0,1,5,0,1,0,"(1,5,1,0)",127,INSPECT,CUT=72/127;ASSEMBLE=96/635;INSPECT=120/127,false
C1A5T0I1F1,1,5,0,1,1,"(1,5,1,1)",81,CUT,CUT=72/81;ASSEMBLE+INSPECT=216/567,false
C1A5T0I1F2,1,5,0,1,2,"(1,5,1,2)",81,CUT,CUT=72/81;ASSEMBLE+INSPECT=216/648,false
C1A5T0I1F3,1,5,0,1,3,"(1,5,1,3)",81,CUT,CUT=72/81;ASSEMBLE+INSPECT=216/729,false
C1A5T0I2F0,1,5,0,2,0,"(1,5,2,0)",81,CUT,CUT=72/81;ASSEMBLE=96/405;INSPECT=120/162,false
C1A5T0I2F1,1,5,0,2,1,"(1,5,2,1)",81,CUT,CUT=72/81;ASSEMBLE+INSPECT=216/648,false
C1A5T0I2F2,1,5,0,2,2,"(1,5,2,2)",81,CUT,CUT=72/81;ASSEMBLE+INSPECT=216/729,false
C1A5T0I2F3,1,5,0,2,3,"(1,5,2,3)",81,CUT,CUT=72/81;ASSEMBLE+INSPECT=216/810,false
C1A5T0I3F0,1,5,0,3,0,"(1,5,3,0)",81,CUT,CUT=72/81;ASSEMBLE=96/405;INSPECT=120/243,false
C1A5T0I3F1,1,5,0,3,1,"(1,5,3,1)",81,CUT,CUT=72/81;ASSEMBLE+INSPECT=216/729,false
C1A5T0I3F2,1,5,0,3,2,"(1,5,3,2)",81,CUT,CUT=72/81;ASSEMBLE+INSPECT=216/810,false
C1A5T0I3F3,1,5,0,3,3,"(1,5,3,3)",81,CUT,CUT=72/81;ASSEMBLE+INSPECT=216/891,false
C1A5T0I4F0,1,5,0,4,0,"(1,5,4,0)",81,CUT,CUT=72/81;ASSEMBLE=96/405;INSPECT=120/324,false
C1A5T0I4F1,1,5,0,4,1,"(1,5,4,1)",81,CUT,CUT=72/81;ASSEMBLE+INSPECT=216/810,false
C1A5T0I4F2,1,5,0,4,2,"(1,5,4,2)",81,CUT,CUT=72/81;ASSEMBLE+INSPECT=216/891,false
C1A5T0I4F3,1,5,0,4,3,"(1,5,4,3)",81,CUT,CUT=72/81;ASSEMBLE+INSPECT=216/972,false
C1A5T1I0F1,1,5,1,0,1,"(1,7,0,1)",127,CUT,CUT=72/127;ASSEMBLE+INSPECT=216/1016,false
C1A5T1I0F2,1,5,1,0,2,"(1,7,0,2)",81,CUT,CUT=72/81;ASSEMBLE+INSPECT=216/729,false
C1A5T1I0F3,1,5,1,0,3,"(1,7,0,3)",81,CUT,CUT=72/81;ASSEMBLE+INSPECT=216/810,false
C1A5T1I1F0,1,5,1,1,0,"(1,7,1,0)",127,INSPECT,CUT=72/127;ASSEMBLE=96/889;INSPECT=120/127,false
C1A5T1I1F1,1,5,1,1,1,"(1,7,1,1)",81,CUT,CUT=72/81;ASSEMBLE+INSPECT=216/729,false
C1A5T1I1F2,1,5,1,1,2,"(1,7,1,2)",81,CUT,CUT=72/81;ASSEMBLE+INSPECT=216/810,false
C1A5T1I1F3,1,5,1,1,3,"(1,7,1,3)",81,CUT,CUT=72/81;ASSEMBLE+INSPECT=216/891,false
C1A5T1I2F0,1,5,1,2,0,"(1,7,2,0)",81,CUT,CUT=72/81;ASSEMBLE=96/567;INSPECT=120/162,false
C1A5T1I2F1,1,5,1,2,1,"(1,7,2,1)",81,CUT,CUT=72/81;ASSEMBLE+INSPECT=216/810,false
C1A5T1I2F2,1,5,1,2,2,"(1,7,2,2)",81,CUT,CUT=72/81;ASSEMBLE+INSPECT=216/891,false
C1A5T1I2F3,1,5,1,2,3,"(1,7,2,3)",81,CUT,CUT=72/81;ASSEMBLE+INSPECT=216/972,false
C1A5T1I3F0,1,5,1,3,0,"(1,7,3,0)",81,CUT,CUT=72/81;ASSEMBLE=96/567;INSPECT=120/243,false
C1A5T1I3F1,1,5,1,3,1,"(1,7,3,1)",81,CUT,CUT=72/81;ASSEMBLE+INSPECT=216/891,false
C1A5T1I3F2,1,5,1,3,2,"(1,7,3,2)",81,CUT,CUT=72/81;ASSEMBLE+INSPECT=216/972,false
C1A5T1I3F3,1,5,1,3,3,"(1,7,3,3)",81,CUT,CUT=72/81;ASSEMBLE+INSPECT=216/1053,false
C1A5T1I4F0,1,5,1,4,0,"(1,7,4,0)",81,CUT,CUT=72/81;ASSEMBLE=96/567;INSPECT=120/324,false
C1A5T1I4F1,1,5,1,4,1,"(1,7,4,1)",81,CUT,CUT=72/81;ASSEMBLE+INSPECT=216/972,false
C1A5T1I4F2,1,5,1,4,2,"(1,7,4,2)",81,CUT,CUT=72/81;ASSEMBLE+INSPECT=216/1053,false
C1A5T1I4F3,1,5,1,4,3,"(1,7,4,3)",81,CUT,CUT=72/81;ASSEMBLE+INSPECT=216/1134,false
C1A5T2I0F1,1,5,2,0,1,"(1,9,0,1)",127,CUT,CUT=72/127;ASSEMBLE+INSPECT=216/1270,false
C1A5T2I0F2,1,5,2,0,2,"(1,9,0,2)",81,CUT,CUT=72/81;ASSEMBLE+INSPECT=216/891,false
C1A5T2I0F3,1,5,2,0,3,"(1,9,0,3)",81,CUT,CUT=72/81;ASSEMBLE+INSPECT=216/972,false
C1A5T2I1F0,1,5,2,1,0,"(1,9,1,0)",127,INSPECT,CUT=72/127;ASSEMBLE=96/1143;INSPECT=120/127,false
C1A5T2I1F1,1,5,2,1,1,"(1,9,1,1)",81,CUT,CUT=72/81;ASSEMBLE+INSPECT=216/891,false
C1A5T2I1F2,1,5,2,1,2,"(1,9,1,2)",81,CUT,CUT=72/81;ASSEMBLE+INSPECT=216/972,false
C1A5T2I1F3,1,5,2,1,3,"(1,9,1,3)",81,CUT,CUT=72/81;ASSEMBLE+INSPECT=216/1053,false
C1A5T2I2F0,1,5,2,2,0,"(1,9,2,0)",81,CUT,CUT=72/81;ASSEMBLE=96/729;INSPECT=120/162,false
C1A5T2I2F1,1,5,2,2,1,"(1,9,2,1)",81,CUT,CUT=72/81;ASSEMBLE+INSPECT=216/972,false
C1A5T2I2F2,1,5,2,2,2,"(1,9,2,2)",81,CUT,CUT=72/81;ASSEMBLE+INSPECT=216/1053,false
C1A5T2I2F3,1,5,2,2,3,"(1,9,2,3)",81,CUT,CUT=72/81;ASSEMBLE+INSPECT=216/1134,false
C1A5T2I3F0,1,5,2,3,0,"(1,9,3,0)",81,CUT,CUT=72/81;ASSEMBLE=96/729;INSPECT=120/243,false
C1A5T2I3F1,1,5,2,3,1,"(1,9,3,1)",81,CUT,CUT=72/81;ASSEMBLE+INSPECT=216/1053,false
C1A5T2I3F2,1,5,2,3,2,"(1,9,3,2)",81,CUT,CUT=72/81;ASSEMBLE+INSPECT=216/1134,false
C1A5T2I3F3,1,5,2,3,3,"(1,9,3,3)",81,CUT,CUT=72/81;ASSEMBLE+INSPECT=216/1215,false
C1A5T2I4F0,1,5,2,4,0,"(1,9,4,0)",81,CUT,CUT=72/81;ASSEMBLE=96/729;INSPECT=120/324,false
C1A5T2I4F1,1,5,2,4,1,"(1,9,4,1)",81,CUT,CUT=72/81;ASSEMBLE+INSPECT=216/1134,false
C1A5T2I4F2,1,5,2,4,2,"(1,9,4,2)",81,CUT,CUT=72/81;ASSEMBLE+INSPECT=216/1215,false
C1A5T2I4F3,1,5,2,4,3,"(1,9,4,3)",81,CUT,CUT=72/81;ASSEMBLE+INSPECT=216/1296,false
C1A5T3I0F1,1,5,3,0,1,"(1,11,0,1)",127,CUT,CUT=72/127;ASSEMBLE+INSPECT=216/1524,false
C1A5T3I0F2,1,5,3,0,2,"(1,11,0,2)",81,CUT,CUT=72/81;ASSEMBLE+INSPECT=216/1053,false
C1A5T3I0F3,1,5,3,0,3,"(1,11,0,3)",81,CUT,CUT=72/81;ASSEMBLE+INSPECT=216/1134,false
C1A5T3I1F0,1,5,3,1,0,"(1,11,1,0)",127,INSPECT,CUT=72/127;ASSEMBLE=96/1397;INSPECT=120/127,false
C1A5T3I1F1,1,5,3,1,1,"(1,11,1,1)",81,CUT,CUT=72/81;ASSEMBLE+INSPECT=216/1053,false
C1A5T3I1F2,1,5,3,1,2,"(1,11,1,2)",81,CUT,CUT=72/81;ASSEMBLE+INSPECT=216/1134,false
C1A5T3I1F3,1,5,3,1,3,"(1,11,1,3)",81,CUT,CUT=72/81;ASSEMBLE+INSPECT=216/1215,false
C1A5T3I2F0,1,5,3,2,0,"(1,11,2,0)",81,CUT,CUT=72/81;ASSEMBLE=96/891;INSPECT=120/162,false
C1A5T3I2F1,1,5,3,2,1,"(1,11,2,1)",81,CUT,CUT=72/81;ASSEMBLE+INSPECT=216/1134,false
C1A5T3I2F2,1,5,3,2,2,"(1,11,2,2)",81,CUT,CUT=72/81;ASSEMBLE+INSPECT=216/1215,false
C1A5T3I2F3,1,5,3,2,3,"(1,11,2,3)",81,CUT,CUT=72/81;ASSEMBLE+INSPECT=216/1296,false
C1A5T3I3F0,1,5,3,3,0,"(1,11,3,0)",81,CUT,CUT=72/81;ASSEMBLE=96/891;INSPECT=120/243,false
C1A5T3I3F1,1,5,3,3,1,"(1,11,3,1)",81,CUT,CUT=72/81;ASSEMBLE+INSPECT=216/1215,false
C1A5T3I3F2,1,5,3,3,2,"(1,11,3,2)",81,CUT,CUT=72/81;ASSEMBLE+INSPECT=216/1296,false
C1A5T3I3F3,1,5,3,3,3,"(1,11,3,3)",81,CUT,CUT=72/81;ASSEMBLE+INSPECT=216/1377,false
C1A5T3I4F0,1,5,3,4,0,"(1,11,4,0)",81,CUT,CUT=72/81;ASSEMBLE=96/891;INSPECT=120/324,false
C1A5T3I4F1,1,5,3,4,1,"(1,11,4,1)",81,CUT,CUT=72/81;ASSEMBLE+INSPECT=216/1296,false
C1A5T3I4F2,1,5,3,4,2,"(1,11,4,2)",81,CUT,CUT=72/81;ASSEMBLE+INSPECT=216/1377,false
C1A5T3I4F3,1,5,3,4,3,"(1,11,4,3)",81,CUT,CUT=72/81;ASSEMBLE+INSPECT=216/1458,false
C1A6T0I0F1,1,6,0,0,1,"(1,6,0,1)",127,CUT,CUT=72/127;ASSEMBLE+INSPECT=216/889,false
C1A6T0I0F2,1,6,0,0,2,"(1,6,0,2)",81,CUT,CUT=72/81;ASSEMBLE+INSPECT=216/648,false
C1A6T0I0F3,1,6,0,0,3,"(1,6,0,3)",81,CUT,CUT=72/81;ASSEMBLE+INSPECT=216/729,false
C1A6T0I1F0,1,6,0,1,0,"(1,6,1,0)",127,INSPECT,CUT=72/127;ASSEMBLE=96/762;INSPECT=120/127,false
C1A6T0I1F1,1,6,0,1,1,"(1,6,1,1)",81,CUT,CUT=72/81;ASSEMBLE+INSPECT=216/648,false
C1A6T0I1F2,1,6,0,1,2,"(1,6,1,2)",81,CUT,CUT=72/81;ASSEMBLE+INSPECT=216/729,false
C1A6T0I1F3,1,6,0,1,3,"(1,6,1,3)",81,CUT,CUT=72/81;ASSEMBLE+INSPECT=216/810,false
C1A6T0I2F0,1,6,0,2,0,"(1,6,2,0)",81,CUT,CUT=72/81;ASSEMBLE=96/486;INSPECT=120/162,false
C1A6T0I2F1,1,6,0,2,1,"(1,6,2,1)",81,CUT,CUT=72/81;ASSEMBLE+INSPECT=216/729,false
C1A6T0I2F2,1,6,0,2,2,"(1,6,2,2)",81,CUT,CUT=72/81;ASSEMBLE+INSPECT=216/810,false
C1A6T0I2F3,1,6,0,2,3,"(1,6,2,3)",81,CUT,CUT=72/81;ASSEMBLE+INSPECT=216/891,false
C1A6T0I3F0,1,6,0,3,0,"(1,6,3,0)",81,CUT,CUT=72/81;ASSEMBLE=96/486;INSPECT=120/243,false
C1A6T0I3F1,1,6,0,3,1,"(1,6,3,1)",81,CUT,CUT=72/81;ASSEMBLE+INSPECT=216/810,false
C1A6T0I3F2,1,6,0,3,2,"(1,6,3,2)",81,CUT,CUT=72/81;ASSEMBLE+INSPECT=216/891,false
C1A6T0I3F3,1,6,0,3,3,"(1,6,3,3)",81,CUT,CUT=72/81;ASSEMBLE+INSPECT=216/972,false
C1A6T0I4F0,1,6,0,4,0,"(1,6,4,0)",81,CUT,CUT=72/81;ASSEMBLE=96/486;INSPECT=120/324,false
C1A6T0I4F1,1,6,0,4,1,"(1,6,4,1)",81,CUT,CUT=72/81;ASSEMBLE+INSPECT=216/891,false
C1A6T0I4F2,1,6,0,4,2,"(1,6,4,2)",81,CUT,CUT=72/81;ASSEMBLE+INSPECT=216/972,false
C1A6T0I4F3,1,6,0,4,3,"(1,6,4,3)",81,CUT,CUT=72/81;ASSEMBLE+INSPECT=216/1053,false
C1A6T1I0F1,1,6,1,0,1,"(1,8,0,1)",127,CUT,CUT=72/127;ASSEMBLE+INSPECT=216/1143,false
C1A6T1I0F2,1,6,1,0,2,"(1,8,0,2)",81,CUT,CUT=72/81;ASSEMBLE+INSPECT=216/810,false
C1A6T1I0F3,1,6,1,0,3,"(1,8,0,3)",81,CUT,CUT=72/81;ASSEMBLE+INSPECT=216/891,false
C1A6T1I1F0,1,6,1,1,0,"(1,8,1,0)",127,INSPECT,CUT=72/127;ASSEMBLE=96/1016;INSPECT=120/127,false
C1A6T1I1F1,1,6,1,1,1,"(1,8,1,1)",81,CUT,CUT=72/81;ASSEMBLE+INSPECT=216/810,false
C1A6T1I1F2,1,6,1,1,2,"(1,8,1,2)",81,CUT,CUT=72/81;ASSEMBLE+INSPECT=216/891,false
C1A6T1I1F3,1,6,1,1,3,"(1,8,1,3)",81,CUT,CUT=72/81;ASSEMBLE+INSPECT=216/972,false
C1A6T1I2F0,1,6,1,2,0,"(1,8,2,0)",81,CUT,CUT=72/81;ASSEMBLE=96/648;INSPECT=120/162,false
C1A6T1I2F1,1,6,1,2,1,"(1,8,2,1)",81,CUT,CUT=72/81;ASSEMBLE+INSPECT=216/891,false
C1A6T1I2F2,1,6,1,2,2,"(1,8,2,2)",81,CUT,CUT=72/81;ASSEMBLE+INSPECT=216/972,false
C1A6T1I2F3,1,6,1,2,3,"(1,8,2,3)",81,CUT,CUT=72/81;ASSEMBLE+INSPECT=216/1053,false
C1A6T1I3F0,1,6,1,3,0,"(1,8,3,0)",81,CUT,CUT=72/81;ASSEMBLE=96/648;INSPECT=120/243,false
C1A6T1I3F1,1,6,1,3,1,"(1,8,3,1)",81,CUT,CUT=72/81;ASSEMBLE+INSPECT=216/972,false
C1A6T1I3F2,1,6,1,3,2,"(1,8,3,2)",81,CUT,CUT=72/81;ASSEMBLE+INSPECT=216/1053,false
C1A6T1I3F3,1,6,1,3,3,"(1,8,3,3)",81,CUT,CUT=72/81;ASSEMBLE+INSPECT=216/1134,false
C1A6T1I4F0,1,6,1,4,0,"(1,8,4,0)",81,CUT,CUT=72/81;ASSEMBLE=96/648;INSPECT=120/324,false
C1A6T1I4F1,1,6,1,4,1,"(1,8,4,1)",81,CUT,CUT=72/81;ASSEMBLE+INSPECT=216/1053,false
C1A6T1I4F2,1,6,1,4,2,"(1,8,4,2)",81,CUT,CUT=72/81;ASSEMBLE+INSPECT=216/1134,false
C1A6T1I4F3,1,6,1,4,3,"(1,8,4,3)",81,CUT,CUT=72/81;ASSEMBLE+INSPECT=216/1215,false
C1A6T2I0F1,1,6,2,0,1,"(1,10,0,1)",127,CUT,CUT=72/127;ASSEMBLE+INSPECT=216/1397,false
C1A6T2I0F2,1,6,2,0,2,"(1,10,0,2)",81,CUT,CUT=72/81;ASSEMBLE+INSPECT=216/972,false
C1A6T2I0F3,1,6,2,0,3,"(1,10,0,3)",81,CUT,CUT=72/81;ASSEMBLE+INSPECT=216/1053,false
C1A6T2I1F0,1,6,2,1,0,"(1,10,1,0)",127,INSPECT,CUT=72/127;ASSEMBLE=96/1270;INSPECT=120/127,false
C1A6T2I1F1,1,6,2,1,1,"(1,10,1,1)",81,CUT,CUT=72/81;ASSEMBLE+INSPECT=216/972,false
C1A6T2I1F2,1,6,2,1,2,"(1,10,1,2)",81,CUT,CUT=72/81;ASSEMBLE+INSPECT=216/1053,false
C1A6T2I1F3,1,6,2,1,3,"(1,10,1,3)",81,CUT,CUT=72/81;ASSEMBLE+INSPECT=216/1134,false
C1A6T2I2F0,1,6,2,2,0,"(1,10,2,0)",81,CUT,CUT=72/81;ASSEMBLE=96/810;INSPECT=120/162,false
C1A6T2I2F1,1,6,2,2,1,"(1,10,2,1)",81,CUT,CUT=72/81;ASSEMBLE+INSPECT=216/1053,false
C1A6T2I2F2,1,6,2,2,2,"(1,10,2,2)",81,CUT,CUT=72/81;ASSEMBLE+INSPECT=216/1134,false
C1A6T2I2F3,1,6,2,2,3,"(1,10,2,3)",81,CUT,CUT=72/81;ASSEMBLE+INSPECT=216/1215,false
C1A6T2I3F0,1,6,2,3,0,"(1,10,3,0)",81,CUT,CUT=72/81;ASSEMBLE=96/810;INSPECT=120/243,false
C1A6T2I3F1,1,6,2,3,1,"(1,10,3,1)",81,CUT,CUT=72/81;ASSEMBLE+INSPECT=216/1134,false
C1A6T2I3F2,1,6,2,3,2,"(1,10,3,2)",81,CUT,CUT=72/81;ASSEMBLE+INSPECT=216/1215,false
C1A6T2I3F3,1,6,2,3,3,"(1,10,3,3)",81,CUT,CUT=72/81;ASSEMBLE+INSPECT=216/1296,false
C1A6T2I4F0,1,6,2,4,0,"(1,10,4,0)",81,CUT,CUT=72/81;ASSEMBLE=96/810;INSPECT=120/324,false
C1A6T2I4F1,1,6,2,4,1,"(1,10,4,1)",81,CUT,CUT=72/81;ASSEMBLE+INSPECT=216/1215,false
C1A6T2I4F2,1,6,2,4,2,"(1,10,4,2)",81,CUT,CUT=72/81;ASSEMBLE+INSPECT=216/1296,false
C1A6T2I4F3,1,6,2,4,3,"(1,10,4,3)",81,CUT,CUT=72/81;ASSEMBLE+INSPECT=216/1377,false
C1A6T3I0F1,1,6,3,0,1,"(1,12,0,1)",127,CUT,CUT=72/127;ASSEMBLE+INSPECT=216/1651,false
C1A6T3I0F2,1,6,3,0,2,"(1,12,0,2)",81,CUT,CUT=72/81;ASSEMBLE+INSPECT=216/1134,false
C1A6T3I0F3,1,6,3,0,3,"(1,12,0,3)",81,CUT,CUT=72/81;ASSEMBLE+INSPECT=216/1215,false
C1A6T3I1F0,1,6,3,1,0,"(1,12,1,0)",127,INSPECT,CUT=72/127;ASSEMBLE=96/1524;INSPECT=120/127,false
C1A6T3I1F1,1,6,3,1,1,"(1,12,1,1)",81,CUT,CUT=72/81;ASSEMBLE+INSPECT=216/1134,false
C1A6T3I1F2,1,6,3,1,2,"(1,12,1,2)",81,CUT,CUT=72/81;ASSEMBLE+INSPECT=216/1215,false
C1A6T3I1F3,1,6,3,1,3,"(1,12,1,3)",81,CUT,CUT=72/81;ASSEMBLE+INSPECT=216/1296,false
C1A6T3I2F0,1,6,3,2,0,"(1,12,2,0)",81,CUT,CUT=72/81;ASSEMBLE=96/972;INSPECT=120/162,false
C1A6T3I2F1,1,6,3,2,1,"(1,12,2,1)",81,CUT,CUT=72/81;ASSEMBLE+INSPECT=216/1215,false
C1A6T3I2F2,1,6,3,2,2,"(1,12,2,2)",81,CUT,CUT=72/81;ASSEMBLE+INSPECT=216/1296,false
C1A6T3I2F3,1,6,3,2,3,"(1,12,2,3)",81,CUT,CUT=72/81;ASSEMBLE+INSPECT=216/1377,false
C1A6T3I3F0,1,6,3,3,0,"(1,12,3,0)",81,CUT,CUT=72/81;ASSEMBLE=96/972;INSPECT=120/243,false
C1A6T3I3F1,1,6,3,3,1,"(1,12,3,1)",81,CUT,CUT=72/81;ASSEMBLE+INSPECT=216/1296,false
C1A6T3I3F2,1,6,3,3,2,"(1,12,3,2)",81,CUT,CUT=72/81;ASSEMBLE+INSPECT=216/1377,false
C1A6T3I3F3,1,6,3,3,3,"(1,12,3,3)",81,CUT,CUT=72/81;ASSEMBLE+INSPECT=216/1458,false
C1A6T3I4F0,1,6,3,4,0,"(1,12,4,0)",81,CUT,CUT=72/81;ASSEMBLE=96/972;INSPECT=120/324,false
C1A6T3I4F1,1,6,3,4,1,"(1,12,4,1)",81,CUT,CUT=72/81;ASSEMBLE+INSPECT=216/1377,false
C1A6T3I4F2,1,6,3,4,2,"(1,12,4,2)",81,CUT,CUT=72/81;ASSEMBLE+INSPECT=216/1458,false
C1A6T3I4F3,1,6,3,4,3,"(1,12,4,3)",81,CUT,CUT=72/81;ASSEMBLE+INSPECT=216/1539,false
C2A0T0I0F1,2,0,0,0,1,"(2,0,0,1)",219,ASSEMBLE+INSPECT,CUT=72/438;ASSEMBLE+INSPECT=216/219,true
C2A0T0I0F2,2,0,0,0,2,"(2,0,0,2)",111,ASSEMBLE+INSPECT,CUT=72/222;ASSEMBLE+INSPECT=216/222,true
C2A0T0I0F3,2,0,0,0,3,"(2,0,0,3)",78,ASSEMBLE+INSPECT,CUT=72/156;ASSEMBLE+INSPECT=216/234,true
C2A0T0I1F1,2,0,0,1,1,"(2,0,1,1)",159,ASSEMBLE+INSPECT,CUT=72/318;ASSEMBLE+INSPECT=216/318,true
C2A0T0I1F2,2,0,0,1,2,"(2,0,1,2)",91,ASSEMBLE+INSPECT,CUT=72/182;ASSEMBLE+INSPECT=216/273,true
C2A0T0I1F3,2,0,0,1,3,"(2,0,1,3)",68,ASSEMBLE+INSPECT,CUT=72/136;ASSEMBLE+INSPECT=216/272,true
C2A0T0I2F1,2,0,0,2,1,"(2,0,2,1)",104,ASSEMBLE+INSPECT,CUT=72/208;ASSEMBLE+INSPECT=216/312,false
C2A0T0I2F2,2,0,0,2,2,"(2,0,2,2)",81,ASSEMBLE+INSPECT,CUT=72/162;ASSEMBLE+INSPECT=216/324,true
C2A0T0I2F3,2,0,0,2,3,"(2,0,2,3)",56,ASSEMBLE+INSPECT,CUT=72/112;ASSEMBLE+INSPECT=216/280,true
C2A0T0I3F1,2,0,0,3,1,"(2,0,3,1)",104,ASSEMBLE+INSPECT,CUT=72/208;ASSEMBLE+INSPECT=216/416,false
C2A0T0I3F2,2,0,0,3,2,"(2,0,3,2)",60,ASSEMBLE+INSPECT,CUT=72/120;ASSEMBLE+INSPECT=216/300,true
C2A0T0I3F3,2,0,0,3,3,"(2,0,3,3)",48,CUT|ASSEMBLE+INSPECT,CUT=72/96;ASSEMBLE+INSPECT=216/288,true
C2A0T0I4F1,2,0,0,4,1,"(2,0,4,1)",104,ASSEMBLE+INSPECT,CUT=72/208;ASSEMBLE+INSPECT=216/520,false
C2A0T0I4F2,2,0,0,4,2,"(2,0,4,2)",56,CUT|ASSEMBLE+INSPECT,CUT=72/112;ASSEMBLE+INSPECT=216/336,false
C2A0T0I4F3,2,0,0,4,3,"(2,0,4,3)",46,CUT,CUT=72/92;ASSEMBLE+INSPECT=216/322,false
C2A0T1I0F1,2,0,1,0,1,"(2,2,0,1)",130,ASSEMBLE+INSPECT,CUT=72/260;ASSEMBLE+INSPECT=216/390,true
C2A0T1I0F2,2,0,1,0,2,"(2,2,0,2)",70,ASSEMBLE+INSPECT,CUT=72/140;ASSEMBLE+INSPECT=216/280,true
C2A0T1I0F3,2,0,1,0,3,"(2,2,0,3)",55,ASSEMBLE+INSPECT,CUT=72/110;ASSEMBLE+INSPECT=216/275,true
C2A0T1I1F0,2,0,1,1,0,"(2,2,1,0)",127,INSPECT,CUT=72/254;ASSEMBLE=96/254;INSPECT=120/127,false
C2A0T1I1F1,2,0,1,1,1,"(2,2,1,1)",70,ASSEMBLE+INSPECT,CUT=72/140;ASSEMBLE+INSPECT=216/280,true
C2A0T1I1F2,2,0,1,1,2,"(2,2,1,2)",54,ASSEMBLE+INSPECT,CUT=72/108;ASSEMBLE+INSPECT=216/270,true
C2A0T1I1F3,2,0,1,1,3,"(2,2,1,3)",48,CUT|ASSEMBLE+INSPECT,CUT=72/96;ASSEMBLE+INSPECT=216/288,true
C2A0T1I2F0,2,0,1,2,0,"(2,2,2,0)",67,INSPECT,CUT=72/134;ASSEMBLE=96/134;INSPECT=120/134,false
C2A0T1I2F1,2,0,1,2,1,"(2,2,2,1)",53,ASSEMBLE+INSPECT,CUT=72/106;ASSEMBLE+INSPECT=216/265,true
C2A0T1I2F2,2,0,1,2,2,"(2,2,2,2)",47,CUT|ASSEMBLE+INSPECT,CUT=72/94;ASSEMBLE+INSPECT=216/282,true
C2A0T1I2F3,2,0,1,2,3,"(2,2,2,3)",45,CUT,CUT=72/90;ASSEMBLE+INSPECT=216/315,true
C2A0T1I3F0,2,0,1,3,0,"(2,2,3,0)",57,ASSEMBLE,CUT=72/114;ASSEMBLE=96/114;INSPECT=120/171,false
C2A0T1I3F1,2,0,1,3,1,"(2,2,3,1)",47,CUT|ASSEMBLE+INSPECT,CUT=72/94;ASSEMBLE+INSPECT=216/282,true
C2A0T1I3F2,2,0,1,3,2,"(2,2,3,2)",46,CUT,CUT=72/92;ASSEMBLE+INSPECT=216/322,true
C2A0T1I3F3,2,0,1,3,3,"(2,2,3,3)",45,CUT,CUT=72/90;ASSEMBLE+INSPECT=216/360,true
C2A0T1I4F0,2,0,1,4,0,"(2,2,4,0)",56,ASSEMBLE,CUT=72/112;ASSEMBLE=96/112;INSPECT=120/224,false
C2A0T1I4F1,2,0,1,4,1,"(2,2,4,1)",46,CUT,CUT=72/92;ASSEMBLE+INSPECT=216/322,false
C2A0T1I4F2,2,0,1,4,2,"(2,2,4,2)",45,CUT,CUT=72/90;ASSEMBLE+INSPECT=216/360,false
C2A0T1I4F3,2,0,1,4,3,"(2,2,4,3)",45,CUT,CUT=72/90;ASSEMBLE+INSPECT=216/405,false
C2A0T2I0F1,2,0,2,0,1,"(2,4,0,1)",127,ASSEMBLE+INSPECT,CUT=72/254;ASSEMBLE+INSPECT=216/635,false
C2A0T2I0F2,2,0,2,0,2,"(2,4,0,2)",67,CUT|ASSEMBLE+INSPECT,CUT=72/134;ASSEMBLE+INSPECT=216/402,false
C2A0T2I0F3,2,0,2,0,3,"(2,4,0,3)",50,CUT,CUT=72/100;ASSEMBLE+INSPECT=216/350,false
C2A0T2I1F0,2,0,2,1,0,"(2,4,1,0)",127,INSPECT,CUT=72/254;ASSEMBLE=96/508;INSPECT=120/127,false
C2A0T2I1F1,2,0,2,1,1,"(2,4,1,1)",67,CUT|ASSEMBLE+INSPECT,CUT=72/134;ASSEMBLE+INSPECT=216/402,false
C2A0T2I1F2,2,0,2,1,2,"(2,4,1,2)",50,CUT,CUT=72/100;ASSEMBLE+INSPECT=216/350,false
C2A0T2I1F3,2,0,2,1,3,"(2,4,1,3)",45,CUT,CUT=72/90;ASSEMBLE+INSPECT=216/360,false
C2A0T2I2F0,2,0,2,2,0,"(2,4,2,0)",67,INSPECT,CUT=72/134;ASSEMBLE=96/268;INSPECT=120/134,false
C2A0T2I2F1,2,0,2,2,1,"(2,4,2,1)",50,CUT,CUT=72/100;ASSEMBLE+INSPECT=216/350,false
C2A0T2I2F2,2,0,2,2,2,"(2,4,2,2)",45,CUT,CUT=72/90;ASSEMBLE+INSPECT=216/360,false
C2A0T2I2F3,2,0,2,2,3,"(2,4,2,3)",45,CUT,CUT=72/90;ASSEMBLE+INSPECT=216/405,false
C2A0T2I3F0,2,0,2,3,0,"(2,4,3,0)",50,INSPECT,CUT=72/100;ASSEMBLE=96/200;INSPECT=120/150,false
C2A0T2I3F1,2,0,2,3,1,"(2,4,3,1)",45,CUT,CUT=72/90;ASSEMBLE+INSPECT=216/360,false
C2A0T2I3F2,2,0,2,3,2,"(2,4,3,2)",45,CUT,CUT=72/90;ASSEMBLE+INSPECT=216/405,false
C2A0T2I3F3,2,0,2,3,3,"(2,4,3,3)",45,CUT,CUT=72/90;ASSEMBLE+INSPECT=216/450,false
C2A0T2I4F0,2,0,2,4,0,"(2,4,4,0)",45,CUT,CUT=72/90;ASSEMBLE=96/180;INSPECT=120/180,false
C2A0T2I4F1,2,0,2,4,1,"(2,4,4,1)",45,CUT,CUT=72/90;ASSEMBLE+INSPECT=216/405,false
C2A0T2I4F2,2,0,2,4,2,"(2,4,4,2)",45,CUT,CUT=72/90;ASSEMBLE+INSPECT=216/450,false
C2A0T2I4F3,2,0,2,4,3,"(2,4,4,3)",45,CUT,CUT=72/90;ASSEMBLE+INSPECT=216/495,false
C2A0T3I0F1,2,0,3,0,1,"(2,6,0,1)",127,CUT,CUT=72/254;ASSEMBLE+INSPECT=216/889,false
C2A0T3I0F2,2,0,3,0,2,"(2,6,0,2)",67,CUT,CUT=72/134;ASSEMBLE+INSPECT=216/536,false
C2A0T3I0F3,2,0,3,0,3,"(2,6,0,3)",50,CUT,CUT=72/100;ASSEMBLE+INSPECT=216/450,false
C2A0T3I1F0,2,0,3,1,0,"(2,6,1,0)",127,INSPECT,CUT=72/254;ASSEMBLE=96/762;INSPECT=120/127,false
C2A0T3I1F1,2,0,3,1,1,"(2,6,1,1)",67,CUT,CUT=72/134;ASSEMBLE+INSPECT=216/536,false
C2A0T3I1F2,2,0,3,1,2,"(2,6,1,2)",50,CUT,CUT=72/100;ASSEMBLE+INSPECT=216/450,false
C2A0T3I1F3,2,0,3,1,3,"(2,6,1,3)",45,CUT,CUT=72/90;ASSEMBLE+INSPECT=216/450,false
C2A0T3I2F0,2,0,3,2,0,"(2,6,2,0)",67,INSPECT,CUT=72/134;ASSEMBLE=96/402;INSPECT=120/134,false
C2A0T3I2F1,2,0,3,2,1,"(2,6,2,1)",50,CUT,CUT=72/100;ASSEMBLE+INSPECT=216/450,false
C2A0T3I2F2,2,0,3,2,2,"(2,6,2,2)",45,CUT,CUT=72/90;ASSEMBLE+INSPECT=216/450,false
C2A0T3I2F3,2,0,3,2,3,"(2,6,2,3)",45,CUT,CUT=72/90;ASSEMBLE+INSPECT=216/495,false
C2A0T3I3F0,2,0,3,3,0,"(2,6,3,0)",50,INSPECT,CUT=72/100;ASSEMBLE=96/300;INSPECT=120/150,false
C2A0T3I3F1,2,0,3,3,1,"(2,6,3,1)",45,CUT,CUT=72/90;ASSEMBLE+INSPECT=216/450,false
C2A0T3I3F2,2,0,3,3,2,"(2,6,3,2)",45,CUT,CUT=72/90;ASSEMBLE+INSPECT=216/495,false
C2A0T3I3F3,2,0,3,3,3,"(2,6,3,3)",45,CUT,CUT=72/90;ASSEMBLE+INSPECT=216/540,false
C2A0T3I4F0,2,0,3,4,0,"(2,6,4,0)",45,CUT,CUT=72/90;ASSEMBLE=96/270;INSPECT=120/180,false
C2A0T3I4F1,2,0,3,4,1,"(2,6,4,1)",45,CUT,CUT=72/90;ASSEMBLE+INSPECT=216/495,false
C2A0T3I4F2,2,0,3,4,2,"(2,6,4,2)",45,CUT,CUT=72/90;ASSEMBLE+INSPECT=216/540,false
C2A0T3I4F3,2,0,3,4,3,"(2,6,4,3)",45,CUT,CUT=72/90;ASSEMBLE+INSPECT=216/585,false
C2A1T0I0F1,2,1,0,0,1,"(2,1,0,1)",127,ASSEMBLE+INSPECT,CUT=72/254;ASSEMBLE+INSPECT=216/254,true
C2A1T0I0F2,2,1,0,0,2,"(2,1,0,2)",84,ASSEMBLE+INSPECT,CUT=72/168;ASSEMBLE+INSPECT=216/252,true
C2A1T0I0F3,2,1,0,0,3,"(2,1,0,3)",62,ASSEMBLE+INSPECT,CUT=72/124;ASSEMBLE+INSPECT=216/248,true
C2A1T0I1F0,2,1,0,1,0,"(2,1,1,0)",127,INSPECT,CUT=72/254;ASSEMBLE=96/127;INSPECT=120/127,false
C2A1T0I1F1,2,1,0,1,1,"(2,1,1,1)",82,ASSEMBLE+INSPECT,CUT=72/164;ASSEMBLE+INSPECT=216/246,true
C2A1T0I1F2,2,1,0,1,2,"(2,1,1,2)",62,ASSEMBLE+INSPECT,CUT=72/124;ASSEMBLE+INSPECT=216/248,true
C2A1T0I1F3,2,1,0,1,3,"(2,1,1,3)",52,ASSEMBLE+INSPECT,CUT=72/104;ASSEMBLE+INSPECT=216/260,true
C2A1T0I2F0,2,1,0,2,0,"(2,1,2,0)",104,ASSEMBLE,CUT=72/208;ASSEMBLE=96/104;INSPECT=120/208,false
C2A1T0I2F1,2,1,0,2,1,"(2,1,2,1)",68,ASSEMBLE+INSPECT,CUT=72/136;ASSEMBLE+INSPECT=216/272,true
C2A1T0I2F2,2,1,0,2,2,"(2,1,2,2)",53,ASSEMBLE+INSPECT,CUT=72/106;ASSEMBLE+INSPECT=216/265,true
C2A1T0I2F3,2,1,0,2,3,"(2,1,2,3)",46,CUT|ASSEMBLE+INSPECT,CUT=72/92;ASSEMBLE+INSPECT=216/276,true
C2A1T0I3F0,2,1,0,3,0,"(2,1,3,0)",104,ASSEMBLE,CUT=72/208;ASSEMBLE=96/104;INSPECT=120/312,false
C2A1T0I3F1,2,1,0,3,1,"(2,1,3,1)",60,ASSEMBLE+INSPECT,CUT=72/120;ASSEMBLE+INSPECT=216/300,true
C2A1T0I3F2,2,1,0,3,2,"(2,1,3,2)",49,CUT|ASSEMBLE+INSPECT,CUT=72/98;ASSEMBLE+INSPECT=216/294,true
C2A1T0I3F3,2,1,0,3,3,"(2,1,3,3)",46,CUT,CUT=72/92;ASSEMBLE+INSPECT=216/322,true
C2A1T0I4F0,2,1,0,4,0,"(2,1,4,0)",104,ASSEMBLE,CUT=72/208;ASSEMBLE=96/104;INSPECT=120/416,false
C2A1T0I4F1,2,1,0,4,1,"(2,1,4,1)",56,CUT|ASSEMBLE+INSPECT,CUT=72/112;ASSEMBLE+INSPECT=216/336,false
C2A1T0I4F2,2,1,0,4,2,"(2,1,4,2)",46,CUT,CUT=72/92;ASSEMBLE+INSPECT=216/322,false
C2A1T0I4F3,2,1,0,4,3,"(2,1,4,3)",45,CUT,CUT=72/90;ASSEMBLE+INSPECT=216/360,false
C2A1T1I0F1,2,1,1,0,1,"(2,3,0,1)",130,ASSEMBLE+INSPECT,CUT=72/260;ASSEMBLE+INSPECT=216/520,true
C2A1T1I0F2,2,1,1,0,2,"(2,3,0,2)",70,ASSEMBLE+INSPECT,CUT=72/140;ASSEMBLE+INSPECT=216/350,true
C2A1T1I0F3,2,1,1,0,3,"(2,3,0,3)",51,CUT|ASSEMBLE+INSPECT,CUT=72/102;ASSEMBLE+INSPECT=216/306,true
C2A1T1I1F0,2,1,1,1,0,"(2,3,1,0)",127,INSPECT,CUT=72/254;ASSEMBLE=96/381;INSPECT=120/127,false
C2A1T1I1F1,2,1,1,1,1,"(2,3,1,1)",70,ASSEMBLE+INSPECT,CUT=72/140;ASSEMBLE+INSPECT=216/350,true
C2A1T1I1F2,2,1,1,1,2,"(2,3,1,2)",51,CUT|ASSEMBLE+INSPECT,CUT=72/102;ASSEMBLE+INSPECT=216/306,true
C2A1T1I1F3,2,1,1,1,3,"(2,3,1,3)",45,CUT,CUT=72/90;ASSEMBLE+INSPECT=216/315,true
C2A1T1I2F0,2,1,1,2,0,"(2,3,2,0)",67,INSPECT,CUT=72/134;ASSEMBLE=96/201;INSPECT=120/134,false
C2A1T1I2F1,2,1,1,2,1,"(2,3,2,1)",50,CUT|ASSEMBLE+INSPECT,CUT=72/100;ASSEMBLE+INSPECT=216/300,true
C2A1T1I2F2,2,1,1,2,2,"(2,3,2,2)",45,CUT,CUT=72/90;ASSEMBLE+INSPECT=216/315,true
C2A1T1I2F3,2,1,1,2,3,"(2,3,2,3)",45,CUT,CUT=72/90;ASSEMBLE+INSPECT=216/360,true
C2A1T1I3F0,2,1,1,3,0,"(2,3,3,0)",50,INSPECT,CUT=72/100;ASSEMBLE=96/150;INSPECT=120/150,false
C2A1T1I3F1,2,1,1,3,1,"(2,3,3,1)",46,CUT,CUT=72/92;ASSEMBLE+INSPECT=216/322,true
C2A1T1I3F2,2,1,1,3,2,"(2,3,3,2)",45,CUT,CUT=72/90;ASSEMBLE+INSPECT=216/360,true
C2A1T1I3F3,2,1,1,3,3,"(2,3,3,3)",45,CUT,CUT=72/90;ASSEMBLE+INSPECT=216/405,true
C2A1T1I4F0,2,1,1,4,0,"(2,3,4,0)",46,CUT,CUT=72/92;ASSEMBLE=96/138;INSPECT=120/184,false
C2A1T1I4F1,2,1,1,4,1,"(2,3,4,1)",45,CUT,CUT=72/90;ASSEMBLE+INSPECT=216/360,false
C2A1T1I4F2,2,1,1,4,2,"(2,3,4,2)",45,CUT,CUT=72/90;ASSEMBLE+INSPECT=216/405,false
C2A1T1I4F3,2,1,1,4,3,"(2,3,4,3)",45,CUT,CUT=72/90;ASSEMBLE+INSPECT=216/450,false
C2A1T2I0F1,2,1,2,0,1,"(2,5,0,1)",127,CUT|ASSEMBLE+INSPECT,CUT=72/254;ASSEMBLE+INSPECT=216/762,false
C2A1T2I0F2,2,1,2,0,2,"(2,5,0,2)",67,CUT,CUT=72/134;ASSEMBLE+INSPECT=216/469,false
C2A1T2I0F3,2,1,2,0,3,"(2,5,0,3)",50,CUT,CUT=72/100;ASSEMBLE+INSPECT=216/400,false
C2A1T2I1F0,2,1,2,1,0,"(2,5,1,0)",127,INSPECT,CUT=72/254;ASSEMBLE=96/635;INSPECT=120/127,false
C2A1T2I1F1,2,1,2,1,1,"(2,5,1,1)",67,CUT,CUT=72/134;ASSEMBLE+INSPECT=216/469,false
C2A1T2I1F2,2,1,2,1,2,"(2,5,1,2)",50,CUT,CUT=72/100;ASSEMBLE+INSPECT=216/400,false
C2A1T2I1F3,2,1,2,1,3,"(2,5,1,3)",45,CUT,CUT=72/90;ASSEMBLE+INSPECT=216/405,false
C2A1T2I2F0,2,1,2,2,0,"(2,5,2,0)",67,INSPECT,CUT=72/134;ASSEMBLE=96/335;INSPECT=120/134,false
C2A1T2I2F1,2,1,2,2,1,"(2,5,2,1)",50,CUT,CUT=72/100;ASSEMBLE+INSPECT=216/400,false
C2A1T2I2F2,2,1,2,2,2,"(2,5,2,2)",45,CUT,CUT=72/90;ASSEMBLE+INSPECT=216/405,false
C2A1T2I2F3,2,1,2,2,3,"(2,5,2,3)",45,CUT,CUT=72/90;ASSEMBLE+INSPECT=216/450,false
C2A1T2I3F0,2,1,2,3,0,"(2,5,3,0)",50,INSPECT,CUT=72/100;ASSEMBLE=96/250;INSPECT=120/150,false
C2A1T2I3F1,2,1,2,3,1,"(2,5,3,1)",45,CUT,CUT=72/90;ASSEMBLE+INSPECT=216/405,false
C2A1T2I3F2,2,1,2,3,2,"(2,5,3,2)",45,CUT,CUT=72/90;ASSEMBLE+INSPECT=216/450,false
C2A1T2I3F3,2,1,2,3,3,"(2,5,3,3)",45,CUT,CUT=72/90;ASSEMBLE+INSPECT=216/495,false
C2A1T2I4F0,2,1,2,4,0,"(2,5,4,0)",45,CUT,CUT=72/90;ASSEMBLE=96/225;INSPECT=120/180,false
C2A1T2I4F1,2,1,2,4,1,"(2,5,4,1)",45,CUT,CUT=72/90;ASSEMBLE+INSPECT=216/450,false
C2A1T2I4F2,2,1,2,4,2,"(2,5,4,2)",45,CUT,CUT=72/90;ASSEMBLE+INSPECT=216/495,false
C2A1T2I4F3,2,1,2,4,3,"(2,5,4,3)",45,CUT,CUT=72/90;ASSEMBLE+INSPECT=216/540,false
C2A1T3I0F1,2,1,3,0,1,"(2,7,0,1)",127,CUT,CUT=72/254;ASSEMBLE+INSPECT=216/1016,false
C2A1T3I0F2,2,1,3,0,2,"(2,7,0,2)",67,CUT,CUT=72/134;ASSEMBLE+INSPECT=216/603,false
C2A1T3I0F3,2,1,3,0,3,"(2,7,0,3)",50,CUT,CUT=72/100;ASSEMBLE+INSPECT=216/500,false
C2A1T3I1F0,2,1,3,1,0,"(2,7,1,0)",127,INSPECT,CUT=72/254;ASSEMBLE=96/889;INSPECT=120/127,false
C2A1T3I1F1,2,1,3,1,1,"(2,7,1,1)",67,CUT,CUT=72/134;ASSEMBLE+INSPECT=216/603,false
C2A1T3I1F2,2,1,3,1,2,"(2,7,1,2)",50,CUT,CUT=72/100;ASSEMBLE+INSPECT=216/500,false
C2A1T3I1F3,2,1,3,1,3,"(2,7,1,3)",45,CUT,CUT=72/90;ASSEMBLE+INSPECT=216/495,false
C2A1T3I2F0,2,1,3,2,0,"(2,7,2,0)",67,INSPECT,CUT=72/134;ASSEMBLE=96/469;INSPECT=120/134,false
C2A1T3I2F1,2,1,3,2,1,"(2,7,2,1)",50,CUT,CUT=72/100;ASSEMBLE+INSPECT=216/500,false
C2A1T3I2F2,2,1,3,2,2,"(2,7,2,2)",45,CUT,CUT=72/90;ASSEMBLE+INSPECT=216/495,false
C2A1T3I2F3,2,1,3,2,3,"(2,7,2,3)",45,CUT,CUT=72/90;ASSEMBLE+INSPECT=216/540,false
C2A1T3I3F0,2,1,3,3,0,"(2,7,3,0)",50,INSPECT,CUT=72/100;ASSEMBLE=96/350;INSPECT=120/150,false
C2A1T3I3F1,2,1,3,3,1,"(2,7,3,1)",45,CUT,CUT=72/90;ASSEMBLE+INSPECT=216/495,false
C2A1T3I3F2,2,1,3,3,2,"(2,7,3,2)",45,CUT,CUT=72/90;ASSEMBLE+INSPECT=216/540,false
C2A1T3I3F3,2,1,3,3,3,"(2,7,3,3)",45,CUT,CUT=72/90;ASSEMBLE+INSPECT=216/585,false
C2A1T3I4F0,2,1,3,4,0,"(2,7,4,0)",45,CUT,CUT=72/90;ASSEMBLE=96/315;INSPECT=120/180,false
C2A1T3I4F1,2,1,3,4,1,"(2,7,4,1)",45,CUT,CUT=72/90;ASSEMBLE+INSPECT=216/540,false
C2A1T3I4F2,2,1,3,4,2,"(2,7,4,2)",45,CUT,CUT=72/90;ASSEMBLE+INSPECT=216/585,false
C2A1T3I4F3,2,1,3,4,3,"(2,7,4,3)",45,CUT,CUT=72/90;ASSEMBLE+INSPECT=216/630,false
C2A2T0I0F1,2,2,0,0,1,"(2,2,0,1)",130,ASSEMBLE+INSPECT,CUT=72/260;ASSEMBLE+INSPECT=216/390,true
C2A2T0I0F2,2,2,0,0,2,"(2,2,0,2)",70,ASSEMBLE+INSPECT,CUT=72/140;ASSEMBLE+INSPECT=216/280,true
C2A2T0I0F3,2,2,0,0,3,"(2,2,0,3)",55,ASSEMBLE+INSPECT,CUT=72/110;ASSEMBLE+INSPECT=216/275,true
C2A2T0I1F0,2,2,0,1,0,"(2,2,1,0)",127,INSPECT,CUT=72/254;ASSEMBLE=96/254;INSPECT=120/127,false
C2A2T0I1F1,2,2,0,1,1,"(2,2,1,1)",70,ASSEMBLE+INSPECT,CUT=72/140;ASSEMBLE+INSPECT=216/280,true
C2A2T0I1F2,2,2,0,1,2,"(2,2,1,2)",54,ASSEMBLE+INSPECT,CUT=72/108;ASSEMBLE+INSPECT=216/270,true
C2A2T0I1F3,2,2,0,1,3,"(2,2,1,3)",48,CUT|ASSEMBLE+INSPECT,CUT=72/96;ASSEMBLE+INSPECT=216/288,true
C2A2T0I2F0,2,2,0,2,0,"(2,2,2,0)",67,INSPECT,CUT=72/134;ASSEMBLE=96/134;INSPECT=120/134,false
C2A2T0I2F1,2,2,0,2,1,"(2,2,2,1)",53,ASSEMBLE+INSPECT,CUT=72/106;ASSEMBLE+INSPECT=216/265,true
C2A2T0I2F2,2,2,0,2,2,"(2,2,2,2)",47,CUT|ASSEMBLE+INSPECT,CUT=72/94;ASSEMBLE+INSPECT=216/282,true
C2A2T0I2F3,2,2,0,2,3,"(2,2,2,3)",45,CUT,CUT=72/90;ASSEMBLE+INSPECT=216/315,true
C2A2T0I3F0,2,2,0,3,0,"(2,2,3,0)",57,ASSEMBLE,CUT=72/114;ASSEMBLE=96/114;INSPECT=120/171,false
C2A2T0I3F1,2,2,0,3,1,"(2,2,3,1)",47,CUT|ASSEMBLE+INSPECT,CUT=72/94;ASSEMBLE+INSPECT=216/282,true
C2A2T0I3F2,2,2,0,3,2,"(2,2,3,2)",46,CUT,CUT=72/92;ASSEMBLE+INSPECT=216/322,true
C2A2T0I3F3,2,2,0,3,3,"(2,2,3,3)",45,CUT,CUT=72/90;ASSEMBLE+INSPECT=216/360,true
C2A2T0I4F0,2,2,0,4,0,"(2,2,4,0)",56,ASSEMBLE,CUT=72/112;ASSEMBLE=96/112;INSPECT=120/224,false
C2A2T0I4F1,2,2,0,4,1,"(2,2,4,1)",46,CUT,CUT=72/92;ASSEMBLE+INSPECT=216/322,false
C2A2T0I4F2,2,2,0,4,2,"(2,2,4,2)",45,CUT,CUT=72/90;ASSEMBLE+INSPECT=216/360,false
C2A2T0I4F3,2,2,0,4,3,"(2,2,4,3)",45,CUT,CUT=72/90;ASSEMBLE+INSPECT=216/405,false
C2A2T1I0F1,2,2,1,0,1,"(2,4,0,1)",127,ASSEMBLE+INSPECT,CUT=72/254;ASSEMBLE+INSPECT=216/635,false
C2A2T1I0F2,2,2,1,0,2,"(2,4,0,2)",67,CUT|ASSEMBLE+INSPECT,CUT=72/134;ASSEMBLE+INSPECT=216/402,false
C2A2T1I0F3,2,2,1,0,3,"(2,4,0,3)",50,CUT,CUT=72/100;ASSEMBLE+INSPECT=216/350,false
C2A2T1I1F0,2,2,1,1,0,"(2,4,1,0)",127,INSPECT,CUT=72/254;ASSEMBLE=96/508;INSPECT=120/127,false
C2A2T1I1F1,2,2,1,1,1,"(2,4,1,1)",67,CUT|ASSEMBLE+INSPECT,CUT=72/134;ASSEMBLE+INSPECT=216/402,false
C2A2T1I1F2,2,2,1,1,2,"(2,4,1,2)",50,CUT,CUT=72/100;ASSEMBLE+INSPECT=216/350,false
C2A2T1I1F3,2,2,1,1,3,"(2,4,1,3)",45,CUT,CUT=72/90;ASSEMBLE+INSPECT=216/360,false
C2A2T1I2F0,2,2,1,2,0,"(2,4,2,0)",67,INSPECT,CUT=72/134;ASSEMBLE=96/268;INSPECT=120/134,false
C2A2T1I2F1,2,2,1,2,1,"(2,4,2,1)",50,CUT,CUT=72/100;ASSEMBLE+INSPECT=216/350,false
C2A2T1I2F2,2,2,1,2,2,"(2,4,2,2)",45,CUT,CUT=72/90;ASSEMBLE+INSPECT=216/360,false
C2A2T1I2F3,2,2,1,2,3,"(2,4,2,3)",45,CUT,CUT=72/90;ASSEMBLE+INSPECT=216/405,false
C2A2T1I3F0,2,2,1,3,0,"(2,4,3,0)",50,INSPECT,CUT=72/100;ASSEMBLE=96/200;INSPECT=120/150,false
C2A2T1I3F1,2,2,1,3,1,"(2,4,3,1)",45,CUT,CUT=72/90;ASSEMBLE+INSPECT=216/360,false
C2A2T1I3F2,2,2,1,3,2,"(2,4,3,2)",45,CUT,CUT=72/90;ASSEMBLE+INSPECT=216/405,false
C2A2T1I3F3,2,2,1,3,3,"(2,4,3,3)",45,CUT,CUT=72/90;ASSEMBLE+INSPECT=216/450,false
C2A2T1I4F0,2,2,1,4,0,"(2,4,4,0)",45,CUT,CUT=72/90;ASSEMBLE=96/180;INSPECT=120/180,false
C2A2T1I4F1,2,2,1,4,1,"(2,4,4,1)",45,CUT,CUT=72/90;ASSEMBLE+INSPECT=216/405,false
C2A2T1I4F2,2,2,1,4,2,"(2,4,4,2)",45,CUT,CUT=72/90;ASSEMBLE+INSPECT=216/450,false
C2A2T1I4F3,2,2,1,4,3,"(2,4,4,3)",45,CUT,CUT=72/90;ASSEMBLE+INSPECT=216/495,false
C2A2T2I0F1,2,2,2,0,1,"(2,6,0,1)",127,CUT,CUT=72/254;ASSEMBLE+INSPECT=216/889,false
C2A2T2I0F2,2,2,2,0,2,"(2,6,0,2)",67,CUT,CUT=72/134;ASSEMBLE+INSPECT=216/536,false
C2A2T2I0F3,2,2,2,0,3,"(2,6,0,3)",50,CUT,CUT=72/100;ASSEMBLE+INSPECT=216/450,false
C2A2T2I1F0,2,2,2,1,0,"(2,6,1,0)",127,INSPECT,CUT=72/254;ASSEMBLE=96/762;INSPECT=120/127,false
C2A2T2I1F1,2,2,2,1,1,"(2,6,1,1)",67,CUT,CUT=72/134;ASSEMBLE+INSPECT=216/536,false
C2A2T2I1F2,2,2,2,1,2,"(2,6,1,2)",50,CUT,CUT=72/100;ASSEMBLE+INSPECT=216/450,false
C2A2T2I1F3,2,2,2,1,3,"(2,6,1,3)",45,CUT,CUT=72/90;ASSEMBLE+INSPECT=216/450,false
C2A2T2I2F0,2,2,2,2,0,"(2,6,2,0)",67,INSPECT,CUT=72/134;ASSEMBLE=96/402;INSPECT=120/134,false
C2A2T2I2F1,2,2,2,2,1,"(2,6,2,1)",50,CUT,CUT=72/100;ASSEMBLE+INSPECT=216/450,false
C2A2T2I2F2,2,2,2,2,2,"(2,6,2,2)",45,CUT,CUT=72/90;ASSEMBLE+INSPECT=216/450,false
C2A2T2I2F3,2,2,2,2,3,"(2,6,2,3)",45,CUT,CUT=72/90;ASSEMBLE+INSPECT=216/495,false
C2A2T2I3F0,2,2,2,3,0,"(2,6,3,0)",50,INSPECT,CUT=72/100;ASSEMBLE=96/300;INSPECT=120/150,false
C2A2T2I3F1,2,2,2,3,1,"(2,6,3,1)",45,CUT,CUT=72/90;ASSEMBLE+INSPECT=216/450,false
C2A2T2I3F2,2,2,2,3,2,"(2,6,3,2)",45,CUT,CUT=72/90;ASSEMBLE+INSPECT=216/495,false
C2A2T2I3F3,2,2,2,3,3,"(2,6,3,3)",45,CUT,CUT=72/90;ASSEMBLE+INSPECT=216/540,false
C2A2T2I4F0,2,2,2,4,0,"(2,6,4,0)",45,CUT,CUT=72/90;ASSEMBLE=96/270;INSPECT=120/180,false
C2A2T2I4F1,2,2,2,4,1,"(2,6,4,1)",45,CUT,CUT=72/90;ASSEMBLE+INSPECT=216/495,false
C2A2T2I4F2,2,2,2,4,2,"(2,6,4,2)",45,CUT,CUT=72/90;ASSEMBLE+INSPECT=216/540,false
C2A2T2I4F3,2,2,2,4,3,"(2,6,4,3)",45,CUT,CUT=72/90;ASSEMBLE+INSPECT=216/585,false
C2A2T3I0F1,2,2,3,0,1,"(2,8,0,1)",127,CUT,CUT=72/254;ASSEMBLE+INSPECT=216/1143,false
C2A2T3I0F2,2,2,3,0,2,"(2,8,0,2)",67,CUT,CUT=72/134;ASSEMBLE+INSPECT=216/670,false
C2A2T3I0F3,2,2,3,0,3,"(2,8,0,3)",50,CUT,CUT=72/100;ASSEMBLE+INSPECT=216/550,false
C2A2T3I1F0,2,2,3,1,0,"(2,8,1,0)",127,INSPECT,CUT=72/254;ASSEMBLE=96/1016;INSPECT=120/127,false
C2A2T3I1F1,2,2,3,1,1,"(2,8,1,1)",67,CUT,CUT=72/134;ASSEMBLE+INSPECT=216/670,false
C2A2T3I1F2,2,2,3,1,2,"(2,8,1,2)",50,CUT,CUT=72/100;ASSEMBLE+INSPECT=216/550,false
C2A2T3I1F3,2,2,3,1,3,"(2,8,1,3)",45,CUT,CUT=72/90;ASSEMBLE+INSPECT=216/540,false
C2A2T3I2F0,2,2,3,2,0,"(2,8,2,0)",67,INSPECT,CUT=72/134;ASSEMBLE=96/536;INSPECT=120/134,false
C2A2T3I2F1,2,2,3,2,1,"(2,8,2,1)",50,CUT,CUT=72/100;ASSEMBLE+INSPECT=216/550,false
C2A2T3I2F2,2,2,3,2,2,"(2,8,2,2)",45,CUT,CUT=72/90;ASSEMBLE+INSPECT=216/540,false
C2A2T3I2F3,2,2,3,2,3,"(2,8,2,3)",45,CUT,CUT=72/90;ASSEMBLE+INSPECT=216/585,false
C2A2T3I3F0,2,2,3,3,0,"(2,8,3,0)",50,INSPECT,CUT=72/100;ASSEMBLE=96/400;INSPECT=120/150,false
C2A2T3I3F1,2,2,3,3,1,"(2,8,3,1)",45,CUT,CUT=72/90;ASSEMBLE+INSPECT=216/540,false
C2A2T3I3F2,2,2,3,3,2,"(2,8,3,2)",45,CUT,CUT=72/90;ASSEMBLE+INSPECT=216/585,false
C2A2T3I3F3,2,2,3,3,3,"(2,8,3,3)",45,CUT,CUT=72/90;ASSEMBLE+INSPECT=216/630,false
C2A2T3I4F0,2,2,3,4,0,"(2,8,4,0)",45,CUT,CUT=72/90;ASSEMBLE=96/360;INSPECT=120/180,false
C2A2T3I4F1,2,2,3,4,1,"(2,8,4,1)",45,CUT,CUT=72/90;ASSEMBLE+INSPECT=216/585,false
C2A2T3I4F2,2,2,3,4,2,"(2,8,4,2)",45,CUT,CUT=72/90;ASSEMBLE+INSPECT=216/630,false
C2A2T3I4F3,2,2,3,4,3,"(2,8,4,3)",45,CUT,CUT=72/90;ASSEMBLE+INSPECT=216/675,false
C2A3T0I0F1,2,3,0,0,1,"(2,3,0,1)",130,ASSEMBLE+INSPECT,CUT=72/260;ASSEMBLE+INSPECT=216/520,true
C2A3T0I0F2,2,3,0,0,2,"(2,3,0,2)",70,ASSEMBLE+INSPECT,CUT=72/140;ASSEMBLE+INSPECT=216/350,true
C2A3T0I0F3,2,3,0,0,3,"(2,3,0,3)",51,CUT|ASSEMBLE+INSPECT,CUT=72/102;ASSEMBLE+INSPECT=216/306,true
C2A3T0I1F0,2,3,0,1,0,"(2,3,1,0)",127,INSPECT,CUT=72/254;ASSEMBLE=96/381;INSPECT=120/127,false
C2A3T0I1F1,2,3,0,1,1,"(2,3,1,1)",70,ASSEMBLE+INSPECT,CUT=72/140;ASSEMBLE+INSPECT=216/350,true
C2A3T0I1F2,2,3,0,1,2,"(2,3,1,2)",51,CUT|ASSEMBLE+INSPECT,CUT=72/102;ASSEMBLE+INSPECT=216/306,true
C2A3T0I1F3,2,3,0,1,3,"(2,3,1,3)",45,CUT,CUT=72/90;ASSEMBLE+INSPECT=216/315,true
C2A3T0I2F0,2,3,0,2,0,"(2,3,2,0)",67,INSPECT,CUT=72/134;ASSEMBLE=96/201;INSPECT=120/134,false
C2A3T0I2F1,2,3,0,2,1,"(2,3,2,1)",50,CUT|ASSEMBLE+INSPECT,CUT=72/100;ASSEMBLE+INSPECT=216/300,true
C2A3T0I2F2,2,3,0,2,2,"(2,3,2,2)",45,CUT,CUT=72/90;ASSEMBLE+INSPECT=216/315,true
C2A3T0I2F3,2,3,0,2,3,"(2,3,2,3)",45,CUT,CUT=72/90;ASSEMBLE+INSPECT=216/360,true
C2A3T0I3F0,2,3,0,3,0,"(2,3,3,0)",50,INSPECT,CUT=72/100;ASSEMBLE=96/150;INSPECT=120/150,false
C2A3T0I3F1,2,3,0,3,1,"(2,3,3,1)",46,CUT,CUT=72/92;ASSEMBLE+INSPECT=216/322,true
C2A3T0I3F2,2,3,0,3,2,"(2,3,3,2)",45,CUT,CUT=72/90;ASSEMBLE+INSPECT=216/360,true
C2A3T0I3F3,2,3,0,3,3,"(2,3,3,3)",45,CUT,CUT=72/90;ASSEMBLE+INSPECT=216/405,true
C2A3T0I4F0,2,3,0,4,0,"(2,3,4,0)",46,CUT,CUT=72/92;ASSEMBLE=96/138;INSPECT=120/184,false
C2A3T0I4F1,2,3,0,4,1,"(2,3,4,1)",45,CUT,CUT=72/90;ASSEMBLE+INSPECT=216/360,false
C2A3T0I4F2,2,3,0,4,2,"(2,3,4,2)",45,CUT,CUT=72/90;ASSEMBLE+INSPECT=216/405,false
C2A3T0I4F3,2,3,0,4,3,"(2,3,4,3)",45,CUT,CUT=72/90;ASSEMBLE+INSPECT=216/450,false
C2A3T1I0F1,2,3,1,0,1,"(2,5,0,1)",127,CUT|ASSEMBLE+INSPECT,CUT=72/254;ASSEMBLE+INSPECT=216/762,false
C2A3T1I0F2,2,3,1,0,2,"(2,5,0,2)",67,CUT,CUT=72/134;ASSEMBLE+INSPECT=216/469,false
C2A3T1I0F3,2,3,1,0,3,"(2,5,0,3)",50,CUT,CUT=72/100;ASSEMBLE+INSPECT=216/400,false
C2A3T1I1F0,2,3,1,1,0,"(2,5,1,0)",127,INSPECT,CUT=72/254;ASSEMBLE=96/635;INSPECT=120/127,false
C2A3T1I1F1,2,3,1,1,1,"(2,5,1,1)",67,CUT,CUT=72/134;ASSEMBLE+INSPECT=216/469,false
C2A3T1I1F2,2,3,1,1,2,"(2,5,1,2)",50,CUT,CUT=72/100;ASSEMBLE+INSPECT=216/400,false
C2A3T1I1F3,2,3,1,1,3,"(2,5,1,3)",45,CUT,CUT=72/90;ASSEMBLE+INSPECT=216/405,false
C2A3T1I2F0,2,3,1,2,0,"(2,5,2,0)",67,INSPECT,CUT=72/134;ASSEMBLE=96/335;INSPECT=120/134,false
C2A3T1I2F1,2,3,1,2,1,"(2,5,2,1)",50,CUT,CUT=72/100;ASSEMBLE+INSPECT=216/400,false
C2A3T1I2F2,2,3,1,2,2,"(2,5,2,2)",45,CUT,CUT=72/90;ASSEMBLE+INSPECT=216/405,false
C2A3T1I2F3,2,3,1,2,3,"(2,5,2,3)",45,CUT,CUT=72/90;ASSEMBLE+INSPECT=216/450,false
C2A3T1I3F0,2,3,1,3,0,"(2,5,3,0)",50,INSPECT,CUT=72/100;ASSEMBLE=96/250;INSPECT=120/150,false
C2A3T1I3F1,2,3,1,3,1,"(2,5,3,1)",45,CUT,CUT=72/90;ASSEMBLE+INSPECT=216/405,false
C2A3T1I3F2,2,3,1,3,2,"(2,5,3,2)",45,CUT,CUT=72/90;ASSEMBLE+INSPECT=216/450,false
C2A3T1I3F3,2,3,1,3,3,"(2,5,3,3)",45,CUT,CUT=72/90;ASSEMBLE+INSPECT=216/495,false
C2A3T1I4F0,2,3,1,4,0,"(2,5,4,0)",45,CUT,CUT=72/90;ASSEMBLE=96/225;INSPECT=120/180,false
C2A3T1I4F1,2,3,1,4,1,"(2,5,4,1)",45,CUT,CUT=72/90;ASSEMBLE+INSPECT=216/450,false
C2A3T1I4F2,2,3,1,4,2,"(2,5,4,2)",45,CUT,CUT=72/90;ASSEMBLE+INSPECT=216/495,false
C2A3T1I4F3,2,3,1,4,3,"(2,5,4,3)",45,CUT,CUT=72/90;ASSEMBLE+INSPECT=216/540,false
C2A3T2I0F1,2,3,2,0,1,"(2,7,0,1)",127,CUT,CUT=72/254;ASSEMBLE+INSPECT=216/1016,false
C2A3T2I0F2,2,3,2,0,2,"(2,7,0,2)",67,CUT,CUT=72/134;ASSEMBLE+INSPECT=216/603,false
C2A3T2I0F3,2,3,2,0,3,"(2,7,0,3)",50,CUT,CUT=72/100;ASSEMBLE+INSPECT=216/500,false
C2A3T2I1F0,2,3,2,1,0,"(2,7,1,0)",127,INSPECT,CUT=72/254;ASSEMBLE=96/889;INSPECT=120/127,false
C2A3T2I1F1,2,3,2,1,1,"(2,7,1,1)",67,CUT,CUT=72/134;ASSEMBLE+INSPECT=216/603,false
C2A3T2I1F2,2,3,2,1,2,"(2,7,1,2)",50,CUT,CUT=72/100;ASSEMBLE+INSPECT=216/500,false
C2A3T2I1F3,2,3,2,1,3,"(2,7,1,3)",45,CUT,CUT=72/90;ASSEMBLE+INSPECT=216/495,false
C2A3T2I2F0,2,3,2,2,0,"(2,7,2,0)",67,INSPECT,CUT=72/134;ASSEMBLE=96/469;INSPECT=120/134,false
C2A3T2I2F1,2,3,2,2,1,"(2,7,2,1)",50,CUT,CUT=72/100;ASSEMBLE+INSPECT=216/500,false
C2A3T2I2F2,2,3,2,2,2,"(2,7,2,2)",45,CUT,CUT=72/90;ASSEMBLE+INSPECT=216/495,false
C2A3T2I2F3,2,3,2,2,3,"(2,7,2,3)",45,CUT,CUT=72/90;ASSEMBLE+INSPECT=216/540,false
C2A3T2I3F0,2,3,2,3,0,"(2,7,3,0)",50,INSPECT,CUT=72/100;ASSEMBLE=96/350;INSPECT=120/150,false
C2A3T2I3F1,2,3,2,3,1,"(2,7,3,1)",45,CUT,CUT=72/90;ASSEMBLE+INSPECT=216/495,false
C2A3T2I3F2,2,3,2,3,2,"(2,7,3,2)",45,CUT,CUT=72/90;ASSEMBLE+INSPECT=216/540,false
C2A3T2I3F3,2,3,2,3,3,"(2,7,3,3)",45,CUT,CUT=72/90;ASSEMBLE+INSPECT=216/585,false
C2A3T2I4F0,2,3,2,4,0,"(2,7,4,0)",45,CUT,CUT=72/90;ASSEMBLE=96/315;INSPECT=120/180,false
C2A3T2I4F1,2,3,2,4,1,"(2,7,4,1)",45,CUT,CUT=72/90;ASSEMBLE+INSPECT=216/540,false
C2A3T2I4F2,2,3,2,4,2,"(2,7,4,2)",45,CUT,CUT=72/90;ASSEMBLE+INSPECT=216/585,false
C2A3T2I4F3,2,3,2,4,3,"(2,7,4,3)",45,CUT,CUT=72/90;ASSEMBLE+INSPECT=216/630,false
C2A3T3I0F1,2,3,3,0,1,"(2,9,0,1)",127,CUT,CUT=72/254;ASSEMBLE+INSPECT=216/1270,false
C2A3T3I0F2,2,3,3,0,2,"(2,9,0,2)",67,CUT,CUT=72/134;ASSEMBLE+INSPECT=216/737,false
C2A3T3I0F3,2,3,3,0,3,"(2,9,0,3)",50,CUT,CUT=72/100;ASSEMBLE+INSPECT=216/600,false
C2A3T3I1F0,2,3,3,1,0,"(2,9,1,0)",127,INSPECT,CUT=72/254;ASSEMBLE=96/1143;INSPECT=120/127,false
C2A3T3I1F1,2,3,3,1,1,"(2,9,1,1)",67,CUT,CUT=72/134;ASSEMBLE+INSPECT=216/737,false
C2A3T3I1F2,2,3,3,1,2,"(2,9,1,2)",50,CUT,CUT=72/100;ASSEMBLE+INSPECT=216/600,false
C2A3T3I1F3,2,3,3,1,3,"(2,9,1,3)",45,CUT,CUT=72/90;ASSEMBLE+INSPECT=216/585,false
C2A3T3I2F0,2,3,3,2,0,"(2,9,2,0)",67,INSPECT,CUT=72/134;ASSEMBLE=96/603;INSPECT=120/134,false
C2A3T3I2F1,2,3,3,2,1,"(2,9,2,1)",50,CUT,CUT=72/100;ASSEMBLE+INSPECT=216/600,false
C2A3T3I2F2,2,3,3,2,2,"(2,9,2,2)",45,CUT,CUT=72/90;ASSEMBLE+INSPECT=216/585,false
C2A3T3I2F3,2,3,3,2,3,"(2,9,2,3)",45,CUT,CUT=72/90;ASSEMBLE+INSPECT=216/630,false
C2A3T3I3F0,2,3,3,3,0,"(2,9,3,0)",50,INSPECT,CUT=72/100;ASSEMBLE=96/450;INSPECT=120/150,false
C2A3T3I3F1,2,3,3,3,1,"(2,9,3,1)",45,CUT,CUT=72/90;ASSEMBLE+INSPECT=216/585,false
C2A3T3I3F2,2,3,3,3,2,"(2,9,3,2)",45,CUT,CUT=72/90;ASSEMBLE+INSPECT=216/630,false
C2A3T3I3F3,2,3,3,3,3,"(2,9,3,3)",45,CUT,CUT=72/90;ASSEMBLE+INSPECT=216/675,false
C2A3T3I4F0,2,3,3,4,0,"(2,9,4,0)",45,CUT,CUT=72/90;ASSEMBLE=96/405;INSPECT=120/180,false
C2A3T3I4F1,2,3,3,4,1,"(2,9,4,1)",45,CUT,CUT=72/90;ASSEMBLE+INSPECT=216/630,false
C2A3T3I4F2,2,3,3,4,2,"(2,9,4,2)",45,CUT,CUT=72/90;ASSEMBLE+INSPECT=216/675,false
C2A3T3I4F3,2,3,3,4,3,"(2,9,4,3)",45,CUT,CUT=72/90;ASSEMBLE+INSPECT=216/720,false
C2A4T0I0F1,2,4,0,0,1,"(2,4,0,1)",127,ASSEMBLE+INSPECT,CUT=72/254;ASSEMBLE+INSPECT=216/635,false
C2A4T0I0F2,2,4,0,0,2,"(2,4,0,2)",67,CUT|ASSEMBLE+INSPECT,CUT=72/134;ASSEMBLE+INSPECT=216/402,false
C2A4T0I0F3,2,4,0,0,3,"(2,4,0,3)",50,CUT,CUT=72/100;ASSEMBLE+INSPECT=216/350,false
C2A4T0I1F0,2,4,0,1,0,"(2,4,1,0)",127,INSPECT,CUT=72/254;ASSEMBLE=96/508;INSPECT=120/127,false
C2A4T0I1F1,2,4,0,1,1,"(2,4,1,1)",67,CUT|ASSEMBLE+INSPECT,CUT=72/134;ASSEMBLE+INSPECT=216/402,false
C2A4T0I1F2,2,4,0,1,2,"(2,4,1,2)",50,CUT,CUT=72/100;ASSEMBLE+INSPECT=216/350,false
C2A4T0I1F3,2,4,0,1,3,"(2,4,1,3)",45,CUT,CUT=72/90;ASSEMBLE+INSPECT=216/360,false
C2A4T0I2F0,2,4,0,2,0,"(2,4,2,0)",67,INSPECT,CUT=72/134;ASSEMBLE=96/268;INSPECT=120/134,false
C2A4T0I2F1,2,4,0,2,1,"(2,4,2,1)",50,CUT,CUT=72/100;ASSEMBLE+INSPECT=216/350,false
C2A4T0I2F2,2,4,0,2,2,"(2,4,2,2)",45,CUT,CUT=72/90;ASSEMBLE+INSPECT=216/360,false
C2A4T0I2F3,2,4,0,2,3,"(2,4,2,3)",45,CUT,CUT=72/90;ASSEMBLE+INSPECT=216/405,false
C2A4T0I3F0,2,4,0,3,0,"(2,4,3,0)",50,INSPECT,CUT=72/100;ASSEMBLE=96/200;INSPECT=120/150,false
C2A4T0I3F1,2,4,0,3,1,"(2,4,3,1)",45,CUT,CUT=72/90;ASSEMBLE+INSPECT=216/360,false
C2A4T0I3F2,2,4,0,3,2,"(2,4,3,2)",45,CUT,CUT=72/90;ASSEMBLE+INSPECT=216/405,false
C2A4T0I3F3,2,4,0,3,3,"(2,4,3,3)",45,CUT,CUT=72/90;ASSEMBLE+INSPECT=216/450,false
C2A4T0I4F0,2,4,0,4,0,"(2,4,4,0)",45,CUT,CUT=72/90;ASSEMBLE=96/180;INSPECT=120/180,false
C2A4T0I4F1,2,4,0,4,1,"(2,4,4,1)",45,CUT,CUT=72/90;ASSEMBLE+INSPECT=216/405,false
C2A4T0I4F2,2,4,0,4,2,"(2,4,4,2)",45,CUT,CUT=72/90;ASSEMBLE+INSPECT=216/450,false
C2A4T0I4F3,2,4,0,4,3,"(2,4,4,3)",45,CUT,CUT=72/90;ASSEMBLE+INSPECT=216/495,false
C2A4T1I0F1,2,4,1,0,1,"(2,6,0,1)",127,CUT,CUT=72/254;ASSEMBLE+INSPECT=216/889,false
C2A4T1I0F2,2,4,1,0,2,"(2,6,0,2)",67,CUT,CUT=72/134;ASSEMBLE+INSPECT=216/536,false
C2A4T1I0F3,2,4,1,0,3,"(2,6,0,3)",50,CUT,CUT=72/100;ASSEMBLE+INSPECT=216/450,false
C2A4T1I1F0,2,4,1,1,0,"(2,6,1,0)",127,INSPECT,CUT=72/254;ASSEMBLE=96/762;INSPECT=120/127,false
C2A4T1I1F1,2,4,1,1,1,"(2,6,1,1)",67,CUT,CUT=72/134;ASSEMBLE+INSPECT=216/536,false
C2A4T1I1F2,2,4,1,1,2,"(2,6,1,2)",50,CUT,CUT=72/100;ASSEMBLE+INSPECT=216/450,false
C2A4T1I1F3,2,4,1,1,3,"(2,6,1,3)",45,CUT,CUT=72/90;ASSEMBLE+INSPECT=216/450,false
C2A4T1I2F0,2,4,1,2,0,"(2,6,2,0)",67,INSPECT,CUT=72/134;ASSEMBLE=96/402;INSPECT=120/134,false
C2A4T1I2F1,2,4,1,2,1,"(2,6,2,1)",50,CUT,CUT=72/100;ASSEMBLE+INSPECT=216/450,false
C2A4T1I2F2,2,4,1,2,2,"(2,6,2,2)",45,CUT,CUT=72/90;ASSEMBLE+INSPECT=216/450,false
C2A4T1I2F3,2,4,1,2,3,"(2,6,2,3)",45,CUT,CUT=72/90;ASSEMBLE+INSPECT=216/495,false
C2A4T1I3F0,2,4,1,3,0,"(2,6,3,0)",50,INSPECT,CUT=72/100;ASSEMBLE=96/300;INSPECT=120/150,false
C2A4T1I3F1,2,4,1,3,1,"(2,6,3,1)",45,CUT,CUT=72/90;ASSEMBLE+INSPECT=216/450,false
C2A4T1I3F2,2,4,1,3,2,"(2,6,3,2)",45,CUT,CUT=72/90;ASSEMBLE+INSPECT=216/495,false
C2A4T1I3F3,2,4,1,3,3,"(2,6,3,3)",45,CUT,CUT=72/90;ASSEMBLE+INSPECT=216/540,false
C2A4T1I4F0,2,4,1,4,0,"(2,6,4,0)",45,CUT,CUT=72/90;ASSEMBLE=96/270;INSPECT=120/180,false
C2A4T1I4F1,2,4,1,4,1,"(2,6,4,1)",45,CUT,CUT=72/90;ASSEMBLE+INSPECT=216/495,false
C2A4T1I4F2,2,4,1,4,2,"(2,6,4,2)",45,CUT,CUT=72/90;ASSEMBLE+INSPECT=216/540,false
C2A4T1I4F3,2,4,1,4,3,"(2,6,4,3)",45,CUT,CUT=72/90;ASSEMBLE+INSPECT=216/585,false
C2A4T2I0F1,2,4,2,0,1,"(2,8,0,1)",127,CUT,CUT=72/254;ASSEMBLE+INSPECT=216/1143,false
C2A4T2I0F2,2,4,2,0,2,"(2,8,0,2)",67,CUT,CUT=72/134;ASSEMBLE+INSPECT=216/670,false
C2A4T2I0F3,2,4,2,0,3,"(2,8,0,3)",50,CUT,CUT=72/100;ASSEMBLE+INSPECT=216/550,false
C2A4T2I1F0,2,4,2,1,0,"(2,8,1,0)",127,INSPECT,CUT=72/254;ASSEMBLE=96/1016;INSPECT=120/127,false
C2A4T2I1F1,2,4,2,1,1,"(2,8,1,1)",67,CUT,CUT=72/134;ASSEMBLE+INSPECT=216/670,false
C2A4T2I1F2,2,4,2,1,2,"(2,8,1,2)",50,CUT,CUT=72/100;ASSEMBLE+INSPECT=216/550,false
C2A4T2I1F3,2,4,2,1,3,"(2,8,1,3)",45,CUT,CUT=72/90;ASSEMBLE+INSPECT=216/540,false
C2A4T2I2F0,2,4,2,2,0,"(2,8,2,0)",67,INSPECT,CUT=72/134;ASSEMBLE=96/536;INSPECT=120/134,false
C2A4T2I2F1,2,4,2,2,1,"(2,8,2,1)",50,CUT,CUT=72/100;ASSEMBLE+INSPECT=216/550,false
C2A4T2I2F2,2,4,2,2,2,"(2,8,2,2)",45,CUT,CUT=72/90;ASSEMBLE+INSPECT=216/540,false
C2A4T2I2F3,2,4,2,2,3,"(2,8,2,3)",45,CUT,CUT=72/90;ASSEMBLE+INSPECT=216/585,false
C2A4T2I3F0,2,4,2,3,0,"(2,8,3,0)",50,INSPECT,CUT=72/100;ASSEMBLE=96/400;INSPECT=120/150,false
C2A4T2I3F1,2,4,2,3,1,"(2,8,3,1)",45,CUT,CUT=72/90;ASSEMBLE+INSPECT=216/540,false
C2A4T2I3F2,2,4,2,3,2,"(2,8,3,2)",45,CUT,CUT=72/90;ASSEMBLE+INSPECT=216/585,false
C2A4T2I3F3,2,4,2,3,3,"(2,8,3,3)",45,CUT,CUT=72/90;ASSEMBLE+INSPECT=216/630,false
C2A4T2I4F0,2,4,2,4,0,"(2,8,4,0)",45,CUT,CUT=72/90;ASSEMBLE=96/360;INSPECT=120/180,false
C2A4T2I4F1,2,4,2,4,1,"(2,8,4,1)",45,CUT,CUT=72/90;ASSEMBLE+INSPECT=216/585,false
C2A4T2I4F2,2,4,2,4,2,"(2,8,4,2)",45,CUT,CUT=72/90;ASSEMBLE+INSPECT=216/630,false
C2A4T2I4F3,2,4,2,4,3,"(2,8,4,3)",45,CUT,CUT=72/90;ASSEMBLE+INSPECT=216/675,false
C2A4T3I0F1,2,4,3,0,1,"(2,10,0,1)",127,CUT,CUT=72/254;ASSEMBLE+INSPECT=216/1397,false
C2A4T3I0F2,2,4,3,0,2,"(2,10,0,2)",67,CUT,CUT=72/134;ASSEMBLE+INSPECT=216/804,false
C2A4T3I0F3,2,4,3,0,3,"(2,10,0,3)",50,CUT,CUT=72/100;ASSEMBLE+INSPECT=216/650,false
C2A4T3I1F0,2,4,3,1,0,"(2,10,1,0)",127,INSPECT,CUT=72/254;ASSEMBLE=96/1270;INSPECT=120/127,false
C2A4T3I1F1,2,4,3,1,1,"(2,10,1,1)",67,CUT,CUT=72/134;ASSEMBLE+INSPECT=216/804,false
C2A4T3I1F2,2,4,3,1,2,"(2,10,1,2)",50,CUT,CUT=72/100;ASSEMBLE+INSPECT=216/650,false
C2A4T3I1F3,2,4,3,1,3,"(2,10,1,3)",45,CUT,CUT=72/90;ASSEMBLE+INSPECT=216/630,false
C2A4T3I2F0,2,4,3,2,0,"(2,10,2,0)",67,INSPECT,CUT=72/134;ASSEMBLE=96/670;INSPECT=120/134,false
C2A4T3I2F1,2,4,3,2,1,"(2,10,2,1)",50,CUT,CUT=72/100;ASSEMBLE+INSPECT=216/650,false
C2A4T3I2F2,2,4,3,2,2,"(2,10,2,2)",45,CUT,CUT=72/90;ASSEMBLE+INSPECT=216/630,false
C2A4T3I2F3,2,4,3,2,3,"(2,10,2,3)",45,CUT,CUT=72/90;ASSEMBLE+INSPECT=216/675,false
C2A4T3I3F0,2,4,3,3,0,"(2,10,3,0)",50,INSPECT,CUT=72/100;ASSEMBLE=96/500;INSPECT=120/150,false
C2A4T3I3F1,2,4,3,3,1,"(2,10,3,1)",45,CUT,CUT=72/90;ASSEMBLE+INSPECT=216/630,false
C2A4T3I3F2,2,4,3,3,2,"(2,10,3,2)",45,CUT,CUT=72/90;ASSEMBLE+INSPECT=216/675,false
C2A4T3I3F3,2,4,3,3,3,"(2,10,3,3)",45,CUT,CUT=72/90;ASSEMBLE+INSPECT=216/720,false
C2A4T3I4F0,2,4,3,4,0,"(2,10,4,0)",45,CUT,CUT=72/90;ASSEMBLE=96/450;INSPECT=120/180,false
C2A4T3I4F1,2,4,3,4,1,"(2,10,4,1)",45,CUT,CUT=72/90;ASSEMBLE+INSPECT=216/675,false
C2A4T3I4F2,2,4,3,4,2,"(2,10,4,2)",45,CUT,CUT=72/90;ASSEMBLE+INSPECT=216/720,false
C2A4T3I4F3,2,4,3,4,3,"(2,10,4,3)",45,CUT,CUT=72/90;ASSEMBLE+INSPECT=216/765,false
C2A5T0I0F1,2,5,0,0,1,"(2,5,0,1)",127,CUT|ASSEMBLE+INSPECT,CUT=72/254;ASSEMBLE+INSPECT=216/762,false
C2A5T0I0F2,2,5,0,0,2,"(2,5,0,2)",67,CUT,CUT=72/134;ASSEMBLE+INSPECT=216/469,false
C2A5T0I0F3,2,5,0,0,3,"(2,5,0,3)",50,CUT,CUT=72/100;ASSEMBLE+INSPECT=216/400,false
C2A5T0I1F0,2,5,0,1,0,"(2,5,1,0)",127,INSPECT,CUT=72/254;ASSEMBLE=96/635;INSPECT=120/127,false
C2A5T0I1F1,2,5,0,1,1,"(2,5,1,1)",67,CUT,CUT=72/134;ASSEMBLE+INSPECT=216/469,false
C2A5T0I1F2,2,5,0,1,2,"(2,5,1,2)",50,CUT,CUT=72/100;ASSEMBLE+INSPECT=216/400,false
C2A5T0I1F3,2,5,0,1,3,"(2,5,1,3)",45,CUT,CUT=72/90;ASSEMBLE+INSPECT=216/405,false
C2A5T0I2F0,2,5,0,2,0,"(2,5,2,0)",67,INSPECT,CUT=72/134;ASSEMBLE=96/335;INSPECT=120/134,false
C2A5T0I2F1,2,5,0,2,1,"(2,5,2,1)",50,CUT,CUT=72/100;ASSEMBLE+INSPECT=216/400,false
C2A5T0I2F2,2,5,0,2,2,"(2,5,2,2)",45,CUT,CUT=72/90;ASSEMBLE+INSPECT=216/405,false
C2A5T0I2F3,2,5,0,2,3,"(2,5,2,3)",45,CUT,CUT=72/90;ASSEMBLE+INSPECT=216/450,false
C2A5T0I3F0,2,5,0,3,0,"(2,5,3,0)",50,INSPECT,CUT=72/100;ASSEMBLE=96/250;INSPECT=120/150,false
C2A5T0I3F1,2,5,0,3,1,"(2,5,3,1)",45,CUT,CUT=72/90;ASSEMBLE+INSPECT=216/405,false
C2A5T0I3F2,2,5,0,3,2,"(2,5,3,2)",45,CUT,CUT=72/90;ASSEMBLE+INSPECT=216/450,false
C2A5T0I3F3,2,5,0,3,3,"(2,5,3,3)",45,CUT,CUT=72/90;ASSEMBLE+INSPECT=216/495,false
C2A5T0I4F0,2,5,0,4,0,"(2,5,4,0)",45,CUT,CUT=72/90;ASSEMBLE=96/225;INSPECT=120/180,false
C2A5T0I4F1,2,5,0,4,1,"(2,5,4,1)",45,CUT,CUT=72/90;ASSEMBLE+INSPECT=216/450,false
C2A5T0I4F2,2,5,0,4,2,"(2,5,4,2)",45,CUT,CUT=72/90;ASSEMBLE+INSPECT=216/495,false
C2A5T0I4F3,2,5,0,4,3,"(2,5,4,3)",45,CUT,CUT=72/90;ASSEMBLE+INSPECT=216/540,false
C2A5T1I0F1,2,5,1,0,1,"(2,7,0,1)",127,CUT,CUT=72/254;ASSEMBLE+INSPECT=216/1016,false
C2A5T1I0F2,2,5,1,0,2,"(2,7,0,2)",67,CUT,CUT=72/134;ASSEMBLE+INSPECT=216/603,false
C2A5T1I0F3,2,5,1,0,3,"(2,7,0,3)",50,CUT,CUT=72/100;ASSEMBLE+INSPECT=216/500,false
C2A5T1I1F0,2,5,1,1,0,"(2,7,1,0)",127,INSPECT,CUT=72/254;ASSEMBLE=96/889;INSPECT=120/127,false
C2A5T1I1F1,2,5,1,1,1,"(2,7,1,1)",67,CUT,CUT=72/134;ASSEMBLE+INSPECT=216/603,false
C2A5T1I1F2,2,5,1,1,2,"(2,7,1,2)",50,CUT,CUT=72/100;ASSEMBLE+INSPECT=216/500,false
C2A5T1I1F3,2,5,1,1,3,"(2,7,1,3)",45,CUT,CUT=72/90;ASSEMBLE+INSPECT=216/495,false
C2A5T1I2F0,2,5,1,2,0,"(2,7,2,0)",67,INSPECT,CUT=72/134;ASSEMBLE=96/469;INSPECT=120/134,false
C2A5T1I2F1,2,5,1,2,1,"(2,7,2,1)",50,CUT,CUT=72/100;ASSEMBLE+INSPECT=216/500,false
C2A5T1I2F2,2,5,1,2,2,"(2,7,2,2)",45,CUT,CUT=72/90;ASSEMBLE+INSPECT=216/495,false
C2A5T1I2F3,2,5,1,2,3,"(2,7,2,3)",45,CUT,CUT=72/90;ASSEMBLE+INSPECT=216/540,false
C2A5T1I3F0,2,5,1,3,0,"(2,7,3,0)",50,INSPECT,CUT=72/100;ASSEMBLE=96/350;INSPECT=120/150,false
C2A5T1I3F1,2,5,1,3,1,"(2,7,3,1)",45,CUT,CUT=72/90;ASSEMBLE+INSPECT=216/495,false
C2A5T1I3F2,2,5,1,3,2,"(2,7,3,2)",45,CUT,CUT=72/90;ASSEMBLE+INSPECT=216/540,false
C2A5T1I3F3,2,5,1,3,3,"(2,7,3,3)",45,CUT,CUT=72/90;ASSEMBLE+INSPECT=216/585,false
C2A5T1I4F0,2,5,1,4,0,"(2,7,4,0)",45,CUT,CUT=72/90;ASSEMBLE=96/315;INSPECT=120/180,false
C2A5T1I4F1,2,5,1,4,1,"(2,7,4,1)",45,CUT,CUT=72/90;ASSEMBLE+INSPECT=216/540,false
C2A5T1I4F2,2,5,1,4,2,"(2,7,4,2)",45,CUT,CUT=72/90;ASSEMBLE+INSPECT=216/585,false
C2A5T1I4F3,2,5,1,4,3,"(2,7,4,3)",45,CUT,CUT=72/90;ASSEMBLE+INSPECT=216/630,false
C2A5T2I0F1,2,5,2,0,1,"(2,9,0,1)",127,CUT,CUT=72/254;ASSEMBLE+INSPECT=216/1270,false
C2A5T2I0F2,2,5,2,0,2,"(2,9,0,2)",67,CUT,CUT=72/134;ASSEMBLE+INSPECT=216/737,false
C2A5T2I0F3,2,5,2,0,3,"(2,9,0,3)",50,CUT,CUT=72/100;ASSEMBLE+INSPECT=216/600,false
C2A5T2I1F0,2,5,2,1,0,"(2,9,1,0)",127,INSPECT,CUT=72/254;ASSEMBLE=96/1143;INSPECT=120/127,false
C2A5T2I1F1,2,5,2,1,1,"(2,9,1,1)",67,CUT,CUT=72/134;ASSEMBLE+INSPECT=216/737,false
C2A5T2I1F2,2,5,2,1,2,"(2,9,1,2)",50,CUT,CUT=72/100;ASSEMBLE+INSPECT=216/600,false
C2A5T2I1F3,2,5,2,1,3,"(2,9,1,3)",45,CUT,CUT=72/90;ASSEMBLE+INSPECT=216/585,false
C2A5T2I2F0,2,5,2,2,0,"(2,9,2,0)",67,INSPECT,CUT=72/134;ASSEMBLE=96/603;INSPECT=120/134,false
C2A5T2I2F1,2,5,2,2,1,"(2,9,2,1)",50,CUT,CUT=72/100;ASSEMBLE+INSPECT=216/600,false
C2A5T2I2F2,2,5,2,2,2,"(2,9,2,2)",45,CUT,CUT=72/90;ASSEMBLE+INSPECT=216/585,false
C2A5T2I2F3,2,5,2,2,3,"(2,9,2,3)",45,CUT,CUT=72/90;ASSEMBLE+INSPECT=216/630,false
C2A5T2I3F0,2,5,2,3,0,"(2,9,3,0)",50,INSPECT,CUT=72/100;ASSEMBLE=96/450;INSPECT=120/150,false
C2A5T2I3F1,2,5,2,3,1,"(2,9,3,1)",45,CUT,CUT=72/90;ASSEMBLE+INSPECT=216/585,false
C2A5T2I3F2,2,5,2,3,2,"(2,9,3,2)",45,CUT,CUT=72/90;ASSEMBLE+INSPECT=216/630,false
C2A5T2I3F3,2,5,2,3,3,"(2,9,3,3)",45,CUT,CUT=72/90;ASSEMBLE+INSPECT=216/675,false
C2A5T2I4F0,2,5,2,4,0,"(2,9,4,0)",45,CUT,CUT=72/90;ASSEMBLE=96/405;INSPECT=120/180,false
C2A5T2I4F1,2,5,2,4,1,"(2,9,4,1)",45,CUT,CUT=72/90;ASSEMBLE+INSPECT=216/630,false
C2A5T2I4F2,2,5,2,4,2,"(2,9,4,2)",45,CUT,CUT=72/90;ASSEMBLE+INSPECT=216/675,false
C2A5T2I4F3,2,5,2,4,3,"(2,9,4,3)",45,CUT,CUT=72/90;ASSEMBLE+INSPECT=216/720,false
C2A5T3I0F1,2,5,3,0,1,"(2,11,0,1)",127,CUT,CUT=72/254;ASSEMBLE+INSPECT=216/1524,false
C2A5T3I0F2,2,5,3,0,2,"(2,11,0,2)",67,CUT,CUT=72/134;ASSEMBLE+INSPECT=216/871,false
C2A5T3I0F3,2,5,3,0,3,"(2,11,0,3)",50,CUT,CUT=72/100;ASSEMBLE+INSPECT=216/700,false
C2A5T3I1F0,2,5,3,1,0,"(2,11,1,0)",127,INSPECT,CUT=72/254;ASSEMBLE=96/1397;INSPECT=120/127,false
C2A5T3I1F1,2,5,3,1,1,"(2,11,1,1)",67,CUT,CUT=72/134;ASSEMBLE+INSPECT=216/871,false
C2A5T3I1F2,2,5,3,1,2,"(2,11,1,2)",50,CUT,CUT=72/100;ASSEMBLE+INSPECT=216/700,false
C2A5T3I1F3,2,5,3,1,3,"(2,11,1,3)",45,CUT,CUT=72/90;ASSEMBLE+INSPECT=216/675,false
C2A5T3I2F0,2,5,3,2,0,"(2,11,2,0)",67,INSPECT,CUT=72/134;ASSEMBLE=96/737;INSPECT=120/134,false
C2A5T3I2F1,2,5,3,2,1,"(2,11,2,1)",50,CUT,CUT=72/100;ASSEMBLE+INSPECT=216/700,false
C2A5T3I2F2,2,5,3,2,2,"(2,11,2,2)",45,CUT,CUT=72/90;ASSEMBLE+INSPECT=216/675,false
C2A5T3I2F3,2,5,3,2,3,"(2,11,2,3)",45,CUT,CUT=72/90;ASSEMBLE+INSPECT=216/720,false
C2A5T3I3F0,2,5,3,3,0,"(2,11,3,0)",50,INSPECT,CUT=72/100;ASSEMBLE=96/550;INSPECT=120/150,false
C2A5T3I3F1,2,5,3,3,1,"(2,11,3,1)",45,CUT,CUT=72/90;ASSEMBLE+INSPECT=216/675,false
C2A5T3I3F2,2,5,3,3,2,"(2,11,3,2)",45,CUT,CUT=72/90;ASSEMBLE+INSPECT=216/720,false
C2A5T3I3F3,2,5,3,3,3,"(2,11,3,3)",45,CUT,CUT=72/90;ASSEMBLE+INSPECT=216/765,false
C2A5T3I4F0,2,5,3,4,0,"(2,11,4,0)",45,CUT,CUT=72/90;ASSEMBLE=96/495;INSPECT=120/180,false
C2A5T3I4F1,2,5,3,4,1,"(2,11,4,1)",45,CUT,CUT=72/90;ASSEMBLE+INSPECT=216/720,false
C2A5T3I4F2,2,5,3,4,2,"(2,11,4,2)",45,CUT,CUT=72/90;ASSEMBLE+INSPECT=216/765,false
C2A5T3I4F3,2,5,3,4,3,"(2,11,4,3)",45,CUT,CUT=72/90;ASSEMBLE+INSPECT=216/810,false
C2A6T0I0F1,2,6,0,0,1,"(2,6,0,1)",127,CUT,CUT=72/254;ASSEMBLE+INSPECT=216/889,false
C2A6T0I0F2,2,6,0,0,2,"(2,6,0,2)",67,CUT,CUT=72/134;ASSEMBLE+INSPECT=216/536,false
C2A6T0I0F3,2,6,0,0,3,"(2,6,0,3)",50,CUT,CUT=72/100;ASSEMBLE+INSPECT=216/450,false
C2A6T0I1F0,2,6,0,1,0,"(2,6,1,0)",127,INSPECT,CUT=72/254;ASSEMBLE=96/762;INSPECT=120/127,false
C2A6T0I1F1,2,6,0,1,1,"(2,6,1,1)",67,CUT,CUT=72/134;ASSEMBLE+INSPECT=216/536,false
C2A6T0I1F2,2,6,0,1,2,"(2,6,1,2)",50,CUT,CUT=72/100;ASSEMBLE+INSPECT=216/450,false
C2A6T0I1F3,2,6,0,1,3,"(2,6,1,3)",45,CUT,CUT=72/90;ASSEMBLE+INSPECT=216/450,false
C2A6T0I2F0,2,6,0,2,0,"(2,6,2,0)",67,INSPECT,CUT=72/134;ASSEMBLE=96/402;INSPECT=120/134,false
C2A6T0I2F1,2,6,0,2,1,"(2,6,2,1)",50,CUT,CUT=72/100;ASSEMBLE+INSPECT=216/450,false
C2A6T0I2F2,2,6,0,2,2,"(2,6,2,2)",45,CUT,CUT=72/90;ASSEMBLE+INSPECT=216/450,false
C2A6T0I2F3,2,6,0,2,3,"(2,6,2,3)",45,CUT,CUT=72/90;ASSEMBLE+INSPECT=216/495,false
C2A6T0I3F0,2,6,0,3,0,"(2,6,3,0)",50,INSPECT,CUT=72/100;ASSEMBLE=96/300;INSPECT=120/150,false
C2A6T0I3F1,2,6,0,3,1,"(2,6,3,1)",45,CUT,CUT=72/90;ASSEMBLE+INSPECT=216/450,false
C2A6T0I3F2,2,6,0,3,2,"(2,6,3,2)",45,CUT,CUT=72/90;ASSEMBLE+INSPECT=216/495,false
C2A6T0I3F3,2,6,0,3,3,"(2,6,3,3)",45,CUT,CUT=72/90;ASSEMBLE+INSPECT=216/540,false
C2A6T0I4F0,2,6,0,4,0,"(2,6,4,0)",45,CUT,CUT=72/90;ASSEMBLE=96/270;INSPECT=120/180,false
C2A6T0I4F1,2,6,0,4,1,"(2,6,4,1)",45,CUT,CUT=72/90;ASSEMBLE+INSPECT=216/495,false
C2A6T0I4F2,2,6,0,4,2,"(2,6,4,2)",45,CUT,CUT=72/90;ASSEMBLE+INSPECT=216/540,false
C2A6T0I4F3,2,6,0,4,3,"(2,6,4,3)",45,CUT,CUT=72/90;ASSEMBLE+INSPECT=216/585,false
C2A6T1I0F1,2,6,1,0,1,"(2,8,0,1)",127,CUT,CUT=72/254;ASSEMBLE+INSPECT=216/1143,false
C2A6T1I0F2,2,6,1,0,2,"(2,8,0,2)",67,CUT,CUT=72/134;ASSEMBLE+INSPECT=216/670,false
C2A6T1I0F3,2,6,1,0,3,"(2,8,0,3)",50,CUT,CUT=72/100;ASSEMBLE+INSPECT=216/550,false
C2A6T1I1F0,2,6,1,1,0,"(2,8,1,0)",127,INSPECT,CUT=72/254;ASSEMBLE=96/1016;INSPECT=120/127,false
C2A6T1I1F1,2,6,1,1,1,"(2,8,1,1)",67,CUT,CUT=72/134;ASSEMBLE+INSPECT=216/670,false
C2A6T1I1F2,2,6,1,1,2,"(2,8,1,2)",50,CUT,CUT=72/100;ASSEMBLE+INSPECT=216/550,false
C2A6T1I1F3,2,6,1,1,3,"(2,8,1,3)",45,CUT,CUT=72/90;ASSEMBLE+INSPECT=216/540,false
C2A6T1I2F0,2,6,1,2,0,"(2,8,2,0)",67,INSPECT,CUT=72/134;ASSEMBLE=96/536;INSPECT=120/134,false
C2A6T1I2F1,2,6,1,2,1,"(2,8,2,1)",50,CUT,CUT=72/100;ASSEMBLE+INSPECT=216/550,false
C2A6T1I2F2,2,6,1,2,2,"(2,8,2,2)",45,CUT,CUT=72/90;ASSEMBLE+INSPECT=216/540,false
C2A6T1I2F3,2,6,1,2,3,"(2,8,2,3)",45,CUT,CUT=72/90;ASSEMBLE+INSPECT=216/585,false
C2A6T1I3F0,2,6,1,3,0,"(2,8,3,0)",50,INSPECT,CUT=72/100;ASSEMBLE=96/400;INSPECT=120/150,false
C2A6T1I3F1,2,6,1,3,1,"(2,8,3,1)",45,CUT,CUT=72/90;ASSEMBLE+INSPECT=216/540,false
C2A6T1I3F2,2,6,1,3,2,"(2,8,3,2)",45,CUT,CUT=72/90;ASSEMBLE+INSPECT=216/585,false
C2A6T1I3F3,2,6,1,3,3,"(2,8,3,3)",45,CUT,CUT=72/90;ASSEMBLE+INSPECT=216/630,false
C2A6T1I4F0,2,6,1,4,0,"(2,8,4,0)",45,CUT,CUT=72/90;ASSEMBLE=96/360;INSPECT=120/180,false
C2A6T1I4F1,2,6,1,4,1,"(2,8,4,1)",45,CUT,CUT=72/90;ASSEMBLE+INSPECT=216/585,false
C2A6T1I4F2,2,6,1,4,2,"(2,8,4,2)",45,CUT,CUT=72/90;ASSEMBLE+INSPECT=216/630,false
C2A6T1I4F3,2,6,1,4,3,"(2,8,4,3)",45,CUT,CUT=72/90;ASSEMBLE+INSPECT=216/675,false
C2A6T2I0F1,2,6,2,0,1,"(2,10,0,1)",127,CUT,CUT=72/254;ASSEMBLE+INSPECT=216/1397,false
C2A6T2I0F2,2,6,2,0,2,"(2,10,0,2)",67,CUT,CUT=72/134;ASSEMBLE+INSPECT=216/804,false
C2A6T2I0F3,2,6,2,0,3,"(2,10,0,3)",50,CUT,CUT=72/100;ASSEMBLE+INSPECT=216/650,false
C2A6T2I1F0,2,6,2,1,0,"(2,10,1,0)",127,INSPECT,CUT=72/254;ASSEMBLE=96/1270;INSPECT=120/127,false
C2A6T2I1F1,2,6,2,1,1,"(2,10,1,1)",67,CUT,CUT=72/134;ASSEMBLE+INSPECT=216/804,false
C2A6T2I1F2,2,6,2,1,2,"(2,10,1,2)",50,CUT,CUT=72/100;ASSEMBLE+INSPECT=216/650,false
C2A6T2I1F3,2,6,2,1,3,"(2,10,1,3)",45,CUT,CUT=72/90;ASSEMBLE+INSPECT=216/630,false
C2A6T2I2F0,2,6,2,2,0,"(2,10,2,0)",67,INSPECT,CUT=72/134;ASSEMBLE=96/670;INSPECT=120/134,false
C2A6T2I2F1,2,6,2,2,1,"(2,10,2,1)",50,CUT,CUT=72/100;ASSEMBLE+INSPECT=216/650,false
C2A6T2I2F2,2,6,2,2,2,"(2,10,2,2)",45,CUT,CUT=72/90;ASSEMBLE+INSPECT=216/630,false
C2A6T2I2F3,2,6,2,2,3,"(2,10,2,3)",45,CUT,CUT=72/90;ASSEMBLE+INSPECT=216/675,false
C2A6T2I3F0,2,6,2,3,0,"(2,10,3,0)",50,INSPECT,CUT=72/100;ASSEMBLE=96/500;INSPECT=120/150,false
C2A6T2I3F1,2,6,2,3,1,"(2,10,3,1)",45,CUT,CUT=72/90;ASSEMBLE+INSPECT=216/630,false
C2A6T2I3F2,2,6,2,3,2,"(2,10,3,2)",45,CUT,CUT=72/90;ASSEMBLE+INSPECT=216/675,false
C2A6T2I3F3,2,6,2,3,3,"(2,10,3,3)",45,CUT,CUT=72/90;ASSEMBLE+INSPECT=216/720,false
C2A6T2I4F0,2,6,2,4,0,"(2,10,4,0)",45,CUT,CUT=72/90;ASSEMBLE=96/450;INSPECT=120/180,false
C2A6T2I4F1,2,6,2,4,1,"(2,10,4,1)",45,CUT,CUT=72/90;ASSEMBLE+INSPECT=216/675,false
C2A6T2I4F2,2,6,2,4,2,"(2,10,4,2)",45,CUT,CUT=72/90;ASSEMBLE+INSPECT=216/720,false
C2A6T2I4F3,2,6,2,4,3,"(2,10,4,3)",45,CUT,CUT=72/90;ASSEMBLE+INSPECT=216/765,false
C2A6T3I0F1,2,6,3,0,1,"(2,12,0,1)",127,CUT,CUT=72/254;ASSEMBLE+INSPECT=216/1651,false
C2A6T3I0F2,2,6,3,0,2,"(2,12,0,2)",67,CUT,CUT=72/134;ASSEMBLE+INSPECT=216/938,false
C2A6T3I0F3,2,6,3,0,3,"(2,12,0,3)",50,CUT,CUT=72/100;ASSEMBLE+INSPECT=216/750,false
C2A6T3I1F0,2,6,3,1,0,"(2,12,1,0)",127,INSPECT,CUT=72/254;ASSEMBLE=96/1524;INSPECT=120/127,false
C2A6T3I1F1,2,6,3,1,1,"(2,12,1,1)",67,CUT,CUT=72/134;ASSEMBLE+INSPECT=216/938,false
C2A6T3I1F2,2,6,3,1,2,"(2,12,1,2)",50,CUT,CUT=72/100;ASSEMBLE+INSPECT=216/750,false
C2A6T3I1F3,2,6,3,1,3,"(2,12,1,3)",45,CUT,CUT=72/90;ASSEMBLE+INSPECT=216/720,false
C2A6T3I2F0,2,6,3,2,0,"(2,12,2,0)",67,INSPECT,CUT=72/134;ASSEMBLE=96/804;INSPECT=120/134,false
C2A6T3I2F1,2,6,3,2,1,"(2,12,2,1)",50,CUT,CUT=72/100;ASSEMBLE+INSPECT=216/750,false
C2A6T3I2F2,2,6,3,2,2,"(2,12,2,2)",45,CUT,CUT=72/90;ASSEMBLE+INSPECT=216/720,false
C2A6T3I2F3,2,6,3,2,3,"(2,12,2,3)",45,CUT,CUT=72/90;ASSEMBLE+INSPECT=216/765,false
C2A6T3I3F0,2,6,3,3,0,"(2,12,3,0)",50,INSPECT,CUT=72/100;ASSEMBLE=96/600;INSPECT=120/150,false
C2A6T3I3F1,2,6,3,3,1,"(2,12,3,1)",45,CUT,CUT=72/90;ASSEMBLE+INSPECT=216/720,false
C2A6T3I3F2,2,6,3,3,2,"(2,12,3,2)",45,CUT,CUT=72/90;ASSEMBLE+INSPECT=216/765,false
C2A6T3I3F3,2,6,3,3,3,"(2,12,3,3)",45,CUT,CUT=72/90;ASSEMBLE+INSPECT=216/810,false
C2A6T3I4F0,2,6,3,4,0,"(2,12,4,0)",45,CUT,CUT=72/90;ASSEMBLE=96/540;INSPECT=120/180,false
C2A6T3I4F1,2,6,3,4,1,"(2,12,4,1)",45,CUT,CUT=72/90;ASSEMBLE+INSPECT=216/765,false
C2A6T3I4F2,2,6,3,4,2,"(2,12,4,2)",45,CUT,CUT=72/90;ASSEMBLE+INSPECT=216/810,false
C2A6T3I4F3,2,6,3,4,3,"(2,12,4,3)",45,CUT,CUT=72/90;ASSEMBLE+INSPECT=216/855,false
C3A0T0I0F1,3,0,0,0,1,"(3,0,0,1)",219,ASSEMBLE+INSPECT,CUT=72/657;ASSEMBLE+INSPECT=216/219,true
C3A0T0I0F2,3,0,0,0,2,"(3,0,0,2)",111,ASSEMBLE+INSPECT,CUT=72/333;ASSEMBLE+INSPECT=216/222,true
C3A0T0I0F3,3,0,0,0,3,"(3,0,0,3)",75,ASSEMBLE+INSPECT,CUT=72/225;ASSEMBLE+INSPECT=216/225,true
C3A0T0I1F1,3,0,0,1,1,"(3,0,1,1)",159,ASSEMBLE+INSPECT,CUT=72/477;ASSEMBLE+INSPECT=216/318,true
C3A0T0I1F2,3,0,0,1,2,"(3,0,1,2)",91,ASSEMBLE+INSPECT,CUT=72/273;ASSEMBLE+INSPECT=216/273,true
C3A0T0I1F3,3,0,0,1,3,"(3,0,1,3)",65,ASSEMBLE+INSPECT,CUT=72/195;ASSEMBLE+INSPECT=216/260,true
C3A0T0I2F1,3,0,0,2,1,"(3,0,2,1)",104,ASSEMBLE+INSPECT,CUT=72/312;ASSEMBLE+INSPECT=216/312,false
C3A0T0I2F2,3,0,0,2,2,"(3,0,2,2)",81,ASSEMBLE+INSPECT,CUT=72/243;ASSEMBLE+INSPECT=216/324,true
C3A0T0I2F3,3,0,0,2,3,"(3,0,2,3)",55,ASSEMBLE+INSPECT,CUT=72/165;ASSEMBLE+INSPECT=216/275,true
C3A0T0I3F1,3,0,0,3,1,"(3,0,3,1)",104,ASSEMBLE+INSPECT,CUT=72/312;ASSEMBLE+INSPECT=216/416,false
C3A0T0I3F2,3,0,0,3,2,"(3,0,3,2)",60,ASSEMBLE+INSPECT,CUT=72/180;ASSEMBLE+INSPECT=216/300,true
C3A0T0I3F3,3,0,0,3,3,"(3,0,3,3)",55,ASSEMBLE+INSPECT,CUT=72/165;ASSEMBLE+INSPECT=216/330,true
C3A0T0I4F1,3,0,0,4,1,"(3,0,4,1)",104,ASSEMBLE+INSPECT,CUT=72/312;ASSEMBLE+INSPECT=216/520,false
C3A0T0I4F2,3,0,0,4,2,"(3,0,4,2)",56,ASSEMBLE+INSPECT,CUT=72/168;ASSEMBLE+INSPECT=216/336,false
C3A0T0I4F3,3,0,0,4,3,"(3,0,4,3)",46,ASSEMBLE+INSPECT,CUT=72/138;ASSEMBLE+INSPECT=216/322,true
C3A0T1I0F1,3,0,1,0,1,"(3,2,0,1)",127,ASSEMBLE+INSPECT,CUT=72/381;ASSEMBLE+INSPECT=216/381,true
C3A0T1I0F2,3,0,1,0,2,"(3,2,0,2)",74,ASSEMBLE+INSPECT,CUT=72/222;ASSEMBLE+INSPECT=216/296,true
C3A0T1I0F3,3,0,1,0,3,"(3,2,0,3)",55,ASSEMBLE+INSPECT,CUT=72/165;ASSEMBLE+INSPECT=216/275,true
C3A0T1I1F0,3,0,1,1,0,"(3,2,1,0)",127,INSPECT,CUT=72/381;ASSEMBLE=96/254;INSPECT=120/127,false
C3A0T1I1F1,3,0,1,1,1,"(3,2,1,1)",72,ASSEMBLE+INSPECT,CUT=72/216;ASSEMBLE+INSPECT=216/288,true
C3A0T1I1F2,3,0,1,1,2,"(3,2,1,2)",54,ASSEMBLE+INSPECT,CUT=72/162;ASSEMBLE+INSPECT=216/270,true
C3A0T1I1F3,3,0,1,1,3,"(3,2,1,3)",47,ASSEMBLE+INSPECT,CUT=72/141;ASSEMBLE+INSPECT=216/282,true
C3A0T1I2F0,3,0,1,2,0,"(3,2,2,0)",67,INSPECT,CUT=72/201;ASSEMBLE=96/134;INSPECT=120/134,false
C3A0T1I2F1,3,0,1,2,1,"(3,2,2,1)",53,ASSEMBLE+INSPECT,CUT=72/159;ASSEMBLE+INSPECT=216/265,true
C3A0T1I2F2,3,0,1,2,2,"(3,2,2,2)",47,ASSEMBLE+INSPECT,CUT=72/141;ASSEMBLE+INSPECT=216/282,true
C3A0T1I2F3,3,0,1,2,3,"(3,2,2,3)",39,ASSEMBLE+INSPECT,CUT=72/117;ASSEMBLE+INSPECT=216/273,true
C3A0T1I3F0,3,0,1,3,0,"(3,2,3,0)",57,ASSEMBLE,CUT=72/171;ASSEMBLE=96/114;INSPECT=120/171,false
C3A0T1I3F1,3,0,1,3,1,"(3,2,3,1)",47,ASSEMBLE+INSPECT,CUT=72/141;ASSEMBLE+INSPECT=216/282,true
C3A0T1I3F2,3,0,1,3,2,"(3,2,3,2)",40,ASSEMBLE+INSPECT,CUT=72/120;ASSEMBLE+INSPECT=216/280,true
C3A0T1I3F3,3,0,1,3,3,"(3,2,3,3)",37,ASSEMBLE+INSPECT,CUT=72/111;ASSEMBLE+INSPECT=216/296,true
C3A0T1I4F0,3,0,1,4,0,"(3,2,4,0)",56,ASSEMBLE,CUT=72/168;ASSEMBLE=96/112;INSPECT=120/224,false
C3A0T1I4F1,3,0,1,4,1,"(3,2,4,1)",44,ASSEMBLE+INSPECT,CUT=72/132;ASSEMBLE+INSPECT=216/308,true
C3A0T1I4F2,3,0,1,4,2,"(3,2,4,2)",37,ASSEMBLE+INSPECT,CUT=72/111;ASSEMBLE+INSPECT=216/296,true
C3A0T1I4F3,3,0,1,4,3,"(3,2,4,3)",35,CUT|ASSEMBLE+INSPECT,CUT=72/105;ASSEMBLE+INSPECT=216/315,true
C3A0T2I0F1,3,0,2,0,1,"(3,4,0,1)",130,ASSEMBLE+INSPECT,CUT=72/390;ASSEMBLE+INSPECT=216/650,true
C3A0T2I0F2,3,0,2,0,2,"(3,4,0,2)",70,ASSEMBLE+INSPECT,CUT=72/210;ASSEMBLE+INSPECT=216/420,true
C3A0T2I0F3,3,0,2,0,3,"(3,4,0,3)",50,ASSEMBLE+INSPECT,CUT=72/150;ASSEMBLE+INSPECT=216/350,true
C3A0T2I1F0,3,0,2,1,0,"(3,4,1,0)",127,INSPECT,CUT=72/381;ASSEMBLE=96/508;INSPECT=120/127,false
C3A0T2I1F1,3,0,2,1,1,"(3,4,1,1)",70,ASSEMBLE+INSPECT,CUT=72/210;ASSEMBLE+INSPECT=216/420,true
C3A0T2I1F2,3,0,2,1,2,"(3,4,1,2)",50,ASSEMBLE+INSPECT,CUT=72/150;ASSEMBLE+INSPECT=216/350,true
C3A0T2I1F3,3,0,2,1,3,"(3,4,1,3)",41,ASSEMBLE+INSPECT,CUT=72/123;ASSEMBLE+INSPECT=216/328,true
C3A0T2I2F0,3,0,2,2,0,"(3,4,2,0)",67,INSPECT,CUT=72/201;ASSEMBLE=96/268;INSPECT=120/134,false
C3A0T2I2F1,3,0,2,2,1,"(3,4,2,1)",50,ASSEMBLE+INSPECT,CUT=72/150;ASSEMBLE+INSPECT=216/350,true
C3A0T2I2F2,3,0,2,2,2,"(3,4,2,2)",40,ASSEMBLE+INSPECT,CUT=72/120;ASSEMBLE+INSPECT=216/320,true
C3A0T2I2F3,3,0,2,2,3,"(3,4,2,3)",36,CUT|ASSEMBLE+INSPECT,CUT=72/108;ASSEMBLE+INSPECT=216/324,true
C3A0T2I3F0,3,0,2,3,0,"(3,4,3,0)",47,INSPECT,CUT=72/141;ASSEMBLE=96/188;INSPECT=120/141,false
C3A0T2I3F1,3,0,2,3,1,"(3,4,3,1)",40,ASSEMBLE+INSPECT,CUT=72/120;ASSEMBLE+INSPECT=216/320,true
C3A0T2I3F2,3,0,2,3,2,"(3,4,3,2)",37,CUT|ASSEMBLE+INSPECT,CUT=72/111;ASSEMBLE+INSPECT=216/333,true
C3A0T2I3F3,3,0,2,3,3,"(3,4,3,3)",34,CUT,CUT=72/102;ASSEMBLE+INSPECT=216/340,true
C3A0T2I4F0,3,0,2,4,0,"(3,4,4,0)",40,INSPECT,CUT=72/120;ASSEMBLE=96/160;INSPECT=120/160,false
C3A0T2I4F1,3,0,2,4,1,"(3,4,4,1)",35,CUT|ASSEMBLE+INSPECT,CUT=72/105;ASSEMBLE+INSPECT=216/315,true
C3A0T2I4F2,3,0,2,4,2,"(3,4,4,2)",33,CUT,CUT=72/99;ASSEMBLE+INSPECT=216/330,true
C3A0T2I4F3,3,0,2,4,3,"(3,4,4,3)",33,CUT,CUT=72/99;ASSEMBLE+INSPECT=216/363,true
C3A0T3I0F1,3,0,3,0,1,"(3,6,0,1)",127,ASSEMBLE+INSPECT,CUT=72/381;ASSEMBLE+INSPECT=216/889,false
C3A0T3I0F2,3,0,3,0,2,"(3,6,0,2)",67,ASSEMBLE+INSPECT,CUT=72/201;ASSEMBLE+INSPECT=216/536,false
C3A0T3I0F3,3,0,3,0,3,"(3,6,0,3)",47,CUT|ASSEMBLE+INSPECT,CUT=72/141;ASSEMBLE+INSPECT=216/423,false
C3A0T3I1F0,3,0,3,1,0,"(3,6,1,0)",127,INSPECT,CUT=72/381;ASSEMBLE=96/762;INSPECT=120/127,false
C3A0T3I1F1,3,0,3,1,1,"(3,6,1,1)",67,ASSEMBLE+INSPECT,CUT=72/201;ASSEMBLE+INSPECT=216/536,false
C3A0T3I1F2,3,0,3,1,2,"(3,6,1,2)",47,CUT|ASSEMBLE+INSPECT,CUT=72/141;ASSEMBLE+INSPECT=216/423,false
C3A0T3I1F3,3,0,3,1,3,"(3,6,1,3)",40,CUT,CUT=72/120;ASSEMBLE+INSPECT=216/400,false
C3A0T3I2F0,3,0,3,2,0,"(3,6,2,0)",67,INSPECT,CUT=72/201;ASSEMBLE=96/402;INSPECT=120/134,false
C3A0T3I2F1,3,0,3,2,1,"(3,6,2,1)",47,CUT|ASSEMBLE+INSPECT,CUT=72/141;ASSEMBLE+INSPECT=216/423,false
C3A0T3I2F2,3,0,3,2,2,"(3,6,2,2)",40,CUT,CUT=72/120;ASSEMBLE+INSPECT=216/400,false
C3A0T3I2F3,3,0,3,2,3,"(3,6,2,3)",35,CUT,CUT=72/105;ASSEMBLE+INSPECT=216/385,false
C3A0T3I3F0,3,0,3,3,0,"(3,6,3,0)",47,INSPECT,CUT=72/141;ASSEMBLE=96/282;INSPECT=120/141,false
C3A0T3I3F1,3,0,3,3,1,"(3,6,3,1)",40,CUT,CUT=72/120;ASSEMBLE+INSPECT=216/400,false
C3A0T3I3F2,3,0,3,3,2,"(3,6,3,2)",35,CUT,CUT=72/105;ASSEMBLE+INSPECT=216/385,false
C3A0T3I3F3,3,0,3,3,3,"(3,6,3,3)",33,CUT,CUT=72/99;ASSEMBLE+INSPECT=216/396,false
C3A0T3I4F0,3,0,3,4,0,"(3,6,4,0)",40,INSPECT,CUT=72/120;ASSEMBLE=96/240;INSPECT=120/160,false
C3A0T3I4F1,3,0,3,4,1,"(3,6,4,1)",35,CUT,CUT=72/105;ASSEMBLE+INSPECT=216/385,false
C3A0T3I4F2,3,0,3,4,2,"(3,6,4,2)",33,CUT,CUT=72/99;ASSEMBLE+INSPECT=216/396,false
C3A0T3I4F3,3,0,3,4,3,"(3,6,4,3)",33,CUT,CUT=72/99;ASSEMBLE+INSPECT=216/429,false
C3A1T0I0F1,3,1,0,0,1,"(3,1,0,1)",127,ASSEMBLE+INSPECT,CUT=72/381;ASSEMBLE+INSPECT=216/254,true
C3A1T0I0F2,3,1,0,0,2,"(3,1,0,2)",83,ASSEMBLE+INSPECT,CUT=72/249;ASSEMBLE+INSPECT=216/249,true
C3A1T0I0F3,3,1,0,0,3,"(3,1,0,3)",63,ASSEMBLE+INSPECT,CUT=72/189;ASSEMBLE+INSPECT=216/252,true
C3A1T0I1F0,3,1,0,1,0,"(3,1,1,0)",127,INSPECT,CUT=72/381;ASSEMBLE=96/127;INSPECT=120/127,false
C3A1T0I1F1,3,1,0,1,1,"(3,1,1,1)",82,ASSEMBLE+INSPECT,CUT=72/246;ASSEMBLE+INSPECT=216/246,true
C3A1T0I1F2,3,1,0,1,2,"(3,1,1,2)",62,ASSEMBLE+INSPECT,CUT=72/186;ASSEMBLE+INSPECT=216/248,true
C3A1T0I1F3,3,1,0,1,3,"(3,1,1,3)",52,ASSEMBLE+INSPECT,CUT=72/156;ASSEMBLE+INSPECT=216/260,true
C3A1T0I2F0,3,1,0,2,0,"(3,1,2,0)",104,ASSEMBLE,CUT=72/312;ASSEMBLE=96/104;INSPECT=120/208,false
C3A1T0I2F1,3,1,0,2,1,"(3,1,2,1)",68,ASSEMBLE+INSPECT,CUT=72/204;ASSEMBLE+INSPECT=216/272,true
C3A1T0I2F2,3,1,0,2,2,"(3,1,2,2)",56,ASSEMBLE+INSPECT,CUT=72/168;ASSEMBLE+INSPECT=216/280,true
C3A1T0I2F3,3,1,0,2,3,"(3,1,2,3)",46,ASSEMBLE+INSPECT,CUT=72/138;ASSEMBLE+INSPECT=216/276,true
C3A1T0I3F0,3,1,0,3,0,"(3,1,3,0)",104,ASSEMBLE,CUT=72/312;ASSEMBLE=96/104;INSPECT=120/312,false
C3A1T0I3F1,3,1,0,3,1,"(3,1,3,1)",60,ASSEMBLE+INSPECT,CUT=72/180;ASSEMBLE+INSPECT=216/300,true
C3A1T0I3F2,3,1,0,3,2,"(3,1,3,2)",51,ASSEMBLE+INSPECT,CUT=72/153;ASSEMBLE+INSPECT=216/306,true
C3A1T0I3F3,3,1,0,3,3,"(3,1,3,3)",42,ASSEMBLE+INSPECT,CUT=72/126;ASSEMBLE+INSPECT=216/294,true
C3A1T0I4F0,3,1,0,4,0,"(3,1,4,0)",104,ASSEMBLE,CUT=72/312;ASSEMBLE=96/104;INSPECT=120/416,false
C3A1T0I4F1,3,1,0,4,1,"(3,1,4,1)",56,ASSEMBLE+INSPECT,CUT=72/168;ASSEMBLE+INSPECT=216/336,false
C3A1T0I4F2,3,1,0,4,2,"(3,1,4,2)",46,ASSEMBLE+INSPECT,CUT=72/138;ASSEMBLE+INSPECT=216/322,true
C3A1T0I4F3,3,1,0,4,3,"(3,1,4,3)",37,ASSEMBLE+INSPECT,CUT=72/111;ASSEMBLE+INSPECT=216/296,true
C3A1T1I0F1,3,1,1,0,1,"(3,3,0,1)",130,ASSEMBLE+INSPECT,CUT=72/390;ASSEMBLE+INSPECT=216/520,true
C3A1T1I0F2,3,1,1,0,2,"(3,3,0,2)",70,ASSEMBLE+INSPECT,CUT=72/210;ASSEMBLE+INSPECT=216/350,true
C3A1T1I0F3,3,1,1,0,3,"(3,3,0,3)",50,ASSEMBLE+INSPECT,CUT=72/150;ASSEMBLE+INSPECT=216/300,true
C3A1T1I1F0,3,1,1,1,0,"(3,3,1,0)",127,INSPECT,CUT=72/381;ASSEMBLE=96/381;INSPECT=120/127,false
C3A1T1I1F1,3,1,1,1,1,"(3,3,1,1)",70,ASSEMBLE+INSPECT,CUT=72/210;ASSEMBLE+INSPECT=216/350,true
C3A1T1I1F2,3,1,1,1,2,"(3,3,1,2)",50,ASSEMBLE+INSPECT,CUT=72/150;ASSEMBLE+INSPECT=216/300,true
C3A1T1I1F3,3,1,1,1,3,"(3,3,1,3)",42,ASSEMBLE+INSPECT,CUT=72/126;ASSEMBLE+INSPECT=216/294,true
C3A1T1I2F0,3,1,1,2,0,"(3,3,2,0)",67,INSPECT,CUT=72/201;ASSEMBLE=96/201;INSPECT=120/134,false
C3A1T1I2F1,3,1,1,2,1,"(3,3,2,1)",50,ASSEMBLE+INSPECT,CUT=72/150;ASSEMBLE+INSPECT=216/300,true
C3A1T1I2F2,3,1,1,2,2,"(3,3,2,2)",42,ASSEMBLE+INSPECT,CUT=72/126;ASSEMBLE+INSPECT=216/294,true
C3A1T1I2F3,3,1,1,2,3,"(3,3,2,3)",38,ASSEMBLE+INSPECT,CUT=72/114;ASSEMBLE+INSPECT=216/304,true
C3A1T1I3F0,3,1,1,3,0,"(3,3,3,0)",47,INSPECT,CUT=72/141;ASSEMBLE=96/141;INSPECT=120/141,false
C3A1T1I3F1,3,1,1,3,1,"(3,3,3,1)",42,ASSEMBLE+INSPECT,CUT=72/126;ASSEMBLE+INSPECT=216/294,true
C3A1T1I3F2,3,1,1,3,2,"(3,3,3,2)",38,ASSEMBLE+INSPECT,CUT=72/114;ASSEMBLE+INSPECT=216/304,true
C3A1T1I3F3,3,1,1,3,3,"(3,3,3,3)",33,CUT|ASSEMBLE+INSPECT,CUT=72/99;ASSEMBLE+INSPECT=216/297,true
C3A1T1I4F0,3,1,1,4,0,"(3,3,4,0)",42,ASSEMBLE,CUT=72/126;ASSEMBLE=96/126;INSPECT=120/168,false
C3A1T1I4F1,3,1,1,4,1,"(3,3,4,1)",37,ASSEMBLE+INSPECT,CUT=72/111;ASSEMBLE+INSPECT=216/296,true
C3A1T1I4F2,3,1,1,4,2,"(3,3,4,2)",35,CUT|ASSEMBLE+INSPECT,CUT=72/105;ASSEMBLE+INSPECT=216/315,true
C3A1T1I4F3,3,1,1,4,3,"(3,3,4,3)",33,CUT,CUT=72/99;ASSEMBLE+INSPECT=216/330,true
C3A1T2I0F1,3,1,2,0,1,"(3,5,0,1)",130,ASSEMBLE+INSPECT,CUT=72/390;ASSEMBLE+INSPECT=216/780,true
C3A1T2I0F2,3,1,2,0,2,"(3,5,0,2)",70,ASSEMBLE+INSPECT,CUT=72/210;ASSEMBLE+INSPECT=216/490,true
C3A1T2I0F3,3,1,2,0,3,"(3,5,0,3)",50,ASSEMBLE+INSPECT,CUT=72/150;ASSEMBLE+INSPECT=216/400,true
C3A1T2I1F0,3,1,2,1,0,"(3,5,1,0)",127,INSPECT,CUT=72/381;ASSEMBLE=96/635;INSPECT=120/127,false
C3A1T2I1F1,3,1,2,1,1,"(3,5,1,1)",70,ASSEMBLE+INSPECT,CUT=72/210;ASSEMBLE+INSPECT=216/490,true
C3A1T2I1F2,3,1,2,1,2,"(3,5,1,2)",50,ASSEMBLE+INSPECT,CUT=72/150;ASSEMBLE+INSPECT=216/400,true
C3A1T2I1F3,3,1,2,1,3,"(3,5,1,3)",41,CUT|ASSEMBLE+INSPECT,CUT=72/123;ASSEMBLE+INSPECT=216/369,true
C3A1T2I2F0,3,1,2,2,0,"(3,5,2,0)",67,INSPECT,CUT=72/201;ASSEMBLE=96/335;INSPECT=120/134,false
C3A1T2I2F1,3,1,2,2,1,"(3,5,2,1)",50,ASSEMBLE+INSPECT,CUT=72/150;ASSEMBLE+INSPECT=216/400,true
C3A1T2I2F2,3,1,2,2,2,"(3,5,2,2)",41,CUT|ASSEMBLE+INSPECT,CUT=72/123;ASSEMBLE+INSPECT=216/369,true
C3A1T2I2F3,3,1,2,2,3,"(3,5,2,3)",36,CUT,CUT=72/108;ASSEMBLE+INSPECT=216/360,true
C3A1T2I3F0,3,1,2,3,0,"(3,5,3,0)",47,INSPECT,CUT=72/141;ASSEMBLE=96/235;INSPECT=120/141,false
C3A1T2I3F1,3,1,2,3,1,"(3,5,3,1)",40,CUT|ASSEMBLE+INSPECT,CUT=72/120;ASSEMBLE+INSPECT=216/360,true
C3A1T2I3F2,3,1,2,3,2,"(3,5,3,2)",37,CUT,CUT=72/111;ASSEMBLE+INSPECT=216/370,true
C3A1T2I3F3,3,1,2,3,3,"(3,5,3,3)",34,CUT,CUT=72/102;ASSEMBLE+INSPECT=216/374,true
C3A1T2I4F0,3,1,2,4,0,"(3,5,4,0)",40,INSPECT,CUT=72/120;ASSEMBLE=96/200;INSPECT=120/160,false
C3A1T2I4F1,3,1,2,4,1,"(3,5,4,1)",35,CUT,CUT=72/105;ASSEMBLE+INSPECT=216/350,true
C3A1T2I4F2,3,1,2,4,2,"(3,5,4,2)",34,CUT,CUT=72/102;ASSEMBLE+INSPECT=216/374,true
C3A1T2I4F3,3,1,2,4,3,"(3,5,4,3)",33,CUT,CUT=72/99;ASSEMBLE+INSPECT=216/396,true
C3A1T3I0F1,3,1,3,0,1,"(3,7,0,1)",127,ASSEMBLE+INSPECT,CUT=72/381;ASSEMBLE+INSPECT=216/1016,false
C3A1T3I0F2,3,1,3,0,2,"(3,7,0,2)",67,CUT|ASSEMBLE+INSPECT,CUT=72/201;ASSEMBLE+INSPECT=216/603,false
C3A1T3I0F3,3,1,3,0,3,"(3,7,0,3)",47,CUT,CUT=72/141;ASSEMBLE+INSPECT=216/470,false
C3A1T3I1F0,3,1,3,1,0,"(3,7,1,0)",127,INSPECT,CUT=72/381;ASSEMBLE=96/889;INSPECT=120/127,false
C3A1T3I1F1,3,1,3,1,1,"(3,7,1,1)",67,CUT|ASSEMBLE+INSPECT,CUT=72/201;ASSEMBLE+INSPECT=216/603,false
C3A1T3I1F2,3,1,3,1,2,"(3,7,1,2)",47,CUT,CUT=72/141;ASSEMBLE+INSPECT=216/470,false
C3A1T3I1F3,3,1,3,1,3,"(3,7,1,3)",40,CUT,CUT=72/120;ASSEMBLE+INSPECT=216/440,false
C3A1T3I2F0,3,1,3,2,0,"(3,7,2,0)",67,INSPECT,CUT=72/201;ASSEMBLE=96/469;INSPECT=120/134,false
C3A1T3I2F1,3,1,3,2,1,"(3,7,2,1)",47,CUT,CUT=72/141;ASSEMBLE+INSPECT=216/470,false
C3A1T3I2F2,3,1,3,2,2,"(3,7,2,2)",40,CUT,CUT=72/120;ASSEMBLE+INSPECT=216/440,false
C3A1T3I2F3,3,1,3,2,3,"(3,7,2,3)",35,CUT,CUT=72/105;ASSEMBLE+INSPECT=216/420,false
C3A1T3I3F0,3,1,3,3,0,"(3,7,3,0)",47,INSPECT,CUT=72/141;ASSEMBLE=96/329;INSPECT=120/141,false
C3A1T3I3F1,3,1,3,3,1,"(3,7,3,1)",40,CUT,CUT=72/120;ASSEMBLE+INSPECT=216/440,false
C3A1T3I3F2,3,1,3,3,2,"(3,7,3,2)",35,CUT,CUT=72/105;ASSEMBLE+INSPECT=216/420,false
C3A1T3I3F3,3,1,3,3,3,"(3,7,3,3)",33,CUT,CUT=72/99;ASSEMBLE+INSPECT=216/429,false
C3A1T3I4F0,3,1,3,4,0,"(3,7,4,0)",40,INSPECT,CUT=72/120;ASSEMBLE=96/280;INSPECT=120/160,false
C3A1T3I4F1,3,1,3,4,1,"(3,7,4,1)",35,CUT,CUT=72/105;ASSEMBLE+INSPECT=216/420,false
C3A1T3I4F2,3,1,3,4,2,"(3,7,4,2)",33,CUT,CUT=72/99;ASSEMBLE+INSPECT=216/429,false
C3A1T3I4F3,3,1,3,4,3,"(3,7,4,3)",33,CUT,CUT=72/99;ASSEMBLE+INSPECT=216/462,false
C3A2T0I0F1,3,2,0,0,1,"(3,2,0,1)",127,ASSEMBLE+INSPECT,CUT=72/381;ASSEMBLE+INSPECT=216/381,true
C3A2T0I0F2,3,2,0,0,2,"(3,2,0,2)",74,ASSEMBLE+INSPECT,CUT=72/222;ASSEMBLE+INSPECT=216/296,true
C3A2T0I0F3,3,2,0,0,3,"(3,2,0,3)",55,ASSEMBLE+INSPECT,CUT=72/165;ASSEMBLE+INSPECT=216/275,true
C3A2T0I1F0,3,2,0,1,0,"(3,2,1,0)",127,INSPECT,CUT=72/381;ASSEMBLE=96/254;INSPECT=120/127,false
C3A2T0I1F1,3,2,0,1,1,"(3,2,1,1)",72,ASSEMBLE+INSPECT,CUT=72/216;ASSEMBLE+INSPECT=216/288,true
C3A2T0I1F2,3,2,0,1,2,"(3,2,1,2)",54,ASSEMBLE+INSPECT,CUT=72/162;ASSEMBLE+INSPECT=216/270,true
C3A2T0I1F3,3,2,0,1,3,"(3,2,1,3)",47,ASSEMBLE+INSPECT,CUT=72/141;ASSEMBLE+INSPECT=216/282,true
C3A2T0I2F0,3,2,0,2,0,"(3,2,2,0)",67,INSPECT,CUT=72/201;ASSEMBLE=96/134;INSPECT=120/134,false
C3A2T0I2F1,3,2,0,2,1,"(3,2,2,1)",53,ASSEMBLE+INSPECT,CUT=72/159;ASSEMBLE+INSPECT=216/265,true
C3A2T0I2F2,3,2,0,2,2,"(3,2,2,2)",47,ASSEMBLE+INSPECT,CUT=72/141;ASSEMBLE+INSPECT=216/282,true
C3A2T0I2F3,3,2,0,2,3,"(3,2,2,3)",39,ASSEMBLE+INSPECT,CUT=72/117;ASSEMBLE+INSPECT=216/273,true
C3A2T0I3F0,3,2,0,3,0,"(3,2,3,0)",57,ASSEMBLE,CUT=72/171;ASSEMBLE=96/114;INSPECT=120/171,false
C3A2T0I3F1,3,2,0,3,1,"(3,2,3,1)",47,ASSEMBLE+INSPECT,CUT=72/141;ASSEMBLE+INSPECT=216/282,true
C3A2T0I3F2,3,2,0,3,2,"(3,2,3,2)",40,ASSEMBLE+INSPECT,CUT=72/120;ASSEMBLE+INSPECT=216/280,true
C3A2T0I3F3,3,2,0,3,3,"(3,2,3,3)",37,ASSEMBLE+INSPECT,CUT=72/111;ASSEMBLE+INSPECT=216/296,true
C3A2T0I4F0,3,2,0,4,0,"(3,2,4,0)",56,ASSEMBLE,CUT=72/168;ASSEMBLE=96/112;INSPECT=120/224,false
C3A2T0I4F1,3,2,0,4,1,"(3,2,4,1)",44,ASSEMBLE+INSPECT,CUT=72/132;ASSEMBLE+INSPECT=216/308,true
C3A2T0I4F2,3,2,0,4,2,"(3,2,4,2)",37,ASSEMBLE+INSPECT,CUT=72/111;ASSEMBLE+INSPECT=216/296,true
C3A2T0I4F3,3,2,0,4,3,"(3,2,4,3)",35,CUT|ASSEMBLE+INSPECT,CUT=72/105;ASSEMBLE+INSPECT=216/315,true
C3A2T1I0F1,3,2,1,0,1,"(3,4,0,1)",130,ASSEMBLE+INSPECT,CUT=72/390;ASSEMBLE+INSPECT=216/650,true
C3A2T1I0F2,3,2,1,0,2,"(3,4,0,2)",70,ASSEMBLE+INSPECT,CUT=72/210;ASSEMBLE+INSPECT=216/420,true
C3A2T1I0F3,3,2,1,0,3,"(3,4,0,3)",50,ASSEMBLE+INSPECT,CUT=72/150;ASSEMBLE+INSPECT=216/350,true
C3A2T1I1F0,3,2,1,1,0,"(3,4,1,0)",127,INSPECT,CUT=72/381;ASSEMBLE=96/508;INSPECT=120/127,false
C3A2T1I1F1,3,2,1,1,1,"(3,4,1,1)",70,ASSEMBLE+INSPECT,CUT=72/210;ASSEMBLE+INSPECT=216/420,true
C3A2T1I1F2,3,2,1,1,2,"(3,4,1,2)",50,ASSEMBLE+INSPECT,CUT=72/150;ASSEMBLE+INSPECT=216/350,true
C3A2T1I1F3,3,2,1,1,3,"(3,4,1,3)",41,ASSEMBLE+INSPECT,CUT=72/123;ASSEMBLE+INSPECT=216/328,true
C3A2T1I2F0,3,2,1,2,0,"(3,4,2,0)",67,INSPECT,CUT=72/201;ASSEMBLE=96/268;INSPECT=120/134,false
C3A2T1I2F1,3,2,1,2,1,"(3,4,2,1)",50,ASSEMBLE+INSPECT,CUT=72/150;ASSEMBLE+INSPECT=216/350,true
C3A2T1I2F2,3,2,1,2,2,"(3,4,2,2)",40,ASSEMBLE+INSPECT,CUT=72/120;ASSEMBLE+INSPECT=216/320,true
C3A2T1I2F3,3,2,1,2,3,"(3,4,2,3)",36,CUT|ASSEMBLE+INSPECT,CUT=72/108;ASSEMBLE+INSPECT=216/324,true
C3A2T1I3F0,3,2,1,3,0,"(3,4,3,0)",47,INSPECT,CUT=72/141;ASSEMBLE=96/188;INSPECT=120/141,false
C3A2T1I3F1,3,2,1,3,1,"(3,4,3,1)",40,ASSEMBLE+INSPECT,CUT=72/120;ASSEMBLE+INSPECT=216/320,true
C3A2T1I3F2,3,2,1,3,2,"(3,4,3,2)",37,CUT|ASSEMBLE+INSPECT,CUT=72/111;ASSEMBLE+INSPECT=216/333,true
C3A2T1I3F3,3,2,1,3,3,"(3,4,3,3)",34,CUT,CUT=72/102;ASSEMBLE+INSPECT=216/340,true
C3A2T1I4F0,3,2,1,4,0,"(3,4,4,0)",40,INSPECT,CUT=72/120;ASSEMBLE=96/160;INSPECT=120/160,false
C3A2T1I4F1,3,2,1,4,1,"(3,4,4,1)",35,CUT|ASSEMBLE+INSPECT,CUT=72/105;ASSEMBLE+INSPECT=216/315,true
C3A2T1I4F2,3,2,1,4,2,"(3,4,4,2)",33,CUT,CUT=72/99;ASSEMBLE+INSPECT=216/330,true
C3A2T1I4F3,3,2,1,4,3,"(3,4,4,3)",33,CUT,CUT=72/99;ASSEMBLE+INSPECT=216/363,true
C3A2T2I0F1,3,2,2,0,1,"(3,6,0,1)",127,ASSEMBLE+INSPECT,CUT=72/381;ASSEMBLE+INSPECT=216/889,false
C3A2T2I0F2,3,2,2,0,2,"(3,6,0,2)",67,ASSEMBLE+INSPECT,CUT=72/201;ASSEMBLE+INSPECT=216/536,false
C3A2T2I0F3,3,2,2,0,3,"(3,6,0,3)",47,CUT|ASSEMBLE+INSPECT,CUT=72/141;ASSEMBLE+INSPECT=216/423,false
C3A2T2I1F0,3,2,2,1,0,"(3,6,1,0)",127,INSPECT,CUT=72/381;ASSEMBLE=96/762;INSPECT=120/127,false
C3A2T2I1F1,3,2,2,1,1,"(3,6,1,1)",67,ASSEMBLE+INSPECT,CUT=72/201;ASSEMBLE+INSPECT=216/536,false
C3A2T2I1F2,3,2,2,1,2,"(3,6,1,2)",47,CUT|ASSEMBLE+INSPECT,CUT=72/141;ASSEMBLE+INSPECT=216/423,false
C3A2T2I1F3,3,2,2,1,3,"(3,6,1,3)",40,CUT,CUT=72/120;ASSEMBLE+INSPECT=216/400,false
C3A2T2I2F0,3,2,2,2,0,"(3,6,2,0)",67,INSPECT,CUT=72/201;ASSEMBLE=96/402;INSPECT=120/134,false
C3A2T2I2F1,3,2,2,2,1,"(3,6,2,1)",47,CUT|ASSEMBLE+INSPECT,CUT=72/141;ASSEMBLE+INSPECT=216/423,false
C3A2T2I2F2,3,2,2,2,2,"(3,6,2,2)",40,CUT,CUT=72/120;ASSEMBLE+INSPECT=216/400,false
C3A2T2I2F3,3,2,2,2,3,"(3,6,2,3)",35,CUT,CUT=72/105;ASSEMBLE+INSPECT=216/385,false
C3A2T2I3F0,3,2,2,3,0,"(3,6,3,0)",47,INSPECT,CUT=72/141;ASSEMBLE=96/282;INSPECT=120/141,false
C3A2T2I3F1,3,2,2,3,1,"(3,6,3,1)",40,CUT,CUT=72/120;ASSEMBLE+INSPECT=216/400,false
C3A2T2I3F2,3,2,2,3,2,"(3,6,3,2)",35,CUT,CUT=72/105;ASSEMBLE+INSPECT=216/385,false
C3A2T2I3F3,3,2,2,3,3,"(3,6,3,3)",33,CUT,CUT=72/99;ASSEMBLE+INSPECT=216/396,false
C3A2T2I4F0,3,2,2,4,0,"(3,6,4,0)",40,INSPECT,CUT=72/120;ASSEMBLE=96/240;INSPECT=120/160,false
C3A2T2I4F1,3,2,2,4,1,"(3,6,4,1)",35,CUT,CUT=72/105;ASSEMBLE+INSPECT=216/385,false
C3A2T2I4F2,3,2,2,4,2,"(3,6,4,2)",33,CUT,CUT=72/99;ASSEMBLE+INSPECT=216/396,false
C3A2T2I4F3,3,2,2,4,3,"(3,6,4,3)",33,CUT,CUT=72/99;ASSEMBLE+INSPECT=216/429,false
C3A2T3I0F1,3,2,3,0,1,"(3,8,0,1)",127,CUT|ASSEMBLE+INSPECT,CUT=72/381;ASSEMBLE+INSPECT=216/1143,false
C3A2T3I0F2,3,2,3,0,2,"(3,8,0,2)",67,CUT,CUT=72/201;ASSEMBLE+INSPECT=216/670,false
C3A2T3I0F3,3,2,3,0,3,"(3,8,0,3)",47,CUT,CUT=72/141;ASSEMBLE+INSPECT=216/517,false
C3A2T3I1F0,3,2,3,1,0,"(3,8,1,0)",127,INSPECT,CUT=72/381;ASSEMBLE=96/1016;INSPECT=120/127,false
C3A2T3I1F1,3,2,3,1,1,"(3,8,1,1)",67,CUT,CUT=72/201;ASSEMBLE+INSPECT=216/670,false
C3A2T3I1F2,3,2,3,1,2,"(3,8,1,2)",47,CUT,CUT=72/141;ASSEMBLE+INSPECT=216/517,false
C3A2T3I1F3,3,2,3,1,3,"(3,8,1,3)",40,CUT,CUT=72/120;ASSEMBLE+INSPECT=216/480,false
C3A2T3I2F0,3,2,3,2,0,"(3,8,2,0)",67,INSPECT,CUT=72/201;ASSEMBLE=96/536;INSPECT=120/134,false
C3A2T3I2F1,3,2,3,2,1,"(3,8,2,1)",47,CUT,CUT=72/141;ASSEMBLE+INSPECT=216/517,false
C3A2T3I2F2,3,2,3,2,2,"(3,8,2,2)",40,CUT,CUT=72/120;ASSEMBLE+INSPECT=216/480,false
C3A2T3I2F3,3,2,3,2,3,"(3,8,2,3)",35,CUT,CUT=72/105;ASSEMBLE+INSPECT=216/455,false
C3A2T3I3F0,3,2,3,3,0,"(3,8,3,0)",47,INSPECT,CUT=72/141;ASSEMBLE=96/376;INSPECT=120/141,false
C3A2T3I3F1,3,2,3,3,1,"(3,8,3,1)",40,CUT,CUT=72/120;ASSEMBLE+INSPECT=216/480,false
C3A2T3I3F2,3,2,3,3,2,"(3,8,3,2)",35,CUT,CUT=72/105;ASSEMBLE+INSPECT=216/455,false
C3A2T3I3F3,3,2,3,3,3,"(3,8,3,3)",33,CUT,CUT=72/99;ASSEMBLE+INSPECT=216/462,false
C3A2T3I4F0,3,2,3,4,0,"(3,8,4,0)",40,INSPECT,CUT=72/120;ASSEMBLE=96/320;INSPECT=120/160,false
C3A2T3I4F1,3,2,3,4,1,"(3,8,4,1)",35,CUT,CUT=72/105;ASSEMBLE+INSPECT=216/455,false
C3A2T3I4F2,3,2,3,4,2,"(3,8,4,2)",33,CUT,CUT=72/99;ASSEMBLE+INSPECT=216/462,false
C3A2T3I4F3,3,2,3,4,3,"(3,8,4,3)",33,CUT,CUT=72/99;ASSEMBLE+INSPECT=216/495,false
C3A3T0I0F1,3,3,0,0,1,"(3,3,0,1)",130,ASSEMBLE+INSPECT,CUT=72/390;ASSEMBLE+INSPECT=216/520,true
C3A3T0I0F2,3,3,0,0,2,"(3,3,0,2)",70,ASSEMBLE+INSPECT,CUT=72/210;ASSEMBLE+INSPECT=216/350,true
C3A3T0I0F3,3,3,0,0,3,"(3,3,0,3)",50,ASSEMBLE+INSPECT,CUT=72/150;ASSEMBLE+INSPECT=216/300,true
C3A3T0I1F0,3,3,0,1,0,"(3,3,1,0)",127,INSPECT,CUT=72/381;ASSEMBLE=96/381;INSPECT=120/127,false
C3A3T0I1F1,3,3,0,1,1,"(3,3,1,1)",70,ASSEMBLE+INSPECT,CUT=72/210;ASSEMBLE+INSPECT=216/350,true
C3A3T0I1F2,3,3,0,1,2,"(3,3,1,2)",50,ASSEMBLE+INSPECT,CUT=72/150;ASSEMBLE+INSPECT=216/300,true
C3A3T0I1F3,3,3,0,1,3,"(3,3,1,3)",42,ASSEMBLE+INSPECT,CUT=72/126;ASSEMBLE+INSPECT=216/294,true
C3A3T0I2F0,3,3,0,2,0,"(3,3,2,0)",67,INSPECT,CUT=72/201;ASSEMBLE=96/201;INSPECT=120/134,false
C3A3T0I2F1,3,3,0,2,1,"(3,3,2,1)",50,ASSEMBLE+INSPECT,CUT=72/150;ASSEMBLE+INSPECT=216/300,true
C3A3T0I2F2,3,3,0,2,2,"(3,3,2,2)",42,ASSEMBLE+INSPECT,CUT=72/126;ASSEMBLE+INSPECT=216/294,true
C3A3T0I2F3,3,3,0,2,3,"(3,3,2,3)",38,ASSEMBLE+INSPECT,CUT=72/114;ASSEMBLE+INSPECT=216/304,true
C3A3T0I3F0,3,3,0,3,0,"(3,3,3,0)",47,INSPECT,CUT=72/141;ASSEMBLE=96/141;INSPECT=120/141,false
C3A3T0I3F1,3,3,0,3,1,"(3,3,3,1)",42,ASSEMBLE+INSPECT,CUT=72/126;ASSEMBLE+INSPECT=216/294,true
C3A3T0I3F2,3,3,0,3,2,"(3,3,3,2)",38,ASSEMBLE+INSPECT,CUT=72/114;ASSEMBLE+INSPECT=216/304,true
C3A3T0I3F3,3,3,0,3,3,"(3,3,3,3)",33,CUT|ASSEMBLE+INSPECT,CUT=72/99;ASSEMBLE+INSPECT=216/297,true
C3A3T0I4F0,3,3,0,4,0,"(3,3,4,0)",42,ASSEMBLE,CUT=72/126;ASSEMBLE=96/126;INSPECT=120/168,false
C3A3T0I4F1,3,3,0,4,1,"(3,3,4,1)",37,ASSEMBLE+INSPECT,CUT=72/111;ASSEMBLE+INSPECT=216/296,true
C3A3T0I4F2,3,3,0,4,2,"(3,3,4,2)",35,CUT|ASSEMBLE+INSPECT,CUT=72/105;ASSEMBLE+INSPECT=216/315,true
C3A3T0I4F3,3,3,0,4,3,"(3,3,4,3)",33,CUT,CUT=72/99;ASSEMBLE+INSPECT=216/330,true
C3A3T1I0F1,3,3,1,0,1,"(3,5,0,1)",130,ASSEMBLE+INSPECT,CUT=72/390;ASSEMBLE+INSPECT=216/780,true
C3A3T1I0F2,3,3,1,0,2,"(3,5,0,2)",70,ASSEMBLE+INSPECT,CUT=72/210;ASSEMBLE+INSPECT=216/490,true
C3A3T1I0F3,3,3,1,0,3,"(3,5,0,3)",50,ASSEMBLE+INSPECT,CUT=72/150;ASSEMBLE+INSPECT=216/400,true
C3A3T1I1F0,3,3,1,1,0,"(3,5,1,0)",127,INSPECT,CUT=72/381;ASSEMBLE=96/635;INSPECT=120/127,false
C3A3T1I1F1,3,3,1,1,1,"(3,5,1,1)",70,ASSEMBLE+INSPECT,CUT=72/210;ASSEMBLE+INSPECT=216/490,true
C3A3T1I1F2,3,3,1,1,2,"(3,5,1,2)",50,ASSEMBLE+INSPECT,CUT=72/150;ASSEMBLE+INSPECT=216/400,true
C3A3T1I1F3,3,3,1,1,3,"(3,5,1,3)",41,CUT|ASSEMBLE+INSPECT,CUT=72/123;ASSEMBLE+INSPECT=216/369,true
C3A3T1I2F0,3,3,1,2,0,"(3,5,2,0)",67,INSPECT,CUT=72/201;ASSEMBLE=96/335;INSPECT=120/134,false
C3A3T1I2F1,3,3,1,2,1,"(3,5,2,1)",50,ASSEMBLE+INSPECT,CUT=72/150;ASSEMBLE+INSPECT=216/400,true
C3A3T1I2F2,3,3,1,2,2,"(3,5,2,2)",41,CUT|ASSEMBLE+INSPECT,CUT=72/123;ASSEMBLE+INSPECT=216/369,true
C3A3T1I2F3,3,3,1,2,3,"(3,5,2,3)",36,CUT,CUT=72/108;ASSEMBLE+INSPECT=216/360,true
C3A3T1I3F0,3,3,1,3,0,"(3,5,3,0)",47,INSPECT,CUT=72/141;ASSEMBLE=96/235;INSPECT=120/141,false
C3A3T1I3F1,3,3,1,3,1,"(3,5,3,1)",40,CUT|ASSEMBLE+INSPECT,CUT=72/120;ASSEMBLE+INSPECT=216/360,true
C3A3T1I3F2,3,3,1,3,2,"(3,5,3,2)",37,CUT,CUT=72/111;ASSEMBLE+INSPECT=216/370,true
C3A3T1I3F3,3,3,1,3,3,"(3,5,3,3)",34,CUT,CUT=72/102;ASSEMBLE+INSPECT=216/374,true
C3A3T1I4F0,3,3,1,4,0,"(3,5,4,0)",40,INSPECT,CUT=72/120;ASSEMBLE=96/200;INSPECT=120/160,false
C3A3T1I4F1,3,3,1,4,1,"(3,5,4,1)",35,CUT,CUT=72/105;ASSEMBLE+INSPECT=216/350,true
C3A3T1I4F2,3,3,1,4,2,"(3,5,4,2)",34,CUT,CUT=72/102;ASSEMBLE+INSPECT=216/374,true
C3A3T1I4F3,3,3,1,4,3,"(3,5,4,3)",33,CUT,CUT=72/99;ASSEMBLE+INSPECT=216/396,true
C3A3T2I0F1,3,3,2,0,1,"(3,7,0,1)",127,ASSEMBLE+INSPECT,CUT=72/381;ASSEMBLE+INSPECT=216/1016,false
C3A3T2I0F2,3,3,2,0,2,"(3,7,0,2)",67,CUT|ASSEMBLE+INSPECT,CUT=72/201;ASSEMBLE+INSPECT=216/603,false
C3A3T2I0F3,3,3,2,0,3,"(3,7,0,3)",47,CUT,CUT=72/141;ASSEMBLE+INSPECT=216/470,false
C3A3T2I1F0,3,3,2,1,0,"(3,7,1,0)",127,INSPECT,CUT=72/381;ASSEMBLE=96/889;INSPECT=120/127,false
C3A3T2I1F1,3,3,2,1,1,"(3,7,1,1)",67,CUT|ASSEMBLE+INSPECT,CUT=72/201;ASSEMBLE+INSPECT=216/603,false
C3A3T2I1F2,3,3,2,1,2,"(3,7,1,2)",47,CUT,CUT=72/141;ASSEMBLE+INSPECT=216/470,false
C3A3T2I1F3,3,3,2,1,3,"(3,7,1,3)",40,CUT,CUT=72/120;ASSEMBLE+INSPECT=216/440,false
C3A3T2I2F0,3,3,2,2,0,"(3,7,2,0)",67,INSPECT,CUT=72/201;ASSEMBLE=96/469;INSPECT=120/134,false
C3A3T2I2F1,3,3,2,2,1,"(3,7,2,1)",47,CUT,CUT=72/141;ASSEMBLE+INSPECT=216/470,false
C3A3T2I2F2,3,3,2,2,2,"(3,7,2,2)",40,CUT,CUT=72/120;ASSEMBLE+INSPECT=216/440,false
C3A3T2I2F3,3,3,2,2,3,"(3,7,2,3)",35,CUT,CUT=72/105;ASSEMBLE+INSPECT=216/420,false
C3A3T2I3F0,3,3,2,3,0,"(3,7,3,0)",47,INSPECT,CUT=72/141;ASSEMBLE=96/329;INSPECT=120/141,false
C3A3T2I3F1,3,3,2,3,1,"(3,7,3,1)",40,CUT,CUT=72/120;ASSEMBLE+INSPECT=216/440,false
C3A3T2I3F2,3,3,2,3,2,"(3,7,3,2)",35,CUT,CUT=72/105;ASSEMBLE+INSPECT=216/420,false
C3A3T2I3F3,3,3,2,3,3,"(3,7,3,3)",33,CUT,CUT=72/99;ASSEMBLE+INSPECT=216/429,false
C3A3T2I4F0,3,3,2,4,0,"(3,7,4,0)",40,INSPECT,CUT=72/120;ASSEMBLE=96/280;INSPECT=120/160,false
C3A3T2I4F1,3,3,2,4,1,"(3,7,4,1)",35,CUT,CUT=72/105;ASSEMBLE+INSPECT=216/420,false
C3A3T2I4F2,3,3,2,4,2,"(3,7,4,2)",33,CUT,CUT=72/99;ASSEMBLE+INSPECT=216/429,false
C3A3T2I4F3,3,3,2,4,3,"(3,7,4,3)",33,CUT,CUT=72/99;ASSEMBLE+INSPECT=216/462,false
C3A3T3I0F1,3,3,3,0,1,"(3,9,0,1)",127,CUT,CUT=72/381;ASSEMBLE+INSPECT=216/1270,false
C3A3T3I0F2,3,3,3,0,2,"(3,9,0,2)",67,CUT,CUT=72/201;ASSEMBLE+INSPECT=216/737,false
C3A3T3I0F3,3,3,3,0,3,"(3,9,0,3)",47,CUT,CUT=72/141;ASSEMBLE+INSPECT=216/564,false
C3A3T3I1F0,3,3,3,1,0,"(3,9,1,0)",127,INSPECT,CUT=72/381;ASSEMBLE=96/1143;INSPECT=120/127,false
C3A3T3I1F1,3,3,3,1,1,"(3,9,1,1)",67,CUT,CUT=72/201;ASSEMBLE+INSPECT=216/737,false
C3A3T3I1F2,3,3,3,1,2,"(3,9,1,2)",47,CUT,CUT=72/141;ASSEMBLE+INSPECT=216/564,false
C3A3T3I1F3,3,3,3,1,3,"(3,9,1,3)",40,CUT,CUT=72/120;ASSEMBLE+INSPECT=216/520,false
C3A3T3I2F0,3,3,3,2,0,"(3,9,2,0)",67,INSPECT,CUT=72/201;ASSEMBLE=96/603;INSPECT=120/134,false
C3A3T3I2F1,3,3,3,2,1,"(3,9,2,1)",47,CUT,CUT=72/141;ASSEMBLE+INSPECT=216/564,false
C3A3T3I2F2,3,3,3,2,2,"(3,9,2,2)",40,CUT,CUT=72/120;ASSEMBLE+INSPECT=216/520,false
C3A3T3I2F3,3,3,3,2,3,"(3,9,2,3)",35,CUT,CUT=72/105;ASSEMBLE+INSPECT=216/490,false
C3A3T3I3F0,3,3,3,3,0,"(3,9,3,0)",47,INSPECT,CUT=72/141;ASSEMBLE=96/423;INSPECT=120/141,false
C3A3T3I3F1,3,3,3,3,1,"(3,9,3,1)",40,CUT,CUT=72/120;ASSEMBLE+INSPECT=216/520,false
C3A3T3I3F2,3,3,3,3,2,"(3,9,3,2)",35,CUT,CUT=72/105;ASSEMBLE+INSPECT=216/490,false
C3A3T3I3F3,3,3,3,3,3,"(3,9,3,3)",33,CUT,CUT=72/99;ASSEMBLE+INSPECT=216/495,false
C3A3T3I4F0,3,3,3,4,0,"(3,9,4,0)",40,INSPECT,CUT=72/120;ASSEMBLE=96/360;INSPECT=120/160,false
C3A3T3I4F1,3,3,3,4,1,"(3,9,4,1)",35,CUT,CUT=72/105;ASSEMBLE+INSPECT=216/490,false
C3A3T3I4F2,3,3,3,4,2,"(3,9,4,2)",33,CUT,CUT=72/99;ASSEMBLE+INSPECT=216/495,false
C3A3T3I4F3,3,3,3,4,3,"(3,9,4,3)",33,CUT,CUT=72/99;ASSEMBLE+INSPECT=216/528,false
C3A4T0I0F1,3,4,0,0,1,"(3,4,0,1)",130,ASSEMBLE+INSPECT,CUT=72/390;ASSEMBLE+INSPECT=216/650,true
C3A4T0I0F2,3,4,0,0,2,"(3,4,0,2)",70,ASSEMBLE+INSPECT,CUT=72/210;ASSEMBLE+INSPECT=216/420,true
C3A4T0I0F3,3,4,0,0,3,"(3,4,0,3)",50,ASSEMBLE+INSPECT,CUT=72/150;ASSEMBLE+INSPECT=216/350,true
C3A4T0I1F0,3,4,0,1,0,"(3,4,1,0)",127,INSPECT,CUT=72/381;ASSEMBLE=96/508;INSPECT=120/127,false
C3A4T0I1F1,3,4,0,1,1,"(3,4,1,1)",70,ASSEMBLE+INSPECT,CUT=72/210;ASSEMBLE+INSPECT=216/420,true
C3A4T0I1F2,3,4,0,1,2,"(3,4,1,2)",50,ASSEMBLE+INSPECT,CUT=72/150;ASSEMBLE+INSPECT=216/350,true
C3A4T0I1F3,3,4,0,1,3,"(3,4,1,3)",41,ASSEMBLE+INSPECT,CUT=72/123;ASSEMBLE+INSPECT=216/328,true
C3A4T0I2F0,3,4,0,2,0,"(3,4,2,0)",67,INSPECT,CUT=72/201;ASSEMBLE=96/268;INSPECT=120/134,false
C3A4T0I2F1,3,4,0,2,1,"(3,4,2,1)",50,ASSEMBLE+INSPECT,CUT=72/150;ASSEMBLE+INSPECT=216/350,true
C3A4T0I2F2,3,4,0,2,2,"(3,4,2,2)",40,ASSEMBLE+INSPECT,CUT=72/120;ASSEMBLE+INSPECT=216/320,true
C3A4T0I2F3,3,4,0,2,3,"(3,4,2,3)",36,CUT|ASSEMBLE+INSPECT,CUT=72/108;ASSEMBLE+INSPECT=216/324,true
C3A4T0I3F0,3,4,0,3,0,"(3,4,3,0)",47,INSPECT,CUT=72/141;ASSEMBLE=96/188;INSPECT=120/141,false
C3A4T0I3F1,3,4,0,3,1,"(3,4,3,1)",40,ASSEMBLE+INSPECT,CUT=72/120;ASSEMBLE+INSPECT=216/320,true
C3A4T0I3F2,3,4,0,3,2,"(3,4,3,2)",37,CUT|ASSEMBLE+INSPECT,CUT=72/111;ASSEMBLE+INSPECT=216/333,true
C3A4T0I3F3,3,4,0,3,3,"(3,4,3,3)",34,CUT,CUT=72/102;ASSEMBLE+INSPECT=216/340,true
C3A4T0I4F0,3,4,0,4,0,"(3,4,4,0)",40,INSPECT,CUT=72/120;ASSEMBLE=96/160;INSPECT=120/160,false
C3A4T0I4F1,3,4,0,4,1,"(3,4,4,1)",35,CUT|ASSEMBLE+INSPECT,CUT=72/105;ASSEMBLE+INSPECT=216/315,true
C3A4T0I4F2,3,4,0,4,2,"(3,4,4,2)",33,CUT,CUT=72/99;ASSEMBLE+INSPECT=216/330,true
C3A4T0I4F3,3,4,0,4,3,"(3,4,4,3)",33,CUT,CUT=72/99;ASSEMBLE+INSPECT=216/363,true
C3A4T1I0F1,3,4,1,0,1,"(3,6,0,1)",127,ASSEMBLE+INSPECT,CUT=72/381;ASSEMBLE+INSPECT=216/889,false
C3A4T1I0F2,3,4,1,0,2,"(3,6,0,2)",67,ASSEMBLE+INSPECT,CUT=72/201;ASSEMBLE+INSPECT=216/536,false
C3A4T1I0F3,3,4,1,0,3,"(3,6,0,3)",47,CUT|ASSEMBLE+INSPECT,CUT=72/141;ASSEMBLE+INSPECT=216/423,false
C3A4T1I1F0,3,4,1,1,0,"(3,6,1,0)",127,INSPECT,CUT=72/381;ASSEMBLE=96/762;INSPECT=120/127,false
C3A4T1I1F1,3,4,1,1,1,"(3,6,1,1)",67,ASSEMBLE+INSPECT,CUT=72/201;ASSEMBLE+INSPECT=216/536,false
C3A4T1I1F2,3,4,1,1,2,"(3,6,1,2)",47,CUT|ASSEMBLE+INSPECT,CUT=72/141;ASSEMBLE+INSPECT=216/423,false
C3A4T1I1F3,3,4,1,1,3,"(3,6,1,3)",40,CUT,CUT=72/120;ASSEMBLE+INSPECT=216/400,false
C3A4T1I2F0,3,4,1,2,0,"(3,6,2,0)",67,INSPECT,CUT=72/201;ASSEMBLE=96/402;INSPECT=120/134,false
C3A4T1I2F1,3,4,1,2,1,"(3,6,2,1)",47,CUT|ASSEMBLE+INSPECT,CUT=72/141;ASSEMBLE+INSPECT=216/423,false
C3A4T1I2F2,3,4,1,2,2,"(3,6,2,2)",40,CUT,CUT=72/120;ASSEMBLE+INSPECT=216/400,false
C3A4T1I2F3,3,4,1,2,3,"(3,6,2,3)",35,CUT,CUT=72/105;ASSEMBLE+INSPECT=216/385,false
C3A4T1I3F0,3,4,1,3,0,"(3,6,3,0)",47,INSPECT,CUT=72/141;ASSEMBLE=96/282;INSPECT=120/141,false
C3A4T1I3F1,3,4,1,3,1,"(3,6,3,1)",40,CUT,CUT=72/120;ASSEMBLE+INSPECT=216/400,false
C3A4T1I3F2,3,4,1,3,2,"(3,6,3,2)",35,CUT,CUT=72/105;ASSEMBLE+INSPECT=216/385,false
C3A4T1I3F3,3,4,1,3,3,"(3,6,3,3)",33,CUT,CUT=72/99;ASSEMBLE+INSPECT=216/396,false
C3A4T1I4F0,3,4,1,4,0,"(3,6,4,0)",40,INSPECT,CUT=72/120;ASSEMBLE=96/240;INSPECT=120/160,false
C3A4T1I4F1,3,4,1,4,1,"(3,6,4,1)",35,CUT,CUT=72/105;ASSEMBLE+INSPECT=216/385,false
C3A4T1I4F2,3,4,1,4,2,"(3,6,4,2)",33,CUT,CUT=72/99;ASSEMBLE+INSPECT=216/396,false
C3A4T1I4F3,3,4,1,4,3,"(3,6,4,3)",33,CUT,CUT=72/99;ASSEMBLE+INSPECT=216/429,false
C3A4T2I0F1,3,4,2,0,1,"(3,8,0,1)",127,CUT|ASSEMBLE+INSPECT,CUT=72/381;ASSEMBLE+INSPECT=216/1143,false
C3A4T2I0F2,3,4,2,0,2,"(3,8,0,2)",67,CUT,CUT=72/201;ASSEMBLE+INSPECT=216/670,false
C3A4T2I0F3,3,4,2,0,3,"(3,8,0,3)",47,CUT,CUT=72/141;ASSEMBLE+INSPECT=216/517,false
C3A4T2I1F0,3,4,2,1,0,"(3,8,1,0)",127,INSPECT,CUT=72/381;ASSEMBLE=96/1016;INSPECT=120/127,false
C3A4T2I1F1,3,4,2,1,1,"(3,8,1,1)",67,CUT,CUT=72/201;ASSEMBLE+INSPECT=216/670,false
C3A4T2I1F2,3,4,2,1,2,"(3,8,1,2)",47,CUT,CUT=72/141;ASSEMBLE+INSPECT=216/517,false
C3A4T2I1F3,3,4,2,1,3,"(3,8,1,3)",40,CUT,CUT=72/120;ASSEMBLE+INSPECT=216/480,false
C3A4T2I2F0,3,4,2,2,0,"(3,8,2,0)",67,INSPECT,CUT=72/201;ASSEMBLE=96/536;INSPECT=120/134,false
C3A4T2I2F1,3,4,2,2,1,"(3,8,2,1)",47,CUT,CUT=72/141;ASSEMBLE+INSPECT=216/517,false
C3A4T2I2F2,3,4,2,2,2,"(3,8,2,2)",40,CUT,CUT=72/120;ASSEMBLE+INSPECT=216/480,false
C3A4T2I2F3,3,4,2,2,3,"(3,8,2,3)",35,CUT,CUT=72/105;ASSEMBLE+INSPECT=216/455,false
C3A4T2I3F0,3,4,2,3,0,"(3,8,3,0)",47,INSPECT,CUT=72/141;ASSEMBLE=96/376;INSPECT=120/141,false
C3A4T2I3F1,3,4,2,3,1,"(3,8,3,1)",40,CUT,CUT=72/120;ASSEMBLE+INSPECT=216/480,false
C3A4T2I3F2,3,4,2,3,2,"(3,8,3,2)",35,CUT,CUT=72/105;ASSEMBLE+INSPECT=216/455,false
C3A4T2I3F3,3,4,2,3,3,"(3,8,3,3)",33,CUT,CUT=72/99;ASSEMBLE+INSPECT=216/462,false
C3A4T2I4F0,3,4,2,4,0,"(3,8,4,0)",40,INSPECT,CUT=72/120;ASSEMBLE=96/320;INSPECT=120/160,false
C3A4T2I4F1,3,4,2,4,1,"(3,8,4,1)",35,CUT,CUT=72/105;ASSEMBLE+INSPECT=216/455,false
C3A4T2I4F2,3,4,2,4,2,"(3,8,4,2)",33,CUT,CUT=72/99;ASSEMBLE+INSPECT=216/462,false
C3A4T2I4F3,3,4,2,4,3,"(3,8,4,3)",33,CUT,CUT=72/99;ASSEMBLE+INSPECT=216/495,false
C3A4T3I0F1,3,4,3,0,1,"(3,10,0,1)",127,CUT,CUT=72/381;ASSEMBLE+INSPECT=216/1397,false
C3A4T3I0F2,3,4,3,0,2,"(3,10,0,2)",67,CUT,CUT=72/201;ASSEMBLE+INSPECT=216/804,false
C3A4T3I0F3,3,4,3,0,3,"(3,10,0,3)",47,CUT,CUT=72/141;ASSEMBLE+INSPECT=216/611,false
C3A4T3I1F0,3,4,3,1,0,"(3,10,1,0)",127,INSPECT,CUT=72/381;ASSEMBLE=96/1270;INSPECT=120/127,false
C3A4T3I1F1,3,4,3,1,1,"(3,10,1,1)",67,CUT,CUT=72/201;ASSEMBLE+INSPECT=216/804,false
C3A4T3I1F2,3,4,3,1,2,"(3,10,1,2)",47,CUT,CUT=72/141;ASSEMBLE+INSPECT=216/611,false
C3A4T3I1F3,3,4,3,1,3,"(3,10,1,3)",40,CUT,CUT=72/120;ASSEMBLE+INSPECT=216/560,false
C3A4T3I2F0,3,4,3,2,0,"(3,10,2,0)",67,INSPECT,CUT=72/201;ASSEMBLE=96/670;INSPECT=120/134,false
C3A4T3I2F1,3,4,3,2,1,"(3,10,2,1)",47,CUT,CUT=72/141;ASSEMBLE+INSPECT=216/611,false
C3A4T3I2F2,3,4,3,2,2,"(3,10,2,2)",40,CUT,CUT=72/120;ASSEMBLE+INSPECT=216/560,false
C3A4T3I2F3,3,4,3,2,3,"(3,10,2,3)",35,CUT,CUT=72/105;ASSEMBLE+INSPECT=216/525,false
C3A4T3I3F0,3,4,3,3,0,"(3,10,3,0)",47,INSPECT,CUT=72/141;ASSEMBLE=96/470;INSPECT=120/141,false
C3A4T3I3F1,3,4,3,3,1,"(3,10,3,1)",40,CUT,CUT=72/120;ASSEMBLE+INSPECT=216/560,false
C3A4T3I3F2,3,4,3,3,2,"(3,10,3,2)",35,CUT,CUT=72/105;ASSEMBLE+INSPECT=216/525,false
C3A4T3I3F3,3,4,3,3,3,"(3,10,3,3)",33,CUT,CUT=72/99;ASSEMBLE+INSPECT=216/528,false
C3A4T3I4F0,3,4,3,4,0,"(3,10,4,0)",40,INSPECT,CUT=72/120;ASSEMBLE=96/400;INSPECT=120/160,false
C3A4T3I4F1,3,4,3,4,1,"(3,10,4,1)",35,CUT,CUT=72/105;ASSEMBLE+INSPECT=216/525,false
C3A4T3I4F2,3,4,3,4,2,"(3,10,4,2)",33,CUT,CUT=72/99;ASSEMBLE+INSPECT=216/528,false
C3A4T3I4F3,3,4,3,4,3,"(3,10,4,3)",33,CUT,CUT=72/99;ASSEMBLE+INSPECT=216/561,false
C3A5T0I0F1,3,5,0,0,1,"(3,5,0,1)",130,ASSEMBLE+INSPECT,CUT=72/390;ASSEMBLE+INSPECT=216/780,true
C3A5T0I0F2,3,5,0,0,2,"(3,5,0,2)",70,ASSEMBLE+INSPECT,CUT=72/210;ASSEMBLE+INSPECT=216/490,true
C3A5T0I0F3,3,5,0,0,3,"(3,5,0,3)",50,ASSEMBLE+INSPECT,CUT=72/150;ASSEMBLE+INSPECT=216/400,true
C3A5T0I1F0,3,5,0,1,0,"(3,5,1,0)",127,INSPECT,CUT=72/381;ASSEMBLE=96/635;INSPECT=120/127,false
C3A5T0I1F1,3,5,0,1,1,"(3,5,1,1)",70,ASSEMBLE+INSPECT,CUT=72/210;ASSEMBLE+INSPECT=216/490,true
C3A5T0I1F2,3,5,0,1,2,"(3,5,1,2)",50,ASSEMBLE+INSPECT,CUT=72/150;ASSEMBLE+INSPECT=216/400,true
C3A5T0I1F3,3,5,0,1,3,"(3,5,1,3)",41,CUT|ASSEMBLE+INSPECT,CUT=72/123;ASSEMBLE+INSPECT=216/369,true
C3A5T0I2F0,3,5,0,2,0,"(3,5,2,0)",67,INSPECT,CUT=72/201;ASSEMBLE=96/335;INSPECT=120/134,false
C3A5T0I2F1,3,5,0,2,1,"(3,5,2,1)",50,ASSEMBLE+INSPECT,CUT=72/150;ASSEMBLE+INSPECT=216/400,true
C3A5T0I2F2,3,5,0,2,2,"(3,5,2,2)",41,CUT|ASSEMBLE+INSPECT,CUT=72/123;ASSEMBLE+INSPECT=216/369,true
C3A5T0I2F3,3,5,0,2,3,"(3,5,2,3)",36,CUT,CUT=72/108;ASSEMBLE+INSPECT=216/360,true
C3A5T0I3F0,3,5,0,3,0,"(3,5,3,0)",47,INSPECT,CUT=72/141;ASSEMBLE=96/235;INSPECT=120/141,false
C3A5T0I3F1,3,5,0,3,1,"(3,5,3,1)",40,CUT|ASSEMBLE+INSPECT,CUT=72/120;ASSEMBLE+INSPECT=216/360,true
C3A5T0I3F2,3,5,0,3,2,"(3,5,3,2)",37,CUT,CUT=72/111;ASSEMBLE+INSPECT=216/370,true
C3A5T0I3F3,3,5,0,3,3,"(3,5,3,3)",34,CUT,CUT=72/102;ASSEMBLE+INSPECT=216/374,true
C3A5T0I4F0,3,5,0,4,0,"(3,5,4,0)",40,INSPECT,CUT=72/120;ASSEMBLE=96/200;INSPECT=120/160,false
C3A5T0I4F1,3,5,0,4,1,"(3,5,4,1)",35,CUT,CUT=72/105;ASSEMBLE+INSPECT=216/350,true
C3A5T0I4F2,3,5,0,4,2,"(3,5,4,2)",34,CUT,CUT=72/102;ASSEMBLE+INSPECT=216/374,true
C3A5T0I4F3,3,5,0,4,3,"(3,5,4,3)",33,CUT,CUT=72/99;ASSEMBLE+INSPECT=216/396,true
C3A5T1I0F1,3,5,1,0,1,"(3,7,0,1)",127,ASSEMBLE+INSPECT,CUT=72/381;ASSEMBLE+INSPECT=216/1016,false
C3A5T1I0F2,3,5,1,0,2,"(3,7,0,2)",67,CUT|ASSEMBLE+INSPECT,CUT=72/201;ASSEMBLE+INSPECT=216/603,false
C3A5T1I0F3,3,5,1,0,3,"(3,7,0,3)",47,CUT,CUT=72/141;ASSEMBLE+INSPECT=216/470,false
C3A5T1I1F0,3,5,1,1,0,"(3,7,1,0)",127,INSPECT,CUT=72/381;ASSEMBLE=96/889;INSPECT=120/127,false
C3A5T1I1F1,3,5,1,1,1,"(3,7,1,1)",67,CUT|ASSEMBLE+INSPECT,CUT=72/201;ASSEMBLE+INSPECT=216/603,false
C3A5T1I1F2,3,5,1,1,2,"(3,7,1,2)",47,CUT,CUT=72/141;ASSEMBLE+INSPECT=216/470,false
C3A5T1I1F3,3,5,1,1,3,"(3,7,1,3)",40,CUT,CUT=72/120;ASSEMBLE+INSPECT=216/440,false
C3A5T1I2F0,3,5,1,2,0,"(3,7,2,0)",67,INSPECT,CUT=72/201;ASSEMBLE=96/469;INSPECT=120/134,false
C3A5T1I2F1,3,5,1,2,1,"(3,7,2,1)",47,CUT,CUT=72/141;ASSEMBLE+INSPECT=216/470,false
C3A5T1I2F2,3,5,1,2,2,"(3,7,2,2)",40,CUT,CUT=72/120;ASSEMBLE+INSPECT=216/440,false
C3A5T1I2F3,3,5,1,2,3,"(3,7,2,3)",35,CUT,CUT=72/105;ASSEMBLE+INSPECT=216/420,false
C3A5T1I3F0,3,5,1,3,0,"(3,7,3,0)",47,INSPECT,CUT=72/141;ASSEMBLE=96/329;INSPECT=120/141,false
C3A5T1I3F1,3,5,1,3,1,"(3,7,3,1)",40,CUT,CUT=72/120;ASSEMBLE+INSPECT=216/440,false
C3A5T1I3F2,3,5,1,3,2,"(3,7,3,2)",35,CUT,CUT=72/105;ASSEMBLE+INSPECT=216/420,false
C3A5T1I3F3,3,5,1,3,3,"(3,7,3,3)",33,CUT,CUT=72/99;ASSEMBLE+INSPECT=216/429,false
C3A5T1I4F0,3,5,1,4,0,"(3,7,4,0)",40,INSPECT,CUT=72/120;ASSEMBLE=96/280;INSPECT=120/160,false
C3A5T1I4F1,3,5,1,4,1,"(3,7,4,1)",35,CUT,CUT=72/105;ASSEMBLE+INSPECT=216/420,false
C3A5T1I4F2,3,5,1,4,2,"(3,7,4,2)",33,CUT,CUT=72/99;ASSEMBLE+INSPECT=216/429,false
C3A5T1I4F3,3,5,1,4,3,"(3,7,4,3)",33,CUT,CUT=72/99;ASSEMBLE+INSPECT=216/462,false
C3A5T2I0F1,3,5,2,0,1,"(3,9,0,1)",127,CUT,CUT=72/381;ASSEMBLE+INSPECT=216/1270,false
C3A5T2I0F2,3,5,2,0,2,"(3,9,0,2)",67,CUT,CUT=72/201;ASSEMBLE+INSPECT=216/737,false
C3A5T2I0F3,3,5,2,0,3,"(3,9,0,3)",47,CUT,CUT=72/141;ASSEMBLE+INSPECT=216/564,false
C3A5T2I1F0,3,5,2,1,0,"(3,9,1,0)",127,INSPECT,CUT=72/381;ASSEMBLE=96/1143;INSPECT=120/127,false
C3A5T2I1F1,3,5,2,1,1,"(3,9,1,1)",67,CUT,CUT=72/201;ASSEMBLE+INSPECT=216/737,false
C3A5T2I1F2,3,5,2,1,2,"(3,9,1,2)",47,CUT,CUT=72/141;ASSEMBLE+INSPECT=216/564,false
C3A5T2I1F3,3,5,2,1,3,"(3,9,1,3)",40,CUT,CUT=72/120;ASSEMBLE+INSPECT=216/520,false
C3A5T2I2F0,3,5,2,2,0,"(3,9,2,0)",67,INSPECT,CUT=72/201;ASSEMBLE=96/603;INSPECT=120/134,false
C3A5T2I2F1,3,5,2,2,1,"(3,9,2,1)",47,CUT,CUT=72/141;ASSEMBLE+INSPECT=216/564,false
C3A5T2I2F2,3,5,2,2,2,"(3,9,2,2)",40,CUT,CUT=72/120;ASSEMBLE+INSPECT=216/520,false
C3A5T2I2F3,3,5,2,2,3,"(3,9,2,3)",35,CUT,CUT=72/105;ASSEMBLE+INSPECT=216/490,false
C3A5T2I3F0,3,5,2,3,0,"(3,9,3,0)",47,INSPECT,CUT=72/141;ASSEMBLE=96/423;INSPECT=120/141,false
C3A5T2I3F1,3,5,2,3,1,"(3,9,3,1)",40,CUT,CUT=72/120;ASSEMBLE+INSPECT=216/520,false
C3A5T2I3F2,3,5,2,3,2,"(3,9,3,2)",35,CUT,CUT=72/105;ASSEMBLE+INSPECT=216/490,false
C3A5T2I3F3,3,5,2,3,3,"(3,9,3,3)",33,CUT,CUT=72/99;ASSEMBLE+INSPECT=216/495,false
C3A5T2I4F0,3,5,2,4,0,"(3,9,4,0)",40,INSPECT,CUT=72/120;ASSEMBLE=96/360;INSPECT=120/160,false
C3A5T2I4F1,3,5,2,4,1,"(3,9,4,1)",35,CUT,CUT=72/105;ASSEMBLE+INSPECT=216/490,false
C3A5T2I4F2,3,5,2,4,2,"(3,9,4,2)",33,CUT,CUT=72/99;ASSEMBLE+INSPECT=216/495,false
C3A5T2I4F3,3,5,2,4,3,"(3,9,4,3)",33,CUT,CUT=72/99;ASSEMBLE+INSPECT=216/528,false
C3A5T3I0F1,3,5,3,0,1,"(3,11,0,1)",127,CUT,CUT=72/381;ASSEMBLE+INSPECT=216/1524,false
C3A5T3I0F2,3,5,3,0,2,"(3,11,0,2)",67,CUT,CUT=72/201;ASSEMBLE+INSPECT=216/871,false
C3A5T3I0F3,3,5,3,0,3,"(3,11,0,3)",47,CUT,CUT=72/141;ASSEMBLE+INSPECT=216/658,false
C3A5T3I1F0,3,5,3,1,0,"(3,11,1,0)",127,INSPECT,CUT=72/381;ASSEMBLE=96/1397;INSPECT=120/127,false
C3A5T3I1F1,3,5,3,1,1,"(3,11,1,1)",67,CUT,CUT=72/201;ASSEMBLE+INSPECT=216/871,false
C3A5T3I1F2,3,5,3,1,2,"(3,11,1,2)",47,CUT,CUT=72/141;ASSEMBLE+INSPECT=216/658,false
C3A5T3I1F3,3,5,3,1,3,"(3,11,1,3)",40,CUT,CUT=72/120;ASSEMBLE+INSPECT=216/600,false
C3A5T3I2F0,3,5,3,2,0,"(3,11,2,0)",67,INSPECT,CUT=72/201;ASSEMBLE=96/737;INSPECT=120/134,false
C3A5T3I2F1,3,5,3,2,1,"(3,11,2,1)",47,CUT,CUT=72/141;ASSEMBLE+INSPECT=216/658,false
C3A5T3I2F2,3,5,3,2,2,"(3,11,2,2)",40,CUT,CUT=72/120;ASSEMBLE+INSPECT=216/600,false
C3A5T3I2F3,3,5,3,2,3,"(3,11,2,3)",35,CUT,CUT=72/105;ASSEMBLE+INSPECT=216/560,false
C3A5T3I3F0,3,5,3,3,0,"(3,11,3,0)",47,INSPECT,CUT=72/141;ASSEMBLE=96/517;INSPECT=120/141,false
C3A5T3I3F1,3,5,3,3,1,"(3,11,3,1)",40,CUT,CUT=72/120;ASSEMBLE+INSPECT=216/600,false
C3A5T3I3F2,3,5,3,3,2,"(3,11,3,2)",35,CUT,CUT=72/105;ASSEMBLE+INSPECT=216/560,false
C3A5T3I3F3,3,5,3,3,3,"(3,11,3,3)",33,CUT,CUT=72/99;ASSEMBLE+INSPECT=216/561,false
C3A5T3I4F0,3,5,3,4,0,"(3,11,4,0)",40,INSPECT,CUT=72/120;ASSEMBLE=96/440;INSPECT=120/160,false
C3A5T3I4F1,3,5,3,4,1,"(3,11,4,1)",35,CUT,CUT=72/105;ASSEMBLE+INSPECT=216/560,false
C3A5T3I4F2,3,5,3,4,2,"(3,11,4,2)",33,CUT,CUT=72/99;ASSEMBLE+INSPECT=216/561,false
C3A5T3I4F3,3,5,3,4,3,"(3,11,4,3)",33,CUT,CUT=72/99;ASSEMBLE+INSPECT=216/594,false
C3A6T0I0F1,3,6,0,0,1,"(3,6,0,1)",127,ASSEMBLE+INSPECT,CUT=72/381;ASSEMBLE+INSPECT=216/889,false
C3A6T0I0F2,3,6,0,0,2,"(3,6,0,2)",67,ASSEMBLE+INSPECT,CUT=72/201;ASSEMBLE+INSPECT=216/536,false
C3A6T0I0F3,3,6,0,0,3,"(3,6,0,3)",47,CUT|ASSEMBLE+INSPECT,CUT=72/141;ASSEMBLE+INSPECT=216/423,false
C3A6T0I1F0,3,6,0,1,0,"(3,6,1,0)",127,INSPECT,CUT=72/381;ASSEMBLE=96/762;INSPECT=120/127,false
C3A6T0I1F1,3,6,0,1,1,"(3,6,1,1)",67,ASSEMBLE+INSPECT,CUT=72/201;ASSEMBLE+INSPECT=216/536,false
C3A6T0I1F2,3,6,0,1,2,"(3,6,1,2)",47,CUT|ASSEMBLE+INSPECT,CUT=72/141;ASSEMBLE+INSPECT=216/423,false
C3A6T0I1F3,3,6,0,1,3,"(3,6,1,3)",40,CUT,CUT=72/120;ASSEMBLE+INSPECT=216/400,false
C3A6T0I2F0,3,6,0,2,0,"(3,6,2,0)",67,INSPECT,CUT=72/201;ASSEMBLE=96/402;INSPECT=120/134,false
C3A6T0I2F1,3,6,0,2,1,"(3,6,2,1)",47,CUT|ASSEMBLE+INSPECT,CUT=72/141;ASSEMBLE+INSPECT=216/423,false
C3A6T0I2F2,3,6,0,2,2,"(3,6,2,2)",40,CUT,CUT=72/120;ASSEMBLE+INSPECT=216/400,false
C3A6T0I2F3,3,6,0,2,3,"(3,6,2,3)",35,CUT,CUT=72/105;ASSEMBLE+INSPECT=216/385,false
C3A6T0I3F0,3,6,0,3,0,"(3,6,3,0)",47,INSPECT,CUT=72/141;ASSEMBLE=96/282;INSPECT=120/141,false
C3A6T0I3F1,3,6,0,3,1,"(3,6,3,1)",40,CUT,CUT=72/120;ASSEMBLE+INSPECT=216/400,false
C3A6T0I3F2,3,6,0,3,2,"(3,6,3,2)",35,CUT,CUT=72/105;ASSEMBLE+INSPECT=216/385,false
C3A6T0I3F3,3,6,0,3,3,"(3,6,3,3)",33,CUT,CUT=72/99;ASSEMBLE+INSPECT=216/396,false
C3A6T0I4F0,3,6,0,4,0,"(3,6,4,0)",40,INSPECT,CUT=72/120;ASSEMBLE=96/240;INSPECT=120/160,false
C3A6T0I4F1,3,6,0,4,1,"(3,6,4,1)",35,CUT,CUT=72/105;ASSEMBLE+INSPECT=216/385,false
C3A6T0I4F2,3,6,0,4,2,"(3,6,4,2)",33,CUT,CUT=72/99;ASSEMBLE+INSPECT=216/396,false
C3A6T0I4F3,3,6,0,4,3,"(3,6,4,3)",33,CUT,CUT=72/99;ASSEMBLE+INSPECT=216/429,false
C3A6T1I0F1,3,6,1,0,1,"(3,8,0,1)",127,CUT|ASSEMBLE+INSPECT,CUT=72/381;ASSEMBLE+INSPECT=216/1143,false
C3A6T1I0F2,3,6,1,0,2,"(3,8,0,2)",67,CUT,CUT=72/201;ASSEMBLE+INSPECT=216/670,false
C3A6T1I0F3,3,6,1,0,3,"(3,8,0,3)",47,CUT,CUT=72/141;ASSEMBLE+INSPECT=216/517,false
C3A6T1I1F0,3,6,1,1,0,"(3,8,1,0)",127,INSPECT,CUT=72/381;ASSEMBLE=96/1016;INSPECT=120/127,false
C3A6T1I1F1,3,6,1,1,1,"(3,8,1,1)",67,CUT,CUT=72/201;ASSEMBLE+INSPECT=216/670,false
C3A6T1I1F2,3,6,1,1,2,"(3,8,1,2)",47,CUT,CUT=72/141;ASSEMBLE+INSPECT=216/517,false
C3A6T1I1F3,3,6,1,1,3,"(3,8,1,3)",40,CUT,CUT=72/120;ASSEMBLE+INSPECT=216/480,false
C3A6T1I2F0,3,6,1,2,0,"(3,8,2,0)",67,INSPECT,CUT=72/201;ASSEMBLE=96/536;INSPECT=120/134,false
C3A6T1I2F1,3,6,1,2,1,"(3,8,2,1)",47,CUT,CUT=72/141;ASSEMBLE+INSPECT=216/517,false
C3A6T1I2F2,3,6,1,2,2,"(3,8,2,2)",40,CUT,CUT=72/120;ASSEMBLE+INSPECT=216/480,false
C3A6T1I2F3,3,6,1,2,3,"(3,8,2,3)",35,CUT,CUT=72/105;ASSEMBLE+INSPECT=216/455,false
C3A6T1I3F0,3,6,1,3,0,"(3,8,3,0)",47,INSPECT,CUT=72/141;ASSEMBLE=96/376;INSPECT=120/141,false
C3A6T1I3F1,3,6,1,3,1,"(3,8,3,1)",40,CUT,CUT=72/120;ASSEMBLE+INSPECT=216/480,false
C3A6T1I3F2,3,6,1,3,2,"(3,8,3,2)",35,CUT,CUT=72/105;ASSEMBLE+INSPECT=216/455,false
C3A6T1I3F3,3,6,1,3,3,"(3,8,3,3)",33,CUT,CUT=72/99;ASSEMBLE+INSPECT=216/462,false
C3A6T1I4F0,3,6,1,4,0,"(3,8,4,0)",40,INSPECT,CUT=72/120;ASSEMBLE=96/320;INSPECT=120/160,false
C3A6T1I4F1,3,6,1,4,1,"(3,8,4,1)",35,CUT,CUT=72/105;ASSEMBLE+INSPECT=216/455,false
C3A6T1I4F2,3,6,1,4,2,"(3,8,4,2)",33,CUT,CUT=72/99;ASSEMBLE+INSPECT=216/462,false
C3A6T1I4F3,3,6,1,4,3,"(3,8,4,3)",33,CUT,CUT=72/99;ASSEMBLE+INSPECT=216/495,false
C3A6T2I0F1,3,6,2,0,1,"(3,10,0,1)",127,CUT,CUT=72/381;ASSEMBLE+INSPECT=216/1397,false
C3A6T2I0F2,3,6,2,0,2,"(3,10,0,2)",67,CUT,CUT=72/201;ASSEMBLE+INSPECT=216/804,false
C3A6T2I0F3,3,6,2,0,3,"(3,10,0,3)",47,CUT,CUT=72/141;ASSEMBLE+INSPECT=216/611,false
C3A6T2I1F0,3,6,2,1,0,"(3,10,1,0)",127,INSPECT,CUT=72/381;ASSEMBLE=96/1270;INSPECT=120/127,false
C3A6T2I1F1,3,6,2,1,1,"(3,10,1,1)",67,CUT,CUT=72/201;ASSEMBLE+INSPECT=216/804,false
C3A6T2I1F2,3,6,2,1,2,"(3,10,1,2)",47,CUT,CUT=72/141;ASSEMBLE+INSPECT=216/611,false
C3A6T2I1F3,3,6,2,1,3,"(3,10,1,3)",40,CUT,CUT=72/120;ASSEMBLE+INSPECT=216/560,false
C3A6T2I2F0,3,6,2,2,0,"(3,10,2,0)",67,INSPECT,CUT=72/201;ASSEMBLE=96/670;INSPECT=120/134,false
C3A6T2I2F1,3,6,2,2,1,"(3,10,2,1)",47,CUT,CUT=72/141;ASSEMBLE+INSPECT=216/611,false
C3A6T2I2F2,3,6,2,2,2,"(3,10,2,2)",40,CUT,CUT=72/120;ASSEMBLE+INSPECT=216/560,false
C3A6T2I2F3,3,6,2,2,3,"(3,10,2,3)",35,CUT,CUT=72/105;ASSEMBLE+INSPECT=216/525,false
C3A6T2I3F0,3,6,2,3,0,"(3,10,3,0)",47,INSPECT,CUT=72/141;ASSEMBLE=96/470;INSPECT=120/141,false
C3A6T2I3F1,3,6,2,3,1,"(3,10,3,1)",40,CUT,CUT=72/120;ASSEMBLE+INSPECT=216/560,false
C3A6T2I3F2,3,6,2,3,2,"(3,10,3,2)",35,CUT,CUT=72/105;ASSEMBLE+INSPECT=216/525,false
C3A6T2I3F3,3,6,2,3,3,"(3,10,3,3)",33,CUT,CUT=72/99;ASSEMBLE+INSPECT=216/528,false
C3A6T2I4F0,3,6,2,4,0,"(3,10,4,0)",40,INSPECT,CUT=72/120;ASSEMBLE=96/400;INSPECT=120/160,false
C3A6T2I4F1,3,6,2,4,1,"(3,10,4,1)",35,CUT,CUT=72/105;ASSEMBLE+INSPECT=216/525,false
C3A6T2I4F2,3,6,2,4,2,"(3,10,4,2)",33,CUT,CUT=72/99;ASSEMBLE+INSPECT=216/528,false
C3A6T2I4F3,3,6,2,4,3,"(3,10,4,3)",33,CUT,CUT=72/99;ASSEMBLE+INSPECT=216/561,false
C3A6T3I0F1,3,6,3,0,1,"(3,12,0,1)",127,CUT,CUT=72/381;ASSEMBLE+INSPECT=216/1651,false
C3A6T3I0F2,3,6,3,0,2,"(3,12,0,2)",67,CUT,CUT=72/201;ASSEMBLE+INSPECT=216/938,false
C3A6T3I0F3,3,6,3,0,3,"(3,12,0,3)",47,CUT,CUT=72/141;ASSEMBLE+INSPECT=216/705,false
C3A6T3I1F0,3,6,3,1,0,"(3,12,1,0)",127,INSPECT,CUT=72/381;ASSEMBLE=96/1524;INSPECT=120/127,false
C3A6T3I1F1,3,6,3,1,1,"(3,12,1,1)",67,CUT,CUT=72/201;ASSEMBLE+INSPECT=216/938,false
C3A6T3I1F2,3,6,3,1,2,"(3,12,1,2)",47,CUT,CUT=72/141;ASSEMBLE+INSPECT=216/705,false
C3A6T3I1F3,3,6,3,1,3,"(3,12,1,3)",40,CUT,CUT=72/120;ASSEMBLE+INSPECT=216/640,false
C3A6T3I2F0,3,6,3,2,0,"(3,12,2,0)",67,INSPECT,CUT=72/201;ASSEMBLE=96/804;INSPECT=120/134,false
C3A6T3I2F1,3,6,3,2,1,"(3,12,2,1)",47,CUT,CUT=72/141;ASSEMBLE+INSPECT=216/705,false
C3A6T3I2F2,3,6,3,2,2,"(3,12,2,2)",40,CUT,CUT=72/120;ASSEMBLE+INSPECT=216/640,false
C3A6T3I2F3,3,6,3,2,3,"(3,12,2,3)",35,CUT,CUT=72/105;ASSEMBLE+INSPECT=216/595,false
C3A6T3I3F0,3,6,3,3,0,"(3,12,3,0)",47,INSPECT,CUT=72/141;ASSEMBLE=96/564;INSPECT=120/141,false
C3A6T3I3F1,3,6,3,3,1,"(3,12,3,1)",40,CUT,CUT=72/120;ASSEMBLE+INSPECT=216/640,false
C3A6T3I3F2,3,6,3,3,2,"(3,12,3,2)",35,CUT,CUT=72/105;ASSEMBLE+INSPECT=216/595,false
C3A6T3I3F3,3,6,3,3,3,"(3,12,3,3)",33,CUT,CUT=72/99;ASSEMBLE+INSPECT=216/594,false
C3A6T3I4F0,3,6,3,4,0,"(3,12,4,0)",40,INSPECT,CUT=72/120;ASSEMBLE=96/480;INSPECT=120/160,false
C3A6T3I4F1,3,6,3,4,1,"(3,12,4,1)",35,CUT,CUT=72/105;ASSEMBLE+INSPECT=216/595,false
C3A6T3I4F2,3,6,3,4,2,"(3,12,4,2)",33,CUT,CUT=72/99;ASSEMBLE+INSPECT=216/594,false
C3A6T3I4F3,3,6,3,4,3,"(3,12,4,3)",33,CUT,CUT=72/99;ASSEMBLE+INSPECT=216/627,false
C4A0T0I0F1,4,0,0,0,1,"(4,0,0,1)",219,ASSEMBLE+INSPECT,CUT=72/876;ASSEMBLE+INSPECT=216/219,true
C4A0T0I0F2,4,0,0,0,2,"(4,0,0,2)",111,ASSEMBLE+INSPECT,CUT=72/444;ASSEMBLE+INSPECT=216/222,true
C4A0T0I0F3,4,0,0,0,3,"(4,0,0,3)",75,ASSEMBLE+INSPECT,CUT=72/300;ASSEMBLE+INSPECT=216/225,true
C4A0T0I1F1,4,0,0,1,1,"(4,0,1,1)",159,ASSEMBLE+INSPECT,CUT=72/636;ASSEMBLE+INSPECT=216/318,true
C4A0T0I1F2,4,0,0,1,2,"(4,0,1,2)",91,ASSEMBLE+INSPECT,CUT=72/364;ASSEMBLE+INSPECT=216/273,true
C4A0T0I1F3,4,0,0,1,3,"(4,0,1,3)",65,ASSEMBLE+INSPECT,CUT=72/260;ASSEMBLE+INSPECT=216/260,true
C4A0T0I2F1,4,0,0,2,1,"(4,0,2,1)",104,ASSEMBLE+INSPECT,CUT=72/416;ASSEMBLE+INSPECT=216/312,false
C4A0T0I2F2,4,0,0,2,2,"(4,0,2,2)",81,ASSEMBLE+INSPECT,CUT=72/324;ASSEMBLE+INSPECT=216/324,true
C4A0T0I2F3,4,0,0,2,3,"(4,0,2,3)",55,ASSEMBLE+INSPECT,CUT=72/220;ASSEMBLE+INSPECT=216/275,true
C4A0T0I3F1,4,0,0,3,1,"(4,0,3,1)",104,ASSEMBLE+INSPECT,CUT=72/416;ASSEMBLE+INSPECT=216/416,false
C4A0T0I3F2,4,0,0,3,2,"(4,0,3,2)",60,ASSEMBLE+INSPECT,CUT=72/240;ASSEMBLE+INSPECT=216/300,true
C4A0T0I3F3,4,0,0,3,3,"(4,0,3,3)",55,ASSEMBLE+INSPECT,CUT=72/220;ASSEMBLE+INSPECT=216/330,true
C4A0T0I4F1,4,0,0,4,1,"(4,0,4,1)",104,ASSEMBLE+INSPECT,CUT=72/416;ASSEMBLE+INSPECT=216/520,false
C4A0T0I4F2,4,0,0,4,2,"(4,0,4,2)",56,ASSEMBLE+INSPECT,CUT=72/224;ASSEMBLE+INSPECT=216/336,false
C4A0T0I4F3,4,0,0,4,3,"(4,0,4,3)",46,ASSEMBLE+INSPECT,CUT=72/184;ASSEMBLE+INSPECT=216/322,true
C4A0T1I0F1,4,0,1,0,1,"(4,2,0,1)",127,ASSEMBLE+INSPECT,CUT=72/508;ASSEMBLE+INSPECT=216/381,true
C4A0T1I0F2,4,0,1,0,2,"(4,2,0,2)",75,ASSEMBLE+INSPECT,CUT=72/300;ASSEMBLE+INSPECT=216/300,true
C4A0T1I0F3,4,0,1,0,3,"(4,2,0,3)",55,ASSEMBLE+INSPECT,CUT=72/220;ASSEMBLE+INSPECT=216/275,true
C4A0T1I1F0,4,0,1,1,0,"(4,2,1,0)",127,INSPECT,CUT=72/508;ASSEMBLE=96/254;INSPECT=120/127,false
C4A0T1I1F1,4,0,1,1,1,"(4,2,1,1)",74,ASSEMBLE+INSPECT,CUT=72/296;ASSEMBLE+INSPECT=216/296,true
C4A0T1I1F2,4,0,1,1,2,"(4,2,1,2)",55,ASSEMBLE+INSPECT,CUT=72/220;ASSEMBLE+INSPECT=216/275,true
C4A0T1I1F3,4,0,1,1,3,"(4,2,1,3)",45,ASSEMBLE+INSPECT,CUT=72/180;ASSEMBLE+INSPECT=216/270,true
C4A0T1I2F0,4,0,1,2,0,"(4,2,2,0)",67,INSPECT,CUT=72/268;ASSEMBLE=96/134;INSPECT=120/134,false
C4A0T1I2F1,4,0,1,2,1,"(4,2,2,1)",53,ASSEMBLE+INSPECT,CUT=72/212;ASSEMBLE+INSPECT=216/265,true
C4A0T1I2F2,4,0,1,2,2,"(4,2,2,2)",44,ASSEMBLE+INSPECT,CUT=72/176;ASSEMBLE+INSPECT=216/264,true
C4A0T1I2F3,4,0,1,2,3,"(4,2,2,3)",39,ASSEMBLE+INSPECT,CUT=72/156;ASSEMBLE+INSPECT=216/273,true
C4A0T1I3F0,4,0,1,3,0,"(4,2,3,0)",57,ASSEMBLE,CUT=72/228;ASSEMBLE=96/114;INSPECT=120/171,false
C4A0T1I3F1,4,0,1,3,1,"(4,2,3,1)",47,ASSEMBLE+INSPECT,CUT=72/188;ASSEMBLE+INSPECT=216/282,true
C4A0T1I3F2,4,0,1,3,2,"(4,2,3,2)",40,ASSEMBLE+INSPECT,CUT=72/160;ASSEMBLE+INSPECT=216/280,true
C4A0T1I3F3,4,0,1,3,3,"(4,2,3,3)",36,ASSEMBLE+INSPECT,CUT=72/144;ASSEMBLE+INSPECT=216/288,true
C4A0T1I4F0,4,0,1,4,0,"(4,2,4,0)",56,ASSEMBLE,CUT=72/224;ASSEMBLE=96/112;INSPECT=120/224,false
C4A0T1I4F1,4,0,1,4,1,"(4,2,4,1)",44,ASSEMBLE+INSPECT,CUT=72/176;ASSEMBLE+INSPECT=216/308,true
C4A0T1I4F2,4,0,1,4,2,"(4,2,4,2)",38,ASSEMBLE+INSPECT,CUT=72/152;ASSEMBLE+INSPECT=216/304,true
C4A0T1I4F3,4,0,1,4,3,"(4,2,4,3)",34,ASSEMBLE+INSPECT,CUT=72/136;ASSEMBLE+INSPECT=216/306,true
C4A0T2I0F1,4,0,2,0,1,"(4,4,0,1)",130,ASSEMBLE+INSPECT,CUT=72/520;ASSEMBLE+INSPECT=216/650,true
C4A0T2I0F2,4,0,2,0,2,"(4,4,0,2)",70,ASSEMBLE+INSPECT,CUT=72/280;ASSEMBLE+INSPECT=216/420,true
C4A0T2I0F3,4,0,2,0,3,"(4,4,0,3)",50,ASSEMBLE+INSPECT,CUT=72/200;ASSEMBLE+INSPECT=216/350,true
C4A0T2I1F0,4,0,2,1,0,"(4,4,1,0)",127,INSPECT,CUT=72/508;ASSEMBLE=96/508;INSPECT=120/127,false
C4A0T2I1F1,4,0,2,1,1,"(4,4,1,1)",70,ASSEMBLE+INSPECT,CUT=72/280;ASSEMBLE+INSPECT=216/420,true
C4A0T2I1F2,4,0,2,1,2,"(4,4,1,2)",50,ASSEMBLE+INSPECT,CUT=72/200;ASSEMBLE+INSPECT=216/350,true
C4A0T2I1F3,4,0,2,1,3,"(4,4,1,3)",40,ASSEMBLE+INSPECT,CUT=72/160;ASSEMBLE+INSPECT=216/320,true
C4A0T2I2F0,4,0,2,2,0,"(4,4,2,0)",67,INSPECT,CUT=72/268;ASSEMBLE=96/268;INSPECT=120/134,false
C4A0T2I2F1,4,0,2,2,1,"(4,4,2,1)",50,ASSEMBLE+INSPECT,CUT=72/200;ASSEMBLE+INSPECT=216/350,true
C4A0T2I2F2,4,0,2,2,2,"(4,4,2,2)",40,ASSEMBLE+INSPECT,CUT=72/160;ASSEMBLE+INSPECT=216/320,true
C4A0T2I2F3,4,0,2,2,3,"(4,4,2,3)",35,ASSEMBLE+INSPECT,CUT=72/140;ASSEMBLE+INSPECT=216/315,true
C4A0T2I3F0,4,0,2,3,0,"(4,4,3,0)",47,INSPECT,CUT=72/188;ASSEMBLE=96/188;INSPECT=120/141,false
C4A0T2I3F1,4,0,2,3,1,"(4,4,3,1)",40,ASSEMBLE+INSPECT,CUT=72/160;ASSEMBLE+INSPECT=216/320,true
C4A0T2I3F2,4,0,2,3,2,"(4,4,3,2)",37,ASSEMBLE+INSPECT,CUT=72/148;ASSEMBLE+INSPECT=216/333,true
C4A0T2I3F3,4,0,2,3,3,"(4,4,3,3)",32,ASSEMBLE+INSPECT,CUT=72/128;ASSEMBLE+INSPECT=216/320,true
C4A0T2I4F0,4,0,2,4,0,"(4,4,4,0)",37,INSPECT,CUT=72/148;ASSEMBLE=96/148;INSPECT=120/148,false
C4A0T2I4F1,4,0,2,4,1,"(4,4,4,1)",34,ASSEMBLE+INSPECT,CUT=72/136;ASSEMBLE+INSPECT=216/306,true
C4A0T2I4F2,4,0,2,4,2,"(4,4,4,2)",32,ASSEMBLE+INSPECT,CUT=72/128;ASSEMBLE+INSPECT=216/320,true
C4A0T2I4F3,4,0,2,4,3,"(4,4,4,3)",29,ASSEMBLE+INSPECT,CUT=72/116;ASSEMBLE+INSPECT=216/319,true
C4A0T3I0F1,4,0,3,0,1,"(4,6,0,1)",130,ASSEMBLE+INSPECT,CUT=72/520;ASSEMBLE+INSPECT=216/910,true
C4A0T3I0F2,4,0,3,0,2,"(4,6,0,2)",70,ASSEMBLE+INSPECT,CUT=72/280;ASSEMBLE+INSPECT=216/560,true
C4A0T3I0F3,4,0,3,0,3,"(4,6,0,3)",50,ASSEMBLE+INSPECT,CUT=72/200;ASSEMBLE+INSPECT=216/450,true
C4A0T3I1F0,4,0,3,1,0,"(4,6,1,0)",127,INSPECT,CUT=72/508;ASSEMBLE=96/762;INSPECT=120/127,false
C4A0T3I1F1,4,0,3,1,1,"(4,6,1,1)",70,ASSEMBLE+INSPECT,CUT=72/280;ASSEMBLE+INSPECT=216/560,true
C4A0T3I1F2,4,0,3,1,2,"(4,6,1,2)",50,ASSEMBLE+INSPECT,CUT=72/200;ASSEMBLE+INSPECT=216/450,true
C4A0T3I1F3,4,0,3,1,3,"(4,6,1,3)",40,ASSEMBLE+INSPECT,CUT=72/160;ASSEMBLE+INSPECT=216/400,true
C4A0T3I2F0,4,0,3,2,0,"(4,6,2,0)",67,INSPECT,CUT=72/268;ASSEMBLE=96/402;INSPECT=120/134,false
C4A0T3I2F1,4,0,3,2,1,"(4,6,2,1)",50,ASSEMBLE+INSPECT,CUT=72/200;ASSEMBLE+INSPECT=216/450,true
C4A0T3I2F2,4,0,3,2,2,"(4,6,2,2)",40,ASSEMBLE+INSPECT,CUT=72/160;ASSEMBLE+INSPECT=216/400,true
C4A0T3I2F3,4,0,3,2,3,"(4,6,2,3)",35,ASSEMBLE+INSPECT,CUT=72/140;ASSEMBLE+INSPECT=216/385,true
C4A0T3I3F0,4,0,3,3,0,"(4,6,3,0)",47,INSPECT,CUT=72/188;ASSEMBLE=96/282;INSPECT=120/141,false
C4A0T3I3F1,4,0,3,3,1,"(4,6,3,1)",40,ASSEMBLE+INSPECT,CUT=72/160;ASSEMBLE+INSPECT=216/400,true
C4A0T3I3F2,4,0,3,3,2,"(4,6,3,2)",35,ASSEMBLE+INSPECT,CUT=72/140;ASSEMBLE+INSPECT=216/385,true
C4A0T3I3F3,4,0,3,3,3,"(4,6,3,3)",31,CUT|ASSEMBLE+INSPECT,CUT=72/124;ASSEMBLE+INSPECT=216/372,true
C4A0T3I4F0,4,0,3,4,0,"(4,6,4,0)",37,INSPECT,CUT=72/148;ASSEMBLE=96/222;INSPECT=120/148,false
C4A0T3I4F1,4,0,3,4,1,"(4,6,4,1)",33,ASSEMBLE+INSPECT,CUT=72/132;ASSEMBLE+INSPECT=216/363,true
C4A0T3I4F2,4,0,3,4,2,"(4,6,4,2)",30,CUT|ASSEMBLE+INSPECT,CUT=72/120;ASSEMBLE+INSPECT=216/360,true
C4A0T3I4F3,4,0,3,4,3,"(4,6,4,3)",29,CUT,CUT=72/116;ASSEMBLE+INSPECT=216/377,true
C4A1T0I0F1,4,1,0,0,1,"(4,1,0,1)",127,ASSEMBLE+INSPECT,CUT=72/508;ASSEMBLE+INSPECT=216/254,true
C4A1T0I0F2,4,1,0,0,2,"(4,1,0,2)",87,ASSEMBLE+INSPECT,CUT=72/348;ASSEMBLE+INSPECT=216/261,true
C4A1T0I0F3,4,1,0,0,3,"(4,1,0,3)",63,ASSEMBLE+INSPECT,CUT=72/252;ASSEMBLE+INSPECT=216/252,true
C4A1T0I1F0,4,1,0,1,0,"(4,1,1,0)",127,INSPECT,CUT=72/508;ASSEMBLE=96/127;INSPECT=120/127,false
C4A1T0I1F1,4,1,0,1,1,"(4,1,1,1)",82,ASSEMBLE+INSPECT,CUT=72/328;ASSEMBLE+INSPECT=216/246,true
C4A1T0I1F2,4,1,0,1,2,"(4,1,1,2)",62,ASSEMBLE+INSPECT,CUT=72/248;ASSEMBLE+INSPECT=216/248,true
C4A1T0I1F3,4,1,0,1,3,"(4,1,1,3)",52,ASSEMBLE+INSPECT,CUT=72/208;ASSEMBLE+INSPECT=216/260,true
C4A1T0I2F0,4,1,0,2,0,"(4,1,2,0)",104,ASSEMBLE,CUT=72/416;ASSEMBLE=96/104;INSPECT=120/208,false
C4A1T0I2F1,4,1,0,2,1,"(4,1,2,1)",68,ASSEMBLE+INSPECT,CUT=72/272;ASSEMBLE+INSPECT=216/272,true
C4A1T0I2F2,4,1,0,2,2,"(4,1,2,2)",56,ASSEMBLE+INSPECT,CUT=72/224;ASSEMBLE+INSPECT=216/280,true
C4A1T0I2F3,4,1,0,2,3,"(4,1,2,3)",44,ASSEMBLE+INSPECT,CUT=72/176;ASSEMBLE+INSPECT=216/264,true
C4A1T0I3F0,4,1,0,3,0,"(4,1,3,0)",104,ASSEMBLE,CUT=72/416;ASSEMBLE=96/104;INSPECT=120/312,false
C4A1T0I3F1,4,1,0,3,1,"(4,1,3,1)",60,ASSEMBLE+INSPECT,CUT=72/240;ASSEMBLE+INSPECT=216/300,true
C4A1T0I3F2,4,1,0,3,2,"(4,1,3,2)",51,ASSEMBLE+INSPECT,CUT=72/204;ASSEMBLE+INSPECT=216/306,true
C4A1T0I3F3,4,1,0,3,3,"(4,1,3,3)",42,ASSEMBLE+INSPECT,CUT=72/168;ASSEMBLE+INSPECT=216/294,true
C4A1T0I4F0,4,1,0,4,0,"(4,1,4,0)",104,ASSEMBLE,CUT=72/416;ASSEMBLE=96/104;INSPECT=120/416,false
C4A1T0I4F1,4,1,0,4,1,"(4,1,4,1)",56,ASSEMBLE+INSPECT,CUT=72/224;ASSEMBLE+INSPECT=216/336,false
C4A1T0I4F2,4,1,0,4,2,"(4,1,4,2)",46,ASSEMBLE+INSPECT,CUT=72/184;ASSEMBLE+INSPECT=216/322,true
C4A1T0I4F3,4,1,0,4,3,"(4,1,4,3)",42,ASSEMBLE+INSPECT,CUT=72/168;ASSEMBLE+INSPECT=216/336,true
C4A1T1I0F1,4,1,1,0,1,"(4,3,0,1)",127,ASSEMBLE+INSPECT,CUT=72/508;ASSEMBLE+INSPECT=216/508,true
C4A1T1I0F2,4,1,1,0,2,"(4,3,0,2)",70,ASSEMBLE+INSPECT,CUT=72/280;ASSEMBLE+INSPECT=216/350,true
C4A1T1I0F3,4,1,1,0,3,"(4,3,0,3)",51,ASSEMBLE+INSPECT,CUT=72/204;ASSEMBLE+INSPECT=216/306,true
C4A1T1I1F0,4,1,1,1,0,"(4,3,1,0)",127,INSPECT,CUT=72/508;ASSEMBLE=96/381;INSPECT=120/127,false
C4A1T1I1F1,4,1,1,1,1,"(4,3,1,1)",67,ASSEMBLE+INSPECT,CUT=72/268;ASSEMBLE+INSPECT=216/335,true
C4A1T1I1F2,4,1,1,1,2,"(4,3,1,2)",52,ASSEMBLE+INSPECT,CUT=72/208;ASSEMBLE+INSPECT=216/312,true
C4A1T1I1F3,4,1,1,1,3,"(4,3,1,3)",44,ASSEMBLE+INSPECT,CUT=72/176;ASSEMBLE+INSPECT=216/308,true
C4A1T1I2F0,4,1,1,2,0,"(4,3,2,0)",67,INSPECT,CUT=72/268;ASSEMBLE=96/201;INSPECT=120/134,false
C4A1T1I2F1,4,1,1,2,1,"(4,3,2,1)",52,ASSEMBLE+INSPECT,CUT=72/208;ASSEMBLE+INSPECT=216/312,true
C4A1T1I2F2,4,1,1,2,2,"(4,3,2,2)",42,ASSEMBLE+INSPECT,CUT=72/168;ASSEMBLE+INSPECT=216/294,true
C4A1T1I2F3,4,1,1,2,3,"(4,3,2,3)",37,ASSEMBLE+INSPECT,CUT=72/148;ASSEMBLE+INSPECT=216/296,true
C4A1T1I3F0,4,1,1,3,0,"(4,3,3,0)",47,INSPECT,CUT=72/188;ASSEMBLE=96/141;INSPECT=120/141,false
C4A1T1I3F1,4,1,1,3,1,"(4,3,3,1)",42,ASSEMBLE+INSPECT,CUT=72/168;ASSEMBLE+INSPECT=216/294,true
C4A1T1I3F2,4,1,1,3,2,"(4,3,3,2)",37,ASSEMBLE+INSPECT,CUT=72/148;ASSEMBLE+INSPECT=216/296,true
C4A1T1I3F3,4,1,1,3,3,"(4,3,3,3)",33,ASSEMBLE+INSPECT,CUT=72/132;ASSEMBLE+INSPECT=216/297,true
C4A1T1I4F0,4,1,1,4,0,"(4,3,4,0)",42,ASSEMBLE,CUT=72/168;ASSEMBLE=96/126;INSPECT=120/168,false
C4A1T1I4F1,4,1,1,4,1,"(4,3,4,1)",37,ASSEMBLE+INSPECT,CUT=72/148;ASSEMBLE+INSPECT=216/296,true
C4A1T1I4F2,4,1,1,4,2,"(4,3,4,2)",33,ASSEMBLE+INSPECT,CUT=72/132;ASSEMBLE+INSPECT=216/297,true
C4A1T1I4F3,4,1,1,4,3,"(4,3,4,3)",32,ASSEMBLE+INSPECT,CUT=72/128;ASSEMBLE+INSPECT=216/320,true
C4A1T2I0F1,4,1,2,0,1,"(4,5,0,1)",130,ASSEMBLE+INSPECT,CUT=72/520;ASSEMBLE+INSPECT=216/780,true
C4A1T2I0F2,4,1,2,0,2,"(4,5,0,2)",70,ASSEMBLE+INSPECT,CUT=72/280;ASSEMBLE+INSPECT=216/490,true
C4A1T2I0F3,4,1,2,0,3,"(4,5,0,3)",50,ASSEMBLE+INSPECT,CUT=72/200;ASSEMBLE+INSPECT=216/400,true
C4A1T2I1F0,4,1,2,1,0,"(4,5,1,0)",127,INSPECT,CUT=72/508;ASSEMBLE=96/635;INSPECT=120/127,false
C4A1T2I1F1,4,1,2,1,1,"(4,5,1,1)",70,ASSEMBLE+INSPECT,CUT=72/280;ASSEMBLE+INSPECT=216/490,true
C4A1T2I1F2,4,1,2,1,2,"(4,5,1,2)",50,ASSEMBLE+INSPECT,CUT=72/200;ASSEMBLE+INSPECT=216/400,true
C4A1T2I1F3,4,1,2,1,3,"(4,5,1,3)",40,ASSEMBLE+INSPECT,CUT=72/160;ASSEMBLE+INSPECT=216/360,true
C4A1T2I2F0,4,1,2,2,0,"(4,5,2,0)",67,INSPECT,CUT=72/268;ASSEMBLE=96/335;INSPECT=120/134,false
C4A1T2I2F1,4,1,2,2,1,"(4,5,2,1)",50,ASSEMBLE+INSPECT,CUT=72/200;ASSEMBLE+INSPECT=216/400,true
C4A1T2I2F2,4,1,2,2,2,"(4,5,2,2)",40,ASSEMBLE+INSPECT,CUT=72/160;ASSEMBLE+INSPECT=216/360,true
C4A1T2I2F3,4,1,2,2,3,"(4,5,2,3)",35,ASSEMBLE+INSPECT,CUT=72/140;ASSEMBLE+INSPECT=216/350,true
C4A1T2I3F0,4,1,2,3,0,"(4,5,3,0)",47,INSPECT,CUT=72/188;ASSEMBLE=96/235;INSPECT=120/141,false
C4A1T2I3F1,4,1,2,3,1,"(4,5,3,1)",40,ASSEMBLE+INSPECT,CUT=72/160;ASSEMBLE+INSPECT=216/360,true
C4A1T2I3F2,4,1,2,3,2,"(4,5,3,2)",35,ASSEMBLE+INSPECT,CUT=72/140;ASSEMBLE+INSPECT=216/350,true
C4A1T2I3F3,4,1,2,3,3,"(4,5,3,3)",32,ASSEMBLE+INSPECT,CUT=72/128;ASSEMBLE+INSPECT=216/352,true
C4A1T2I4F0,4,1,2,4,0,"(4,5,4,0)",37,INSPECT,CUT=72/148;ASSEMBLE=96/185;INSPECT=120/148,false
C4A1T2I4F1,4,1,2,4,1,"(4,5,4,1)",33,ASSEMBLE+INSPECT,CUT=72/132;ASSEMBLE+INSPECT=216/330,true
C4A1T2I4F2,4,1,2,4,2,"(4,5,4,2)",32,ASSEMBLE+INSPECT,CUT=72/128;ASSEMBLE+INSPECT=216/352,true
C4A1T2I4F3,4,1,2,4,3,"(4,5,4,3)",29,CUT|ASSEMBLE+INSPECT,CUT=72/116;ASSEMBLE+INSPECT=216/348,true
C4A1T3I0F1,4,1,3,0,1,"(4,7,0,1)",130,ASSEMBLE+INSPECT,CUT=72/520;ASSEMBLE+INSPECT=216/1040,true
C4A1T3I0F2,4,1,3,0,2,"(4,7,0,2)",70,ASSEMBLE+INSPECT,CUT=72/280;ASSEMBLE+INSPECT=216/630,true
C4A1T3I0F3,4,1,3,0,3,"(4,7,0,3)",50,ASSEMBLE+INSPECT,CUT=72/200;ASSEMBLE+INSPECT=216/500,true
C4A1T3I1F0,4,1,3,1,0,"(4,7,1,0)",127,INSPECT,CUT=72/508;ASSEMBLE=96/889;INSPECT=120/127,false
C4A1T3I1F1,4,1,3,1,1,"(4,7,1,1)",70,ASSEMBLE+INSPECT,CUT=72/280;ASSEMBLE+INSPECT=216/630,true
C4A1T3I1F2,4,1,3,1,2,"(4,7,1,2)",50,ASSEMBLE+INSPECT,CUT=72/200;ASSEMBLE+INSPECT=216/500,true
C4A1T3I1F3,4,1,3,1,3,"(4,7,1,3)",40,ASSEMBLE+INSPECT,CUT=72/160;ASSEMBLE+INSPECT=216/440,true
C4A1T3I2F0,4,1,3,2,0,"(4,7,2,0)",67,INSPECT,CUT=72/268;ASSEMBLE=96/469;INSPECT=120/134,false
C4A1T3I2F1,4,1,3,2,1,"(4,7,2,1)",50,ASSEMBLE+INSPECT,CUT=72/200;ASSEMBLE+INSPECT=216/500,true
C4A1T3I2F2,4,1,3,2,2,"(4,7,2,2)",40,ASSEMBLE+INSPECT,CUT=72/160;ASSEMBLE+INSPECT=216/440,true
C4A1T3I2F3,4,1,3,2,3,"(4,7,2,3)",35,CUT|ASSEMBLE+INSPECT,CUT=72/140;ASSEMBLE+INSPECT=216/420,true
C4A1T3I3F0,4,1,3,3,0,"(4,7,3,0)",47,INSPECT,CUT=72/188;ASSEMBLE=96/329;INSPECT=120/141,false
C4A1T3I3F1,4,1,3,3,1,"(4,7,3,1)",40,ASSEMBLE+INSPECT,CUT=72/160;ASSEMBLE+INSPECT=216/440,true
C4A1T3I3F2,4,1,3,3,2,"(4,7,3,2)",35,CUT|ASSEMBLE+INSPECT,CUT=72/140;ASSEMBLE+INSPECT=216/420,true
C4A1T3I3F3,4,1,3,3,3,"(4,7,3,3)",31,CUT,CUT=72/124;ASSEMBLE+INSPECT=216/403,true
C4A1T3I4F0,4,1,3,4,0,"(4,7,4,0)",37,INSPECT,CUT=72/148;ASSEMBLE=96/259;INSPECT=120/148,false
C4A1T3I4F1,4,1,3,4,1,"(4,7,4,1)",33,CUT|ASSEMBLE+INSPECT,CUT=72/132;ASSEMBLE+INSPECT=216/396,true
C4A1T3I4F2,4,1,3,4,2,"(4,7,4,2)",30,CUT,CUT=72/120;ASSEMBLE+INSPECT=216/390,true
C4A1T3I4F3,4,1,3,4,3,"(4,7,4,3)",29,CUT,CUT=72/116;ASSEMBLE+INSPECT=216/406,true
C4A2T0I0F1,4,2,0,0,1,"(4,2,0,1)",127,ASSEMBLE+INSPECT,CUT=72/508;ASSEMBLE+INSPECT=216/381,true
C4A2T0I0F2,4,2,0,0,2,"(4,2,0,2)",75,ASSEMBLE+INSPECT,CUT=72/300;ASSEMBLE+INSPECT=216/300,true
C4A2T0I0F3,4,2,0,0,3,"(4,2,0,3)",55,ASSEMBLE+INSPECT,CUT=72/220;ASSEMBLE+INSPECT=216/275,true
C4A2T0I1F0,4,2,0,1,0,"(4,2,1,0)",127,INSPECT,CUT=72/508;ASSEMBLE=96/254;INSPECT=120/127,false
C4A2T0I1F1,4,2,0,1,1,"(4,2,1,1)",74,ASSEMBLE+INSPECT,CUT=72/296;ASSEMBLE+INSPECT=216/296,true
C4A2T0I1F2,4,2,0,1,2,"(4,2,1,2)",55,ASSEMBLE+INSPECT,CUT=72/220;ASSEMBLE+INSPECT=216/275,true
C4A2T0I1F3,4,2,0,1,3,"(4,2,1,3)",45,ASSEMBLE+INSPECT,CUT=72/180;ASSEMBLE+INSPECT=216/270,true
C4A2T0I2F0,4,2,0,2,0,"(4,2,2,0)",67,INSPECT,CUT=72/268;ASSEMBLE=96/134;INSPECT=120/134,false
C4A2T0I2F1,4,2,0,2,1,"(4,2,2,1)",53,ASSEMBLE+INSPECT,CUT=72/212;ASSEMBLE+INSPECT=216/265,true
C4A2T0I2F2,4,2,0,2,2,"(4,2,2,2)",44,ASSEMBLE+INSPECT,CUT=72/176;ASSEMBLE+INSPECT=216/264,true
C4A2T0I2F3,4,2,0,2,3,"(4,2,2,3)",39,ASSEMBLE+INSPECT,CUT=72/156;ASSEMBLE+INSPECT=216/273,true
C4A2T0I3F0,4,2,0,3,0,"(4,2,3,0)",57,ASSEMBLE,CUT=72/228;ASSEMBLE=96/114;INSPECT=120/171,false
C4A2T0I3F1,4,2,0,3,1,"(4,2,3,1)",47,ASSEMBLE+INSPECT,CUT=72/188;ASSEMBLE+INSPECT=216/282,true
C4A2T0I3F2,4,2,0,3,2,"(4,2,3,2)",40,ASSEMBLE+INSPECT,CUT=72/160;ASSEMBLE+INSPECT=216/280,true
C4A2T0I3F3,4,2,0,3,3,"(4,2,3,3)",36,ASSEMBLE+INSPECT,CUT=72/144;ASSEMBLE+INSPECT=216/288,true
C4A2T0I4F0,4,2,0,4,0,"(4,2,4,0)",56,ASSEMBLE,CUT=72/224;ASSEMBLE=96/112;INSPECT=120/224,false
C4A2T0I4F1,4,2,0,4,1,"(4,2,4,1)",44,ASSEMBLE+INSPECT,CUT=72/176;ASSEMBLE+INSPECT=216/308,true
C4A2T0I4F2,4,2,0,4,2,"(4,2,4,2)",38,ASSEMBLE+INSPECT,CUT=72/152;ASSEMBLE+INSPECT=216/304,true
C4A2T0I4F3,4,2,0,4,3,"(4,2,4,3)",34,ASSEMBLE+INSPECT,CUT=72/136;ASSEMBLE+INSPECT=216/306,true
C4A2T1I0F1,4,2,1,0,1,"(4,4,0,1)",130,ASSEMBLE+INSPECT,CUT=72/520;ASSEMBLE+INSPECT=216/650,true
C4A2T1I0F2,4,2,1,0,2,"(4,4,0,2)",70,ASSEMBLE+INSPECT,CUT=72/280;ASSEMBLE+INSPECT=216/420,true
C4A2T1I0F3,4,2,1,0,3,"(4,4,0,3)",50,ASSEMBLE+INSPECT,CUT=72/200;ASSEMBLE+INSPECT=216/350,true
C4A2T1I1F0,4,2,1,1,0,"(4,4,1,0)",127,INSPECT,CUT=72/508;ASSEMBLE=96/508;INSPECT=120/127,false
C4A2T1I1F1,4,2,1,1,1,"(4,4,1,1)",70,ASSEMBLE+INSPECT,CUT=72/280;ASSEMBLE+INSPECT=216/420,true
C4A2T1I1F2,4,2,1,1,2,"(4,4,1,2)",50,ASSEMBLE+INSPECT,CUT=72/200;ASSEMBLE+INSPECT=216/350,true
C4A2T1I1F3,4,2,1,1,3,"(4,4,1,3)",40,ASSEMBLE+INSPECT,CUT=72/160;ASSEMBLE+INSPECT=216/320,true
C4A2T1I2F0,4,2,1,2,0,"(4,4,2,0)",67,INSPECT,CUT=72/268;ASSEMBLE=96/268;INSPECT=120/134,false
C4A2T1I2F1,4,2,1,2,1,"(4,4,2,1)",50,ASSEMBLE+INSPECT,CUT=72/200;ASSEMBLE+INSPECT=216/350,true
C4A2T1I2F2,4,2,1,2,2,"(4,4,2,2)",40,ASSEMBLE+INSPECT,CUT=72/160;ASSEMBLE+INSPECT=216/320,true
C4A2T1I2F3,4,2,1,2,3,"(4,4,2,3)",35,ASSEMBLE+INSPECT,CUT=72/140;ASSEMBLE+INSPECT=216/315,true
C4A2T1I3F0,4,2,1,3,0,"(4,4,3,0)",47,INSPECT,CUT=72/188;ASSEMBLE=96/188;INSPECT=120/141,false
C4A2T1I3F1,4,2,1,3,1,"(4,4,3,1)",40,ASSEMBLE+INSPECT,CUT=72/160;ASSEMBLE+INSPECT=216/320,true
C4A2T1I3F2,4,2,1,3,2,"(4,4,3,2)",37,ASSEMBLE+INSPECT,CUT=72/148;ASSEMBLE+INSPECT=216/333,true
C4A2T1I3F3,4,2,1,3,3,"(4,4,3,3)",32,ASSEMBLE+INSPECT,CUT=72/128;ASSEMBLE+INSPECT=216/320,true
C4A2T1I4F0,4,2,1,4,0,"(4,4,4,0)",37,INSPECT,CUT=72/148;ASSEMBLE=96/148;INSPECT=120/148,false
C4A2T1I4F1,4,2,1,4,1,"(4,4,4,1)",34,ASSEMBLE+INSPECT,CUT=72/136;ASSEMBLE+INSPECT=216/306,true
C4A2T1I4F2,4,2,1,4,2,"(4,4,4,2)",32,ASSEMBLE+INSPECT,CUT=72/128;ASSEMBLE+INSPECT=216/320,true
C4A2T1I4F3,4,2,1,4,3,"(4,4,4,3)",29,ASSEMBLE+INSPECT,CUT=72/116;ASSEMBLE+INSPECT=216/319,true
C4A2T2I0F1,4,2,2,0,1,"(4,6,0,1)",130,ASSEMBLE+INSPECT,CUT=72/520;ASSEMBLE+INSPECT=216/910,true
C4A2T2I0F2,4,2,2,0,2,"(4,6,0,2)",70,ASSEMBLE+INSPECT,CUT=72/280;ASSEMBLE+INSPECT=216/560,true
C4A2T2I0F3,4,2,2,0,3,"(4,6,0,3)",50,ASSEMBLE+INSPECT,CUT=72/200;ASSEMBLE+INSPECT=216/450,true
C4A2T2I1F0,4,2,2,1,0,"(4,6,1,0)",127,INSPECT,CUT=72/508;ASSEMBLE=96/762;INSPECT=120/127,false
C4A2T2I1F1,4,2,2,1,1,"(4,6,1,1)",70,ASSEMBLE+INSPECT,CUT=72/280;ASSEMBLE+INSPECT=216/560,true
C4A2T2I1F2,4,2,2,1,2,"(4,6,1,2)",50,ASSEMBLE+INSPECT,CUT=72/200;ASSEMBLE+INSPECT=216/450,true
C4A2T2I1F3,4,2,2,1,3,"(4,6,1,3)",40,ASSEMBLE+INSPECT,CUT=72/160;ASSEMBLE+INSPECT=216/400,true
C4A2T2I2F0,4,2,2,2,0,"(4,6,2,0)",67,INSPECT,CUT=72/268;ASSEMBLE=96/402;INSPECT=120/134,false
C4A2T2I2F1,4,2,2,2,1,"(4,6,2,1)",50,ASSEMBLE+INSPECT,CUT=72/200;ASSEMBLE+INSPECT=216/450,true
C4A2T2I2F2,4,2,2,2,2,"(4,6,2,2)",40,ASSEMBLE+INSPECT,CUT=72/160;ASSEMBLE+INSPECT=216/400,true
C4A2T2I2F3,4,2,2,2,3,"(4,6,2,3)",35,ASSEMBLE+INSPECT,CUT=72/140;ASSEMBLE+INSPECT=216/385,true
C4A2T2I3F0,4,2,2,3,0,"(4,6,3,0)",47,INSPECT,CUT=72/188;ASSEMBLE=96/282;INSPECT=120/141,false
C4A2T2I3F1,4,2,2,3,1,"(4,6,3,1)",40,ASSEMBLE+INSPECT,CUT=72/160;ASSEMBLE+INSPECT=216/400,true
C4A2T2I3F2,4,2,2,3,2,"(4,6,3,2)",35,ASSEMBLE+INSPECT,CUT=72/140;ASSEMBLE+INSPECT=216/385,true
C4A2T2I3F3,4,2,2,3,3,"(4,6,3,3)",31,CUT|ASSEMBLE+INSPECT,CUT=72/124;ASSEMBLE+INSPECT=216/372,true
C4A2T2I4F0,4,2,2,4,0,"(4,6,4,0)",37,INSPECT,CUT=72/148;ASSEMBLE=96/222;INSPECT=120/148,false
C4A2T2I4F1,4,2,2,4,1,"(4,6,4,1)",33,ASSEMBLE+INSPECT,CUT=72/132;ASSEMBLE+INSPECT=216/363,true
C4A2T2I4F2,4,2,2,4,2,"(4,6,4,2)",30,CUT|ASSEMBLE+INSPECT,CUT=72/120;ASSEMBLE+INSPECT=216/360,true
C4A2T2I4F3,4,2,2,4,3,"(4,6,4,3)",29,CUT,CUT=72/116;ASSEMBLE+INSPECT=216/377,true
C4A2T3I0F1,4,2,3,0,1,"(4,8,0,1)",127,ASSEMBLE+INSPECT,CUT=72/508;ASSEMBLE+INSPECT=216/1143,false
C4A2T3I0F2,4,2,3,0,2,"(4,8,0,2)",67,ASSEMBLE+INSPECT,CUT=72/268;ASSEMBLE+INSPECT=216/670,false
C4A2T3I0F3,4,2,3,0,3,"(4,8,0,3)",47,ASSEMBLE+INSPECT,CUT=72/188;ASSEMBLE+INSPECT=216/517,false
C4A2T3I1F0,4,2,3,1,0,"(4,8,1,0)",127,INSPECT,CUT=72/508;ASSEMBLE=96/1016;INSPECT=120/127,false
C4A2T3I1F1,4,2,3,1,1,"(4,8,1,1)",67,ASSEMBLE+INSPECT,CUT=72/268;ASSEMBLE+INSPECT=216/670,false
C4A2T3I1F2,4,2,3,1,2,"(4,8,1,2)",47,ASSEMBLE+INSPECT,CUT=72/188;ASSEMBLE+INSPECT=216/517,false
C4A2T3I1F3,4,2,3,1,3,"(4,8,1,3)",37,CUT|ASSEMBLE+INSPECT,CUT=72/148;ASSEMBLE+INSPECT=216/444,false
C4A2T3I2F0,4,2,3,2,0,"(4,8,2,0)",67,INSPECT,CUT=72/268;ASSEMBLE=96/536;INSPECT=120/134,false
C4A2T3I2F1,4,2,3,2,1,"(4,8,2,1)",47,ASSEMBLE+INSPECT,CUT=72/188;ASSEMBLE+INSPECT=216/517,false
C4A2T3I2F2,4,2,3,2,2,"(4,8,2,2)",37,CUT|ASSEMBLE+INSPECT,CUT=72/148;ASSEMBLE+INSPECT=216/444,false
C4A2T3I2F3,4,2,3,2,3,"(4,8,2,3)",33,CUT,CUT=72/132;ASSEMBLE+INSPECT=216/429,false
C4A2T3I3F0,4,2,3,3,0,"(4,8,3,0)",47,INSPECT,CUT=72/188;ASSEMBLE=96/376;INSPECT=120/141,false
C4A2T3I3F1,4,2,3,3,1,"(4,8,3,1)",37,CUT|ASSEMBLE+INSPECT,CUT=72/148;ASSEMBLE+INSPECT=216/444,false
C4A2T3I3F2,4,2,3,3,2,"(4,8,3,2)",33,CUT,CUT=72/132;ASSEMBLE+INSPECT=216/429,false
C4A2T3I3F3,4,2,3,3,3,"(4,8,3,3)",30,CUT,CUT=72/120;ASSEMBLE+INSPECT=216/420,false
C4A2T3I4F0,4,2,3,4,0,"(4,8,4,0)",37,INSPECT,CUT=72/148;ASSEMBLE=96/296;INSPECT=120/148,false
C4A2T3I4F1,4,2,3,4,1,"(4,8,4,1)",33,CUT,CUT=72/132;ASSEMBLE+INSPECT=216/429,false
C4A2T3I4F2,4,2,3,4,2,"(4,8,4,2)",30,CUT,CUT=72/120;ASSEMBLE+INSPECT=216/420,false
C4A2T3I4F3,4,2,3,4,3,"(4,8,4,3)",29,CUT,CUT=72/116;ASSEMBLE+INSPECT=216/435,false
C4A3T0I0F1,4,3,0,0,1,"(4,3,0,1)",127,ASSEMBLE+INSPECT,CUT=72/508;ASSEMBLE+INSPECT=216/508,true
C4A3T0I0F2,4,3,0,0,2,"(4,3,0,2)",70,ASSEMBLE+INSPECT,CUT=72/280;ASSEMBLE+INSPECT=216/350,true
C4A3T0I0F3,4,3,0,0,3,"(4,3,0,3)",51,ASSEMBLE+INSPECT,CUT=72/204;ASSEMBLE+INSPECT=216/306,true
C4A3T0I1F0,4,3,0,1,0,"(4,3,1,0)",127,INSPECT,CUT=72/508;ASSEMBLE=96/381;INSPECT=120/127,false
C4A3T0I1F1,4,3,0,1,1,"(4,3,1,1)",67,ASSEMBLE+INSPECT,CUT=72/268;ASSEMBLE+INSPECT=216/335,true
C4A3T0I1F2,4,3,0,1,2,"(4,3,1,2)",52,ASSEMBLE+INSPECT,CUT=72/208;ASSEMBLE+INSPECT=216/312,true
C4A3T0I1F3,4,3,0,1,3,"(4,3,1,3)",44,ASSEMBLE+INSPECT,CUT=72/176;ASSEMBLE+INSPECT=216/308,true
C4A3T0I2F0,4,3,0,2,0,"(4,3,2,0)",67,INSPECT,CUT=72/268;ASSEMBLE=96/201;INSPECT=120/134,false
C4A3T0I2F1,4,3,0,2,1,"(4,3,2,1)",52,ASSEMBLE+INSPECT,CUT=72/208;ASSEMBLE+INSPECT=216/312,true
C4A3T0I2F2,4,3,0,2,2,"(4,3,2,2)",42,ASSEMBLE+INSPECT,CUT=72/168;ASSEMBLE+INSPECT=216/294,true
C4A3T0I2F3,4,3,0,2,3,"(4,3,2,3)",37,ASSEMBLE+INSPECT,CUT=72/148;ASSEMBLE+INSPECT=216/296,true
C4A3T0I3F0,4,3,0,3,0,"(4,3,3,0)",47,INSPECT,CUT=72/188;ASSEMBLE=96/141;INSPECT=120/141,false
C4A3T0I3F1,4,3,0,3,1,"(4,3,3,1)",42,ASSEMBLE+INSPECT,CUT=72/168;ASSEMBLE+INSPECT=216/294,true
C4A3T0I3F2,4,3,0,3,2,"(4,3,3,2)",37,ASSEMBLE+INSPECT,CUT=72/148;ASSEMBLE+INSPECT=216/296,true
C4A3T0I3F3,4,3,0,3,3,"(4,3,3,3)",33,ASSEMBLE+INSPECT,CUT=72/132;ASSEMBLE+INSPECT=216/297,true
C4A3T0I4F0,4,3,0,4,0,"(4,3,4,0)",42,ASSEMBLE,CUT=72/168;ASSEMBLE=96/126;INSPECT=120/168,false
C4A3T0I4F1,4,3,0,4,1,"(4,3,4,1)",37,ASSEMBLE+INSPECT,CUT=72/148;ASSEMBLE+INSPECT=216/296,true
C4A3T0I4F2,4,3,0,4,2,"(4,3,4,2)",33,ASSEMBLE+INSPECT,CUT=72/132;ASSEMBLE+INSPECT=216/297,true
C4A3T0I4F3,4,3,0,4,3,"(4,3,4,3)",32,ASSEMBLE+INSPECT,CUT=72/128;ASSEMBLE+INSPECT=216/320,true
C4A3T1I0F1,4,3,1,0,1,"(4,5,0,1)",130,ASSEMBLE+INSPECT,CUT=72/520;ASSEMBLE+INSPECT=216/780,true
C4A3T1I0F2,4,3,1,0,2,"(4,5,0,2)",70,ASSEMBLE+INSPECT,CUT=72/280;ASSEMBLE+INSPECT=216/490,true
C4A3T1I0F3,4,3,1,0,3,"(4,5,0,3)",50,ASSEMBLE+INSPECT,CUT=72/200;ASSEMBLE+INSPECT=216/400,true
C4A3T1I1F0,4,3,1,1,0,"(4,5,1,0)",127,INSPECT,CUT=72/508;ASSEMBLE=96/635;INSPECT=120/127,false
C4A3T1I1F1,4,3,1,1,1,"(4,5,1,1)",70,ASSEMBLE+INSPECT,CUT=72/280;ASSEMBLE+INSPECT=216/490,true
C4A3T1I1F2,4,3,1,1,2,"(4,5,1,2)",50,ASSEMBLE+INSPECT,CUT=72/200;ASSEMBLE+INSPECT=216/400,true
C4A3T1I1F3,4,3,1,1,3,"(4,5,1,3)",40,ASSEMBLE+INSPECT,CUT=72/160;ASSEMBLE+INSPECT=216/360,true
C4A3T1I2F0,4,3,1,2,0,"(4,5,2,0)",67,INSPECT,CUT=72/268;ASSEMBLE=96/335;INSPECT=120/134,false
C4A3T1I2F1,4,3,1,2,1,"(4,5,2,1)",50,ASSEMBLE+INSPECT,CUT=72/200;ASSEMBLE+INSPECT=216/400,true
C4A3T1I2F2,4,3,1,2,2,"(4,5,2,2)",40,ASSEMBLE+INSPECT,CUT=72/160;ASSEMBLE+INSPECT=216/360,true
C4A3T1I2F3,4,3,1,2,3,"(4,5,2,3)",35,ASSEMBLE+INSPECT,CUT=72/140;ASSEMBLE+INSPECT=216/350,true
C4A3T1I3F0,4,3,1,3,0,"(4,5,3,0)",47,INSPECT,CUT=72/188;ASSEMBLE=96/235;INSPECT=120/141,false
C4A3T1I3F1,4,3,1,3,1,"(4,5,3,1)",40,ASSEMBLE+INSPECT,CUT=72/160;ASSEMBLE+INSPECT=216/360,true
C4A3T1I3F2,4,3,1,3,2,"(4,5,3,2)",35,ASSEMBLE+INSPECT,CUT=72/140;ASSEMBLE+INSPECT=216/350,true
C4A3T1I3F3,4,3,1,3,3,"(4,5,3,3)",32,ASSEMBLE+INSPECT,CUT=72/128;ASSEMBLE+INSPECT=216/352,true
C4A3T1I4F0,4,3,1,4,0,"(4,5,4,0)",37,INSPECT,CUT=72/148;ASSEMBLE=96/185;INSPECT=120/148,false
C4A3T1I4F1,4,3,1,4,1,"(4,5,4,1)",33,ASSEMBLE+INSPECT,CUT=72/132;ASSEMBLE+INSPECT=216/330,true
C4A3T1I4F2,4,3,1,4,2,"(4,5,4,2)",32,ASSEMBLE+INSPECT,CUT=72/128;ASSEMBLE+INSPECT=216/352,true
C4A3T1I4F3,4,3,1,4,3,"(4,5,4,3)",29,CUT|ASSEMBLE+INSPECT,CUT=72/116;ASSEMBLE+INSPECT=216/348,true
C4A3T2I0F1,4,3,2,0,1,"(4,7,0,1)",130,ASSEMBLE+INSPECT,CUT=72/520;ASSEMBLE+INSPECT=216/1040,true
C4A3T2I0F2,4,3,2,0,2,"(4,7,0,2)",70,ASSEMBLE+INSPECT,CUT=72/280;ASSEMBLE+INSPECT=216/630,true
C4A3T2I0F3,4,3,2,0,3,"(4,7,0,3)",50,ASSEMBLE+INSPECT,CUT=72/200;ASSEMBLE+INSPECT=216/500,true
C4A3T2I1F0,4,3,2,1,0,"(4,7,1,0)",127,INSPECT,CUT=72/508;ASSEMBLE=96/889;INSPECT=120/127,false
C4A3T2I1F1,4,3,2,1,1,"(4,7,1,1)",70,ASSEMBLE+INSPECT,CUT=72/280;ASSEMBLE+INSPECT=216/630,true
C4A3T2I1F2,4,3,2,1,2,"(4,7,1,2)",50,ASSEMBLE+INSPECT,CUT=72/200;ASSEMBLE+INSPECT=216/500,true
C4A3T2I1F3,4,3,2,1,3,"(4,7,1,3)",40,ASSEMBLE+INSPECT,CUT=72/160;ASSEMBLE+INSPECT=216/440,true
C4A3T2I2F0,4,3,2,2,0,"(4,7,2,0)",67,INSPECT,CUT=72/268;ASSEMBLE=96/469;INSPECT=120/134,false
C4A3T2I2F1,4,3,2,2,1,"(4,7,2,1)",50,ASSEMBLE+INSPECT,CUT=72/200;ASSEMBLE+INSPECT=216/500,true
C4A3T2I2F2,4,3,2,2,2,"(4,7,2,2)",40,ASSEMBLE+INSPECT,CUT=72/160;ASSEMBLE+INSPECT=216/440,true
C4A3T2I2F3,4,3,2,2,3,"(4,7,2,3)",35,CUT|ASSEMBLE+INSPECT,CUT=72/140;ASSEMBLE+INSPECT=216/420,true
C4A3T2I3F0,4,3,2,3,0,"(4,7,3,0)",47,INSPECT,CUT=72/188;ASSEMBLE=96/329;INSPECT=120/141,false
C4A3T2I3F1,4,3,2,3,1,"(4,7,3,1)",40,ASSEMBLE+INSPECT,CUT=72/160;ASSEMBLE+INSPECT=216/440,true
C4A3T2I3F2,4,3,2,3,2,"(4,7,3,2)",35,CUT|ASSEMBLE+INSPECT,CUT=72/140;ASSEMBLE+INSPECT=216/420,true
C4A3T2I3F3,4,3,2,3,3,"(4,7,3,3)",31,CUT,CUT=72/124;ASSEMBLE+INSPECT=216/403,true
C4A3T2I4F0,4,3,2,4,0,"(4,7,4,0)",37,INSPECT,CUT=72/148;ASSEMBLE=96/259;INSPECT=120/148,false
C4A3T2I4F1,4,3,2,4,1,"(4,7,4,1)",33,CUT|ASSEMBLE+INSPECT,CUT=72/132;ASSEMBLE+INSPECT=216/396,true
C4A3T2I4F2,4,3,2,4,2,"(4,7,4,2)",30,CUT,CUT=72/120;ASSEMBLE+INSPECT=216/390,true
C4A3T2I4F3,4,3,2,4,3,"(4,7,4,3)",29,CUT,CUT=72/116;ASSEMBLE+INSPECT=216/406,true
C4A3T3I0F1,4,3,3,0,1,"(4,9,0,1)",127,ASSEMBLE+INSPECT,CUT=72/508;ASSEMBLE+INSPECT=216/1270,false
C4A3T3I0F2,4,3,3,0,2,"(4,9,0,2)",67,ASSEMBLE+INSPECT,CUT=72/268;ASSEMBLE+INSPECT=216/737,false
C4A3T3I0F3,4,3,3,0,3,"(4,9,0,3)",47,CUT|ASSEMBLE+INSPECT,CUT=72/188;ASSEMBLE+INSPECT=216/564,false
C4A3T3I1F0,4,3,3,1,0,"(4,9,1,0)",127,INSPECT,CUT=72/508;ASSEMBLE=96/1143;INSPECT=120/127,false
C4A3T3I1F1,4,3,3,1,1,"(4,9,1,1)",67,ASSEMBLE+INSPECT,CUT=72/268;ASSEMBLE+INSPECT=216/737,false
C4A3T3I1F2,4,3,3,1,2,"(4,9,1,2)",47,CUT|ASSEMBLE+INSPECT,CUT=72/188;ASSEMBLE+INSPECT=216/564,false
C4A3T3I1F3,4,3,3,1,3,"(4,9,1,3)",37,CUT,CUT=72/148;ASSEMBLE+INSPECT=216/481,false
C4A3T3I2F0,4,3,3,2,0,"(4,9,2,0)",67,INSPECT,CUT=72/268;ASSEMBLE=96/603;INSPECT=120/134,false
C4A3T3I2F1,4,3,3,2,1,"(4,9,2,1)",47,CUT|ASSEMBLE+INSPECT,CUT=72/188;ASSEMBLE+INSPECT=216/564,false
C4A3T3I2F2,4,3,3,2,2,"(4,9,2,2)",37,CUT,CUT=72/148;ASSEMBLE+INSPECT=216/481,false
C4A3T3I2F3,4,3,3,2,3,"(4,9,2,3)",33,CUT,CUT=72/132;ASSEMBLE+INSPECT=216/462,false
C4A3T3I3F0,4,3,3,3,0,"(4,9,3,0)",47,INSPECT,CUT=72/188;ASSEMBLE=96/423;INSPECT=120/141,false
C4A3T3I3F1,4,3,3,3,1,"(4,9,3,1)",37,CUT,CUT=72/148;ASSEMBLE+INSPECT=216/481,false
C4A3T3I3F2,4,3,3,3,2,"(4,9,3,2)",33,CUT,CUT=72/132;ASSEMBLE+INSPECT=216/462,false
C4A3T3I3F3,4,3,3,3,3,"(4,9,3,3)",30,CUT,CUT=72/120;ASSEMBLE+INSPECT=216/450,false
C4A3T3I4F0,4,3,3,4,0,"(4,9,4,0)",37,INSPECT,CUT=72/148;ASSEMBLE=96/333;INSPECT=120/148,false
C4A3T3I4F1,4,3,3,4,1,"(4,9,4,1)",33,CUT,CUT=72/132;ASSEMBLE+INSPECT=216/462,false
C4A3T3I4F2,4,3,3,4,2,"(4,9,4,2)",30,CUT,CUT=72/120;ASSEMBLE+INSPECT=216/450,false
C4A3T3I4F3,4,3,3,4,3,"(4,9,4,3)",29,CUT,CUT=72/116;ASSEMBLE+INSPECT=216/464,false
C4A4T0I0F1,4,4,0,0,1,"(4,4,0,1)",130,ASSEMBLE+INSPECT,CUT=72/520;ASSEMBLE+INSPECT=216/650,true
C4A4T0I0F2,4,4,0,0,2,"(4,4,0,2)",70,ASSEMBLE+INSPECT,CUT=72/280;ASSEMBLE+INSPECT=216/420,true
C4A4T0I0F3,4,4,0,0,3,"(4,4,0,3)",50,ASSEMBLE+INSPECT,CUT=72/200;ASSEMBLE+INSPECT=216/350,true
C4A4T0I1F0,4,4,0,1,0,"(4,4,1,0)",127,INSPECT,CUT=72/508;ASSEMBLE=96/508;INSPECT=120/127,false
C4A4T0I1F1,4,4,0,1,1,"(4,4,1,1)",70,ASSEMBLE+INSPECT,CUT=72/280;ASSEMBLE+INSPECT=216/420,true
C4A4T0I1F2,4,4,0,1,2,"(4,4,1,2)",50,ASSEMBLE+INSPECT,CUT=72/200;ASSEMBLE+INSPECT=216/350,true
C4A4T0I1F3,4,4,0,1,3,"(4,4,1,3)",40,ASSEMBLE+INSPECT,CUT=72/160;ASSEMBLE+INSPECT=216/320,true
C4A4T0I2F0,4,4,0,2,0,"(4,4,2,0)",67,INSPECT,CUT=72/268;ASSEMBLE=96/268;INSPECT=120/134,false
C4A4T0I2F1,4,4,0,2,1,"(4,4,2,1)",50,ASSEMBLE+INSPECT,CUT=72/200;ASSEMBLE+INSPECT=216/350,true
C4A4T0I2F2,4,4,0,2,2,"(4,4,2,2)",40,ASSEMBLE+INSPECT,CUT=72/160;ASSEMBLE+INSPECT=216/320,true
C4A4T0I2F3,4,4,0,2,3,"(4,4,2,3)",35,ASSEMBLE+INSPECT,CUT=72/140;ASSEMBLE+INSPECT=216/315,true
C4A4T0I3F0,4,4,0,3,0,"(4,4,3,0)",47,INSPECT,CUT=72/188;ASSEMBLE=96/188;INSPECT=120/141,false
C4A4T0I3F1,4,4,0,3,1,"(4,4,3,1)",40,ASSEMBLE+INSPECT,CUT=72/160;ASSEMBLE+INSPECT=216/320,true
C4A4T0I3F2,4,4,0,3,2,"(4,4,3,2)",37,ASSEMBLE+INSPECT,CUT=72/148;ASSEMBLE+INSPECT=216/333,true
C4A4T0I3F3,4,4,0,3,3,"(4,4,3,3)",32,ASSEMBLE+INSPECT,CUT=72/128;ASSEMBLE+INSPECT=216/320,true
C4A4T0I4F0,4,4,0,4,0,"(4,4,4,0)",37,INSPECT,CUT=72/148;ASSEMBLE=96/148;INSPECT=120/148,false
C4A4T0I4F1,4,4,0,4,1,"(4,4,4,1)",34,ASSEMBLE+INSPECT,CUT=72/136;ASSEMBLE+INSPECT=216/306,true
C4A4T0I4F2,4,4,0,4,2,"(4,4,4,2)",32,ASSEMBLE+INSPECT,CUT=72/128;ASSEMBLE+INSPECT=216/320,true
C4A4T0I4F3,4,4,0,4,3,"(4,4,4,3)",29,ASSEMBLE+INSPECT,CUT=72/116;ASSEMBLE+INSPECT=216/319,true
C4A4T1I0F1,4,4,1,0,1,"(4,6,0,1)",130,ASSEMBLE+INSPECT,CUT=72/520;ASSEMBLE+INSPECT=216/910,true
C4A4T1I0F2,4,4,1,0,2,"(4,6,0,2)",70,ASSEMBLE+INSPECT,CUT=72/280;ASSEMBLE+INSPECT=216/560,true
C4A4T1I0F3,4,4,1,0,3,"(4,6,0,3)",50,ASSEMBLE+INSPECT,CUT=72/200;ASSEMBLE+INSPECT=216/450,true
C4A4T1I1F0,4,4,1,1,0,"(4,6,1,0)",127,INSPECT,CUT=72/508;ASSEMBLE=96/762;INSPECT=120/127,false
C4A4T1I1F1,4,4,1,1,1,"(4,6,1,1)",70,ASSEMBLE+INSPECT,CUT=72/280;ASSEMBLE+INSPECT=216/560,true
C4A4T1I1F2,4,4,1,1,2,"(4,6,1,2)",50,ASSEMBLE+INSPECT,CUT=72/200;ASSEMBLE+INSPECT=216/450,true
C4A4T1I1F3,4,4,1,1,3,"(4,6,1,3)",40,ASSEMBLE+INSPECT,CUT=72/160;ASSEMBLE+INSPECT=216/400,true
C4A4T1I2F0,4,4,1,2,0,"(4,6,2,0)",67,INSPECT,CUT=72/268;ASSEMBLE=96/402;INSPECT=120/134,false
C4A4T1I2F1,4,4,1,2,1,"(4,6,2,1)",50,ASSEMBLE+INSPECT,CUT=72/200;ASSEMBLE+INSPECT=216/450,true
C4A4T1I2F2,4,4,1,2,2,"(4,6,2,2)",40,ASSEMBLE+INSPECT,CUT=72/160;ASSEMBLE+INSPECT=216/400,true
C4A4T1I2F3,4,4,1,2,3,"(4,6,2,3)",35,ASSEMBLE+INSPECT,CUT=72/140;ASSEMBLE+INSPECT=216/385,true
C4A4T1I3F0,4,4,1,3,0,"(4,6,3,0)",47,INSPECT,CUT=72/188;ASSEMBLE=96/282;INSPECT=120/141,false
C4A4T1I3F1,4,4,1,3,1,"(4,6,3,1)",40,ASSEMBLE+INSPECT,CUT=72/160;ASSEMBLE+INSPECT=216/400,true
C4A4T1I3F2,4,4,1,3,2,"(4,6,3,2)",35,ASSEMBLE+INSPECT,CUT=72/140;ASSEMBLE+INSPECT=216/385,true
C4A4T1I3F3,4,4,1,3,3,"(4,6,3,3)",31,CUT|ASSEMBLE+INSPECT,CUT=72/124;ASSEMBLE+INSPECT=216/372,true
C4A4T1I4F0,4,4,1,4,0,"(4,6,4,0)",37,INSPECT,CUT=72/148;ASSEMBLE=96/222;INSPECT=120/148,false
C4A4T1I4F1,4,4,1,4,1,"(4,6,4,1)",33,ASSEMBLE+INSPECT,CUT=72/132;ASSEMBLE+INSPECT=216/363,true
C4A4T1I4F2,4,4,1,4,2,"(4,6,4,2)",30,CUT|ASSEMBLE+INSPECT,CUT=72/120;ASSEMBLE+INSPECT=216/360,true
C4A4T1I4F3,4,4,1,4,3,"(4,6,4,3)",29,CUT,CUT=72/116;ASSEMBLE+INSPECT=216/377,true
C4A4T2I0F1,4,4,2,0,1,"(4,8,0,1)",127,ASSEMBLE+INSPECT,CUT=72/508;ASSEMBLE+INSPECT=216/1143,false
C4A4T2I0F2,4,4,2,0,2,"(4,8,0,2)",67,ASSEMBLE+INSPECT,CUT=72/268;ASSEMBLE+INSPECT=216/670,false
C4A4T2I0F3,4,4,2,0,3,"(4,8,0,3)",47,ASSEMBLE+INSPECT,CUT=72/188;ASSEMBLE+INSPECT=216/517,false
C4A4T2I1F0,4,4,2,1,0,"(4,8,1,0)",127,INSPECT,CUT=72/508;ASSEMBLE=96/1016;INSPECT=120/127,false
C4A4T2I1F1,4,4,2,1,1,"(4,8,1,1)",67,ASSEMBLE+INSPECT,CUT=72/268;ASSEMBLE+INSPECT=216/670,false
C4A4T2I1F2,4,4,2,1,2,"(4,8,1,2)",47,ASSEMBLE+INSPECT,CUT=72/188;ASSEMBLE+INSPECT=216/517,false
C4A4T2I1F3,4,4,2,1,3,"(4,8,1,3)",37,CUT|ASSEMBLE+INSPECT,CUT=72/148;ASSEMBLE+INSPECT=216/444,false
C4A4T2I2F0,4,4,2,2,0,"(4,8,2,0)",67,INSPECT,CUT=72/268;ASSEMBLE=96/536;INSPECT=120/134,false
C4A4T2I2F1,4,4,2,2,1,"(4,8,2,1)",47,ASSEMBLE+INSPECT,CUT=72/188;ASSEMBLE+INSPECT=216/517,false
C4A4T2I2F2,4,4,2,2,2,"(4,8,2,2)",37,CUT|ASSEMBLE+INSPECT,CUT=72/148;ASSEMBLE+INSPECT=216/444,false
C4A4T2I2F3,4,4,2,2,3,"(4,8,2,3)",33,CUT,CUT=72/132;ASSEMBLE+INSPECT=216/429,false
C4A4T2I3F0,4,4,2,3,0,"(4,8,3,0)",47,INSPECT,CUT=72/188;ASSEMBLE=96/376;INSPECT=120/141,false
C4A4T2I3F1,4,4,2,3,1,"(4,8,3,1)",37,CUT|ASSEMBLE+INSPECT,CUT=72/148;ASSEMBLE+INSPECT=216/444,false
C4A4T2I3F2,4,4,2,3,2,"(4,8,3,2)",33,CUT,CUT=72/132;ASSEMBLE+INSPECT=216/429,false
C4A4T2I3F3,4,4,2,3,3,"(4,8,3,3)",30,CUT,CUT=72/120;ASSEMBLE+INSPECT=216/420,false
C4A4T2I4F0,4,4,2,4,0,"(4,8,4,0)",37,INSPECT,CUT=72/148;ASSEMBLE=96/296;INSPECT=120/148,false
C4A4T2I4F1,4,4,2,4,1,"(4,8,4,1)",33,CUT,CUT=72/132;ASSEMBLE+INSPECT=216/429,false
C4A4T2I4F2,4,4,2,4,2,"(4,8,4,2)",30,CUT,CUT=72/120;ASSEMBLE+INSPECT=216/420,false
C4A4T2I4F3,4,4,2,4,3,"(4,8,4,3)",29,CUT,CUT=72/116;ASSEMBLE+INSPECT=216/435,false
C4A4T3I0F1,4,4,3,0,1,"(4,10,0,1)",127,ASSEMBLE+INSPECT,CUT=72/508;ASSEMBLE+INSPECT=216/1397,false
C4A4T3I0F2,4,4,3,0,2,"(4,10,0,2)",67,CUT|ASSEMBLE+INSPECT,CUT=72/268;ASSEMBLE+INSPECT=216/804,false
C4A4T3I0F3,4,4,3,0,3,"(4,10,0,3)",47,CUT,CUT=72/188;ASSEMBLE+INSPECT=216/611,false
C4A4T3I1F0,4,4,3,1,0,"(4,10,1,0)",127,INSPECT,CUT=72/508;ASSEMBLE=96/1270;INSPECT=120/127,false
C4A4T3I1F1,4,4,3,1,1,"(4,10,1,1)",67,CUT|ASSEMBLE+INSPECT,CUT=72/268;ASSEMBLE+INSPECT=216/804,false
C4A4T3I1F2,4,4,3,1,2,"(4,10,1,2)",47,CUT,CUT=72/188;ASSEMBLE+INSPECT=216/611,false
C4A4T3I1F3,4,4,3,1,3,"(4,10,1,3)",37,CUT,CUT=72/148;ASSEMBLE+INSPECT=216/518,false
C4A4T3I2F0,4,4,3,2,0,"(4,10,2,0)",67,INSPECT,CUT=72/268;ASSEMBLE=96/670;INSPECT=120/134,false
C4A4T3I2F1,4,4,3,2,1,"(4,10,2,1)",47,CUT,CUT=72/188;ASSEMBLE+INSPECT=216/611,false
C4A4T3I2F2,4,4,3,2,2,"(4,10,2,2)",37,CUT,CUT=72/148;ASSEMBLE+INSPECT=216/518,false
C4A4T3I2F3,4,4,3,2,3,"(4,10,2,3)",33,CUT,CUT=72/132;ASSEMBLE+INSPECT=216/495,false
C4A4T3I3F0,4,4,3,3,0,"(4,10,3,0)",47,INSPECT,CUT=72/188;ASSEMBLE=96/470;INSPECT=120/141,false
C4A4T3I3F1,4,4,3,3,1,"(4,10,3,1)",37,CUT,CUT=72/148;ASSEMBLE+INSPECT=216/518,false
C4A4T3I3F2,4,4,3,3,2,"(4,10,3,2)",33,CUT,CUT=72/132;ASSEMBLE+INSPECT=216/495,false
C4A4T3I3F3,4,4,3,3,3,"(4,10,3,3)",30,CUT,CUT=72/120;ASSEMBLE+INSPECT=216/480,false
C4A4T3I4F0,4,4,3,4,0,"(4,10,4,0)",37,INSPECT,CUT=72/148;ASSEMBLE=96/370;INSPECT=120/148,false
C4A4T3I4F1,4,4,3,4,1,"(4,10,4,1)",33,CUT,CUT=72/132;ASSEMBLE+INSPECT=216/495,false
C4A4T3I4F2,4,4,3,4,2,"(4,10,4,2)",30,CUT,CUT=72/120;ASSEMBLE+INSPECT=216/480,false
C4A4T3I4F3,4,4,3,4,3,"(4,10,4,3)",29,CUT,CUT=72/116;ASSEMBLE+INSPECT=216/493,false
C4A5T0I0F1,4,5,0,0,1,"(4,5,0,1)",130,ASSEMBLE+INSPECT,CUT=72/520;ASSEMBLE+INSPECT=216/780,true
C4A5T0I0F2,4,5,0,0,2,"(4,5,0,2)",70,ASSEMBLE+INSPECT,CUT=72/280;ASSEMBLE+INSPECT=216/490,true
C4A5T0I0F3,4,5,0,0,3,"(4,5,0,3)",50,ASSEMBLE+INSPECT,CUT=72/200;ASSEMBLE+INSPECT=216/400,true
C4A5T0I1F0,4,5,0,1,0,"(4,5,1,0)",127,INSPECT,CUT=72/508;ASSEMBLE=96/635;INSPECT=120/127,false
C4A5T0I1F1,4,5,0,1,1,"(4,5,1,1)",70,ASSEMBLE+INSPECT,CUT=72/280;ASSEMBLE+INSPECT=216/490,true
C4A5T0I1F2,4,5,0,1,2,"(4,5,1,2)",50,ASSEMBLE+INSPECT,CUT=72/200;ASSEMBLE+INSPECT=216/400,true
C4A5T0I1F3,4,5,0,1,3,"(4,5,1,3)",40,ASSEMBLE+INSPECT,CUT=72/160;ASSEMBLE+INSPECT=216/360,true
C4A5T0I2F0,4,5,0,2,0,"(4,5,2,0)",67,INSPECT,CUT=72/268;ASSEMBLE=96/335;INSPECT=120/134,false
C4A5T0I2F1,4,5,0,2,1,"(4,5,2,1)",50,ASSEMBLE+INSPECT,CUT=72/200;ASSEMBLE+INSPECT=216/400,true
C4A5T0I2F2,4,5,0,2,2,"(4,5,2,2)",40,ASSEMBLE+INSPECT,CUT=72/160;ASSEMBLE+INSPECT=216/360,true
C4A5T0I2F3,4,5,0,2,3,"(4,5,2,3)",35,ASSEMBLE+INSPECT,CUT=72/140;ASSEMBLE+INSPECT=216/350,true
C4A5T0I3F0,4,5,0,3,0,"(4,5,3,0)",47,INSPECT,CUT=72/188;ASSEMBLE=96/235;INSPECT=120/141,false
C4A5T0I3F1,4,5,0,3,1,"(4,5,3,1)",40,ASSEMBLE+INSPECT,CUT=72/160;ASSEMBLE+INSPECT=216/360,true
C4A5T0I3F2,4,5,0,3,2,"(4,5,3,2)",35,ASSEMBLE+INSPECT,CUT=72/140;ASSEMBLE+INSPECT=216/350,true
C4A5T0I3F3,4,5,0,3,3,"(4,5,3,3)",32,ASSEMBLE+INSPECT,CUT=72/128;ASSEMBLE+INSPECT=216/352,true
C4A5T0I4F0,4,5,0,4,0,"(4,5,4,0)",37,INSPECT,CUT=72/148;ASSEMBLE=96/185;INSPECT=120/148,false
C4A5T0I4F1,4,5,0,4,1,"(4,5,4,1)",33,ASSEMBLE+INSPECT,CUT=72/132;ASSEMBLE+INSPECT=216/330,true
C4A5T0I4F2,4,5,0,4,2,"(4,5,4,2)",32,ASSEMBLE+INSPECT,CUT=72/128;ASSEMBLE+INSPECT=216/352,true
C4A5T0I4F3,4,5,0,4,3,"(4,5,4,3)",29,CUT|ASSEMBLE+INSPECT,CUT=72/116;ASSEMBLE+INSPECT=216/348,true
C4A5T1I0F1,4,5,1,0,1,"(4,7,0,1)",130,ASSEMBLE+INSPECT,CUT=72/520;ASSEMBLE+INSPECT=216/1040,true
C4A5T1I0F2,4,5,1,0,2,"(4,7,0,2)",70,ASSEMBLE+INSPECT,CUT=72/280;ASSEMBLE+INSPECT=216/630,true
C4A5T1I0F3,4,5,1,0,3,"(4,7,0,3)",50,ASSEMBLE+INSPECT,CUT=72/200;ASSEMBLE+INSPECT=216/500,true
C4A5T1I1F0,4,5,1,1,0,"(4,7,1,0)",127,INSPECT,CUT=72/508;ASSEMBLE=96/889;INSPECT=120/127,false
C4A5T1I1F1,4,5,1,1,1,"(4,7,1,1)",70,ASSEMBLE+INSPECT,CUT=72/280;ASSEMBLE+INSPECT=216/630,true
C4A5T1I1F2,4,5,1,1,2,"(4,7,1,2)",50,ASSEMBLE+INSPECT,CUT=72/200;ASSEMBLE+INSPECT=216/500,true
C4A5T1I1F3,4,5,1,1,3,"(4,7,1,3)",40,ASSEMBLE+INSPECT,CUT=72/160;ASSEMBLE+INSPECT=216/440,true
C4A5T1I2F0,4,5,1,2,0,"(4,7,2,0)",67,INSPECT,CUT=72/268;ASSEMBLE=96/469;INSPECT=120/134,false
C4A5T1I2F1,4,5,1,2,1,"(4,7,2,1)",50,ASSEMBLE+INSPECT,CUT=72/200;ASSEMBLE+INSPECT=216/500,true
C4A5T1I2F2,4,5,1,2,2,"(4,7,2,2)",40,ASSEMBLE+INSPECT,CUT=72/160;ASSEMBLE+INSPECT=216/440,true
C4A5T1I2F3,4,5,1,2,3,"(4,7,2,3)",35,CUT|ASSEMBLE+INSPECT,CUT=72/140;ASSEMBLE+INSPECT=216/420,true
C4A5T1I3F0,4,5,1,3,0,"(4,7,3,0)",47,INSPECT,CUT=72/188;ASSEMBLE=96/329;INSPECT=120/141,false
C4A5T1I3F1,4,5,1,3,1,"(4,7,3,1)",40,ASSEMBLE+INSPECT,CUT=72/160;ASSEMBLE+INSPECT=216/440,true
C4A5T1I3F2,4,5,1,3,2,"(4,7,3,2)",35,CUT|ASSEMBLE+INSPECT,CUT=72/140;ASSEMBLE+INSPECT=216/420,true
C4A5T1I3F3,4,5,1,3,3,"(4,7,3,3)",31,CUT,CUT=72/124;ASSEMBLE+INSPECT=216/403,true
C4A5T1I4F0,4,5,1,4,0,"(4,7,4,0)",37,INSPECT,CUT=72/148;ASSEMBLE=96/259;INSPECT=120/148,false
C4A5T1I4F1,4,5,1,4,1,"(4,7,4,1)",33,CUT|ASSEMBLE+INSPECT,CUT=72/132;ASSEMBLE+INSPECT=216/396,true
C4A5T1I4F2,4,5,1,4,2,"(4,7,4,2)",30,CUT,CUT=72/120;ASSEMBLE+INSPECT=216/390,true
C4A5T1I4F3,4,5,1,4,3,"(4,7,4,3)",29,CUT,CUT=72/116;ASSEMBLE+INSPECT=216/406,true
C4A5T2I0F1,4,5,2,0,1,"(4,9,0,1)",127,ASSEMBLE+INSPECT,CUT=72/508;ASSEMBLE+INSPECT=216/1270,false
C4A5T2I0F2,4,5,2,0,2,"(4,9,0,2)",67,ASSEMBLE+INSPECT,CUT=72/268;ASSEMBLE+INSPECT=216/737,false
C4A5T2I0F3,4,5,2,0,3,"(4,9,0,3)",47,CUT|ASSEMBLE+INSPECT,CUT=72/188;ASSEMBLE+INSPECT=216/564,false
C4A5T2I1F0,4,5,2,1,0,"(4,9,1,0)",127,INSPECT,CUT=72/508;ASSEMBLE=96/1143;INSPECT=120/127,false
C4A5T2I1F1,4,5,2,1,1,"(4,9,1,1)",67,ASSEMBLE+INSPECT,CUT=72/268;ASSEMBLE+INSPECT=216/737,false
C4A5T2I1F2,4,5,2,1,2,"(4,9,1,2)",47,CUT|ASSEMBLE+INSPECT,CUT=72/188;ASSEMBLE+INSPECT=216/564,false
C4A5T2I1F3,4,5,2,1,3,"(4,9,1,3)",37,CUT,CUT=72/148;ASSEMBLE+INSPECT=216/481,false
C4A5T2I2F0,4,5,2,2,0,"(4,9,2,0)",67,INSPECT,CUT=72/268;ASSEMBLE=96/603;INSPECT=120/134,false
C4A5T2I2F1,4,5,2,2,1,"(4,9,2,1)",47,CUT|ASSEMBLE+INSPECT,CUT=72/188;ASSEMBLE+INSPECT=216/564,false
C4A5T2I2F2,4,5,2,2,2,"(4,9,2,2)",37,CUT,CUT=72/148;ASSEMBLE+INSPECT=216/481,false
C4A5T2I2F3,4,5,2,2,3,"(4,9,2,3)",33,CUT,CUT=72/132;ASSEMBLE+INSPECT=216/462,false
C4A5T2I3F0,4,5,2,3,0,"(4,9,3,0)",47,INSPECT,CUT=72/188;ASSEMBLE=96/423;INSPECT=120/141,false
C4A5T2I3F1,4,5,2,3,1,"(4,9,3,1)",37,CUT,CUT=72/148;ASSEMBLE+INSPECT=216/481,false
C4A5T2I3F2,4,5,2,3,2,"(4,9,3,2)",33,CUT,CUT=72/132;ASSEMBLE+INSPECT=216/462,false
C4A5T2I3F3,4,5,2,3,3,"(4,9,3,3)",30,CUT,CUT=72/120;ASSEMBLE+INSPECT=216/450,false
C4A5T2I4F0,4,5,2,4,0,"(4,9,4,0)",37,INSPECT,CUT=72/148;ASSEMBLE=96/333;INSPECT=120/148,false
C4A5T2I4F1,4,5,2,4,1,"(4,9,4,1)",33,CUT,CUT=72/132;ASSEMBLE+INSPECT=216/462,false
C4A5T2I4F2,4,5,2,4,2,"(4,9,4,2)",30,CUT,CUT=72/120;ASSEMBLE+INSPECT=216/450,false
C4A5T2I4F3,4,5,2,4,3,"(4,9,4,3)",29,CUT,CUT=72/116;ASSEMBLE+INSPECT=216/464,false
C4A5T3I0F1,4,5,3,0,1,"(4,11,0,1)",127,CUT|ASSEMBLE+INSPECT,CUT=72/508;ASSEMBLE+INSPECT=216/1524,false
C4A5T3I0F2,4,5,3,0,2,"(4,11,0,2)",67,CUT,CUT=72/268;ASSEMBLE+INSPECT=216/871,false
C4A5T3I0F3,4,5,3,0,3,"(4,11,0,3)",47,CUT,CUT=72/188;ASSEMBLE+INSPECT=216/658,false
C4A5T3I1F0,4,5,3,1,0,"(4,11,1,0)",127,INSPECT,CUT=72/508;ASSEMBLE=96/1397;INSPECT=120/127,false
C4A5T3I1F1,4,5,3,1,1,"(4,11,1,1)",67,CUT,CUT=72/268;ASSEMBLE+INSPECT=216/871,false
C4A5T3I1F2,4,5,3,1,2,"(4,11,1,2)",47,CUT,CUT=72/188;ASSEMBLE+INSPECT=216/658,false
C4A5T3I1F3,4,5,3,1,3,"(4,11,1,3)",37,CUT,CUT=72/148;ASSEMBLE+INSPECT=216/555,false
C4A5T3I2F0,4,5,3,2,0,"(4,11,2,0)",67,INSPECT,CUT=72/268;ASSEMBLE=96/737;INSPECT=120/134,false
C4A5T3I2F1,4,5,3,2,1,"(4,11,2,1)",47,CUT,CUT=72/188;ASSEMBLE+INSPECT=216/658,false
C4A5T3I2F2,4,5,3,2,2,"(4,11,2,2)",37,CUT,CUT=72/148;ASSEMBLE+INSPECT=216/555,false
C4A5T3I2F3,4,5,3,2,3,"(4,11,2,3)",33,CUT,CUT=72/132;ASSEMBLE+INSPECT=216/528,false
C4A5T3I3F0,4,5,3,3,0,"(4,11,3,0)",47,INSPECT,CUT=72/188;ASSEMBLE=96/517;INSPECT=120/141,false
C4A5T3I3F1,4,5,3,3,1,"(4,11,3,1)",37,CUT,CUT=72/148;ASSEMBLE+INSPECT=216/555,false
C4A5T3I3F2,4,5,3,3,2,"(4,11,3,2)",33,CUT,CUT=72/132;ASSEMBLE+INSPECT=216/528,false
C4A5T3I3F3,4,5,3,3,3,"(4,11,3,3)",30,CUT,CUT=72/120;ASSEMBLE+INSPECT=216/510,false
C4A5T3I4F0,4,5,3,4,0,"(4,11,4,0)",37,INSPECT,CUT=72/148;ASSEMBLE=96/407;INSPECT=120/148,false
C4A5T3I4F1,4,5,3,4,1,"(4,11,4,1)",33,CUT,CUT=72/132;ASSEMBLE+INSPECT=216/528,false
C4A5T3I4F2,4,5,3,4,2,"(4,11,4,2)",30,CUT,CUT=72/120;ASSEMBLE+INSPECT=216/510,false
C4A5T3I4F3,4,5,3,4,3,"(4,11,4,3)",29,CUT,CUT=72/116;ASSEMBLE+INSPECT=216/522,false
C4A6T0I0F1,4,6,0,0,1,"(4,6,0,1)",130,ASSEMBLE+INSPECT,CUT=72/520;ASSEMBLE+INSPECT=216/910,true
C4A6T0I0F2,4,6,0,0,2,"(4,6,0,2)",70,ASSEMBLE+INSPECT,CUT=72/280;ASSEMBLE+INSPECT=216/560,true
C4A6T0I0F3,4,6,0,0,3,"(4,6,0,3)",50,ASSEMBLE+INSPECT,CUT=72/200;ASSEMBLE+INSPECT=216/450,true
C4A6T0I1F0,4,6,0,1,0,"(4,6,1,0)",127,INSPECT,CUT=72/508;ASSEMBLE=96/762;INSPECT=120/127,false
C4A6T0I1F1,4,6,0,1,1,"(4,6,1,1)",70,ASSEMBLE+INSPECT,CUT=72/280;ASSEMBLE+INSPECT=216/560,true
C4A6T0I1F2,4,6,0,1,2,"(4,6,1,2)",50,ASSEMBLE+INSPECT,CUT=72/200;ASSEMBLE+INSPECT=216/450,true
C4A6T0I1F3,4,6,0,1,3,"(4,6,1,3)",40,ASSEMBLE+INSPECT,CUT=72/160;ASSEMBLE+INSPECT=216/400,true
C4A6T0I2F0,4,6,0,2,0,"(4,6,2,0)",67,INSPECT,CUT=72/268;ASSEMBLE=96/402;INSPECT=120/134,false
C4A6T0I2F1,4,6,0,2,1,"(4,6,2,1)",50,ASSEMBLE+INSPECT,CUT=72/200;ASSEMBLE+INSPECT=216/450,true
C4A6T0I2F2,4,6,0,2,2,"(4,6,2,2)",40,ASSEMBLE+INSPECT,CUT=72/160;ASSEMBLE+INSPECT=216/400,true
C4A6T0I2F3,4,6,0,2,3,"(4,6,2,3)",35,ASSEMBLE+INSPECT,CUT=72/140;ASSEMBLE+INSPECT=216/385,true
C4A6T0I3F0,4,6,0,3,0,"(4,6,3,0)",47,INSPECT,CUT=72/188;ASSEMBLE=96/282;INSPECT=120/141,false
C4A6T0I3F1,4,6,0,3,1,"(4,6,3,1)",40,ASSEMBLE+INSPECT,CUT=72/160;ASSEMBLE+INSPECT=216/400,true
C4A6T0I3F2,4,6,0,3,2,"(4,6,3,2)",35,ASSEMBLE+INSPECT,CUT=72/140;ASSEMBLE+INSPECT=216/385,true
C4A6T0I3F3,4,6,0,3,3,"(4,6,3,3)",31,CUT|ASSEMBLE+INSPECT,CUT=72/124;ASSEMBLE+INSPECT=216/372,true
C4A6T0I4F0,4,6,0,4,0,"(4,6,4,0)",37,INSPECT,CUT=72/148;ASSEMBLE=96/222;INSPECT=120/148,false
C4A6T0I4F1,4,6,0,4,1,"(4,6,4,1)",33,ASSEMBLE+INSPECT,CUT=72/132;ASSEMBLE+INSPECT=216/363,true
C4A6T0I4F2,4,6,0,4,2,"(4,6,4,2)",30,CUT|ASSEMBLE+INSPECT,CUT=72/120;ASSEMBLE+INSPECT=216/360,true
C4A6T0I4F3,4,6,0,4,3,"(4,6,4,3)",29,CUT,CUT=72/116;ASSEMBLE+INSPECT=216/377,true
C4A6T1I0F1,4,6,1,0,1,"(4,8,0,1)",127,ASSEMBLE+INSPECT,CUT=72/508;ASSEMBLE+INSPECT=216/1143,false
C4A6T1I0F2,4,6,1,0,2,"(4,8,0,2)",67,ASSEMBLE+INSPECT,CUT=72/268;ASSEMBLE+INSPECT=216/670,false
C4A6T1I0F3,4,6,1,0,3,"(4,8,0,3)",47,ASSEMBLE+INSPECT,CUT=72/188;ASSEMBLE+INSPECT=216/517,false
C4A6T1I1F0,4,6,1,1,0,"(4,8,1,0)",127,INSPECT,CUT=72/508;ASSEMBLE=96/1016;INSPECT=120/127,false
C4A6T1I1F1,4,6,1,1,1,"(4,8,1,1)",67,ASSEMBLE+INSPECT,CUT=72/268;ASSEMBLE+INSPECT=216/670,false
C4A6T1I1F2,4,6,1,1,2,"(4,8,1,2)",47,ASSEMBLE+INSPECT,CUT=72/188;ASSEMBLE+INSPECT=216/517,false
C4A6T1I1F3,4,6,1,1,3,"(4,8,1,3)",37,CUT|ASSEMBLE+INSPECT,CUT=72/148;ASSEMBLE+INSPECT=216/444,false
C4A6T1I2F0,4,6,1,2,0,"(4,8,2,0)",67,INSPECT,CUT=72/268;ASSEMBLE=96/536;INSPECT=120/134,false
C4A6T1I2F1,4,6,1,2,1,"(4,8,2,1)",47,ASSEMBLE+INSPECT,CUT=72/188;ASSEMBLE+INSPECT=216/517,false
C4A6T1I2F2,4,6,1,2,2,"(4,8,2,2)",37,CUT|ASSEMBLE+INSPECT,CUT=72/148;ASSEMBLE+INSPECT=216/444,false
C4A6T1I2F3,4,6,1,2,3,"(4,8,2,3)",33,CUT,CUT=72/132;ASSEMBLE+INSPECT=216/429,false
C4A6T1I3F0,4,6,1,3,0,"(4,8,3,0)",47,INSPECT,CUT=72/188;ASSEMBLE=96/376;INSPECT=120/141,false
C4A6T1I3F1,4,6,1,3,1,"(4,8,3,1)",37,CUT|ASSEMBLE+INSPECT,CUT=72/148;ASSEMBLE+INSPECT=216/444,false
C4A6T1I3F2,4,6,1,3,2,"(4,8,3,2)",33,CUT,CUT=72/132;ASSEMBLE+INSPECT=216/429,false
C4A6T1I3F3,4,6,1,3,3,"(4,8,3,3)",30,CUT,CUT=72/120;ASSEMBLE+INSPECT=216/420,false
C4A6T1I4F0,4,6,1,4,0,"(4,8,4,0)",37,INSPECT,CUT=72/148;ASSEMBLE=96/296;INSPECT=120/148,false
C4A6T1I4F1,4,6,1,4,1,"(4,8,4,1)",33,CUT,CUT=72/132;ASSEMBLE+INSPECT=216/429,false
C4A6T1I4F2,4,6,1,4,2,"(4,8,4,2)",30,CUT,CUT=72/120;ASSEMBLE+INSPECT=216/420,false
C4A6T1I4F3,4,6,1,4,3,"(4,8,4,3)",29,CUT,CUT=72/116;ASSEMBLE+INSPECT=216/435,false
C4A6T2I0F1,4,6,2,0,1,"(4,10,0,1)",127,ASSEMBLE+INSPECT,CUT=72/508;ASSEMBLE+INSPECT=216/1397,false
C4A6T2I0F2,4,6,2,0,2,"(4,10,0,2)",67,CUT|ASSEMBLE+INSPECT,CUT=72/268;ASSEMBLE+INSPECT=216/804,false
C4A6T2I0F3,4,6,2,0,3,"(4,10,0,3)",47,CUT,CUT=72/188;ASSEMBLE+INSPECT=216/611,false
C4A6T2I1F0,4,6,2,1,0,"(4,10,1,0)",127,INSPECT,CUT=72/508;ASSEMBLE=96/1270;INSPECT=120/127,false
C4A6T2I1F1,4,6,2,1,1,"(4,10,1,1)",67,CUT|ASSEMBLE+INSPECT,CUT=72/268;ASSEMBLE+INSPECT=216/804,false
C4A6T2I1F2,4,6,2,1,2,"(4,10,1,2)",47,CUT,CUT=72/188;ASSEMBLE+INSPECT=216/611,false
C4A6T2I1F3,4,6,2,1,3,"(4,10,1,3)",37,CUT,CUT=72/148;ASSEMBLE+INSPECT=216/518,false
C4A6T2I2F0,4,6,2,2,0,"(4,10,2,0)",67,INSPECT,CUT=72/268;ASSEMBLE=96/670;INSPECT=120/134,false
C4A6T2I2F1,4,6,2,2,1,"(4,10,2,1)",47,CUT,CUT=72/188;ASSEMBLE+INSPECT=216/611,false
C4A6T2I2F2,4,6,2,2,2,"(4,10,2,2)",37,CUT,CUT=72/148;ASSEMBLE+INSPECT=216/518,false
C4A6T2I2F3,4,6,2,2,3,"(4,10,2,3)",33,CUT,CUT=72/132;ASSEMBLE+INSPECT=216/495,false
C4A6T2I3F0,4,6,2,3,0,"(4,10,3,0)",47,INSPECT,CUT=72/188;ASSEMBLE=96/470;INSPECT=120/141,false
C4A6T2I3F1,4,6,2,3,1,"(4,10,3,1)",37,CUT,CUT=72/148;ASSEMBLE+INSPECT=216/518,false
C4A6T2I3F2,4,6,2,3,2,"(4,10,3,2)",33,CUT,CUT=72/132;ASSEMBLE+INSPECT=216/495,false
C4A6T2I3F3,4,6,2,3,3,"(4,10,3,3)",30,CUT,CUT=72/120;ASSEMBLE+INSPECT=216/480,false
C4A6T2I4F0,4,6,2,4,0,"(4,10,4,0)",37,INSPECT,CUT=72/148;ASSEMBLE=96/370;INSPECT=120/148,false
C4A6T2I4F1,4,6,2,4,1,"(4,10,4,1)",33,CUT,CUT=72/132;ASSEMBLE+INSPECT=216/495,false
C4A6T2I4F2,4,6,2,4,2,"(4,10,4,2)",30,CUT,CUT=72/120;ASSEMBLE+INSPECT=216/480,false
C4A6T2I4F3,4,6,2,4,3,"(4,10,4,3)",29,CUT,CUT=72/116;ASSEMBLE+INSPECT=216/493,false
C4A6T3I0F1,4,6,3,0,1,"(4,12,0,1)",127,CUT,CUT=72/508;ASSEMBLE+INSPECT=216/1651,false
C4A6T3I0F2,4,6,3,0,2,"(4,12,0,2)",67,CUT,CUT=72/268;ASSEMBLE+INSPECT=216/938,false
C4A6T3I0F3,4,6,3,0,3,"(4,12,0,3)",47,CUT,CUT=72/188;ASSEMBLE+INSPECT=216/705,false
C4A6T3I1F0,4,6,3,1,0,"(4,12,1,0)",127,INSPECT,CUT=72/508;ASSEMBLE=96/1524;INSPECT=120/127,false
C4A6T3I1F1,4,6,3,1,1,"(4,12,1,1)",67,CUT,CUT=72/268;ASSEMBLE+INSPECT=216/938,false
C4A6T3I1F2,4,6,3,1,2,"(4,12,1,2)",47,CUT,CUT=72/188;ASSEMBLE+INSPECT=216/705,false
C4A6T3I1F3,4,6,3,1,3,"(4,12,1,3)",37,CUT,CUT=72/148;ASSEMBLE+INSPECT=216/592,false
C4A6T3I2F0,4,6,3,2,0,"(4,12,2,0)",67,INSPECT,CUT=72/268;ASSEMBLE=96/804;INSPECT=120/134,false
C4A6T3I2F1,4,6,3,2,1,"(4,12,2,1)",47,CUT,CUT=72/188;ASSEMBLE+INSPECT=216/705,false
C4A6T3I2F2,4,6,3,2,2,"(4,12,2,2)",37,CUT,CUT=72/148;ASSEMBLE+INSPECT=216/592,false
C4A6T3I2F3,4,6,3,2,3,"(4,12,2,3)",33,CUT,CUT=72/132;ASSEMBLE+INSPECT=216/561,false
C4A6T3I3F0,4,6,3,3,0,"(4,12,3,0)",47,INSPECT,CUT=72/188;ASSEMBLE=96/564;INSPECT=120/141,false
C4A6T3I3F1,4,6,3,3,1,"(4,12,3,1)",37,CUT,CUT=72/148;ASSEMBLE+INSPECT=216/592,false
C4A6T3I3F2,4,6,3,3,2,"(4,12,3,2)",33,CUT,CUT=72/132;ASSEMBLE+INSPECT=216/561,false
C4A6T3I3F3,4,6,3,3,3,"(4,12,3,3)",30,CUT,CUT=72/120;ASSEMBLE+INSPECT=216/540,false
C4A6T3I4F0,4,6,3,4,0,"(4,12,4,0)",37,INSPECT,CUT=72/148;ASSEMBLE=96/444;INSPECT=120/148,false
C4A6T3I4F1,4,6,3,4,1,"(4,12,4,1)",33,CUT,CUT=72/132;ASSEMBLE+INSPECT=216/561,false
C4A6T3I4F2,4,6,3,4,2,"(4,12,4,2)",30,CUT,CUT=72/120;ASSEMBLE+INSPECT=216/540,false
C4A6T3I4F3,4,6,3,4,3,"(4,12,4,3)",29,CUT,CUT=72/116;ASSEMBLE+INSPECT=216/551,false
