design,cutters,assemblers,twins,inspectors,flex,provision,completion,active,occupancy,sharedDualUse
C1A0T0I0F1,1,0,0,0,1,"(1,0,0,1)",56,ASSEMBLE+INSPECT,CUT=12/56;ASSEMBLE+INSPECT=54/56,true
C1A0T0I0F2,1,0,0,0,2,"(1,0,0,2)",31,ASSEMBLE+INSPECT,CUT=12/31;ASSEMBLE+INSPECT=54/62,true
C1A0T0I0F3,1,0,0,0,3,"(1,0,0,3)",24,ASSEMBLE+INSPECT,CUT=12/24;ASSEMBLE+INSPECT=54/72,true
C1A0T0I1F1,1,0,0,1,1,"(1,0,1,1)",41,ASSEMBLE+INSPECT,CUT=12/41;ASSEMBLE+INSPECT=54/82,false
C1A0T0I1F2,1,0,0,1,2,"(1,0,1,2)",28,ASSEMBLE+INSPECT,CUT=12/28;ASSEMBLE+INSPECT=54/84,true
C1A0T0I1F3,1,0,0,1,3,"(1,0,1,3)",22,ASSEMBLE+INSPECT,CUT=12/22;ASSEMBLE+INSPECT=54/88,true
C1A0T0I2F1,1,0,0,2,1,"(1,0,2,1)",41,ASSEMBLE+INSPECT,CUT=12/41;ASSEMBLE+INSPECT=54/123,false
C1A0T0I2F2,1,0,0,2,2,"(1,0,2,2)",25,ASSEMBLE+INSPECT,CUT=12/25;ASSEMBLE+INSPECT=54/100,false
C1A0T0I2F3,1,0,0,2,3,"(1,0,2,3)",21,CUT,CUT=12/21;ASSEMBLE+INSPECT=54/105,false
C1A0T0I3F1,1,0,0,3,1,"(1,0,3,1)",41,ASSEMBLE+INSPECT,CUT=12/41;ASSEMBLE+INSPECT=54/164,false
C1A0T0I3F2,1,0,0,3,2,"(1,0,3,2)",25,CUT,CUT=12/25;ASSEMBLE+INSPECT=54/125,false
C1A0T0I3F3,1,0,0,3,3,"(1,0,3,3)",21,CUT,CUT=12/21;ASSEMBLE+INSPECT=54/126,false
C1A0T0I4F1,1,0,0,4,1,"(1,0,4,1)",41,CUT,CUT=12/41;ASSEMBLE+INSPECT=54/205,false
C1A0T0I4F2,1,0,0,4,2,"(1,0,4,2)",25,CUT,CUT=12/25;ASSEMBLE+INSPECT=54/150,false
C1A0T0I4F3,1,0,0,4,3,"(1,0,4,3)",21,CUT,CUT=12/21;ASSEMBLE+INSPECT=54/147,false
C1A0T1I0F1,1,0,1,0,1,"(1,2,0,1)",30,ASSEMBLE+INSPECT,CUT=12/30;ASSEMBLE+INSPECT=54/90,true
C1A0T1I0F2,1,0,1,0,2,"(1,2,0,2)",23,ASSEMBLE+INSPECT,CUT=12/23;ASSEMBLE+INSPECT=54/92,true
C1A0T1I0F3,1,0,1,0,3,"(1,2,0,3)",21,CUT,CUT=12/21;ASSEMBLE+INSPECT=54/105,true
C1A0T1I1F0,1,0,1,1,0,"(1,2,1,0)",26,ASSEMBLE|INSPECT,CUT=12/26;ASSEMBLE=36/52;INSPECT=18/26,false
C1A0T1I1F1,1,0,1,1,1,"(1,2,1,1)",23,ASSEMBLE+INSPECT,CUT=12/23;ASSEMBLE+INSPECT=54/92,true
C1A0T1I1F2,1,0,1,1,2,"(1,2,1,2)",21,CUT,CUT=12/21;ASSEMBLE+INSPECT=54/105,true
C1A0T1I1F3,1,0,1,1,3,"(1,2,1,3)",21,CUT,CUT=12/21;ASSEMBLE+INSPECT=54/126,true
C1A0T1I2F0,1,0,1,2,0,"(1,2,2,0)",25,ASSEMBLE,CUT=12/25;ASSEMBLE=36/50;INSPECT=18/50,false
C1A0T1I2F1,1,0,1,2,1,"(1,2,2,1)",21,CUT,CUT=12/21;ASSEMBLE+INSPECT=54/105,false
C1A0T1I2F2,1,0,1,2,2,"(1,2,2,2)",21,CUT,CUT=12/21;ASSEMBLE+INSPECT=54/126,false
C1A0T1I2F3,1,0,1,2,3,"(1,2,2,3)",21,CUT,CUT=12/21;ASSEMBLE+INSPECT=54/147,false
C1A0T1I3F0,1,0,1,3,0,"(1,2,3,0)",25,ASSEMBLE,CUT=12/25;ASSEMBLE=36/50;INSPECT=18/75,false
C1A0T1I3F1,1,0,1,3,1,"(1,2,3,1)",21,CUT,CUT=12/21;ASSEMBLE+INSPECT=54/126,false
C1A0T1I3F2,1,0,1,3,2,"(1,2,3,2)",21,CUT,CUT=12/21;ASSEMBLE+INSPECT=54/147,false
C1A0T1I3F3,1,0,1,3,3,"(1,2,3,3)",21,CUT,CUT=12/21;ASSEMBLE+INSPECT=54/168,false
C1A0T1I4F0,1,0,1,4,0,"(1,2,4,0)",25,ASSEMBLE,CUT=12/25;ASSEMBLE=36/50;INSPECT=18/100,false
C1A0T1I4F1,1,0,1,4,1,"(1,2,4,1)",21,CUT,CUT=12/21;ASSEMBLE+INSPECT=54/147,false
C1A0T1I4F2,1,0,1,4,2,"(1,2,4,2)",21,CUT,CUT=12/21;ASSEMBLE+INSPECT=54/168,false
C1A0T1I4F3,1,0,1,4,3,"(1,2,4,3)",21,CUT,CUT=12/21;ASSEMBLE+INSPECT=54/189,false
C1A0T2I0F1,1,0,2,0,1,"(1,4,0,1)",26,CUT,CUT=12/26;ASSEMBLE+INSPECT=54/130,false
C1A0T2I0F2,1,0,2,0,2,"(1,4,0,2)",21,CUT,CUT=12/21;ASSEMBLE+INSPECT=54/126,false
C1A0T2I0F3,1,0,2,0,3,"(1,4,0,3)",21,CUT,CUT=12/21;ASSEMBLE+INSPECT=54/147,false
C1A0T2I1F0,1,0,2,1,0,"(1,4,1,0)",26,INSPECT,CUT=12/26;ASSEMBLE=36/104;INSPECT=18/26,false
C1A0T2I1F1,1,0,2,1,1,"(1,4,1,1)",21,CUT,CUT=12/21;ASSEMBLE+INSPECT=54/126,false
C1A0T2I1F2,1,0,2,1,2,"(1,4,1,2)",21,CUT,CUT=12/21;ASSEMBLE+INSPECT=54/147,false
C1A0T2I1F3,1,0,2,1,3,"(1,4,1,3)",21,CUT,CUT=12/21;ASSEMBLE+INSPECT=54/168,false
C1A0T2I2F0,1,0,2,2,0,"(1,4,2,0)",21,CUT,CUT=12/21;ASSEMBLE=36/84;INSPECT=18/42,false
C1A0T2I2F1,1,0,2,2,1,"(1,4,2,1)",21,CUT,CUT=12/21;ASSEMBLE+INSPECT=54/147,false
C1A0T2I2F2,1,0,2,2,2,"(1,4,2,2)",21,CUT,CUT=12/21;ASSEMBLE+INSPECT=54/168,false
C1A0T2I2F3,1,0,2,2,3,"(1,4,2,3)",21,CUT,CUT=12/21;ASSEMBLE+INSPECT=54/189,false
C1A0T2I3F0,1,0,2,3,0,"(1,4,3,0)",21,CUT,CUT=12/21;ASSEMBLE=36/84;INSPECT=18/63,false
C1A0T2I3F1,1,0,2,3,1,"(1,4,3,1)",21,CUT,CUT=12/21;ASSEMBLE+INSPECT=54/168,false
C1A0T2I3F2,1,0,2,3,2,"(1,4,3,2)",21,CUT,CUT=12/21;ASSEMBLE+INSPECT=54/189,false
C1A0T2I3F3,1,0,2,3,3,"(1,4,3,3)",21,CUT,CUT=12/21;ASSEMBLE+INSPECT=54/210,false
C1A0T2I4F0,1,0,2,4,0,"(1,4,4,0)",21,CUT,CUT=12/21;ASSEMBLE=36/84;INSPECT=18/84,false
C1A0T2I4F1,1,0,2,4,1,"(1,4,4,1)",21,CUT,CUT=12/21;ASSEMBLE+INSPECT=54/189,false
C1A0T2I4F2,1,0,2,4,2,"(1,4,4,2)",21,CUT,CUT=12/21;ASSEMBLE+INSPECT=54/210,false
C1A0T2I4F3,1,0,2,4,3,"(1,4,4,3)",21,CUT,CUT=12/21;ASSEMBLE+INSPECT=54/231,false
C1A0T3I0F1,1,0,3,0,1,"(1,6,0,1)",26,CUT,CUT=12/26;ASSEMBLE+INSPECT=54/182,false
C1A0T3I0F2,1,0,3,0,2,"(1,6,0,2)",21,CUT,CUT=12/21;ASSEMBLE+INSPECT=54/168,false
C1A0T3I0F3,1,0,3,0,3,"(1,6,0,3)",21,CUT,CUT=12/21;ASSEMBLE+INSPECT=54/189,false
C1A0T3I1F0,1,0,3,1,0,"(1,6,1,0)",26,INSPECT,CUT=12/26;ASSEMBLE=36/156;INSPECT=18/26,false
C1A0T3I1F1,1,0,3,1,1,"(1,6,1,1)",21,CUT,CUT=12/21;ASSEMBLE+INSPECT=54/168,false
C1A0T3I1F2,1,0,3,1,2,"(1,6,1,2)",21,CUT,CUT=12/21;ASSEMBLE+INSPECT=54/189,false
C1A0T3I1F3,1,0,3,1,3,"(1,6,1,3)",21,CUT,CUT=12/21;ASSEMBLE+INSPECT=54/210,false
C1A0T3I2F0,1,0,3,2,0,"(1,6,2,0)",21,CUT,CUT=12/21;ASSEMBLE=36/126;INSPECT=18/42,false
C1A0T3I2F1,1,0,3,2,1,"(1,6,2,1)",21,CUT,CUT=12/21;ASSEMBLE+INSPECT=54/189,false
C1A0T3I2F2,1,0,3,2,2,"(1,6,2,2)",21,CUT,CUT=12/21;ASSEMBLE+INSPECT=54/210,false
C1A0T3I2F3,1,0,3,2,3,"(1,6,2,3)",21,CUT,CUT=12/21;ASSEMBLE+INSPECT=54/231,false
C1A0T3I3F0,1,0,3,3,0,"(1,6,3,0)",21,CUT,CUT=12/21;ASSEMBLE=36/126;INSPECT=18/63,false
C1A0T3I3F1,1,0,3,3,1,"(1,6,3,1)",21,CUT,CUT=12/21;ASSEMBLE+INSPECT=54/210,false
C1A0T3I3F2,1,0,3,3,2,"(1,6,3,2)",21,CUT,CUT=12/21;ASSEMBLE+INSPECT=54/231,false
C1A0T3I3F3,1,0,3,3,3,"(1,6,3,3)",21,CUT,CUT=12/21;ASSEMBLE+INSPECT=54/252,false
C1A0T3I4F0,1,0,3,4,0,"(1,6,4,0)",21,CUT,CUT=12/21;ASSEMBLE=36/126;INSPECT=18/84,false
C1A0T3I4F1,1,0,3,4,1,"(1,6,4,1)",21,CUT,CUT=12/21;ASSEMBLE+INSPECT=54/231,false
C1A0T3I4F2,1,0,3,4,2,"(1,6,4,2)",21,CUT,CUT=12/21;ASSEMBLE+INSPECT=54/252,false
C1A0T3I4F3,1,0,3,4,3,"(1,6,4,3)",21,CUT,CUT=12/21;ASSEMBLE+INSPECT=54/273,false
C1A1T0I0F1,1,1,0,0,1,"(1,1,0,1)",34,ASSEMBLE+INSPECT,CUT=12/34;ASSEMBLE+INSPECT=54/68,true
C1A1T0I0F2,1,1,0,0,2,"(1,1,0,2)",24,ASSEMBLE+INSPECT,CUT=12/24;ASSEMBLE+INSPECT=54/72,true
C1A1T0I0F3,1,1,0,0,3,"(1,1,0,3)",22,ASSEMBLE+INSPECT,CUT=12/22;ASSEMBLE+INSPECT=54/88,true
C1A1T0I1F0,1,1,0,1,0,"(1,1,1,0)",41,ASSEMBLE,CUT=12/41;ASSEMBLE=36/41;INSPECT=18/41,false
C1A1T0I1F1,1,1,0,1,1,"(1,1,1,1)",28,ASSEMBLE+INSPECT,CUT=12/28;ASSEMBLE+INSPECT=54/84,true
C1A1T0I1F2,1,1,0,1,2,"(1,1,1,2)",22,ASSEMBLE+INSPECT,CUT=12/22;ASSEMBLE+INSPECT=54/88,true
C1A1T0I1F3,1,1,0,1,3,"(1,1,1,3)",21,CUT,CUT=12/21;ASSEMBLE+INSPECT=54/105,true
C1A1T0I2F0,1,1,0,2,0,"(1,1,2,0)",41,ASSEMBLE,CUT=12/41;ASSEMBLE=36/41;INSPECT=18/82,false
C1A1T0I2F1,1,1,0,2,1,"(1,1,2,1)",25,ASSEMBLE+INSPECT,CUT=12/25;ASSEMBLE+INSPECT=54/100,false
C1A1T0I2F2,1,1,0,2,2,"(1,1,2,2)",21,CUT,CUT=12/21;ASSEMBLE+INSPECT=54/105,false
C1A1T0I2F3,1,1,0,2,3,"(1,1,2,3)",21,CUT,CUT=12/21;ASSEMBLE+INSPECT=54/126,false
C1A1T0I3F0,1,1,0,3,0,"(1,1,3,0)",41,ASSEMBLE,CUT=12/41;ASSEMBLE=36/41;INSPECT=18/123,false
C1A1T0I3F1,1,1,0,3,1,"(1,1,3,1)",25,CUT,CUT=12/25;ASSEMBLE+INSPECT=54/125,false
C1A1T0I3F2,1,1,0,3,2,"(1,1,3,2)",21,CUT,CUT=12/21;ASSEMBLE+INSPECT=54/126,false
C1A1T0I3F3,1,1,0,3,3,"(1,1,3,3)",21,CUT,CUT=12/21;ASSEMBLE+INSPECT=54/147,false
C1A1T0I4F0,1,1,0,4,0,"(1,1,4,0)",41,ASSEMBLE,CUT=12/41;ASSEMBLE=36/41;INSPECT=18/164,false
C1A1T0I4F1,1,1,0,4,1,"(1,1,4,1)",25,CUT,CUT=12/25;ASSEMBLE+INSPECT=54/150,false
C1A1T0I4F2,1,1,0,4,2,"(1,1,4,2)",21,CUT,CUT=12/21;ASSEMBLE+INSPECT=54/147,false
C1A1T0I4F3,1,1,0,4,3,"(1,1,4,3)",21,CUT,CUT=12/21;ASSEMBLE+INSPECT=54/168,false
C1A1T1I0F1,1,1,1,0,1,"(1,3,0,1)",26,ASSEMBLE+INSPECT,CUT=12/26;ASSEMBLE+INSPECT=54/104,false
C1A1T1I0F2,1,1,1,0,2,"(1,3,0,2)",21,CUT,CUT=12/21;ASSEMBLE+INSPECT=54/105,false
C1A1T1I0F3,1,1,1,0,3,"(1,3,0,3)",21,CUT,CUT=12/21;ASSEMBLE+INSPECT=54/126,false
C1A1T1I1F0,1,1,1,1,0,"(1,3,1,0)",26,INSPECT,CUT=12/26;ASSEMBLE=36/78;INSPECT=18/26,false
C1A1T1I1F1,1,1,1,1,1,"(1,3,1,1)",21,CUT,CUT=12/21;ASSEMBLE+INSPECT=54/105,false
C1A1T1I1F2,1,1,1,1,2,"(1,3,1,2)",21,CUT,CUT=12/21;ASSEMBLE+INSPECT=54/126,false
C1A1T1I1F3,1,1,1,1,3,"(1,3,1,3)",21,CUT,CUT=12/21;ASSEMBLE+INSPECT=54/147,false
C1A1T1I2F0,1,1,1,2,0,"(1,3,2,0)",21,CUT|ASSEMBLE,CUT=12/21;ASSEMBLE=36/63;INSPECT=18/42,false
C1A1T1I2F1,1,1,1,2,1,"(1,3,2,1)",21,CUT,CUT=12/21;ASSEMBLE+INSPECT=54/126,false
C1A1T1I2F2,1,1,1,2,2,"(1,3,2,2)",21,CUT,CUT=12/21;ASSEMBLE+INSPECT=54/147,false
C1A1T1I2F3,1,1,1,2,3,"(1,3,2,3)",21,CUT,CUT=12/21;ASSEMBLE+INSPECT=54/168,false
C1A1T1I3F0,1,1,1,3,0,"(1,3,3,0)",21,CUT|ASSEMBLE,CUT=12/21;ASSEMBLE=36/63;INSPECT=18/63,false
C1A1T1I3F1,1,1,1,3,1,"(1,3,3,1)",21,CUT,CUT=12/21;ASSEMBLE+INSPECT=54/147,false
C1A1T1I3F2,1,1,1,3,2,"(1,3,3,2)",21,CUT,CUT=12/21;ASSEMBLE+INSPECT=54/168,false
C1A1T1I3F3,1,1,1,3,3,"(1,3,3,3)",21,CUT,CUT=12/21;ASSEMBLE+INSPECT=54/189,false
C1A1T1I4F0,1,1,1,4,0,"(1,3,4,0)",21,CUT|ASSEMBLE,CUT=12/21;ASSEMBLE=36/63;INSPECT=18/84,false
C1A1T1I4F1,1,1,1,4,1,"(1,3,4,1)",21,CUT,CUT=12/21;ASSEMBLE+INSPECT=54/168,false
C1A1T1I4F2,1,1,1,4,2,"(1,3,4,2)",21,CUT,CUT=12/21;ASSEMBLE+INSPECT=54/189,false
C1A1T1I4F3,1,1,1,4,3,"(1,3,4,3)",21,CUT,CUT=12/21;ASSEMBLE+INSPECT=54/210,false
C1A1T2I0F1,1,1,2,0,1,"(1,5,0,1)",26,CUT,CUT=12/26;ASSEMBLE+INSPECT=54/156,false
C1A1T2I0F2,1,1,2,0,2,"(1,5,0,2)",21,CUT,CUT=12/21;ASSEMBLE+INSPECT=54/147,false
C1A1T2I0F3,1,1,2,0,3,"(1,5,0,3)",21,CUT,CUT=12/21;ASSEMBLE+INSPECT=54/168,false
C1A1T2I1F0,1,1,2,1,0,"(1,5,1,0)",26,INSPECT,CUT=12/26;ASSEMBLE=36/130;INSPECT=18/26,false
C1A1T2I1F1,1,1,2,1,1,"(1,5,1,1)",21,CUT,CUT=12/21;ASSEMBLE+INSPECT=54/147,false
C1A1T2I1F2,1,1,2,1,2,"(1,5,1,2)",21,CUT,CUT=12/21;ASSEMBLE+INSPECT=54/168,false
C1A1T2I1F3,1,1,2,1,3,"(1,5,1,3)",21,CUT,CUT=12/21;ASSEMBLE+INSPECT=54/189,false
C1A1T2I2F0,1,1,2,2,0,"(1,5,2,0)",21,CUT,CUT=12/21;ASSEMBLE=36/105;INSPECT=18/42,false
C1A1T2I2F1,1,1,2,2,1,"(1,5,2,1)",21,CUT,CUT=12/21;ASSEMBLE+INSPECT=54/168,false
C1A1T2I2F2,1,1,2,2,2,"(1,5,2,2)",21,CUT,CUT=12/21;ASSEMBLE+INSPECT=54/189,false
C1A1T2I2F3,1,1,2,2,3,"(1,5,2,3)",21,CUT,CUT=12/21;ASSEMBLE+INSPECT=54/210,false
C1A1T2I3F0,1,1,2,3,0,"(1,5,3,0)",21,CUT,CUT=12/21;ASSEMBLE=36/105;INSPECT=18/63,false
C1A1T2I3F1,1,1,2,3,1,"(1,5,3,1)",21,CUT,CUT=12/21;ASSEMBLE+INSPECT=54/189,false
C1A1T2I3F2,1,1,2,3,2,"(1,5,3,2)",21,CUT,CUT=12/21;ASSEMBLE+INSPECT=54/210,false
C1A1T2I3F3,1,1,2,3,3,"(1,5,3,3)",21,CUT,CUT=12/21;ASSEMBLE+INSPECT=54/231,false
C1A1T2I4F0,1,1,2,4,0,"(1,5,4,0)",21,CUT,CUT=12/21;ASSEMBLE=36/105;INSPECT=18/84,false
C1A1T2I4F1,1,1,2,4,1,"(1,5,4,1)",21,CUT,CUT=12/21;ASSEMBLE+INSPECT=54/210,false
C1A1T2I4F2,1,1,2,4,2,"(1,5,4,2)",21,CUT,CUT=12/21;ASSEMBLE+INSPECT=54/231,false
C1A1T2I4F3,1,1,2,4,3,"(1,5,4,3)",21,CUT,CUT=12/21;ASSEMBLE+INSPECT=54/252,false
C1A1T3I0F1,1,1,3,0,1,"(1,7,0,1)",26,CUT,CUT=12/26;ASSEMBLE+INSPECT=54/208,false
C1A1T3I0F2,1,1,3,0,2,"(1,7,0,2)",21,CUT,CUT=12/21;ASSEMBLE+INSPECT=54/189,false
C1A1T3I0F3,1,1,3,0,3,"(1,7,0,3)",21,CUT,CUT=12/21;ASSEMBLE+INSPECT=54/210,false
C1A1T3I1F0,1,1,3,1,0,"(1,7,1,0)",26,INSPECT,CUT=12/26;ASSEMBLE=36/182;INSPECT=18/26,false
C1A1T3I1F1,1,1,3,1,1,"(1,7,1,1)",21,CUT,CUT=12/21;ASSEMBLE+INSPECT=54/189,false
C1A1T3I1F2,1,1,3,1,2,"(1,7,1,2)",21,CUT,CUT=12/21;ASSEMBLE+INSPECT=54/210,false
C1A1T3I1F3,1,1,3,1,3,"(1,7,1,3)",21,CUT,CUT=12/21;ASSEMBLE+INSPECT=54/231,false
C1A1T3I2F0,1,1,3,2,0,"(1,7,2,0)",21,CUT,CUT=12/21;ASSEMBLE=36/147;INSPECT=18/42,false
C1A1T3I2F1,1,1,3,2,1,"(1,7,2,1)",21,CUT,CUT=12/21;ASSEMBLE+INSPECT=54/210,false
C1A1T3I2F2,1,1,3,2,2,"(1,7,2,2)",21,CUT,CUT=12/21;ASSEMBLE+INSPECT=54/231,false
C1A1T3I2F3,1,1,3,2,3,"(1,7,2,3)",21,CUT,CUT=12/21;ASSEMBLE+INSPECT=54/252,false
C1A1T3I3F0,1,1,3,3,0,"(1,7,3,0)",21,CUT,CUT=12/21;ASSEMBLE=36/147;INSPECT=18/63,false
C1A1T3I3F1,1,1,3,3,1,"(1,7,3,1)",21,CUT,CUT=12/21;ASSEMBLE+INSPECT=54/231,false
C1A1T3I3F2,1,1,3,3,2,"(1,7,3,2)",21,CUT,CUT=12/21;ASSEMBLE+INSPECT=54/252,false
C1A1T3I3F3,1,1,3,3,3,"(1,7,3,3)",21,CUT,CUT=12/21;ASSEMBLE+INSPECT=54/273,false
C1A1T3I4F0,1,1,3,4,0,"(1,7,4,0)",21,CUT,CUT=12/21;ASSEMBLE=36/147;INSPECT=18/84,false
C1A1T3I4F1,1,1,3,4,1,"(1,7,4,1)",21,CUT,CUT=12/21;ASSEMBLE+INSPECT=54/252,false
C1A1T3I4F2,1,1,3,4,2,"(1,7,4,2)",21,CUT,CUT=12/21;ASSEMBLE+INSPECT=54/273,false
C1A1T3I4F3,1,1,3,4,3,"(1,7,4,3)",21,CUT,CUT=12/21;ASSEMBLE+INSPECT=54/294,false
C1A2T0I0F1,1,2,0,0,1,"(1,2,0,1)",30,ASSEMBLE+INSPECT,CUT=12/30;ASSEMBLE+INSPECT=54/90,true
C1A2T0I0F2,1,2,0,0,2,"(1,2,0,2)",23,ASSEMBLE+INSPECT,CUT=12/23;ASSEMBLE+INSPECT=54/92,true
C1A2T0I0F3,1,2,0,0,3,"(1,2,0,3)",21,CUT,CUT=12/21;ASSEMBLE+INSPECT=54/105,true
C1A2T0I1F0,1,2,0,1,0,"(1,2,1,0)",26,ASSEMBLE|INSPECT,CUT=12/26;ASSEMBLE=36/52;INSPECT=18/26,false
C1A2T0I1F1,1,2,0,1,1,"(1,2,1,1)",23,ASSEMBLE+INSPECT,CUT=12/23;ASSEMBLE+INSPECT=54/92,true
C1A2T0I1F2,1,2,0,1,2,"(1,2,1,2)",21,CUT,CUT=12/21;ASSEMBLE+INSPECT=54/105,true
C1A2T0I1F3,1,2,0,1,3,"(1,2,1,3)",21,CUT,CUT=12/21;ASSEMBLE+INSPECT=54/126,true
C1A2T0I2F0,1,2,0,2,0,"(1,2,2,0)",25,ASSEMBLE,CUT=12/25;ASSEMBLE=36/50;INSPECT=18/50,false
C1A2T0I2F1,1,2,0,2,1,"(1,2,2,1)",21,CUT,CUT=12/21;ASSEMBLE+INSPECT=54/105,false
C1A2T0I2F2,1,2,0,2,2,"(1,2,2,2)",21,CUT,CUT=12/21;ASSEMBLE+INSPECT=54/126,false
C1A2T0I2F3,1,2,0,2,3,"(1,2,2,3)",21,CUT,CUT=12/21;ASSEMBLE+INSPECT=54/147,false
C1A2T0I3F0,1,2,0,3,0,"(1,2,3,0)",25,ASSEMBLE,CUT=12/25;ASSEMBLE=36/50;INSPECT=18/75,false
C1A2T0I3F1,1,2,0,3,1,"(1,2,3,1)",21,CUT,CUT=12/21;ASSEMBLE+INSPECT=54/126,false
C1A2T0I3F2,1,2,0,3,2,"(1,2,3,2)",21,CUT,CUT=12/21;ASSEMBLE+INSPECT=54/147,false
C1A2T0I3F3,1,2,0,3,3,"(1,2,3,3)",21,CUT,CUT=12/21;ASSEMBLE+INSPECT=54/168,false
C1A2T0I4F0,1,2,0,4,0,"(1,2,4,0)",25,ASSEMBLE,CUT=12/25;ASSEMBLE=36/50;INSPECT=18/100,false
C1A2T0I4F1,1,2,0,4,1,"(1,2,4,1)",21,CUT,CUT=12/21;ASSEMBLE+INSPECT=54/147,false
C1A2T0I4F2,1,2,0,4,2,"(1,2,4,2)",21,CUT,CUT=12/21;ASSEMBLE+INSPECT=54/168,false
C1A2T0I4F3,1,2,0,4,3,"(1,2,4,3)",21,CUT,CUT=12/21;ASSEMBLE+INSPECT=54/189,false
C1A2T1I0F1,1,2,1,0,1,"(1,4,0,1)",26,CUT,CUT=12/26;ASSEMBLE+INSPECT=54/130,false
C1A2T1I0F2,1,2,1,0,2,"(1,4,0,2)",21,CUT,CUT=12/21;ASSEMBLE+INSPECT=54/126,false
C1A2T1I0F3,1,2,1,0,3,"(1,4,0,3)",21,CUT,CUT=12/21;ASSEMBLE+INSPECT=54/147,false
C1A2T1I1F0,1,2,1,1,0,"(1,4,1,0)",26,INSPECT,CUT=12/26;ASSEMBLE=36/104;INSPECT=18/26,false
C1A2T1I1F1,1,2,1,1,1,"(1,4,1,1)",21,CUT,CUT=12/21;ASSEMBLE+INSPECT=54/126,false
C1A2T1I1F2,1,2,1,1,2,"(1,4,1,2)",21,CUT,CUT=12/21;ASSEMBLE+INSPECT=54/147,false
C1A2T1I1F3,1,2,1,1,3,"(1,4,1,3)",21,CUT,CUT=12/21;ASSEMBLE+INSPECT=54/168,false
C1A2T1I2F0,1,2,1,2,0,"(1,4,2,0)",21,CUT,CUT=12/21;ASSEMBLE=36/84;INSPECT=18/42,false
C1A2T1I2F1,1,2,1,2,1,"(1,4,2,1)",21,CUT,CUT=12/21;ASSEMBLE+INSPECT=54/147,false
C1A2T1I2F2,1,2,1,2,2,"(1,4,2,2)",21,CUT,CUT=12/21;ASSEMBLE+INSPECT=54/168,false
C1A2T1I2F3,1,2,1,2,3,"(1,4,2,3)",21,CUT,CUT=12/21;ASSEMBLE+INSPECT=54/189,false
C1A2T1I3F0,1,2,1,3,0,"(1,4,3,0)",21,CUT,CUT=12/21;ASSEMBLE=36/84;INSPECT=18/63,false
C1A2T1I3F1,1,2,1,3,1,"(1,4,3,1)",21,CUT,CUT=12/21;ASSEMBLE+INSPECT=54/168,false
C1A2T1I3F2,1,2,1,3,2,"(1,4,3,2)",21,CUT,CUT=12/21;ASSEMBLE+INSPECT=54/189,false
C1A2T1I3F3,1,2,1,3,3,"(1,4,3,3)",21,CUT,CUT=12/21;ASSEMBLE+INSPECT=54/210,false
C1A2T1I4F0,1,2,1,4,0,"(1,4,4,0)",21,CUT,CUT=12/21;ASSEMBLE=36/84;INSPECT=18/84,false
C1A2T1I4F1,1,2,1,4,1,"(1,4,4,1)",21,CUT,CUT=12/21;ASSEMBLE+INSPECT=54/189,false
C1A2T1I4F2,1,2,1,4,2,"(1,4,4,2)",21,CUT,CUT=12/21;ASSEMBLE+INSPECT=54/210,false
C1A2T1I4F3,1,2,1,4,3,"(1,4,4,3)",21,CUT,CUT=12/21;ASSEMBLE+INSPECT=54/231,false
C1A2T2I0F1,1,2,2,0,1,"(1,6,0,1)",26,CUT,CUT=12/26;ASSEMBLE+INSPECT=54/182,false
C1A2T2I0F2,1,2,2,0,2,"(1,6,0,2)",21,CUT,CUT=12/21;ASSEMBLE+INSPECT=54/168,false
C1A2T2I0F3,1,2,2,0,3,"(1,6,0,3)",21,CUT,CUT=12/21;ASSEMBLE+INSPECT=54/189,false
C1A2T2I1F0,1,2,2,1,0,"(1,6,1,0)",26,INSPECT,CUT=12/26;ASSEMBLE=36/156;INSPECT=18/26,false
C1A2T2I1F1,1,2,2,1,1,"(1,6,1,1)",21,CUT,CUT=12/21;ASSEMBLE+INSPECT=54/168,false
C1A2T2I1F2,1,2,2,1,2,"(1,6,1,2)",21,CUT,CUT=12/21;ASSEMBLE+INSPECT=54/189,false
C1A2T2I1F3,1,2,2,1,3,"(1,6,1,3)",21,CUT,CUT=12/21;ASSEMBLE+INSPECT=54/210,false
C1A2T2I2F0,1,2,2,2,0,"(1,6,2,0)",21,CUT,CUT=12/21;ASSEMBLE=36/126;INSPECT=18/42,false
C1A2T2I2F1,1,2,2,2,1,"(1,6,2,1)",21,CUT,CUT=12/21;ASSEMBLE+INSPECT=54/189,false
C1A2T2I2F2,1,2,2,2,2,"(1,6,2,2)",21,CUT,CUT=12/21;ASSEMBLE+INSPECT=54/210,false
C1A2T2I2F3,1,2,2,2,3,"(1,6,2,3)",21,CUT,CUT=12/21;ASSEMBLE+INSPECT=54/231,false
C1A2T2I3F0,1,2,2,3,0,"(1,6,3,0)",21,CUT,CUT=12/21;ASSEMBLE=36/126;INSPECT=18/63,false
C1A2T2I3F1,1,2,2,3,1,"(1,6,3,1)",21,CUT,CUT=12/21;ASSEMBLE+INSPECT=54/210,false
C1A2T2I3F2,1,2,2,3,2,"(1,6,3,2)",21,CUT,CUT=12/21;ASSEMBLE+INSPECT=54/231,false
C1A2T2I3F3,1,2,2,3,3,"(1,6,3,3)",21,CUT,CUT=12/21;ASSEMBLE+INSPECT=54/252,false
C1A2T2I4F0,1,2,2,4,0,"(1,6,4,0)",21,CUT,CUT=12/21;ASSEMBLE=36/126;INSPECT=18/84,false
C1A2T2I4F1,1,2,2,4,1,"(1,6,4,1)",21,CUT,CUT=12/21;ASSEMBLE+INSPECT=54/231,false
C1A2T2I4F2,1,2,2,4,2,"(1,6,4,2)",21,CUT,CUT=12/21;ASSEMBLE+INSPECT=54/252,false
C1A2T2I4F3,1,2,2,4,3,"(1,6,4,3)",21,CUT,CUT=12/21;ASSEMBLE+INSPECT=54/273,false
C1A2T3I0F1,1,2,3,0,1,"(1,8,0,1)",26,CUT,CUT=12/26;ASSEMBLE+INSPECT=54/234,false
C1A2T3I0F2,1,2,3,0,2,"(1,8,0,2)",21,CUT,CUT=12/21;ASSEMBLE+INSPECT=54/210,false
C1A2T3I0F3,1,2,3,0,3,"(1,8,0,3)",21,CUT,CUT=12/21;ASSEMBLE+INSPECT=54/231,false
C1A2T3I1F0,1,2,3,1,0,"(1,8,1,0)",26,INSPECT,CUT=12/26;ASSEMBLE=36/208;INSPECT=18/26,false
C1A2T3I1F1,1,2,3,1,1,"(1,8,1,1)",21,CUT,CUT=12/21;ASSEMBLE+INSPECT=54/210,false
C1A2T3I1F2,1,2,3,1,2,"(1,8,1,2)",21,CUT,CUT=12/21;ASSEMBLE+INSPECT=54/231,false
C1A2T3I1F3,1,2,3,1,3,"(1,8,1,3)",21,CUT,CUT=12/21;ASSEMBLE+INSPECT=54/252,false
C1A2T3I2F0,1,2,3,2,0,"(1,8,2,0)",21,CUT,CUT=12/21;ASSEMBLE=36/168;INSPECT=18/42,false
C1A2T3I2F1,1,2,3,2,1,"(1,8,2,1)",21,CUT,CUT=12/21;ASSEMBLE+INSPECT=54/231,false
C1A2T3I2F2,1,2,3,2,2,"(1,8,2,2)",21,CUT,CUT=12/21;ASSEMBLE+INSPECT=54/252,false
C1A2T3I2F3,1,2,3,2,3,"(1,8,2,3)",21,CUT,CUT=12/21;ASSEMBLE+INSPECT=54/273,false
C1A2T3I3F0,1,2,3,3,0,"(1,8,3,0)",21,CUT,CUT=12/21;ASSEMBLE=36/168;INSPECT=18/63,false
C1A2T3I3F1,1,2,3,3,1,"(1,8,3,1)",21,CUT,CUT=12/21;ASSEMBLE+INSPECT=54/252,false
C1A2T3I3F2,1,2,3,3,2,"(1,8,3,2)",21,CUT,CUT=12/21;ASSEMBLE+INSPECT=54/273,false
C1A2T3I3F3,1,2,3,3,3,"(1,8,3,3)",21,CUT,CUT=12/21;ASSEMBLE+INSPECT=54/294,false
C1A2T3I4F0,1,2,3,4,0,"(1,8,4,0)",21,CUT,CUT=12/21;ASSEMBLE=36/168;INSPECT=18/84,false
C1A2T3I4F1,1,2,3,4,1,"(1,8,4,1)",21,CUT,CUT=12/21;ASSEMBLE+INSPECT=54/273,false
C1A2T3I4F2,1,2,3,4,2,"(1,8,4,2)",21,CUT,CUT=12/21;ASSEMBLE+INSPECT=54/294,false
C1A2T3I4F3,1,2,3,4,3,"(1,8,4,3)",21,CUT,CUT=12/21;ASSEMBLE+INSPECT=54/315,false
C1A3T0I0F1,1,3,0,0,1,"(1,3,0,1)",26,ASSEMBLE+INSPECT,CUT=12/26;ASSEMBLE+INSPECT=54/104,false
C1A3T0I0F2,1,3,0,0,2,"(1,3,0,2)",21,CUT,CUT=12/21;ASSEMBLE+INSPECT=54/105,false
C1A3T0I0F3,1,3,0,0,3,"(1,3,0,3)",21,CUT,CUT=12/21;ASSEMBLE+INSPECT=54/126,false
C1A3T0I1F0,1,3,0,1,0,"(1,3,1,0)",26,INSPECT,CUT=12/26;ASSEMBLE=36/78;INSPECT=18/26,false
C1A3T0I1F1,1,3,0,1,1,"(1,3,1,1)",21,CUT,CUT=12/21;ASSEMBLE+INSPECT=54/105,false
C1A3T0I1F2,1,3,0,1,2,"(1,3,1,2)",21,CUT,CUT=12/21;ASSEMBLE+INSPECT=54/126,false
C1A3T0I1F3,1,3,0,1,3,"(1,3,1,3)",21,CUT,CUT=12/21;ASSEMBLE+INSPECT=54/147,false
C1A3T0I2F0,1,3,0,2,0,"(1,3,2,0)",21,CUT|ASSEMBLE,CUT=12/21;ASSEMBLE=36/63;INSPECT=18/42,false
C1A3T0I2F1,1,3,0,2,1,"(1,3,2,1)",21,CUT,CUT=12/21;ASSEMBLE+INSPECT=54/126,false
C1A3T0I2F2,1,3,0,2,2,"(1,3,2,2)",21,CUT,CUT=12/21;ASSEMBLE+INSPECT=54/147,false
C1A3T0I2F3,1,3,0,2,3,"(1,3,2,3)",21,CUT,CUT=12/21;ASSEMBLE+INSPECT=54/168,false
C1A3T0I3F0,1,3,0,3,0,"(1,3,3,0)",21,CUT|ASSEMBLE,CUT=12/21;ASSEMBLE=36/63;INSPECT=18/63,false
C1A3T0I3F1,1,3,0,3,1,"(1,3,3,1)",21,CUT,CUT=12/21;ASSEMBLE+INSPECT=54/147,false
C1A3T0I3F2,1,3,0,3,2,"(1,3,3,2)",21,CUT,CUT=12/21;ASSEMBLE+INSPECT=54/168,false
C1A3T0I3F3,1,3,0,3,3,"(1,3,3,3)",21,CUT,CUT=12/21;ASSEMBLE+INSPECT=54/189,false
C1A3T0I4F0,1,3,0,4,0,"(1,3,4,0)",21,CUT|ASSEMBLE,CUT=12/21;ASSEMBLE=36/63;INSPECT=18/84,false
C1A3T0I4F1,1,3,0,4,1,"(1,3,4,1)",21,CUT,CUT=12/21;ASSEMBLE+INSPECT=54/168,false
C1A3T0I4F2,1,3,0,4,2,"(1,3,4,2)",21,CUT,CUT=12/21;ASSEMBLE+INSPECT=54/189,false
C1A3T0I4F3,1,3,0,4,3,"(1,3,4,3)",21,CUT,CUT=12/21;ASSEMBLE+INSPECT=54/210,false
C1A3T1I0F1,1,3,1,0,1,"(1,5,0,1)",26,CUT,CUT=12/26;ASSEMBLE+INSPECT=54/156,false
C1A3T1I0F2,1,3,1,0,2,"(1,5,0,2)",21,CUT,CUT=12/21;ASSEMBLE+INSPECT=54/147,false
C1A3T1I0F3,1,3,1,0,3,"(1,5,0,3)",21,CUT,CUT=12/21;ASSEMBLE+INSPECT=54/168,false
C1A3T1I1F0,1,3,1,1,0,"(1,5,1,0)",26,INSPECT,CUT=12/26;ASSEMBLE=36/130;INSPECT=18/26,false
C1A3T1I1F1,1,3,1,1,1,"(1,5,1,1)",21,CUT,CUT=12/21;ASSEMBLE+INSPECT=54/147,false
C1A3T1I1F2,1,3,1,1,2,"(1,5,1,2)",21,CUT,CUT=12/21;ASSEMBLE+INSPECT=54/168,false
C1A3T1I1F3,1,3,1,1,3,"(1,5,1,3)",21,CUT,CUT=12/21;ASSEMBLE+INSPECT=54/189,false
C1A3T1I2F0,1,3,1,2,0,"(1,5,2,0)",21,CUT,CUT=12/21;ASSEMBLE=36/105;INSPECT=18/42,false
C1A3T1I2F1,1,3,1,2,1,"(1,5,2,1)",21,CUT,CUT=12/21;ASSEMBLE+INSPECT=54/168,false
C1A3T1I2F2,1,3,1,2,2,"(1,5,2,2)",21,CUT,CUT=12/21;ASSEMBLE+INSPECT=54/189,false
C1A3T1I2F3,1,3,1,2,3,"(1,5,2,3)",21,CUT,CUT=12/21;ASSEMBLE+INSPECT=54/210,false
C1A3T1I3F0,1,3,1,3,0,"(1,5,3,0)",21,CUT,CUT=12/21;ASSEMBLE=36/105;INSPECT=18/63,false
C1A3T1I3F1,1,3,1,3,1,"(1,5,3,1)",21,CUT,CUT=12/21;ASSEMBLE+INSPECT=54/189,false
C1A3T1I3F2,1,3,1,3,2,"(1,5,3,2)",21,CUT,CUT=12/21;ASSEMBLE+INSPECT=54/210,false
C1A3T1I3F3,1,3,1,3,3,"(1,5,3,3)",21,CUT,CUT=12/21;ASSEMBLE+INSPECT=54/231,false
C1A3T1I4F0,1,3,1,4,0,"(1,5,4,0)",21,CUT,CUT=12/21;ASSEMBLE=36/105;INSPECT=18/84,false
C1A3T1I4F1,1,3,1,4,1,"(1,5,4,1)",21,CUT,CUT=12/21;ASSEMBLE+INSPECT=54/210,false
C1A3T1I4F2,1,3,1,4,2,"(1,5,4,2)",21,CUT,CUT=12/21;ASSEMBLE+INSPECT=54/231,false
C1A3T1I4F3,1,3,1,4,3,"(1,5,4,3)",21,CUT,CUT=12/21;ASSEMBLE+INSPECT=54/252,false
C1A3T2I0F1,1,3,2,0,1,"(1,7,0,1)",26,CUT,CUT=12/26;ASSEMBLE+INSPECT=54/208,false
C1A3T2I0F2,1,3,2,0,2,"(1,7,0,2)",21,CUT,CUT=12/21;ASSEMBLE+INSPECT=54/189,false
C1A3T2I0F3,1,3,2,0,3,"(1,7,0,3)",21,CUT,CUT=12/21;ASSEMBLE+INSPECT=54/210,false
C1A3T2I1F0,1,3,2,1,0,"(1,7,1,0)",26,INSPECT,CUT=12/26;ASSEMBLE=36/182;INSPECT=18/26,false
C1A3T2I1F1,1,3,2,1,1,"(1,7,1,1)",21,CUT,CUT=12/21;ASSEMBLE+INSPECT=54/189,false
C1A3T2I1F2,1,3,2,1,2,"(1,7,1,2)",21,CUT,CUT=12/21;ASSEMBLE+INSPECT=54/210,false
C1A3T2I1F3,1,3,2,1,3,"(1,7,1,3)",21,CUT,CUT=12/21;ASSEMBLE+INSPECT=54/231,false
C1A3T2I2F0,1,3,2,2,0,"(1,7,2,0)",21,CUT,CUT=12/21;ASSEMBLE=36/147;INSPECT=18/42,false
C1A3T2I2F1,1,3,2,2,1,"(1,7,2,1)",21,CUT,CUT=12/21;ASSEMBLE+INSPECT=54/210,false
C1A3T2I2F2,1,3,2,2,2,"(1,7,2,2)",21,CUT,CUT=12/21;ASSEMBLE+INSPECT=54/231,false
C1A3T2I2F3,1,3,2,2,3,"(1,7,2,3)",21,CUT,CUT=12/21;ASSEMBLE+INSPECT=54/252,false
C1A3T2I3F0,1,3,2,3,0,"(1,7,3,0)",21,CUT,CUT=12/21;ASSEMBLE=36/147;INSPECT=18/63,false
C1A3T2I3F1,1,3,2,3,1,"(1,7,3,1)",21,CUT,CUT=12/21;ASSEMBLE+INSPECT=54/231,false
C1A3T2I3F2,1,3,2,3,2,"(1,7,3,2)",21,CUT,CUT=12/21;ASSEMBLE+INSPECT=54/252,false
C1A3T2I3F3,1,3,2,3,3,"(1,7,3,3)",21,CUT,CUT=12/21;ASSEMBLE+INSPECT=54/273,false
C1A3T2I4F0,1,3,2,4,0,"(1,7,4,0)",21,CUT,CUT=12/21;ASSEMBLE=36/147;INSPECT=18/84,false
C1A3T2I4F1,1,3,2,4,1,"(1,7,4,1)",21,CUT,CUT=12/21;ASSEMBLE+INSPECT=54/252,false
C1A3T2I4F2,1,3,2,4,2,"(1,7,4,2)",21,CUT,CUT=12/21;ASSEMBLE+INSPECT=54/273,false
C1A3T2I4F3,1,3,2,4,3,"(1,7,4,3)",21,CUT,CUT=12/21;ASSEMBLE+INSPECT=54/294,false
C1A3T3I0F1,1,3,3,0,1,"(1,9,0,1)",26,CUT,CUT=12/26;ASSEMBLE+INSPECT=54/260,false
C1A3T3I0F2,1,3,3,0,2,"(1,9,0,2)",21,CUT,CUT=12/21;ASSEMBLE+INSPECT=54/231,false
C1A3T3I0F3,1,3,3,0,3,"(1,9,0,3)",21,CUT,CUT=12/21;ASSEMBLE+INSPECT=54/252,false
C1A3T3I1F0,1,3,3,1,0,"(1,9,1,0)",26,INSPECT,CUT=12/26;ASSEMBLE=36/234;INSPECT=18/26,false
C1A3T3I1F1,1,3,3,1,1,"(1,9,1,1)",21,CUT,CUT=12/21;ASSEMBLE+INSPECT=54/231,false
C1A3T3I1F2,1,3,3,1,2,"(1,9,1,2)",21,CUT,CUT=12/21;ASSEMBLE+INSPECT=54/252,false
C1A3T3I1F3,1,3,3,1,3,"(1,9,1,3)",21,CUT,CUT=12/21;ASSEMBLE+INSPECT=54/273,false
C1A3T3I2F0,1,3,3,2,0,"(1,9,2,0)",21,CUT,CUT=12/21;ASSEMBLE=36/189;INSPECT=18/42,false
C1A3T3I2F1,1,3,3,2,1,"(1,9,2,1)",21,CUT,CUT=12/21;ASSEMBLE+INSPECT=54/252,false
C1A3T3I2F2,1,3,3,2,2,"(1,9,2,2)",21,CUT,CUT=12/21;ASSEMBLE+INSPECT=54/273,false
C1A3T3I2F3,1,3,3,2,3,"(1,9,2,3)",21,CUT,CUT=12/21;ASSEMBLE+INSPECT=54/294,false
C1A3T3I3F0,1,3,3,3,0,"(1,9,3,0)",21,CUT,CUT=12/21;ASSEMBLE=36/189;INSPECT=18/63,false
C1A3T3I3F1,1,3,3,3,1,"(1,9,3,1)",21,CUT,CUT=12/21;ASSEMBLE+INSPECT=54/273,false
C1A3T3I3F2,1,3,3,3,2,"(1,9,3,2)",21,CUT,CUT=12/21;ASSEMBLE+INSPECT=54/294,false
C1A3T3I3F3,1,3,3,3,3,"(1,9,3,3)",21,CUT,CUT=12/21;ASSEMBLE+INSPECT=54/315,false
C1A3T3I4F0,1,3,3,4,0,"(1,9,4,0)",21,CUT,CUT=12/21;ASSEMBLE=36/189;INSPECT=18/84,false
C1A3T3I4F1,1,3,3,4,1,"(1,9,4,1)",21,CUT,CUT=12/21;ASSEMBLE+INSPECT=54/294,false
C1A3T3I4F2,1,3,3,4,2,"(1,9,4,2)",21,CUT,CUT=12/21;ASSEMBLE+INSPECT=54/315,false
C1A3T3I4F3,1,3,3,4,3,"(1,9,4,3)",21,CUT,CUT=12/21;ASSEMBLE+INSPECT=54/336,false
C1A4T0I0F1,1,4,0,0,1,"(1,4,0,1)",26,CUT,CUT=12/26;ASSEMBLE+INSPECT=54/130,false
C1A4T0I0F2,1,4,0,0,2,"(1,4,0,2)",21,CUT,CUT=12/21;ASSEMBLE+INSPECT=54/126,false
C1A4T0I0F3,1,4,0,0,3,"(1,4,0,3)",21,CUT,CUT=12/21;ASSEMBLE+INSPECT=54/147,false
C1A4T0I1F0,1,4,0,1,0,"(1,4,1,0)",26,INSPECT,CUT=12/26;ASSEMBLE=36/104;INSPECT=18/26,false
C1A4T0I1F1,1,4,0,1,1,"(1,4,1,1)",21,CUT,CUT=12/21;ASSEMBLE+INSPECT=54/126,false
C1A4T0I1F2,1,4,0,1,2,"(1,4,1,2)",21,CUT,CUT=12/21;ASSEMBLE+INSPECT=54/147,false
C1A4T0I1F3,1,4,0,1,3,"(1,4,1,3)",21,CUT,CUT=12/21;ASSEMBLE+INSPECT=54/168,false
C1A4T0I2F0,1,4,0,2,0,"(1,4,2,0)",21,CUT,CUT=12/21;ASSEMBLE=36/84;INSPECT=18/42,false
C1A4T0I2F1,1,4,0,2,1,"(1,4,2,1)",21,CUT,CUT=12/21;ASSEMBLE+INSPECT=54/147,false
C1A4T0I2F2,1,4,0,2,2,"(1,4,2,2)",21,CUT,CUT=12/21;ASSEMBLE+INSPECT=54/168,false
C1A4T0I2F3,1,4,0,2,3,"(1,4,2,3)",21,CUT,CUT=12/21;ASSEMBLE+INSPECT=54/189,false
C1A4T0I3F0,1,4,0,3,0,"(1,4,3,0)",21,CUT,CUT=12/21;ASSEMBLE=36/84;INSPECT=18/63,false
C1A4T0I3F1,1,4,0,3,1,"(1,4,3,1)",21,CUT,CUT=12/21;ASSEMBLE+INSPECT=54/168,false
C1A4T0I3F2,1,4,0,3,2,"(1,4,3,2)",21,CUT,CUT=12/21;ASSEMBLE+INSPECT=54/189,false
C1A4T0I3F3,1,4,0,3,3,"(1,4,3,3)",21,CUT,CUT=12/21;ASSEMBLE+INSPECT=54/210,false
C1A4T0I4F0,1,4,0,4,0,"(1,4,4,0)",21,CUT,CUT=12/21;ASSEMBLE=36/84;INSPECT=18/84,false
C1A4T0I4F1,1,4,0,4,1,"(1,4,4,1)",21,CUT,CUT=12/21;ASSEMBLE+INSPECT=54/189,false
C1A4T0I4F2,1,4,0,4,2,"(1,4,4,2)",21,CUT,CUT=12/21;ASSEMBLE+INSPECT=54/210,false
C1A4T0I4F3,1,4,0,4,3,"(1,4,4,3)",21,CUT,CUT=12/21;ASSEMBLE+INSPECT=54/231,false
C1A4T1I0F1,1,4,1,0,1,"(1,6,0,1)",26,CUT,CUT=12/26;ASSEMBLE+INSPECT=54/182,false
C1A4T1I0F2,1,4,1,0,2,"(1,6,0,2)",21,CUT,CUT=12/21;ASSEMBLE+INSPECT=54/168,false
C1A4T1I0F3,1,4,1,0,3,"(1,6,0,3)",21,CUT,CUT=12/21;ASSEMBLE+INSPECT=54/189,false
C1A4T1I1F0,1,4,1,1,0,"(1,6,1,0)",26,INSPECT,CUT=12/26;ASSEMBLE=36/156;INSPECT=18/26,false
C1A4T1I1F1,1,4,1,1,1,"(1,6,1,1)",21,CUT,CUT=12/21;ASSEMBLE+INSPECT=54/168,false
C1A4T1I1F2,1,4,1,1,2,"(1,6,1,2)",21,CUT,CUT=12/21;ASSEMBLE+INSPECT=54/189,false
C1A4T1I1F3,1,4,1,1,3,"(1,6,1,3)",21,CUT,CUT=12/21;ASSEMBLE+INSPECT=54/210,false
C1A4T1I2F0,1,4,1,2,0,"(1,6,2,0)",21,CUT,CUT=12/21;ASSEMBLE=36/126;INSPECT=18/42,false
C1A4T1I2F1,1,4,1,2,1,"(1,6,2,1)",21,CUT,CUT=12/21;ASSEMBLE+INSPECT=54/189,false
C1A4T1I2F2,1,4,1,2,2,"(1,6,2,2)",21,CUT,CUT=12/21;ASSEMBLE+INSPECT=54/210,false
C1A4T1I2F3,1,4,1,2,3,"(1,6,2,3)",21,CUT,CUT=12/21;ASSEMBLE+INSPECT=54/231,false
C1A4T1I3F0,1,4,1,3,0,"(1,6,3,0)",21,CUT,CUT=12/21;ASSEMBLE=36/126;INSPECT=18/63,false
C1A4T1I3F1,1,4,1,3,1,"(1,6,3,1)",21,CUT,CUT=12/21;ASSEMBLE+INSPECT=54/210,false
C1A4T1I3F2,1,4,1,3,2,"(1,6,3,2)",21,CUT,CUT=12/21;ASSEMBLE+INSPECT=54/231,false
C1A4T1I3F3,1,4,1,3,3,"(1,6,3,3)",21,CUT,CUT=12/21;ASSEMBLE+INSPECT=54/252,false
C1A4T1I4F0,1,4,1,4,0,"(1,6,4,0)",21,CUT,CUT=12/21;ASSEMBLE=36/126;INSPECT=18/84,false
C1A4T1I4F1,1,4,1,4,1,"(1,6,4,1)",21,CUT,CUT=12/21;ASSEMBLE+INSPECT=54/231,false
C1A4T1I4F2,1,4,1,4,2,"(1,6,4,2)",21,CUT,CUT=12/21;ASSEMBLE+INSPECT=54/252,false
C1A4T1I4F3,1,4,1,4,3,"(1,6,4,3)",21,CUT,CUT=12/21;ASSEMBLE+INSPECT=54/273,false
C1A4T2I0F1,1,4,2,0,1,"(1,8,0,1)",26,CUT,CUT=12/26;ASSEMBLE+INSPECT=54/234,false
C1A4T2I0F2,1,4,2,0,2,"(1,8,0,2)",21,CUT,CUT=12/21;ASSEMBLE+INSPECT=54/210,false
C1A4T2I0F3,1,4,2,0,3,"(1,8,0,3)",21,CUT,CUT=12/21;ASSEMBLE+INSPECT=54/231,false
C1A4T2I1F0,1,4,2,1,0,"(1,8,1,0)",26,INSPECT,CUT=12/26;ASSEMBLE=36/208;INSPECT=18/26,false
C1A4T2I1F1,1,4,2,1,1,"(1,8,1,1)",21,CUT,CUT=12/21;ASSEMBLE+INSPECT=54/210,false
C1A4T2I1F2,1,4,2,1,2,"(1,8,1,2)",21,CUT,CUT=12/21;ASSEMBLE+INSPECT=54/231,false
C1A4T2I1F3,1,4,2,1,3,"(1,8,1,3)",21,CUT,CUT=12/21;ASSEMBLE+INSPECT=54/252,false
C1A4T2I2F0,1,4,2,2,0,"(1,8,2,0)",21,CUT,CUT=12/21;ASSEMBLE=36/168;INSPECT=18/42,false
C1A4T2I2F1,1,4,2,2,1,"(1,8,2,1)",21,CUT,CUT=12/21;ASSEMBLE+INSPECT=54/231,false
C1A4T2I2F2,1,4,2,2,2,"(1,8,2,2)",21,CUT,CUT=12/21;ASSEMBLE+INSPECT=54/252,false
C1A4T2I2F3,1,4,2,2,3,"(1,8,2,3)",21,CUT,CUT=12/21;ASSEMBLE+INSPECT=54/273,false
C1A4T2I3F0,1,4,2,3,0,"(1,8,3,0)",21,CUT,CUT=12/21;ASSEMBLE=36/168;INSPECT=18/63,false
C1A4T2I3F1,1,4,2,3,1,"(1,8,3,1)",21,CUT,CUT=12/21;ASSEMBLE+INSPECT=54/252,false
C1A4T2I3F2,1,4,2,3,2,"(1,8,3,2)",21,CUT,CUT=12/21;ASSEMBLE+INSPECT=54/273,false
C1A4T2I3F3,1,4,2,3,3,"(1,8,3,3)",21,CUT,CUT=12/21;ASSEMBLE+INSPECT=54/294,false
C1A4T2I4F0,1,4,2,4,0,"(1,8,4,0)",21,CUT,CUT=12/21;ASSEMBLE=36/168;INSPECT=18/84,false
C1A4T2I4F1,1,4,2,4,1,"(1,8,4,1)",21,CUT,CUT=12/21;ASSEMBLE+INSPECT=54/273,false
C1A4T2I4F2,1,4,2,4,2,"(1,8,4,2)",21,CUT,CUT=12/21;ASSEMBLE+INSPECT=54/294,false
C1A4T2I4F3,1,4,2,4,3,"(1,8,4,3)",21,CUT,CUT=12/21;ASSEMBLE+INSPECT=54/315,false
C1A4T3I0F1,1,4,3,0,1,"(1,10,0,1)",26,CUT,CUT=12/26;ASSEMBLE+INSPECT=54/286,false
C1A4T3I0F2,1,4,3,0,2,"(1,10,0,2)",21,CUT,CUT=12/21;ASSEMBLE+INSPECT=54/252,false
C1A4T3I0F3,1,4,3,0,3,"(1,10,0,3)",21,CUT,CUT=12/21;ASSEMBLE+INSPECT=54/273,false
C1A4T3I1F0,1,4,3,1,0,"(1,10,1,0)",26,INSPECT,CUT=12/26;ASSEMBLE=36/260;INSPECT=18/26,false
C1A4T3I1F1,1,4,3,1,1,"(1,10,1,1)",21,CUT,CUT=12/21;ASSEMBLE+INSPECT=54/252,false
C1A4T3I1F2,1,4,3,1,2,"(1,10,1,2)",21,CUT,CUT=12/21;ASSEMBLE+INSPECT=54/273,false
C1A4T3I1F3,1,4,3,1,3,"(1,10,1,3)",21,CUT,CUT=12/21;ASSEMBLE+INSPECT=54/294,false
C1A4T3I2F0,1,4,3,2,0,"(1,10,2,0)",21,CUT,CUT=12/21;ASSEMBLE=36/210;INSPECT=18/42,false
C1A4T3I2F1,1,4,3,2,1,"(1,10,2,1)",21,CUT,CUT=12/21;ASSEMBLE+INSPECT=54/273,false
C1A4T3I2F2,1,4,3,2,2,"(1,10,2,2)",21,CUT,CUT=12/21;ASSEMBLE+INSPECT=54/294,false
C1A4T3I2F3,1,4,3,2,3,"(1,10,2,3)",21,CUT,CUT=12/21;ASSEMBLE+INSPECT=54/315,false
C1A4T3I3F0,1,4,3,3,0,"(1,10,3,0)",21,CUT,CUT=12/21;ASSEMBLE=36/210;INSPECT=18/63,false
C1A4T3I3F1,1,4,3,3,1,"(1,10,3,1)",21,CUT,CUT=12/21;ASSEMBLE+INSPECT=54/294,false
C1A4T3I3F2,1,4,3,3,2,"(1,10,3,2)",21,CUT,CUT=12/21;ASSEMBLE+INSPECT=54/315,false
C1A4T3I3F3,1,4,3,3,3,"(1,10,3,3)",21,CUT,CUT=12/21;ASSEMBLE+INSPECT=54/336,false
C1A4T3I4F0,1,4,3,4,0,"(1,10,4,0)",21,CUT,CUT=12/21;ASSEMBLE=36/210;INSPECT=18/84,false
C1A4T3I4F1,1,4,3,4,1,"(1,10,4,1)",21,CUT,CUT=12/21;ASSEMBLE+INSPECT=54/315,false
C1A4T3I4F2,1,4,3,4,2,"(1,10,4,2)",21,CUT,CUT=12/21;ASSEMBLE+INSPECT=54/336,false
C1A4T3I4F3,1,4,3,4,3,"(1,10,4,3)",21,CUT,CUT=12/21;ASSEMBLE+INSPECT=54/357,false
C1A5T0I0F1,1,5,0,0,1,"(1,5,0,1)",26,CUT,CUT=12/26;ASSEMBLE+INSPECT=54/156,false
C1A5T0I0F2,1,5,0,0,2,"(1,5,0,2)",21,CUT,CUT=12/21;ASSEMBLE+INSPECT=54/147,false
C1A5T0I0F3,1,5,0,0,3,"(1,5,0,3)",21,CUT,CUT=12/21;ASSEMBLE+INSPECT=54/168,false
C1A5T0I1F0,1,5,0,1,0,"(1,5,1,0)",26,INSPECT,CUT=12/26;ASSEMBLE=36/130;INSPECT=18/26,false
C1A5T0I1F1,1,5,0,1,1,"(1,5,1,1)",21,CUT,CUT=12/21;ASSEMBLE+INSPECT=54/147,false
C1A5T0I1F2,1,5,0,1,2,"(1,5,1,2)",21,CUT,CUT=12/21;ASSEMBLE+INSPECT=54/168,false
C1A5T0I1F3,1,5,0,1,3,"(1,5,1,3)",21,CUT,CUT=12/21;ASSEMBLE+INSPECT=54/189,false
C1A5T0I2F0,1,5,0,2,0,"(1,5,2,0)",21,CUT,CUT=12/21;ASSEMBLE=36/105;INSPECT=18/42,false
C1A5T0I2F1,1,5,0,2,1,"(1,5,2,1)",21,CUT,CUT=12/21;ASSEMBLE+INSPECT=54/168,false
C1A5T0I2F2,1,5,0,2,2,"(1,5,2,2)",21,CUT,CUT=12/21;ASSEMBLE+INSPECT=54/189,false
C1A5T0I2F3,1,5,0,2,3,"(1,5,2,3)",21,CUT,CUT=12/21;ASSEMBLE+INSPECT=54/210,false
C1A5T0I3F0,1,5,0,3,0,"(1,5,3,0)",21,CUT,CUT=12/21;ASSEMBLE=36/105;INSPECT=18/63,false
C1A5T0I3F1,1,5,0,3,1,"(1,5,3,1)",21,CUT,CUT=12/21;ASSEMBLE+INSPECT=54/189,false
C1A5T0I3F2,1,5,0,3,2,"(1,5,3,2)",21,CUT,CUT=12/21;ASSEMBLE+INSPECT=54/210,false
C1A5T0I3F3,1,5,0,3,3,"(1,5,3,3)",21,CUT,CUT=12/21;ASSEMBLE+INSPECT=54/231,false
C1A5T0I4F0,1,5,0,4,0,"(1,5,4,0)",21,CUT,CUT=12/21;ASSEMBLE=36/105;INSPECT=18/84,false
C1A5T0I4F1,1,5,0,4,1,"(1,5,4,1)",21,CUT,CUT=12/21;ASSEMBLE+INSPECT=54/210,false
C1A5T0I4F2,1,5,0,4,2,"(1,5,4,2)",21,CUT,CUT=12/21;ASSEMBLE+INSPECT=54/231,false
C1A5T0I4F3,1,5,0,4,3,"(1,5,4,3)",21,CUT,CUT=12/21;ASSEMBLE+INSPECT=54/252,false
C1A5T1I0F1,1,5,1,0,1,"(1,7,0,1)",26,CUT,CUT=12/26;ASSEMBLE+INSPECT=54/208,false
C1A5T1I0F2,1,5,1,0,2,"(1,7,0,2)",21,CUT,CUT=12/21;ASSEMBLE+INSPECT=54/189,false
C1A5T1I0F3,1,5,1,0,3,"(1,7,0,3)",21,CUT,CUT=12/21;ASSEMBLE+INSPECT=54/210,false
C1A5T1I1F0,1,5,1,1,0,"(1,7,1,0)",26,INSPECT,CUT=12/26;ASSEMBLE=36/182;INSPECT=18/26,false
C1A5T1I1F1,1,5,1,1,1,"(1,7,1,1)",21,CUT,CUT=12/21;ASSEMBLE+INSPECT=54/189,false
C1A5T1I1F2,1,5,1,1,2,"(1,7,1,2)",21,CUT,CUT=12/21;ASSEMBLE+INSPECT=54/210,false
C1A5T1I1F3,1,5,1,1,3,"(1,7,1,3)",21,CUT,CUT=12/21;ASSEMBLE+INSPECT=54/231,false
C1A5T1I2F0,1,5,1,2,0,"(1,7,2,0)",21,CUT,CUT=12/21;ASSEMBLE=36/147;INSPECT=18/42,false
C1A5T1I2F1,1,5,1,2,1,"(1,7,2,1)",21,CUT,CUT=12/21;ASSEMBLE+INSPECT=54/210,false
C1A5T1I2F2,1,5,1,2,2,"(1,7,2,2)",21,CUT,CUT=12/21;ASSEMBLE+INSPECT=54/231,false
C1A5T1I2F3,1,5,1,2,3,"(1,7,2,3)",21,CUT,CUT=12/21;ASSEMBLE+INSPECT=54/252,false
C1A5T1I3F0,1,5,1,3,0,"(1,7,3,0)",21,CUT,CUT=12/21;ASSEMBLE=36/147;INSPECT=18/63,false
C1A5T1I3F1,1,5,1,3,1,"(1,7,3,1)",21,CUT,CUT=12/21;ASSEMBLE+INSPECT=54/231,false
C1A5T1I3F2,1,5,1,3,2,"(1,7,3,2)",21,CUT,CUT=12/21;ASSEMBLE+INSPECT=54/252,false
C1A5T1I3F3,1,5,1,3,3,"(1,7,3,3)",21,CUT,CUT=12/21;ASSEMBLE+INSPECT=54/273,false
C1A5T1I4F0,1,5,1,4,0,"(1,7,4,0)",21,CUT,CUT=12/21;ASSEMBLE=36/147;INSPECT=18/84,false
C1A5T1I4F1,1,5,1,4,1,"(1,7,4,1)",21,CUT,CUT=12/21;ASSEMBLE+INSPECT=54/252,false
C1A5T1I4F2,1,5,1,4,2,"(1,7,4,2)",21,CUT,CUT=12/21;ASSEMBLE+INSPECT=54/273,false
C1A5T1I4F3,1,5,1,4,3,"(1,7,4,3)",21,CUT,CUT=12/21;ASSEMBLE+INSPECT=54/294,false
C1A5T2I0F1,1,5,2,0,1,"(1,9,0,1)",26,CUT,CUT=12/26;ASSEMBLE+INSPECT=54/260,false
C1A5T2I0F2,1,5,2,0,2,"(1,9,0,2)",21,CUT,CUT=12/21;ASSEMBLE+INSPECT=54/231,false
C1A5T2I0F3,1,5,2,0,3,"(1,9,0,3)",21,CUT,CUT=12/21;ASSEMBLE+INSPECT=54/252,false
C1A5T2I1F0,1,5,2,1,0,"(1,9,1,0)",26,INSPECT,CUT=12/26;ASSEMBLE=36/234;INSPECT=18/26,false
C1A5T2I1F1,1,5,2,1,1,"(1,9,1,1)",21,CUT,CUT=12/21;ASSEMBLE+INSPECT=54/231,false
C1A5T2I1F2,1,5,2,1,2,"(1,9,1,2)",21,CUT,CUT=12/21;ASSEMBLE+INSPECT=54/252,false
C1A5T2I1F3,1,5,2,1,3,"(1,9,1,3)",21,CUT,CUT=12/21;ASSEMBLE+INSPECT=54/273,false
C1A5T2I2F0,1,5,2,2,0,"(1,9,2,0)",21,CUT,CUT=12/21;ASSEMBLE=36/189;INSPECT=18/42,false
C1A5T2I2F1,1,5,2,2,1,"(1,9,2,1)",21,CUT,CUT=12/21;ASSEMBLE+INSPECT=54/252,false
C1A5T2I2F2,1,5,2,2,2,"(1,9,2,2)",21,CUT,CUT=12/21;ASSEMBLE+INSPECT=54/273,false
C1A5T2I2F3,1,5,2,2,3,"(1,9,2,3)",21,CUT,CUT=12/21;ASSEMBLE+INSPECT=54/294,false
C1A5T2I3F0,1,5,2,3,0,"(1,9,3,0)",21,CUT,CUT=12/21;ASSEMBLE=36/189;INSPECT=18/63,false
C1A5T2I3F1,1,5,2,3,1,"(1,9,3,1)",21,CUT,CUT=12/21;ASSEMBLE+INSPECT=54/273,false
C1A5T2I3F2,1,5,2,3,2,"(1,9,3,2)",21,CUT,CUT=12/21;ASSEMBLE+INSPECT=54/294,false
C1A5T2I3F3,1,5,2,3,3,"(1,9,3,3)",21,CUT,CUT=12/21;ASSEMBLE+INSPECT=54/315,false
C1A5T2I4F0,1,5,2,4,0,"(1,9,4,0)",21,CUT,CUT=12/21;ASSEMBLE=36/189;INSPECT=18/84,false
C1A5T2I4F1,1,5,2,4,1,"(1,9,4,1)",21,CUT,CUT=12/21;ASSEMBLE+INSPECT=54/294,false
C1A5T2I4F2,1,5,2,4,2,"(1,9,4,2)",21,CUT,CUT=12/21;ASSEMBLE+INSPECT=54/315,false
C1A5T2I4F3,1,5,2,4,3,"(1,9,4,3)",21,CUT,CUT=12/21;ASSEMBLE+INSPECT=54/336,false
C1A5T3I0F1,1,5,3,0,1,"(1,11,0,1)",26,CUT,CUT=12/26;ASSEMBLE+INSPECT=54/312,false
C1A5T3I0F2,1,5,3,0,2,"(1,11,0,2)",21,CUT,CUT=12/21;ASSEMBLE+INSPECT=54/273,false
C1A5T3I0F3,1,5,3,0,3,"(1,11,0,3)",21,CUT,CUT=12/21;ASSEMBLE+INSPECT=54/294,false
C1A5T3I1F0,1,5,3,1,0,"(1,11,1,0)",26,INSPECT,CUT=12/26;ASSEMBLE=36/286;INSPECT=18/26,false
C1A5T3I1F1,1,5,3,1,1,"(1,11,1,1)",21,CUT,CUT=12/21;ASSEMBLE+INSPECT=54/273,false
C1A5T3I1F2,1,5,3,1,2,"(1,11,1,2)",21,CUT,CUT=12/21;ASSEMBLE+INSPECT=54/294,false
C1A5T3I1F3,1,5,3,1,3,"(1,11,1,3)",21,CUT,CUT=12/21;ASSEMBLE+INSPECT=54/315,false
C1A5T3I2F0,1,5,3,2,0,"(1,11,2,0)",21,CUT,CUT=12/21;ASSEMBLE=36/231;INSPECT=18/42,false
C1A5T3I2F1,1,5,3,2,1,"(1,11,2,1)",21,CUT,CUT=12/21;ASSEMBLE+INSPECT=54/294,false
C1A5T3I2F2,1,5,3,2,2,"(1,11,2,2)",21,CUT,CUT=12/21;ASSEMBLE+INSPECT=54/315,false
C1A5T3I2F3,1,5,3,2,3,"(1,11,2,3)",21,CUT,CUT=12/21;ASSEMBLE+INSPECT=54/336,false
C1A5T3I3F0,1,5,3,3,0,"(1,11,3,0)",21,CUT,CUT=12/21;ASSEMBLE=36/231;INSPECT=18/63,false
C1A5T3I3F1,1,5,3,3,1,"(1,11,3,1)",21,CUT,CUT=12/21;ASSEMBLE+INSPECT=54/315,false
C1A5T3I3F2,1,5,3,3,2,"(1,11,3,2)",21,CUT,CUT=12/21;ASSEMBLE+INSPECT=54/336,false
C1A5T3I3F3,1,5,3,3,3,"(1,11,3,3)",21,CUT,CUT=12/21;ASSEMBLE+INSPECT=54/357,false
C1A5T3I4F0,1,5,3,4,0,"(1,11,4,0)",21,CUT,CUT=12/21;ASSEMBLE=36/231;INSPECT=18/84,false
C1A5T3I4F1,1,5,3,4,1,"(1,11,4,1)",21,CUT,CUT=12/21;ASSEMBLE+INSPECT=54/336,false
C1A5T3I4F2,1,5,3,4,2,"(1,11,4,2)",21,CUT,CUT=12/21;ASSEMBLE+INSPECT=54/357,false
C1A5T3I4F3,1,5,3,4,3,"(1,11,4,3)",21,CUT,CUT=12/21;ASSEMBLE+INSPECT=54/378,false
C1A6T0I0F1,1,6,0,0,1,"(1,6,0,1)",26,CUT,CUT=12/26;ASSEMBLE+INSPECT=54/182,false
C1A6T0I0F2,1,6,0,0,2,"(1,6,0,2)",21,CUT,CUT=12/21;ASSEMBLE+INSPECT=54/168,false
C1A6T0I0F3,1,6,0,0,3,"(1,6,0,3)",21,CUT,CUT=12/21;ASSEMBLE+INSPECT=54/189,false
C1A6T0I1F0,1,6,0,1,0,"(1,6,1,0)",26,INSPECT,CUT=12/26;ASSEMBLE=36/156;INSPECT=18/26,false
C1A6T0I1F1,1,6,0,1,1,"(1,6,1,1)",21,CUT,CUT=12/21;ASSEMBLE+INSPECT=54/168,false
C1A6T0I1F2,1,6,0,1,2,"(1,6,1,2)",21,CUT,CUT=12/21;ASSEMBLE+INSPECT=54/189,false
C1A6T0I1F3,1,6,0,1,3,"(1,6,1,3)",21,CUT,CUT=12/21;ASSEMBLE+INSPECT=54/210,false
C1A6T0I2F0,1,6,0,2,0,"(1,6,2,0)",21,CUT,CUT=12/21;ASSEMBLE=36/126;INSPECT=18/42,false
C1A6T0I2F1,1,6,0,2,1,"(1,6,2,1)",21,CUT,CUT=12/21;ASSEMBLE+INSPECT=54/189,false
C1A6T0I2F2,1,6,0,2,2,"(1,6,2,2)",21,CUT,CUT=12/21;ASSEMBLE+INSPECT=54/210,false
C1A6T0I2F3,1,6,0,2,3,"(1,6,2,3)",21,CUT,CUT=12/21;ASSEMBLE+INSPECT=54/231,false
C1A6T0I3F0,1,6,0,3,0,"(1,6,3,0)",21,CUT,CUT=12/21;ASSEMBLE=36/126;INSPECT=18/63,false
C1A6T0I3F1,1,6,0,3,1,"(1,6,3,1)",21,CUT,CUT=12/21;ASSEMBLE+INSPECT=54/210,false
C1A6T0I3F2,1,6,0,3,2,"(1,6,3,2)",21,CUT,CUT=12/21;ASSEMBLE+INSPECT=54/231,false
C1A6T0I3F3,1,6,0,3,3,"(1,6,3,3)",21,CUT,CUT=12/21;ASSEMBLE+INSPECT=54/252,false
C1A6T0I4F0,1,6,0,4,0,"(1,6,4,0)",21,CUT,CUT=12/21;ASSEMBLE=36/126;INSPECT=18/84,false
C1A6T0I4F1,1,6,0,4,1,"(1,6,4,1)",21,CUT,CUT=12/21;ASSEMBLE+INSPECT=54/231,false
C1A6T0I4F2,1,6,0,4,2,"(1,6,4,2)",21,CUT,CUT=12/21;ASSEMBLE+INSPECT=54/252,false
C1A6T0I4F3,1,6,0,4,3,"(1,6,4,3)",21,CUT,CUT=12/21;ASSEMBLE+INSPECT=54/273,false
C1A6T1I0F1,1,6,1,0,1,"(1,8,0,1)",26,CUT,CUT=12/26;ASSEMBLE+INSPECT=54/234,false
C1A6T1I0F2,1,6,1,0,2,"(1,8,0,2)",21,CUT,CUT=12/21;ASSEMBLE+INSPECT=54/210,false
C1A6T1I0F3,1,6,1,0,3,"(1,8,0,3)",21,CUT,CUT=12/21;ASSEMBLE+INSPECT=54/231,false
C1A6T1I1F0,1,6,1,1,0,"(1,8,1,0)",26,INSPECT,CUT=12/26;ASSEMBLE=36/208;INSPECT=18/26,false
C1A6T1I1F1,1,6,1,1,1,"(1,8,1,1)",21,CUT,CUT=12/21;ASSEMBLE+INSPECT=54/210,false
C1A6T1I1F2,1,6,1,1,2,"(1,8,1,2)",21,CUT,CUT=12/21;ASSEMBLE+INSPECT=54/231,false
C1A6T1I1F3,1,6,1,1,3,"(1,8,1,3)",21,CUT,CUT=12/21;ASSEMBLE+INSPECT=54/252,false
C1A6T1I2F0,1,6,1,2,0,"(1,8,2,0)",21,CUT,CUT=12/21;ASSEMBLE=36/168;INSPECT=18/42,false
C1A6T1I2F1,1,6,1,2,1,"(1,8,2,1)",21,CUT,CUT=12/21;ASSEMBLE+INSPECT=54/231,false
C1A6T1I2F2,1,6,1,2,2,"(1,8,2,2)",21,CUT,CUT=12/21;ASSEMBLE+INSPECT=54/252,false
C1A6T1I2F3,1,6,1,2,3,"(1,8,2,3)",21,CUT,CUT=12/21;ASSEMBLE+INSPECT=54/273,false
C1A6T1I3F0,1,6,1,3,0,"(1,8,3,0)",21,CUT,CUT=12/21;ASSEMBLE=36/168;INSPECT=18/63,false
C1A6T1I3F1,1,6,1,3,1,"(1,8,3,1)",21,CUT,CUT=12/21;ASSEMBLE+INSPECT=54/252,false
C1A6T1I3F2,1,6,1,3,2,"(1,8,3,2)",21,CUT,CUT=12/21;ASSEMBLE+INSPECT=54/273,false
C1A6T1I3F3,1,6,1,3,3,"(1,8,3,3)",21,CUT,CUT=12/21;ASSEMBLE+INSPECT=54/294,false
C1A6T1I4F0,1,6,1,4,0,"(1,8,4,0)",21,CUT,CUT=12/21;ASSEMBLE=36/168;INSPECT=18/84,false
C1A6T1I4F1,1,6,1,4,1,"(1,8,4,1)",21,CUT,CUT=12/21;ASSEMBLE+INSPECT=54/273,false
C1A6T1I4F2,1,6,1,4,2,"(1,8,4,2)",21,CUT,CUT=12/21;ASSEMBLE+INSPECT=54/294,false
C1A6T1I4F3,1,6,1,4,3,"(1,8,4,3)",21,CUT,CUT=12/21;ASSEMBLE+INSPECT=54/315,false
C1A6T2I0F1,1,6,2,0,1,"(1,10,0,1)",26,CUT,CUT=12/26;ASSEMBLE+INSPECT=54/286,false
C1A6T2I0F2,1,6,2,0,2,"(1,10,0,2)",21,CUT,CUT=12/21;ASSEMBLE+INSPECT=54/252,false
C1A6T2I0F3,1,6,2,0,3,"(1,10,0,3)",21,CUT,CUT=12/21;ASSEMBLE+INSPECT=54/273,false
C1A6T2I1F0,1,6,2,1,0,"(1,10,1,0)",26,INSPECT,CUT=12/26;ASSEMBLE=36/260;INSPECT=18/26,false
C1A6T2I1F1,1,6,2,1,1,"(1,10,1,1)",21,CUT,CUT=12/21;ASSEMBLE+INSPECT=54/252,false
C1A6T2I1F2,1,6,2,1,2,"(1,10,1,2)",21,CUT,CUT=12/21;ASSEMBLE+INSPECT=54/273,false
C1A6T2I1F3,1,6,2,1,3,"(1,10,1,3)",21,CUT,CUT=12/21;ASSEMBLE+INSPECT=54/294,false
C1A6T2I2F0,1,6,2,2,0,"(1,10,2,0)",21,CUT,CUT=12/21;ASSEMBLE=36/210;INSPECT=18/42,false
C1A6T2I2F1,1,6,2,2,1,"(1,10,2,1)",21,CUT,CUT=12/21;ASSEMBLE+INSPECT=54/273,false
C1A6T2I2F2,1,6,2,2,2,"(1,10,2,2)",21,CUT,CUT=12/21;ASSEMBLE+INSPECT=54/294,false
C1A6T2I2F3,1,6,2,2,3,"(1,10,2,3)",21,CUT,CUT=12/21;ASSEMBLE+INSPECT=54/315,false
C1A6T2I3F0,1,6,2,3,0,"(1,10,3,0)",21,CUT,CUT=12/21;ASSEMBLE=36/210;INSPECT=18/63,false
C1A6T2I3F1,1,6,2,3,1,"(1,10,3,1)",21,CUT,CUT=12/21;ASSEMBLE+INSPECT=54/294,false
C1A6T2I3F2,1,6,2,3,2,"(1,10,3,2)",21,CUT,CUT=12/21;ASSEMBLE+INSPECT=54/315,false
C1A6T2I3F3,1,6,2,3,3,"(1,10,3,3)",21,CUT,CUT=12/21;ASSEMBLE+INSPECT=54/336,false
C1A6T2I4F0,1,6,2,4,0,"(1,10,4,0)",21,CUT,CUT=12/21;ASSEMBLE=36/210;INSPECT=18/84,false
C1A6T2I4F1,1,6,2,4,1,"(1,10,4,1)",21,CUT,CUT=12/21;ASSEMBLE+INSPECT=54/315,false
C1A6T2I4F2,1,6,2,4,2,"(1,10,4,2)",21,CUT,CUT=12/21;ASSEMBLE+INSPECT=54/336,false
C1A6T2I4F3,1,6,2,4,3,"(1,10,4,3)",21,CUT,CUT=12/21;ASSEMBLE+INSPECT=54/357,false
C1A6T3I0F1,1,6,3,0,1,"(1,12,0,1)",26,CUT,CUT=12/26;ASSEMBLE+INSPECT=54/338,false
C1A6T3I0F2,1,6,3,0,2,"(1,12,0,2)",21,CUT,CUT=12/21;ASSEMBLE+INSPECT=54/294,false
C1A6T3I0F3,1,6,3,0,3,"(1,12,0,3)",21,CUT,CUT=12/21;ASSEMBLE+INSPECT=54/315,false
C1A6T3I1F0,1,6,3,1,0,"(1,12,1,0)",26,INSPECT,CUT=12/26;ASSEMBLE=36/312;INSPECT=18/26,false
C1A6T3I1F1,1,6,3,1,1,"(1,12,1,1)",21,CUT,CUT=12/21;ASSEMBLE+INSPECT=54/294,false
C1A6T3I1F2,1,6,3,1,2,"(1,12,1,2)",21,CUT,CUT=12/21;ASSEMBLE+INSPECT=54/315,false
C1A6T3I1F3,1,6,3,1,3,"(1,12,1,3)",21,CUT,CUT=12/21;ASSEMBLE+INSPECT=54/336,false
C1A6T3I2F0,1,6,3,2,0,"(1,12,2,0)",21,CUT,CUT=12/21;ASSEMBLE=36/252;INSPECT=18/42,false
C1A6T3I2F1,1,6,3,2,1,"(1,12,2,1)",21,CUT,CUT=12/21;ASSEMBLE+INSPECT=54/315,false
C1A6T3I2F2,1,6,3,2,2,"(1,12,2,2)",21,CUT,CUT=12/21;ASSEMBLE+INSPECT=54/336,false
C1A6T3I2F3,1,6,3,2,3,"(1,12,2,3)",21,CUT,CUT=12/21;ASSEMBLE+INSPECT=54/357,false
C1A6T3I3F0,1,6,3,3,0,"(1,12,3,0)",21,CUT,CUT=12/21;ASSEMBLE=36/252;INSPECT=18/63,false
C1A6T3I3F1,1,6,3,3,1,"(1,12,3,1)",21,CUT,CUT=12/21;ASSEMBLE+INSPECT=54/336,false
C1A6T3I3F2,1,6,3,3,2,"(1,12,3,2)",21,CUT,CUT=12/21;ASSEMBLE+INSPECT=54/357,false
C1A6T3I3F3,1,6,3,3,3,"(1,12,3,3)",21,CUT,CUT=12/21;ASSEMBLE+INSPECT=54/378,false
C1A6T3I4F0,1,6,3,4,0,"(1,12,4,0)",21,CUT,CUT=12/21;ASSEMBLE=36/252;INSPECT=18/84,false
C1A6T3I4F1,1,6,3,4,1,"(1,12,4,1)",21,CUT,CUT=12/21;ASSEMBLE+INSPECT=54/357,false
C1A6T3I4F2,1,6,3,4,2,"(1,12,4,2)",21,CUT,CUT=12/21;ASSEMBLE+INSPECT=54/378,false
C1A6T3I4F3,1,6,3,4,3,"(1,12,4,3)",21,CUT,CUT=12/21;ASSEMBLE+INSPECT=54/399,false
C2A0T0I0F1,2,0,0,0,1,"(2,0,0,1)",56,ASSEMBLE+INSPECT,CUT=12/112;ASSEMBLE+INSPECT=54/56,true
C2A0T0I0F2,2,0,0,0,2,"(2,0,0,2)",29,ASSEMBLE+INSPECT,CUT=12/58;ASSEMBLE+INSPECT=54/58,true
C2A0T0I0F3,2,0,0,0,3,"(2,0,0,3)",22,ASSEMBLE+INSPECT,CUT=12/44;ASSEMBLE+INSPECT=54/66,true
C2A0T0I1F1,2,0,0,1,1,"(2,0,1,1)",41,ASSEMBLE+INSPECT,CUT=12/82;ASSEMBLE+INSPECT=54/82,false
C2A0T0I1F2,2,0,0,1,2,"(2,0,1,2)",29,ASSEMBLE+INSPECT,CUT=12/58;ASSEMBLE+INSPECT=54/87,true
C2A0T0I1F3,2,0,0,1,3,"(2,0,1,3)",22,ASSEMBLE+INSPECT,CUT=12/44;ASSEMBLE+INSPECT=54/88,true
C2A0T0I2F1,2,0,0,2,1,"(2,0,2,1)",41,ASSEMBLE+INSPECT,CUT=12/82;ASSEMBLE+INSPECT=54/123,false
C2A0T0I2F2,2,0,0,2,2,"(2,0,2,2)",23,ASSEMBLE+INSPECT,CUT=12/46;ASSEMBLE+INSPECT=54/92,false
C2A0T0I2F3,2,0,0,2,3,"(2,0,2,3)",22,ASSEMBLE+INSPECT,CUT=12/44;ASSEMBLE+INSPECT=54/110,true
C2A0T0I3F1,2,0,0,3,1,"(2,0,3,1)",41,ASSEMBLE+INSPECT,CUT=12/82;ASSEMBLE+INSPECT=54/164,false
C2A0T0I3F2,2,0,0,3,2,"(2,0,3,2)",23,ASSEMBLE+INSPECT,CUT=12/46;ASSEMBLE+INSPECT=54/115,false
C2A0T0I3F3,2,0,0,3,3,"(2,0,3,3)",19,ASSEMBLE+INSPECT,CUT=12/38;ASSEMBLE+INSPECT=54/114,false
C2A0T0I4F1,2,0,0,4,1,"(2,0,4,1)",41,ASSEMBLE+INSPECT,CUT=12/82;ASSEMBLE+INSPECT=54/205,false
C2A0T0I4F2,2,0,0,4,2,"(2,0,4,2)",23,ASSEMBLE+INSPECT,CUT=12/46;ASSEMBLE+INSPECT=54/138,false
C2A0T0I4F3,2,0,0,4,3,"(2,0,4,3)",19,ASSEMBLE+INSPECT,CUT=12/38;ASSEMBLE+INSPECT=54/133,false
C2A0T1I0F1,2,0,1,0,1,"(2,2,0,1)",28,ASSEMBLE+INSPECT,CUT=12/56;ASSEMBLE+INSPECT=54/84,true
C2A0T1I0F2,2,0,1,0,2,"(2,2,0,2)",19,ASSEMBLE+INSPECT,CUT=12/38;ASSEMBLE+INSPECT=54/76,true
C2A0T1I0F3,2,0,1,0,3,"(2,2,0,3)",18,ASSEMBLE+INSPECT,CUT=12/36;ASSEMBLE+INSPECT=54/90,true
C2A0T1I1F0,2,0,1,1,0,"(2,2,1,0)",26,ASSEMBLE|INSPECT,CUT=12/52;ASSEMBLE=36/52;INSPECT=18/26,false
C2A0T1I1F1,2,0,1,1,1,"(2,2,1,1)",22,ASSEMBLE+INSPECT,CUT=12/44;ASSEMBLE+INSPECT=54/88,true
C2A0T1I1F2,2,0,1,1,2,"(2,2,1,2)",17,ASSEMBLE+INSPECT,CUT=12/34;ASSEMBLE+INSPECT=54/85,true
C2A0T1I1F3,2,0,1,1,3,"(2,2,1,3)",17,ASSEMBLE+INSPECT,CUT=12/34;ASSEMBLE+INSPECT=54/102,true
C2A0T1I2F0,2,0,1,2,0,"(2,2,2,0)",23,ASSEMBLE,CUT=12/46;ASSEMBLE=36/46;INSPECT=18/46,false
C2A0T1I2F1,2,0,1,2,1,"(2,2,2,1)",22,ASSEMBLE+INSPECT,CUT=12/44;ASSEMBLE+INSPECT=54/110,true
C2A0T1I2F2,2,0,1,2,2,"(2,2,2,2)",17,ASSEMBLE+INSPECT,CUT=12/34;ASSEMBLE+INSPECT=54/102,true
C2A0T1I2F3,2,0,1,2,3,"(2,2,2,3)",17,ASSEMBLE+INSPECT,CUT=12/34;ASSEMBLE+INSPECT=54/119,true
C2A0T1I3F0,2,0,1,3,0,"(2,2,3,0)",23,ASSEMBLE,CUT=12/46;ASSEMBLE=36/46;INSPECT=18/69,false
C2A0T1I3F1,2,0,1,3,1,"(2,2,3,1)",19,ASSEMBLE+INSPECT,CUT=12/38;ASSEMBLE+INSPECT=54/114,false
C2A0T1I3F2,2,0,1,3,2,"(2,2,3,2)",17,ASSEMBLE+INSPECT,CUT=12/34;ASSEMBLE+INSPECT=54/119,true
C2A0T1I3F3,2,0,1,3,3,"(2,2,3,3)",17,ASSEMBLE+INSPECT,CUT=12/34;ASSEMBLE+INSPECT=54/136,true
C2A0T1I4F0,2,0,1,4,0,"(2,2,4,0)",23,ASSEMBLE,CUT=12/46;ASSEMBLE=36/46;INSPECT=18/92,false
C2A0T1I4F1,2,0,1,4,1,"(2,2,4,1)",19,ASSEMBLE+INSPECT,CUT=12/38;ASSEMBLE+INSPECT=54/133,false
C2A0T1I4F2,2,0,1,4,2,"(2,2,4,2)",17,ASSEMBLE+INSPECT,CUT=12/34;ASSEMBLE+INSPECT=54/136,false
C2A0T1I4F3,2,0,1,4,3,"(2,2,4,3)",17,CUT|ASSEMBLE+INSPECT,CUT=12/34;ASSEMBLE+INSPECT=54/153,false
C2A0T2I0F1,2,0,2,0,1,"(2,4,0,1)",30,ASSEMBLE+INSPECT,CUT=12/60;ASSEMBLE+INSPECT=54/150,true
C2A0T2I0F2,2,0,2,0,2,"(2,4,0,2)",21,ASSEMBLE+INSPECT,CUT=12/42;ASSEMBLE+INSPECT=54/126,true
C2A0T2I0F3,2,0,2,0,3,"(2,4,0,3)",18,ASSEMBLE+INSPECT,CUT=12/36;ASSEMBLE+INSPECT=54/126,true
C2A0T2I1F0,2,0,2,1,0,"(2,4,1,0)",26,INSPECT,CUT=12/52;ASSEMBLE=36/104;INSPECT=18/26,false
C2A0T2I1F1,2,0,2,1,1,"(2,4,1,1)",20,ASSEMBLE+INSPECT,CUT=12/40;ASSEMBLE+INSPECT=54/120,true
C2A0T2I1F2,2,0,2,1,2,"(2,4,1,2)",18,ASSEMBLE+INSPECT,CUT=12/36;ASSEMBLE+INSPECT=54/126,true
C2A0T2I1F3,2,0,2,1,3,"(2,4,1,3)",15,ASSEMBLE+INSPECT,CUT=12/30;ASSEMBLE+INSPECT=54/120,true
C2A0T2I2F0,2,0,2,2,0,"(2,4,2,0)",17,ASSEMBLE|INSPECT,CUT=12/34;ASSEMBLE=36/68;INSPECT=18/34,false
C2A0T2I2F1,2,0,2,2,1,"(2,4,2,1)",17,ASSEMBLE+INSPECT,CUT=12/34;ASSEMBLE+INSPECT=54/119,true
C2A0T2I2F2,2,0,2,2,2,"(2,4,2,2)",15,ASSEMBLE+INSPECT,CUT=12/30;ASSEMBLE+INSPECT=54/120,true
C2A0T2I2F3,2,0,2,2,3,"(2,4,2,3)",15,CUT|ASSEMBLE+INSPECT,CUT=12/30;ASSEMBLE+INSPECT=54/135,true
C2A0T2I3F0,2,0,2,3,0,"(2,4,3,0)",17,ASSEMBLE,CUT=12/34;ASSEMBLE=36/68;INSPECT=18/51,false
C2A0T2I3F1,2,0,2,3,1,"(2,4,3,1)",17,ASSEMBLE+INSPECT,CUT=12/34;ASSEMBLE+INSPECT=54/136,false
C2A0T2I3F2,2,0,2,3,2,"(2,4,3,2)",15,CUT|ASSEMBLE+INSPECT,CUT=12/30;ASSEMBLE+INSPECT=54/135,true
C2A0T2I3F3,2,0,2,3,3,"(2,4,3,3)",15,CUT,CUT=12/30;ASSEMBLE+INSPECT=54/150,false
C2A0T2I4F0,2,0,2,4,0,"(2,4,4,0)",17,ASSEMBLE,CUT=12/34;ASSEMBLE=36/68;INSPECT=18/68,false
C2A0T2I4F1,2,0,2,4,1,"(2,4,4,1)",17,CUT|ASSEMBLE+INSPECT,CUT=12/34;ASSEMBLE+INSPECT=54/153,false
C2A0T2I4F2,2,0,2,4,2,"(2,4,4,2)",15,CUT,CUT=12/30;ASSEMBLE+INSPECT=54/150,false
C2A0T2I4F3,2,0,2,4,3,"(2,4,4,3)",15,CUT,CUT=12/30;ASSEMBLE+INSPECT=54/165,false
C2A0T3I0F1,2,0,3,0,1,"(2,6,0,1)",26,ASSEMBLE+INSPECT,CUT=12/52;ASSEMBLE+INSPECT=54/182,false
C2A0T3I0F2,2,0,3,0,2,"(2,6,0,2)",17,ASSEMBLE+INSPECT,CUT=12/34;ASSEMBLE+INSPECT=54/136,false
C2A0T3I0F3,2,0,3,0,3,"(2,6,0,3)",16,CUT|ASSEMBLE+INSPECT,CUT=12/32;ASSEMBLE+INSPECT=54/144,false
C2A0T3I1F0,2,0,3,1,0,"(2,6,1,0)",26,INSPECT,CUT=12/52;ASSEMBLE=36/156;INSPECT=18/26,false
C2A0T3I1F1,2,0,3,1,1,"(2,6,1,1)",17,ASSEMBLE+INSPECT,CUT=12/34;ASSEMBLE+INSPECT=54/136,false
C2A0T3I1F2,2,0,3,1,2,"(2,6,1,2)",16,CUT|ASSEMBLE+INSPECT,CUT=12/32;ASSEMBLE+INSPECT=54/144,false
C2A0T3I1F3,2,0,3,1,3,"(2,6,1,3)",15,CUT,CUT=12/30;ASSEMBLE+INSPECT=54/150,false
C2A0T3I2F0,2,0,3,2,0,"(2,6,2,0)",17,INSPECT,CUT=12/34;ASSEMBLE=36/102;INSPECT=18/34,false
C2A0T3I2F1,2,0,3,2,1,"(2,6,2,1)",16,CUT|ASSEMBLE+INSPECT,CUT=12/32;ASSEMBLE+INSPECT=54/144,false
C2A0T3I2F2,2,0,3,2,2,"(2,6,2,2)",15,CUT,CUT=12/30;ASSEMBLE+INSPECT=54/150,false
C2A0T3I2F3,2,0,3,2,3,"(2,6,2,3)",15,CUT,CUT=12/30;ASSEMBLE+INSPECT=54/165,false
C2A0T3I3F0,2,0,3,3,0,"(2,6,3,0)",16,CUT|ASSEMBLE|INSPECT,CUT=12/32;ASSEMBLE=36/96;INSPECT=18/48,false
C2A0T3I3F1,2,0,3,3,1,"(2,6,3,1)",15,CUT,CUT=12/30;ASSEMBLE+INSPECT=54/150,false
C2A0T3I3F2,2,0,3,3,2,"(2,6,3,2)",15,CUT,CUT=12/30;ASSEMBLE+INSPECT=54/165,false
C2A0T3I3F3,2,0,3,3,3,"(2,6,3,3)",15,CUT,CUT=12/30;ASSEMBLE+INSPECT=54/180,false
C2A0T3I4F0,2,0,3,4,0,"(2,6,4,0)",15,CUT|ASSEMBLE,CUT=12/30;ASSEMBLE=36/90;INSPECT=18/60,false
C2A0T3I4F1,2,0,3,4,1,"(2,6,4,1)",15,CUT,CUT=12/30;ASSEMBLE+INSPECT=54/165,false
C2A0T3I4F2,2,0,3,4,2,"(2,6,4,2)",15,CUT,CUT=12/30;ASSEMBLE+INSPECT=54/180,false
C2A0T3I4F3,2,0,3,4,3,"(2,6,4,3)",15,CUT,CUT=12/30;ASSEMBLE+INSPECT=54/195,false
C2A1T0I0F1,2,1,0,0,1,"(2,1,0,1)",32,ASSEMBLE+INSPECT,CUT=12/64;ASSEMBLE+INSPECT=54/64,true
C2A1T0I0F2,2,1,0,0,2,"(2,1,0,2)",25,ASSEMBLE+INSPECT,CUT=12/50;ASSEMBLE+INSPECT=54/75,true
C2A1T0I0F3,2,1,0,0,3,"(2,1,0,3)",20,ASSEMBLE+INSPECT,CUT=12/40;ASSEMBLE+INSPECT=54/80,true
C2A1T0I1F0,2,1,0,1,0,"(2,1,1,0)",41,ASSEMBLE,CUT=12/82;ASSEMBLE=36/41;INSPECT=18/41,false
C2A1T0I1F1,2,1,0,1,1,"(2,1,1,1)",29,ASSEMBLE+INSPECT,CUT=12/58;ASSEMBLE+INSPECT=54/87,true
C2A1T0I1F2,2,1,0,1,2,"(2,1,1,2)",22,ASSEMBLE+INSPECT,CUT=12/44;ASSEMBLE+INSPECT=54/88,true
C2A1T0I1F3,2,1,0,1,3,"(2,1,1,3)",20,ASSEMBLE+INSPECT,CUT=12/40;ASSEMBLE+INSPECT=54/100,true
C2A1T0I2F0,2,1,0,2,0,"(2,1,2,0)",41,ASSEMBLE,CUT=12/82;ASSEMBLE=36/41;INSPECT=18/82,false
C2A1T0I2F1,2,1,0,2,1,"(2,1,2,1)",23,ASSEMBLE+INSPECT,CUT=12/46;ASSEMBLE+INSPECT=54/92,false
C2A1T0I2F2,2,1,0,2,2,"(2,1,2,2)",22,ASSEMBLE+INSPECT,CUT=12/44;ASSEMBLE+INSPECT=54/110,true
C2A1T0I2F3,2,1,0,2,3,"(2,1,2,3)",17,ASSEMBLE+INSPECT,CUT=12/34;ASSEMBLE+INSPECT=54/102,true
C2A1T0I3F0,2,1,0,3,0,"(2,1,3,0)",41,ASSEMBLE,CUT=12/82;ASSEMBLE=36/41;INSPECT=18/123,false
C2A1T0I3F1,2,1,0,3,1,"(2,1,3,1)",23,ASSEMBLE+INSPECT,CUT=12/46;ASSEMBLE+INSPECT=54/115,false
C2A1T0I3F2,2,1,0,3,2,"(2,1,3,2)",19,ASSEMBLE+INSPECT,CUT=12/38;ASSEMBLE+INSPECT=54/114,false
C2A1T0I3F3,2,1,0,3,3,"(2,1,3,3)",17,ASSEMBLE+INSPECT,CUT=12/34;ASSEMBLE+INSPECT=54/119,true
C2A1T0I4F0,2,1,0,4,0,"(2,1,4,0)",41,ASSEMBLE,CUT=12/82;ASSEMBLE=36/41;INSPECT=18/164,false
C2A1T0I4F1,2,1,0,4,1,"(2,1,4,1)",23,ASSEMBLE+INSPECT,CUT=12/46;ASSEMBLE+INSPECT=54/138,false
C2A1T0I4F2,2,1,0,4,2,"(2,1,4,2)",19,ASSEMBLE+INSPECT,CUT=12/38;ASSEMBLE+INSPECT=54/133,false
C2A1T0I4F3,2,1,0,4,3,"(2,1,4,3)",17,ASSEMBLE+INSPECT,CUT=12/34;ASSEMBLE+INSPECT=54/136,false
C2A1T1I0F1,2,1,1,0,1,"(2,3,0,1)",28,ASSEMBLE+INSPECT,CUT=12/56;ASSEMBLE+INSPECT=54/112,true
C2A1T1I0F2,2,1,1,0,2,"(2,3,0,2)",21,ASSEMBLE+INSPECT,CUT=12/42;ASSEMBLE+INSPECT=54/105,true
C2A1T1I0F3,2,1,1,0,3,"(2,3,0,3)",18,ASSEMBLE+INSPECT,CUT=12/36;ASSEMBLE+INSPECT=54/108,true
C2A1T1I1F0,2,1,1,1,0,"(2,3,1,0)",26,INSPECT,CUT=12/52;ASSEMBLE=36/78;INSPECT=18/26,false
C2A1T1I1F1,2,1,1,1,1,"(2,3,1,1)",19,ASSEMBLE+INSPECT,CUT=12/38;ASSEMBLE+INSPECT=54/95,true
C2A1T1I1F2,2,1,1,1,2,"(2,3,1,2)",17,ASSEMBLE+INSPECT,CUT=12/34;ASSEMBLE+INSPECT=54/102,true
C2A1T1I1F3,2,1,1,1,3,"(2,3,1,3)",16,ASSEMBLE+INSPECT,CUT=12/32;ASSEMBLE+INSPECT=54/112,true
C2A1T1I2F0,2,1,1,2,0,"(2,3,2,0)",20,ASSEMBLE,CUT=12/40;ASSEMBLE=36/60;INSPECT=18/40,false
C2A1T1I2F1,2,1,1,2,1,"(2,3,2,1)",17,ASSEMBLE+INSPECT,CUT=12/34;ASSEMBLE+INSPECT=54/102,true
C2A1T1I2F2,2,1,1,2,2,"(2,3,2,2)",17,ASSEMBLE+INSPECT,CUT=12/34;ASSEMBLE+INSPECT=54/119,true
C2A1T1I2F3,2,1,1,2,3,"(2,3,2,3)",15,ASSEMBLE+INSPECT,CUT=12/30;ASSEMBLE+INSPECT=54/120,true
C2A1T1I3F0,2,1,1,3,0,"(2,3,3,0)",19,ASSEMBLE,CUT=12/38;ASSEMBLE=36/57;INSPECT=18/57,false
C2A1T1I3F1,2,1,1,3,1,"(2,3,3,1)",17,ASSEMBLE+INSPECT,CUT=12/34;ASSEMBLE+INSPECT=54/119,true
C2A1T1I3F2,2,1,1,3,2,"(2,3,3,2)",17,ASSEMBLE+INSPECT,CUT=12/34;ASSEMBLE+INSPECT=54/136,true
C2A1T1I3F3,2,1,1,3,3,"(2,3,3,3)",15,CUT|ASSEMBLE+INSPECT,CUT=12/30;ASSEMBLE+INSPECT=54/135,true
C2A1T1I4F0,2,1,1,4,0,"(2,3,4,0)",19,ASSEMBLE,CUT=12/38;ASSEMBLE=36/57;INSPECT=18/76,false
C2A1T1I4F1,2,1,1,4,1,"(2,3,4,1)",17,ASSEMBLE+INSPECT,CUT=12/34;ASSEMBLE+INSPECT=54/136,false
C2A1T1I4F2,2,1,1,4,2,"(2,3,4,2)",17,CUT|ASSEMBLE+INSPECT,CUT=12/34;ASSEMBLE+INSPECT=54/153,false
C2A1T1I4F3,2,1,1,4,3,"(2,3,4,3)",15,CUT,CUT=12/30;ASSEMBLE+INSPECT=54/150,false
C2A1T2I0F1,2,1,2,0,1,"(2,5,0,1)",30,ASSEMBLE+INSPECT,CUT=12/60;ASSEMBLE+INSPECT=54/180,true
C2A1T2I0F2,2,1,2,0,2,"(2,5,0,2)",20,ASSEMBLE+INSPECT,CUT=12/40;ASSEMBLE+INSPECT=54/140,true
C2A1T2I0F3,2,1,2,0,3,"(2,5,0,3)",17,ASSEMBLE+INSPECT,CUT=12/34;ASSEMBLE+INSPECT=54/136,true
C2A1T2I1F0,2,1,2,1,0,"(2,5,1,0)",26,INSPECT,CUT=12/52;ASSEMBLE=36/130;INSPECT=18/26,false
C2A1T2I1F1,2,1,2,1,1,"(2,5,1,1)",20,ASSEMBLE+INSPECT,CUT=12/40;ASSEMBLE+INSPECT=54/140,true
C2A1T2I1F2,2,1,2,1,2,"(2,5,1,2)",17,ASSEMBLE+INSPECT,CUT=12/34;ASSEMBLE+INSPECT=54/136,true
C2A1T2I1F3,2,1,2,1,3,"(2,5,1,3)",15,CUT|ASSEMBLE+INSPECT,CUT=12/30;ASSEMBLE+INSPECT=54/135,true
C2A1T2I2F0,2,1,2,2,0,"(2,5,2,0)",17,INSPECT,CUT=12/34;ASSEMBLE=36/85;INSPECT=18/34,false
C2A1T2I2F1,2,1,2,2,1,"(2,5,2,1)",17,ASSEMBLE+INSPECT,CUT=12/34;ASSEMBLE+INSPECT=54/136,true
C2A1T2I2F2,2,1,2,2,2,"(2,5,2,2)",15,CUT|ASSEMBLE+INSPECT,CUT=12/30;ASSEMBLE+INSPECT=54/135,true
C2A1T2I2F3,2,1,2,2,3,"(2,5,2,3)",15,CUT,CUT=12/30;ASSEMBLE+INSPECT=54/150,false
C2A1T2I3F0,2,1,2,3,0,"(2,5,3,0)",17,ASSEMBLE,CUT=12/34;ASSEMBLE=36/85;INSPECT=18/51,false
C2A1T2I3F1,2,1,2,3,1,"(2,5,3,1)",15,CUT|ASSEMBLE+INSPECT,CUT=12/30;ASSEMBLE+INSPECT=54/135,true
C2A1T2I3F2,2,1,2,3,2,"(2,5,3,2)",15,CUT,CUT=12/30;ASSEMBLE+INSPECT=54/150,false
C2A1T2I3F3,2,1,2,3,3,"(2,5,3,3)",15,CUT,CUT=12/30;ASSEMBLE+INSPECT=54/165,false
C2A1T2I4F0,2,1,2,4,0,"(2,5,4,0)",17,ASSEMBLE,CUT=12/34;ASSEMBLE=36/85;INSPECT=18/68,false
C2A1T2I4F1,2,1,2,4,1,"(2,5,4,1)",15,CUT,CUT=12/30;ASSEMBLE+INSPECT=54/150,false
C2A1T2I4F2,2,1,2,4,2,"(2,5,4,2)",15,CUT,CUT=12/30;ASSEMBLE+INSPECT=54/165,false
C2A1T2I4F3,2,1,2,4,3,"(2,5,4,3)",15,CUT,CUT=12/30;ASSEMBLE+INSPECT=54/180,false
C2A1T3I0F1,2,1,3,0,1,"(2,7,0,1)",26,ASSEMBLE+INSPECT,CUT=12/52;ASSEMBLE+INSPECT=54/208,false
C2A1T3I0F2,2,1,3,0,2,"(2,7,0,2)",17,CUT|ASSEMBLE+INSPECT,CUT=12/34;ASSEMBLE+INSPECT=54/153,false
C2A1T3I0F3,2,1,3,0,3,"(2,7,0,3)",16,CUT,CUT=12/32;ASSEMBLE+INSPECT=54/160,false
C2A1T3I1F0,2,1,3,1,0,"(2,7,1,0)",26,INSPECT,CUT=12/52;ASSEMBLE=36/182;INSPECT=18/26,false
C2A1T3I1F1,2,1,3,1,1,"(2,7,1,1)",17,CUT|ASSEMBLE+INSPECT,CUT=12/34;ASSEMBLE+INSPECT=54/153,false
C2A1T3I1F2,2,1,3,1,2,"(2,7,1,2)",16,CUT,CUT=12/32;ASSEMBLE+INSPECT=54/160,false
C2A1T3I1F3,2,1,3,1,3,"(2,7,1,3)",15,CUT,CUT=12/30;ASSEMBLE+INSPECT=54/165,false
C2A1T3I2F0,2,1,3,2,0,"(2,7,2,0)",17,INSPECT,CUT=12/34;ASSEMBLE=36/119;INSPECT=18/34,false
C2A1T3I2F1,2,1,3,2,1,"(2,7,2,1)",16,CUT,CUT=12/32;ASSEMBLE+INSPECT=54/160,false
C2A1T3I2F2,2,1,3,2,2,"(2,7,2,2)",15,CUT,CUT=12/30;ASSEMBLE+INSPECT=54/165,false
C2A1T3I2F3,2,1,3,2,3,"(2,7,2,3)",15,CUT,CUT=12/30;ASSEMBLE+INSPECT=54/180,false
C2A1T3I3F0,2,1,3,3,0,"(2,7,3,0)",16,CUT|INSPECT,CUT=12/32;ASSEMBLE=36/112;INSPECT=18/48,false
C2A1T3I3F1,2,1,3,3,1,"(2,7,3,1)",15,CUT,CUT=12/30;ASSEMBLE+INSPECT=54/165,false
C2A1T3I3F2,2,1,3,3,2,"(2,7,3,2)",15,CUT,CUT=12/30;ASSEMBLE+INSPECT=54/180,false
C2A1T3I3F3,2,1,3,3,3,"(2,7,3,3)",15,CUT,CUT=12/30;ASSEMBLE+INSPECT=54/195,false
C2A1T3I4F0,2,1,3,4,0,"(2,7,4,0)",15,CUT,CUT=12/30;ASSEMBLE=36/105;INSPECT=18/60,false
C2A1T3I4F1,2,1,3,4,1,"(2,7,4,1)",15,CUT,CUT=12/30;ASSEMBLE+INSPECT=54/180,false
C2A1T3I4F2,2,1,3,4,2,"(2,7,4,2)",15,CUT,CUT=12/30;ASSEMBLE+INSPECT=54/195,false
C2A1T3I4F3,2,1,3,4,3,"(2,7,4,3)",15,CUT,CUT=12/30;ASSEMBLE+INSPECT=54/210,false
C2A2T0I0F1,2,2,0,0,1,"(2,2,0,1)",28,ASSEMBLE+INSPECT,CUT=12/56;ASSEMBLE+INSPECT=54/84,true
C2A2T0I0F2,2,2,0,0,2,"(2,2,0,2)",19,ASSEMBLE+INSPECT,CUT=12/38;ASSEMBLE+INSPECT=54/76,true
C2A2T0I0F3,2,2,0,0,3,"(2,2,0,3)",18,ASSEMBLE+INSPECT,CUT=12/36;ASSEMBLE+INSPECT=54/90,true
C2A2T0I1F0,2,2,0,1,0,"(2,2,1,0)",26,ASSEMBLE|INSPECT,CUT=12/52;ASSEMBLE=36/52;INSPECT=18/26,false
C2A2T0I1F1,2,2,0,1,1,"(2,2,1,1)",22,ASSEMBLE+INSPECT,CUT=12/44;ASSEMBLE+INSPECT=54/88,true
C2A2T0I1F2,2,2,0,1,2,"(2,2,1,2)",17,ASSEMBLE+INSPECT,CUT=12/34;ASSEMBLE+INSPECT=54/85,true
C2A2T0I1F3,2,2,0,1,3,"(2,2,1,3)",17,ASSEMBLE+INSPECT,CUT=12/34;ASSEMBLE+INSPECT=54/102,true
C2A2T0I2F0,2,2,0,2,0,"(2,2,2,0)",23,ASSEMBLE,CUT=12/46;ASSEMBLE=36/46;INSPECT=18/46,false
C2A2T0I2F1,2,2,0,2,1,"(2,2,2,1)",22,ASSEMBLE+INSPECT,CUT=12/44;ASSEMBLE+INSPECT=54/110,true
C2A2T0I2F2,2,2,0,2,2,"(2,2,2,2)",17,ASSEMBLE+INSPECT,CUT=12/34;ASSEMBLE+INSPECT=54/102,true
C2A2T0I2F3,2,2,0,2,3,"(2,2,2,3)",17,ASSEMBLE+INSPECT,CUT=12/34;ASSEMBLE+INSPECT=54/119,true
C2A2T0I3F0,2,2,0,3,0,"(2,2,3,0)",23,ASSEMBLE,CUT=12/46;ASSEMBLE=36/46;INSPECT=18/69,false
C2A2T0I3F1,2,2,0,3,1,"(2,2,3,1)",19,ASSEMBLE+INSPECT,CUT=12/38;ASSEMBLE+INSPECT=54/114,false
C2A2T0I3F2,2,2,0,3,2,"(2,2,3,2)",17,ASSEMBLE+INSPECT,CUT=12/34;ASSEMBLE+INSPECT=54/119,true
C2A2T0I3F3,2,2,0,3,3,"(2,2,3,3)",17,ASSEMBLE+INSPECT,CUT=12/34;ASSEMBLE+INSPECT=54/136,true
C2A2T0I4F0,2,2,0,4,0,"(2,2,4,0)",23,ASSEMBLE,CUT=12/46;ASSEMBLE=36/46;INSPECT=18/92,false
C2A2T0I4F1,2,2,0,4,1,"(2,2,4,1)",19,ASSEMBLE+INSPECT,CUT=12/38;ASSEMBLE+INSPECT=54/133,false
C2A2T0I4F2,2,2,0,4,2,"(2,2,4,2)",17,ASSEMBLE+INSPECT,CUT=12/34;ASSEMBLE+INSPECT=54/136,false
C2A2T0I4F3,2,2,0,4,3,"(2,2,4,3)",17,CUT|ASSEMBLE+INSPECT,CUT=12/34;ASSEMBLE+INSPECT=54/153,false
C2A2T1I0F1,2,2,1,0,1,"(2,4,0,1)",30,ASSEMBLE+INSPECT,CUT=12/60;ASSEMBLE+INSPECT=54/150,true
C2A2T1I0F2,2,2,1,0,2,"(2,4,0,2)",21,ASSEMBLE+INSPECT,CUT=12/42;ASSEMBLE+INSPECT=54/126,true
C2A2T1I0F3,2,2,1,0,3,"(2,4,0,3)",18,ASSEMBLE+INSPECT,CUT=12/36;ASSEMBLE+INSPECT=54/126,true
C2A2T1I1F0,2,2,1,1,0,"(2,4,1,0)",26,INSPECT,CUT=12/52;ASSEMBLE=36/104;INSPECT=18/26,false
C2A2T1I1F1,2,2,1,1,1,"(2,4,1,1)",20,ASSEMBLE+INSPECT,CUT=12/40;ASSEMBLE+INSPECT=54/120,true
C2A2T1I1F2,2,2,1,1,2,"(2,4,1,2)",18,ASSEMBLE+INSPECT,CUT=12/36;ASSEMBLE+INSPECT=54/126,true
C2A2T1I1F3,2,2,1,1,3,"(2,4,1,3)",15,ASSEMBLE+INSPECT,CUT=12/30;ASSEMBLE+INSPECT=54/120,true
C2A2T1I2F0,2,2,1,2,0,"(2,4,2,0)",17,ASSEMBLE|INSPECT,CUT=12/34;ASSEMBLE=36/68;INSPECT=18/34,false
C2A2T1I2F1,2,2,1,2,1,"(2,4,2,1)",17,ASSEMBLE+INSPECT,CUT=12/34;ASSEMBLE+INSPECT=54/119,true
C2A2T1I2F2,2,2,1,2,2,"(2,4,2,2)",15,ASSEMBLE+INSPECT,CUT=12/30;ASSEMBLE+INSPECT=54/120,true
C2A2T1I2F3,2,2,1,2,3,"(2,4,2,3)",15,CUT|ASSEMBLE+INSPECT,CUT=12/30;ASSEMBLE+INSPECT=54/135,true
C2A2T1I3F0,2,2,1,3,0,"(2,4,3,0)",17,ASSEMBLE,CUT=12/34;ASSEMBLE=36/68;INSPECT=18/51,false
C2A2T1I3F1,2,2,1,3,1,"(2,4,3,1)",17,ASSEMBLE+INSPECT,CUT=12/34;ASSEMBLE+INSPECT=54/136,false
C2A2T1I3F2,2,2,1,3,2,"(2,4,3,2)",15,CUT|ASSEMBLE+INSPECT,CUT=12/30;ASSEMBLE+INSPECT=54/135,true
C2A2T1I3F3,2,2,1,3,3,"(2,4,3,3)",15,CUT,CUT=12/30;ASSEMBLE+INSPECT=54/150,false
C2A2T1I4F0,2,2,1,4,0,"(2,4,4,0)",17,ASSEMBLE,CUT=12/34;ASSEMBLE=36/68;INSPECT=18/68,false
C2A2T1I4F1,2,2,1,4,1,"(2,4,4,1)",17,CUT|ASSEMBLE+INSPECT,CUT=12/34;ASSEMBLE+INSPECT=54/153,false
C2A2T1I4F2,2,2,1,4,2,"(2,4,4,2)",15,CUT,CUT=12/30;ASSEMBLE+INSPECT=54/150,false
C2A2T1I4F3,2,2,1,4,3,"(2,4,4,3)",15,CUT,CUT=12/30;ASSEMBLE+INSPECT=54/165,false
C2A2T2I0F1,2,2,2,0,1,"(2,6,0,1)",26,ASSEMBLE+INSPECT,CUT=12/52;ASSEMBLE+INSPECT=54/182,false
C2A2T2I0F2,2,2,2,0,2,"(2,6,0,2)",17,ASSEMBLE+INSPECT,CUT=12/34;ASSEMBLE+INSPECT=54/136,false
C2A2T2I0F3,2,2,2,0,3,"(2,6,0,3)",16,CUT|ASSEMBLE+INSPECT,CUT=12/32;ASSEMBLE+INSPECT=54/144,false
C2A2T2I1F0,2,2,2,1,0,"(2,6,1,0)",26,INSPECT,CUT=12/52;ASSEMBLE=36/156;INSPECT=18/26,false
C2A2T2I1F1,2,2,2,1,1,"(2,6,1,1)",17,ASSEMBLE+INSPECT,CUT=12/34;ASSEMBLE+INSPECT=54/136,false
C2A2T2I1F2,2,2,2,1,2,"(2,6,1,2)",16,CUT|ASSEMBLE+INSPECT,CUT=12/32;ASSEMBLE+INSPECT=54/144,false
C2A2T2I1F3,2,2,2,1,3,"(2,6,1,3)",15,CUT,CUT=12/30;ASSEMBLE+INSPECT=54/150,false
C2A2T2I2F0,2,2,2,2,0,"(2,6,2,0)",17,INSPECT,CUT=12/34;ASSEMBLE=36/102;INSPECT=18/34,false
C2A2T2I2F1,2,2,2,2,1,"(2,6,2,1)",16,CUT|ASSEMBLE+INSPECT,CUT=12/32;ASSEMBLE+INSPECT=54/144,false
C2A2T2I2F2,2,2,2,2,2,"(2,6,2,2)",15,CUT,CUT=12/30;ASSEMBLE+INSPECT=54/150,false
C2A2T2I2F3,2,2,2,2,3,"(2,6,2,3)",15,CUT,CUT=12/30;ASSEMBLE+INSPECT=54/165,false
C2A2T2I3F0,2,2,2,3,0,"(2,6,3,0)",16,CUT|ASSEMBLE|INSPECT,CUT=12/32;ASSEMBLE=36/96;INSPECT=18/48,false
C2A2T2I3F1,2,2,2,3,1,"(2,6,3,1)",15,CUT,CUT=12/30;ASSEMBLE+INSPECT=54/150,false
C2A2T2I3F2,2,2,2,3,2,"(2,6,3,2)",15,CUT,CUT=12/30;ASSEMBLE+INSPECT=54/165,false
C2A2T2I3F3,2,2,2,3,3,"(2,6,3,3)",15,CUT,CUT=12/30;ASSEMBLE+INSPECT=54/180,false
C2A2T2I4F0,2,2,2,4,0,"(2,6,4,0)",15,CUT|ASSEMBLE,CUT=12/30;ASSEMBLE=36/90;INSPECT=18/60,false
C2A2T2I4F1,2,2,2,4,1,"(2,6,4,1)",15,CUT,CUT=12/30;ASSEMBLE+INSPECT=54/165,false
C2A2T2I4F2,2,2,2,4,2,"(2,6,4,2)",15,CUT,CUT=12/30;ASSEMBLE+INSPECT=54/180,false
C2A2T2I4F3,2,2,2,4,3,"(2,6,4,3)",15,CUT,CUT=12/30;ASSEMBLE+INSPECT=54/195,false
C2A2T3I0F1,2,2,3,0,1,"(2,8,0,1)",26,CUT|ASSEMBLE+INSPECT,CUT=12/52;ASSEMBLE+INSPECT=54/234,false
C2A2T3I0F2,2,2,3,0,2,"(2,8,0,2)",17,CUT,CUT=12/34;ASSEMBLE+INSPECT=54/170,false
C2A2T3I0F3,2,2,3,0,3,"(2,8,0,3)",16,CUT,CUT=12/32;ASSEMBLE+INSPECT=54/176,false
C2A2T3I1F0,2,2,3,1,0,"(2,8,1,0)",26,INSPECT,CUT=12/52;ASSEMBLE=36/208;INSPECT=18/26,false
C2A2T3I1F1,2,2,3,1,1,"(2,8,1,1)",17,CUT,CUT=12/34;ASSEMBLE+INSPECT=54/170,false
C2A2T3I1F2,2,2,3,1,2,"(2,8,1,2)",16,CUT,CUT=12/32;ASSEMBLE+INSPECT=54/176,false
C2A2T3I1F3,2,2,3,1,3,"(2,8,1,3)",15,CUT,CUT=12/30;ASSEMBLE+INSPECT=54/180,false
C2A2T3I2F0,2,2,3,2,0,"(2,8,2,0)",17,INSPECT,CUT=12/34;ASSEMBLE=36/136;INSPECT=18/34,false
C2A2T3I2F1,2,2,3,2,1,"(2,8,2,1)",16,CUT,CUT=12/32;ASSEMBLE+INSPECT=54/176,false
C2A2T3I2F2,2,2,3,2,2,"(2,8,2,2)",15,CUT,CUT=12/30;ASSEMBLE+INSPECT=54/180,false
C2A2T3I2F3,2,2,3,2,3,"(2,8,2,3)",15,CUT,CUT=12/30;ASSEMBLE+INSPECT=54/195,false
C2A2T3I3F0,2,2,3,3,0,"(2,8,3,0)",16,CUT|INSPECT,CUT=12/32;ASSEMBLE=36/128;INSPECT=18/48,false
C2A2T3I3F1,2,2,3,3,1,"(2,8,3,1)",15,CUT,CUT=12/30;ASSEMBLE+INSPECT=54/180,false
C2A2T3I3F2,2,2,3,3,2,"(2,8,3,2)",15,CUT,CUT=12/30;ASSEMBLE+INSPECT=54/195,false
C2A2T3I3F3,2,2,3,3,3,"(2,8,3,3)",15,CUT,CUT=12/30;ASSEMBLE+INSPECT=54/210,false
C2A2T3I4F0,2,2,3,4,0,"(2,8,4,0)",15,CUT,CUT=12/30;ASSEMBLE=36/120;INSPECT=18/60,false
C2A2T3I4F1,2,2,3,4,1,"(2,8,4,1)",15,CUT,CUT=12/30;ASSEMBLE+INSPECT=54/195,false
C2A2T3I4F2,2,2,3,4,2,"(2,8,4,2)",15,CUT,CUT=12/30;ASSEMBLE+INSPECT=54/210,false
C2A2T3I4F3,2,2,3,4,3,"(2,8,4,3)",15,CUT,CUT=12/30;ASSEMBLE+INSPECT=54/225,false
C2A3T0I0F1,2,3,0,0,1,"(2,3,0,1)",28,ASSEMBLE+INSPECT,CUT=12/56;ASSEMBLE+INSPECT=54/112,true
C2A3T0I0F2,2,3,0,0,2,"(2,3,0,2)",21,ASSEMBLE+INSPECT,CUT=12/42;ASSEMBLE+INSPECT=54/105,true
C2A3T0I0F3,2,3,0,0,3,"(2,3,0,3)",18,ASSEMBLE+INSPECT,CUT=12/36;ASSEMBLE+INSPECT=54/108,true
C2A3T0I1F0,2,3,0,1,0,"(2,3,1,0)",26,INSPECT,CUT=12/52;ASSEMBLE=36/78;INSPECT=18/26,false
C2A3T0I1F1,2,3,0,1,1,"(2,3,1,1)",19,ASSEMBLE+INSPECT,CUT=12/38;ASSEMBLE+INSPECT=54/95,true
C2A3T0I1F2,2,3,0,1,2,"(2,3,1,2)",17,ASSEMBLE+INSPECT,CUT=12/34;ASSEMBLE+INSPECT=54/102,true
C2A3T0I1F3,2,3,0,1,3,"(2,3,1,3)",16,ASSEMBLE+INSPECT,CUT=12/32;ASSEMBLE+INSPECT=54/112,true
C2A3T0I2F0,2,3,0,2,0,"(2,3,2,0)",20,ASSEMBLE,CUT=12/40;ASSEMBLE=36/60;INSPECT=18/40,false
C2A3T0I2F1,2,3,0,2,1,"(2,3,2,1)",17,ASSEMBLE+INSPECT,CUT=12/34;ASSEMBLE+INSPECT=54/102,true
C2A3T0I2F2,2,3,0,2,2,"(2,3,2,2)",17,ASSEMBLE+INSPECT,CUT=12/34;ASSEMBLE+INSPECT=54/119,true
C2A3T0I2F3,2,3,0,2,3,"(2,3,2,3)",15,ASSEMBLE+INSPECT,CUT=12/30;ASSEMBLE+INSPECT=54/120,true
C2A3T0I3F0,2,3,0,3,0,"(2,3,3,0)",19,ASSEMBLE,CUT=12/38;ASSEMBLE=36/57;INSPECT=18/57,false
C2A3T0I3F1,2,3,0,3,1,"(2,3,3,1)",17,ASSEMBLE+INSPECT,CUT=12/34;ASSEMBLE+INSPECT=54/119,true
C2A3T0I3F2,2,3,0,3,2,"(2,3,3,2)",17,ASSEMBLE+INSPECT,CUT=12/34;ASSEMBLE+INSPECT=54/136,true
C2A3T0I3F3,2,3,0,3,3,"(2,3,3,3)",15,CUT|ASSEMBLE+INSPECT,CUT=12/30;ASSEMBLE+INSPECT=54/135,true
C2A3T0I4F0,2,3,0,4,0,"(2,3,4,0)",19,ASSEMBLE,CUT=12/38;ASSEMBLE=36/57;INSPECT=18/76,false
C2A3T0I4F1,2,3,0,4,1,"(2,3,4,1)",17,ASSEMBLE+INSPECT,CUT=12/34;ASSEMBLE+INSPECT=54/136,false
C2A3T0I4F2,2,3,0,4,2,"(2,3,4,2)",17,CUT|ASSEMBLE+INSPECT,CUT=12/34;ASSEMBLE+INSPECT=54/153,false
C2A3T0I4F3,2,3,0,4,3,"(2,3,4,3)",15,CUT,CUT=12/30;ASSEMBLE+INSPECT=54/150,false
C2A3T1I0F1,2,3,1,0,1,"(2,5,0,1)",30,ASSEMBLE+INSPECT,CUT=12/60;ASSEMBLE+INSPECT=54/180,true
C2A3T1I0F2,2,3,1,0,2,"(2,5,0,2)",20,ASSEMBLE+INSPECT,CUT=12/40;ASSEMBLE+INSPECT=54/140,true
C2A3T1I0F3,2,3,1,0,3,"(2,5,0,3)",17,ASSEMBLE+INSPECT,CUT=12/34;ASSEMBLE+INSPECT=54/136,true
C2A3T1I1F0,2,3,1,1,0,"(2,5,1,0)",26,INSPECT,CUT=12/52;ASSEMBLE=36/130;INSPECT=18/26,false
C2A3T1I1F1,2,3,1,1,1,"(2,5,1,1)",20,ASSEMBLE+INSPECT,CUT=12/40;ASSEMBLE+INSPECT=54/140,true
C2A3T1I1F2,2,3,1,1,2,"(2,5,1,2)",17,ASSEMBLE+INSPECT,CUT=12/34;ASSEMBLE+INSPECT=54/136,true
C2A3T1I1F3,2,3,1,1,3,"(2,5,1,3)",15,CUT|ASSEMBLE+INSPECT,CUT=12/30;ASSEMBLE+INSPECT=54/135,true
C2A3T1I2F0,2,3,1,2,0,"(2,5,2,0)",17,INSPECT,CUT=12/34;ASSEMBLE=36/85;INSPECT=18/34,false
C2A3T1I2F1,2,3,1,2,1,"(2,5,2,1)",17,ASSEMBLE+INSPECT,CUT=12/34;ASSEMBLE+INSPECT=54/136,true
C2A3T1I2F2,2,3,1,2,2,"(2,5,2,2)",15,CUT|ASSEMBLE+INSPECT,CUT=12/30;ASSEMBLE+INSPECT=54/135,true
C2A3T1I2F3,2,3,1,2,3,"(2,5,2,3)",15,CUT,CUT=12/30;ASSEMBLE+INSPECT=54/150,false
C2A3T1I3F0,2,3,1,3,0,"(2,5,3,0)",17,ASSEMBLE,CUT=12/34;ASSEMBLE=36/85;INSPECT=18/51,false
C2A3T1I3F1,2,3,1,3,1,"(2,5,3,1)",15,CUT|ASSEMBLE+INSPECT,CUT=12/30;ASSEMBLE+INSPECT=54/135,true
C2A3T1I3F2,2,3,1,3,2,"(2,5,3,2)",15,CUT,CUT=12/30;ASSEMBLE+INSPECT=54/150,false
C2A3T1I3F3,2,3,1,3,3,"(2,5,3,3)",15,CUT,CUT=12/30;ASSEMBLE+INSPECT=54/165,false
C2A3T1I4F0,2,3,1,4,0,"(2,5,4,0)",17,ASSEMBLE,CUT=12/34;ASSEMBLE=36/85;INSPECT=18/68,false
C2A3T1I4F1,2,3,1,4,1,"(2,5,4,1)",15,CUT,CUT=12/30;ASSEMBLE+INSPECT=54/150,false
C2A3T1I4F2,2,3,1,4,2,"(2,5,4,2)",15,CUT,CUT=12/30;ASSEMBLE+INSPECT=54/165,false
C2A3T1I4F3,2,3,1,4,3,"(2,5,4,3)",15,CUT,CUT=12/30;ASSEMBLE+INSPECT=54/180,false
C2A3T2I0F1,2,3,2,0,1,"(2,7,0,1)",26,ASSEMBLE+INSPECT,CUT=12/52;ASSEMBLE+INSPECT=54/208,false
C2A3T2I0F2,2,3,2,0,2,"(2,7,0,2)",17,CUT|ASSEMBLE+INSPECT,CUT=12/34;ASSEMBLE+INSPECT=54/153,false
C2A3T2I0F3,2,3,2,0,3,"(2,7,0,3)",16,CUT,CUT=12/32;ASSEMBLE+INSPECT=54/160,false
C2A3T2I1F0,2,3,2,1,0,"(2,7,1,0)",26,INSPECT,CUT=12/52;ASSEMBLE=36/182;INSPECT=18/26,false
C2A3T2I1F1,2,3,2,1,1,"(2,7,1,1)",17,CUT|ASSEMBLE+INSPECT,CUT=12/34;ASSEMBLE+INSPECT=54/153,false
C2A3T2I1F2,2,3,2,1,2,"(2,7,1,2)",16,CUT,CUT=12/32;ASSEMBLE+INSPECT=54/160,false
C2A3T2I1F3,2,3,2,1,3,"(2,7,1,3)",15,CUT,CUT=12/30;ASSEMBLE+INSPECT=54/165,false
C2A3T2I2F0,2,3,2,2,0,"(2,7,2,0)",17,INSPECT,CUT=12/34;ASSEMBLE=36/119;INSPECT=18/34,false
C2A3T2I2F1,2,3,2,2,1,"(2,7,2,1)",16,CUT,CUT=12/32;ASSEMBLE+INSPECT=54/160,false
C2A3T2I2F2,2,3,2,2,2,"(2,7,2,2)",15,CUT,CUT=12/30;ASSEMBLE+INSPECT=54/165,false
C2A3T2I2F3,2,3,2,2,3,"(2,7,2,3)",15,CUT,CUT=12/30;ASSEMBLE+INSPECT=54/180,false
C2A3T2I3F0,2,3,2,3,0,"(2,7,3,0)",16,CUT|INSPECT,CUT=12/32;ASSEMBLE=36/112;INSPECT=18/48,false
C2A3T2I3F1,2,3,2,3,1,"(2,7,3,1)",15,CUT,CUT=12/30;ASSEMBLE+INSPECT=54/165,false
C2A3T2I3F2,2,3,2,3,2,"(2,7,3,2)",15,CUT,CUT=12/30;ASSEMBLE+INSPECT=54/180,false
C2A3T2I3F3,2,3,2,3,3,"(2,7,3,3)",15,CUT,CUT=12/30;ASSEMBLE+INSPECT=54/195,false
C2A3T2I4F0,2,3,2,4,0,"(2,7,4,0)",15,CUT,CUT=12/30;ASSEMBLE=36/105;INSPECT=18/60,false
C2A3T2I4F1,2,3,2,4,1,"(2,7,4,1)",15,CUT,CUT=12/30;ASSEMBLE+INSPECT=54/180,false
C2A3T2I4F2,2,3,2,4,2,"(2,7,4,2)",15,CUT,CUT=12/30;ASSEMBLE+INSPECT=54/195,false
C2A3T2I4F3,2,3,2,4,3,"(2,7,4,3)",15,CUT,CUT=12/30;ASSEMBLE+INSPECT=54/210,false
C2A3T3I0F1,2,3,3,0,1,"(2,9,0,1)",26,CUT,CUT=12/52;ASSEMBLE+INSPECT=54/260,false
C2A3T3I0F2,2,3,3,0,2,"(2,9,0,2)",17,CUT,CUT=12/34;ASSEMBLE+INSPECT=54/187,false
C2A3T3I0F3,2,3,3,0,3,"(2,9,0,3)",16,CUT,CUT=12/32;ASSEMBLE+INSPECT=54/192,false
C2A3T3I1F0,2,3,3,1,0,"(2,9,1,0)",26,INSPECT,CUT=12/52;ASSEMBLE=36/234;INSPECT=18/26,false
C2A3T3I1F1,2,3,3,1,1,"(2,9,1,1)",17,CUT,CUT=12/34;ASSEMBLE+INSPECT=54/187,false
C2A3T3I1F2,2,3,3,1,2,"(2,9,1,2)",16,CUT,CUT=12/32;ASSEMBLE+INSPECT=54/192,false
C2A3T3I1F3,2,3,3,1,3,"(2,9,1,3)",15,CUT,CUT=12/30;ASSEMBLE+INSPECT=54/195,false
C2A3T3I2F0,2,3,3,2,0,"(2,9,2,0)",17,INSPECT,CUT=12/34;ASSEMBLE=36/153;INSPECT=18/34,false
C2A3T3I2F1,2,3,3,2,1,"(2,9,2,1)",16,CUT,CUT=12/32;ASSEMBLE+INSPECT=54/192,false
C2A3T3I2F2,2,3,3,2,2,"(2,9,2,2)",15,CUT,CUT=12/30;ASSEMBLE+INSPECT=54/195,false
C2A3T3I2F3,2,3,3,2,3,"(2,9,2,3)",15,CUT,CUT=12/30;ASSEMBLE+INSPECT=54/210,false
C2A3T3I3F0,2,3,3,3,0,"(2,9,3,0)",16,CUT|INSPECT,CUT=12/32;ASSEMBLE=36/144;INSPECT=18/48,false
C2A3T3I3F1,2,3,3,3,1,"(2,9,3,1)",15,CUT,CUT=12/30;ASSEMBLE+INSPECT=54/195,false
C2A3T3I3F2,2,3,3,3,2,"(2,9,3,2)",15,CUT,CUT=12/30;ASSEMBLE+INSPECT=54/210,false
C2A3T3I3F3,2,3,3,3,3,"(2,9,3,3)",15,CUT,CUT=12/30;ASSEMBLE+INSPECT=54/225,false
C2A3T3I4F0,2,3,3,4,0,"(2,9,4,0)",15,CUT,CUT=12/30;ASSEMBLE=36/135;INSPECT=18/60,false
C2A3T3I4F1,2,3,3,4,1,"(2,9,4,1)",15,CUT,CUT=12/30;ASSEMBLE+INSPECT=54/210,false
C2A3T3I4F2,2,3,3,4,2,"(2,9,4,2)",15,CUT,CUT=12/30;ASSEMBLE+INSPECT=54/225,false
C2A3T3I4F3,2,3,3,4,3,"(2,9,4,3)",15,CUT,CUT=12/30;ASSEMBLE+INSPECT=54/240,false
C2A4T0I0F1,2,4,0,0,1,"(2,4,0,1)",30,ASSEMBLE+INSPECT,CUT=12/60;ASSEMBLE+INSPECT=54/150,true
C2A4T0I0F2,2,4,0,0,2,"(2,4,0,2)",21,ASSEMBLE+INSPECT,CUT=12/42;ASSEMBLE+INSPECT=54/126,true
C2A4T0I0F3,2,4,0,0,3,"(2,4,0,3)",18,ASSEMBLE+INSPECT,CUT=12/36;ASSEMBLE+INSPECT=54/126,true
C2A4T0I1F0,2,4,0,1,0,"(2,4,1,0)",26,INSPECT,CUT=12/52;ASSEMBLE=36/104;INSPECT=18/26,false
C2A4T0I1F1,2,4,0,1,1,"(2,4,1,1)",20,ASSEMBLE+INSPECT,CUT=12/40;ASSEMBLE+INSPECT=54/120,true
C2A4T0I1F2,2,4,0,1,2,"(2,4,1,2)",18,ASSEMBLE+INSPECT,CUT=12/36;ASSEMBLE+INSPECT=54/126,true
C2A4T0I1F3,2,4,0,1,3,"(2,4,1,3)",15,ASSEMBLE+INSPECT,CUT=12/30;ASSEMBLE+INSPECT=54/120,true
C2A4T0I2F0,2,4,0,2,0,"(2,4,2,0)",17,ASSEMBLE|INSPECT,CUT=12/34;ASSEMBLE=36/68;INSPECT=18/34,false
C2A4T0I2F1,2,4,0,2,1,"(2,4,2,1)",17,ASSEMBLE+INSPECT,CUT=12/34;ASSEMBLE+INSPECT=54/119,true
C2A4T0I2F2,2,4,0,2,2,"(2,4,2,2)",15,ASSEMBLE+INSPECT,CUT=12/30;ASSEMBLE+INSPECT=54/120,true
C2A4T0I2F3,2,4,0,2,3,"(2,4,2,3)",15,CUT|ASSEMBLE+INSPECT,CUT=12/30;ASSEMBLE+INSPECT=54/135,true
C2A4T0I3F0,2,4,0,3,0,"(2,4,3,0)",17,ASSEMBLE,CUT=12/34;ASSEMBLE=36/68;INSPECT=18/51,false
C2A4T0I3F1,2,4,0,3,1,"(2,4,3,1)",17,ASSEMBLE+INSPECT,CUT=12/34;ASSEMBLE+INSPECT=54/136,false
C2A4T0I3F2,2,4,0,3,2,"(2,4,3,2)",15,CUT|ASSEMBLE+INSPECT,CUT=12/30;ASSEMBLE+INSPECT=54/135,true
C2A4T0I3F3,2,4,0,3,3,"(2,4,3,3)",15,CUT,CUT=12/30;ASSEMBLE+INSPECT=54/150,false
C2A4T0I4F0,2,4,0,4,0,"(2,4,4,0)",17,ASSEMBLE,CUT=12/34;ASSEMBLE=36/68;INSPECT=18/68,false
C2A4T0I4F1,2,4,0,4,1,"(2,4,4,1)",17,CUT|ASSEMBLE+INSPECT,CUT=12/34;ASSEMBLE+INSPECT=54/153,false
C2A4T0I4F2,2,4,0,4,2,"(2,4,4,2)",15,CUT,CUT=12/30;ASSEMBLE+INSPECT=54/150,false
C2A4T0I4F3,2,4,0,4,3,"(2,4,4,3)",15,CUT,CUT=12/30;ASSEMBLE+INSPECT=54/165,false
C2A4T1I0F1,2,4,1,0,1,"(2,6,0,1)",26,ASSEMBLE+INSPECT,CUT=12/52;ASSEMBLE+INSPECT=54/182,false
C2A4T1I0F2,2,4,1,0,2,"(2,6,0,2)",17,ASSEMBLE+INSPECT,CUT=12/34;ASSEMBLE+INSPECT=54/136,false
C2A4T1I0F3,2,4,1,0,3,"(2,6,0,3)",16,CUT|ASSEMBLE+INSPECT,CUT=12/32;ASSEMBLE+INSPECT=54/144,false
C2A4T1I1F0,2,4,1,1,0,"(2,6,1,0)",26,INSPECT,CUT=12/52;ASSEMBLE=36/156;INSPECT=18/26,false
C2A4T1I1F1,2,4,1,1,1,"(2,6,1,1)",17,ASSEMBLE+INSPECT,CUT=12/34;ASSEMBLE+INSPECT=54/136,false
C2A4T1I1F2,2,4,1,1,2,"(2,6,1,2)",16,CUT|ASSEMBLE+INSPECT,CUT=12/32;ASSEMBLE+INSPECT=54/144,false
C2A4T1I1F3,2,4,1,1,3,"(2,6,1,3)",15,CUT,CUT=12/30;ASSEMBLE+INSPECT=54/150,false
C2A4T1I2F0,2,4,1,2,0,"(2,6,2,0)",17,INSPECT,CUT=12/34;ASSEMBLE=36/102;INSPECT=18/34,false
C2A4T1I2F1,2,4,1,2,1,"(2,6,2,1)",16,CUT|ASSEMBLE+INSPECT,CUT=12/32;ASSEMBLE+INSPECT=54/144,false
C2A4T1I2F2,2,4,1,2,2,"(2,6,2,2)",15,CUT,CUT=12/30;ASSEMBLE+INSPECT=54/150,false
C2A4T1I2F3,2,4,1,2,3,"(2,6,2,3)",15,CUT,CUT=12/30;ASSEMBLE+INSPECT=54/165,false
C2A4T1I3F0,2,4,1,3,0,"(2,6,3,0)",16,CUT|ASSEMBLE|INSPECT,CUT=12/32;ASSEMBLE=36/96;INSPECT=18/48,false
C2A4T1I3F1,2,4,1,3,1,"(2,6,3,1)",15,CUT,CUT=12/30;ASSEMBLE+INSPECT=54/150,false
C2A4T1I3F2,2,4,1,3,2,"(2,6,3,2)",15,CUT,CUT=12/30;ASSEMBLE+INSPECT=54/165,false
C2A4T1I3F3,2,4,1,3,3,"(2,6,3,3)",15,CUT,CUT=12/30;ASSEMBLE+INSPECT=54/180,false
C2A4T1I4F0,2,4,1,4,0,"(2,6,4,0)",15,CUT|ASSEMBLE,CUT=12/30;ASSEMBLE=36/90;INSPECT=18/60,false
C2A4T1I4F1,2,4,1,4,1,"(2,6,4,1)",15,CUT,CUT=12/30;ASSEMBLE+INSPECT=54/165,false
C2A4T1I4F2,2,4,1,4,2,"(2,6,4,2)",15,CUT,CUT=12/30;ASSEMBLE+INSPECT=54/180,false
C2A4T1I4F3,2,4,1,4,3,"(2,6,4,3)",15,CUT,CUT=12/30;ASSEMBLE+INSPECT=54/195,false
C2A4T2I0F1,2,4,2,0,1,"(2,8,0,1)",26,CUT|ASSEMBLE+INSPECT,CUT=12/52;ASSEMBLE+INSPECT=54/234,false
C2A4T2I0F2,2,4,2,0,2,"(2,8,0,2)",17,CUT,CUT=12/34;ASSEMBLE+INSPECT=54/170,false
C2A4T2I0F3,2,4,2,0,3,"(2,8,0,3)",16,CUT,CUT=12/32;ASSEMBLE+INSPECT=54/176,false
C2A4T2I1F0,2,4,2,1,0,"(2,8,1,0)",26,INSPECT,CUT=12/52;ASSEMBLE=36/208;INSPECT=18/26,false
C2A4T2I1F1,2,4,2,1,1,"(2,8,1,1)",17,CUT,CUT=12/34;ASSEMBLE+INSPECT=54/170,false
C2A4T2I1F2,2,4,2,1,2,"(2,8,1,2)",16,CUT,CUT=12/32;ASSEMBLE+INSPECT=54/176,false
C2A4T2I1F3,2,4,2,1,3,"(2,8,1,3)",15,CUT,CUT=12/30;ASSEMBLE+INSPECT=54/180,false
C2A4T2I2F0,2,4,2,2,0,"(2,8,2,0)",17,INSPECT,CUT=12/34;ASSEMBLE=36/136;INSPECT=18/34,false
C2A4T2I2F1,2,4,2,2,1,"(2,8,2,1)",16,CUT,CUT=12/32;ASSEMBLE+INSPECT=54/176,false
C2A4T2I2F2,2,4,2,2,2,"(2,8,2,2)",15,CUT,CUT=12/30;ASSEMBLE+INSPECT=54/180,false
C2A4T2I2F3,2,4,2,2,3,"(2,8,2,3)",15,CUT,CUT=12/30;ASSEMBLE+INSPECT=54/195,false
C2A4T2I3F0,2,4,2,3,0,"(2,8,3,0)",16,CUT|INSPECT,CUT=12/32;ASSEMBLE=36/128;INSPECT=18/48,false
C2A4T2I3F1,2,4,2,3,1,"(2,8,3,1)",15,CUT,CUT=12/30;ASSEMBLE+INSPECT=54/180,false
C2A4T2I3F2,2,4,2,3,2,"(2,8,3,2)",15,CUT,CUT=12/30;ASSEMBLE+INSPECT=54/195,false
C2A4T2I3F3,2,4,2,3,3,"(2,8,3,3)",15,CUT,CUT=12/30;ASSEMBLE+INSPECT=54/210,false
C2A4T2I4F0,2,4,2,4,0,"(2,8,4,0)",15,CUT,CUT=12/30;ASSEMBLE=36/120;INSPECT=18/60,false
C2A4T2I4F1,2,4,2,4,1,"(2,8,4,1)",15,CUT,CUT=12/30;ASSEMBLE+INSPECT=54/195,false
C2A4T2I4F2,2,4,2,4,2,"(2,8,4,2)",15,CUT,CUT=12/30;ASSEMBLE+INSPECT=54/210,false
C2A4T2I4F3,2,4,2,4,3,"(2,8,4,3)",15,CUT,CUT=12/30;ASSEMBLE+INSPECT=54/225,false
C2A4T3I0F1,2,4,3,0,1,"(2,10,0,1)",26,CUT,CUT=12/52;ASSEMBLE+INSPECT=54/286,false
C2A4T3I0F2,2,4,3,0,2,"(2,10,0,2)",17,CUT,CUT=12/34;ASSEMBLE+INSPECT=54/204,false
C2A4T3I0F3,2,4,3,0,3,"(2,10,0,3)",16,CUT,CUT=12/32;ASSEMBLE+INSPECT=54/208,false
C2A4T3I1F0,2,4,3,1,0,"(2,10,1,0)",26,INSPECT,CUT=12/52;ASSEMBLE=36/260;INSPECT=18/26,false
C2A4T3I1F1,2,4,3,1,1,"(2,10,1,1)",17,CUT,CUT=12/34;ASSEMBLE+INSPECT=54/204,false
C2A4T3I1F2,2,4,3,1,2,"(2,10,1,2)",16,CUT,CUT=12/32;ASSEMBLE+INSPECT=54/208,false
C2A4T3I1F3,2,4,3,1,3,"(2,10,1,3)",15,CUT,CUT=12/30;ASSEMBLE+INSPECT=54/210,false
C2A4T3I2F0,2,4,3,2,0,"(2,10,2,0)",17,INSPECT,CUT=12/34;ASSEMBLE=36/170;INSPECT=18/34,false
C2A4T3I2F1,2,4,3,2,1,"(2,10,2,1)",16,CUT,CUT=12/32;ASSEMBLE+INSPECT=54/208,false
C2A4T3I2F2,2,4,3,2,2,"(2,10,2,2)",15,CUT,CUT=12/30;ASSEMBLE+INSPECT=54/210,false
C2A4T3I2F3,2,4,3,2,3,"(2,10,2,3)",15,CUT,CUT=12/30;ASSEMBLE+INSPECT=54/225,false
C2A4T3I3F0,2,4,3,3,0,"(2,10,3,0)",16,CUT|INSPECT,CUT=12/32;ASSEMBLE=36/160;INSPECT=18/48,false
C2A4T3I3F1,2,4,3,3,1,"(2,10,3,1)",15,CUT,CUT=12/30;ASSEMBLE+INSPECT=54/210,false
C2A4T3I3F2,2,4,3,3,2,"(2,10,3,2)",15,CUT,CUT=12/30;ASSEMBLE+INSPECT=54/225,false
C2A4T3I3F3,2,4,3,3,3,"(2,10,3,3)",15,CUT,CUT=12/30;ASSEMBLE+INSPECT=54/240,false
C2A4T3I4F0,2,4,3,4,0,"(2,10,4,0)",15,CUT,CUT=12/30;ASSEMBLE=36/150;INSPECT=18/60,false
C2A4T3I4F1,2,4,3,4,1,"(2,10,4,1)",15,CUT,CUT=12/30;ASSEMBLE+INSPECT=54/225,false
C2A4T3I4F2,2,4,3,4,2,"(2,10,4,2)",15,CUT,CUT=12/30;ASSEMBLE+INSPECT=54/240,false
C2A4T3I4F3,2,4,3,4,3,"(2,10,4,3)",15,CUT,CUT=12/30;ASSEMBLE+INSPECT=54/255,false
C2A5T0I0F1,2,5,0,0,1,"(2,5,0,1)",30,ASSEMBLE+INSPECT,CUT=12/60;ASSEMBLE+INSPECT=54/180,true
C2A5T0I0F2,2,5,0,0,2,"(2,5,0,2)",20,ASSEMBLE+INSPECT,CUT=12/40;ASSEMBLE+INSPECT=54/140,true
C2A5T0I0F3,2,5,0,0,3,"(2,5,0,3)",17,ASSEMBLE+INSPECT,CUT=12/34;ASSEMBLE+INSPECT=54/136,true
C2A5T0I1F0,2,5,0,1,0,"(2,5,1,0)",26,INSPECT,CUT=12/52;ASSEMBLE=36/130;INSPECT=18/26,false
C2A5T0I1F1,2,5,0,1,1,"(2,5,1,1)",20,ASSEMBLE+INSPECT,CUT=12/40;ASSEMBLE+INSPECT=54/140,true
C2A5T0I1F2,2,5,0,1,2,"(2,5,1,2)",17,ASSEMBLE+INSPECT,CUT=12/34;ASSEMBLE+INSPECT=54/136,true
C2A5T0I1F3,2,5,0,1,3,"(2,5,1,3)",15,CUT|ASSEMBLE+INSPECT,CUT=12/30;ASSEMBLE+INSPECT=54/135,true
C2A5T0I2F0,2,5,0,2,0,"(2,5,2,0)",17,INSPECT,CUT=12/34;ASSEMBLE=36/85;INSPECT=18/34,false
C2A5T0I2F1,2,5,0,2,1,"(2,5,2,1)",17,ASSEMBLE+INSPECT,CUT=12/34;ASSEMBLE+INSPECT=54/136,true
C2A5T0I2F2,2,5,0,2,2,"(2,5,2,2)",15,CUT|ASSEMBLE+INSPECT,CUT=12/30;ASSEMBLE+INSPECT=54/135,true
C2A5T0I2F3,2,5,0,2,3,"(2,5,2,3)",15,CUT,CUT=12/30;ASSEMBLE+INSPECT=54/150,false
C2A5T0I3F0,2,5,0,3,0,"(2,5,3,0)",17,ASSEMBLE,CUT=12/34;ASSEMBLE=36/85;INSPECT=18/51,false
C2A5T0I3F1,2,5,0,3,1,"(2,5,3,1)",15,CUT|ASSEMBLE+INSPECT,CUT=12/30;ASSEMBLE+INSPECT=54/135,true
C2A5T0I3F2,2,5,0,3,2,"(2,5,3,2)",15,CUT,CUT=12/30;ASSEMBLE+INSPECT=54/150,false
C2A5T0I3F3,2,5,0,3,3,"(2,5,3,3)",15,CUT,CUT=12/30;ASSEMBLE+INSPECT=54/165,false
C2A5T0I4F0,2,5,0,4,0,"(2,5,4,0)",17,ASSEMBLE,CUT=12/34;ASSEMBLE=36/85;INSPECT=18/68,false
C2A5T0I4F1,2,5,0,4,1,"(2,5,4,1)",15,CUT,CUT=12/30;ASSEMBLE+INSPECT=54/150,false
C2A5T0I4F2,2,5,0,4,2,"(2,5,4,2)",15,CUT,CUT=12/30;ASSEMBLE+INSPECT=54/165,false
C2A5T0I4F3,2,5,0,4,3,"(2,5,4,3)",15,CUT,CUT=12/30;ASSEMBLE+INSPECT=54/180,false
C2A5T1I0F1,2,5,1,0,1,"(2,7,0,1)",26,ASSEMBLE+INSPECT,CUT=12/52;ASSEMBLE+INSPECT=54/208,false
C2A5T1I0F2,2,5,1,0,2,"(2,7,0,2)",17,CUT|ASSEMBLE+INSPECT,CUT=12/34;ASSEMBLE+INSPECT=54/153,false
C2A5T1I0F3,2,5,1,0,3,"(2,7,0,3)",16,CUT,CUT=12/32;ASSEMBLE+INSPECT=54/160,false
C2A5T1I1F0,2,5,1,1,0,"(2,7,1,0)",26,INSPECT,CUT=12/52;ASSEMBLE=36/182;INSPECT=18/26,false
C2A5T1I1F1,2,5,1,1,1,"(2,7,1,1)",17,CUT|ASSEMBLE+INSPECT,CUT=12/34;ASSEMBLE+INSPECT=54/153,false
C2A5T1I1F2,2,5,1,1,2,"(2,7,1,2)",16,CUT,CUT=12/32;ASSEMBLE+INSPECT=54/160,false
C2A5T1I1F3,2,5,1,1,3,"(2,7,1,3)",15,CUT,CUT=12/30;ASSEMBLE+INSPECT=54/165,false
C2A5T1I2F0,2,5,1,2,0,"(2,7,2,0)",17,INSPECT,CUT=12/34;ASSEMBLE=36/119;INSPECT=18/34,false
C2A5T1I2F1,2,5,1,2,1,"(2,7,2,1)",16,CUT,CUT=12/32;ASSEMBLE+INSPECT=54/160,false
C2A5T1I2F2,2,5,1,2,2,"(2,7,2,2)",15,CUT,CUT=12/30;ASSEMBLE+INSPECT=54/165,false
C2A5T1I2F3,2,5,1,2,3,"(2,7,2,3)",15,CUT,CUT=12/30;ASSEMBLE+INSPECT=54/180,false
C2A5T1I3F0,2,5,1,3,0,"(2,7,3,0)",16,CUT|INSPECT,CUT=12/32;ASSEMBLE=36/112;INSPECT=18/48,false
C2A5T1I3F1,2,5,1,3,1,"(2,7,3,1)",15,CUT,CUT=12/30;ASSEMBLE+INSPECT=54/165,false
C2A5T1I3F2,2,5,1,3,2,"(2,7,3,2)",15,CUT,CUT=12/30;ASSEMBLE+INSPECT=54/180,false
C2A5T1I3F3,2,5,1,3,3,"(2,7,3,3)",15,CUT,CUT=12/30;ASSEMBLE+INSPECT=54/195,false
C2A5T1I4F0,2,5,1,4,0,"(2,7,4,0)",15,CUT,CUT=12/30;ASSEMBLE=36/105;INSPECT=18/60,false
C2A5T1I4F1,2,5,1,4,1,"(2,7,4,1)",15,CUT,CUT=12/30;ASSEMBLE+INSPECT=54/180,false
C2A5T1I4F2,2,5,1,4,2,"(2,7,4,2)",15,CUT,CUT=12/30;ASSEMBLE+INSPECT=54/195,false
C2A5T1I4F3,2,5,1,4,3,"(2,7,4,3)",15,CUT,CUT=12/30;ASSEMBLE+INSPECT=54/210,false
C2A5T2I0F1,2,5,2,0,1,"(2,9,0,1)",26,CUT,CUT=12/52;ASSEMBLE+INSPECT=54/260,false
C2A5T2I0F2,2,5,2,0,2,"(2,9,0,2)",17,CUT,CUT=12/34;ASSEMBLE+INSPECT=54/187,false
C2A5T2I0F3,2,5,2,0,3,"(2,9,0,3)",16,CUT,CUT=12/32;ASSEMBLE+INSPECT=54/192,false
C2A5T2I1F0,2,5,2,1,0,"(2,9,1,0)",26,INSPECT,CUT=12/52;ASSEMBLE=36/234;INSPECT=18/26,false
C2A5T2I1F1,2,5,2,1,1,"(2,9,1,1)",17,CUT,CUT=12/34;ASSEMBLE+INSPECT=54/187,false
C2A5T2I1F2,2,5,2,1,2,"(2,9,1,2)",16,CUT,CUT=12/32;ASSEMBLE+INSPECT=54/192,false
C2A5T2I1F3,2,5,2,1,3,"(2,9,1,3)",15,CUT,CUT=12/30;ASSEMBLE+INSPECT=54/195,false
C2A5T2I2F0,2,5,2,2,0,"(2,9,2,0)",17,INSPECT,CUT=12/34;ASSEMBLE=36/153;INSPECT=18/34,false
C2A5T2I2F1,2,5,2,2,1,"(2,9,2,1)",16,CUT,CUT=12/32;ASSEMBLE+INSPECT=54/192,false
C2A5T2I2F2,2,5,2,2,2,"(2,9,2,2)",15,CUT,CUT=12/30;ASSEMBLE+INSPECT=54/195,false
C2A5T2I2F3,2,5,2,2,3,"(2,9,2,3)",15,CUT,CUT=12/30;ASSEMBLE+INSPECT=54/210,false
C2A5T2I3F0,2,5,2,3,0,"(2,9,3,0)",16,CUT|INSPECT,CUT=12/32;ASSEMBLE=36/144;INSPECT=18/48,false
C2A5T2I3F1,2,5,2,3,1,"(2,9,3,1)",15,CUT,CUT=12/30;ASSEMBLE+INSPECT=54/195,false
C2A5T2I3F2,2,5,2,3,2,"(2,9,3,2)",15,CUT,CUT=12/30;ASSEMBLE+INSPECT=54/210,false
C2A5T2I3F3,2,5,2,3,3,"(2,9,3,3)",15,CUT,CUT=12/30;ASSEMBLE+INSPECT=54/225,false
C2A5T2I4F0,2,5,2,4,0,"(2,9,4,0)",15,CUT,CUT=12/30;ASSEMBLE=36/135;INSPECT=18/60,false
C2A5T2I4F1,2,5,2,4,1,"(2,9,4,1)",15,CUT,CUT=12/30;ASSEMBLE+INSPECT=54/210,false
C2A5T2I4F2,2,5,2,4,2,"(2,9,4,2)",15,CUT,CUT=12/30;ASSEMBLE+INSPECT=54/225,false
C2A5T2I4F3,2,5,2,4,3,"(2,9,4,3)",15,CUT,CUT=12/30;ASSEMBLE+INSPECT=54/240,false
C2A5T3I0F1,2,5,3,0,1,"(2,11,0,1)",26,CUT,CUT=12/52;ASSEMBLE+INSPECT=54/312,false
C2A5T3I0F2,2,5,3,0,2,"(2,11,0,2)",17,CUT,CUT=12/34;ASSEMBLE+INSPECT=54/221,false
C2A5T3I0F3,2,5,3,0,3,"(2,11,0,3)",16,CUT,CUT=12/32;ASSEMBLE+INSPECT=54/224,false
C2A5T3I1F0,2,5,3,1,0,"(2,11,1,0)",26,INSPECT,CUT=12/52;ASSEMBLE=36/286;INSPECT=18/26,false
C2A5T3I1F1,2,5,3,1,1,"(2,11,1,1)",17,CUT,CUT=12/34;ASSEMBLE+INSPECT=54/221,false
C2A5T3I1F2,2,5,3,1,2,"(2,11,1,2)",16,CUT,CUT=12/32;ASSEMBLE+INSPECT=54/224,false
C2A5T3I1F3,2,5,3,1,3,"(2,11,1,3)",15,CUT,CUT=12/30;ASSEMBLE+INSPECT=54/225,false
C2A5T3I2F0,2,5,3,2,0,"(2,11,2,0)",17,INSPECT,CUT=12/34;ASSEMBLE=36/187;INSPECT=18/34,false
C2A5T3I2F1,2,5,3,2,1,"(2,11,2,1)",16,CUT,CUT=12/32;ASSEMBLE+INSPECT=54/224,false
C2A5T3I2F2,2,5,3,2,2,"(2,11,2,2)",15,CUT,CUT=12/30;ASSEMBLE+INSPECT=54/225,false
C2A5T3I2F3,2,5,3,2,3,"(2,11,2,3)",15,CUT,CUT=12/30;ASSEMBLE+INSPECT=54/240,false
C2A5T3I3F0,2,5,3,3,0,"(2,11,3,0)",16,CUT|INSPECT,CUT=12/32;ASSEMBLE=36/176;INSPECT=18/48,false
C2A5T3I3F1,2,5,3,3,1,"(2,11,3,1)",15,CUT,CUT=12/30;ASSEMBLE+INSPECT=54/225,false
C2A5T3I3F2,2,5,3,3,2,"(2,11,3,2)",15,CUT,CUT=12/30;ASSEMBLE+INSPECT=54/240,false
C2A5T3I3F3,2,5,3,3,3,"(2,11,3,3)",15,CUT,CUT=12/30;ASSEMBLE+INSPECT=54/255,false
C2A5T3I4F0,2,5,3,4,0,"(2,11,4,0)",15,CUT,CUT=12/30;ASSEMBLE=36/165;INSPECT=18/60,false
C2A5T3I4F1,2,5,3,4,1,"(2,11,4,1)",15,CUT,CUT=12/30;ASSEMBLE+INSPECT=54/240,false
C2A5T3I4F2,2,5,3,4,2,"(2,11,4,2)",15,CUT,CUT=12/30;ASSEMBLE+INSPECT=54/255,false
C2A5T3I4F3,2,5,3,4,3,"(2,11,4,3)",15,CUT,CUT=12/30;ASSEMBLE+INSPECT=54/270,false
C2A6T0I0F1,2,6,0,0,1,"(2,6,0,1)",26,ASSEMBLE+INSPECT,CUT=12/52;ASSEMBLE+INSPECT=54/182,false
C2A6T0I0F2,2,6,0,0,2,"(2,6,0,2)",17,ASSEMBLE+INSPECT,CUT=12/34;ASSEMBLE+INSPECT=54/136,false
C2A6T0I0F3,2,6,0,0,3,"(2,6,0,3)",16,CUT|ASSEMBLE+INSPECT,CUT=12/32;ASSEMBLE+INSPECT=54/144,false
C2A6T0I1F0,2,6,0,1,0,"(2,6,1,0)",26,INSPECT,CUT=12/52;ASSEMBLE=36/156;INSPECT=18/26,false
C2A6T0I1F1,2,6,0,1,1,"(2,6,1,1)",17,ASSEMBLE+INSPECT,CUT=12/34;ASSEMBLE+INSPECT=54/136,false
C2A6T0I1F2,2,6,0,1,2,"(2,6,1,2)",16,CUT|ASSEMBLE+INSPECT,CUT=12/32;ASSEMBLE+INSPECT=54/144,false
C2A6T0I1F3,2,6,0,1,3,"(2,6,1,3)",15,CUT,CUT=12/30;ASSEMBLE+INSPECT=54/150,false
C2A6T0I2F0,2,6,0,2,0,"(2,6,2,0)",17,INSPECT,CUT=12/34;ASSEMBLE=36/102;INSPECT=18/34,false
C2A6T0I2F1,2,6,0,2,1,"(2,6,2,1)",16,CUT|ASSEMBLE+INSPECT,CUT=12/32;ASSEMBLE+INSPECT=54/144,false
C2A6T0I2F2,2,6,0,2,2,"(2,6,2,2)",15,CUT,CUT=12/30;ASSEMBLE+INSPECT=54/150,false
C2A6T0I2F3,2,6,0,2,3,"(2,6,2,3)",15,CUT,CUT=12/30;ASSEMBLE+INSPECT=54/165,false
C2A6T0I3F0,2,6,0,3,0,"(2,6,3,0)",16,CUT|ASSEMBLE|INSPECT,CUT=12/32;ASSEMBLE=36/96;INSPECT=18/48,false
C2A6T0I3F1,2,6,0,3,1,"(2,6,3,1)",15,CUT,CUT=12/30;ASSEMBLE+INSPECT=54/150,false
C2A6T0I3F2,2,6,0,3,2,"(2,6,3,2)",15,CUT,CUT=12/30;ASSEMBLE+INSPECT=54/165,false
C2A6T0I3F3,2,6,0,3,3,"(2,6,3,3)",15,CUT,CUT=12/30;ASSEMBLE+INSPECT=54/180,false
C2A6T0I4F0,2,6,0,4,0,"(2,6,4,0)",15,CUT|ASSEMBLE,CUT=12/30;ASSEMBLE=36/90;INSPECT=18/60,false
C2A6T0I4F1,2,6,0,4,1,"(2,6,4,1)",15,CUT,CUT=12/30;ASSEMBLE+INSPECT=54/165,false
C2A6T0I4F2,2,6,0,4,2,"(2,6,4,2)",15,CUT,CUT=12/30;ASSEMBLE+INSPECT=54/180,false
C2A6T0I4F3,2,6,0,4,3,"(2,6,4,3)",15,CUT,CUT=12/30;ASSEMBLE+INSPECT=54/195,false
C2A6T1I0F1,2,6,1,0,1,"(2,8,0,1)",26,CUT|ASSEMBLE+INSPECT,CUT=12/52;ASSEMBLE+INSPECT=54/234,false
C2A6T1I0F2,2,6,1,0,2,"(2,8,0,2)",17,CUT,CUT=12/34;ASSEMBLE+INSPECT=54/170,false
C2A6T1I0F3,2,6,1,0,3,"(2,8,0,3)",16,CUT,CUT=12/32;ASSEMBLE+INSPECT=54/176,false
C2A6T1I1F0,2,6,1,1,0,"(2,8,1,0)",26,INSPECT,CUT=12/52;ASSEMBLE=36/208;INSPECT=18/26,false
C2A6T1I1F1,2,6,1,1,1,"(2,8,1,1)",17,CUT,CUT=12/34;ASSEMBLE+INSPECT=54/170,false
C2A6T1I1F2,2,6,1,1,2,"(2,8,1,2)",16,CUT,CUT=12/32;ASSEMBLE+INSPECT=54/176,false
C2A6T1I1F3,2,6,1,1,3,"(2,8,1,3)",15,CUT,CUT=12/30;ASSEMBLE+INSPECT=54/180,false
C2A6T1I2F0,2,6,1,2,0,"(2,8,2,0)",17,INSPECT,CUT=12/34;ASSEMBLE=36/136;INSPECT=18/34,false
C2A6T1I2F1,2,6,1,2,1,"(2,8,2,1)",16,CUT,CUT=12/32;ASSEMBLE+INSPECT=54/176,false
C2A6T1I2F2,2,6,1,2,2,"(2,8,2,2)",15,CUT,CUT=12/30;ASSEMBLE+INSPECT=54/180,false
C2A6T1I2F3,2,6,1,2,3,"(2,8,2,3)",15,CUT,CUT=12/30;ASSEMBLE+INSPECT=54/195,false
C2A6T1I3F0,2,6,1,3,0,"(2,8,3,0)",16,CUT|INSPECT,CUT=12/32;ASSEMBLE=36/128;INSPECT=18/48,false
C2A6T1I3F1,2,6,1,3,1,"(2,8,3,1)",15,CUT,CUT=12/30;ASSEMBLE+INSPECT=54/180,false
C2A6T1I3F2,2,6,1,3,2,"(2,8,3,2)",15,CUT,CUT=12/30;ASSEMBLE+INSPECT=54/195,false
C2A6T1I3F3,2,6,1,3,3,"(2,8,3,3)",15,CUT,CUT=12/30;ASSEMBLE+INSPECT=54/210,false
C2A6T1I4F0,2,6,1,4,0,"(2,8,4,0)",15,CUT,CUT=12/30;ASSEMBLE=36/120;INSPECT=18/60,false
C2A6T1I4F1,2,6,1,4,1,"(2,8,4,1)",15,CUT,CUT=12/30;ASSEMBLE+INSPECT=54/195,false
C2A6T1I4F2,2,6,1,4,2,"(2,8,4,2)",15,CUT,CUT=12/30;ASSEMBLE+INSPECT=54/210,false
C2A6T1I4F3,2,6,1,4,3,"(2,8,4,3)",15,CUT,CUT=12/30;ASSEMBLE+INSPECT=54/225,false
C2A6T2I0F1,2,6,2,0,1,"(2,10,0,1)",26,CUT,CUT=12/52;ASSEMBLE+INSPECT=54/286,false
C2A6T2I0F2,2,6,2,0,2,"(2,10,0,2)",17,CUT,CUT=12/34;ASSEMBLE+INSPECT=54/204,false
C2A6T2I0F3,2,6,2,0,3,"(2,10,0,3)",16,CUT,CUT=12/32;ASSEMBLE+INSPECT=54/208,false
C2A6T2I1F0,2,6,2,1,0,"(2,10,1,0)",26,INSPECT,CUT=12/52;ASSEMBLE=36/260;INSPECT=18/26,false
C2A6T2I1F1,2,6,2,1,1,"(2,10,1,1)",17,CUT,CUT=12/34;ASSEMBLE+INSPECT=54/204,false
C2A6T2I1F2,2,6,2,1,2,"(2,10,1,2)",16,CUT,CUT=12/32;ASSEMBLE+INSPECT=54/208,false
C2A6T2I1F3,2,6,2,1,3,"(2,10,1,3)",15,CUT,CUT=12/30;ASSEMBLE+INSPECT=54/210,false
C2A6T2I2F0,2,6,2,2,0,"(2,10,2,0)",17,INSPECT,CUT=12/34;ASSEMBLE=36/170;INSPECT=18/34,false
C2A6T2I2F1,2,6,2,2,1,"(2,10,2,1)",16,CUT,CUT=12/32;ASSEMBLE+INSPECT=54/208,false
C2A6T2I2F2,2,6,2,2,2,"(2,10,2,2)",15,CUT,CUT=12/30;ASSEMBLE+INSPECT=54/210,false
C2A6T2I2F3,2,6,2,2,3,"(2,10,2,3)",15,CUT,CUT=12/30;ASSEMBLE+INSPECT=54/225,false
C2A6T2I3F0,2,6,2,3,0,"(2,10,3,0)",16,CUT|INSPECT,CUT=12/32;ASSEMBLE=36/160;INSPECT=18/48,false
C2A6T2I3F1,2,6,2,3,1,"(2,10,3,1)",15,CUT,CUT=12/30;ASSEMBLE+INSPECT=54/210,false
C2A6T2I3F2,2,6,2,3,2,"(2,10,3,2)",15,CUT,CUT=12/30;ASSEMBLE+INSPECT=54/225,false
C2A6T2I3F3,2,6,2,3,3,"(2,10,3,3)",15,CUT,CUT=12/30;ASSEMBLE+INSPECT=54/240,false
C2A6T2I4F0,2,6,2,4,0,"(2,10,4,0)",15,CUT,CUT=12/30;ASSEMBLE=36/150;INSPECT=18/60,false
C2A6T2I4F1,2,6,2,4,1,"(2,10,4,1)",15,CUT,CUT=12/30;ASSEMBLE+INSPECT=54/225,false
C2A6T2I4F2,2,6,2,4,2,"(2,10,4,2)",15,CUT,CUT=12/30;ASSEMBLE+INSPECT=54/240,false
C2A6T2I4F3,2,6,2,4,3,"(2,10,4,3)",15,CUT,CUT=12/30;ASSEMBLE+INSPECT=54/255,false
C2A6T3I0F1,2,6,3,0,1,"(2,12,0,1)",26,CUT,CUT=12/52;ASSEMBLE+INSPECT=54/338,false
C2A6T3I0F2,2,6,3,0,2,"(2,12,0,2)",17,CUT,CUT=12/34;ASSEMBLE+INSPECT=54/238,false
C2A6T3I0F3,2,6,3,0,3,"(2,12,0,3)",16,CUT,CUT=12/32;ASSEMBLE+INSPECT=54/240,false
C2A6T3I1F0,2,6,3,1,0,"(2,12,1,0)",26,INSPECT,CUT=12/52;ASSEMBLE=36/312;INSPECT=18/26,false
C2A6T3I1F1,2,6,3,1,1,"(2,12,1,1)",17,CUT,CUT=12/34;ASSEMBLE+INSPECT=54/238,false
C2A6T3I1F2,2,6,3,1,2,"(2,12,1,2)",16,CUT,CUT=12/32;ASSEMBLE+INSPECT=54/240,false
C2A6T3I1F3,2,6,3,1,3,"(2,12,1,3)",15,CUT,CUT=12/30;ASSEMBLE+INSPECT=54/240,false
C2A6T3I2F0,2,6,3,2,0,"(2,12,2,0)",17,INSPECT,CUT=12/34;ASSEMBLE=36/204;INSPECT=18/34,false
C2A6T3I2F1,2,6,3,2,1,"(2,12,2,1)",16,CUT,CUT=12/32;ASSEMBLE+INSPECT=54/240,false
C2A6T3I2F2,2,6,3,2,2,"(2,12,2,2)",15,CUT,CUT=12/30;ASSEMBLE+INSPECT=54/240,false
C2A6T3I2F3,2,6,3,2,3,"(2,12,2,3)",15,CUT,CUT=12/30;ASSEMBLE+INSPECT=54/255,false
C2A6T3I3F0,2,6,3,3,0,"(2,12,3,0)",16,CUT|INSPECT,CUT=12/32;ASSEMBLE=36/192;INSPECT=18/48,false
C2A6T3I3F1,2,6,3,3,1,"(2,12,3,1)",15,CUT,CUT=12/30;ASSEMBLE+INSPECT=54/240,false
C2A6T3I3F2,2,6,3,3,2,"(2,12,3,2)",15,CUT,CUT=12/30;ASSEMBLE+INSPECT=54/255,false
C2A6T3I3F3,2,6,3,3,3,"(2,12,3,3)",15,CUT,CUT=12/30;ASSEMBLE+INSPECT=54/270,false
C2A6T3I4F0,2,6,3,4,0,"(2,12,4,0)",15,CUT,CUT=12/30;ASSEMBLE=36/180;INSPECT=18/60,false
C2A6T3I4F1,2,6,3,4,1,"(2,12,4,1)",15,CUT,CUT=12/30;ASSEMBLE+INSPECT=54/255,false
C2A6T3I4F2,2,6,3,4,2,"(2,12,4,2)",15,CUT,CUT=12/30;ASSEMBLE+INSPECT=54/270,false
C2A6T3I4F3,2,6,3,4,3,"(2,12,4,3)",15,CUT,CUT=12/30;ASSEMBLE+INSPECT=54/285,false
C3A0T0I0F1,3,0,0,0,1,"(3,0,0,1)",56,ASSEMBLE+INSPECT,CUT=12/168;ASSEMBLE+INSPECT=54/56,true
C3A0T0I0F2,3,0,0,0,2,"(3,0,0,2)",29,ASSEMBLE+INSPECT,CUT=12/87;ASSEMBLE+INSPECT=54/58,true
C3A0T0I0F3,3,0,0,0,3,"(3,0,0,3)",20,ASSEMBLE+INSPECT,CUT=12/60;ASSEMBLE+INSPECT=54/60,true
C3A0T0I1F1,3,0,0,1,1,"(3,0,1,1)",41,ASSEMBLE+INSPECT,CUT=12/123;ASSEMBLE+INSPECT=54/82,false
C3A0T0I1F2,3,0,0,1,2,"(3,0,1,2)",29,ASSEMBLE+INSPECT,CUT=12/87;ASSEMBLE+INSPECT=54/87,true
C3A0T0I1F3,3,0,0,1,3,"(3,0,1,3)",20,ASSEMBLE+INSPECT,CUT=12/60;ASSEMBLE+INSPECT=54/80,true
C3A0T0I2F1,3,0,0,2,1,"(3,0,2,1)",41,ASSEMBLE+INSPECT,CUT=12/123;ASSEMBLE+INSPECT=54/123,false
C3A0T0I2F2,3,0,0,2,2,"(3,0,2,2)",23,ASSEMBLE+INSPECT,CUT=12/69;ASSEMBLE+INSPECT=54/92,false
C3A0T0I2F3,3,0,0,2,3,"(3,0,2,3)",20,ASSEMBLE+INSPECT,CUT=12/60;ASSEMBLE+INSPECT=54/100,true
C3A0T0I3F1,3,0,0,3,1,"(3,0,3,1)",41,ASSEMBLE+INSPECT,CUT=12/123;ASSEMBLE+INSPECT=54/164,false
C3A0T0I3F2,3,0,0,3,2,"(3,0,3,2)",23,ASSEMBLE+INSPECT,CUT=12/69;ASSEMBLE+INSPECT=54/115,false
C3A0T0I3F3,3,0,0,3,3,"(3,0,3,3)",17,ASSEMBLE+INSPECT,CUT=12/51;ASSEMBLE+INSPECT=54/102,false
C3A0T0I4F1,3,0,0,4,1,"(3,0,4,1)",41,ASSEMBLE+INSPECT,CUT=12/123;ASSEMBLE+INSPECT=54/205,false
C3A0T0I4F2,3,0,0,4,2,"(3,0,4,2)",23,ASSEMBLE+INSPECT,CUT=12/69;ASSEMBLE+INSPECT=54/138,false
C3A0T0I4F3,3,0,0,4,3,"(3,0,4,3)",17,ASSEMBLE+INSPECT,CUT=12/51;ASSEMBLE+INSPECT=54/119,false
C3A0T1I0F1,3,0,1,0,1,"(3,2,0,1)",26,ASSEMBLE+INSPECT,CUT=12/78;ASSEMBLE+INSPECT=54/78,true
C3A0T1I0F2,3,0,1,0,2,"(3,2,0,2)",19,ASSEMBLE+INSPECT,CUT=12/57;ASSEMBLE+INSPECT=54/76,true
C3A0T1I0F3,3,0,1,0,3,"(3,2,0,3)",17,ASSEMBLE+INSPECT,CUT=12/51;ASSEMBLE+INSPECT=54/85,true
C3A0T1I1F0,3,0,1,1,0,"(3,2,1,0)",26,ASSEMBLE|INSPECT,CUT=12/78;ASSEMBLE=36/52;INSPECT=18/26,false
C3A0T1I1F1,3,0,1,1,1,"(3,2,1,1)",20,ASSEMBLE+INSPECT,CUT=12/60;ASSEMBLE+INSPECT=54/80,true
C3A0T1I1F2,3,0,1,1,2,"(3,2,1,2)",17,ASSEMBLE+INSPECT,CUT=12/51;ASSEMBLE+INSPECT=54/85,true
C3A0T1I1F3,3,0,1,1,3,"(3,2,1,3)",17,ASSEMBLE+INSPECT,CUT=12/51;ASSEMBLE+INSPECT=54/102,true
C3A0T1I2F0,3,0,1,2,0,"(3,2,2,0)",23,ASSEMBLE,CUT=12/69;ASSEMBLE=36/46;INSPECT=18/46,false
C3A0T1I2F1,3,0,1,2,1,"(3,2,2,1)",20,ASSEMBLE+INSPECT,CUT=12/60;ASSEMBLE+INSPECT=54/100,true
C3A0T1I2F2,3,0,1,2,2,"(3,2,2,2)",17,ASSEMBLE+INSPECT,CUT=12/51;ASSEMBLE+INSPECT=54/102,true
C3A0T1I2F3,3,0,1,2,3,"(3,2,2,3)",17,ASSEMBLE+INSPECT,CUT=12/51;ASSEMBLE+INSPECT=54/119,true
C3A0T1I3F0,3,0,1,3,0,"(3,2,3,0)",23,ASSEMBLE,CUT=12/69;ASSEMBLE=36/46;INSPECT=18/69,false
C3A0T1I3F1,3,0,1,3,1,"(3,2,3,1)",17,ASSEMBLE+INSPECT,CUT=12/51;ASSEMBLE+INSPECT=54/102,false
C3A0T1I3F2,3,0,1,3,2,"(3,2,3,2)",17,ASSEMBLE+INSPECT,CUT=12/51;ASSEMBLE+INSPECT=54/119,true
C3A0T1I3F3,3,0,1,3,3,"(3,2,3,3)",17,ASSEMBLE+INSPECT,CUT=12/51;ASSEMBLE+INSPECT=54/136,true
C3A0T1I4F0,3,0,1,4,0,"(3,2,4,0)",23,ASSEMBLE,CUT=12/69;ASSEMBLE=36/46;INSPECT=18/92,false
C3A0T1I4F1,3,0,1,4,1,"(3,2,4,1)",17,ASSEMBLE+INSPECT,CUT=12/51;ASSEMBLE+INSPECT=54/119,false
C3A0T1I4F2,3,0,1,4,2,"(3,2,4,2)",17,ASSEMBLE+INSPECT,CUT=12/51;ASSEMBLE+INSPECT=54/136,false
C3A0T1I4F3,3,0,1,4,3,"(3,2,4,3)",17,ASSEMBLE+INSPECT,CUT=12/51;ASSEMBLE+INSPECT=54/153,true
C3A0T2I0F1,3,0,2,0,1,"(3,4,0,1)",28,ASSEMBLE+INSPECT,CUT=12/84;ASSEMBLE+INSPECT=54/140,true
C3A0T2I0F2,3,0,2,0,2,"(3,4,0,2)",19,ASSEMBLE+INSPECT,CUT=12/57;ASSEMBLE+INSPECT=54/114,true
C3A0T2I0F3,3,0,2,0,3,"(3,4,0,3)",16,ASSEMBLE+INSPECT,CUT=12/48;ASSEMBLE+INSPECT=54/112,true
C3A0T2I1F0,3,0,2,1,0,"(3,4,1,0)",26,INSPECT,CUT=12/78;ASSEMBLE=36/104;INSPECT=18/26,false
C3A0T2I1F1,3,0,2,1,1,"(3,4,1,1)",19,ASSEMBLE+INSPECT,CUT=12/57;ASSEMBLE+INSPECT=54/114,true
C3A0T2I1F2,3,0,2,1,2,"(3,4,1,2)",16,ASSEMBLE+INSPECT,CUT=12/48;ASSEMBLE+INSPECT=54/112,true
C3A0T2I1F3,3,0,2,1,3,"(3,4,1,3)",14,ASSEMBLE+INSPECT,CUT=12/42;ASSEMBLE+INSPECT=54/112,true
C3A0T2I2F0,3,0,2,2,0,"(3,4,2,0)",17,ASSEMBLE|INSPECT,CUT=12/51;ASSEMBLE=36/68;INSPECT=18/34,false
C3A0T2I2F1,3,0,2,2,1,"(3,4,2,1)",17,ASSEMBLE+INSPECT,CUT=12/51;ASSEMBLE+INSPECT=54/119,true
C3A0T2I2F2,3,0,2,2,2,"(3,4,2,2)",14,ASSEMBLE+INSPECT,CUT=12/42;ASSEMBLE+INSPECT=54/112,true
C3A0T2I2F3,3,0,2,2,3,"(3,4,2,3)",14,ASSEMBLE+INSPECT,CUT=12/42;ASSEMBLE+INSPECT=54/126,true
C3A0T2I3F0,3,0,2,3,0,"(3,4,3,0)",17,ASSEMBLE,CUT=12/51;ASSEMBLE=36/68;INSPECT=18/51,false
C3A0T2I3F1,3,0,2,3,1,"(3,4,3,1)",17,ASSEMBLE+INSPECT,CUT=12/51;ASSEMBLE+INSPECT=54/136,true
C3A0T2I3F2,3,0,2,3,2,"(3,4,3,2)",14,ASSEMBLE+INSPECT,CUT=12/42;ASSEMBLE+INSPECT=54/126,true
C3A0T2I3F3,3,0,2,3,3,"(3,4,3,3)",13,ASSEMBLE+INSPECT,CUT=12/39;ASSEMBLE+INSPECT=54/130,true
C3A0T2I4F0,3,0,2,4,0,"(3,4,4,0)",17,ASSEMBLE,CUT=12/51;ASSEMBLE=36/68;INSPECT=18/68,false
C3A0T2I4F1,3,0,2,4,1,"(3,4,4,1)",17,ASSEMBLE+INSPECT,CUT=12/51;ASSEMBLE+INSPECT=54/153,true
C3A0T2I4F2,3,0,2,4,2,"(3,4,4,2)",13,ASSEMBLE+INSPECT,CUT=12/39;ASSEMBLE+INSPECT=54/130,true
C3A0T2I4F3,3,0,2,4,3,"(3,4,4,3)",13,ASSEMBLE+INSPECT,CUT=12/39;ASSEMBLE+INSPECT=54/143,true
C3A0T3I0F1,3,0,3,0,1,"(3,6,0,1)",26,ASSEMBLE+INSPECT,CUT=12/78;ASSEMBLE+INSPECT=54/182,false
C3A0T3I0F2,3,0,3,0,2,"(3,6,0,2)",17,ASSEMBLE+INSPECT,CUT=12/51;ASSEMBLE+INSPECT=54/136,false
C3A0T3I0F3,3,0,3,0,3,"(3,6,0,3)",14,ASSEMBLE+INSPECT,CUT=12/42;ASSEMBLE+INSPECT=54/126,false
C3A0T3I1F0,3,0,3,1,0,"(3,6,1,0)",26,INSPECT,CUT=12/78;ASSEMBLE=36/156;INSPECT=18/26,false
C3A0T3I1F1,3,0,3,1,1,"(3,6,1,1)",17,ASSEMBLE+INSPECT,CUT=12/51;ASSEMBLE+INSPECT=54/136,false
C3A0T3I1F2,3,0,3,1,2,"(3,6,1,2)",14,ASSEMBLE+INSPECT,CUT=12/42;ASSEMBLE+INSPECT=54/126,false
C3A0T3I1F3,3,0,3,1,3,"(3,6,1,3)",14,ASSEMBLE+INSPECT,CUT=12/42;ASSEMBLE+INSPECT=54/140,false
C3A0T3I2F0,3,0,3,2,0,"(3,6,2,0)",17,INSPECT,CUT=12/51;ASSEMBLE=36/102;INSPECT=18/34,false
C3A0T3I2F1,3,0,3,2,1,"(3,6,2,1)",14,ASSEMBLE+INSPECT,CUT=12/42;ASSEMBLE+INSPECT=54/126,false
C3A0T3I2F2,3,0,3,2,2,"(3,6,2,2)",14,ASSEMBLE+INSPECT,CUT=12/42;ASSEMBLE+INSPECT=54/140,false
C3A0T3I2F3,3,0,3,2,3,"(3,6,2,3)",14,ASSEMBLE+INSPECT,CUT=12/42;ASSEMBLE+INSPECT=54/154,false
C3A0T3I3F0,3,0,3,3,0,"(3,6,3,0)",14,ASSEMBLE|INSPECT,CUT=12/42;ASSEMBLE=36/84;INSPECT=18/42,false
C3A0T3I3F1,3,0,3,3,1,"(3,6,3,1)",14,ASSEMBLE+INSPECT,CUT=12/42;ASSEMBLE+INSPECT=54/140,false
C3A0T3I3F2,3,0,3,3,2,"(3,6,3,2)",14,ASSEMBLE+INSPECT,CUT=12/42;ASSEMBLE+INSPECT=54/154,false
C3A0T3I3F3,3,0,3,3,3,"(3,6,3,3)",13,ASSEMBLE+INSPECT,CUT=12/39;ASSEMBLE+INSPECT=54/156,false
C3A0T3I4F0,3,0,3,4,0,"(3,6,4,0)",14,ASSEMBLE,CUT=12/42;ASSEMBLE=36/84;INSPECT=18/56,false
C3A0T3I4F1,3,0,3,4,1,"(3,6,4,1)",14,ASSEMBLE+INSPECT,CUT=12/42;ASSEMBLE+INSPECT=54/154,false
C3A0T3I4F2,3,0,3,4,2,"(3,6,4,2)",13,ASSEMBLE+INSPECT,CUT=12/39;ASSEMBLE+INSPECT=54/156,false
C3A0T3I4F3,3,0,3,4,3,"(3,6,4,3)",13,ASSEMBLE+INSPECT,CUT=12/39;ASSEMBLE+INSPECT=54/169,false
C3A1T0I0F1,3,1,0,0,1,"(3,1,0,1)",32,ASSEMBLE+INSPECT,CUT=12/96;ASSEMBLE+INSPECT=54/64,true
C3A1T0I0F2,3,1,0,0,2,"(3,1,0,2)",23,ASSEMBLE+INSPECT,CUT=12/69;ASSEMBLE+INSPECT=54/69,true
C3A1T0I0F3,3,1,0,0,3,"(3,1,0,3)",20,ASSEMBLE+INSPECT,CUT=12/60;ASSEMBLE+INSPECT=54/80,true
C3A1T0I1F0,3,1,0,1,0,"(3,1,1,0)",41,ASSEMBLE,CUT=12/123;ASSEMBLE=36/41;INSPECT=18/41,false
C3A1T0I1F1,3,1,0,1,1,"(3,1,1,1)",29,ASSEMBLE+INSPECT,CUT=12/87;ASSEMBLE+INSPECT=54/87,true
C3A1T0I1F2,3,1,0,1,2,"(3,1,1,2)",20,ASSEMBLE+INSPECT,CUT=12/60;ASSEMBLE+INSPECT=54/80,true
C3A1T0I1F3,3,1,0,1,3,"(3,1,1,3)",20,ASSEMBLE+INSPECT,CUT=12/60;ASSEMBLE+INSPECT=54/100,true
C3A1T0I2F0,3,1,0,2,0,"(3,1,2,0)",41,ASSEMBLE,CUT=12/123;ASSEMBLE=36/41;INSPECT=18/82,false
C3A1T0I2F1,3,1,0,2,1,"(3,1,2,1)",23,ASSEMBLE+INSPECT,CUT=12/69;ASSEMBLE+INSPECT=54/92,false
C3A1T0I2F2,3,1,0,2,2,"(3,1,2,2)",20,ASSEMBLE+INSPECT,CUT=12/60;ASSEMBLE+INSPECT=54/100,true
C3A1T0I2F3,3,1,0,2,3,"(3,1,2,3)",17,ASSEMBLE+INSPECT,CUT=12/51;ASSEMBLE+INSPECT=54/102,true
C3A1T0I3F0,3,1,0,3,0,"(3,1,3,0)",41,ASSEMBLE,CUT=12/123;ASSEMBLE=36/41;INSPECT=18/123,false
C3A1T0I3F1,3,1,0,3,1,"(3,1,3,1)",23,ASSEMBLE+INSPECT,CUT=12/69;ASSEMBLE+INSPECT=54/115,false
C3A1T0I3F2,3,1,0,3,2,"(3,1,3,2)",17,ASSEMBLE+INSPECT,CUT=12/51;ASSEMBLE+INSPECT=54/102,false
C3A1T0I3F3,3,1,0,3,3,"(3,1,3,3)",17,ASSEMBLE+INSPECT,CUT=12/51;ASSEMBLE+INSPECT=54/119,true
C3A1T0I4F0,3,1,0,4,0,"(3,1,4,0)",41,ASSEMBLE,CUT=12/123;ASSEMBLE=36/41;INSPECT=18/164,false
C3A1T0I4F1,3,1,0,4,1,"(3,1,4,1)",23,ASSEMBLE+INSPECT,CUT=12/69;ASSEMBLE+INSPECT=54/138,false
C3A1T0I4F2,3,1,0,4,2,"(3,1,4,2)",17,ASSEMBLE+INSPECT,CUT=12/51;ASSEMBLE+INSPECT=54/119,false
C3A1T0I4F3,3,1,0,4,3,"(3,1,4,3)",17,ASSEMBLE+INSPECT,CUT=12/51;ASSEMBLE+INSPECT=54/136,false
C3A1T1I0F1,3,1,1,0,1,"(3,3,0,1)",28,ASSEMBLE+INSPECT,CUT=12/84;ASSEMBLE+INSPECT=54/112,true
C3A1T1I0F2,3,1,1,0,2,"(3,3,0,2)",19,ASSEMBLE+INSPECT,CUT=12/57;ASSEMBLE+INSPECT=54/95,true
C3A1T1I0F3,3,1,1,0,3,"(3,3,0,3)",16,ASSEMBLE+INSPECT,CUT=12/48;ASSEMBLE+INSPECT=54/96,true
C3A1T1I1F0,3,1,1,1,0,"(3,3,1,0)",26,INSPECT,CUT=12/78;ASSEMBLE=36/78;INSPECT=18/26,false
C3A1T1I1F1,3,1,1,1,1,"(3,3,1,1)",19,ASSEMBLE+INSPECT,CUT=12/57;ASSEMBLE+INSPECT=54/95,true
C3A1T1I1F2,3,1,1,1,2,"(3,3,1,2)",17,ASSEMBLE+INSPECT,CUT=12/51;ASSEMBLE+INSPECT=54/102,true
C3A1T1I1F3,3,1,1,1,3,"(3,3,1,3)",16,ASSEMBLE+INSPECT,CUT=12/48;ASSEMBLE+INSPECT=54/112,true
C3A1T1I2F0,3,1,1,2,0,"(3,3,2,0)",20,ASSEMBLE,CUT=12/60;ASSEMBLE=36/60;INSPECT=18/40,false
C3A1T1I2F1,3,1,1,2,1,"(3,3,2,1)",17,ASSEMBLE+INSPECT,CUT=12/51;ASSEMBLE+INSPECT=54/102,true
C3A1T1I2F2,3,1,1,2,2,"(3,3,2,2)",17,ASSEMBLE+INSPECT,CUT=12/51;ASSEMBLE+INSPECT=54/119,true
C3A1T1I2F3,3,1,1,2,3,"(3,3,2,3)",14,ASSEMBLE+INSPECT,CUT=12/42;ASSEMBLE+INSPECT=54/112,true
C3A1T1I3F0,3,1,1,3,0,"(3,3,3,0)",17,ASSEMBLE,CUT=12/51;ASSEMBLE=36/51;INSPECT=18/51,false
C3A1T1I3F1,3,1,1,3,1,"(3,3,3,1)",17,ASSEMBLE+INSPECT,CUT=12/51;ASSEMBLE+INSPECT=54/119,true
C3A1T1I3F2,3,1,1,3,2,"(3,3,3,2)",17,ASSEMBLE+INSPECT,CUT=12/51;ASSEMBLE+INSPECT=54/136,true
C3A1T1I3F3,3,1,1,3,3,"(3,3,3,3)",13,ASSEMBLE+INSPECT,CUT=12/39;ASSEMBLE+INSPECT=54/117,true
C3A1T1I4F0,3,1,1,4,0,"(3,3,4,0)",17,ASSEMBLE,CUT=12/51;ASSEMBLE=36/51;INSPECT=18/68,false
C3A1T1I4F1,3,1,1,4,1,"(3,3,4,1)",17,ASSEMBLE+INSPECT,CUT=12/51;ASSEMBLE+INSPECT=54/136,false
C3A1T1I4F2,3,1,1,4,2,"(3,3,4,2)",17,ASSEMBLE+INSPECT,CUT=12/51;ASSEMBLE+INSPECT=54/153,true
C3A1T1I4F3,3,1,1,4,3,"(3,3,4,3)",13,ASSEMBLE+INSPECT,CUT=12/39;ASSEMBLE+INSPECT=54/130,true
C3A1T2I0F1,3,1,2,0,1,"(3,5,0,1)",28,ASSEMBLE+INSPECT,CUT=12/84;ASSEMBLE+INSPECT=54/168,true
C3A1T2I0F2,3,1,2,0,2,"(3,5,0,2)",19,ASSEMBLE+INSPECT,CUT=12/57;ASSEMBLE+INSPECT=54/133,true
C3A1T2I0F3,3,1,2,0,3,"(3,5,0,3)",16,ASSEMBLE+INSPECT,CUT=12/48;ASSEMBLE+INSPECT=54/128,true
C3A1T2I1F0,3,1,2,1,0,"(3,5,1,0)",26,INSPECT,CUT=12/78;ASSEMBLE=36/130;INSPECT=18/26,false
C3A1T2I1F1,3,1,2,1,1,"(3,5,1,1)",19,ASSEMBLE+INSPECT,CUT=12/57;ASSEMBLE+INSPECT=54/133,true
C3A1T2I1F2,3,1,2,1,2,"(3,5,1,2)",16,ASSEMBLE+INSPECT,CUT=12/48;ASSEMBLE+INSPECT=54/128,true
C3A1T2I1F3,3,1,2,1,3,"(3,5,1,3)",14,ASSEMBLE+INSPECT,CUT=12/42;ASSEMBLE+INSPECT=54/126,true
C3A1T2I2F0,3,1,2,2,0,"(3,5,2,0)",17,INSPECT,CUT=12/51;ASSEMBLE=36/85;INSPECT=18/34,false
C3A1T2I2F1,3,1,2,2,1,"(3,5,2,1)",16,ASSEMBLE+INSPECT,CUT=12/48;ASSEMBLE+INSPECT=54/128,true
C3A1T2I2F2,3,1,2,2,2,"(3,5,2,2)",14,ASSEMBLE+INSPECT,CUT=12/42;ASSEMBLE+INSPECT=54/126,true
C3A1T2I2F3,3,1,2,2,3,"(3,5,2,3)",14,ASSEMBLE+INSPECT,CUT=12/42;ASSEMBLE+INSPECT=54/140,true
C3A1T2I3F0,3,1,2,3,0,"(3,5,3,0)",17,ASSEMBLE,CUT=12/51;ASSEMBLE=36/85;INSPECT=18/51,false
C3A1T2I3F1,3,1,2,3,1,"(3,5,3,1)",14,ASSEMBLE+INSPECT,CUT=12/42;ASSEMBLE+INSPECT=54/126,true
C3A1T2I3F2,3,1,2,3,2,"(3,5,3,2)",14,ASSEMBLE+INSPECT,CUT=12/42;ASSEMBLE+INSPECT=54/140,true
C3A1T2I3F3,3,1,2,3,3,"(3,5,3,3)",13,ASSEMBLE+INSPECT,CUT=12/39;ASSEMBLE+INSPECT=54/143,true
C3A1T2I4F0,3,1,2,4,0,"(3,5,4,0)",17,ASSEMBLE,CUT=12/51;ASSEMBLE=36/85;INSPECT=18/68,false
C3A1T2I4F1,3,1,2,4,1,"(3,5,4,1)",14,ASSEMBLE+INSPECT,CUT=12/42;ASSEMBLE+INSPECT=54/140,true
C3A1T2I4F2,3,1,2,4,2,"(3,5,4,2)",13,ASSEMBLE+INSPECT,CUT=12/39;ASSEMBLE+INSPECT=54/143,true
C3A1T2I4F3,3,1,2,4,3,"(3,5,4,3)",13,ASSEMBLE+INSPECT,CUT=12/39;ASSEMBLE+INSPECT=54/156,true
C3A1T3I0F1,3,1,3,0,1,"(3,7,0,1)",26,ASSEMBLE+INSPECT,CUT=12/78;ASSEMBLE+INSPECT=54/208,false
C3A1T3I0F2,3,1,3,0,2,"(3,7,0,2)",17,ASSEMBLE+INSPECT,CUT=12/51;ASSEMBLE+INSPECT=54/153,false
C3A1T3I0F3,3,1,3,0,3,"(3,7,0,3)",14,ASSEMBLE+INSPECT,CUT=12/42;ASSEMBLE+INSPECT=54/140,false
C3A1T3I1F0,3,1,3,1,0,"(3,7,1,0)",26,INSPECT,CUT=12/78;ASSEMBLE=36/182;INSPECT=18/26,false
C3A1T3I1F1,3,1,3,1,1,"(3,7,1,1)",17,ASSEMBLE+INSPECT,CUT=12/51;ASSEMBLE+INSPECT=54/153,false
C3A1T3I1F2,3,1,3,1,2,"(3,7,1,2)",14,ASSEMBLE+INSPECT,CUT=12/42;ASSEMBLE+INSPECT=54/140,false
C3A1T3I1F3,3,1,3,1,3,"(3,7,1,3)",14,ASSEMBLE+INSPECT,CUT=12/42;ASSEMBLE+INSPECT=54/154,false
C3A1T3I2F0,3,1,3,2,0,"(3,7,2,0)",17,INSPECT,CUT=12/51;ASSEMBLE=36/119;INSPECT=18/34,false
C3A1T3I2F1,3,1,3,2,1,"(3,7,2,1)",14,ASSEMBLE+INSPECT,CUT=12/42;ASSEMBLE+INSPECT=54/140,false
C3A1T3I2F2,3,1,3,2,2,"(3,7,2,2)",14,ASSEMBLE+INSPECT,CUT=12/42;ASSEMBLE+INSPECT=54/154,false
C3A1T3I2F3,3,1,3,2,3,"(3,7,2,3)",14,ASSEMBLE+INSPECT,CUT=12/42;ASSEMBLE+INSPECT=54/168,false
C3A1T3I3F0,3,1,3,3,0,"(3,7,3,0)",14,INSPECT,CUT=12/42;ASSEMBLE=36/98;INSPECT=18/42,false
C3A1T3I3F1,3,1,3,3,1,"(3,7,3,1)",14,ASSEMBLE+INSPECT,CUT=12/42;ASSEMBLE+INSPECT=54/154,false
C3A1T3I3F2,3,1,3,3,2,"(3,7,3,2)",14,ASSEMBLE+INSPECT,CUT=12/42;ASSEMBLE+INSPECT=54/168,false
C3A1T3I3F3,3,1,3,3,3,"(3,7,3,3)",13,ASSEMBLE+INSPECT,CUT=12/39;ASSEMBLE+INSPECT=54/169,false
C3A1T3I4F0,3,1,3,4,0,"(3,7,4,0)",14,ASSEMBLE,CUT=12/42;ASSEMBLE=36/98;INSPECT=18/56,false
C3A1T3I4F1,3,1,3,4,1,"(3,7,4,1)",14,ASSEMBLE+INSPECT,CUT=12/42;ASSEMBLE+INSPECT=54/168,false
C3A1T3I4F2,3,1,3,4,2,"(3,7,4,2)",13,ASSEMBLE+INSPECT,CUT=12/39;ASSEMBLE+INSPECT=54/169,false
C3A1T3I4F3,3,1,3,4,3,"(3,7,4,3)",13,CUT,CUT=12/39;ASSEMBLE+INSPECT=54/182,false
C3A2T0I0F1,3,2,0,0,1,"(3,2,0,1)",26,ASSEMBLE+INSPECT,CUT=12/78;ASSEMBLE+INSPECT=54/78,true
C3A2T0I0F2,3,2,0,0,2,"(3,2,0,2)",19,ASSEMBLE+INSPECT,CUT=12/57;ASSEMBLE+INSPECT=54/76,true
C3A2T0I0F3,3,2,0,0,3,"(3,2,0,3)",17,ASSEMBLE+INSPECT,CUT=12/51;ASSEMBLE+INSPECT=54/85,true
C3A2T0I1F0,3,2,0,1,0,"(3,2,1,0)",26,ASSEMBLE|INSPECT,CUT=12/78;ASSEMBLE=36/52;INSPECT=18/26,false
C3A2T0I1F1,3,2,0,1,1,"(3,2,1,1)",20,ASSEMBLE+INSPECT,CUT=12/60;ASSEMBLE+INSPECT=54/80,true
C3A2T0I1F2,3,2,0,1,2,"(3,2,1,2)",17,ASSEMBLE+INSPECT,CUT=12/51;ASSEMBLE+INSPECT=54/85,true
C3A2T0I1F3,3,2,0,1,3,"(3,2,1,3)",17,ASSEMBLE+INSPECT,CUT=12/51;ASSEMBLE+INSPECT=54/102,true
C3A2T0I2F0,3,2,0,2,0,"(3,2,2,0)",23,ASSEMBLE,CUT=12/69;ASSEMBLE=36/46;INSPECT=18/46,false
C3A2T0I2F1,3,2,0,2,1,"(3,2,2,1)",20,ASSEMBLE+INSPECT,CUT=12/60;ASSEMBLE+INSPECT=54/100,true
C3A2T0I2F2,3,2,0,2,2,"(3,2,2,2)",17,ASSEMBLE+INSPECT,CUT=12/51;ASSEMBLE+INSPECT=54/102,true
C3A2T0I2F3,3,2,0,2,3,"(3,2,2,3)",17,ASSEMBLE+INSPECT,CUT=12/51;ASSEMBLE+INSPECT=54/119,true
C3A2T0I3F0,3,2,0,3,0,"(3,2,3,0)",23,ASSEMBLE,CUT=12/69;ASSEMBLE=36/46;INSPECT=18/69,false
C3A2T0I3F1,3,2,0,3,1,"(3,2,3,1)",17,ASSEMBLE+INSPECT,CUT=12/51;ASSEMBLE+INSPECT=54/102,false
C3A2T0I3F2,3,2,0,3,2,"(3,2,3,2)",17,ASSEMBLE+INSPECT,CUT=12/51;ASSEMBLE+INSPECT=54/119,true
C3A2T0I3F3,3,2,0,3,3,"(3,2,3,3)",17,ASSEMBLE+INSPECT,CUT=12/51;ASSEMBLE+INSPECT=54/136,true
C3A2T0I4F0,3,2,0,4,0,"(3,2,4,0)",23,ASSEMBLE,CUT=12/69;ASSEMBLE=36/46;INSPECT=18/92,false
C3A2T0I4F1,3,2,0,4,1,"(3,2,4,1)",17,ASSEMBLE+INSPECT,CUT=12/51;ASSEMBLE+INSPECT=54/119,false
C3A2T0I4F2,3,2,0,4,2,"(3,2,4,2)",17,ASSEMBLE+INSPECT,CUT=12/51;ASSEMBLE+INSPECT=54/136,false
C3A2T0I4F3,3,2,0,4,3,"(3,2,4,3)",17,ASSEMBLE+INSPECT,CUT=12/51;ASSEMBLE+INSPECT=54/153,true
C3A2T1I0F1,3,2,1,0,1,"(3,4,0,1)",28,ASSEMBLE+INSPECT,CUT=12/84;ASSEMBLE+INSPECT=54/140,true
C3A2T1I0F2,3,2,1,0,2,"(3,4,0,2)",19,ASSEMBLE+INSPECT,CUT=12/57;ASSEMBLE+INSPECT=54/114,true
C3A2T1I0F3,3,2,1,0,3,"(3,4,0,3)",16,ASSEMBLE+INSPECT,CUT=12/48;ASSEMBLE+INSPECT=54/112,true
C3A2T1I1F0,3,2,1,1,0,"(3,4,1,0)",26,INSPECT,CUT=12/78;ASSEMBLE=36/104;INSPECT=18/26,false
C3A2T1I1F1,3,2,1,1,1,"(3,4,1,1)",19,ASSEMBLE+INSPECT,CUT=12/57;ASSEMBLE+INSPECT=54/114,true
C3A2T1I1F2,3,2,1,1,2,"(3,4,1,2)",16,ASSEMBLE+INSPECT,CUT=12/48;ASSEMBLE+INSPECT=54/112,true
C3A2T1I1F3,3,2,1,1,3,"(3,4,1,3)",14,ASSEMBLE+INSPECT,CUT=12/42;ASSEMBLE+INSPECT=54/112,true
C3A2T1I2F0,3,2,1,2,0,"(3,4,2,0)",17,ASSEMBLE|INSPECT,CUT=12/51;ASSEMBLE=36/68;INSPECT=18/34,false
C3A2T1I2F1,3,2,1,2,1,"(3,4,2,1)",17,ASSEMBLE+INSPECT,CUT=12/51;ASSEMBLE+INSPECT=54/119,true
C3A2T1I2F2,3,2,1,2,2,"(3,4,2,2)",14,ASSEMBLE+INSPECT,CUT=12/42;ASSEMBLE+INSPECT=54/112,true
C3A2T1I2F3,3,2,1,2,3,"(3,4,2,3)",14,ASSEMBLE+INSPECT,CUT=12/42;ASSEMBLE+INSPECT=54/126,true
C3A2T1I3F0,3,2,1,3,0,"(3,4,3,0)",17,ASSEMBLE,CUT=12/51;ASSEMBLE=36/68;INSPECT=18/51,false
C3A2T1I3F1,3,2,1,3,1,"(3,4,3,1)",17,ASSEMBLE+INSPECT,CUT=12/51;ASSEMBLE+INSPECT=54/136,true
C3A2T1I3F2,3,2,1,3,2,"(3,4,3,2)",14,ASSEMBLE+INSPECT,CUT=12/42;ASSEMBLE+INSPECT=54/126,true
C3A2T1I3F3,3,2,1,3,3,"(3,4,3,3)",13,ASSEMBLE+INSPECT,CUT=12/39;ASSEMBLE+INSPECT=54/130,true
C3A2T1I4F0,3,2,1,4,0,"(3,4,4,0)",17,ASSEMBLE,CUT=12/51;ASSEMBLE=36/68;INSPECT=18/68,false
C3A2T1I4F1,3,2,1,4,1,"(3,4,4,1)",17,ASSEMBLE+INSPECT,CUT=12/51;ASSEMBLE+INSPECT=54/153,true
C3A2T1I4F2,3,2,1,4,2,"(3,4,4,2)",13,ASSEMBLE+INSPECT,CUT=12/39;ASSEMBLE+INSPECT=54/130,true
C3A2T1I4F3,3,2,1,4,3,"(3,4,4,3)",13,ASSEMBLE+INSPECT,CUT=12/39;ASSEMBLE+INSPECT=54/143,true
C3A2T2I0F1,3,2,2,0,1,"(3,6,0,1)",26,ASSEMBLE+INSPECT,CUT=12/78;ASSEMBLE+INSPECT=54/182,false
C3A2T2I0F2,3,2,2,0,2,"(3,6,0,2)",17,ASSEMBLE+INSPECT,CUT=12/51;ASSEMBLE+INSPECT=54/136,false
C3A2T2I0F3,3,2,2,0,3,"(3,6,0,3)",14,ASSEMBLE+INSPECT,CUT=12/42;ASSEMBLE+INSPECT=54/126,false
C3A2T2I1F0,3,2,2,1,0,"(3,6,1,0)",26,INSPECT,CUT=12/78;ASSEMBLE=36/156;INSPECT=18/26,false
C3A2T2I1F1,3,2,2,1,1,"(3,6,1,1)",17,ASSEMBLE+INSPECT,CUT=12/51;ASSEMBLE+INSPECT=54/136,false
C3A2T2I1F2,3,2,2,1,2,"(3,6,1,2)",14,ASSEMBLE+INSPECT,CUT=12/42;ASSEMBLE+INSPECT=54/126,false
C3A2T2I1F3,3,2,2,1,3,"(3,6,1,3)",14,ASSEMBLE+INSPECT,CUT=12/42;ASSEMBLE+INSPECT=54/140,false
C3A2T2I2F0,3,2,2,2,0,"(3,6,2,0)",17,INSPECT,CUT=12/51;ASSEMBLE=36/102;INSPECT=18/34,false
C3A2T2I2F1,3,2,2,2,1,"(3,6,2,1)",14,ASSEMBLE+INSPECT,CUT=12/42;ASSEMBLE+INSPECT=54/126,false
C3A2T2I2F2,3,2,2,2,2,"(3,6,2,2)",14,ASSEMBLE+INSPECT,CUT=12/42;ASSEMBLE+INSPECT=54/140,false
C3A2T2I2F3,3,2,2,2,3,"(3,6,2,3)",14,ASSEMBLE+INSPECT,CUT=12/42;ASSEMBLE+INSPECT=54/154,false
C3A2T2I3F0,3,2,2,3,0,"(3,6,3,0)",14,ASSEMBLE|INSPECT,CUT=12/42;ASSEMBLE=36/84;INSPECT=18/42,false
C3A2T2I3F1,3,2,2,3,1,"(3,6,3,1)",14,ASSEMBLE+INSPECT,CUT=12/42;ASSEMBLE+INSPECT=54/140,false
C3A2T2I3F2,3,2,2,3,2,"(3,6,3,2)",14,ASSEMBLE+INSPECT,CUT=12/42;ASSEMBLE+INSPECT=54/154,false
C3A2T2I3F3,3,2,2,3,3,"(3,6,3,3)",13,ASSEMBLE+INSPECT,CUT=12/39;ASSEMBLE+INSPECT=54/156,false
C3A2T2I4F0,3,2,2,4,0,"(3,6,4,0)",14,ASSEMBLE,CUT=12/42;ASSEMBLE=36/84;INSPECT=18/56,false
C3A2T2I4F1,3,2,2,4,1,"(3,6,4,1)",14,ASSEMBLE+INSPECT,CUT=12/42;ASSEMBLE+INSPECT=54/154,false
C3A2T2I4F2,3,2,2,4,2,"(3,6,4,2)",13,ASSEMBLE+INSPECT,CUT=12/39;ASSEMBLE+INSPECT=54/156,false
C3A2T2I4F3,3,2,2,4,3,"(3,6,4,3)",13,ASSEMBLE+INSPECT,CUT=12/39;ASSEMBLE+INSPECT=54/169,false
C3A2T3I0F1,3,2,3,0,1,"(3,8,0,1)",26,ASSEMBLE+INSPECT,CUT=12/78;ASSEMBLE+INSPECT=54/234,false
C3A2T3I0F2,3,2,3,0,2,"(3,8,0,2)",17,ASSEMBLE+INSPECT,CUT=12/51;ASSEMBLE+INSPECT=54/170,false
C3A2T3I0F3,3,2,3,0,3,"(3,8,0,3)",14,ASSEMBLE+INSPECT,CUT=12/42;ASSEMBLE+INSPECT=54/154,false
C3A2T3I1F0,3,2,3,1,0,"(3,8,1,0)",26,INSPECT,CUT=12/78;ASSEMBLE=36/208;INSPECT=18/26,false
C3A2T3I1F1,3,2,3,1,1,"(3,8,1,1)",17,ASSEMBLE+INSPECT,CUT=12/51;ASSEMBLE+INSPECT=54/170,false
C3A2T3I1F2,3,2,3,1,2,"(3,8,1,2)",14,ASSEMBLE+INSPECT,CUT=12/42;ASSEMBLE+INSPECT=54/154,false
C3A2T3I1F3,3,2,3,1,3,"(3,8,1,3)",14,ASSEMBLE+INSPECT,CUT=12/42;ASSEMBLE+INSPECT=54/168,false
C3A2T3I2F0,3,2,3,2,0,"(3,8,2,0)",17,INSPECT,CUT=12/51;ASSEMBLE=36/136;INSPECT=18/34,false
C3A2T3I2F1,3,2,3,2,1,"(3,8,2,1)",14,ASSEMBLE+INSPECT,CUT=12/42;ASSEMBLE+INSPECT=54/154,false
C3A2T3I2F2,3,2,3,2,2,"(3,8,2,2)",14,ASSEMBLE+INSPECT,CUT=12/42;ASSEMBLE+INSPECT=54/168,false
C3A2T3I2F3,3,2,3,2,3,"(3,8,2,3)",14,ASSEMBLE+INSPECT,CUT=12/42;ASSEMBLE+INSPECT=54/182,false
C3A2T3I3F0,3,2,3,3,0,"(3,8,3,0)",14,INSPECT,CUT=12/42;ASSEMBLE=36/112;INSPECT=18/42,false
C3A2T3I3F1,3,2,3,3,1,"(3,8,3,1)",14,ASSEMBLE+INSPECT,CUT=12/42;ASSEMBLE+INSPECT=54/168,false
C3A2T3I3F2,3,2,3,3,2,"(3,8,3,2)",14,ASSEMBLE+INSPECT,CUT=12/42;ASSEMBLE+INSPECT=54/182,false
C3A2T3I3F3,3,2,3,3,3,"(3,8,3,3)",13,CUT,CUT=12/39;ASSEMBLE+INSPECT=54/182,false
C3A2T3I4F0,3,2,3,4,0,"(3,8,4,0)",14,ASSEMBLE|INSPECT,CUT=12/42;ASSEMBLE=36/112;INSPECT=18/56,false
C3A2T3I4F1,3,2,3,4,1,"(3,8,4,1)",14,ASSEMBLE+INSPECT,CUT=12/42;ASSEMBLE+INSPECT=54/182,false
C3A2T3I4F2,3,2,3,4,2,"(3,8,4,2)",13,CUT,CUT=12/39;ASSEMBLE+INSPECT=54/182,false
C3A2T3I4F3,3,2,3,4,3,"(3,8,4,3)",13,CUT,CUT=12/39;ASSEMBLE+INSPECT=54/195,false
C3A3T0I0F1,3,3,0,0,1,"(3,3,0,1)",28,ASSEMBLE+INSPECT,CUT=12/84;ASSEMBLE+INSPECT=54/112,true
C3A3T0I0F2,3,3,0,0,2,"(3,3,0,2)",19,ASSEMBLE+INSPECT,CUT=12/57;ASSEMBLE+INSPECT=54/95,true
C3A3T0I0F3,3,3,0,0,3,"(3,3,0,3)",16,ASSEMBLE+INSPECT,CUT=12/48;ASSEMBLE+INSPECT=54/96,true
C3A3T0I1F0,3,3,0,1,0,"(3,3,1,0)",26,INSPECT,CUT=12/78;ASSEMBLE=36/78;INSPECT=18/26,false
C3A3T0I1F1,3,3,0,1,1,"(3,3,1,1)",19,ASSEMBLE+INSPECT,CUT=12/57;ASSEMBLE+INSPECT=54/95,true
C3A3T0I1F2,3,3,0,1,2,"(3,3,1,2)",17,ASSEMBLE+INSPECT,CUT=12/51;ASSEMBLE+INSPECT=54/102,true
C3A3T0I1F3,3,3,0,1,3,"(3,3,1,3)",16,ASSEMBLE+INSPECT,CUT=12/48;ASSEMBLE+INSPECT=54/112,true
C3A3T0I2F0,3,3,0,2,0,"(3,3,2,0)",20,ASSEMBLE,CUT=12/60;ASSEMBLE=36/60;INSPECT=18/40,false
C3A3T0I2F1,3,3,0,2,1,"(3,3,2,1)",17,ASSEMBLE+INSPECT,CUT=12/51;ASSEMBLE+INSPECT=54/102,true
C3A3T0I2F2,3,3,0,2,2,"(3,3,2,2)",17,ASSEMBLE+INSPECT,CUT=12/51;ASSEMBLE+INSPECT=54/119,true
C3A3T0I2F3,3,3,0,2,3,"(3,3,2,3)",14,ASSEMBLE+INSPECT,CUT=12/42;ASSEMBLE+INSPECT=54/112,true
C3A3T0I3F0,3,3,0,3,0,"(3,3,3,0)",17,ASSEMBLE,CUT=12/51;ASSEMBLE=36/51;INSPECT=18/51,false
C3A3T0I3F1,3,3,0,3,1,"(3,3,3,1)",17,ASSEMBLE+INSPECT,CUT=12/51;ASSEMBLE+INSPECT=54/119,true
C3A3T0I3F2,3,3,0,3,2,"(3,3,3,2)",17,ASSEMBLE+INSPECT,CUT=12/51;ASSEMBLE+INSPECT=54/136,true
C3A3T0I3F3,3,3,0,3,3,"(3,3,3,3)",13,ASSEMBLE+INSPECT,CUT=12/39;ASSEMBLE+INSPECT=54/117,true
C3A3T0I4F0,3,3,0,4,0,"(3,3,4,0)",17,ASSEMBLE,CUT=12/51;ASSEMBLE=36/51;INSPECT=18/68,false
C3A3T0I4F1,3,3,0,4,1,"(3,3,4,1)",17,ASSEMBLE+INSPECT,CUT=12/51;ASSEMBLE+INSPECT=54/136,false
C3A3T0I4F2,3,3,0,4,2,"(3,3,4,2)",17,ASSEMBLE+INSPECT,CUT=12/51;ASSEMBLE+INSPECT=54/153,true
C3A3T0I4F3,3,3,0,4,3,"(3,3,4,3)",13,ASSEMBLE+INSPECT,CUT=12/39;ASSEMBLE+INSPECT=54/130,true
C3A3T1I0F1,3,3,1,0,1,"(3,5,0,1)",28,ASSEMBLE+INSPECT,CUT=12/84;ASSEMBLE+INSPECT=54/168,true
C3A3T1I0F2,3,3,1,0,2,"(3,5,0,2)",19,ASSEMBLE+INSPECT,CUT=12/57;ASSEMBLE+INSPECT=54/133,true
C3A3T1I0F3,3,3,1,0,3,"(3,5,0,3)",16,ASSEMBLE+INSPECT,CUT=12/48;ASSEMBLE+INSPECT=54/128,true
C3A3T1I1F0,3,3,1,1,0,"(3,5,1,0)",26,INSPECT,CUT=12/78;ASSEMBLE=36/130;INSPECT=18/26,false
C3A3T1I1F1,3,3,1,1,1,"(3,5,1,1)",19,ASSEMBLE+INSPECT,CUT=12/57;ASSEMBLE+INSPECT=54/133,true
C3A3T1I1F2,3,3,1,1,2,"(3,5,1,2)",16,ASSEMBLE+INSPECT,CUT=12/48;ASSEMBLE+INSPECT=54/128,true
C3A3T1I1F3,3,3,1,1,3,"(3,5,1,3)",14,ASSEMBLE+INSPECT,CUT=12/42;ASSEMBLE+INSPECT=54/126,true
C3A3T1I2F0,3,3,1,2,0,"(3,5,2,0)",17,INSPECT,CUT=12/51;ASSEMBLE=36/85;INSPECT=18/34,false
C3A3T1I2F1,3,3,1,2,1,"(3,5,2,1)",16,ASSEMBLE+INSPECT,CUT=12/48;ASSEMBLE+INSPECT=54/128,true
C3A3T1I2F2,3,3,1,2,2,"(3,5,2,2)",14,ASSEMBLE+INSPECT,CUT=12/42;ASSEMBLE+INSPECT=54/126,true
C3A3T1I2F3,3,3,1,2,3,"(3,5,2,3)",14,ASSEMBLE+INSPECT,CUT=12/42;ASSEMBLE+INSPECT=54/140,true
C3A3T1I3F0,3,3,1,3,0,"(3,5,3,0)",17,ASSEMBLE,CUT=12/51;ASSEMBLE=36/85;INSPECT=18/51,false
C3A3T1I3F1,3,3,1,3,1,"(3,5,3,1)",14,ASSEMBLE+INSPECT,CUT=12/42;ASSEMBLE+INSPECT=54/126,true
C3A3T1I3F2,3,3,1,3,2,"(3,5,3,2)",14,ASSEMBLE+INSPECT,CUT=12/42;ASSEMBLE+INSPECT=54/140,true
C3A3T1I3F3,3,3,1,3,3,"(3,5,3,3)",13,ASSEMBLE+INSPECT,CUT=12/39;ASSEMBLE+INSPECT=54/143,true
C3A3T1I4F0,3,3,1,4,0,"(3,5,4,0)",17,ASSEMBLE,CUT=12/51;ASSEMBLE=36/85;INSPECT=18/68,false
C3A3T1I4F1,3,3,1,4,1,"(3,5,4,1)",14,ASSEMBLE+INSPECT,CUT=12/42;ASSEMBLE+INSPECT=54/140,true
C3A3T1I4F2,3,3,1,4,2,"(3,5,4,2)",13,ASSEMBLE+INSPECT,CUT=12/39;ASSEMBLE+INSPECT=54/143,true
C3A3T1I4F3,3,3,1,4,3,"(3,5,4,3)",13,ASSEMBLE+INSPECT,CUT=12/39;ASSEMBLE+INSPECT=54/156,true
C3A3T2I0F1,3,3,2,0,1,"(3,7,0,1)",26,ASSEMBLE+INSPECT,CUT=12/78;ASSEMBLE+INSPECT=54/208,false
C3A3T2I0F2,3,3,2,0,2,"(3,7,0,2)",17,ASSEMBLE+INSPECT,CUT=12/51;ASSEMBLE+INSPECT=54/153,false
C3A3T2I0F3,3,3,2,0,3,"(3,7,0,3)",14,ASSEMBLE+INSPECT,CUT=12/42;ASSEMBLE+INSPECT=54/140,false
C3A3T2I1F0,3,3,2,1,0,"(3,7,1,0)",26,INSPECT,CUT=12/78;ASSEMBLE=36/182;INSPECT=18/26,false
C3A3T2I1F1,3,3,2,1,1,"(3,7,1,1)",17,ASSEMBLE+INSPECT,CUT=12/51;ASSEMBLE+INSPECT=54/153,false
C3A3T2I1F2,3,3,2,1,2,"(3,7,1,2)",14,ASSEMBLE+INSPECT,CUT=12/42;ASSEMBLE+INSPECT=54/140,false
C3A3T2I1F3,3,3,2,1,3,"(3,7,1,3)",14,ASSEMBLE+INSPECT,CUT=12/42;ASSEMBLE+INSPECT=54/154,false
C3A3T2I2F0,3,3,2,2,0,"(3,7,2,0)",17,INSPECT,CUT=12/51;ASSEMBLE=36/119;INSPECT=18/34,false
C3A3T2I2F1,3,3,2,2,1,"(3,7,2,1)",14,ASSEMBLE+INSPECT,CUT=12/42;ASSEMBLE+INSPECT=54/140,false
C3A3T2I2F2,3,3,2,2,2,"(3,7,2,2)",14,ASSEMBLE+INSPECT,CUT=12/42;ASSEMBLE+INSPECT=54/154,false
C3A3T2I2F3,3,3,2,2,3,"(3,7,2,3)",14,ASSEMBLE+INSPECT,CUT=12/42;ASSEMBLE+INSPECT=54/168,false
C3A3T2I3F0,3,3,2,3,0,"(3,7,3,0)",14,INSPECT,CUT=12/42;ASSEMBLE=36/98;INSPECT=18/42,false
C3A3T2I3F1,3,3,2,3,1,"(3,7,3,1)",14,ASSEMBLE+INSPECT,CUT=12/42;ASSEMBLE+INSPECT=54/154,false
C3A3T2I3F2,3,3,2,3,2,"(3,7,3,2)",14,ASSEMBLE+INSPECT,CUT=12/42;ASSEMBLE+INSPECT=54/168,false
C3A3T2I3F3,3,3,2,3,3,"(3,7,3,3)",13,ASSEMBLE+INSPECT,CUT=12/39;ASSEMBLE+INSPECT=54/169,false
C3A3T2I4F0,3,3,2,4,0,"(3,7,4,0)",14,ASSEMBLE,CUT=12/42;ASSEMBLE=36/98;INSPECT=18/56,false
C3A3T2I4F1,3,3,2,4,1,"(3,7,4,1)",14,ASSEMBLE+INSPECT,CUT=12/42;ASSEMBLE+INSPECT=54/168,false
C3A3T2I4F2,3,3,2,4,2,"(3,7,4,2)",13,ASSEMBLE+INSPECT,CUT=12/39;ASSEMBLE+INSPECT=54/169,false
C3A3T2I4F3,3,3,2,4,3,"(3,7,4,3)",13,CUT,CUT=12/39;ASSEMBLE+INSPECT=54/182,false
C3A3T3I0F1,3,3,3,0,1,"(3,9,0,1)",26,ASSEMBLE+INSPECT,CUT=12/78;ASSEMBLE+INSPECT=54/260,false
C3A3T3I0F2,3,3,3,0,2,"(3,9,0,2)",17,ASSEMBLE+INSPECT,CUT=12/51;ASSEMBLE+INSPECT=54/187,false
C3A3T3I0F3,3,3,3,0,3,"(3,9,0,3)",14,ASSEMBLE+INSPECT,CUT=12/42;ASSEMBLE+INSPECT=54/168,false
C3A3T3I1F0,3,3,3,1,0,"(3,9,1,0)",26,INSPECT,CUT=12/78;ASSEMBLE=36/234;INSPECT=18/26,false
C3A3T3I1F1,3,3,3,1,1,"(3,9,1,1)",17,ASSEMBLE+INSPECT,CUT=12/51;ASSEMBLE+INSPECT=54/187,false
C3A3T3I1F2,3,3,3,1,2,"(3,9,1,2)",14,ASSEMBLE+INSPECT,CUT=12/42;ASSEMBLE+INSPECT=54/168,false
C3A3T3I1F3,3,3,3,1,3,"(3,9,1,3)",14,ASSEMBLE+INSPECT,CUT=12/42;ASSEMBLE+INSPECT=54/182,false
C3A3T3I2F0,3,3,3,2,0,"(3,9,2,0)",17,INSPECT,CUT=12/51;ASSEMBLE=36/153;INSPECT=18/34,false
C3A3T3I2F1,3,3,3,2,1,"(3,9,2,1)",14,ASSEMBLE+INSPECT,CUT=12/42;ASSEMBLE+INSPECT=54/168,false
C3A3T3I2F2,3,3,3,2,2,"(3,9,2,2)",14,ASSEMBLE+INSPECT,CUT=12/42;ASSEMBLE+INSPECT=54/182,false
C3A3T3I2F3,3,3,3,2,3,"(3,9,2,3)",14,CUT,CUT=12/42;ASSEMBLE+INSPECT=54/196,false
C3A3T3I3F0,3,3,3,3,0,"(3,9,3,0)",14,INSPECT,CUT=12/42;ASSEMBLE=36/126;INSPECT=18/42,false
C3A3T3I3F1,3,3,3,3,1,"(3,9,3,1)",14,ASSEMBLE+INSPECT,CUT=12/42;ASSEMBLE+INSPECT=54/182,false
C3A3T3I3F2,3,3,3,3,2,"(3,9,3,2)",14,CUT,CUT=12/42;ASSEMBLE+INSPECT=54/196,false
C3A3T3I3F3,3,3,3,3,3,"(3,9,3,3)",13,CUT,CUT=12/39;ASSEMBLE+INSPECT=54/195,false
C3A3T3I4F0,3,3,3,4,0,"(3,9,4,0)",14,INSPECT,CUT=12/42;ASSEMBLE=36/126;INSPECT=18/56,false
C3A3T3I4F1,3,3,3,4,1,"(3,9,4,1)",14,CUT,CUT=12/42;ASSEMBLE+INSPECT=54/196,false
C3A3T3I4F2,3,3,3,4,2,"(3,9,4,2)",13,CUT,CUT=12/39;ASSEMBLE+INSPECT=54/195,false
C3A3T3I4F3,3,3,3,4,3,"(3,9,4,3)",13,CUT,CUT=12/39;ASSEMBLE+INSPECT=54/208,false
C3A4T0I0F1,3,4,0,0,1,"(3,4,0,1)",28,ASSEMBLE+INSPECT,CUT=12/84;ASSEMBLE+INSPECT=54/140,true
C3A4T0I0F2,3,4,0,0,2,"(3,4,0,2)",19,ASSEMBLE+INSPECT,CUT=12/57;ASSEMBLE+INSPECT=54/114,true
C3A4T0I0F3,3,4,0,0,3,"(3,4,0,3)",16,ASSEMBLE+INSPECT,CUT=12/48;ASSEMBLE+INSPECT=54/112,true
C3A4T0I1F0,3,4,0,1,0,"(3,4,1,0)",26,INSPECT,CUT=12/78;ASSEMBLE=36/104;INSPECT=18/26,false
C3A4T0I1F1,3,4,0,1,1,"(3,4,1,1)",19,ASSEMBLE+INSPECT,CUT=12/57;ASSEMBLE+INSPECT=54/114,true
C3A4T0I1F2,3,4,0,1,2,"(3,4,1,2)",16,ASSEMBLE+INSPECT,CUT=12/48;ASSEMBLE+INSPECT=54/112,true
C3A4T0I1F3,3,4,0,1,3,"(3,4,1,3)",14,ASSEMBLE+INSPECT,CUT=12/42;ASSEMBLE+INSPECT=54/112,true
C3A4T0I2F0,3,4,0,2,0,"(3,4,2,0)",17,ASSEMBLE|INSPECT,CUT=12/51;ASSEMBLE=36/68;INSPECT=18/34,false
C3A4T0I2F1,3,4,0,2,1,"(3,4,2,1)",17,ASSEMBLE+INSPECT,CUT=12/51;ASSEMBLE+INSPECT=54/119,true
C3A4T0I2F2,3,4,0,2,2,"(3,4,2,2)",14,ASSEMBLE+INSPECT,CUT=12/42;ASSEMBLE+INSPECT=54/112,true
C3A4T0I2F3,3,4,0,2,3,"(3,4,2,3)",14,ASSEMBLE+INSPECT,CUT=12/42;ASSEMBLE+INSPECT=54/126,true
C3A4T0I3F0,3,4,0,3,0,"(3,4,3,0)",17,ASSEMBLE,CUT=12/51;ASSEMBLE=36/68;INSPECT=18/51,false
C3A4T0I3F1,3,4,0,3,1,"(3,4,3,1)",17,ASSEMBLE+INSPECT,CUT=12/51;ASSEMBLE+INSPECT=54/136,true
C3A4T0I3F2,3,4,0,3,2,"(3,4,3,2)",14,ASSEMBLE+INSPECT,CUT=12/42;ASSEMBLE+INSPECT=54/126,true
C3A4T0I3F3,3,4,0,3,3,"(3,4,3,3)",13,ASSEMBLE+INSPECT,CUT=12/39;ASSEMBLE+INSPECT=54/130,true
C3A4T0I4F0,3,4,0,4,0,"(3,4,4,0)",17,ASSEMBLE,CUT=12/51;ASSEMBLE=36/68;INSPECT=18/68,false
C3A4T0I4F1,3,4,0,4,1,"(3,4,4,1)",17,ASSEMBLE+INSPECT,CUT=12/51;ASSEMBLE+INSPECT=54/153,true
C3A4T0I4F2,3,4,0,4,2,"(3,4,4,2)",13,ASSEMBLE+INSPECT,CUT=12/39;ASSEMBLE+INSPECT=54/130,true
C3A4T0I4F3,3,4,0,4,3,"(3,4,4,3)",13,ASSEMBLE+INSPECT,CUT=12/39;ASSEMBLE+INSPECT=54/143,true
C3A4T1I0F1,3,4,1,0,1,"(3,6,0,1)",26,ASSEMBLE+INSPECT,CUT=12/78;ASSEMBLE+INSPECT=54/182,false
C3A4T1I0F2,3,4,1,0,2,"(3,6,0,2)",17,ASSEMBLE+INSPECT,CUT=12/51;ASSEMBLE+INSPECT=54/136,false
C3A4T1I0F3,3,4,1,0,3,"(3,6,0,3)",14,ASSEMBLE+INSPECT,CUT=12/42;ASSEMBLE+INSPECT=54/126,false
C3A4T1I1F0,3,4,1,1,0,"(3,6,1,0)",26,INSPECT,CUT=12/78;ASSEMBLE=36/156;INSPECT=18/26,false
C3A4T1I1F1,3,4,1,1,1,"(3,6,1,1)",17,ASSEMBLE+INSPECT,CUT=12/51;ASSEMBLE+INSPECT=54/136,false
C3A4T1I1F2,3,4,1,1,2,"(3,6,1,2)",14,ASSEMBLE+INSPECT,CUT=12/42;ASSEMBLE+INSPECT=54/126,false
C3A4T1I1F3,3,4,1,1,3,"(3,6,1,3)",14,ASSEMBLE+INSPECT,CUT=12/42;ASSEMBLE+INSPECT=54/140,false
C3A4T1I2F0,3,4,1,2,0,"(3,6,2,0)",17,INSPECT,CUT=12/51;ASSEMBLE=36/102;INSPECT=18/34,false
C3A4T1I2F1,3,4,1,2,1,"(3,6,2,1)",14,ASSEMBLE+INSPECT,CUT=12/42;ASSEMBLE+INSPECT=54/126,false
C3A4T1I2F2,3,4,1,2,2,"(3,6,2,2)",14,ASSEMBLE+INSPECT,CUT=12/42;ASSEMBLE+INSPECT=54/140,false
C3A4T1I2F3,3,4,1,2,3,"(3,6,2,3)",14,ASSEMBLE+INSPECT,CUT=12/42;ASSEMBLE+INSPECT=54/154,false
C3A4T1I3F0,3,4,1,3,0,"(3,6,3,0)",14,ASSEMBLE|INSPECT,CUT=12/42;ASSEMBLE=36/84;INSPECT=18/42,false
C3A4T1I3F1,3,4,1,3,1,"(3,6,3,1)",14,ASSEMBLE+INSPECT,CUT=12/42;ASSEMBLE+INSPECT=54/140,false
C3A4T1I3F2,3,4,1,3,2,"(3,6,3,2)",14,ASSEMBLE+INSPECT,CUT=12/42;ASSEMBLE+INSPECT=54/154,false
C3A4T1I3F3,3,4,1,3,3,"(3,6,3,3)",13,ASSEMBLE+INSPECT,CUT=12/39;ASSEMBLE+INSPECT=54/156,false
C3A4T1I4F0,3,4,1,4,0,"(3,6,4,0)",14,ASSEMBLE,CUT=12/42;ASSEMBLE=36/84;INSPECT=18/56,false
C3A4T1I4F1,3,4,1,4,1,"(3,6,4,1)",14,ASSEMBLE+INSPECT,CUT=12/42;ASSEMBLE+INSPECT=54/154,false
C3A4T1I4F2,3,4,1,4,2,"(3,6,4,2)",13,ASSEMBLE+INSPECT,CUT=12/39;ASSEMBLE+INSPECT=54/156,false
C3A4T1I4F3,3,4,1,4,3,"(3,6,4,3)",13,ASSEMBLE+INSPECT,CUT=12/39;ASSEMBLE+INSPECT=54/169,false
C3A4T2I0F1,3,4,2,0,1,"(3,8,0,1)",26,ASSEMBLE+INSPECT,CUT=12/78;ASSEMBLE+INSPECT=54/234,false
C3A4T2I0F2,3,4,2,0,2,"(3,8,0,2)",17,ASSEMBLE+INSPECT,CUT=12/51;ASSEMBLE+INSPECT=54/170,false
C3A4T2I0F3,3,4,2,0,3,"(3,8,0,3)",14,ASSEMBLE+INSPECT,CUT=12/42;ASSEMBLE+INSPECT=54/154,false
C3A4T2I1F0,3,4,2,1,0,"(3,8,1,0)",26,INSPECT,CUT=12/78;ASSEMBLE=36/208;INSPECT=18/26,false
C3A4T2I1F1,3,4,2,1,1,"(3,8,1,1)",17,ASSEMBLE+INSPECT,CUT=12/51;ASSEMBLE+INSPECT=54/170,false
C3A4T2I1F2,3,4,2,1,2,"(3,8,1,2)",14,ASSEMBLE+INSPECT,CUT=12/42;ASSEMBLE+INSPECT=54/154,false
C3A4T2I1F3,3,4,2,1,3,"(3,8,1,3)",14,ASSEMBLE+INSPECT,CUT=12/42;ASSEMBLE+INSPECT=54/168,false
C3A4T2I2F0,3,4,2,2,0,"(3,8,2,0)",17,INSPECT,CUT=12/51;ASSEMBLE=36/136;INSPECT=18/34,false
C3A4T2I2F1,3,4,2,2,1,"(3,8,2,1)",14,ASSEMBLE+INSPECT,CUT=12/42;ASSEMBLE+INSPECT=54/154,false
C3A4T2I2F2,3,4,2,2,2,"(3,8,2,2)",14,ASSEMBLE+INSPECT,CUT=12/42;ASSEMBLE+INSPECT=54/168,false
C3A4T2I2F3,3,4,2,2,3,"(3,8,2,3)",14,ASSEMBLE+INSPECT,CUT=12/42;ASSEMBLE+INSPECT=54/182,false
C3A4T2I3F0,3,4,2,3,0,"(3,8,3,0)",14,INSPECT,CUT=12/42;ASSEMBLE=36/112;INSPECT=18/42,false
C3A4T2I3F1,3,4,2,3,1,"(3,8,3,1)",14,ASSEMBLE+INSPECT,CUT=12/42;ASSEMBLE+INSPECT=54/168,false
C3A4T2I3F2,3,4,2,3,2,"(3,8,3,2)",14,ASSEMBLE+INSPECT,CUT=12/42;ASSEMBLE+INSPECT=54/182,false
C3A4T2I3F3,3,4,2,3,3,"(3,8,3,3)",13,CUT,CUT=12/39;ASSEMBLE+INSPECT=54/182,false
C3A4T2I4F0,3,4,2,4,0,"(3,8,4,0)",14,ASSEMBLE|INSPECT,CUT=12/42;ASSEMBLE=36/112;INSPECT=18/56,false
C3A4T2I4F1,3,4,2,4,1,"(3,8,4,1)",14,ASSEMBLE+INSPECT,CUT=12/42;ASSEMBLE+INSPECT=54/182,false
C3A4T2I4F2,3,4,2,4,2,"(3,8,4,2)",13,CUT,CUT=12/39;ASSEMBLE+INSPECT=54/182,false
C3A4T2I4F3,3,4,2,4,3,"(3,8,4,3)",13,CUT,CUT=12/39;ASSEMBLE+INSPECT=54/195,false
C3A4T3I0F1,3,4,3,0,1,"(3,10,0,1)",26,ASSEMBLE+INSPECT,CUT=12/78;ASSEMBLE+INSPECT=54/286,false
C3A4T3I0F2,3,4,3,0,2,"(3,10,0,2)",17,ASSEMBLE+INSPECT,CUT=12/51;ASSEMBLE+INSPECT=54/204,false
C3A4T3I0F3,3,4,3,0,3,"(3,10,0,3)",14,ASSEMBLE+INSPECT,CUT=12/42;ASSEMBLE+INSPECT=54/182,false
C3A4T3I1F0,3,4,3,1,0,"(3,10,1,0)",26,INSPECT,CUT=12/78;ASSEMBLE=36/260;INSPECT=18/26,false
C3A4T3I1F1,3,4,3,1,1,"(3,10,1,1)",17,ASSEMBLE+INSPECT,CUT=12/51;ASSEMBLE+INSPECT=54/204,false
C3A4T3I1F2,3,4,3,1,2,"(3,10,1,2)",14,ASSEMBLE+INSPECT,CUT=12/42;ASSEMBLE+INSPECT=54/182,false
C3A4T3I1F3,3,4,3,1,3,"(3,10,1,3)",14,CUT,CUT=12/42;ASSEMBLE+INSPECT=54/196,false
C3A4T3I2F0,3,4,3,2,0,"(3,10,2,0)",17,INSPECT,CUT=12/51;ASSEMBLE=36/170;INSPECT=18/34,false
C3A4T3I2F1,3,4,3,2,1,"(3,10,2,1)",14,ASSEMBLE+INSPECT,CUT=12/42;ASSEMBLE+INSPECT=54/182,false
C3A4T3I2F2,3,4,3,2,2,"(3,10,2,2)",14,CUT,CUT=12/42;ASSEMBLE+INSPECT=54/196,false
C3A4T3I2F3,3,4,3,2,3,"(3,10,2,3)",14,CUT,CUT=12/42;ASSEMBLE+INSPECT=54/210,false
C3A4T3I3F0,3,4,3,3,0,"(3,10,3,0)",14,INSPECT,CUT=12/42;ASSEMBLE=36/140;INSPECT=18/42,false
C3A4T3I3F1,3,4,3,3,1,"(3,10,3,1)",14,CUT,CUT=12/42;ASSEMBLE+INSPECT=54/196,false
C3A4T3I3F2,3,4,3,3,2,"(3,10,3,2)",14,CUT,CUT=12/42;ASSEMBLE+INSPECT=54/210,false
C3A4T3I3F3,3,4,3,3,3,"(3,10,3,3)",13,CUT,CUT=12/39;ASSEMBLE+INSPECT=54/208,false
C3A4T3I4F0,3,4,3,4,0,"(3,10,4,0)",14,INSPECT,CUT=12/42;ASSEMBLE=36/140;INSPECT=18/56,false
C3A4T3I4F1,3,4,3,4,1,"(3,10,4,1)",14,CUT,CUT=12/42;ASSEMBLE+INSPECT=54/210,false
C3A4T3I4F2,3,4,3,4,2,"(3,10,4,2)",13,CUT,CUT=12/39;ASSEMBLE+INSPECT=54/208,false
C3A4T3I4F3,3,4,3,4,3,"(3,10,4,3)",13,CUT,CUT=12/39;ASSEMBLE+INSPECT=54/221,false
C3A5T0I0F1,3,5,0,0,1,"(3,5,0,1)",28,ASSEMBLE+INSPECT,CUT=12/84;ASSEMBLE+INSPECT=54/168,true
C3A5T0I0F2,3,5,0,0,2,"(3,5,0,2)",19,ASSEMBLE+INSPECT,CUT=12/57;ASSEMBLE+INSPECT=54/133,true
C3A5T0I0F3,3,5,0,0,3,"(3,5,0,3)",16,ASSEMBLE+INSPECT,CUT=12/48;ASSEMBLE+INSPECT=54/128,true
C3A5T0I1F0,3,5,0,1,0,"(3,5,1,0)",26,INSPECT,CUT=12/78;ASSEMBLE=36/130;INSPECT=18/26,false
C3A5T0I1F1,3,5,0,1,1,"(3,5,1,1)",19,ASSEMBLE+INSPECT,CUT=12/57;ASSEMBLE+INSPECT=54/133,true
C3A5T0I1F2,3,5,0,1,2,"(3,5,1,2)",16,ASSEMBLE+INSPECT,CUT=12/48;ASSEMBLE+INSPECT=54/128,true
C3A5T0I1F3,3,5,0,1,3,"(3,5,1,3)",14,ASSEMBLE+INSPECT,CUT=12/42;ASSEMBLE+INSPECT=54/126,true
C3A5T0I2F0,3,5,0,2,0,"(3,5,2,0)",17,INSPECT,CUT=12/51;ASSEMBLE=36/85;INSPECT=18/34,false
C3A5T0I2F1,3,5,0,2,1,"(3,5,2,1)",16,ASSEMBLE+INSPECT,CUT=12/48;ASSEMBLE+INSPECT=54/128,true
C3A5T0I2F2,3,5,0,2,2,"(3,5,2,2)",14,ASSEMBLE+INSPECT,CUT=12/42;ASSEMBLE+INSPECT=54/126,true
C3A5T0I2F3,3,5,0,2,3,"(3,5,2,3)",14,ASSEMBLE+INSPECT,CUT=12/42;ASSEMBLE+INSPECT=54/140,true
C3A5T0I3F0,3,5,0,3,0,"(3,5,3,0)",17,ASSEMBLE,CUT=12/51;ASSEMBLE=36/85;INSPECT=18/51,false
C3A5T0I3F1,3,5,0,3,1,"(3,5,3,1)",14,ASSEMBLE+INSPECT,CUT=12/42;ASSEMBLE+INSPECT=54/126,true
C3A5T0I3F2,3,5,0,3,2,"(3,5,3,2)",14,ASSEMBLE+INSPECT,CUT=12/42;ASSEMBLE+INSPECT=54/140,true
C3A5T0I3F3,3,5,0,3,3,"(3,5,3,3)",13,ASSEMBLE+INSPECT,CUT=12/39;ASSEMBLE+INSPECT=54/143,true
C3A5T0I4F0,3,5,0,4,0,"(3,5,4,0)",17,ASSEMBLE,CUT=12/51;ASSEMBLE=36/85;INSPECT=18/68,false
C3A5T0I4F1,3,5,0,4,1,"(3,5,4,1)",14,ASSEMBLE+INSPECT,CUT=12/42;ASSEMBLE+INSPECT=54/140,true
C3A5T0I4F2,3,5,0,4,2,"(3,5,4,2)",13,ASSEMBLE+INSPECT,CUT=12/39;ASSEMBLE+INSPECT=54/143,true
C3A5T0I4F3,3,5,0,4,3,"(3,5,4,3)",13,ASSEMBLE+INSPECT,CUT=12/39;ASSEMBLE+INSPECT=54/156,true
C3A5T1I0F1,3,5,1,0,1,"(3,7,0,1)",26,ASSEMBLE+INSPECT,CUT=12/78;ASSEMBLE+INSPECT=54/208,false
C3A5T1I0F2,3,5,1,0,2,"(3,7,0,2)",17,ASSEMBLE+INSPECT,CUT=12/51;ASSEMBLE+INSPECT=54/153,false
C3A5T1I0F3,3,5,1,0,3,"(3,7,0,3)",14,ASSEMBLE+INSPECT,CUT=12/42;ASSEMBLE+INSPECT=54/140,false
C3A5T1I1F0,3,5,1,1,0,"(3,7,1,0)",26,INSPECT,CUT=12/78;ASSEMBLE=36/182;INSPECT=18/26,false
C3A5T1I1F1,3,5,1,1,1,"(3,7,1,1)",17,ASSEMBLE+INSPECT,CUT=12/51;ASSEMBLE+INSPECT=54/153,false
C3A5T1I1F2,3,5,1,1,2,"(3,7,1,2)",14,ASSEMBLE+INSPECT,CUT=12/42;ASSEMBLE+INSPECT=54/140,false
C3A5T1I1F3,3,5,1,1,3,"(3,7,1,3)",14,ASSEMBLE+INSPECT,CUT=12/42;ASSEMBLE+INSPECT=54/154,false
C3A5T1I2F0,3,5,1,2,0,"(3,7,2,0)",17,INSPECT,CUT=12/51;ASSEMBLE=36/119;INSPECT=18/34,false
C3A5T1I2F1,3,5,1,2,1,"(3,7,2,1)",14,ASSEMBLE+INSPECT,CUT=12/42;ASSEMBLE+INSPECT=54/140,false
C3A5T1I2F2,3,5,1,2,2,"(3,7,2,2)",14,ASSEMBLE+INSPECT,CUT=12/42;ASSEMBLE+INSPECT=54/154,false
C3A5T1I2F3,3,5,1,2,3,"(3,7,2,3)",14,ASSEMBLE+INSPECT,CUT=12/42;ASSEMBLE+INSPECT=54/168,false
C3A5T1I3F0,3,5,1,3,0,"(3,7,3,0)",14,INSPECT,CUT=12/42;ASSEMBLE=36/98;INSPECT=18/42,false
C3A5T1I3F1,3,5,1,3,1,"(3,7,3,1)",14,ASSEMBLE+INSPECT,CUT=12/42;ASSEMBLE+INSPECT=54/154,false
C3A5T1I3F2,3,5,1,3,2,"(3,7,3,2)",14,ASSEMBLE+INSPECT,CUT=12/42;ASSEMBLE+INSPECT=54/168,false
C3A5T1I3F3,3,5,1,3,3,"(3,7,3,3)",13,ASSEMBLE+INSPECT,CUT=12/39;ASSEMBLE+INSPECT=54/169,false
C3A5T1I4F0,3,5,1,4,0,"(3,7,4,0)",14,ASSEMBLE,CUT=12/42;ASSEMBLE=36/98;INSPECT=18/56,false
C3A5T1I4F1,3,5,1,4,1,"(3,7,4,1)",14,ASSEMBLE+INSPECT,CUT=12/42;ASSEMBLE+INSPECT=54/168,false
C3A5T1I4F2,3,5,1,4,2,"(3,7,4,2)",13,ASSEMBLE+INSPECT,CUT=12/39;ASSEMBLE+INSPECT=54/169,false
C3A5T1I4F3,3,5,1,4,3,"(3,7,4,3)",13,CUT,CUT=12/39;ASSEMBLE+INSPECT=54/182,false
C3A5T2I0F1,3,5,2,0,1,"(3,9,0,1)",26,ASSEMBLE+INSPECT,CUT=12/78;ASSEMBLE+INSPECT=54/260,false
C3A5T2I0F2,3,5,2,0,2,"(3,9,0,2)",17,ASSEMBLE+INSPECT,CUT=12/51;ASSEMBLE+INSPECT=54/187,false
C3A5T2I0F3,3,5,2,0,3,"(3,9,0,3)",14,ASSEMBLE+INSPECT,CUT=12/42;ASSEMBLE+INSPECT=54/168,false
C3A5T2I1F0,3,5,2,1,0,"(3,9,1,0)",26,INSPECT,CUT=12/78;ASSEMBLE=36/234;INSPECT=18/26,false
C3A5T2I1F1,3,5,2,1,1,"(3,9,1,1)",17,ASSEMBLE+INSPECT,CUT=12/51;ASSEMBLE+INSPECT=54/187,false
C3A5T2I1F2,3,5,2,1,2,"(3,9,1,2)",14,ASSEMBLE+INSPECT,CUT=12/42;ASSEMBLE+INSPECT=54/168,false
C3A5T2I1F3,3,5,2,1,3,"(3,9,1,3)",14,ASSEMBLE+INSPECT,CUT=12/42;ASSEMBLE+INSPECT=54/182,false
C3A5T2I2F0,3,5,2,2,0,"(3,9,2,0)",17,INSPECT,CUT=12/51;ASSEMBLE=36/153;INSPECT=18/34,false
C3A5T2I2F1,3,5,2,2,1,"(3,9,2,1)",14,ASSEMBLE+INSPECT,CUT=12/42;ASSEMBLE+INSPECT=54/168,false
C3A5T2I2F2,3,5,2,2,2,"(3,9,2,2)",14,ASSEMBLE+INSPECT,CUT=12/42;ASSEMBLE+INSPECT=54/182,false
C3A5T2I2F3,3,5,2,2,3,"(3,9,2,3)",14,CUT,CUT=12/42;ASSEMBLE+INSPECT=54/196,false
C3A5T2I3F0,3,5,2,3,0,"(3,9,3,0)",14,INSPECT,CUT=12/42;ASSEMBLE=36/126;INSPECT=18/42,false
C3A5T2I3F1,3,5,2,3,1,"(3,9,3,1)",14,ASSEMBLE+INSPECT,CUT=12/42;ASSEMBLE+INSPECT=54/182,false
C3A5T2I3F2,3,5,2,3,2,"(3,9,3,2)",14,CUT,CUT=12/42;ASSEMBLE+INSPECT=54/196,false
C3A5T2I3F3,3,5,2,3,3,"(3,9,3,3)",13,CUT,CUT=12/39;ASSEMBLE+INSPECT=54/195,false
C3A5T2I4F0,3,5,2,4,0,"(3,9,4,0)",14,INSPECT,CUT=12/42;ASSEMBLE=36/126;INSPECT=18/56,false
C3A5T2I4F1,3,5,2,4,1,"(3,9,4,1)",14,CUT,CUT=12/42;ASSEMBLE+INSPECT=54/196,false
C3A5T2I4F2,3,5,2,4,2,"(3,9,4,2)",13,CUT,CUT=12/39;ASSEMBLE+INSPECT=54/195,false
C3A5T2I4F3,3,5,2,4,3,"(3,9,4,3)",13,CUT,CUT=12/39;ASSEMBLE+INSPECT=54/208,false
C3A5T3I0F1,3,5,3,0,1,"(3,11,0,1)",26,ASSEMBLE+INSPECT,CUT=12/78;ASSEMBLE+INSPECT=54/312,false
C3A5T3I0F2,3,5,3,0,2,"(3,11,0,2)",17,ASSEMBLE+INSPECT,CUT=12/51;ASSEMBLE+INSPECT=54/221,false
C3A5T3I0F3,3,5,3,0,3,"(3,11,0,3)",14,CUT,CUT=12/42;ASSEMBLE+INSPECT=54/196,false
C3A5T3I1F0,3,5,3,1,0,"(3,11,1,0)",26,INSPECT,CUT=12/78;ASSEMBLE=36/286;INSPECT=18/26,false
C3A5T3I1F1,3,5,3,1,1,"(3,11,1,1)",17,ASSEMBLE+INSPECT,CUT=12/51;ASSEMBLE+INSPECT=54/221,false
C3A5T3I1F2,3,5,3,1,2,"(3,11,1,2)",14,CUT,CUT=12/42;ASSEMBLE+INSPECT=54/196,false
C3A5T3I1F3,3,5,3,1,3,"(3,11,1,3)",14,CUT,CUT=12/42;ASSEMBLE+INSPECT=54/210,false
C3A5T3I2F0,3,5,3,2,0,"(3,11,2,0)",17,INSPECT,CUT=12/51;ASSEMBLE=36/187;INSPECT=18/34,false
C3A5T3I2F1,3,5,3,2,1,"(3,11,2,1)",14,CUT,CUT=12/42;ASSEMBLE+INSPECT=54/196,false
C3A5T3I2F2,3,5,3,2,2,"(3,11,2,2)",14,CUT,CUT=12/42;ASSEMBLE+INSPECT=54/210,false
C3A5T3I2F3,3,5,3,2,3,"(3,11,2,3)",14,CUT,CUT=12/42;ASSEMBLE+INSPECT=54/224,false
C3A5T3I3F0,3,5,3,3,0,"(3,11,3,0)",14,INSPECT,CUT=12/42;ASSEMBLE=36/154;INSPECT=18/42,false
C3A5T3I3F1,3,5,3,3,1,"(3,11,3,1)",14,CUT,CUT=12/42;ASSEMBLE+INSPECT=54/210,false
C3A5T3I3F2,3,5,3,3,2,"(3,11,3,2)",14,CUT,CUT=12/42;ASSEMBLE+INSPECT=54/224,false
C3A5T3I3F3,3,5,3,3,3,"(3,11,3,3)",13,CUT,CUT=12/39;ASSEMBLE+INSPECT=54/221,false
C3A5T3I4F0,3,5,3,4,0,"(3,11,4,0)",14,INSPECT,CUT=12/42;ASSEMBLE=36/154;INSPECT=18/56,false
C3A5T3I4F1,3,5,3,4,1,"(3,11,4,1)",14,CUT,CUT=12/42;ASSEMBLE+INSPECT=54/224,false
C3A5T3I4F2,3,5,3,4,2,"(3,11,4,2)",13,CUT,CUT=12/39;ASSEMBLE+INSPECT=54/221,false
C3A5T3I4F3,3,5,3,4,3,"(3,11,4,3)",13,CUT,CUT=12/39;ASSEMBLE+INSPECT=54/234,false
C3A6T0I0F1,3,6,0,0,1,"(3,6,0,1)",26,ASSEMBLE+INSPECT,CUT=12/78;ASSEMBLE+INSPECT=54/182,false
C3A6T0I0F2,3,6,0,0,2,"(3,6,0,2)",17,ASSEMBLE+INSPECT,CUT=12/51;ASSEMBLE+INSPECT=54/136,false
C3A6T0I0F3,3,6,0,0,3,"(3,6,0,3)",14,ASSEMBLE+INSPECT,CUT=12/42;ASSEMBLE+INSPECT=54/126,false
C3A6T0I1F0,3,6,0,1,0,"(3,6,1,0)",26,INSPECT,CUT=12/78;ASSEMBLE=36/156;INSPECT=18/26,false
C3A6T0I1F1,3,6,0,1,1,"(3,6,1,1)",17,ASSEMBLE+INSPECT,CUT=12/51;ASSEMBLE+INSPECT=54/136,false
C3A6T0I1F2,3,6,0,1,2,"(3,6,1,2)",14,ASSEMBLE+INSPECT,CUT=12/42;ASSEMBLE+INSPECT=54/126,false
C3A6T0I1F3,3,6,0,1,3,"(3,6,1,3)",14,ASSEMBLE+INSPECT,CUT=12/42;ASSEMBLE+INSPECT=54/140,false
C3A6T0I2F0,3,6,0,2,0,"(3,6,2,0)",17,INSPECT,CUT=12/51;ASSEMBLE=36/102;INSPECT=18/34,false
C3A6T0I2F1,3,6,0,2,1,"(3,6,2,1)",14,ASSEMBLE+INSPECT,CUT=12/42;ASSEMBLE+INSPECT=54/126,false
C3A6T0I2F2,3,6,0,2,2,"(3,6,2,2)",14,ASSEMBLE+INSPECT,CUT=12/42;ASSEMBLE+INSPECT=54/140,false
C3A6T0I2F3,3,6,0,2,3,"(3,6,2,3)",14,ASSEMBLE+INSPECT,CUT=12/42;ASSEMBLE+INSPECT=54/154,false
C3A6T0I3F0,3,6,0,3,0,"(3,6,3,0)",14,ASSEMBLE|INSPECT,CUT=12/42;ASSEMBLE=36/84;INSPECT=18/42,false
C3A6T0I3F1,3,6,0,3,1,"(3,6,3,1)",14,ASSEMBLE+INSPECT,CUT=12/42;ASSEMBLE+INSPECT=54/140,false
C3A6T0I3F2,3,6,0,3,2,"(3,6,3,2)",14,ASSEMBLE+INSPECT,CUT=12/42;ASSEMBLE+INSPECT=54/154,false
C3A6T0I3F3,3,6,0,3,3,"(3,6,3,3)",13,ASSEMBLE+INSPECT,CUT=12/39;ASSEMBLE+INSPECT=54/156,false
C3A6T0I4F0,3,6,0,4,0,"(3,6,4,0)",14,ASSEMBLE,CUT=12/42;ASSEMBLE=36/84;INSPECT=18/56,false
C3A6T0I4F1,3,6,0,4,1,"(3,6,4,1)",14,ASSEMBLE+INSPECT,CUT=12/42;ASSEMBLE+INSPECT=54/154,false
C3A6T0I4F2,3,6,0,4,2,"(3,6,4,2)",13,ASSEMBLE+INSPECT,CUT=12/39;ASSEMBLE+INSPECT=54/156,false
C3A6T0I4F3,3,6,0,4,3,"(3,6,4,3)",13,ASSEMBLE+INSPECT,CUT=12/39;ASSEMBLE+INSPECT=54/169,false
C3A6T1I0F1,3,6,1,0,1,"(3,8,0,1)",26,ASSEMBLE+INSPECT,CUT=12/78;ASSEMBLE+INSPECT=54/234,false
C3A6T1I0F2,3,6,1,0,2,"(3,8,0,2)",17,ASSEMBLE+INSPECT,CUT=12/51;ASSEMBLE+INSPECT=54/170,false
C3A6T1I0F3,3,6,1,0,3,"(3,8,0,3)",14,ASSEMBLE+INSPECT,CUT=12/42;ASSEMBLE+INSPECT=54/154,false
C3A6T1I1F0,3,6,1,1,0,"(3,8,1,0)",26,INSPECT,CUT=12/78;ASSEMBLE=36/208;INSPECT=18/26,false
C3A6T1I1F1,3,6,1,1,1,"(3,8,1,1)",17,ASSEMBLE+INSPECT,CUT=12/51;ASSEMBLE+INSPECT=54/170,false
C3A6T1I1F2,3,6,1,1,2,"(3,8,1,2)",14,ASSEMBLE+INSPECT,CUT=12/42;ASSEMBLE+INSPECT=54/154,false
C3A6T1I1F3,3,6,1,1,3,"(3,8,1,3)",14,ASSEMBLE+INSPECT,CUT=12/42;ASSEMBLE+INSPECT=54/168,false
C3A6T1I2F0,3,6,1,2,0,"(3,8,2,0)",17,INSPECT,CUT=12/51;ASSEMBLE=36/136;INSPECT=18/34,false
C3A6T1I2F1,3,6,1,2,1,"(3,8,2,1)",14,ASSEMBLE+INSPECT,CUT=12/42;ASSEMBLE+INSPECT=54/154,false
C3A6T1I2F2,3,6,1,2,2,"(3,8,2,2)",14,ASSEMBLE+INSPECT,CUT=12/42;ASSEMBLE+INSPECT=54/168,false
C3A6T1I2F3,3,6,1,2,3,"(3,8,2,3)",14,ASSEMBLE+INSPECT,CUT=12/42;ASSEMBLE+INSPECT=54/182,false
C3A6T1I3F0,3,6,1,3,0,"(3,8,3,0)",14,INSPECT,CUT=12/42;ASSEMBLE=36/112;INSPECT=18/42,false
C3A6T1I3F1,3,6,1,3,1,"(3,8,3,1)",14,ASSEMBLE+INSPECT,CUT=12/42;ASSEMBLE+INSPECT=54/168,false
C3A6T1I3F2,3,6,1,3,2,"(3,8,3,2)",14,ASSEMBLE+INSPECT,CUT=12/42;ASSEMBLE+INSPECT=54/182,false
C3A6T1I3F3,3,6,1,3,3,"(3,8,3,3)",13,CUT,CUT=12/39;ASSEMBLE+INSPECT=54/182,false
C3A6T1I4F0,3,6,1,4,0,"(3,8,4,0)",14,ASSEMBLE|INSPECT,CUT=12/42;ASSEMBLE=36/112;INSPECT=18/56,false
C3A6T1I4F1,3,6,1,4,1,"(3,8,4,1)",14,ASSEMBLE+INSPECT,CUT=12/42;ASSEMBLE+INSPECT=54/182,false
C3A6T1I4F2,3,6,1,4,2,"(3,8,4,2)",13,CUT,CUT=12/39;ASSEMBLE+INSPECT=54/182,false
C3A6T1I4F3,3,6,1,4,3,"(3,8,4,3)",13,CUT,CUT=12/39;ASSEMBLE+INSPECT=54/195,false
C3A6T2I0F1,3,6,2,0,1,"(3,10,0,1)",26,ASSEMBLE+INSPECT,CUT=12/78;ASSEMBLE+INSPECT=54/286,false
C3A6T2I0F2,3,6,2,0,2,"(3,10,0,2)",17,ASSEMBLE+INSPECT,CUT=12/51;ASSEMBLE+INSPECT=54/204,false
C3A6T2I0F3,3,6,2,0,3,"(3,10,0,3)",14,ASSEMBLE+INSPECT,CUT=12/42;ASSEMBLE+INSPECT=54/182,false
C3A6T2I1F0,3,6,2,1,0,"(3,10,1,0)",26,INSPECT,CUT=12/78;ASSEMBLE=36/260;INSPECT=18/26,false
C3A6T2I1F1,3,6,2,1,1,"(3,10,1,1)",17,ASSEMBLE+INSPECT,CUT=12/51;ASSEMBLE+INSPECT=54/204,false
C3A6T2I1F2,3,6,2,1,2,"(3,10,1,2)",14,ASSEMBLE+INSPECT,CUT=12/42;ASSEMBLE+INSPECT=54/182,false
C3A6T2I1F3,3,6,2,1,3,"(3,10,1,3)",14,CUT,CUT=12/42;ASSEMBLE+INSPECT=54/196,false
C3A6T2I2F0,3,6,2,2,0,"(3,10,2,0)",17,INSPECT,CUT=12/51;ASSEMBLE=36/170;INSPECT=18/34,false
C3A6T2I2F1,3,6,2,2,1,"(3,10,2,1)",14,ASSEMBLE+INSPECT,CUT=12/42;ASSEMBLE+INSPECT=54/182,false
C3A6T2I2F2,3,6,2,2,2,"(3,10,2,2)",14,CUT,CUT=12/42;ASSEMBLE+INSPECT=54/196,false
C3A6T2I2F3,3,6,2,2,3,"(3,10,2,3)",14,CUT,CUT=12/42;ASSEMBLE+INSPECT=54/210,false
C3A6T2I3F0,3,6,2,3,0,"(3,10,3,0)",14,INSPECT,CUT=12/42;ASSEMBLE=36/140;INSPECT=18/42,false
C3A6T2I3F1,3,6,2,3,1,"(3,10,3,1)",14,CUT,CUT=12/42;ASSEMBLE+INSPECT=54/196,false
C3A6T2I3F2,3,6,2,3,2,"(3,10,3,2)",14,CUT,CUT=12/42;ASSEMBLE+INSPECT=54/210,false
C3A6T2I3F3,3,6,2,3,3,"(3,10,3,3)",13,CUT,CUT=12/39;ASSEMBLE+INSPECT=54/208,false
C3A6T2I4F0,3,6,2,4,0,"(3,10,4,0)",14,INSPECT,CUT=12/42;ASSEMBLE=36/140;INSPECT=18/56,false
C3A6T2I4F1,3,6,2,4,1,"(3,10,4,1)",14,CUT,CUT=12/42;ASSEMBLE+INSPECT=54/210,false
C3A6T2I4F2,3,6,2,4,2,"(3,10,4,2)",13,CUT,CUT=12/39;ASSEMBLE+INSPECT=54/208,false
C3A6T2I4F3,3,6,2,4,3,"(3,10,4,3)",13,CUT,CUT=12/39;ASSEMBLE+INSPECT=54/221,false
C3A6T3I0F1,3,6,3,0,1,"(3,12,0,1)",26,ASSEMBLE+INSPECT,CUT=12/78;ASSEMBLE+INSPECT=54/338,false
C3A6T3I0F2,3,6,3,0,2,"(3,12,0,2)",17,CUT,CUT=12/51;ASSEMBLE+INSPECT=54/238,false
C3A6T3I0F3,3,6,3,0,3,"(3,12,0,3)",14,CUT,CUT=12/42;ASSEMBLE+INSPECT=54/210,false
C3A6T3I1F0,3,6,3,1,0,"(3,12,1,0)",26,INSPECT,CUT=12/78;ASSEMBLE=36/312;INSPECT=18/26,false
C3A6T3I1F1,3,6,3,1,1,"(3,12,1,1)",17,CUT,CUT=12/51;ASSEMBLE+INSPECT=54/238,false
C3A6T3I1F2,3,6,3,1,2,"(3,12,1,2)",14,CUT,CUT=12/42;ASSEMBLE+INSPECT=54/210,false
C3A6T3I1F3,3,6,3,1,3,"(3,12,1,3)",14,CUT,CUT=12/42;ASSEMBLE+INSPECT=54/224,false
C3A6T3I2F0,3,6,3,2,0,"(3,12,2,0)",17,INSPECT,CUT=12/51;ASSEMBLE=36/204;INSPECT=18/34,false
C3A6T3I2F1,3,6,3,2,1,"(3,12,2,1)",14,CUT,CUT=12/42;ASSEMBLE+INSPECT=54/210,false
C3A6T3I2F2,3,6,3,2,2,"(3,12,2,2)",14,CUT,CUT=12/42;ASSEMBLE+INSPECT=54/224,false
C3A6T3I2F3,3,6,3,2,3,"(3,12,2,3)",14,CUT,CUT=12/42;ASSEMBLE+INSPECT=54/238,false
C3A6T3I3F0,3,6,3,3,0,"(3,12,3,0)",14,INSPECT,CUT=12/42;ASSEMBLE=36/168;INSPECT=18/42,false
C3A6T3I3F1,3,6,3,3,1,"(3,12,3,1)",14,CUT,CUT=12/42;ASSEMBLE+INSPECT=54/224,false
C3A6T3I3F2,3,6,3,3,2,"(3,12,3,2)",14,CUT,CUT=12/42;ASSEMBLE+INSPECT=54/238,false
C3A6T3I3F3,3,6,3,3,3,"(3,12,3,3)",13,CUT,CUT=12/39;ASSEMBLE+INSPECT=54/234,false
C3A6T3I4F0,3,6,3,4,0,"(3,12,4,0)",14,INSPECT,CUT=12/42;ASSEMBLE=36/168;INSPECT=18/56,false
C3A6T3I4F1,3,6,3,4,1,"(3,12,4,1)",14,CUT,CUT=12/42;ASSEMBLE+INSPECT=54/238,false
C3A6T3I4F2,3,6,3,4,2,"(3,12,4,2)",13,CUT,CUT=12/39;ASSEMBLE+INSPECT=54/234,false
C3A6T3I4F3,3,6,3,4,3,"(3,12,4,3)",13,CUT,CUT=12/39;ASSEMBLE+INSPECT=54/247,false
C4A0T0I0F1,4,0,0,0,1,"(4,0,0,1)",56,ASSEMBLE+INSPECT,CUT=12/224;ASSEMBLE+INSPECT=54/56,true
C4A0T0I0F2,4,0,0,0,2,"(4,0,0,2)",29,ASSEMBLE+INSPECT,CUT=12/116;ASSEMBLE+INSPECT=54/58,true
C4A0T0I0F3,4,0,0,0,3,"(4,0,0,3)",20,ASSEMBLE+INSPECT,CUT=12/80;ASSEMBLE+INSPECT=54/60,true
C4A0T0I1F1,4,0,0,1,1,"(4,0,1,1)",41,ASSEMBLE+INSPECT,CUT=12/164;ASSEMBLE+INSPECT=54/82,false
C4A0T0I1F2,4,0,0,1,2,"(4,0,1,2)",29,ASSEMBLE+INSPECT,CUT=12/116;ASSEMBLE+INSPECT=54/87,true
C4A0T0I1F3,4,0,0,1,3,"(4,0,1,3)",20,ASSEMBLE+INSPECT,CUT=12/80;ASSEMBLE+INSPECT=54/80,true
C4A0T0I2F1,4,0,0,2,1,"(4,0,2,1)",41,ASSEMBLE+INSPECT,CUT=12/164;ASSEMBLE+INSPECT=54/123,false
C4A0T0I2F2,4,0,0,2,2,"(4,0,2,2)",23,ASSEMBLE+INSPECT,CUT=12/92;ASSEMBLE+INSPECT=54/92,false
C4A0T0I2F3,4,0,0,2,3,"(4,0,2,3)",20,ASSEMBLE+INSPECT,CUT=12/80;ASSEMBLE+INSPECT=54/100,true
C4A0T0I3F1,4,0,0,3,1,"(4,0,3,1)",41,ASSEMBLE+INSPECT,CUT=12/164;ASSEMBLE+INSPECT=54/164,false
C4A0T0I3F2,4,0,0,3,2,"(4,0,3,2)",23,ASSEMBLE+INSPECT,CUT=12/92;ASSEMBLE+INSPECT=54/115,false
C4A0T0I3F3,4,0,0,3,3,"(4,0,3,3)",17,ASSEMBLE+INSPECT,CUT=12/68;ASSEMBLE+INSPECT=54/102,false
C4A0T0I4F1,4,0,0,4,1,"(4,0,4,1)",41,ASSEMBLE+INSPECT,CUT=12/164;ASSEMBLE+INSPECT=54/205,false
C4A0T0I4F2,4,0,0,4,2,"(4,0,4,2)",23,ASSEMBLE+INSPECT,CUT=12/92;ASSEMBLE+INSPECT=54/138,false
C4A0T0I4F3,4,0,0,4,3,"(4,0,4,3)",17,ASSEMBLE+INSPECT,CUT=12/68;ASSEMBLE+INSPECT=54/119,false
C4A0T1I0F1,4,0,1,0,1,"(4,2,0,1)",26,ASSEMBLE+INSPECT,CUT=12/104;ASSEMBLE+INSPECT=54/78,true
C4A0T1I0F2,4,0,1,0,2,"(4,2,0,2)",17,ASSEMBLE+INSPECT,CUT=12/68;ASSEMBLE+INSPECT=54/68,true
C4A0T1I0F3,4,0,1,0,3,"(4,2,0,3)",17,ASSEMBLE+INSPECT,CUT=12/68;ASSEMBLE+INSPECT=54/85,true
C4A0T1I1F0,4,0,1,1,0,"(4,2,1,0)",26,ASSEMBLE|INSPECT,CUT=12/104;ASSEMBLE=36/52;INSPECT=18/26,false
C4A0T1I1F1,4,0,1,1,1,"(4,2,1,1)",20,ASSEMBLE+INSPECT,CUT=12/80;ASSEMBLE+INSPECT=54/80,true
C4A0T1I1F2,4,0,1,1,2,"(4,2,1,2)",17,ASSEMBLE+INSPECT,CUT=12/68;ASSEMBLE+INSPECT=54/85,true
C4A0T1I1F3,4,0,1,1,3,"(4,2,1,3)",17,ASSEMBLE+INSPECT,CUT=12/68;ASSEMBLE+INSPECT=54/102,true
C4A0T1I2F0,4,0,1,2,0,"(4,2,2,0)",23,ASSEMBLE,CUT=12/92;ASSEMBLE=36/46;INSPECT=18/46,false
C4A0T1I2F1,4,0,1,2,1,"(4,2,2,1)",20,ASSEMBLE+INSPECT,CUT=12/80;ASSEMBLE+INSPECT=54/100,true
C4A0T1I2F2,4,0,1,2,2,"(4,2,2,2)",17,ASSEMBLE+INSPECT,CUT=12/68;ASSEMBLE+INSPECT=54/102,true
C4A0T1I2F3,4,0,1,2,3,"(4,2,2,3)",17,ASSEMBLE+INSPECT,CUT=12/68;ASSEMBLE+INSPECT=54/119,true
C4A0T1I3F0,4,0,1,3,0,"(4,2,3,0)",23,ASSEMBLE,CUT=12/92;ASSEMBLE=36/46;INSPECT=18/69,false
C4A0T1I3F1,4,0,1,3,1,"(4,2,3,1)",17,ASSEMBLE+INSPECT,CUT=12/68;ASSEMBLE+INSPECT=54/102,false
C4A0T1I3F2,4,0,1,3,2,"(4,2,3,2)",17,ASSEMBLE+INSPECT,CUT=12/68;ASSEMBLE+INSPECT=54/119,true
C4A0T1I3F3,4,0,1,3,3,"(4,2,3,3)",17,ASSEMBLE+INSPECT,CUT=12/68;ASSEMBLE+INSPECT=54/136,true
C4A0T1I4F0,4,0,1,4,0,"(4,2,4,0)",23,ASSEMBLE,CUT=12/92;ASSEMBLE=36/46;INSPECT=18/92,false
C4A0T1I4F1,4,0,1,4,1,"(4,2,4,1)",17,ASSEMBLE+INSPECT,CUT=12/68;ASSEMBLE+INSPECT=54/119,false
C4A0T1I4F2,4,0,1,4,2,"(4,2,4,2)",17,ASSEMBLE+INSPECT,CUT=12/68;ASSEMBLE+INSPECT=54/136,false
C4A0T1I4F3,4,0,1,4,3,"(4,2,4,3)",17,ASSEMBLE+INSPECT,CUT=12/68;ASSEMBLE+INSPECT=54/153,true
C4A0T2I0F1,4,0,2,0,1,"(4,4,0,1)",28,ASSEMBLE+INSPECT,CUT=12/112;ASSEMBLE+INSPECT=54/140,true
C4A0T2I0F2,4,0,2,0,2,"(4,4,0,2)",19,ASSEMBLE+INSPECT,CUT=12/76;ASSEMBLE+INSPECT=54/114,true
C4A0T2I0F3,4,0,2,0,3,"(4,4,0,3)",16,ASSEMBLE+INSPECT,CUT=12/64;ASSEMBLE+INSPECT=54/112,true
C4A0T2I1F0,4,0,2,1,0,"(4,4,1,0)",26,INSPECT,CUT=12/104;ASSEMBLE=36/104;INSPECT=18/26,false
C4A0T2I1F1,4,0,2,1,1,"(4,4,1,1)",19,ASSEMBLE+INSPECT,CUT=12/76;ASSEMBLE+INSPECT=54/114,true
C4A0T2I1F2,4,0,2,1,2,"(4,4,1,2)",16,ASSEMBLE+INSPECT,CUT=12/64;ASSEMBLE+INSPECT=54/112,true
C4A0T2I1F3,4,0,2,1,3,"(4,4,1,3)",14,ASSEMBLE+INSPECT,CUT=12/56;ASSEMBLE+INSPECT=54/112,true
C4A0T2I2F0,4,0,2,2,0,"(4,4,2,0)",17,ASSEMBLE|INSPECT,CUT=12/68;ASSEMBLE=36/68;INSPECT=18/34,false
C4A0T2I2F1,4,0,2,2,1,"(4,4,2,1)",17,ASSEMBLE+INSPECT,CUT=12/68;ASSEMBLE+INSPECT=54/119,true
C4A0T2I2F2,4,0,2,2,2,"(4,4,2,2)",14,ASSEMBLE+INSPECT,CUT=12/56;ASSEMBLE+INSPECT=54/112,true
C4A0T2I2F3,4,0,2,2,3,"(4,4,2,3)",14,ASSEMBLE+INSPECT,CUT=12/56;ASSEMBLE+INSPECT=54/126,true
C4A0T2I3F0,4,0,2,3,0,"(4,4,3,0)",17,ASSEMBLE,CUT=12/68;ASSEMBLE=36/68;INSPECT=18/51,false
C4A0T2I3F1,4,0,2,3,1,"(4,4,3,1)",17,ASSEMBLE+INSPECT,CUT=12/68;ASSEMBLE+INSPECT=54/136,true
C4A0T2I3F2,4,0,2,3,2,"(4,4,3,2)",14,ASSEMBLE+INSPECT,CUT=12/56;ASSEMBLE+INSPECT=54/126,true
C4A0T2I3F3,4,0,2,3,3,"(4,4,3,3)",13,ASSEMBLE+INSPECT,CUT=12/52;ASSEMBLE+INSPECT=54/130,true
C4A0T2I4F0,4,0,2,4,0,"(4,4,4,0)",17,ASSEMBLE,CUT=12/68;ASSEMBLE=36/68;INSPECT=18/68,false
C4A0T2I4F1,4,0,2,4,1,"(4,4,4,1)",17,ASSEMBLE+INSPECT,CUT=12/68;ASSEMBLE+INSPECT=54/153,true
C4A0T2I4F2,4,0,2,4,2,"(4,4,4,2)",13,ASSEMBLE+INSPECT,CUT=12/52;ASSEMBLE+INSPECT=54/130,true
C4A0T2I4F3,4,0,2,4,3,"(4,4,4,3)",13,ASSEMBLE+INSPECT,CUT=12/52;ASSEMBLE+INSPECT=54/143,true
C4A0T3I0F1,4,0,3,0,1,"(4,6,0,1)",26,ASSEMBLE+INSPECT,CUT=12/104;ASSEMBLE+INSPECT=54/182,false
C4A0T3I0F2,4,0,3,0,2,"(4,6,0,2)",17,ASSEMBLE+INSPECT,CUT=12/68;ASSEMBLE+INSPECT=54/136,false
C4A0T3I0F3,4,0,3,0,3,"(4,6,0,3)",14,ASSEMBLE+INSPECT,CUT=12/56;ASSEMBLE+INSPECT=54/126,false
C4A0T3I1F0,4,0,3,1,0,"(4,6,1,0)",26,INSPECT,CUT=12/104;ASSEMBLE=36/156;INSPECT=18/26,false
C4A0T3I1F1,4,0,3,1,1,"(4,6,1,1)",17,ASSEMBLE+INSPECT,CUT=12/68;ASSEMBLE+INSPECT=54/136,false
C4A0T3I1F2,4,0,3,1,2,"(4,6,1,2)",14,ASSEMBLE+INSPECT,CUT=12/56;ASSEMBLE+INSPECT=54/126,false
C4A0T3I1F3,4,0,3,1,3,"(4,6,1,3)",14,ASSEMBLE+INSPECT,CUT=12/56;ASSEMBLE+INSPECT=54/140,false
C4A0T3I2F0,4,0,3,2,0,"(4,6,2,0)",17,INSPECT,CUT=12/68;ASSEMBLE=36/102;INSPECT=18/34,false
C4A0T3I2F1,4,0,3,2,1,"(4,6,2,1)",14,ASSEMBLE+INSPECT,CUT=12/56;ASSEMBLE+INSPECT=54/126,false
C4A0T3I2F2,4,0,3,2,2,"(4,6,2,2)",14,ASSEMBLE+INSPECT,CUT=12/56;ASSEMBLE+INSPECT=54/140,false
C4A0T3I2F3,4,0,3,2,3,"(4,6,2,3)",14,ASSEMBLE+INSPECT,CUT=12/56;ASSEMBLE+INSPECT=54/154,false
C4A0T3I3F0,4,0,3,3,0,"(4,6,3,0)",14,ASSEMBLE|INSPECT,CUT=12/56;ASSEMBLE=36/84;INSPECT=18/42,false
C4A0T3I3F1,4,0,3,3,1,"(4,6,3,1)",14,ASSEMBLE+INSPECT,CUT=12/56;ASSEMBLE+INSPECT=54/140,false
C4A0T3I3F2,4,0,3,3,2,"(4,6,3,2)",14,ASSEMBLE+INSPECT,CUT=12/56;ASSEMBLE+INSPECT=54/154,false
C4A0T3I3F3,4,0,3,3,3,"(4,6,3,3)",13,ASSEMBLE+INSPECT,CUT=12/52;ASSEMBLE+INSPECT=54/156,false
C4A0T3I4F0,4,0,3,4,0,"(4,6,4,0)",14,ASSEMBLE,CUT=12/56;ASSEMBLE=36/84;INSPECT=18/56,false
C4A0T3I4F1,4,0,3,4,1,"(4,6,4,1)",14,ASSEMBLE+INSPECT,CUT=12/56;ASSEMBLE+INSPECT=54/154,false
C4A0T3I4F2,4,0,3,4,2,"(4,6,4,2)",13,ASSEMBLE+INSPECT,CUT=12/52;ASSEMBLE+INSPECT=54/156,false
C4A0T3I4F3,4,0,3,4,3,"(4,6,4,3)",13,ASSEMBLE+INSPECT,CUT=12/52;ASSEMBLE+INSPECT=54/169,false
C4A1T0I0F1,4,1,0,0,1,"(4,1,0,1)",32,ASSEMBLE+INSPECT,CUT=12/128;ASSEMBLE+INSPECT=54/64,true
C4A1T0I0F2,4,1,0,0,2,"(4,1,0,2)",23,ASSEMBLE+INSPECT,CUT=12/92;ASSEMBLE+INSPECT=54/69,true
C4A1T0I0F3,4,1,0,0,3,"(4,1,0,3)",20,ASSEMBLE+INSPECT,CUT=12/80;ASSEMBLE+INSPECT=54/80,true
C4A1T0I1F0,4,1,0,1,0,"(4,1,1,0)",41,ASSEMBLE,CUT=12/164;ASSEMBLE=36/41;INSPECT=18/41,false
C4A1T0I1F1,4,1,0,1,1,"(4,1,1,1)",29,ASSEMBLE+INSPECT,CUT=12/116;ASSEMBLE+INSPECT=54/87,true
C4A1T0I1F2,4,1,0,1,2,"(4,1,1,2)",20,ASSEMBLE+INSPECT,CUT=12/80;ASSEMBLE+INSPECT=54/80,true
C4A1T0I1F3,4,1,0,1,3,"(4,1,1,3)",20,ASSEMBLE+INSPECT,CUT=12/80;ASSEMBLE+INSPECT=54/100,true
C4A1T0I2F0,4,1,0,2,0,"(4,1,2,0)",41,ASSEMBLE,CUT=12/164;ASSEMBLE=36/41;INSPECT=18/82,false
C4A1T0I2F1,4,1,0,2,1,"(4,1,2,1)",23,ASSEMBLE+INSPECT,CUT=12/92;ASSEMBLE+INSPECT=54/92,false
C4A1T0I2F2,4,1,0,2,2,"(4,1,2,2)",20,ASSEMBLE+INSPECT,CUT=12/80;ASSEMBLE+INSPECT=54/100,true
C4A1T0I2F3,4,1,0,2,3,"(4,1,2,3)",17,ASSEMBLE+INSPECT,CUT=12/68;ASSEMBLE+INSPECT=54/102,true
C4A1T0I3F0,4,1,0,3,0,"(4,1,3,0)",41,ASSEMBLE,CUT=12/164;ASSEMBLE=36/41;INSPECT=18/123,false
C4A1T0I3F1,4,1,0,3,1,"(4,1,3,1)",23,ASSEMBLE+INSPECT,CUT=12/92;ASSEMBLE+INSPECT=54/115,false
C4A1T0I3F2,4,1,0,3,2,"(4,1,3,2)",17,ASSEMBLE+INSPECT,CUT=12/68;ASSEMBLE+INSPECT=54/102,false
C4A1T0I3F3,4,1,0,3,3,"(4,1,3,3)",17,ASSEMBLE+INSPECT,CUT=12/68;ASSEMBLE+INSPECT=54/119,true
C4A1T0I4F0,4,1,0,4,0,"(4,1,4,0)",41,ASSEMBLE,CUT=12/164;ASSEMBLE=36/41;INSPECT=18/164,false
C4A1T0I4F1,4,1,0,4,1,"(4,1,4,1)",23,ASSEMBLE+INSPECT,CUT=12/92;ASSEMBLE+INSPECT=54/138,false
C4A1T0I4F2,4,1,0,4,2,"(4,1,4,2)",17,ASSEMBLE+INSPECT,CUT=12/68;ASSEMBLE+INSPECT=54/119,false
C4A1T0I4F3,4,1,0,4,3,"(4,1,4,3)",17,ASSEMBLE+INSPECT,CUT=12/68;ASSEMBLE+INSPECT=54/136,false
C4A1T1I0F1,4,1,1,0,1,"(4,3,0,1)",26,ASSEMBLE+INSPECT,CUT=12/104;ASSEMBLE+INSPECT=54/104,true
C4A1T1I0F2,4,1,1,0,2,"(4,3,0,2)",19,ASSEMBLE+INSPECT,CUT=12/76;ASSEMBLE+INSPECT=54/95,true
C4A1T1I0F3,4,1,1,0,3,"(4,3,0,3)",16,ASSEMBLE+INSPECT,CUT=12/64;ASSEMBLE+INSPECT=54/96,true
C4A1T1I1F0,4,1,1,1,0,"(4,3,1,0)",26,INSPECT,CUT=12/104;ASSEMBLE=36/78;INSPECT=18/26,false
C4A1T1I1F1,4,1,1,1,1,"(4,3,1,1)",17,ASSEMBLE+INSPECT,CUT=12/68;ASSEMBLE+INSPECT=54/85,true
C4A1T1I1F2,4,1,1,1,2,"(4,3,1,2)",17,ASSEMBLE+INSPECT,CUT=12/68;ASSEMBLE+INSPECT=54/102,true
C4A1T1I1F3,4,1,1,1,3,"(4,3,1,3)",14,ASSEMBLE+INSPECT,CUT=12/56;ASSEMBLE+INSPECT=54/98,true
C4A1T1I2F0,4,1,1,2,0,"(4,3,2,0)",20,ASSEMBLE,CUT=12/80;ASSEMBLE=36/60;INSPECT=18/40,false
C4A1T1I2F1,4,1,1,2,1,"(4,3,2,1)",17,ASSEMBLE+INSPECT,CUT=12/68;ASSEMBLE+INSPECT=54/102,true
C4A1T1I2F2,4,1,1,2,2,"(4,3,2,2)",17,ASSEMBLE+INSPECT,CUT=12/68;ASSEMBLE+INSPECT=54/119,true
C4A1T1I2F3,4,1,1,2,3,"(4,3,2,3)",14,ASSEMBLE+INSPECT,CUT=12/56;ASSEMBLE+INSPECT=54/112,true
C4A1T1I3F0,4,1,1,3,0,"(4,3,3,0)",17,ASSEMBLE,CUT=12/68;ASSEMBLE=36/51;INSPECT=18/51,false
C4A1T1I3F1,4,1,1,3,1,"(4,3,3,1)",17,ASSEMBLE+INSPECT,CUT=12/68;ASSEMBLE+INSPECT=54/119,true
C4A1T1I3F2,4,1,1,3,2,"(4,3,3,2)",17,ASSEMBLE+INSPECT,CUT=12/68;ASSEMBLE+INSPECT=54/136,true
C4A1T1I3F3,4,1,1,3,3,"(4,3,3,3)",13,ASSEMBLE+INSPECT,CUT=12/52;ASSEMBLE+INSPECT=54/117,true
C4A1T1I4F0,4,1,1,4,0,"(4,3,4,0)",17,ASSEMBLE,CUT=12/68;ASSEMBLE=36/51;INSPECT=18/68,false
C4A1T1I4F1,4,1,1,4,1,"(4,3,4,1)",17,ASSEMBLE+INSPECT,CUT=12/68;ASSEMBLE+INSPECT=54/136,false
C4A1T1I4F2,4,1,1,4,2,"(4,3,4,2)",17,ASSEMBLE+INSPECT,CUT=12/68;ASSEMBLE+INSPECT=54/153,true
C4A1T1I4F3,4,1,1,4,3,"(4,3,4,3)",13,ASSEMBLE+INSPECT,CUT=12/52;ASSEMBLE+INSPECT=54/130,true
C4A1T2I0F1,4,1,2,0,1,"(4,5,0,1)",28,ASSEMBLE+INSPECT,CUT=12/112;ASSEMBLE+INSPECT=54/168,true
C4A1T2I0F2,4,1,2,0,2,"(4,5,0,2)",19,ASSEMBLE+INSPECT,CUT=12/76;ASSEMBLE+INSPECT=54/133,true
C4A1T2I0F3,4,1,2,0,3,"(4,5,0,3)",16,ASSEMBLE+INSPECT,CUT=12/64;ASSEMBLE+INSPECT=54/128,true
C4A1T2I1F0,4,1,2,1,0,"(4,5,1,0)",26,INSPECT,CUT=12/104;ASSEMBLE=36/130;INSPECT=18/26,false
C4A1T2I1F1,4,1,2,1,1,"(4,5,1,1)",19,ASSEMBLE+INSPECT,CUT=12/76;ASSEMBLE+INSPECT=54/133,true
C4A1T2I1F2,4,1,2,1,2,"(4,5,1,2)",16,ASSEMBLE+INSPECT,CUT=12/64;ASSEMBLE+INSPECT=54/128,true
C4A1T2I1F3,4,1,2,1,3,"(4,5,1,3)",14,ASSEMBLE+INSPECT,CUT=12/56;ASSEMBLE+INSPECT=54/126,true
C4A1T2I2F0,4,1,2,2,0,"(4,5,2,0)",17,INSPECT,CUT=12/68;ASSEMBLE=36/85;INSPECT=18/34,false
C4A1T2I2F1,4,1,2,2,1,"(4,5,2,1)",16,ASSEMBLE+INSPECT,CUT=12/64;ASSEMBLE+INSPECT=54/128,true
C4A1T2I2F2,4,1,2,2,2,"(4,5,2,2)",14,ASSEMBLE+INSPECT,CUT=12/56;ASSEMBLE+INSPECT=54/126,true
C4A1T2I2F3,4,1,2,2,3,"(4,5,2,3)",14,ASSEMBLE+INSPECT,CUT=12/56;ASSEMBLE+INSPECT=54/140,true
C4A1T2I3F0,4,1,2,3,0,"(4,5,3,0)",17,ASSEMBLE,CUT=12/68;ASSEMBLE=36/85;INSPECT=18/51,false
C4A1T2I3F1,4,1,2,3,1,"(4,5,3,1)",14,ASSEMBLE+INSPECT,CUT=12/56;ASSEMBLE+INSPECT=54/126,true
C4A1T2I3F2,4,1,2,3,2,"(4,5,3,2)",14,ASSEMBLE+INSPECT,CUT=12/56;ASSEMBLE+INSPECT=54/140,true
C4A1T2I3F3,4,1,2,3,3,"(4,5,3,3)",13,ASSEMBLE+INSPECT,CUT=12/52;ASSEMBLE+INSPECT=54/143,true
C4A1T2I4F0,4,1,2,4,0,"(4,5,4,0)",17,ASSEMBLE,CUT=12/68;ASSEMBLE=36/85;INSPECT=18/68,false
C4A1T2I4F1,4,1,2,4,1,"(4,5,4,1)",14,ASSEMBLE+INSPECT,CUT=12/56;ASSEMBLE+INSPECT=54/140,true
C4A1T2I4F2,4,1,2,4,2,"(4,5,4,2)",13,ASSEMBLE+INSPECT,CUT=12/52;ASSEMBLE+INSPECT=54/143,true
C4A1T2I4F3,4,1,2,4,3,"(4,5,4,3)",13,ASSEMBLE+INSPECT,CUT=12/52;ASSEMBLE+INSPECT=54/156,true
C4A1T3I0F1,4,1,3,0,1,"(4,7,0,1)",26,ASSEMBLE+INSPECT,CUT=12/104;ASSEMBLE+INSPECT=54/208,false
C4A1T3I0F2,4,1,3,0,2,"(4,7,0,2)",17,ASSEMBLE+INSPECT,CUT=12/68;ASSEMBLE+INSPECT=54/153,false
C4A1T3I0F3,4,1,3,0,3,"(4,7,0,3)",14,ASSEMBLE+INSPECT,CUT=12/56;ASSEMBLE+INSPECT=54/140,false
C4A1T3I1F0,4,1,3,1,0,"(4,7,1,0)",26,INSPECT,CUT=12/104;ASSEMBLE=36/182;INSPECT=18/26,false
C4A1T3I1F1,4,1,3,1,1,"(4,7,1,1)",17,ASSEMBLE+INSPECT,CUT=12/68;ASSEMBLE+INSPECT=54/153,false
C4A1T3I1F2,4,1,3,1,2,"(4,7,1,2)",14,ASSEMBLE+INSPECT,CUT=12/56;ASSEMBLE+INSPECT=54/140,false
C4A1T3I1F3,4,1,3,1,3,"(4,7,1,3)",14,ASSEMBLE+INSPECT,CUT=12/56;ASSEMBLE+INSPECT=54/154,false
C4A1T3I2F0,4,1,3,2,0,"(4,7,2,0)",17,INSPECT,CUT=12/68;ASSEMBLE=36/119;INSPECT=18/34,false
C4A1T3I2F1,4,1,3,2,1,"(4,7,2,1)",14,ASSEMBLE+INSPECT,CUT=12/56;ASSEMBLE+INSPECT=54/140,false
C4A1T3I2F2,4,1,3,2,2,"(4,7,2,2)",14,ASSEMBLE+INSPECT,CUT=12/56;ASSEMBLE+INSPECT=54/154,false
C4A1T3I2F3,4,1,3,2,3,"(4,7,2,3)",14,ASSEMBLE+INSPECT,CUT=12/56;ASSEMBLE+INSPECT=54/168,false
C4A1T3I3F0,4,1,3,3,0,"(4,7,3,0)",14,INSPECT,CUT=12/56;ASSEMBLE=36/98;INSPECT=18/42,false
C4A1T3I3F1,4,1,3,3,1,"(4,7,3,1)",14,ASSEMBLE+INSPECT,CUT=12/56;ASSEMBLE+INSPECT=54/154,false
C4A1T3I3F2,4,1,3,3,2,"(4,7,3,2)",14,ASSEMBLE+INSPECT,CUT=12/56;ASSEMBLE+INSPECT=54/168,false
C4A1T3I3F3,4,1,3,3,3,"(4,7,3,3)",13,ASSEMBLE+INSPECT,CUT=12/52;ASSEMBLE+INSPECT=54/169,false
C4A1T3I4F0,4,1,3,4,0,"(4,7,4,0)",14,ASSEMBLE,CUT=12/56;ASSEMBLE=36/98;INSPECT=18/56,false
C4A1T3I4F1,4,1,3,4,1,"(4,7,4,1)",14,ASSEMBLE+INSPECT,CUT=12/56;ASSEMBLE+INSPECT=54/168,false
C4A1T3I4F2,4,1,3,4,2,"(4,7,4,2)",13,ASSEMBLE+INSPECT,CUT=12/52;ASSEMBLE+INSPECT=54/169,false
C4A1T3I4F3,4,1,3,4,3,"(4,7,4,3)",13,ASSEMBLE+INSPECT,CUT=12/52;ASSEMBLE+INSPECT=54/182,false
C4A2T0I0F1,4,2,0,0,1,"(4,2,0,1)",26,ASSEMBLE+INSPECT,CUT=12/104;ASSEMBLE+INSPECT=54/78,true
C4A2T0I0F2,4,2,0,0,2,"(4,2,0,2)",17,ASSEMBLE+INSPECT,CUT=12/68;ASSEMBLE+INSPECT=54/68,true
C4A2T0I0F3,4,2,0,0,3,"(4,2,0,3)",17,ASSEMBLE+INSPECT,CUT=12/68;ASSEMBLE+INSPECT=54/85,true
C4A2T0I1F0,4,2,0,1,0,"(4,2,1,0)",26,ASSEMBLE|INSPECT,CUT=12/104;ASSEMBLE=36/52;INSPECT=18/26,false
C4A2T0I1F1,4,2,0,1,1,"(4,2,1,1)",20,ASSEMBLE+INSPECT,CUT=12/80;ASSEMBLE+INSPECT=54/80,true
C4A2T0I1F2,4,2,0,1,2,"(4,2,1,2)",17,ASSEMBLE+INSPECT,CUT=12/68;ASSEMBLE+INSPECT=54/85,true
C4A2T0I1F3,4,2,0,1,3,"(4,2,1,3)",17,ASSEMBLE+INSPECT,CUT=12/68;ASSEMBLE+INSPECT=54/102,true
C4A2T0I2F0,4,2,0,2,0,"(4,2,2,0)",23,ASSEMBLE,CUT=12/92;ASSEMBLE=36/46;INSPECT=18/46,false
C4A2T0I2F1,4,2,0,2,1,"(4,2,2,1)",20,ASSEMBLE+INSPECT,CUT=12/80;ASSEMBLE+INSPECT=54/100,true
C4A2T0I2F2,4,2,0,2,2,"(4,2,2,2)",17,ASSEMBLE+INSPECT,CUT=12/68;ASSEMBLE+INSPECT=54/102,true
C4A2T0I2F3,4,2,0,2,3,"(4,2,2,3)",17,ASSEMBLE+INSPECT,CUT=12/68;ASSEMBLE+INSPECT=54/119,true
C4A2T0I3F0,4,2,0,3,0,"(4,2,3,0)",23,ASSEMBLE,CUT=12/92;ASSEMBLE=36/46;INSPECT=18/69,false
C4A2T0I3F1,4,2,0,3,1,"(4,2,3,1)",17,ASSEMBLE+INSPECT,CUT=12/68;ASSEMBLE+INSPECT=54/102,false
C4A2T0I3F2,4,2,0,3,2,"(4,2,3,2)",17,ASSEMBLE+INSPECT,CUT=12/68;ASSEMBLE+INSPECT=54/119,true
C4A2T0I3F3,4,2,0,3,3,"(4,2,3,3)",17,ASSEMBLE+INSPECT,CUT=12/68;ASSEMBLE+INSPECT=54/136,true
C4A2T0I4F0,4,2,0,4,0,"(4,2,4,0)",23,ASSEMBLE,CUT=12/92;ASSEMBLE=36/46;INSPECT=18/92,false
C4A2T0I4F1,4,2,0,4,1,"(4,2,4,1)",17,ASSEMBLE+INSPECT,CUT=12/68;ASSEMBLE+INSPECT=54/119,false
C4A2T0I4F2,4,2,0,4,2,"(4,2,4,2)",17,ASSEMBLE+INSPECT,CUT=12/68;ASSEMBLE+INSPECT=54/136,false
C4A2T0I4F3,4,2,0,4,3,"(4,2,4,3)",17,ASSEMBLE+INSPECT,CUT=12/68;ASSEMBLE+INSPECT=54/153,true
C4A2T1I0F1,4,2,1,0,1,"(4,4,0,1)",28,ASSEMBLE+INSPECT,CUT=12/112;ASSEMBLE+INSPECT=54/140,true
C4A2T1I0F2,4,2,1,0,2,"(4,4,0,2)",19,ASSEMBLE+INSPECT,CUT=12/76;ASSEMBLE+INSPECT=54/114,true
C4A2T1I0F3,4,2,1,0,3,"(4,4,0,3)",16,ASSEMBLE+INSPECT,CUT=12/64;ASSEMBLE+INSPECT=54/112,true
C4A2T1I1F0,4,2,1,1,0,"(4,4,1,0)",26,INSPECT,CUT=12/104;ASSEMBLE=36/104;INSPECT=18/26,false
C4A2T1I1F1,4,2,1,1,1,"(4,4,1,1)",19,ASSEMBLE+INSPECT,CUT=12/76;ASSEMBLE+INSPECT=54/114,true
C4A2T1I1F2,4,2,1,1,2,"(4,4,1,2)",16,ASSEMBLE+INSPECT,CUT=12/64;ASSEMBLE+INSPECT=54/112,true
C4A2T1I1F3,4,2,1,1,3,"(4,4,1,3)",14,ASSEMBLE+INSPECT,CUT=12/56;ASSEMBLE+INSPECT=54/112,true
C4A2T1I2F0,4,2,1,2,0,"(4,4,2,0)",17,ASSEMBLE|INSPECT,CUT=12/68;ASSEMBLE=36/68;INSPECT=18/34,false
C4A2T1I2F1,4,2,1,2,1,"(4,4,2,1)",17,ASSEMBLE+INSPECT,CUT=12/68;ASSEMBLE+INSPECT=54/119,true
C4A2T1I2F2,4,2,1,2,2,"(4,4,2,2)",14,ASSEMBLE+INSPECT,CUT=12/56;ASSEMBLE+INSPECT=54/112,true
C4A2T1I2F3,4,2,1,2,3,"(4,4,2,3)",14,ASSEMBLE+INSPECT,CUT=12/56;ASSEMBLE+INSPECT=54/126,true
C4A2T1I3F0,4,2,1,3,0,"(4,4,3,0)",17,ASSEMBLE,CUT=12/68;ASSEMBLE=36/68;INSPECT=18/51,false
C4A2T1I3F1,4,2,1,3,1,"(4,4,3,1)",17,ASSEMBLE+INSPECT,CUT=12/68;ASSEMBLE+INSPECT=54/136,true
C4A2T1I3F2,4,2,1,3,2,"(4,4,3,2)",14,ASSEMBLE+INSPECT,CUT=12/56;ASSEMBLE+INSPECT=54/126,true
C4A2T1I3F3,4,2,1,3,3,"(4,4,3,3)",13,ASSEMBLE+INSPECT,CUT=12/52;ASSEMBLE+INSPECT=54/130,true
C4A2T1I4F0,4,2,1,4,0,"(4,4,4,0)",17,ASSEMBLE,CUT=12/68;ASSEMBLE=36/68;INSPECT=18/68,false
C4A2T1I4F1,4,2,1,4,1,"(4,4,4,1)",17,ASSEMBLE+INSPECT,CUT=12/68;ASSEMBLE+INSPECT=54/153,true
C4A2T1I4F2,4,2,1,4,2,"(4,4,4,2)",13,ASSEMBLE+INSPECT,CUT=12/52;ASSEMBLE+INSPECT=54/130,true
C4A2T1I4F3,4,2,1,4,3,"(4,4,4,3)",13,ASSEMBLE+INSPECT,CUT=12/52;ASSEMBLE+INSPECT=54/143,true
C4A2T2I0F1,4,2,2,0,1,"(4,6,0,1)",26,ASSEMBLE+INSPECT,CUT=12/104;ASSEMBLE+INSPECT=54/182,false
C4A2T2I0F2,4,2,2,0,2,"(4,6,0,2)",17,ASSEMBLE+INSPECT,CUT=12/68;ASSEMBLE+INSPECT=54/136,false
C4A2T2I0F3,4,2,2,0,3,"(4,6,0,3)",14,ASSEMBLE+INSPECT,CUT=12/56;ASSEMBLE+INSPECT=54/126,false
C4A2T2I1F0,4,2,2,1,0,"(4,6,1,0)",26,INSPECT,CUT=12/104;ASSEMBLE=36/156;INSPECT=18/26,false
C4A2T2I1F1,4,2,2,1,1,"(4,6,1,1)",17,ASSEMBLE+INSPECT,CUT=12/68;ASSEMBLE+INSPECT=54/136,false
C4A2T2I1F2,4,2,2,1,2,"(4,6,1,2)",14,ASSEMBLE+INSPECT,CUT=12/56;ASSEMBLE+INSPECT=54/126,false
C4A2T2I1F3,4,2,2,1,3,"(4,6,1,3)",14,ASSEMBLE+INSPECT,CUT=12/56;ASSEMBLE+INSPECT=54/140,false
C4A2T2I2F0,4,2,2,2,0,"(4,6,2,0)",17,INSPECT,CUT=12/68;ASSEMBLE=36/102;INSPECT=18/34,false
C4A2T2I2F1,4,2,2,2,1,"(4,6,2,1)",14,ASSEMBLE+INSPECT,CUT=12/56;ASSEMBLE+INSPECT=54/126,false
C4A2T2I2F2,4,2,2,2,2,"(4,6,2,2)",14,ASSEMBLE+INSPECT,CUT=12/56;ASSEMBLE+INSPECT=54/140,false
C4A2T2I2F3,4,2,2,2,3,"(4,6,2,3)",14,ASSEMBLE+INSPECT,CUT=12/56;ASSEMBLE+INSPECT=54/154,false
C4A2T2I3F0,4,2,2,3,0,"(4,6,3,0)",14,ASSEMBLE|INSPECT,CUT=12/56;ASSEMBLE=36/84;INSPECT=18/42,false
C4A2T2I3F1,4,2,2,3,1,"(4,6,3,1)",14,ASSEMBLE+INSPECT,CUT=12/56;ASSEMBLE+INSPECT=54/140,false
C4A2T2I3F2,4,2,2,3,2,"(4,6,3,2)",14,ASSEMBLE+INSPECT,CUT=12/56;ASSEMBLE+INSPECT=54/154,false
C4A2T2I3F3,4,2,2,3,3,"(4,6,3,3)",13,ASSEMBLE+INSPECT,CUT=12/52;ASSEMBLE+INSPECT=54/156,false
C4A2T2I4F0,4,2,2,4,0,"(4,6,4,0)",14,ASSEMBLE,CUT=12/56;ASSEMBLE=36/84;INSPECT=18/56,false
C4A2T2I4F1,4,2,2,4,1,"(4,6,4,1)",14,ASSEMBLE+INSPECT,CUT=12/56;ASSEMBLE+INSPECT=54/154,false
C4A2T2I4F2,4,2,2,4,2,"(4,6,4,2)",13,ASSEMBLE+INSPECT,CUT=12/52;ASSEMBLE+INSPECT=54/156,false
C4A2T2I4F3,4,2,2,4,3,"(4,6,4,3)",13,ASSEMBLE+INSPECT,CUT=12/52;ASSEMBLE+INSPECT=54/169,false
C4A2T3I0F1,4,2,3,0,1,"(4,8,0,1)",26,ASSEMBLE+INSPECT,CUT=12/104;ASSEMBLE+INSPECT=54/234,false
C4A2T3I0F2,4,2,3,0,2,"(4,8,0,2)",17,ASSEMBLE+INSPECT,CUT=12/68;ASSEMBLE+INSPECT=54/170,false
C4A2T3I0F3,4,2,3,0,3,"(4,8,0,3)",14,ASSEMBLE+INSPECT,CUT=12/56;ASSEMBLE+INSPECT=54/154,false
C4A2T3I1F0,4,2,3,1,0,"(4,8,1,0)",26,INSPECT,CUT=12/104;ASSEMBLE=36/208;INSPECT=18/26,false
C4A2T3I1F1,4,2,3,1,1,"(4,8,1,1)",17,ASSEMBLE+INSPECT,CUT=12/68;ASSEMBLE+INSPECT=54/170,false
C4A2T3I1F2,4,2,3,1,2,"(4,8,1,2)",14,ASSEMBLE+INSPECT,CUT=12/56;ASSEMBLE+INSPECT=54/154,false
C4A2T3I1F3,4,2,3,1,3,"(4,8,1,3)",14,ASSEMBLE+INSPECT,CUT=12/56;ASSEMBLE+INSPECT=54/168,false
C4A2T3I2F0,4,2,3,2,0,"(4,8,2,0)",17,INSPECT,CUT=12/68;ASSEMBLE=36/136;INSPECT=18/34,false
C4A2T3I2F1,4,2,3,2,1,"(4,8,2,1)",14,ASSEMBLE+INSPECT,CUT=12/56;ASSEMBLE+INSPECT=54/154,false
C4A2T3I2F2,4,2,3,2,2,"(4,8,2,2)",14,ASSEMBLE+INSPECT,CUT=12/56;ASSEMBLE+INSPECT=54/168,false
C4A2T3I2F3,4,2,3,2,3,"(4,8,2,3)",14,ASSEMBLE+INSPECT,CUT=12/56;ASSEMBLE+INSPECT=54/182,false
C4A2T3I3F0,4,2,3,3,0,"(4,8,3,0)",14,INSPECT,CUT=12/56;ASSEMBLE=36/112;INSPECT=18/42,false
C4A2T3I3F1,4,2,3,3,1,"(4,8,3,1)",14,ASSEMBLE+INSPECT,CUT=12/56;ASSEMBLE+INSPECT=54/168,false
C4A2T3I3F2,4,2,3,3,2,"(4,8,3,2)",14,ASSEMBLE+INSPECT,CUT=12/56;ASSEMBLE+INSPECT=54/182,false
C4A2T3I3F3,4,2,3,3,3,"(4,8,3,3)",13,ASSEMBLE+INSPECT,CUT=12/52;ASSEMBLE+INSPECT=54/182,false
C4A2T3I4F0,4,2,3,4,0,"(4,8,4,0)",14,ASSEMBLE|INSPECT,CUT=12/56;ASSEMBLE=36/112;INSPECT=18/56,false
C4A2T3I4F1,4,2,3,4,1,"(4,8,4,1)",14,ASSEMBLE+INSPECT,CUT=12/56;ASSEMBLE+INSPECT=54/182,false
C4A2T3I4F2,4,2,3,4,2,"(4,8,4,2)",13,ASSEMBLE+INSPECT,CUT=12/52;ASSEMBLE+INSPECT=54/182,false
C4A2T3I4F3,4,2,3,4,3,"(4,8,4,3)",13,ASSEMBLE+INSPECT,CUT=12/52;ASSEMBLE+INSPECT=54/195,false
C4A3T0I0F1,4,3,0,0,1,"(4,3,0,1)",26,ASSEMBLE+INSPECT,CUT=12/104;ASSEMBLE+INSPECT=54/104,true
C4A3T0I0F2,4,3,0,0,2,"(4,3,0,2)",19,ASSEMBLE+INSPECT,CUT=12/76;ASSEMBLE+INSPECT=54/95,true
C4A3T0I0F3,4,3,0,0,3,"(4,3,0,3)",16,ASSEMBLE+INSPECT,CUT=12/64;ASSEMBLE+INSPECT=54/96,true
C4A3T0I1F0,4,3,0,1,0,"(4,3,1,0)",26,INSPECT,CUT=12/104;ASSEMBLE=36/78;INSPECT=18/26,false
C4A3T0I1F1,4,3,0,1,1,"(4,3,1,1)",17,ASSEMBLE+INSPECT,CUT=12/68;ASSEMBLE+INSPECT=54/85,true
C4A3T0I1F2,4,3,0,1,2,"(4,3,1,2)",17,ASSEMBLE+INSPECT,CUT=12/68;ASSEMBLE+INSPECT=54/102,true
C4A3T0I1F3,4,3,0,1,3,"(4,3,1,3)",14,ASSEMBLE+INSPECT,CUT=12/56;ASSEMBLE+INSPECT=54/98,true
C4A3T0I2F0,4,3,0,2,0,"(4,3,2,0)",20,ASSEMBLE,CUT=12/80;ASSEMBLE=36/60;INSPECT=18/40,false
C4A3T0I2F1,4,3,0,2,1,"(4,3,2,1)",17,ASSEMBLE+INSPECT,CUT=12/68;ASSEMBLE+INSPECT=54/102,true
C4A3T0I2F2,4,3,0,2,2,"(4,3,2,2)",17,ASSEMBLE+INSPECT,CUT=12/68;ASSEMBLE+INSPECT=54/119,true
C4A3T0I2F3,4,3,0,2,3,"(4,3,2,3)",14,ASSEMBLE+INSPECT,CUT=12/56;ASSEMBLE+INSPECT=54/112,true
C4A3T0I3F0,4,3,0,3,0,"(4,3,3,0)",17,ASSEMBLE,CUT=12/68;ASSEMBLE=36/51;INSPECT=18/51,false
C4A3T0I3F1,4,3,0,3,1,"(4,3,3,1)",17,ASSEMBLE+INSPECT,CUT=12/68;ASSEMBLE+INSPECT=54/119,true
C4A3T0I3F2,4,3,0,3,2,"(4,3,3,2)",17,ASSEMBLE+INSPECT,CUT=12/68;ASSEMBLE+INSPECT=54/136,true
C4A3T0I3F3,4,3,0,3,3,"(4,3,3,3)",13,ASSEMBLE+INSPECT,CUT=12/52;ASSEMBLE+INSPECT=54/117,true
C4A3T0I4F0,4,3,0,4,0,"(4,3,4,0)",17,ASSEMBLE,CUT=12/68;ASSEMBLE=36/51;INSPECT=18/68,false
C4A3T0I4F1,4,3,0,4,1,"(4,3,4,1)",17,ASSEMBLE+INSPECT,CUT=12/68;ASSEMBLE+INSPECT=54/136,false
C4A3T0I4F2,4,3,0,4,2,"(4,3,4,2)",17,ASSEMBLE+INSPECT,CUT=12/68;ASSEMBLE+INSPECT=54/153,true
C4A3T0I4F3,4,3,0,4,3,"(4,3,4,3)",13,ASSEMBLE+INSPECT,CUT=12/52;ASSEMBLE+INSPECT=54/130,true
C4A3T1I0F1,4,3,1,0,1,"(4,5,0,1)",28,ASSEMBLE+INSPECT,CUT=12/112;ASSEMBLE+INSPECT=54/168,true
C4A3T1I0F2,4,3,1,0,2,"(4,5,0,2)",19,ASSEMBLE+INSPECT,CUT=12/76;ASSEMBLE+INSPECT=54/133,true
C4A3T1I0F3,4,3,1,0,3,"(4,5,0,3)",16,ASSEMBLE+INSPECT,CUT=12/64;ASSEMBLE+INSPECT=54/128,true
C4A3T1I1F0,4,3,1,1,0,"(4,5,1,0)",26,INSPECT,CUT=12/104;ASSEMBLE=36/130;INSPECT=18/26,false
C4A3T1I1F1,4,3,1,1,1,"(4,5,1,1)",19,ASSEMBLE+INSPECT,CUT=12/76;ASSEMBLE+INSPECT=54/133,true
C4A3T1I1F2,4,3,1,1,2,"(4,5,1,2)",16,ASSEMBLE+INSPECT,CUT=12/64;ASSEMBLE+INSPECT=54/128,true
C4A3T1I1F3,4,3,1,1,3,"(4,5,1,3)",14,ASSEMBLE+INSPECT,CUT=12/56;ASSEMBLE+INSPECT=54/126,true
C4A3T1I2F0,4,3,1,2,0,"(4,5,2,0)",17,INSPECT,CUT=12/68;ASSEMBLE=36/85;INSPECT=18/34,false
C4A3T1I2F1,4,3,1,2,1,"(4,5,2,1)",16,ASSEMBLE+INSPECT,CUT=12/64;ASSEMBLE+INSPECT=54/128,true
C4A3T1I2F2,4,3,1,2,2,"(4,5,2,2)",14,ASSEMBLE+INSPECT,CUT=12/56;ASSEMBLE+INSPECT=54/126,true
C4A3T1I2F3,4,3,1,2,3,"(4,5,2,3)",14,ASSEMBLE+INSPECT,CUT=12/56;ASSEMBLE+INSPECT=54/140,true
C4A3T1I3F0,4,3,1,3,0,"(4,5,3,0)",17,ASSEMBLE,CUT=12/68;ASSEMBLE=36/85;INSPECT=18/51,false
C4A3T1I3F1,4,3,1,3,1,"(4,5,3,1)",14,ASSEMBLE+INSPECT,CUT=12/56;ASSEMBLE+INSPECT=54/126,true
C4A3T1I3F2,4,3,1,3,2,"(4,5,3,2)",14,ASSEMBLE+INSPECT,CUT=12/56;ASSEMBLE+INSPECT=54/140,true
C4A3T1I3F3,4,3,1,3,3,"(4,5,3,3)",13,ASSEMBLE+INSPECT,CUT=12/52;ASSEMBLE+INSPECT=54/143,true
C4A3T1I4F0,4,3,1,4,0,"(4,5,4,0)",17,ASSEMBLE,CUT=12/68;ASSEMBLE=36/85;INSPECT=18/68,false
C4A3T1I4F1,4,3,1,4,1,"(4,5,4,1)",14,ASSEMBLE+INSPECT,CUT=12/56;ASSEMBLE+INSPECT=54/140,true
C4A3T1I4F2,4,3,1,4,2,"(4,5,4,2)",13,ASSEMBLE+INSPECT,CUT=12/52;ASSEMBLE+INSPECT=54/143,true
C4A3T1I4F3,4,3,1,4,3,"(4,5,4,3)",13,ASSEMBLE+INSPECT,CUT=12/52;ASSEMBLE+INSPECT=54/156,true
C4A3T2I0F1,4,3,2,0,1,"(4,7,0,1)",26,ASSEMBLE+INSPECT,CUT=12/104;ASSEMBLE+INSPECT=54/208,false
C4A3T2I0F2,4,3,2,0,2,"(4,7,0,2)",17,ASSEMBLE+INSPECT,CUT=12/68;ASSEMBLE+INSPECT=54/153,false
C4A3T2I0F3,4,3,2,0,3,"(4,7,0,3)",14,ASSEMBLE+INSPECT,CUT=12/56;ASSEMBLE+INSPECT=54/140,false
C4A3T2I1F0,4,3,2,1,0,"(4,7,1,0)",26,INSPECT,CUT=12/104;ASSEMBLE=36/182;INSPECT=18/26,false
C4A3T2I1F1,4,3,2,1,1,"(4,7,1,1)",17,ASSEMBLE+INSPECT,CUT=12/68;ASSEMBLE+INSPECT=54/153,false
C4A3T2I1F2,4,3,2,1,2,"(4,7,1,2)",14,ASSEMBLE+INSPECT,CUT=12/56;ASSEMBLE+INSPECT=54/140,false
C4A3T2I1F3,4,3,2,1,3,"(4,7,1,3)",14,ASSEMBLE+INSPECT,CUT=12/56;ASSEMBLE+INSPECT=54/154,false
C4A3T2I2F0,4,3,2,2,0,"(4,7,2,0)",17,INSPECT,CUT=12/68;ASSEMBLE=36/119;INSPECT=18/34,false
C4A3T2I2F1,4,3,2,2,1,"(4,7,2,1)",14,ASSEMBLE+INSPECT,CUT=12/56;ASSEMBLE+INSPECT=54/140,false
C4A3T2I2F2,4,3,2,2,2,"(4,7,2,2)",14,ASSEMBLE+INSPECT,CUT=12/56;ASSEMBLE+INSPECT=54/154,false
C4A3T2I2F3,4,3,2,2,3,"(4,7,2,3)",14,ASSEMBLE+INSPECT,CUT=12/56;ASSEMBLE+INSPECT=54/168,false
C4A3T2I3F0,4,3,2,3,0,"(4,7,3,0)",14,INSPECT,CUT=12/56;ASSEMBLE=36/98;INSPECT=18/42,false
C4A3T2I3F1,4,3,2,3,1,"(4,7,3,1)",14,ASSEMBLE+INSPECT,CUT=12/56;ASSEMBLE+INSPECT=54/154,false
C4A3T2I3F2,4,3,2,3,2,"(4,7,3,2)",14,ASSEMBLE+INSPECT,CUT=12/56;ASSEMBLE+INSPECT=54/168,false
C4A3T2I3F3,4,3,2,3,3,"(4,7,3,3)",13,ASSEMBLE+INSPECT,CUT=12/52;ASSEMBLE+INSPECT=54/169,false
C4A3T2I4F0,4,3,2,4,0,"(4,7,4,0)",14,ASSEMBLE,CUT=12/56;ASSEMBLE=36/98;INSPECT=18/56,false
C4A3T2I4F1,4,3,2,4,1,"(4,7,4,1)",14,ASSEMBLE+INSPECT,CUT=12/56;ASSEMBLE+INSPECT=54/168,false
C4A3T2I4F2,4,3,2,4,2,"(4,7,4,2)",13,ASSEMBLE+INSPECT,CUT=12/52;ASSEMBLE+INSPECT=54/169,false
C4A3T2I4F3,4,3,2,4,3,"(4,7,4,3)",13,ASSEMBLE+INSPECT,CUT=12/52;ASSEMBLE+INSPECT=54/182,false
C4A3T3I0F1,4,3,3,0,1,"(4,9,0,1)",26,ASSEMBLE+INSPECT,CUT=12/104;ASSEMBLE+INSPECT=54/260,false
C4A3T3I0F2,4,3,3,0,2,"(4,9,0,2)",17,ASSEMBLE+INSPECT,CUT=12/68;ASSEMBLE+INSPECT=54/187,false
C4A3T3I0F3,4,3,3,0,3,"(4,9,0,3)",14,ASSEMBLE+INSPECT,CUT=12/56;ASSEMBLE+INSPECT=54/168,false
C4A3T3I1F0,4,3,3,1,0,"(4,9,1,0)",26,INSPECT,CUT=12/104;ASSEMBLE=36/234;INSPECT=18/26,false
C4A3T3I1F1,4,3,3,1,1,"(4,9,1,1)",17,ASSEMBLE+INSPECT,CUT=12/68;ASSEMBLE+INSPECT=54/187,false
C4A3T3I1F2,4,3,3,1,2,"(4,9,1,2)",14,ASSEMBLE+INSPECT,CUT=12/56;ASSEMBLE+INSPECT=54/168,false
C4A3T3I1F3,4,3,3,1,3,"(4,9,1,3)",14,ASSEMBLE+INSPECT,CUT=12/56;ASSEMBLE+INSPECT=54/182,false
C4A3T3I2F0,4,3,3,2,0,"(4,9,2,0)",17,INSPECT,CUT=12/68;ASSEMBLE=36/153;INSPECT=18/34,false
C4A3T3I2F1,4,3,3,2,1,"(4,9,2,1)",14,ASSEMBLE+INSPECT,CUT=12/56;ASSEMBLE+INSPECT=54/168,false
C4A3T3I2F2,4,3,3,2,2,"(4,9,2,2)",14,ASSEMBLE+INSPECT,CUT=12/56;ASSEMBLE+INSPECT=54/182,false
C4A3T3I2F3,4,3,3,2,3,"(4,9,2,3)",14,ASSEMBLE+INSPECT,CUT=12/56;ASSEMBLE+INSPECT=54/196,false
C4A3T3I3F0,4,3,3,3,0,"(4,9,3,0)",14,INSPECT,CUT=12/56;ASSEMBLE=36/126;INSPECT=18/42,false
C4A3T3I3F1,4,3,3,3,1,"(4,9,3,1)",14,ASSEMBLE+INSPECT,CUT=12/56;ASSEMBLE+INSPECT=54/182,false
C4A3T3I3F2,4,3,3,3,2,"(4,9,3,2)",14,ASSEMBLE+INSPECT,CUT=12/56;ASSEMBLE+INSPECT=54/196,false
C4A3T3I3F3,4,3,3,3,3,"(4,9,3,3)",13,ASSEMBLE+INSPECT,CUT=12/52;ASSEMBLE+INSPECT=54/195,false
C4A3T3I4F0,4,3,3,4,0,"(4,9,4,0)",14,INSPECT,CUT=12/56;ASSEMBLE=36/126;INSPECT=18/56,false
C4A3T3I4F1,4,3,3,4,1,"(4,9,4,1)",14,ASSEMBLE+INSPECT,CUT=12/56;ASSEMBLE+INSPECT=54/196,false
C4A3T3I4F2,4,3,3,4,2,"(4,9,4,2)",13,ASSEMBLE+INSPECT,CUT=12/52;ASSEMBLE+INSPECT=54/195,false
C4A3T3I4F3,4,3,3,4,3,"(4,9,4,3)",13,ASSEMBLE+INSPECT,CUT=12/52;ASSEMBLE+INSPECT=54/208,false
C4A4T0I0F1,4,4,0,0,1,"(4,4,0,1)",28,ASSEMBLE+INSPECT,CUT=12/112;ASSEMBLE+INSPECT=54/140,true
C4A4T0I0F2,4,4,0,0,2,"(4,4,0,2)",19,ASSEMBLE+INSPECT,CUT=12/76;ASSEMBLE+INSPECT=54/114,true
C4A4T0I0F3,4,4,0,0,3,"(4,4,0,3)",16,ASSEMBLE+INSPECT,CUT=12/64;ASSEMBLE+INSPECT=54/112,true
C4A4T0I1F0,4,4,0,1,0,"(4,4,1,0)",26,INSPECT,CUT=12/104;ASSEMBLE=36/104;INSPECT=18/26,false
C4A4T0I1F1,4,4,0,1,1,"(4,4,1,1)",19,ASSEMBLE+INSPECT,CUT=12/76;ASSEMBLE+INSPECT=54/114,true
C4A4T0I1F2,4,4,0,1,2,"(4,4,1,2)",16,ASSEMBLE+INSPECT,CUT=12/64;ASSEMBLE+INSPECT=54/112,true
C4A4T0I1F3,4,4,0,1,3,"(4,4,1,3)",14,ASSEMBLE+INSPECT,CUT=12/56;ASSEMBLE+INSPECT=54/112,true
C4A4T0I2F0,4,4,0,2,0,"(4,4,2,0)",17,ASSEMBLE|INSPECT,CUT=12/68;ASSEMBLE=36/68;INSPECT=18/34,false
C4A4T0I2F1,4,4,0,2,1,"(4,4,2,1)",17,ASSEMBLE+INSPECT,CUT=12/68;ASSEMBLE+INSPECT=54/119,true
C4A4T0I2F2,4,4,0,2,2,"(4,4,2,2)",14,ASSEMBLE+INSPECT,CUT=12/56;ASSEMBLE+INSPECT=54/112,true
C4A4T0I2F3,4,4,0,2,3,"(4,4,2,3)",14,ASSEMBLE+INSPECT,CUT=12/56;ASSEMBLE+INSPECT=54/126,true
C4A4T0I3F0,4,4,0,3,0,"(4,4,3,0)",17,ASSEMBLE,CUT=12/68;ASSEMBLE=36/68;INSPECT=18/51,false
C4A4T0I3F1,4,4,0,3,1,"(4,4,3,1)",17,ASSEMBLE+INSPECT,CUT=12/68;ASSEMBLE+INSPECT=54/136,true
C4A4T0I3F2,4,4,0,3,2,"(4,4,3,2)",14,ASSEMBLE+INSPECT,CUT=12/56;ASSEMBLE+INSPECT=54/126,true
C4A4T0I3F3,4,4,0,3,3,"(4,4,3,3)",13,ASSEMBLE+INSPECT,CUT=12/52;ASSEMBLE+INSPECT=54/130,true
C4A4T0I4F0,4,4,0,4,0,"(4,4,4,0)",17,ASSEMBLE,CUT=12/68;ASSEMBLE=36/68;INSPECT=18/68,false
C4A4T0I4F1,4,4,0,4,1,"(4,4,4,1)",17,ASSEMBLE+INSPECT,CUT=12/68;ASSEMBLE+INSPECT=54/153,true
C4A4T0I4F2,4,4,0,4,2,"(4,4,4,2)",13,ASSEMBLE+INSPECT,CUT=12/52;ASSEMBLE+INSPECT=54/130,true
C4A4T0I4F3,4,4,0,4,3,"(4,4,4,3)",13,ASSEMBLE+INSPECT,CUT=12/52;ASSEMBLE+INSPECT=54/143,true
C4A4T1I0F1,4,4,1,0,1,"(4,6,0,1)",26,ASSEMBLE+INSPECT,CUT=12/104;ASSEMBLE+INSPECT=54/182,false
C4A4T1I0F2,4,4,1,0,2,"(4,6,0,2)",17,ASSEMBLE+INSPECT,CUT=12/68;ASSEMBLE+INSPECT=54/136,false
C4A4T1I0F3,4,4,1,0,3,"(4,6,0,3)",14,ASSEMBLE+INSPECT,CUT=12/56;ASSEMBLE+INSPECT=54/126,false
C4A4T1I1F0,4,4,1,1,0,"(4,6,1,0)",26,INSPECT,CUT=12/104;ASSEMBLE=36/156;INSPECT=18/26,false
C4A4T1I1F1,4,4,1,1,1,"(4,6,1,1)",17,ASSEMBLE+INSPECT,CUT=12/68;ASSEMBLE+INSPECT=54/136,false
C4A4T1I1F2,4,4,1,1,2,"(4,6,1,2)",14,ASSEMBLE+INSPECT,CUT=12/56;ASSEMBLE+INSPECT=54/126,false
C4A4T1I1F3,4,4,1,1,3,"(4,6,1,3)",14,ASSEMBLE+INSPECT,CUT=12/56;ASSEMBLE+INSPECT=54/140,false
C4A4T1I2F0,4,4,1,2,0,"(4,6,2,0)",17,INSPECT,CUT=12/68;ASSEMBLE=36/102;INSPECT=18/34,false
C4A4T1I2F1,4,4,1,2,1,"(4,6,2,1)",14,ASSEMBLE+INSPECT,CUT=12/56;ASSEMBLE+INSPECT=54/126,false
C4A4T1I2F2,4,4,1,2,2,"(4,6,2,2)",14,ASSEMBLE+INSPECT,CUT=12/56;ASSEMBLE+INSPECT=54/140,false
C4A4T1I2F3,4,4,1,2,3,"(4,6,2,3)",14,ASSEMBLE+INSPECT,CUT=12/56;ASSEMBLE+INSPECT=54/154,false
C4A4T1I3F0,4,4,1,3,0,"(4,6,3,0)",14,ASSEMBLE|INSPECT,CUT=12/56;ASSEMBLE=36/84;INSPECT=18/42,false
C4A4T1I3F1,4,4,1,3,1,"(4,6,3,1)",14,ASSEMBLE+INSPECT,CUT=12/56;ASSEMBLE+INSPECT=54/140,false
C4A4T1I3F2,4,4,1,3,2,"(4,6,3,2)",14,ASSEMBLE+INSPECT,CUT=12/56;ASSEMBLE+INSPECT=54/154,false
C4A4T1I3F3,4,4,1,3,3,"(4,6,3,3)",13,ASSEMBLE+INSPECT,CUT=12/52;ASSEMBLE+INSPECT=54/156,false
C4A4T1I4F0,4,4,1,4,0,"(4,6,4,0)",14,ASSEMBLE,CUT=12/56;ASSEMBLE=36/84;INSPECT=18/56,false
C4A4T1I4F1,4,4,1,4,1,"(4,6,4,1)",14,ASSEMBLE+INSPECT,CUT=12/56;ASSEMBLE+INSPECT=54/154,false
C4A4T1I4F2,4,4,1,4,2,"(4,6,4,2)",13,ASSEMBLE+INSPECT,CUT=12/52;ASSEMBLE+INSPECT=54/156,false
C4A4T1I4F3,4,4,1,4,3,"(4,6,4,3)",13,ASSEMBLE+INSPECT,CUT=12/52;ASSEMBLE+INSPECT=54/169,false
C4A4T2I0F1,4,4,2,0,1,"(4,8,0,1)",26,ASSEMBLE+INSPECT,CUT=12/104;ASSEMBLE+INSPECT=54/234,false
C4A4T2I0F2,4,4,2,0,2,"(4,8,0,2)",17,ASSEMBLE+INSPECT,CUT=12/68;ASSEMBLE+INSPECT=54/170,false
C4A4T2I0F3,4,4,2,0,3,"(4,8,0,3)",14,ASSEMBLE+INSPECT,CUT=12/56;ASSEMBLE+INSPECT=54/154,false
C4A4T2I1F0,4,4,2,1,0,"(4,8,1,0)",26,INSPECT,CUT=12/104;ASSEMBLE=36/208;INSPECT=18/26,false
C4A4T2I1F1,4,4,2,1,1,"(4,8,1,1)",17,ASSEMBLE+INSPECT,CUT=12/68;ASSEMBLE+INSPECT=54/170,false
C4A4T2I1F2,4,4,2,1,2,"(4,8,1,2)",14,ASSEMBLE+INSPECT,CUT=12/56;ASSEMBLE+INSPECT=54/154,false
C4A4T2I1F3,4,4,2,1,3,"(4,8,1,3)",14,ASSEMBLE+INSPECT,CUT=12/56;ASSEMBLE+INSPECT=54/168,false
C4A4T2I2F0,4,4,2,2,0,"(4,8,2,0)",17,INSPECT,CUT=12/68;ASSEMBLE=36/136;INSPECT=18/34,false
C4A4T2I2F1,4,4,2,2,1,"(4,8,2,1)",14,ASSEMBLE+INSPECT,CUT=12/56;ASSEMBLE+INSPECT=54/154,false
C4A4T2I2F2,4,4,2,2,2,"(4,8,2,2)",14,ASSEMBLE+INSPECT,CUT=12/56;ASSEMBLE+INSPECT=54/168,false
C4A4T2I2F3,4,4,2,2,3,"(4,8,2,3)",14,ASSEMBLE+INSPECT,CUT=12/56;ASSEMBLE+INSPECT=54/182,false
C4A4T2I3F0,4,4,2,3,0,"(4,8,3,0)",14,INSPECT,CUT=12/56;ASSEMBLE=36/112;INSPECT=18/42,false
C4A4T2I3F1,4,4,2,3,1,"(4,8,3,1)",14,ASSEMBLE+INSPECT,CUT=12/56;ASSEMBLE+INSPECT=54/168,false
C4A4T2I3F2,4,4,2,3,2,"(4,8,3,2)",14,ASSEMBLE+INSPECT,CUT=12/56;ASSEMBLE+INSPECT=54/182,false
C4A4T2I3F3,4,4,2,3,3,"(4,8,3,3)",13,ASSEMBLE+INSPECT,CUT=12/52;ASSEMBLE+INSPECT=54/182,false
C4A4T2I4F0,4,4,2,4,0,"(4,8,4,0)",14,ASSEMBLE|INSPECT,CUT=12/56;ASSEMBLE=36/112;INSPECT=18/56,false
C4A4T2I4F1,4,4,2,4,1,"(4,8,4,1)",14,ASSEMBLE+INSPECT,CUT=12/56;ASSEMBLE+INSPECT=54/182,false
C4A4T2I4F2,4,4,2,4,2,"(4,8,4,2)",13,ASSEMBLE+INSPECT,CUT=12/52;ASSEMBLE+INSPECT=54/182,false
C4A4T2I4F3,4,4,2,4,3,"(4,8,4,3)",13,ASSEMBLE+INSPECT,CUT=12/52;ASSEMBLE+INSPECT=54/195,false
C4A4T3I0F1,4,4,3,0,1,"(4,10,0,1)",26,ASSEMBLE+INSPECT,CUT=12/104;ASSEMBLE+INSPECT=54/286,false
C4A4T3I0F2,4,4,3,0,2,"(4,10,0,2)",17,ASSEMBLE+INSPECT,CUT=12/68;ASSEMBLE+INSPECT=54/204,false
C4A4T3I0F3,4,4,3,0,3,"(4,10,0,3)",14,ASSEMBLE+INSPECT,CUT=12/56;ASSEMBLE+INSPECT=54/182,false
C4A4T3I1F0,4,4,3,1,0,"(4,10,1,0)",26,INSPECT,CUT=12/104;ASSEMBLE=36/260;INSPECT=18/26,false
C4A4T3I1F1,4,4,3,1,1,"(4,10,1,1)",17,ASSEMBLE+INSPECT,CUT=12/68;ASSEMBLE+INSPECT=54/204,false
C4A4T3I1F2,4,4,3,1,2,"(4,10,1,2)",14,ASSEMBLE+INSPECT,CUT=12/56;ASSEMBLE+INSPECT=54/182,false
C4A4T3I1F3,4,4,3,1,3,"(4,10,1,3)",14,ASSEMBLE+INSPECT,CUT=12/56;ASSEMBLE+INSPECT=54/196,false
C4A4T3I2F0,4,4,3,2,0,"(4,10,2,0)",17,INSPECT,CUT=12/68;ASSEMBLE=36/170;INSPECT=18/34,false
C4A4T3I2F1,4,4,3,2,1,"(4,10,2,1)",14,ASSEMBLE+INSPECT,CUT=12/56;ASSEMBLE+INSPECT=54/182,false
C4A4T3I2F2,4,4,3,2,2,"(4,10,2,2)",14,ASSEMBLE+INSPECT,CUT=12/56;ASSEMBLE+INSPECT=54/196,false
C4A4T3I2F3,4,4,3,2,3,"(4,10,2,3)",14,ASSEMBLE+INSPECT,CUT=12/56;ASSEMBLE+INSPECT=54/210,false
C4A4T3I3F0,4,4,3,3,0,"(4,10,3,0)",14,INSPECT,CUT=12/56;ASSEMBLE=36/140;INSPECT=18/42,false
C4A4T3I3F1,4,4,3,3,1,"(4,10,3,1)",14,ASSEMBLE+INSPECT,CUT=12/56;ASSEMBLE+INSPECT=54/196,false
C4A4T3I3F2,4,4,3,3,2,"(4,10,3,2)",14,ASSEMBLE+INSPECT,CUT=12/56;ASSEMBLE+INSPECT=54/210,false
C4A4T3I3F3,4,4,3,3,3,"(4,10,3,3)",13,ASSEMBLE+INSPECT,CUT=12/52;ASSEMBLE+INSPECT=54/208,false
C4A4T3I4F0,4,4,3,4,0,"(4,10,4,0)",14,INSPECT,CUT=12/56;ASSEMBLE=36/140;INSPECT=18/56,false
C4A4T3I4F1,4,4,3,4,1,"(4,10,4,1)",14,ASSEMBLE+INSPECT,CUT=12/56;ASSEMBLE+INSPECT=54/210,false
C4A4T3I4F2,4,4,3,4,2,"(4,10,4,2)",13,ASSEMBLE+INSPECT,CUT=12/52;ASSEMBLE+INSPECT=54/208,false
C4A4T3I4F3,4,4,3,4,3,"(4,10,4,3)",13,ASSEMBLE+INSPECT,CUT=12/52;ASSEMBLE+INSPECT=54/221,false
C4A5T0I0F1,4,5,0,0,1,"(4,5,0,1)",28,ASSEMBLE+INSPECT,CUT=12/112;ASSEMBLE+INSPECT=54/168,true
C4A5T0I0F2,4,5,0,0,2,"(4,5,0,2)",19,ASSEMBLE+INSPECT,CUT=12/76;ASSEMBLE+INSPECT=54/133,true
C4A5T0I0F3,4,5,0,0,3,"(4,5,0,3)",16,ASSEMBLE+INSPECT,CUT=12/64;ASSEMBLE+INSPECT=54/128,true
C4A5T0I1F0,4,5,0,1,0,"(4,5,1,0)",26,INSPECT,CUT=12/104;ASSEMBLE=36/130;INSPECT=18/26,false
C4A5T0I1F1,4,5,0,1,1,"(4,5,1,1)",19,ASSEMBLE+INSPECT,CUT=12/76;ASSEMBLE+INSPECT=54/133,true
C4A5T0I1F2,4,5,0,1,2,"(4,5,1,2)",16,ASSEMBLE+INSPECT,CUT=12/64;ASSEMBLE+INSPECT=54/128,true
C4A5T0I1F3,4,5,0,1,3,"(4,5,1,3)",14,ASSEMBLE+INSPECT,CUT=12/56;ASSEMBLE+INSPECT=54/126,true
C4A5T0I2F0,4,5,0,2,0,"(4,5,2,0)",17,INSPECT,CUT=12/68;ASSEMBLE=36/85;INSPECT=18/34,false
C4A5T0I2F1,4,5,0,2,1,"(4,5,2,1)",16,ASSEMBLE+INSPECT,CUT=12/64;ASSEMBLE+INSPECT=54/128,true
C4A5T0I2F2,4,5,0,2,2,"(4,5,2,2)",14,ASSEMBLE+INSPECT,CUT=12/56;ASSEMBLE+INSPECT=54/126,true
C4A5T0I2F3,4,5,0,2,3,"(4,5,2,3)",14,ASSEMBLE+INSPECT,CUT=12/56;ASSEMBLE+INSPECT=54/140,true
C4A5T0I3F0,4,5,0,3,0,"(4,5,3,0)",17,ASSEMBLE,CUT=12/68;ASSEMBLE=36/85;INSPECT=18/51,false
C4A5T0I3F1,4,5,0,3,1,"(4,5,3,1)",14,ASSEMBLE+INSPECT,CUT=12/56;ASSEMBLE+INSPECT=54/126,true
C4A5T0I3F2,4,5,0,3,2,"(4,5,3,2)",14,ASSEMBLE+INSPECT,CUT=12/56;ASSEMBLE+INSPECT=54/140,true
C4A5T0I3F3,4,5,0,3,3,"(4,5,3,3)",13,ASSEMBLE+INSPECT,CUT=12/52;ASSEMBLE+INSPECT=54/143,true
C4A5T0I4F0,4,5,0,4,0,"(4,5,4,0)",17,ASSEMBLE,CUT=12/68;ASSEMBLE=36/85;INSPECT=18/68,false
C4A5T0I4F1,4,5,0,4,1,"(4,5,4,1)",14,ASSEMBLE+INSPECT,CUT=12/56;ASSEMBLE+INSPECT=54/140,true
C4A5T0I4F2,4,5,0,4,2,"(4,5,4,2)",13,ASSEMBLE+INSPECT,CUT=12/52;ASSEMBLE+INSPECT=54/143,true
C4A5T0I4F3,4,5,0,4,3,"(4,5,4,3)",13,ASSEMBLE+INSPECT,CUT=12/52;ASSEMBLE+INSPECT=54/156,true
C4A5T1I0F1,4,5,1,0,1,"(4,7,0,1)",26,ASSEMBLE+INSPECT,CUT=12/104;ASSEMBLE+INSPECT=54/208,false
C4A5T1I0F2,4,5,1,0,2,"(4,7,0,2)",17,ASSEMBLE+INSPECT,CUT=12/68;ASSEMBLE+INSPECT=54/153,false
C4A5T1I0F3,4,5,1,0,3,"(4,7,0,3)",14,ASSEMBLE+INSPECT,CUT=12/56;ASSEMBLE+INSPECT=54/140,false
C4A5T1I1F0,4,5,1,1,0,"(4,7,1,0)",26,INSPECT,CUT=12/104;ASSEMBLE=36/182;INSPECT=18/26,false
C4A5T1I1F1,4,5,1,1,1,"(4,7,1,1)",17,ASSEMBLE+INSPECT,CUT=12/68;ASSEMBLE+INSPECT=54/153,false
C4A5T1I1F2,4,5,1,1,2,"(4,7,1,2)",14,ASSEMBLE+INSPECT,CUT=12/56;ASSEMBLE+INSPECT=54/140,false
C4A5T1I1F3,4,5,1,1,3,"(4,7,1,3)",14,ASSEMBLE+INSPECT,CUT=12/56;ASSEMBLE+INSPECT=54/154,false
C4A5T1I2F0,4,5,1,2,0,"(4,7,2,0)",17,INSPECT,CUT=12/68;ASSEMBLE=36/119;INSPECT=18/34,false
C4A5T1I2F1,4,5,1,2,1,"(4,7,2,1)",14,ASSEMBLE+INSPECT,CUT=12/56;ASSEMBLE+INSPECT=54/140,false
C4A5T1I2F2,4,5,1,2,2,"(4,7,2,2)",14,ASSEMBLE+INSPECT,CUT=12/56;ASSEMBLE+INSPECT=54/154,false
C4A5T1I2F3,4,5,1,2,3,"(4,7,2,3)",14,ASSEMBLE+INSPECT,CUT=12/56;ASSEMBLE+INSPECT=54/168,false
C4A5T1I3F0,4,5,1,3,0,"(4,7,3,0)",14,INSPECT,CUT=12/56;ASSEMBLE=36/98;INSPECT=18/42,false
C4A5T1I3F1,4,5,1,3,1,"(4,7,3,1)",14,ASSEMBLE+INSPECT,CUT=12/56;ASSEMBLE+INSPECT=54/154,false
C4A5T1I3F2,4,5,1,3,2,"(4,7,3,2)",14,ASSEMBLE+INSPECT,CUT=12/56;ASSEMBLE+INSPECT=54/168,false
C4A5T1I3F3,4,5,1,3,3,"(4,7,3,3)",13,ASSEMBLE+INSPECT,CUT=12/52;ASSEMBLE+INSPECT=54/169,false
C4A5T1I4F0,4,5,1,4,0,"(4,7,4,0)",14,ASSEMBLE,CUT=12/56;ASSEMBLE=36/98;INSPECT=18/56,false
C4A5T1I4F1,4,5,1,4,1,"(4,7,4,1)",14,ASSEMBLE+INSPECT,CUT=12/56;ASSEMBLE+INSPECT=54/168,false
C4A5T1I4F2,4,5,1,4,2,"(4,7,4,2)",13,ASSEMBLE+INSPECT,CUT=12/52;ASSEMBLE+INSPECT=54/169,false
C4A5T1I4F3,4,5,1,4,3,"(4,7,4,3)",13,ASSEMBLE+INSPECT,CUT=12/52;ASSEMBLE+INSPECT=54/182,false
C4A5T2I0F1,4,5,2,0,1,"(4,9,0,1)",26,ASSEMBLE+INSPECT,CUT=12/104;ASSEMBLE+INSPECT=54/260,false
C4A5T2I0F2,4,5,2,0,2,"(4,9,0,2)",17,ASSEMBLE+INSPECT,CUT=12/68;ASSEMBLE+INSPECT=54/187,false
C4A5T2I0F3,4,5,2,0,3,"(4,9,0,3)",14,ASSEMBLE+INSPECT,CUT=12/56;ASSEMBLE+INSPECT=54/168,false
C4A5T2I1F0,4,5,2,1,0,"(4,9,1,0)",26,INSPECT,CUT=12/104;ASSEMBLE=36/234;INSPECT=18/26,false
C4A5T2I1F1,4,5,2,1,1,"(4,9,1,1)",17,ASSEMBLE+INSPECT,CUT=12/68;ASSEMBLE+INSPECT=54/187,false
C4A5T2I1F2,4,5,2,1,2,"(4,9,1,2)",14,ASSEMBLE+INSPECT,CUT=12/56;ASSEMBLE+INSPECT=54/168,false
C4A5T2I1F3,4,5,2,1,3,"(4,9,1,3)",14,ASSEMBLE+INSPECT,CUT=12/56;ASSEMBLE+INSPECT=54/182,false
C4A5T2I2F0,4,5,2,2,0,"(4,9,2,0)",17,INSPECT,CUT=12/68;ASSEMBLE=36/153;INSPECT=18/34,false
C4A5T2I2F1,4,5,2,2,1,"(4,9,2,1)",14,ASSEMBLE+INSPECT,CUT=12/56;ASSEMBLE+INSPECT=54/168,false
C4A5T2I2F2,4,5,2,2,2,"(4,9,2,2)",14,ASSEMBLE+INSPECT,CUT=12/56;ASSEMBLE+INSPECT=54/182,false
C4A5T2I2F3,4,5,2,2,3,"(4,9,2,3)",14,ASSEMBLE+INSPECT,CUT=12/56;ASSEMBLE+INSPECT=54/196,false
C4A5T2I3F0,4,5,2,3,0,"(4,9,3,0)",14,INSPECT,CUT=12/56;ASSEMBLE=36/126;INSPECT=18/42,false
C4A5T2I3F1,4,5,2,3,1,"(4,9,3,1)",14,ASSEMBLE+INSPECT,CUT=12/56;ASSEMBLE+INSPECT=54/182,false
C4A5T2I3F2,4,5,2,3,2,"(4,9,3,2)",14,ASSEMBLE+INSPECT,CUT=12/56;ASSEMBLE+INSPECT=54/196,false
C4A5T2I3F3,4,5,2,3,3,"(4,9,3,3)",13,ASSEMBLE+INSPECT,CUT=12/52;ASSEMBLE+INSPECT=54/195,false
C4A5T2I4F0,4,5,2,4,0,"(4,9,4,0)",14,INSPECT,CUT=12/56;ASSEMBLE=36/126;INSPECT=18/56,false
C4A5T2I4F1,4,5,2,4,1,"(4,9,4,1)",14,ASSEMBLE+INSPECT,CUT=12/56;ASSEMBLE+INSPECT=54/196,false
C4A5T2I4F2,4,5,2,4,2,"(4,9,4,2)",13,ASSEMBLE+INSPECT,CUT=12/52;ASSEMBLE+INSPECT=54/195,false
C4A5T2I4F3,4,5,2,4,3,"(4,9,4,3)",13,ASSEMBLE+INSPECT,CUT=12/52;ASSEMBLE+INSPECT=54/208,false
C4A5T3I0F1,4,5,3,0,1,"(4,11,0,1)",26,ASSEMBLE+INSPECT,CUT=12/104;ASSEMBLE+INSPECT=54/312,false
C4A5T3I0F2,4,5,3,0,2,"(4,11,0,2)",17,ASSEMBLE+INSPECT,CUT=12/68;ASSEMBLE+INSPECT=54/221,false
C4A5T3I0F3,4,5,3,0,3,"(4,11,0,3)",14,ASSEMBLE+INSPECT,CUT=12/56;ASSEMBLE+INSPECT=54/196,false
C4A5T3I1F0,4,5,3,1,0,"(4,11,1,0)",26,INSPECT,CUT=12/104;ASSEMBLE=36/286;INSPECT=18/26,false
C4A5T3I1F1,4,5,3,1,1,"(4,11,1,1)",17,ASSEMBLE+INSPECT,CUT=12/68;ASSEMBLE+INSPECT=54/221,false
C4A5T3I1F2,4,5,3,1,2,"(4,11,1,2)",14,ASSEMBLE+INSPECT,CUT=12/56;ASSEMBLE+INSPECT=54/196,false
C4A5T3I1F3,4,5,3,1,3,"(4,11,1,3)",14,ASSEMBLE+INSPECT,CUT=12/56;ASSEMBLE+INSPECT=54/210,false
C4A5T3I2F0,4,5,3,2,0,"(4,11,2,0)",17,INSPECT,CUT=12/68;ASSEMBLE=36/187;INSPECT=18/34,false
C4A5T3I2F1,4,5,3,2,1,"(4,11,2,1)",14,ASSEMBLE+INSPECT,CUT=12/56;ASSEMBLE+INSPECT=54/196,false
C4A5T3I2F2,4,5,3,2,2,"(4,11,2,2)",14,ASSEMBLE+INSPECT,CUT=12/56;ASSEMBLE+INSPECT=54/210,false
C4A5T3I2F3,4,5,3,2,3,"(4,11,2,3)",14,ASSEMBLE+INSPECT,CUT=12/56;ASSEMBLE+INSPECT=54/224,false
C4A5T3I3F0,4,5,3,3,0,"(4,11,3,0)",14,INSPECT,CUT=12/56;ASSEMBLE=36/154;INSPECT=18/42,false
C4A5T3I3F1,4,5,3,3,1,"(4,11,3,1)",14,ASSEMBLE+INSPECT,CUT=12/56;ASSEMBLE+INSPECT=54/210,false
C4A5T3I3F2,4,5,3,3,2,"(4,11,3,2)",14,ASSEMBLE+INSPECT,CUT=12/56;ASSEMBLE+INSPECT=54/224,false
C4A5T3I3F3,4,5,3,3,3,"(4,11,3,3)",13,ASSEMBLE+INSPECT,CUT=12/52;ASSEMBLE+INSPECT=54/221,false
C4A5T3I4F0,4,5,3,4,0,"(4,11,4,0)",14,INSPECT,CUT=12/56;ASSEMBLE=36/154;INSPECT=18/56,false
C4A5T3I4F1,4,5,3,4,1,"(4,11,4,1)",14,ASSEMBLE+INSPECT,CUT=12/56;ASSEMBLE+INSPECT=54/224,false
C4A5T3I4F2,4,5,3,4,2,"(4,11,4,2)",13,ASSEMBLE+INSPECT,CUT=12/52;ASSEMBLE+INSPECT=54/221,false
C4A5T3I4F3,4,5,3,4,3,"(4,11,4,3)",13,CUT|ASSEMBLE+INSPECT,CUT=12/52;ASSEMBLE+INSPECT=54/234,false
C4A6T0I0F1,4,6,0,0,1,"(4,6,0,1)",26,ASSEMBLE+INSPECT,CUT=12/104;ASSEMBLE+INSPECT=54/182,false
C4A6T0I0F2,4,6,0,0,2,"(4,6,0,2)",17,ASSEMBLE+INSPECT,CUT=12/68;ASSEMBLE+INSPECT=54/136,false
C4A6T0I0F3,4,6,0,0,3,"(4,6,0,3)",14,ASSEMBLE+INSPECT,CUT=12/56;ASSEMBLE+INSPECT=54/126,false
C4A6T0I1F0,4,6,0,1,0,"(4,6,1,0)",26,INSPECT,CUT=12/104;ASSEMBLE=36/156;INSPECT=18/26,false
C4A6T0I1F1,4,6,0,1,1,"(4,6,1,1)",17,ASSEMBLE+INSPECT,CUT=12/68;ASSEMBLE+INSPECT=54/136,false
C4A6T0I1F2,4,6,0,1,2,"(4,6,1,2)",14,ASSEMBLE+INSPECT,CUT=12/56;ASSEMBLE+INSPECT=54/126,false
C4A6T0I1F3,4,6,0,1,3,"(4,6,1,3)",14,ASSEMBLE+INSPECT,CUT=12/56;ASSEMBLE+INSPECT=54/140,false
C4A6T0I2F0,4,6,0,2,0,"(4,6,2,0)",17,INSPECT,CUT=12/68;ASSEMBLE=36/102;INSPECT=18/34,false
C4A6T0I2F1,4,6,0,2,1,"(4,6,2,1)",14,ASSEMBLE+INSPECT,CUT=12/56;ASSEMBLE+INSPECT=54/126,false
C4A6T0I2F2,4,6,0,2,2,"(4,6,2,2)",14,ASSEMBLE+INSPECT,CUT=12/56;ASSEMBLE+INSPECT=54/140,false
C4A6T0I2F3,4,6,0,2,3,"(4,6,2,3)",14,ASSEMBLE+INSPECT,CUT=12/56;ASSEMBLE+INSPECT=54/154,false
C4A6T0I3F0,4,6,0,3,0,"(4,6,3,0)",14,ASSEMBLE|INSPECT,CUT=12/56;ASSEMBLE=36/84;INSPECT=18/42,false
C4A6T0I3F1,4,6,0,3,1,"(4,6,3,1)",14,ASSEMBLE+INSPECT,CUT=12/56;ASSEMBLE+INSPECT=54/140,false
C4A6T0I3F2,4,6,0,3,2,"(4,6,3,2)",14,ASSEMBLE+INSPECT,CUT=12/56;ASSEMBLE+INSPECT=54/154,false
C4A6T0I3F3,4,6,0,3,3,"(4,6,3,3)",13,ASSEMBLE+INSPECT,CUT=12/52;ASSEMBLE+INSPECT=54/156,false
C4A6T0I4F0,4,6,0,4,0,"(4,6,4,0)",14,ASSEMBLE,CUT=12/56;ASSEMBLE=36/84;INSPECT=18/56,false
C4A6T0I4F1,4,6,0,4,1,"(4,6,4,1)",14,ASSEMBLE+INSPECT,CUT=12/56;ASSEMBLE+INSPECT=54/154,false
C4A6T0I4F2,4,6,0,4,2,"(4,6,4,2)",13,ASSEMBLE+INSPECT,CUT=12/52;ASSEMBLE+INSPECT=54/156,false
C4A6T0I4F3,4,6,0,4,3,"(4,6,4,3)",13,ASSEMBLE+INSPECT,CUT=12/52;ASSEMBLE+INSPECT=54/169,false
C4A6T1I0F1,4,6,1,0,1,"(4,8,0,1)",26,ASSEMBLE+INSPECT,CUT=12/104;ASSEMBLE+INSPECT=54/234,false
C4A6T1I0F2,4,6,1,0,2,"(4,8,0,2)",17,ASSEMBLE+INSPECT,CUT=12/68;ASSEMBLE+INSPECT=54/170,false
C4A6T1I0F3,4,6,1,0,3,"(4,8,0,3)",14,ASSEMBLE+INSPECT,CUT=12/56;ASSEMBLE+INSPECT=54/154,false
C4A6T1I1F0,4,6,1,1,0,"(4,8,1,0)",26,INSPECT,CUT=12/104;ASSEMBLE=36/208;INSPECT=18/26,false
C4A6T1I1F1,4,6,1,1,1,"(4,8,1,1)",17,ASSEMBLE+INSPECT,CUT=12/68;ASSEMBLE+INSPECT=54/170,false
C4A6T1I1F2,4,6,1,1,2,"(4,8,1,2)",14,ASSEMBLE+INSPECT,CUT=12/56;ASSEMBLE+INSPECT=54/154,false
C4A6T1I1F3,4,6,1,1,3,"(4,8,1,3)",14,ASSEMBLE+INSPECT,CUT=12/56;ASSEMBLE+INSPECT=54/168,false
C4A6T1I2F0,4,6,1,2,0,"(4,8,2,0)",17,INSPECT,CUT=12/68;ASSEMBLE=36/136;INSPECT=18/34,false
C4A6T1I2F1,4,6,1,2,1,"(4,8,2,1)",14,ASSEMBLE+INSPECT,CUT=12/56;ASSEMBLE+INSPECT=54/154,false
C4A6T1I2F2,4,6,1,2,2,"(4,8,2,2)",14,ASSEMBLE+INSPECT,CUT=12/56;ASSEMBLE+INSPECT=54/168,false
C4A6T1I2F3,4,6,1,2,3,"(4,8,2,3)",14,ASSEMBLE+INSPECT,CUT=12/56;ASSEMBLE+INSPECT=54/182,false
C4A6T1I3F0,4,6,1,3,0,"(4,8,3,0)",14,INSPECT,CUT=12/56;ASSEMBLE=36/112;INSPECT=18/42,false
C4A6T1I3F1,4,6,1,3,1,"(4,8,3,1)",14,ASSEMBLE+INSPECT,CUT=12/56;ASSEMBLE+INSPECT=54/168,false
C4A6T1I3F2,4,6,1,3,2,"(4,8,3,2)",14,ASSEMBLE+INSPECT,CUT=12/56;ASSEMBLE+INSPECT=54/182,false
C4A6T1I3F3,4,6,1,3,3,"(4,8,3,3)",13,ASSEMBLE+INSPECT,CUT=12/52;ASSEMBLE+INSPECT=54/182,false
C4A6T1I4F0,4,6,1,4,0,"(4,8,4,0)",14,ASSEMBLE|INSPECT,CUT=12/56;ASSEMBLE=36/112;INSPECT=18/56,false
C4A6T1I4F1,4,6,1,4,1,"(4,8,4,1)",14,ASSEMBLE+INSPECT,CUT=12/56;ASSEMBLE+INSPECT=54/182,false
C4A6T1I4F2,4,6,1,4,2,"(4,8,4,2)",13,ASSEMBLE+INSPECT,CUT=12/52;ASSEMBLE+INSPECT=54/182,false
C4A6T1I4F3,4,6,1,4,3,"(4,8,4,3)",13,ASSEMBLE+INSPECT,CUT=12/52;ASSEMBLE+INSPECT=54/195,false
C4A6T2I0F1,4,6,2,0,1,"(4,10,0,1)",26,ASSEMBLE+INSPECT,CUT=12/104;ASSEMBLE+INSPECT=54/286,false
C4A6T2I0F2,4,6,2,0,2,"(4,10,0,2)",17,ASSEMBLE+INSPECT,CUT=12/68;ASSEMBLE+INSPECT=54/204,false
C4A6T2I0F3,4,6,2,0,3,"(4,10,0,3)",14,ASSEMBLE+INSPECT,CUT=12/56;ASSEMBLE+INSPECT=54/182,false
C4A6T2I1F0,4,6,2,1,0,"(4,10,1,0)",26,INSPECT,CUT=12/104;ASSEMBLE=36/260;INSPECT=18/26,false
C4A6T2I1F1,4,6,2,1,1,"(4,10,1,1)",17,ASSEMBLE+INSPECT,CUT=12/68;ASSEMBLE+INSPECT=54/204,false
C4A6T2I1F2,4,6,2,1,2,"(4,10,1,2)",14,ASSEMBLE+INSPECT,CUT=12/56;ASSEMBLE+INSPECT=54/182,false
C4A6T2I1F3,4,6,2,1,3,"(4,10,1,3)",14,ASSEMBLE+INSPECT,CUT=12/56;ASSEMBLE+INSPECT=54/196,false
C4A6T2I2F0,4,6,2,2,0,"(4,10,2,0)",17,INSPECT,CUT=12/68;ASSEMBLE=36/170;INSPECT=18/34,false
C4A6T2I2F1,4,6,2,2,1,"(4,10,2,1)",14,ASSEMBLE+INSPECT,CUT=12/56;ASSEMBLE+INSPECT=54/182,false
C4A6T2I2F2,4,6,2,2,2,"(4,10,2,2)",14,ASSEMBLE+INSPECT,CUT=12/56;ASSEMBLE+INSPECT=54/196,false
C4A6T2I2F3,4,6,2,2,3,"(4,10,2,3)",14,ASSEMBLE+INSPECT,CUT=12/56;ASSEMBLE+INSPECT=54/210,false
C4A6T2I3F0,4,6,2,3,0,"(4,10,3,0)",14,INSPECT,CUT=12/56;ASSEMBLE=36/140;INSPECT=18/42,false
C4A6T2I3F1,4,6,2,3,1,"(4,10,3,1)",14,ASSEMBLE+INSPECT,CUT=12/56;ASSEMBLE+INSPECT=54/196,false
C4A6T2I3F2,4,6,2,3,2,"(4,10,3,2)",14,ASSEMBLE+INSPECT,CUT=12/56;ASSEMBLE+INSPECT=54/210,false
C4A6T2I3F3,4,6,2,3,3,"(4,10,3,3)",13,ASSEMBLE+INSPECT,CUT=12/52;ASSEMBLE+INSPECT=54/208,false
C4A6T2I4F0,4,6,2,4,0,"(4,10,4,0)",14,INSPECT,CUT=12/56;ASSEMBLE=36/140;INSPECT=18/56,false
C4A6T2I4F1,4,6,2,4,1,"(4,10,4,1)",14,ASSEMBLE+INSPECT,CUT=12/56;ASSEMBLE+INSPECT=54/210,false
C4A6T2I4F2,4,6,2,4,2,"(4,10,4,2)",13,ASSEMBLE+INSPECT,CUT=12/52;ASSEMBLE+INSPECT=54/208,false
C4A6T2I4F3,4,6,2,4,3,"(4,10,4,3)",13,ASSEMBLE+INSPECT,CUT=12/52;ASSEMBLE+INSPECT=54/221,false
C4A6T3I0F1,4,6,3,0,1,"(4,12,0,1)",26,ASSEMBLE+INSPECT,CUT=12/104;ASSEMBLE+INSPECT=54/338,false
C4A6T3I0F2,4,6,3,0,2,"(4,12,0,2)",17,ASSEMBLE+INSPECT,CUT=12/68;ASSEMBLE+INSPECT=54/238,false
C4A6T3I0F3,4,6,3,0,3,"(4,12,0,3)",14,ASSEMBLE+INSPECT,CUT=12/56;ASSEMBLE+INSPECT=54/210,false
C4A6T3I1F0,4,6,3,1,0,"(4,12,1,0)",26,INSPECT,CUT=12/104;ASSEMBLE=36/312;INSPECT=18/26,false
C4A6T3I1F1,4,6,3,1,1,"(4,12,1,1)",17,ASSEMBLE+INSPECT,CUT=12/68;ASSEMBLE+INSPECT=54/238,false
C4A6T3I1F2,4,6,3,1,2,"(4,12,1,2)",14,ASSEMBLE+INSPECT,CUT=12/56;ASSEMBLE+INSPECT=54/210,false
C4A6T3I1F3,4,6,3,1,3,"(4,12,1,3)",14,ASSEMBLE+INSPECT,CUT=12/56;ASSEMBLE+INSPECT=54/224,false
C4A6T3I2F0,4,6,3,2,0,"(4,12,2,0)",17,INSPECT,CUT=12/68;ASSEMBLE=36/204;INSPECT=18/34,false
C4A6T3I2F1,4,6,3,2,1,"(4,12,2,1)",14,ASSEMBLE+INSPECT,CUT=12/56;ASSEMBLE+INSPECT=54/210,false
C4A6T3I2F2,4,6,3,2,2,"(4,12,2,2)",14,ASSEMBLE+INSPECT,CUT=12/56;ASSEMBLE+INSPECT=54/224,false
C4A6T3I2F3,4,6,3,2,3,"(4,12,2,3)",14,ASSEMBLE+INSPECT,CUT=12/56;ASSEMBLE+INSPECT=54/238,false
C4A6T3I3F0,4,6,3,3,0,"(4,12,3,0)",14,INSPECT,CUT=12/56;ASSEMBLE=36/168;INSPECT=18/42,false
C4A6T3I3F1,4,6,3,3,1,"(4,12,3,1)",14,ASSEMBLE+INSPECT,CUT=12/56;ASSEMBLE+INSPECT=54/224,false
C4A6T3I3F2,4,6,3,3,2,"(4,12,3,2)",14,ASSEMBLE+INSPECT,CUT=12/56;ASSEMBLE+INSPECT=54/238,false
C4A6T3I3F3,4,6,3,3,3,"(4,12,3,3)",13,CUT|ASSEMBLE+INSPECT,CUT=12/52;ASSEMBLE+INSPECT=54/234,false
C4A6T3I4F0,4,6,3,4,0,"(4,12,4,0)",14,INSPECT,CUT=12/56;ASSEMBLE=36/168;INSPECT=18/56,false
C4A6T3I4F1,4,6,3,4,1,"(4,12,4,1)",14,ASSEMBLE+INSPECT,CUT=12/56;ASSEMBLE+INSPECT=54/238,false
C4A6T3I4F2,4,6,3,4,2,"(4,12,4,2)",13,CUT|ASSEMBLE+INSPECT,CUT=12/52;ASSEMBLE+INSPECT=54/234,false
C4A6T3I4F3,4,6,3,4,3,"(4,12,4,3)",13,CUT,CUT=12/52;ASSEMBLE+INSPECT=54/247,false
