design,cutters,assemblers,twins,inspectors,flex,provision,completion,active,occupancy,sharedDualUse
C1A0T0I0F1,1,0,0,0,1,"(1,0,0,1)",218,ASSEMBLE+INSPECT,CUT=48/218;ASSEMBLE+INSPECT=216/218,true
C1A0T0I0F2,1,0,0,0,2,"(1,0,0,2)",112,ASSEMBLE+INSPECT,CUT=48/112;ASSEMBLE+INSPECT=216/224,true
C1A0T0I0F3,1,0,0,0,3,"(1,0,0,3)",78,ASSEMBLE+INSPECT,CUT=48/78;ASSEMBLE+INSPECT=216/234,true
C1A0T0I1F1,1,0,0,1,1,"(1,0,1,1)",149,ASSEMBLE+INSPECT,CUT=48/149;ASSEMBLE+INSPECT=216/298,false
C1A0T0I1F2,1,0,0,1,2,"(1,0,1,2)",91,ASSEMBLE+INSPECT,CUT=48/91;ASSEMBLE+INSPECT=216/273,true
C1A0T0I1F3,1,0,0,1,3,"(1,0,1,3)",67,ASSEMBLE+INSPECT,CUT=48/67;ASSEMBLE+INSPECT=216/268,true
C1A0T0I2F1,1,0,0,2,1,"(1,0,2,1)",149,ASSEMBLE+INSPECT,CUT=48/149;ASSEMBLE+INSPECT=216/447,false
C1A0T0I2F2,1,0,0,2,2,"(1,0,2,2)",79,ASSEMBLE+INSPECT,CUT=48/79;ASSEMBLE+INSPECT=216/316,false
C1A0T0I2F3,1,0,0,2,3,"(1,0,2,3)",57,CUT,CUT=48/57;ASSEMBLE+INSPECT=216/285,false
C1A0T0I3F1,1,0,0,3,1,"(1,0,3,1)",149,ASSEMBLE+INSPECT,CUT=48/149;ASSEMBLE+INSPECT=216/596,false
C1A0T0I3F2,1,0,0,3,2,"(1,0,3,2)",79,CUT,CUT=48/79;ASSEMBLE+INSPECT=216/395,false
C1A0T0I3F3,1,0,0,3,3,"(1,0,3,3)",57,CUT,CUT=48/57;ASSEMBLE+INSPECT=216/342,false
C1A0T0I4F1,1,0,0,4,1,"(1,0,4,1)",149,CUT,CUT=48/149;ASSEMBLE+INSPECT=216/745,false
C1A0T0I4F2,1,0,0,4,2,"(1,0,4,2)",79,CUT,CUT=48/79;ASSEMBLE+INSPECT=216/474,false
C1A0T0I4F3,1,0,0,4,3,"(1,0,4,3)",57,CUT,CUT=48/57;ASSEMBLE+INSPECT=216/399,false
C1A0T1I0F1,1,0,1,0,1,"(1,2,0,1)",84,ASSEMBLE+INSPECT,CUT=48/84;ASSEMBLE+INSPECT=216/252,true
C1A0T1I0F2,1,0,1,0,2,"(1,2,0,2)",62,ASSEMBLE+INSPECT,CUT=48/62;ASSEMBLE+INSPECT=216/248,true
C1A0T1I0F3,1,0,1,0,3,"(1,2,0,3)",57,CUT,CUT=48/57;ASSEMBLE+INSPECT=216/285,true
C1A0T1I1F0,1,0,1,1,0,"(1,2,1,0)",80,ASSEMBLE|INSPECT,CUT=48/80;ASSEMBLE=144/160;INSPECT=72/80,false
C1A0T1I1F1,1,0,1,1,1,"(1,2,1,1)",62,ASSEMBLE+INSPECT,CUT=48/62;ASSEMBLE+INSPECT=216/248,true
C1A0T1I1F2,1,0,1,1,2,"(1,2,1,2)",57,CUT,CUT=48/57;ASSEMBLE+INSPECT=216/285,true
C1A0T1I1F3,1,0,1,1,3,"(1,2,1,3)",57,CUT,CUT=48/57;ASSEMBLE+INSPECT=216/342,true
C1A0T1I2F0,1,0,1,2,0,"(1,2,2,0)",79,ASSEMBLE,CUT=48/79;ASSEMBLE=144/158;INSPECT=72/158,false
C1A0T1I2F1,1,0,1,2,1,"(1,2,2,1)",57,CUT,CUT=48/57;ASSEMBLE+INSPECT=216/285,false
C1A0T1I2F2,1,0,1,2,2,"(1,2,2,2)",57,CUT,CUT=48/57;ASSEMBLE+INSPECT=216/342,false
C1A0T1I2F3,1,0,1,2,3,"(1,2,2,3)",57,CUT,CUT=48/57;ASSEMBLE+INSPECT=216/399,false
C1A0T1I3F0,1,0,1,3,0,"(1,2,3,0)",79,ASSEMBLE,CUT=48/79;ASSEMBLE=144/158;INSPECT=72/237,false
C1A0T1I3F1,1,0,1,3,1,"(1,2,3,1)",57,CUT,CUT=48/57;ASSEMBLE+INSPECT=216/342,false
C1A0T1I3F2,1,0,1,3,2,"(1,2,3,2)",57,CUT,CUT=48/57;ASSEMBLE+INSPECT=216/399,false
C1A0T1I3F3,1,0,1,3,3,"(1,2,3,3)",57,CUT,CUT=48/57;ASSEMBLE+INSPECT=216/456,false
C1A0T1I4F0,1,0,1,4,0,"(1,2,4,0)",79,ASSEMBLE,CUT=48/79;ASSEMBLE=144/158;INSPECT=72/316,false
C1A0T1I4F1,1,0,1,4,1,"(1,2,4,1)",57,CUT,CUT=48/57;ASSEMBLE+INSPECT=216/399,false
C1A0T1I4F2,1,0,1,4,2,"(1,2,4,2)",57,CUT,CUT=48/57;ASSEMBLE+INSPECT=216/456,false
C1A0T1I4F3,1,0,1,4,3,"(1,2,4,3)",57,CUT,CUT=48/57;ASSEMBLE+INSPECT=216/513,false
C1A0T2I0F1,1,0,2,0,1,"(1,4,0,1)",80,CUT,CUT=48/80;ASSEMBLE+INSPECT=216/400,false
C1A0T2I0F2,1,0,2,0,2,"(1,4,0,2)",57,CUT,CUT=48/57;ASSEMBLE+INSPECT=216/342,false
C1A0T2I0F3,1,0,2,0,3,"(1,4,0,3)",57,CUT,CUT=48/57;ASSEMBLE+INSPECT=216/399,false
C1A0T2I1F0,1,0,2,1,0,"(1,4,1,0)",80,INSPECT,CUT=48/80;ASSEMBLE=144/320;INSPECT=72/80,false
C1A0T2I1F1,1,0,2,1,1,"(1,4,1,1)",57,CUT,CUT=48/57;ASSEMBLE+INSPECT=216/342,false
C1A0T2I1F2,1,0,2,1,2,"(1,4,1,2)",57,CUT,CUT=48/57;ASSEMBLE+INSPECT=216/399,false
C1A0T2I1F3,1,0,2,1,3,"(1,4,1,3)",57,CUT,CUT=48/57;ASSEMBLE+INSPECT=216/456,false
C1A0T2I2F0,1,0,2,2,0,"(1,4,2,0)",57,CUT,CUT=48/57;ASSEMBLE=144/228;INSPECT=72/114,false
C1A0T2I2F1,1,0,2,2,1,"(1,4,2,1)",57,CUT,CUT=48/57;ASSEMBLE+INSPECT=216/399,false
C1A0T2I2F2,1,0,2,2,2,"(1,4,2,2)",57,CUT,CUT=48/57;ASSEMBLE+INSPECT=216/456,false
C1A0T2I2F3,1,0,2,2,3,"(1,4,2,3)",57,CUT,CUT=48/57;ASSEMBLE+INSPECT=216/513,false
C1A0T2I3F0,1,0,2,3,0,"(1,4,3,0)",57,CUT,CUT=48/57;ASSEMBLE=144/228;INSPECT=72/171,false
C1A0T2I3F1,1,0,2,3,1,"(1,4,3,1)",57,CUT,CUT=48/57;ASSEMBLE+INSPECT=216/456,false
C1A0T2I3F2,1,0,2,3,2,"(1,4,3,2)",57,CUT,CUT=48/57;ASSEMBLE+INSPECT=216/513,false
C1A0T2I3F3,1,0,2,3,3,"(1,4,3,3)",57,CUT,CUT=48/57;ASSEMBLE+INSPECT=216/570,false
C1A0T2I4F0,1,0,2,4,0,"(1,4,4,0)",57,CUT,CUT=48/57;ASSEMBLE=144/228;INSPECT=72/228,false
C1A0T2I4F1,1,0,2,4,1,"(1,4,4,1)",57,CUT,CUT=48/57;ASSEMBLE+INSPECT=216/513,false
C1A0T2I4F2,1,0,2,4,2,"(1,4,4,2)",57,CUT,CUT=48/57;ASSEMBLE+INSPECT=216/570,false
C1A0T2I4F3,1,0,2,4,3,"(1,4,4,3)",57,CUT,CUT=48/57;ASSEMBLE+INSPECT=216/627,false
C1A0T3I0F1,1,0,3,0,1,"(1,6,0,1)",80,CUT,CUT=48/80;ASSEMBLE+INSPECT=216/560,false
C1A0T3I0F2,1,0,3,0,2,"(1,6,0,2)",57,CUT,CUT=48/57;ASSEMBLE+INSPECT=216/456,false
C1A0T3I0F3,1,0,3,0,3,"(1,6,0,3)",57,CUT,CUT=48/57;ASSEMBLE+INSPECT=216/513,false
C1A0T3I1F0,1,0,3,1,0,"(1,6,1,0)",80,INSPECT,CUT=48/80;ASSEMBLE=144/480;INSPECT=72/80,false
C1A0T3I1F1,1,0,3,1,1,"(1,6,1,1)",57,CUT,CUT=48/57;ASSEMBLE+INSPECT=216/456,false
C1A0T3I1F2,1,0,3,1,2,"(1,6,1,2)",57,CUT,CUT=48/57;ASSEMBLE+INSPECT=216/513,false
C1A0T3I1F3,1,0,3,1,3,"(1,6,1,3)",57,CUT,CUT=48/57;ASSEMBLE+INSPECT=216/570,false
C1A0T3I2F0,1,0,3,2,0,"(1,6,2,0)",57,CUT,CUT=48/57;ASSEMBLE=144/342;INSPECT=72/114,false
C1A0T3I2F1,1,0,3,2,1,"(1,6,2,1)",57,CUT,CUT=48/57;ASSEMBLE+INSPECT=216/513,false
C1A0T3I2F2,1,0,3,2,2,"(1,6,2,2)",57,CUT,CUT=48/57;ASSEMBLE+INSPECT=216/570,false
C1A0T3I2F3,1,0,3,2,3,"(1,6,2,3)",57,CUT,CUT=48/57;ASSEMBLE+INSPECT=216/627,false
C1A0T3I3F0,1,0,3,3,0,"(1,6,3,0)",57,CUT,CUT=48/57;ASSEMBLE=144/342;INSPECT=72/171,false
C1A0T3I3F1,1,0,3,3,1,"(1,6,3,1)",57,CUT,CUT=48/57;ASSEMBLE+INSPECT=216/570,false
C1A0T3I3F2,1,0,3,3,2,"(1,6,3,2)",57,CUT,CUT=48/57;ASSEMBLE+INSPECT=216/627,false
C1A0T3I3F3,1,0,3,3,3,"(1,6,3,3)",57,CUT,CUT=48/57;ASSEMBLE+INSPECT=216/684,false
C1A0T3I4F0,1,0,3,4,0,"(1,6,4,0)",57,CUT,CUT=48/57;ASSEMBLE=144/342;INSPECT=72/228,false
C1A0T3I4F1,1,0,3,4,1,"(1,6,4,1)",57,CUT,CUT=48/57;ASSEMBLE+INSPECT=216/627,false
C1A0T3I4F2,1,0,3,4,2,"(1,6,4,2)",57,CUT,CUT=48/57;ASSEMBLE+INSPECT=216/684,false
C1A0T3I4F3,1,0,3,4,3,"(1,6,4,3)",57,CUT,CUT=48/57;ASSEMBLE+INSPECT=216/741,false
C1A1T0I0F1,1,1,0,0,1,"(1,1,0,1)",113,ASSEMBLE+INSPECT,CUT=48/113;ASSEMBLE+INSPECT=216/226,true
C1A1T0I0F2,1,1,0,0,2,"(1,1,0,2)",81,ASSEMBLE+INSPECT,CUT=48/81;ASSEMBLE+INSPECT=216/243,true
C1A1T0I0F3,1,1,0,0,3,"(1,1,0,3)",61,ASSEMBLE+INSPECT,CUT=48/61;ASSEMBLE+INSPECT=216/244,true
C1A1T0I1F0,1,1,0,1,0,"(1,1,1,0)",149,ASSEMBLE,CUT=48/149;ASSEMBLE=144/149;INSPECT=72/149,false
C1A1T0I1F1,1,1,0,1,1,"(1,1,1,1)",89,ASSEMBLE+INSPECT,CUT=48/89;ASSEMBLE+INSPECT=216/267,true
C1A1T0I1F2,1,1,0,1,2,"(1,1,1,2)",66,ASSEMBLE+INSPECT,CUT=48/66;ASSEMBLE+INSPECT=216/264,true
C1A1T0I1F3,1,1,0,1,3,"(1,1,1,3)",57,CUT,CUT=48/57;ASSEMBLE+INSPECT=216/285,true
C1A1T0I2F0,1,1,0,2,0,"(1,1,2,0)",149,ASSEMBLE,CUT=48/149;ASSEMBLE=144/149;INSPECT=72/298,false
C1A1T0I2F1,1,1,0,2,1,"(1,1,2,1)",79,ASSEMBLE+INSPECT,CUT=48/79;ASSEMBLE+INSPECT=216/316,false
C1A1T0I2F2,1,1,0,2,2,"(1,1,2,2)",57,CUT,CUT=48/57;ASSEMBLE+INSPECT=216/285,false
C1A1T0I2F3,1,1,0,2,3,"(1,1,2,3)",57,CUT,CUT=48/57;ASSEMBLE+INSPECT=216/342,false
C1A1T0I3F0,1,1,0,3,0,"(1,1,3,0)",149,ASSEMBLE,CUT=48/149;ASSEMBLE=144/149;INSPECT=72/447,false
C1A1T0I3F1,1,1,0,3,1,"(1,1,3,1)",79,CUT,CUT=48/79;ASSEMBLE+INSPECT=216/395,false
C1A1T0I3F2,1,1,0,3,2,"(1,1,3,2)",57,CUT,CUT=48/57;ASSEMBLE+INSPECT=216/342,false
C1A1T0I3F3,1,1,0,3,3,"(1,1,3,3)",57,CUT,CUT=48/57;ASSEMBLE+INSPECT=216/399,false
C1A1T0I4F0,1,1,0,4,0,"(1,1,4,0)",149,ASSEMBLE,CUT=48/149;ASSEMBLE=144/149;INSPECT=72/596,false
C1A1T0I4F1,1,1,0,4,1,"(1,1,4,1)",79,CUT,CUT=48/79;ASSEMBLE+INSPECT=216/474,false
C1A1T0I4F2,1,1,0,4,2,"(1,1,4,2)",57,CUT,CUT=48/57;ASSEMBLE+INSPECT=216/399,false
C1A1T0I4F3,1,1,0,4,3,"(1,1,4,3)",57,CUT,CUT=48/57;ASSEMBLE+INSPECT=216/456,false
C1A1T1I0F1,1,1,1,0,1,"(1,3,0,1)",80,ASSEMBLE+INSPECT,CUT=48/80;ASSEMBLE+INSPECT=216/320,false
C1A1T1I0F2,1,1,1,0,2,"(1,3,0,2)",57,CUT,CUT=48/57;ASSEMBLE+INSPECT=216/285,false
C1A1T1I0F3,1,1,1,0,3,"(1,3,0,3)",57,CUT,CUT=48/57;ASSEMBLE+INSPECT=216/342,false
C1A1T1I1F0,1,1,1,1,0,"(1,3,1,0)",80,INSPECT,CUT=48/80;ASSEMBLE=144/240;INSPECT=72/80,false
C1A1T1I1F1,1,1,1,1,1,"(1,3,1,1)",57,CUT,CUT=48/57;ASSEMBLE+INSPECT=216/285,false
C1A1T1I1F2,1,1,1,1,2,"(1,3,1,2)",57,CUT,CUT=48/57;ASSEMBLE+INSPECT=216/342,false
C1A1T1I1F3,1,1,1,1,3,"(1,3,1,3)",57,CUT,CUT=48/57;ASSEMBLE+INSPECT=216/399,false
C1A1T1I2F0,1,1,1,2,0,"(1,3,2,0)",57,CUT|ASSEMBLE,CUT=48/57;ASSEMBLE=144/171;INSPECT=72/114,false
C1A1T1I2F1,1,1,1,2,1,"(1,3,2,1)",57,CUT,CUT=48/57;ASSEMBLE+INSPECT=216/342,false
C1A1T1I2F2,1,1,1,2,2,"(1,3,2,2)",57,CUT,CUT=48/57;ASSEMBLE+INSPECT=216/399,false
C1A1T1I2F3,1,1,1,2,3,"(1,3,2,3)",57,CUT,CUT=48/57;ASSEMBLE+INSPECT=216/456,false
C1A1T1I3F0,1,1,1,3,0,"(1,3,3,0)",57,CUT|ASSEMBLE,CUT=48/57;ASSEMBLE=144/171;INSPECT=72/171,false
C1A1T1I3F1,1,1,1,3,1,"(1,3,3,1)",57,CUT,CUT=48/57;ASSEMBLE+INSPECT=216/399,false
C1A1T1I3F2,1,1,1,3,2,"(1,3,3,2)",57,CUT,CUT=48/57;ASSEMBLE+INSPECT=216/456,false
C1A1T1I3F3,1,1,1,3,3,"(1,3,3,3)",57,CUT,CUT=48/57;ASSEMBLE+INSPECT=216/513,false
C1A1T1I4F0,1,1,1,4,0,"(1,3,4,0)",57,CUT|ASSEMBLE,CUT=48/57;ASSEMBLE=144/171;INSPECT=72/228,false
C1A1T1I4F1,1,1,1,4,1,"(1,3,4,1)",57,CUT,CUT=48/57;ASSEMBLE+INSPECT=216/456,false
C1A1T1I4F2,1,1,1,4,2,"(1,3,4,2)",57,CUT,CUT=48/57;ASSEMBLE+INSPECT=216/513,false
C1A1T1I4F3,1,1,1,4,3,"(1,3,4,3)",57,CUT,CUT=48/57;ASSEMBLE+INSPECT=216/570,false
C1A1T2I0F1,1,1,2,0,1,"(1,5,0,1)",80,CUT,CUT=48/80;ASSEMBLE+INSPECT=216/480,false
C1A1T2I0F2,1,1,2,0,2,"(1,5,0,2)",57,CUT,CUT=48/57;ASSEMBLE+INSPECT=216/399,false
C1A1T2I0F3,1,1,2,0,3,"(1,5,0,3)",57,CUT,CUT=48/57;ASSEMBLE+INSPECT=216/456,false
C1A1T2I1F0,1,1,2,1,0,"(1,5,1,0)",80,INSPECT,CUT=48/80;ASSEMBLE=144/400;INSPECT=72/80,false
C1A1T2I1F1,1,1,2,1,1,"(1,5,1,1)",57,CUT,CUT=48/57;ASSEMBLE+INSPECT=216/399,false
C1A1T2I1F2,1,1,2,1,2,"(1,5,1,2)",57,CUT,CUT=48/57;ASSEMBLE+INSPECT=216/456,false
C1A1T2I1F3,1,1,2,1,3,"(1,5,1,3)",57,CUT,CUT=48/57;ASSEMBLE+INSPECT=216/513,false
C1A1T2I2F0,1,1,2,2,0,"(1,5,2,0)",57,CUT,CUT=48/57;ASSEMBLE=144/285;INSPECT=72/114,false
C1A1T2I2F1,1,1,2,2,1,"(1,5,2,1)",57,CUT,CUT=48/57;ASSEMBLE+INSPECT=216/456,false
C1A1T2I2F2,1,1,2,2,2,"(1,5,2,2)",57,CUT,CUT=48/57;ASSEMBLE+INSPECT=216/513,false
C1A1T2I2F3,1,1,2,2,3,"(1,5,2,3)",57,CUT,CUT=48/57;ASSEMBLE+INSPECT=216/570,false
C1A1T2I3F0,1,1,2,3,0,"(1,5,3,0)",57,CUT,CUT=48/57;ASSEMBLE=144/285;INSPECT=72/171,false
C1A1T2I3F1,1,1,2,3,1,"(1,5,3,1)",57,CUT,CUT=48/57;ASSEMBLE+INSPECT=216/513,false
C1A1T2I3F2,1,1,2,3,2,"(1,5,3,2)",57,CUT,CUT=48/57;ASSEMBLE+INSPECT=216/570,false
C1A1T2I3F3,1,1,2,3,3,"(1,5,3,3)",57,CUT,CUT=48/57;ASSEMBLE+INSPECT=216/627,false
C1A1T2I4F0,1,1,2,4,0,"(1,5,4,0)",57,CUT,CUT=48/57;ASSEMBLE=144/285;INSPECT=72/228,false
C1A1T2I4F1,1,1,2,4,1,"(1,5,4,1)",57,CUT,CUT=48/57;ASSEMBLE+INSPECT=216/570,false
C1A1T2I4F2,1,1,2,4,2,"(1,5,4,2)",57,CUT,CUT=48/57;ASSEMBLE+INSPECT=216/627,false
C1A1T2I4F3,1,1,2,4,3,"(1,5,4,3)",57,CUT,CUT=48/57;ASSEMBLE+INSPECT=216/684,false
C1A1T3I0F1,1,1,3,0,1,"(1,7,0,1)",80,CUT,CUT=48/80;ASSEMBLE+INSPECT=216/640,false
C1A1T3I0F2,1,1,3,0,2,"(1,7,0,2)",57,CUT,CUT=48/57;ASSEMBLE+INSPECT=216/513,false
C1A1T3I0F3,1,1,3,0,3,"(1,7,0,3)",57,CUT,CUT=48/57;ASSEMBLE+INSPECT=216/570,false
C1A1T3I1F0,1,1,3,1,0,"(1,7,1,0)",80,INSPECT,CUT=48/80;ASSEMBLE=144/560;INSPECT=72/80,false
C1A1T3I1F1,1,1,3,1,1,"(1,7,1,1)",57,CUT,CUT=48/57;ASSEMBLE+INSPECT=216/513,false
C1A1T3I1F2,1,1,3,1,2,"(1,7,1,2)",57,CUT,CUT=48/57;ASSEMBLE+INSPECT=216/570,false
C1A1T3I1F3,1,1,3,1,3,"(1,7,1,3)",57,CUT,CUT=48/57;ASSEMBLE+INSPECT=216/627,false
C1A1T3I2F0,1,1,3,2,0,"(1,7,2,0)",57,CUT,CUT=48/57;ASSEMBLE=144/399;INSPECT=72/114,false
C1A1T3I2F1,1,1,3,2,1,"(1,7,2,1)",57,CUT,CUT=48/57;ASSEMBLE+INSPECT=216/570,false
C1A1T3I2F2,1,1,3,2,2,"(1,7,2,2)",57,CUT,CUT=48/57;ASSEMBLE+INSPECT=216/627,false
C1A1T3I2F3,1,1,3,2,3,"(1,7,2,3)",57,CUT,CUT=48/57;ASSEMBLE+INSPECT=216/684,false
C1A1T3I3F0,1,1,3,3,0,"(1,7,3,0)",57,CUT,CUT=48/57;ASSEMBLE=144/399;INSPECT=72/171,false
C1A1T3I3F1,1,1,3,3,1,"(1,7,3,1)",57,CUT,CUT=48/57;ASSEMBLE+INSPECT=216/627,false
C1A1T3I3F2,1,1,3,3,2,"(1,7,3,2)",57,CUT,CUT=48/57;ASSEMBLE+INSPECT=216/684,false
C1A1T3I3F3,1,1,3,3,3,"(1,7,3,3)",57,CUT,CUT=48/57;ASSEMBLE+INSPECT=216/741,false
C1A1T3I4F0,1,1,3,4,0,"(1,7,4,0)",57,CUT,CUT=48/57;ASSEMBLE=144/399;INSPECT=72/228,false
C1A1T3I4F1,1,1,3,4,1,"(1,7,4,1)",57,CUT,CUT=48/57;ASSEMBLE+INSPECT=216/684,false
C1A1T3I4F2,1,1,3,4,2,"(1,7,4,2)",57,CUT,CUT=48/57;ASSEMBLE+INSPECT=216/741,false
C1A1T3I4F3,1,1,3,4,3,"(1,7,4,3)",57,CUT,CUT=48/57;ASSEMBLE+INSPECT=216/798,false
C1A2T0I0F1,1,2,0,0,1,"(1,2,0,1)",84,ASSEMBLE+INSPECT,CUT=48/84;ASSEMBLE+INSPECT=216/252,true
C1A2T0I0F2,1,2,0,0,2,"(1,2,0,2)",62,ASSEMBLE+INSPECT,CUT=48/62;ASSEMBLE+INSPECT=216/248,true
C1A2T0I0F3,1,2,0,0,3,"(1,2,0,3)",57,CUT,CUT=48/57;ASSEMBLE+INSPECT=216/285,true
C1A2T0I1F0,1,2,0,1,0,"(1,2,1,0)",80,ASSEMBLE|INSPECT,CUT=48/80;ASSEMBLE=144/160;INSPECT=72/80,false
C1A2T0I1F1,1,2,0,1,1,"(1,2,1,1)",62,ASSEMBLE+INSPECT,CUT=48/62;ASSEMBLE+INSPECT=216/248,true
C1A2T0I1F2,1,2,0,1,2,"(1,2,1,2)",57,CUT,CUT=48/57;ASSEMBLE+INSPECT=216/285,true
C1A2T0I1F3,1,2,0,1,3,"(1,2,1,3)",57,CUT,CUT=48/57;ASSEMBLE+INSPECT=216/342,true
C1A2T0I2F0,1,2,0,2,0,"(1,2,2,0)",79,ASSEMBLE,CUT=48/79;ASSEMBLE=144/158;INSPECT=72/158,false
C1A2T0I2F1,1,2,0,2,1,"(1,2,2,1)",57,CUT,CUT=48/57;ASSEMBLE+INSPECT=216/285,false
C1A2T0I2F2,1,2,0,2,2,"(1,2,2,2)",57,CUT,CUT=48/57;ASSEMBLE+INSPECT=216/342,false
C1A2T0I2F3,1,2,0,2,3,"(1,2,2,3)",57,CUT,CUT=48/57;ASSEMBLE+INSPECT=216/399,false
C1A2T0I3F0,1,2,0,3,0,"(1,2,3,0)",79,ASSEMBLE,CUT=48/79;ASSEMBLE=144/158;INSPECT=72/237,false
C1A2T0I3F1,1,2,0,3,1,"(1,2,3,1)",57,CUT,CUT=48/57;ASSEMBLE+INSPECT=216/342,false
C1A2T0I3F2,1,2,0,3,2,"(1,2,3,2)",57,CUT,CUT=48/57;ASSEMBLE+INSPECT=216/399,false
C1A2T0I3F3,1,2,0,3,3,"(1,2,3,3)",57,CUT,CUT=48/57;ASSEMBLE+INSPECT=216/456,false
C1A2T0I4F0,1,2,0,4,0,"(1,2,4,0)",79,ASSEMBLE,CUT=48/79;ASSEMBLE=144/158;INSPECT=72/316,false
C1A2T0I4F1,1,2,0,4,1,"(1,2,4,1)",57,CUT,CUT=48/57;ASSEMBLE+INSPECT=216/399,false
C1A2T0I4F2,1,2,0,4,2,"(1,2,4,2)",57,CUT,CUT=48/57;ASSEMBLE+INSPECT=216/456,false
C1A2T0I4F3,1,2,0,4,3,"(1,2,4,3)",57,CUT,CUT=48/57;ASSEMBLE+INSPECT=216/513,false
C1A2T1I0F1,1,2,1,0,1,"(1,4,0,1)",80,CUT,CUT=48/80;ASSEMBLE+INSPECT=216/400,false
C1A2T1I0F2,1,2,1,0,2,"(1,4,0,2)",57,CUT,CUT=48/57;ASSEMBLE+INSPECT=216/342,false
C1A2T1I0F3,1,2,1,0,3,"(1,4,0,3)",57,CUT,CUT=48/57;ASSEMBLE+INSPECT=216/399,false
C1A2T1I1F0,1,2,1,1,0,"(1,4,1,0)",80,INSPECT,CUT=48/80;ASSEMBLE=144/320;INSPECT=72/80,false
C1A2T1I1F1,1,2,1,1,1,"(1,4,1,1)",57,CUT,CUT=48/57;ASSEMBLE+INSPECT=216/342,false
C1A2T1I1F2,1,2,1,1,2,"(1,4,1,2)",57,CUT,CUT=48/57;ASSEMBLE+INSPECT=216/399,false
C1A2T1I1F3,1,2,1,1,3,"(1,4,1,3)",57,CUT,CUT=48/57;ASSEMBLE+INSPECT=216/456,false
C1A2T1I2F0,1,2,1,2,0,"(1,4,2,0)",57,CUT,CUT=48/57;ASSEMBLE=144/228;INSPECT=72/114,false
C1A2T1I2F1,1,2,1,2,1,"(1,4,2,1)",57,CUT,CUT=48/57;ASSEMBLE+INSPECT=216/399,false
C1A2T1I2F2,1,2,1,2,2,"(1,4,2,2)",57,CUT,CUT=48/57;ASSEMBLE+INSPECT=216/456,false
C1A2T1I2F3,1,2,1,2,3,"(1,4,2,3)",57,CUT,CUT=48/57;ASSEMBLE+INSPECT=216/513,false
C1A2T1I3F0,1,2,1,3,0,"(1,4,3,0)",57,CUT,CUT=48/57;ASSEMBLE=144/228;INSPECT=72/171,false
C1A2T1I3F1,1,2,1,3,1,"(1,4,3,1)",57,CUT,CUT=48/57;ASSEMBLE+INSPECT=216/456,false
C1A2T1I3F2,1,2,1,3,2,"(1,4,3,2)",57,CUT,CUT=48/57;ASSEMBLE+INSPECT=216/513,false
C1A2T1I3F3,1,2,1,3,3,"(1,4,3,3)",57,CUT,CUT=48/57;ASSEMBLE+INSPECT=216/570,false
C1A2T1I4F0,1,2,1,4,0,"(1,4,4,0)",57,CUT,CUT=48/57;ASSEMBLE=144/228;INSPECT=72/228,false
C1A2T1I4F1,1,2,1,4,1,"(1,4,4,1)",57,CUT,CUT=48/57;ASSEMBLE+INSPECT=216/513,false
C1A2T1I4F2,1,2,1,4,2,"(1,4,4,2)",57,CUT,CUT=48/57;ASSEMBLE+INSPECT=216/570,false
C1A2T1I4F3,1,2,1,4,3,"(1,4,4,3)",57,CUT,CUT=48/57;ASSEMBLE+INSPECT=216/627,false
C1A2T2I0F1,1,2,2,0,1,"(1,6,0,1)",80,CUT,CUT=48/80;ASSEMBLE+INSPECT=216/560,false
C1A2T2I0F2,1,2,2,0,2,"(1,6,0,2)",57,CUT,CUT=48/57;ASSEMBLE+INSPECT=216/456,false
C1A2T2I0F3,1,2,2,0,3,"(1,6,0,3)",57,CUT,CUT=48/57;ASSEMBLE+INSPECT=216/513,false
C1A2T2I1F0,1,2,2,1,0,"(1,6,1,0)",80,INSPECT,CUT=48/80;ASSEMBLE=144/480;INSPECT=72/80,false
C1A2T2I1F1,1,2,2,1,1,"(1,6,1,1)",57,CUT,CUT=48/57;ASSEMBLE+INSPECT=216/456,false
C1A2T2I1F2,1,2,2,1,2,"(1,6,1,2)",57,CUT,CUT=48/57;ASSEMBLE+INSPECT=216/513,false
C1A2T2I1F3,1,2,2,1,3,"(1,6,1,3)",57,CUT,CUT=48/57;ASSEMBLE+INSPECT=216/570,false
C1A2T2I2F0,1,2,2,2,0,"(1,6,2,0)",57,CUT,CUT=48/57;ASSEMBLE=144/342;INSPECT=72/114,false
C1A2T2I2F1,1,2,2,2,1,"(1,6,2,1)",57,CUT,CUT=48/57;ASSEMBLE+INSPECT=216/513,false
C1A2T2I2F2,1,2,2,2,2,"(1,6,2,2)",57,CUT,CUT=48/57;ASSEMBLE+INSPECT=216/570,false
C1A2T2I2F3,1,2,2,2,3,"(1,6,2,3)",57,CUT,CUT=48/57;ASSEMBLE+INSPECT=216/627,false
C1A2T2I3F0,1,2,2,3,0,"(1,6,3,0)",57,CUT,CUT=48/57;ASSEMBLE=144/342;INSPECT=72/171,false
C1A2T2I3F1,1,2,2,3,1,"(1,6,3,1)",57,CUT,CUT=48/57;ASSEMBLE+INSPECT=216/570,false
C1A2T2I3F2,1,2,2,3,2,"(1,6,3,2)",57,CUT,CUT=48/57;ASSEMBLE+INSPECT=216/627,false
C1A2T2I3F3,1,2,2,3,3,"(1,6,3,3)",57,CUT,CUT=48/57;ASSEMBLE+INSPECT=216/684,false
C1A2T2I4F0,1,2,2,4,0,"(1,6,4,0)",57,CUT,CUT=48/57;ASSEMBLE=144/342;INSPECT=72/228,false
C1A2T2I4F1,1,2,2,4,1,"(1,6,4,1)",57,CUT,CUT=48/57;ASSEMBLE+INSPECT=216/627,false
C1A2T2I4F2,1,2,2,4,2,"(1,6,4,2)",57,CUT,CUT=48/57;ASSEMBLE+INSPECT=216/684,false
C1A2T2I4F3,1,2,2,4,3,"(1,6,4,3)",57,CUT,CUT=48/57;ASSEMBLE+INSPECT=216/741,false
C1A2T3I0F1,1,2,3,0,1,"(1,8,0,1)",80,CUT,CUT=48/80;ASSEMBLE+INSPECT=216/720,false
C1A2T3I0F2,1,2,3,0,2,"(1,8,0,2)",57,CUT,CUT=48/57;ASSEMBLE+INSPECT=216/570,false
C1A2T3I0F3,1,2,3,0,3,"(1,8,0,3)",57,CUT,CUT=48/57;ASSEMBLE+INSPECT=216/627,false
C1A2T3I1F0,1,2,3,1,0,"(1,8,1,0)",80,INSPECT,CUT=48/80;ASSEMBLE=144/640;INSPECT=72/80,false
C1A2T3I1F1,1,2,3,1,1,"(1,8,1,1)",57,CUT,CUT=48/57;ASSEMBLE+INSPECT=216/570,false
C1A2T3I1F2,1,2,3,1,2,"(1,8,1,2)",57,CUT,CUT=48/57;ASSEMBLE+INSPECT=216/627,false
C1A2T3I1F3,1,2,3,1,3,"(1,8,1,3)",57,CUT,CUT=48/57;ASSEMBLE+INSPECT=216/684,false
C1A2T3I2F0,1,2,3,2,0,"(1,8,2,0)",57,CUT,CUT=48/57;ASSEMBLE=144/456;INSPECT=72/114,false
C1A2T3I2F1,1,2,3,2,1,"(1,8,2,1)",57,CUT,CUT=48/57;ASSEMBLE+INSPECT=216/627,false
C1A2T3I2F2,1,2,3,2,2,"(1,8,2,2)",57,CUT,CUT=48/57;ASSEMBLE+INSPECT=216/684,false
C1A2T3I2F3,1,2,3,2,3,"(1,8,2,3)",57,CUT,CUT=48/57;ASSEMBLE+INSPECT=216/741,false
C1A2T3I3F0,1,2,3,3,0,"(1,8,3,0)",57,CUT,CUT=48/57;ASSEMBLE=144/456;INSPECT=72/171,false
C1A2T3I3F1,1,2,3,3,1,"(1,8,3,1)",57,CUT,CUT=48/57;ASSEMBLE+INSPECT=216/684,false
C1A2T3I3F2,1,2,3,3,2,"(1,8,3,2)",57,CUT,CUT=48/57;ASSEMBLE+INSPECT=216/741,false
C1A2T3I3F3,1,2,3,3,3,"(1,8,3,3)",57,CUT,CUT=48/57;ASSEMBLE+INSPECT=216/798,false
C1A2T3I4F0,1,2,3,4,0,"(1,8,4,0)",57,CUT,CUT=48/57;ASSEMBLE=144/456;INSPECT=72/228,false
C1A2T3I4F1,1,2,3,4,1,"(1,8,4,1)",57,CUT,CUT=48/57;ASSEMBLE+INSPECT=216/741,false
C1A2T3I4F2,1,2,3,4,2,"(1,8,4,2)",57,CUT,CUT=48/57;ASSEMBLE+INSPECT=216/798,false
C1A2T3I4F3,1,2,3,4,3,"(1,8,4,3)",57,CUT,CUT=48/57;ASSEMBLE+INSPECT=216/855,false
C1A3T0I0F1,1,3,0,0,1,"(1,3,0,1)",80,ASSEMBLE+INSPECT,CUT=48/80;ASSEMBLE+INSPECT=216/320,false
C1A3T0I0F2,1,3,0,0,2,"(1,3,0,2)",57,CUT,CUT=48/57;ASSEMBLE+INSPECT=216/285,false
C1A3T0I0F3,1,3,0,0,3,"(1,3,0,3)",57,CUT,CUT=48/57;ASSEMBLE+INSPECT=216/342,false
C1A3T0I1F0,1,3,0,1,0,"(1,3,1,0)",80,INSPECT,CUT=48/80;ASSEMBLE=144/240;INSPECT=72/80,false
C1A3T0I1F1,1,3,0,1,1,"(1,3,1,1)",57,CUT,CUT=48/57;ASSEMBLE+INSPECT=216/285,false
C1A3T0I1F2,1,3,0,1,2,"(1,3,1,2)",57,CUT,CUT=48/57;ASSEMBLE+INSPECT=216/342,false
C1A3T0I1F3,1,3,0,1,3,"(1,3,1,3)",57,CUT,CUT=48/57;ASSEMBLE+INSPECT=216/399,false
C1A3T0I2F0,1,3,0,2,0,"(1,3,2,0)",57,CUT|ASSEMBLE,CUT=48/57;ASSEMBLE=144/171;INSPECT=72/114,false
C1A3T0I2F1,1,3,0,2,1,"(1,3,2,1)",57,CUT,CUT=48/57;ASSEMBLE+INSPECT=216/342,false
C1A3T0I2F2,1,3,0,2,2,"(1,3,2,2)",57,CUT,CUT=48/57;ASSEMBLE+INSPECT=216/399,false
C1A3T0I2F3,1,3,0,2,3,"(1,3,2,3)",57,CUT,CUT=48/57;ASSEMBLE+INSPECT=216/456,false
C1A3T0I3F0,1,3,0,3,0,"(1,3,3,0)",57,CUT|ASSEMBLE,CUT=48/57;ASSEMBLE=144/171;INSPECT=72/171,false
C1A3T0I3F1,1,3,0,3,1,"(1,3,3,1)",57,CUT,CUT=48/57;ASSEMBLE+INSPECT=216/399,false
C1A3T0I3F2,1,3,0,3,2,"(1,3,3,2)",57,CUT,CUT=48/57;ASSEMBLE+INSPECT=216/456,false
C1A3T0I3F3,1,3,0,3,3,"(1,3,3,3)",57,CUT,CUT=48/57;ASSEMBLE+INSPECT=216/513,false
C1A3T0I4F0,1,3,0,4,0,"(1,3,4,0)",57,CUT|ASSEMBLE,CUT=48/57;ASSEMBLE=144/171;INSPECT=72/228,false
C1A3T0I4F1,1,3,0,4,1,"(1,3,4,1)",57,CUT,CUT=48/57;ASSEMBLE+INSPECT=216/456,false
C1A3T0I4F2,1,3,0,4,2,"(1,3,4,2)",57,CUT,CUT=48/57;ASSEMBLE+INSPECT=216/513,false
C1A3T0I4F3,1,3,0,4,3,"(1,3,4,3)",57,CUT,CUT=48/57;ASSEMBLE+INSPECT=216/570,false
C1A3T1I0F1,1,3,1,0,1,"(1,5,0,1)",80,CUT,CUT=48/80;ASSEMBLE+INSPECT=216/480,false
C1A3T1I0F2,1,3,1,0,2,"(1,5,0,2)",57,CUT,CUT=48/57;ASSEMBLE+INSPECT=216/399,false
C1A3T1I0F3,1,3,1,0,3,"(1,5,0,3)",57,CUT,CUT=48/57;ASSEMBLE+INSPECT=216/456,false
C1A3T1I1F0,1,3,1,1,0,"(1,5,1,0)",80,INSPECT,CUT=48/80;ASSEMBLE=144/400;INSPECT=72/80,false
C1A3T1I1F1,1,3,1,1,1,"(1,5,1,1)",57,CUT,CUT=48/57;ASSEMBLE+INSPECT=216/399,false
C1A3T1I1F2,1,3,1,1,2,"(1,5,1,2)",57,CUT,CUT=48/57;ASSEMBLE+INSPECT=216/456,false
C1A3T1I1F3,1,3,1,1,3,"(1,5,1,3)",57,CUT,CUT=48/57;ASSEMBLE+INSPECT=216/513,false
C1A3T1I2F0,1,3,1,2,0,"(1,5,2,0)",57,CUT,CUT=48/57;ASSEMBLE=144/285;INSPECT=72/114,false
C1A3T1I2F1,1,3,1,2,1,"(1,5,2,1)",57,CUT,CUT=48/57;ASSEMBLE+INSPECT=216/456,false
C1A3T1I2F2,1,3,1,2,2,"(1,5,2,2)",57,CUT,CUT=48/57;ASSEMBLE+INSPECT=216/513,false
C1A3T1I2F3,1,3,1,2,3,"(1,5,2,3)",57,CUT,CUT=48/57;ASSEMBLE+INSPECT=216/570,false
C1A3T1I3F0,1,3,1,3,0,"(1,5,3,0)",57,CUT,CUT=48/57;ASSEMBLE=144/285;INSPECT=72/171,false
C1A3T1I3F1,1,3,1,3,1,"(1,5,3,1)",57,CUT,CUT=48/57;ASSEMBLE+INSPECT=216/513,false
C1A3T1I3F2,1,3,1,3,2,"(1,5,3,2)",57,CUT,CUT=48/57;ASSEMBLE+INSPECT=216/570,false
C1A3T1I3F3,1,3,1,3,3,"(1,5,3,3)",57,CUT,CUT=48/57;ASSEMBLE+INSPECT=216/627,false
C1A3T1I4F0,1,3,1,4,0,"(1,5,4,0)",57,CUT,CUT=48/57;ASSEMBLE=144/285;INSPECT=72/228,false
C1A3T1I4F1,1,3,1,4,1,"(1,5,4,1)",57,CUT,CUT=48/57;ASSEMBLE+INSPECT=216/570,false
C1A3T1I4F2,1,3,1,4,2,"(1,5,4,2)",57,CUT,CUT=48/57;ASSEMBLE+INSPECT=216/627,false
C1A3T1I4F3,1,3,1,4,3,"(1,5,4,3)",57,CUT,CUT=48/57;ASSEMBLE+INSPECT=216/684,false
C1A3T2I0F1,1,3,2,0,1,"(1,7,0,1)",80,CUT,CUT=48/80;ASSEMBLE+INSPECT=216/640,false
C1A3T2I0F2,1,3,2,0,2,"(1,7,0,2)",57,CUT,CUT=48/57;ASSEMBLE+INSPECT=216/513,false
C1A3T2I0F3,1,3,2,0,3,"(1,7,0,3)",57,CUT,CUT=48/57;ASSEMBLE+INSPECT=216/570,false
C1A3T2I1F0,1,3,2,1,0,"(1,7,1,0)",80,INSPECT,CUT=48/80;ASSEMBLE=144/560;INSPECT=72/80,false
C1A3T2I1F1,1,3,2,1,1,"(1,7,1,1)",57,CUT,CUT=48/57;ASSEMBLE+INSPECT=216/513,false
C1A3T2I1F2,1,3,2,1,2,"(1,7,1,2)",57,CUT,CUT=48/57;ASSEMBLE+INSPECT=216/570,false
C1A3T2I1F3,1,3,2,1,3,"(1,7,1,3)",57,CUT,CUT=48/57;ASSEMBLE+INSPECT=216/627,false
C1A3T2I2F0,1,3,2,2,0,"(1,7,2,0)",57,CUT,CUT=48/57;ASSEMBLE=144/399;INSPECT=72/114,false
C1A3T2I2F1,1,3,2,2,1,"(1,7,2,1)",57,CUT,CUT=48/57;ASSEMBLE+INSPECT=216/570,false
C1A3T2I2F2,1,3,2,2,2,"(1,7,2,2)",57,CUT,CUT=48/57;ASSEMBLE+INSPECT=216/627,false
C1A3T2I2F3,1,3,2,2,3,"(1,7,2,3)",57,CUT,CUT=48/57;ASSEMBLE+INSPECT=216/684,false
C1A3T2I3F0,1,3,2,3,0,"(1,7,3,0)",57,CUT,CUT=48/57;ASSEMBLE=144/399;INSPECT=72/171,false
C1A3T2I3F1,1,3,2,3,1,"(1,7,3,1)",57,CUT,CUT=48/57;ASSEMBLE+INSPECT=216/627,false
C1A3T2I3F2,1,3,2,3,2,"(1,7,3,2)",57,CUT,CUT=48/57;ASSEMBLE+INSPECT=216/684,false
C1A3T2I3F3,1,3,2,3,3,"(1,7,3,3)",57,CUT,CUT=48/57;ASSEMBLE+INSPECT=216/741,false
C1A3T2I4F0,1,3,2,4,0,"(1,7,4,0)",57,CUT,CUT=48/57;ASSEMBLE=144/399;INSPECT=72/228,false
C1A3T2I4F1,1,3,2,4,1,"(1,7,4,1)",57,CUT,CUT=48/57;ASSEMBLE+INSPECT=216/684,false
C1A3T2I4F2,1,3,2,4,2,"(1,7,4,2)",57,CUT,CUT=48/57;ASSEMBLE+INSPECT=216/741,false
C1A3T2I4F3,1,3,2,4,3,"(1,7,4,3)",57,CUT,CUT=48/57;ASSEMBLE+INSPECT=216/798,false
C1A3T3I0F1,1,3,3,0,1,"(1,9,0,1)",80,CUT,CUT=48/80;ASSEMBLE+INSPECT=216/800,false
C1A3T3I0F2,1,3,3,0,2,"(1,9,0,2)",57,CUT,CUT=48/57;ASSEMBLE+INSPECT=216/627,false
C1A3T3I0F3,1,3,3,0,3,"(1,9,0,3)",57,CUT,CUT=48/57;ASSEMBLE+INSPECT=216/684,false
C1A3T3I1F0,1,3,3,1,0,"(1,9,1,0)",80,INSPECT,CUT=48/80;ASSEMBLE=144/720;INSPECT=72/80,false
C1A3T3I1F1,1,3,3,1,1,"(1,9,1,1)",57,CUT,CUT=48/57;ASSEMBLE+INSPECT=216/627,false
C1A3T3I1F2,1,3,3,1,2,"(1,9,1,2)",57,CUT,CUT=48/57;ASSEMBLE+INSPECT=216/684,false
C1A3T3I1F3,1,3,3,1,3,"(1,9,1,3)",57,CUT,CUT=48/57;ASSEMBLE+INSPECT=216/741,false
C1A3T3I2F0,1,3,3,2,0,"(1,9,2,0)",57,CUT,CUT=48/57;ASSEMBLE=144/513;INSPECT=72/114,false
C1A3T3I2F1,1,3,3,2,1,"(1,9,2,1)",57,CUT,CUT=48/57;ASSEMBLE+INSPECT=216/684,false
C1A3T3I2F2,1,3,3,2,2,"(1,9,2,2)",57,CUT,CUT=48/57;ASSEMBLE+INSPECT=216/741,false
C1A3T3I2F3,1,3,3,2,3,"(1,9,2,3)",57,CUT,CUT=48/57;ASSEMBLE+INSPECT=216/798,false
C1A3T3I3F0,1,3,3,3,0,"(1,9,3,0)",57,CUT,CUT=48/57;ASSEMBLE=144/513;INSPECT=72/171,false
C1A3T3I3F1,1,3,3,3,1,"(1,9,3,1)",57,CUT,CUT=48/57;ASSEMBLE+INSPECT=216/741,false
C1A3T3I3F2,1,3,3,3,2,"(1,9,3,2)",57,CUT,CUT=48/57;ASSEMBLE+INSPECT=216/798,false
C1A3T3I3F3,1,3,3,3,3,"(1,9,3,3)",57,CUT,CUT=48/57;ASSEMBLE+INSPECT=216/855,false
C1A3T3I4F0,1,3,3,4,0,"(1,9,4,0)",57,CUT,CUT=48/57;ASSEMBLE=144/513;INSPECT=72/228,false
C1A3T3I4F1,1,3,3,4,1,"(1,9,4,1)",57,CUT,CUT=48/57;ASSEMBLE+INSPECT=216/798,false
C1A3T3I4F2,1,3,3,4,2,"(1,9,4,2)",57,CUT,CUT=48/57;ASSEMBLE+INSPECT=216/855,false
C1A3T3I4F3,1,3,3,4,3,"(1,9,4,3)",57,CUT,CUT=48/57;ASSEMBLE+INSPECT=216/912,false
C1A4T0I0F1,1,4,0,0,1,"(1,4,0,1)",80,CUT,CUT=48/80;ASSEMBLE+INSPECT=216/400,false
C1A4T0I0F2,1,4,0,0,2,"(1,4,0,2)",57,CUT,CUT=48/57;ASSEMBLE+INSPECT=216/342,false
C1A4T0I0F3,1,4,0,0,3,"(1,4,0,3)",57,CUT,CUT=48/57;ASSEMBLE+INSPECT=216/399,false
C1A4T0I1F0,1,4,0,1,0,"(1,4,1,0)",80,INSPECT,CUT=48/80;ASSEMBLE=144/320;INSPECT=72/80,false
C1A4T0I1F1,1,4,0,1,1,"(1,4,1,1)",57,CUT,CUT=48/57;ASSEMBLE+INSPECT=216/342,false
C1A4T0I1F2,1,4,0,1,2,"(1,4,1,2)",57,CUT,CUT=48/57;ASSEMBLE+INSPECT=216/399,false
C1A4T0I1F3,1,4,0,1,3,"(1,4,1,3)",57,CUT,CUT=48/57;ASSEMBLE+INSPECT=216/456,false
C1A4T0I2F0,1,4,0,2,0,"(1,4,2,0)",57,CUT,CUT=48/57;ASSEMBLE=144/228;INSPECT=72/114,false
C1A4T0I2F1,1,4,0,2,1,"(1,4,2,1)",57,CUT,CUT=48/57;ASSEMBLE+INSPECT=216/399,false
C1A4T0I2F2,1,4,0,2,2,"(1,4,2,2)",57,CUT,CUT=48/57;ASSEMBLE+INSPECT=216/456,false
C1A4T0I2F3,1,4,0,2,3,"(1,4,2,3)",57,CUT,CUT=48/57;ASSEMBLE+INSPECT=216/513,false
C1A4T0I3F0,1,4,0,3,0,"(1,4,3,0)",57,CUT,CUT=48/57;ASSEMBLE=144/228;INSPECT=72/171,false
C1A4T0I3F1,1,4,0,3,1,"(1,4,3,1)",57,CUT,CUT=48/57;ASSEMBLE+INSPECT=216/456,false
C1A4T0I3F2,1,4,0,3,2,"(1,4,3,2)",57,CUT,CUT=48/57;ASSEMBLE+INSPECT=216/513,false
C1A4T0I3F3,1,4,0,3,3,"(1,4,3,3)",57,CUT,CUT=48/57;ASSEMBLE+INSPECT=216/570,false
C1A4T0I4F0,1,4,0,4,0,"(1,4,4,0)",57,CUT,CUT=48/57;ASSEMBLE=144/228;INSPECT=72/228,false
C1A4T0I4F1,1,4,0,4,1,"(1,4,4,1)",57,CUT,CUT=48/57;ASSEMBLE+INSPECT=216/513,false
C1A4T0I4F2,1,4,0,4,2,"(1,4,4,2)",57,CUT,CUT=48/57;ASSEMBLE+INSPECT=216/570,false
C1A4T0I4F3,1,4,0,4,3,"(1,4,4,3)",57,CUT,CUT=48/57;ASSEMBLE+INSPECT=216/627,false
C1A4T1I0F1,1,4,1,0,1,"(1,6,0,1)",80,CUT,CUT=48/80;ASSEMBLE+INSPECT=216/560,false
C1A4T1I0F2,1,4,1,0,2,"(1,6,0,2)",57,CUT,CUT=48/57;ASSEMBLE+INSPECT=216/456,false
C1A4T1I0F3,1,4,1,0,3,"(1,6,0,3)",57,CUT,CUT=48/57;ASSEMBLE+INSPECT=216/513,false
C1A4T1I1F0,1,4,1,1,0,"(1,6,1,0)",80,INSPECT,CUT=48/80;ASSEMBLE=144/480;INSPECT=72/80,false
C1A4T1I1F1,1,4,1,1,1,"(1,6,1,1)",57,CUT,CUT=48/57;ASSEMBLE+INSPECT=216/456,false
C1A4T1I1F2,1,4,1,1,2,"(1,6,1,2)",57,CUT,CUT=48/57;ASSEMBLE+INSPECT=216/513,false
C1A4T1I1F3,1,4,1,1,3,"(1,6,1,3)",57,CUT,CUT=48/57;ASSEMBLE+INSPECT=216/570,false
C1A4T1I2F0,1,4,1,2,0,"(1,6,2,0)",57,CUT,CUT=48/57;ASSEMBLE=144/342;INSPECT=72/114,false
C1A4T1I2F1,1,4,1,2,1,"(1,6,2,1)",57,CUT,CUT=48/57;ASSEMBLE+INSPECT=216/513,false
C1A4T1I2F2,1,4,1,2,2,"(1,6,2,2)",57,CUT,CUT=48/57;ASSEMBLE+INSPECT=216/570,false
C1A4T1I2F3,1,4,1,2,3,"(1,6,2,3)",57,CUT,CUT=48/57;ASSEMBLE+INSPECT=216/627,false
C1A4T1I3F0,1,4,1,3,0,"(1,6,3,0)",57,CUT,CUT=48/57;ASSEMBLE=144/342;INSPECT=72/171,false
C1A4T1I3F1,1,4,1,3,1,"(1,6,3,1)",57,CUT,CUT=48/57;ASSEMBLE+INSPECT=216/570,false
C1A4T1I3F2,1,4,1,3,2,"(1,6,3,2)",57,CUT,CUT=48/57;ASSEMBLE+INSPECT=216/627,false
C1A4T1I3F3,1,4,1,3,3,"(1,6,3,3)",57,CUT,CUT=48/57;ASSEMBLE+INSPECT=216/684,false
C1A4T1I4F0,1,4,1,4,0,"(1,6,4,0)",57,CUT,CUT=48/57;ASSEMBLE=144/342;INSPECT=72/228,false
C1A4T1I4F1,1,4,1,4,1,"(1,6,4,1)",57,CUT,CUT=48/57;ASSEMBLE+INSPECT=216/627,false
C1A4T1I4F2,1,4,1,4,2,"(1,6,4,2)",57,CUT,CUT=48/57;ASSEMBLE+INSPECT=216/684,false
C1A4T1I4F3,1,4,1,4,3,"(1,6,4,3)",57,CUT,CUT=48/57;ASSEMBLE+INSPECT=216/741,false
C1A4T2I0F1,1,4,2,0,1,"(1,8,0,1)",80,CUT,CUT=48/80;ASSEMBLE+INSPECT=216/720,false
C1A4T2I0F2,1,4,2,0,2,"(1,8,0,2)",57,CUT,CUT=48/57;ASSEMBLE+INSPECT=216/570,false
C1A4T2I0F3,1,4,2,0,3,"(1,8,0,3)",57,CUT,CUT=48/57;ASSEMBLE+INSPECT=216/627,false
C1A4T2I1F0,1,4,2,1,0,"(1,8,1,0)",80,INSPECT,CUT=48/80;ASSEMBLE=144/640;INSPECT=72/80,false
C1A4T2I1F1,1,4,2,1,1,"(1,8,1,1)",57,CUT,CUT=48/57;ASSEMBLE+INSPECT=216/570,false
C1A4T2I1F2,1,4,2,1,2,"(1,8,1,2)",57,CUT,CUT=48/57;ASSEMBLE+INSPECT=216/627,false
C1A4T2I1F3,1,4,2,1,3,"(1,8,1,3)",57,CUT,CUT=48/57;ASSEMBLE+INSPECT=216/684,false
C1A4T2I2F0,1,4,2,2,0,"(1,8,2,0)",57,CUT,CUT=48/57;ASSEMBLE=144/456;INSPECT=72/114,false
C1A4T2I2F1,1,4,2,2,1,"(1,8,2,1)",57,CUT,CUT=48/57;ASSEMBLE+INSPECT=216/627,false
C1A4T2I2F2,1,4,2,2,2,"(1,8,2,2)",57,CUT,CUT=48/57;ASSEMBLE+INSPECT=216/684,false
C1A4T2I2F3,1,4,2,2,3,"(1,8,2,3)",57,CUT,CUT=48/57;ASSEMBLE+INSPECT=216/741,false
C1A4T2I3F0,1,4,2,3,0,"(1,8,3,0)",57,CUT,CUT=48/57;ASSEMBLE=144/456;INSPECT=72/171,false
C1A4T2I3F1,1,4,2,3,1,"(1,8,3,1)",57,CUT,CUT=48/57;ASSEMBLE+INSPECT=216/684,false
C1A4T2I3F2,1,4,2,3,2,"(1,8,3,2)",57,CUT,CUT=48/57;ASSEMBLE+INSPECT=216/741,false
C1A4T2I3F3,1,4,2,3,3,"(1,8,3,3)",57,CUT,CUT=48/57;ASSEMBLE+INSPECT=216/798,false
C1A4T2I4F0,1,4,2,4,0,"(1,8,4,0)",57,CUT,CUT=48/57;ASSEMBLE=144/456;INSPECT=72/228,false
C1A4T2I4F1,1,4,2,4,1,"(1,8,4,1)",57,CUT,CUT=48/57;ASSEMBLE+INSPECT=216/741,false
C1A4T2I4F2,1,4,2,4,2,"(1,8,4,2)",57,CUT,CUT=48/57;ASSEMBLE+INSPECT=216/798,false
C1A4T2I4F3,1,4,2,4,3,"(1,8,4,3)",57,CUT,CUT=48/57;ASSEMBLE+INSPECT=216/855,false
C1A4T3I0F1,1,4,3,0,1,"(1,10,0,1)",80,CUT,CUT=48/80;ASSEMBLE+INSPECT=216/880,false
C1A4T3I0F2,1,4,3,0,2,"(1,10,0,2)",57,CUT,CUT=48/57;ASSEMBLE+INSPECT=216/684,false
C1A4T3I0F3,1,4,3,0,3,"(1,10,0,3)",57,CUT,CUT=48/57;ASSEMBLE+INSPECT=216/741,false
C1A4T3I1F0,1,4,3,1,0,"(1,10,1,0)",80,INSPECT,CUT=48/80;ASSEMBLE=144/800;INSPECT=72/80,false
C1A4T3I1F1,1,4,3,1,1,"(1,10,1,1)",57,CUT,CUT=48/57;ASSEMBLE+INSPECT=216/684,false
C1A4T3I1F2,1,4,3,1,2,"(1,10,1,2)",57,CUT,CUT=48/57;ASSEMBLE+INSPECT=216/741,false
C1A4T3I1F3,1,4,3,1,3,"(1,10,1,3)",57,CUT,CUT=48/57;ASSEMBLE+INSPECT=216/798,false
C1A4T3I2F0,1,4,3,2,0,"(1,10,2,0)",57,CUT,CUT=48/57;ASSEMBLE=144/570;INSPECT=72/114,false
C1A4T3I2F1,1,4,3,2,1,"(1,10,2,1)",57,CUT,CUT=48/57;ASSEMBLE+INSPECT=216/741,false
C1A4T3I2F2,1,4,3,2,2,"(1,10,2,2)",57,CUT,CUT=48/57;ASSEMBLE+INSPECT=216/798,false
C1A4T3I2F3,1,4,3,2,3,"(1,10,2,3)",57,CUT,CUT=48/57;ASSEMBLE+INSPECT=216/855,false
C1A4T3I3F0,1,4,3,3,0,"(1,10,3,0)",57,CUT,CUT=48/57;ASSEMBLE=144/570;INSPECT=72/171,false
C1A4T3I3F1,1,4,3,3,1,"(1,10,3,1)",57,CUT,CUT=48/57;ASSEMBLE+INSPECT=216/798,false
C1A4T3I3F2,1,4,3,3,2,"(1,10,3,2)",57,CUT,CUT=48/57;ASSEMBLE+INSPECT=216/855,false
C1A4T3I3F3,1,4,3,3,3,"(1,10,3,3)",57,CUT,CUT=48/57;ASSEMBLE+INSPECT=216/912,false
C1A4T3I4F0,1,4,3,4,0,"(1,10,4,0)",57,CUT,CUT=48/57;ASSEMBLE=144/570;INSPECT=72/228,false
C1A4T3I4F1,1,4,3,4,1,"(1,10,4,1)",57,CUT,CUT=48/57;ASSEMBLE+INSPECT=216/855,false
C1A4T3I4F2,1,4,3,4,2,"(1,10,4,2)",57,CUT,CUT=48/57;ASSEMBLE+INSPECT=216/912,false
C1A4T3I4F3,1,4,3,4,3,"(1,10,4,3)",57,CUT,CUT=48/57;ASSEMBLE+INSPECT=216/969,false
C1A5T0I0F1,1,5,0,0,1,"(1,5,0,1)",80,CUT,CUT=48/80;ASSEMBLE+INSPECT=216/480,false
C1A5T0I0F2,1,5,0,0,2,"(1,5,0,2)",57,CUT,CUT=48/57;ASSEMBLE+INSPECT=216/399,false
C1A5T0I0F3,1,5,0,0,3,"(1,5,0,3)",57,CUT,CUT=48/57;ASSEMBLE+INSPECT=216/456,false
C1A5T0I1F0,1,5,0,1,0,"(1,5,1,0)",80,INSPECT,CUT=48/80;ASSEMBLE=144/400;INSPECT=72/80,false
C1A5T0I1F1,1,5,0,1,1,"(1,5,1,1)",57,CUT,CUT=48/57;ASSEMBLE+INSPECT=216/399,false
C1A5T0I1F2,1,5,0,1,2,"(1,5,1,2)",57,CUT,CUT=48/57;ASSEMBLE+INSPECT=216/456,false
C1A5T0I1F3,1,5,0,1,3,"(1,5,1,3)",57,CUT,CUT=48/57;ASSEMBLE+INSPECT=216/513,false
C1A5T0I2F0,1,5,0,2,0,"(1,5,2,0)",57,CUT,CUT=48/57;ASSEMBLE=144/285;INSPECT=72/114,false
C1A5T0I2F1,1,5,0,2,1,"(1,5,2,1)",57,CUT,CUT=48/57;ASSEMBLE+INSPECT=216/456,false
C1A5T0I2F2,1,5,0,2,2,"(1,5,2,2)",57,CUT,CUT=48/57;ASSEMBLE+INSPECT=216/513,false
C1A5T0I2F3,1,5,0,2,3,"(1,5,2,3)",57,CUT,CUT=48/57;ASSEMBLE+INSPECT=216/570,false
C1A5T0I3F0,1,5,0,3,0,"(1,5,3,0)",57,CUT,CUT=48/57;ASSEMBLE=144/285;INSPECT=72/171,false
C1A5T0I3F1,1,5,0,3,1,"(1,5,3,1)",57,CUT,CUT=48/57;ASSEMBLE+INSPECT=216/513,false
C1A5T0I3F2,1,5,0,3,2,"(1,5,3,2)",57,CUT,CUT=48/57;ASSEMBLE+INSPECT=216/570,false
C1A5T0I3F3,1,5,0,3,3,"(1,5,3,3)",57,CUT,CUT=48/57;ASSEMBLE+INSPECT=216/627,false
C1A5T0I4F0,1,5,0,4,0,"(1,5,4,0)",57,CUT,CUT=48/57;ASSEMBLE=144/285;INSPECT=72/228,false
C1A5T0I4F1,1,5,0,4,1,"(1,5,4,1)",57,CUT,CUT=48/57;ASSEMBLE+INSPECT=216/570,false
C1A5T0I4F2,1,5,0,4,2,"(1,5,4,2)",57,CUT,CUT=48/57;ASSEMBLE+INSPECT=216/627,false
C1A5T0I4F3,1,5,0,4,3,"(1,5,4,3)",57,CUT,CUT=48/57;ASSEMBLE+INSPECT=216/684,false
C1A5T1I0F1,1,5,1,0,1,"(1,7,0,1)",80,CUT,CUT=48/80;ASSEMBLE+INSPECT=216/640,false
C1A5T1I0F2,1,5,1,0,2,"(1,7,0,2)",57,CUT,CUT=48/57;ASSEMBLE+INSPECT=216/513,false
C1A5T1I0F3,1,5,1,0,3,"(1,7,0,3)",57,CUT,CUT=48/57;ASSEMBLE+INSPECT=216/570,false
C1A5T1I1F0,1,5,1,1,0,"(1,7,1,0)",80,INSPECT,CUT=48/80;ASSEMBLE=144/560;INSPECT=72/80,false
C1A5T1I1F1,1,5,1,1,1,"(1,7,1,1)",57,CUT,CUT=48/57;ASSEMBLE+INSPECT=216/513,false
C1A5T1I1F2,1,5,1,1,2,"(1,7,1,2)",57,CUT,CUT=48/57;ASSEMBLE+INSPECT=216/570,false
C1A5T1I1F3,1,5,1,1,3,"(1,7,1,3)",57,CUT,CUT=48/57;ASSEMBLE+INSPECT=216/627,false
C1A5T1I2F0,1,5,1,2,0,"(1,7,2,0)",57,CUT,CUT=48/57;ASSEMBLE=144/399;INSPECT=72/114,false
C1A5T1I2F1,1,5,1,2,1,"(1,7,2,1)",57,CUT,CUT=48/57;ASSEMBLE+INSPECT=216/570,false
C1A5T1I2F2,1,5,1,2,2,"(1,7,2,2)",57,CUT,CUT=48/57;ASSEMBLE+INSPECT=216/627,false
C1A5T1I2F3,1,5,1,2,3,"(1,7,2,3)",57,CUT,CUT=48/57;ASSEMBLE+INSPECT=216/684,false
C1A5T1I3F0,1,5,1,3,0,"(1,7,3,0)",57,CUT,CUT=48/57;ASSEMBLE=144/399;INSPECT=72/171,false
C1A5T1I3F1,1,5,1,3,1,"(1,7,3,1)",57,CUT,CUT=48/57;ASSEMBLE+INSPECT=216/627,false
C1A5T1I3F2,1,5,1,3,2,"(1,7,3,2)",57,CUT,CUT=48/57;ASSEMBLE+INSPECT=216/684,false
C1A5T1I3F3,1,5,1,3,3,"(1,7,3,3)",57,CUT,CUT=48/57;ASSEMBLE+INSPECT=216/741,false
C1A5T1I4F0,1,5,1,4,0,"(1,7,4,0)",57,CUT,CUT=48/57;ASSEMBLE=144/399;INSPECT=72/228,false
C1A5T1I4F1,1,5,1,4,1,"(1,7,4,1)",57,CUT,CUT=48/57;ASSEMBLE+INSPECT=216/684,false
C1A5T1I4F2,1,5,1,4,2,"(1,7,4,2)",57,CUT,CUT=48/57;ASSEMBLE+INSPECT=216/741,false
C1A5T1I4F3,1,5,1,4,3,"(1,7,4,3)",57,CUT,CUT=48/57;ASSEMBLE+INSPECT=216/798,false
C1A5T2I0F1,1,5,2,0,1,"(1,9,0,1)",80,CUT,CUT=48/80;ASSEMBLE+INSPECT=216/800,false
C1A5T2I0F2,1,5,2,0,2,"(1,9,0,2)",57,CUT,CUT=48/57;ASSEMBLE+INSPECT=216/627,false
C1A5T2I0F3,1,5,2,0,3,"(1,9,0,3)",57,CUT,CUT=48/57;ASSEMBLE+INSPECT=216/684,false
C1A5T2I1F0,1,5,2,1,0,"(1,9,1,0)",80,INSPECT,CUT=48/80;ASSEMBLE=144/720;INSPECT=72/80,false
C1A5T2I1F1,1,5,2,1,1,"(1,9,1,1)",57,CUT,CUT=48/57;ASSEMBLE+INSPECT=216/627,false
C1A5T2I1F2,1,5,2,1,2,"(1,9,1,2)",57,CUT,CUT=48/57;ASSEMBLE+INSPECT=216/684,false
C1A5T2I1F3,1,5,2,1,3,"(1,9,1,3)",57,CUT,CUT=48/57;ASSEMBLE+INSPECT=216/741,false
C1A5T2I2F0,1,5,2,2,0,"(1,9,2,0)",57,CUT,CUT=48/57;ASSEMBLE=144/513;INSPECT=72/114,false
C1A5T2I2F1,1,5,2,2,1,"(1,9,2,1)",57,CUT,CUT=48/57;ASSEMBLE+INSPECT=216/684,false
C1A5T2I2F2,1,5,2,2,2,"(1,9,2,2)",57,CUT,CUT=48/57;ASSEMBLE+INSPECT=216/741,false
C1A5T2I2F3,1,5,2,2,3,"(1,9,2,3)",57,CUT,CUT=48/57;ASSEMBLE+INSPECT=216/798,false
C1A5T2I3F0,1,5,2,3,0,"(1,9,3,0)",57,CUT,CUT=48/57;ASSEMBLE=144/513;INSPECT=72/171,false
C1A5T2I3F1,1,5,2,3,1,"(1,9,3,1)",57,CUT,CUT=48/57;ASSEMBLE+INSPECT=216/741,false
C1A5T2I3F2,1,5,2,3,2,"(1,9,3,2)",57,CUT,CUT=48/57;ASSEMBLE+INSPECT=216/798,false
C1A5T2I3F3,1,5,2,3,3,"(1,9,3,3)",57,CUT,CUT=48/57;ASSEMBLE+INSPECT=216/855,false
C1A5T2I4F0,1,5,2,4,0,"(1,9,4,0)",57,CUT,CUT=48/57;ASSEMBLE=144/513;INSPECT=72/228,false
C1A5T2I4F1,1,5,2,4,1,"(1,9,4,1)",57,CUT,CUT=48/57;ASSEMBLE+INSPECT=216/798,false
C1A5T2I4F2,1,5,2,4,2,"(1,9,4,2)",57,CUT,CUT=48/57;ASSEMBLE+INSPECT=216/855,false
C1A5T2I4F3,1,5,2,4,3,"(1,9,4,3)",57,CUT,CUT=48/57;ASSEMBLE+INSPECT=216/912,false
C1A5T3I0F1,1,5,3,0,1,"(1,11,0,1)",80,CUT,CUT=48/80;ASSEMBLE+INSPECT=216/960,false
C1A5T3I0F2,1,5,3,0,2,"(1,11,0,2)",57,CUT,CUT=48/57;ASSEMBLE+INSPECT=216/741,false
C1A5T3I0F3,1,5,3,0,3,"(1,11,0,3)",57,CUT,CUT=48/57;ASSEMBLE+INSPECT=216/798,false
C1A5T3I1F0,1,5,3,1,0,"(1,11,1,0)",80,INSPECT,CUT=48/80;ASSEMBLE=144/880;INSPECT=72/80,false
C1A5T3I1F1,1,5,3,1,1,"(1,11,1,1)",57,CUT,CUT=48/57;ASSEMBLE+INSPECT=216/741,false
C1A5T3I1F2,1,5,3,1,2,"(1,11,1,2)",57,CUT,CUT=48/57;ASSEMBLE+INSPECT=216/798,false
C1A5T3I1F3,1,5,3,1,3,"(1,11,1,3)",57,CUT,CUT=48/57;ASSEMBLE+INSPECT=216/855,false
C1A5T3I2F0,1,5,3,2,0,"(1,11,2,0)",57,CUT,CUT=48/57;ASSEMBLE=144/627;INSPECT=72/114,false
C1A5T3I2F1,1,5,3,2,1,"(1,11,2,1)",57,CUT,CUT=48/57;ASSEMBLE+INSPECT=216/798,false
C1A5T3I2F2,1,5,3,2,2,"(1,11,2,2)",57,CUT,CUT=48/57;ASSEMBLE+INSPECT=216/855,false
C1A5T3I2F3,1,5,3,2,3,"(1,11,2,3)",57,CUT,CUT=48/57;ASSEMBLE+INSPECT=216/912,false
C1A5T3I3F0,1,5,3,3,0,"(1,11,3,0)",57,CUT,CUT=48/57;ASSEMBLE=144/627;INSPECT=72/171,false
C1A5T3I3F1,1,5,3,3,1,"(1,11,3,1)",57,CUT,CUT=48/57;ASSEMBLE+INSPECT=216/855,false
C1A5T3I3F2,1,5,3,3,2,"(1,11,3,2)",57,CUT,CUT=48/57;ASSEMBLE+INSPECT=216/912,false
C1A5T3I3F3,1,5,3,3,3,"(1,11,3,3)",57,CUT,CUT=48/57;ASSEMBLE+INSPECT=216/969,false
C1A5T3I4F0,1,5,3,4,0,"(1,11,4,0)",57,CUT,CUT=48/57;ASSEMBLE=144/627;INSPECT=72/228,false
C1A5T3I4F1,1,5,3,4,1,"(1,11,4,1)",57,CUT,CUT=48/57;ASSEMBLE+INSPECT=216/912,false
C1A5T3I4F2,1,5,3,4,2,"(1,11,4,2)",57,CUT,CUT=48/57;ASSEMBLE+INSPECT=216/969,false
C1A5T3I4F3,1,5,3,4,3,"(1,11,4,3)",57,CUT,CUT=48/57;ASSEMBLE+INSPECT=216/1026,false
C1A6T0I0F1,1,6,0,0,1,"(1,6,0,1)",80,CUT,CUT=48/80;ASSEMBLE+INSPECT=216/560,false
C1A6T0I0F2,1,6,0,0,2,"(1,6,0,2)",57,CUT,CUT=48/57;ASSEMBLE+INSPECT=216/456,false
C1A6T0I0F3,1,6,0,0,3,"(1,6,0,3)",57,CUT,CUT=48/57;ASSEMBLE+INSPECT=216/513,false
C1A6T0I1F0,1,6,0,1,0,"(1,6,1,0)",80,INSPECT,CUT=48/80;ASSEMBLE=144/480;INSPECT=72/80,false
C1A6T0I1F1,1,6,0,1,1,"(1,6,1,1)",57,CUT,CUT=48/57;ASSEMBLE+INSPECT=216/456,false
C1A6T0I1F2,1,6,0,1,2,"(1,6,1,2)",57,CUT,CUT=48/57;ASSEMBLE+INSPECT=216/513,false
C1A6T0I1F3,1,6,0,1,3,"(1,6,1,3)",57,CUT,CUT=48/57;ASSEMBLE+INSPECT=216/570,false
C1A6T0I2F0,1,6,0,2,0,"(1,6,2,0)",57,CUT,CUT=48/57;ASSEMBLE=144/342;INSPECT=72/114,false
C1A6T0I2F1,1,6,0,2,1,"(1,6,2,1)",57,CUT,CUT=48/57;ASSEMBLE+INSPECT=216/513,false
C1A6T0I2F2,1,6,0,2,2,"(1,6,2,2)",57,CUT,CUT=48/57;ASSEMBLE+INSPECT=216/570,false
C1A6T0I2F3,1,6,0,2,3,"(1,6,2,3)",57,CUT,CUT=48/57;ASSEMBLE+INSPECT=216/627,false
C1A6T0I3F0,1,6,0,3,0,"(1,6,3,0)",57,CUT,CUT=48/57;ASSEMBLE=144/342;INSPECT=72/171,false
C1A6T0I3F1,1,6,0,3,1,"(1,6,3,1)",57,CUT,CUT=48/57;ASSEMBLE+INSPECT=216/570,false
C1A6T0I3F2,1,6,0,3,2,"(1,6,3,2)",57,CUT,CUT=48/57;ASSEMBLE+INSPECT=216/627,false
C1A6T0I3F3,1,6,0,3,3,"(1,6,3,3)",57,CUT,CUT=48/57;ASSEMBLE+INSPECT=216/684,false
C1A6T0I4F0,1,6,0,4,0,"(1,6,4,0)",57,CUT,CUT=48/57;ASSEMBLE=144/342;INSPECT=72/228,false
C1A6T0I4F1,1,6,0,4,1,"(1,6,4,1)",57,CUT,CUT=48/57;ASSEMBLE+INSPECT=216/627,false
C1A6T0I4F2,1,6,0,4,2,"(1,6,4,2)",57,CUT,CUT=48/57;ASSEMBLE+INSPECT=216/684,false
C1A6T0I4F3,1,6,0,4,3,"(1,6,4,3)",57,CUT,CUT=48/57;ASSEMBLE+INSPECT=216/741,false
C1A6T1I0F1,1,6,1,0,1,"(1,8,0,1)",80,CUT,CUT=48/80;ASSEMBLE+INSPECT=216/720,false
C1A6T1I0F2,1,6,1,0,2,"(1,8,0,2)",57,CUT,CUT=48/57;ASSEMBLE+INSPECT=216/570,false
C1A6T1I0F3,1,6,1,0,3,"(1,8,0,3)",57,CUT,CUT=48/57;ASSEMBLE+INSPECT=216/627,false
C1A6T1I1F0,1,6,1,1,0,"(1,8,1,0)",80,INSPECT,CUT=48/80;ASSEMBLE=144/640;INSPECT=72/80,false
C1A6T1I1F1,1,6,1,1,1,"(1,8,1,1)",57,CUT,CUT=48/57;ASSEMBLE+INSPECT=216/570,false
C1A6T1I1F2,1,6,1,1,2,"(1,8,1,2)",57,CUT,CUT=48/57;ASSEMBLE+INSPECT=216/627,false
C1A6T1I1F3,1,6,1,1,3,"(1,8,1,3)",57,CUT,CUT=48/57;ASSEMBLE+INSPECT=216/684,false
C1A6T1I2F0,1,6,1,2,0,"(1,8,2,0)",57,CUT,CUT=48/57;ASSEMBLE=144/456;INSPECT=72/114,false
C1A6T1I2F1,1,6,1,2,1,"(1,8,2,1)",57,CUT,CUT=48/57;ASSEMBLE+INSPECT=216/627,false
C1A6T1I2F2,1,6,1,2,2,"(1,8,2,2)",57,CUT,CUT=48/57;ASSEMBLE+INSPECT=216/684,false
C1A6T1I2F3,1,6,1,2,3,"(1,8,2,3)",57,CUT,CUT=48/57;ASSEMBLE+INSPECT=216/741,false
C1A6T1I3F0,1,6,1,3,0,"(1,8,3,0)",57,CUT,CUT=48/57;ASSEMBLE=144/456;INSPECT=72/171,false
C1A6T1I3F1,1,6,1,3,1,"(1,8,3,1)",57,CUT,CUT=48/57;ASSEMBLE+INSPECT=216/684,false
C1A6T1I3F2,1,6,1,3,2,"(1,8,3,2)",57,CUT,CUT=48/57;ASSEMBLE+INSPECT=216/741,false
C1A6T1I3F3,1,6,1,3,3,"(1,8,3,3)",57,CUT,CUT=48/57;ASSEMBLE+INSPECT=216/798,false
C1A6T1I4F0,1,6,1,4,0,"(1,8,4,0)",57,CUT,CUT=48/57;ASSEMBLE=144/456;INSPECT=72/228,false
C1A6T1I4F1,1,6,1,4,1,"(1,8,4,1)",57,CUT,CUT=48/57;ASSEMBLE+INSPECT=216/741,false
C1A6T1I4F2,1,6,1,4,2,"(1,8,4,2)",57,CUT,CUT=48/57;ASSEMBLE+INSPECT=216/798,false
C1A6T1I4F3,1,6,1,4,3,"(1,8,4,3)",57,CUT,CUT=48/57;ASSEMBLE+INSPECT=216/855,false
C1A6T2I0F1,1,6,2,0,1,"(1,10,0,1)",80,CUT,CUT=48/80;ASSEMBLE+INSPECT=216/880,false
C1A6T2I0F2,1,6,2,0,2,"(1,10,0,2)",57,CUT,CUT=48/57;ASSEMBLE+INSPECT=216/684,false
C1A6T2I0F3,1,6,2,0,3,"(1,10,0,3)",57,CUT,CUT=48/57;ASSEMBLE+INSPECT=216/741,false
C1A6T2I1F0,1,6,2,1,0,"(1,10,1,0)",80,INSPECT,CUT=48/80;ASSEMBLE=144/800;INSPECT=72/80,false
C1A6T2I1F1,1,6,2,1,1,"(1,10,1,1)",57,CUT,CUT=48/57;ASSEMBLE+INSPECT=216/684,false
C1A6T2I1F2,1,6,2,1,2,"(1,10,1,2)",57,CUT,CUT=48/57;ASSEMBLE+INSPECT=216/741,false
C1A6T2I1F3,1,6,2,1,3,"(1,10,1,3)",57,CUT,CUT=48/57;ASSEMBLE+INSPECT=216/798,false
C1A6T2I2F0,1,6,2,2,0,"(1,10,2,0)",57,CUT,CUT=48/57;ASSEMBLE=144/570;INSPECT=72/114,false
C1A6T2I2F1,1,6,2,2,1,"(1,10,2,1)",57,CUT,CUT=48/57;ASSEMBLE+INSPECT=216/741,false
C1A6T2I2F2,1,6,2,2,2,"(1,10,2,2)",57,CUT,CUT=48/57;ASSEMBLE+INSPECT=216/798,false
C1A6T2I2F3,1,6,2,2,3,"(1,10,2,3)",57,CUT,CUT=48/57;ASSEMBLE+INSPECT=216/855,false
C1A6T2I3F0,1,6,2,3,0,"(1,10,3,0)",57,CUT,CUT=48/57;ASSEMBLE=144/570;INSPECT=72/171,false
C1A6T2I3F1,1,6,2,3,1,"(1,10,3,1)",57,CUT,CUT=48/57;ASSEMBLE+INSPECT=216/798,false
C1A6T2I3F2,1,6,2,3,2,"(1,10,3,2)",57,CUT,CUT=48/57;ASSEMBLE+INSPECT=216/855,false
C1A6T2I3F3,1,6,2,3,3,"(1,10,3,3)",57,CUT,CUT=48/57;ASSEMBLE+INSPECT=216/912,false
C1A6T2I4F0,1,6,2,4,0,"(1,10,4,0)",57,CUT,CUT=48/57;ASSEMBLE=144/570;INSPECT=72/228,false
C1A6T2I4F1,1,6,2,4,1,"(1,10,4,1)",57,CUT,CUT=48/57;ASSEMBLE+INSPECT=216/855,false
C1A6T2I4F2,1,6,2,4,2,"(1,10,4,2)",57,CUT,CUT=48/57;ASSEMBLE+INSPECT=216/912,false
C1A6T2I4F3,1,6,2,4,3,"(1,10,4,3)",57,CUT,CUT=48/57;ASSEMBLE+INSPECT=216/969,false
C1A6T3I0F1,1,6,3,0,1,"(1,12,0,1)",80,CUT,CUT=48/80;ASSEMBLE+INSPECT=216/1040,false
C1A6T3I0F2,1,6,3,0,2,"(1,12,0,2)",57,CUT,CUT=48/57;ASSEMBLE+INSPECT=216/798,false
C1A6T3I0F3,1,6,3,0,3,"(1,12,0,3)",57,CUT,CUT=48/57;ASSEMBLE+INSPECT=216/855,false
C1A6T3I1F0,1,6,3,1,0,"(1,12,1,0)",80,INSPECT,CUT=48/80;ASSEMBLE=144/960;INSPECT=72/80,false
C1A6T3I1F1,1,6,3,1,1,"(1,12,1,1)",57,CUT,CUT=48/57;ASSEMBLE+INSPECT=216/798,false
C1A6T3I1F2,1,6,3,1,2,"(1,12,1,2)",57,CUT,CUT=48/57;ASSEMBLE+INSPECT=216/855,false
C1A6T3I1F3,1,6,3,1,3,"(1,12,1,3)",57,CUT,CUT=48/57;ASSEMBLE+INSPECT=216/912,false
C1A6T3I2F0,1,6,3,2,0,"(1,12,2,0)",57,CUT,CUT=48/57;ASSEMBLE=144/684;INSPECT=72/114,false
C1A6T3I2F1,1,6,3,2,1,"(1,12,2,1)",57,CUT,CUT=48/57;ASSEMBLE+INSPECT=216/855,false
C1A6T3I2F2,1,6,3,2,2,"(1,12,2,2)",57,CUT,CUT=48/57;ASSEMBLE+INSPECT=216/912,false
C1A6T3I2F3,1,6,3,2,3,"(1,12,2,3)",57,CUT,CUT=48/57;ASSEMBLE+INSPECT=216/969,false
C1A6T3I3F0,1,6,3,3,0,"(1,12,3,0)",57,CUT,CUT=48/57;ASSEMBLE=144/684;INSPECT=72/171,false
C1A6T3I3F1,1,6,3,3,1,"(1,12,3,1)",57,CUT,CUT=48/57;ASSEMBLE+INSPECT=216/912,false
C1A6T3I3F2,1,6,3,3,2,"(1,12,3,2)",57,CUT,CUT=48/57;ASSEMBLE+INSPECT=216/969,false
C1A6T3I3F3,1,6,3,3,3,"(1,12,3,3)",57,CUT,CUT=48/57;ASSEMBLE+INSPECT=216/1026,false
C1A6T3I4F0,1,6,3,4,0,"(1,12,4,0)",57,CUT,CUT=48/57;ASSEMBLE=144/684;INSPECT=72/228,false
C1A6T3I4F1,1,6,3,4,1,"(1,12,4,1)",57,CUT,CUT=48/57;ASSEMBLE+INSPECT=216/969,false
C1A6T3I4F2,1,6,3,4,2,"(1,12,4,2)",57,CUT,CUT=48/57;ASSEMBLE+INSPECT=216/1026,false
C1A6T3I4F3,1,6,3,4,3,"(1,12,4,3)",57,CUT,CUT=48/57;ASSEMBLE+INSPECT=216/1083,false
C2A0T0I0F1,2,0,0,0,1,"(2,0,0,1)",218,ASSEMBLE+INSPECT,CUT=48/436;ASSEMBLE+INSPECT=216/218,true
C2A0T0I0F2,2,0,0,0,2,"(2,0,0,2)",110,ASSEMBLE+INSPECT,CUT=48/220;ASSEMBLE+INSPECT=216/220,true
C2A0T0I0F3,2,0,0,0,3,"(2,0,0,3)",76,ASSEMBLE+INSPECT,CUT=48/152;ASSEMBLE+INSPECT=216/228,true
C2A0T0I1F1,2,0,0,1,1,"(2,0,1,1)",149,ASSEMBLE+INSPECT,CUT=48/298;ASSEMBLE+INSPECT=216/298,false
C2A0T0I1F2,2,0,0,1,2,"(2,0,1,2)",92,ASSEMBLE+INSPECT,CUT=48/184;ASSEMBLE+INSPECT=216/276,true
C2A0T0I1F3,2,0,0,1,3,"(2,0,1,3)",68,ASSEMBLE+INSPECT,CUT=48/136;ASSEMBLE+INSPECT=216/272,true
C2A0T0I2F1,2,0,0,2,1,"(2,0,2,1)",149,ASSEMBLE+INSPECT,CUT=48/298;ASSEMBLE+INSPECT=216/447,false
C2A0T0I2F2,2,0,0,2,2,"(2,0,2,2)",77,ASSEMBLE+INSPECT,CUT=48/154;ASSEMBLE+INSPECT=216/308,false
C2A0T0I2F3,2,0,0,2,3,"(2,0,2,3)",61,ASSEMBLE+INSPECT,CUT=48/122;ASSEMBLE+INSPECT=216/305,true
C2A0T0I3F1,2,0,0,3,1,"(2,0,3,1)",149,ASSEMBLE+INSPECT,CUT=48/298;ASSEMBLE+INSPECT=216/596,false
C2A0T0I3F2,2,0,0,3,2,"(2,0,3,2)",77,ASSEMBLE+INSPECT,CUT=48/154;ASSEMBLE+INSPECT=216/385,false
C2A0T0I3F3,2,0,0,3,3,"(2,0,3,3)",55,ASSEMBLE+INSPECT,CUT=48/110;ASSEMBLE+INSPECT=216/330,false
C2A0T0I4F1,2,0,0,4,1,"(2,0,4,1)",149,ASSEMBLE+INSPECT,CUT=48/298;ASSEMBLE+INSPECT=216/745,false
C2A0T0I4F2,2,0,0,4,2,"(2,0,4,2)",77,ASSEMBLE+INSPECT,CUT=48/154;ASSEMBLE+INSPECT=216/462,false
C2A0T0I4F3,2,0,0,4,3,"(2,0,4,3)",55,ASSEMBLE+INSPECT,CUT=48/110;ASSEMBLE+INSPECT=216/385,false
C2A0T1I0F1,2,0,1,0,1,"(2,2,0,1)",82,ASSEMBLE+INSPECT,CUT=48/164;ASSEMBLE+INSPECT=216/246,true
C2A0T1I0F2,2,0,1,0,2,"(2,2,0,2)",64,ASSEMBLE+INSPECT,CUT=48/128;ASSEMBLE+INSPECT=216/256,true
C2A0T1I0F3,2,0,1,0,3,"(2,2,0,3)",52,ASSEMBLE+INSPECT,CUT=48/104;ASSEMBLE+INSPECT=216/260,true
C2A0T1I1F0,2,0,1,1,0,"(2,2,1,0)",80,ASSEMBLE|INSPECT,CUT=48/160;ASSEMBLE=144/160;INSPECT=72/80,false
C2A0T1I1F1,2,0,1,1,1,"(2,2,1,1)",61,ASSEMBLE+INSPECT,CUT=48/122;ASSEMBLE+INSPECT=216/244,true
C2A0T1I1F2,2,0,1,1,2,"(2,2,1,2)",50,ASSEMBLE+INSPECT,CUT=48/100;ASSEMBLE+INSPECT=216/250,true
C2A0T1I1F3,2,0,1,1,3,"(2,2,1,3)",43,ASSEMBLE+INSPECT,CUT=48/86;ASSEMBLE+INSPECT=216/258,true
C2A0T1I2F0,2,0,1,2,0,"(2,2,2,0)",77,ASSEMBLE,CUT=48/154;ASSEMBLE=144/154;INSPECT=72/154,false
C2A0T1I2F1,2,0,1,2,1,"(2,2,2,1)",58,ASSEMBLE+INSPECT,CUT=48/116;ASSEMBLE+INSPECT=216/290,true
C2A0T1I2F2,2,0,1,2,2,"(2,2,2,2)",47,ASSEMBLE+INSPECT,CUT=48/94;ASSEMBLE+INSPECT=216/282,true
C2A0T1I2F3,2,0,1,2,3,"(2,2,2,3)",41,ASSEMBLE+INSPECT,CUT=48/82;ASSEMBLE+INSPECT=216/287,true
C2A0T1I3F0,2,0,1,3,0,"(2,2,3,0)",77,ASSEMBLE,CUT=48/154;ASSEMBLE=144/154;INSPECT=72/231,false
C2A0T1I3F1,2,0,1,3,1,"(2,2,3,1)",55,ASSEMBLE+INSPECT,CUT=48/110;ASSEMBLE+INSPECT=216/330,false
C2A0T1I3F2,2,0,1,3,2,"(2,2,3,2)",46,ASSEMBLE+INSPECT,CUT=48/92;ASSEMBLE+INSPECT=216/322,true
C2A0T1I3F3,2,0,1,3,3,"(2,2,3,3)",40,ASSEMBLE+INSPECT,CUT=48/80;ASSEMBLE+INSPECT=216/320,true
C2A0T1I4F0,2,0,1,4,0,"(2,2,4,0)",77,ASSEMBLE,CUT=48/154;ASSEMBLE=144/154;INSPECT=72/308,false
C2A0T1I4F1,2,0,1,4,1,"(2,2,4,1)",55,ASSEMBLE+INSPECT,CUT=48/110;ASSEMBLE+INSPECT=216/385,false
C2A0T1I4F2,2,0,1,4,2,"(2,2,4,2)",43,ASSEMBLE+INSPECT,CUT=48/86;ASSEMBLE+INSPECT=216/344,false
C2A0T1I4F3,2,0,1,4,3,"(2,2,4,3)",37,CUT|ASSEMBLE+INSPECT,CUT=48/74;ASSEMBLE+INSPECT=216/333,false
C2A0T2I0F1,2,0,2,0,1,"(2,4,0,1)",84,ASSEMBLE+INSPECT,CUT=48/168;ASSEMBLE+INSPECT=216/420,true
C2A0T2I0F2,2,0,2,0,2,"(2,4,0,2)",48,ASSEMBLE+INSPECT,CUT=48/96;ASSEMBLE+INSPECT=216/288,true
C2A0T2I0F3,2,0,2,0,3,"(2,4,0,3)",39,ASSEMBLE+INSPECT,CUT=48/78;ASSEMBLE+INSPECT=216/273,true
C2A0T2I1F0,2,0,2,1,0,"(2,4,1,0)",80,INSPECT,CUT=48/160;ASSEMBLE=144/320;INSPECT=72/80,false
C2A0T2I1F1,2,0,2,1,1,"(2,4,1,1)",50,ASSEMBLE+INSPECT,CUT=48/100;ASSEMBLE+INSPECT=216/300,true
C2A0T2I1F2,2,0,2,1,2,"(2,4,1,2)",39,ASSEMBLE+INSPECT,CUT=48/78;ASSEMBLE+INSPECT=216/273,true
C2A0T2I1F3,2,0,2,1,3,"(2,4,1,3)",35,ASSEMBLE+INSPECT,CUT=48/70;ASSEMBLE+INSPECT=216/280,true
C2A0T2I2F0,2,0,2,2,0,"(2,4,2,0)",44,ASSEMBLE|INSPECT,CUT=48/88;ASSEMBLE=144/176;INSPECT=72/88,false
C2A0T2I2F1,2,0,2,2,1,"(2,4,2,1)",41,ASSEMBLE+INSPECT,CUT=48/82;ASSEMBLE+INSPECT=216/287,true
C2A0T2I2F2,2,0,2,2,2,"(2,4,2,2)",35,ASSEMBLE+INSPECT,CUT=48/70;ASSEMBLE+INSPECT=216/280,true
C2A0T2I2F3,2,0,2,2,3,"(2,4,2,3)",35,CUT|ASSEMBLE+INSPECT,CUT=48/70;ASSEMBLE+INSPECT=216/315,true
C2A0T2I3F0,2,0,2,3,0,"(2,4,3,0)",44,ASSEMBLE,CUT=48/88;ASSEMBLE=144/176;INSPECT=72/132,false
C2A0T2I3F1,2,0,2,3,1,"(2,4,3,1)",37,ASSEMBLE+INSPECT,CUT=48/74;ASSEMBLE+INSPECT=216/296,true
C2A0T2I3F2,2,0,2,3,2,"(2,4,3,2)",35,CUT|ASSEMBLE+INSPECT,CUT=48/70;ASSEMBLE+INSPECT=216/315,true
C2A0T2I3F3,2,0,2,3,3,"(2,4,3,3)",33,CUT,CUT=48/66;ASSEMBLE+INSPECT=216/330,true
C2A0T2I4F0,2,0,2,4,0,"(2,4,4,0)",43,ASSEMBLE,CUT=48/86;ASSEMBLE=144/172;INSPECT=72/172,false
C2A0T2I4F1,2,0,2,4,1,"(2,4,4,1)",37,CUT|ASSEMBLE+INSPECT,CUT=48/74;ASSEMBLE+INSPECT=216/333,false
C2A0T2I4F2,2,0,2,4,2,"(2,4,4,2)",33,CUT,CUT=48/66;ASSEMBLE+INSPECT=216/330,false
C2A0T2I4F3,2,0,2,4,3,"(2,4,4,3)",33,CUT,CUT=48/66;ASSEMBLE+INSPECT=216/363,false
C2A0T3I0F1,2,0,3,0,1,"(2,6,0,1)",80,ASSEMBLE+INSPECT,CUT=48/160;ASSEMBLE+INSPECT=216/560,false
C2A0T3I0F2,2,0,3,0,2,"(2,6,0,2)",44,ASSEMBLE+INSPECT,CUT=48/88;ASSEMBLE+INSPECT=216/352,false
C2A0T3I0F3,2,0,3,0,3,"(2,6,0,3)",34,CUT|ASSEMBLE+INSPECT,CUT=48/68;ASSEMBLE+INSPECT=216/306,false
C2A0T3I1F0,2,0,3,1,0,"(2,6,1,0)",80,INSPECT,CUT=48/160;ASSEMBLE=144/480;INSPECT=72/80,false
C2A0T3I1F1,2,0,3,1,1,"(2,6,1,1)",44,ASSEMBLE+INSPECT,CUT=48/88;ASSEMBLE+INSPECT=216/352,false
C2A0T3I1F2,2,0,3,1,2,"(2,6,1,2)",34,CUT|ASSEMBLE+INSPECT,CUT=48/68;ASSEMBLE+INSPECT=216/306,false
C2A0T3I1F3,2,0,3,1,3,"(2,6,1,3)",33,CUT,CUT=48/66;ASSEMBLE+INSPECT=216/330,false
C2A0T3I2F0,2,0,3,2,0,"(2,6,2,0)",44,INSPECT,CUT=48/88;ASSEMBLE=144/264;INSPECT=72/88,false
C2A0T3I2F1,2,0,3,2,1,"(2,6,2,1)",34,CUT|ASSEMBLE+INSPECT,CUT=48/68;ASSEMBLE+INSPECT=216/306,false
C2A0T3I2F2,2,0,3,2,2,"(2,6,2,2)",33,CUT,CUT=48/66;ASSEMBLE+INSPECT=216/330,false
C2A0T3I2F3,2,0,3,2,3,"(2,6,2,3)",33,CUT,CUT=48/66;ASSEMBLE+INSPECT=216/363,false
C2A0T3I3F0,2,0,3,3,0,"(2,6,3,0)",34,CUT|ASSEMBLE|INSPECT,CUT=48/68;ASSEMBLE=144/204;INSPECT=72/102,false
C2A0T3I3F1,2,0,3,3,1,"(2,6,3,1)",33,CUT,CUT=48/66;ASSEMBLE+INSPECT=216/330,false
C2A0T3I3F2,2,0,3,3,2,"(2,6,3,2)",33,CUT,CUT=48/66;ASSEMBLE+INSPECT=216/363,false
C2A0T3I3F3,2,0,3,3,3,"(2,6,3,3)",33,CUT,CUT=48/66;ASSEMBLE+INSPECT=216/396,false
C2A0T3I4F0,2,0,3,4,0,"(2,6,4,0)",33,CUT|ASSEMBLE,CUT=48/66;ASSEMBLE=144/198;INSPECT=72/132,false
C2A0T3I4F1,2,0,3,4,1,"(2,6,4,1)",33,CUT,CUT=48/66;ASSEMBLE+INSPECT=216/363,false
C2A0T3I4F2,2,0,3,4,2,"(2,6,4,2)",33,CUT,CUT=48/66;ASSEMBLE+INSPECT=216/396,false
C2A0T3I4F3,2,0,3,4,3,"(2,6,4,3)",33,CUT,CUT=48/66;ASSEMBLE+INSPECT=216/429,false
C2A1T0I0F1,2,1,0,0,1,"(2,1,0,1)",113,ASSEMBLE+INSPECT,CUT=48/226;ASSEMBLE+INSPECT=216/226,true
C2A1T0I0F2,2,1,0,0,2,"(2,1,0,2)",79,ASSEMBLE+INSPECT,CUT=48/158;ASSEMBLE+INSPECT=216/237,true
C2A1T0I0F3,2,1,0,0,3,"(2,1,0,3)",61,ASSEMBLE+INSPECT,CUT=48/122;ASSEMBLE+INSPECT=216/244,true
C2A1T0I1F0,2,1,0,1,0,"(2,1,1,0)",149,ASSEMBLE,CUT=48/298;ASSEMBLE=144/149;INSPECT=72/149,false
C2A1T0I1F1,2,1,0,1,1,"(2,1,1,1)",92,ASSEMBLE+INSPECT,CUT=48/184;ASSEMBLE+INSPECT=216/276,true
C2A1T0I1F2,2,1,0,1,2,"(2,1,1,2)",65,ASSEMBLE+INSPECT,CUT=48/130;ASSEMBLE+INSPECT=216/260,true
C2A1T0I1F3,2,1,0,1,3,"(2,1,1,3)",55,ASSEMBLE+INSPECT,CUT=48/110;ASSEMBLE+INSPECT=216/275,true
C2A1T0I2F0,2,1,0,2,0,"(2,1,2,0)",149,ASSEMBLE,CUT=48/298;ASSEMBLE=144/149;INSPECT=72/298,false
C2A1T0I2F1,2,1,0,2,1,"(2,1,2,1)",77,ASSEMBLE+INSPECT,CUT=48/154;ASSEMBLE+INSPECT=216/308,false
C2A1T0I2F2,2,1,0,2,2,"(2,1,2,2)",58,ASSEMBLE+INSPECT,CUT=48/116;ASSEMBLE+INSPECT=216/290,true
C2A1T0I2F3,2,1,0,2,3,"(2,1,2,3)",47,ASSEMBLE+INSPECT,CUT=48/94;ASSEMBLE+INSPECT=216/282,true
C2A1T0I3F0,2,1,0,3,0,"(2,1,3,0)",149,ASSEMBLE,CUT=48/298;ASSEMBLE=144/149;INSPECT=72/447,false
C2A1T0I3F1,2,1,0,3,1,"(2,1,3,1)",77,ASSEMBLE+INSPECT,CUT=48/154;ASSEMBLE+INSPECT=216/385,false
C2A1T0I3F2,2,1,0,3,2,"(2,1,3,2)",55,ASSEMBLE+INSPECT,CUT=48/110;ASSEMBLE+INSPECT=216/330,false
C2A1T0I3F3,2,1,0,3,3,"(2,1,3,3)",46,ASSEMBLE+INSPECT,CUT=48/92;ASSEMBLE+INSPECT=216/322,true
C2A1T0I4F0,2,1,0,4,0,"(2,1,4,0)",149,ASSEMBLE,CUT=48/298;ASSEMBLE=144/149;INSPECT=72/596,false
C2A1T0I4F1,2,1,0,4,1,"(2,1,4,1)",77,ASSEMBLE+INSPECT,CUT=48/154;ASSEMBLE+INSPECT=216/462,false
C2A1T0I4F2,2,1,0,4,2,"(2,1,4,2)",55,ASSEMBLE+INSPECT,CUT=48/110;ASSEMBLE+INSPECT=216/385,false
C2A1T0I4F3,2,1,0,4,3,"(2,1,4,3)",43,ASSEMBLE+INSPECT,CUT=48/86;ASSEMBLE+INSPECT=216/344,false
C2A1T1I0F1,2,1,1,0,1,"(2,3,0,1)",82,ASSEMBLE+INSPECT,CUT=48/164;ASSEMBLE+INSPECT=216/328,true
C2A1T1I0F2,2,1,1,0,2,"(2,3,0,2)",60,ASSEMBLE+INSPECT,CUT=48/120;ASSEMBLE+INSPECT=216/300,true
C2A1T1I0F3,2,1,1,0,3,"(2,3,0,3)",45,ASSEMBLE+INSPECT,CUT=48/90;ASSEMBLE+INSPECT=216/270,true
C2A1T1I1F0,2,1,1,1,0,"(2,3,1,0)",80,INSPECT,CUT=48/160;ASSEMBLE=144/240;INSPECT=72/80,false
C2A1T1I1F1,2,1,1,1,1,"(2,3,1,1)",55,ASSEMBLE+INSPECT,CUT=48/110;ASSEMBLE+INSPECT=216/275,true
C2A1T1I1F2,2,1,1,1,2,"(2,3,1,2)",45,ASSEMBLE+INSPECT,CUT=48/90;ASSEMBLE+INSPECT=216/270,true
C2A1T1I1F3,2,1,1,1,3,"(2,3,1,3)",39,ASSEMBLE+INSPECT,CUT=48/78;ASSEMBLE+INSPECT=216/273,true
C2A1T1I2F0,2,1,1,2,0,"(2,3,2,0)",56,ASSEMBLE,CUT=48/112;ASSEMBLE=144/168;INSPECT=72/112,false
C2A1T1I2F1,2,1,1,2,1,"(2,3,2,1)",47,ASSEMBLE+INSPECT,CUT=48/94;ASSEMBLE+INSPECT=216/282,true
C2A1T1I2F2,2,1,1,2,2,"(2,3,2,2)",41,ASSEMBLE+INSPECT,CUT=48/82;ASSEMBLE+INSPECT=216/287,true
C2A1T1I2F3,2,1,1,2,3,"(2,3,2,3)",35,ASSEMBLE+INSPECT,CUT=48/70;ASSEMBLE+INSPECT=216/280,true
C2A1T1I3F0,2,1,1,3,0,"(2,3,3,0)",55,ASSEMBLE,CUT=48/110;ASSEMBLE=144/165;INSPECT=72/165,false
C2A1T1I3F1,2,1,1,3,1,"(2,3,3,1)",46,ASSEMBLE+INSPECT,CUT=48/92;ASSEMBLE+INSPECT=216/322,true
C2A1T1I3F2,2,1,1,3,2,"(2,3,3,2)",39,ASSEMBLE+INSPECT,CUT=48/78;ASSEMBLE+INSPECT=216/312,true
C2A1T1I3F3,2,1,1,3,3,"(2,3,3,3)",35,CUT|ASSEMBLE+INSPECT,CUT=48/70;ASSEMBLE+INSPECT=216/315,true
C2A1T1I4F0,2,1,1,4,0,"(2,3,4,0)",55,ASSEMBLE,CUT=48/110;ASSEMBLE=144/165;INSPECT=72/220,false
C2A1T1I4F1,2,1,1,4,1,"(2,3,4,1)",43,ASSEMBLE+INSPECT,CUT=48/86;ASSEMBLE+INSPECT=216/344,false
C2A1T1I4F2,2,1,1,4,2,"(2,3,4,2)",37,CUT|ASSEMBLE+INSPECT,CUT=48/74;ASSEMBLE+INSPECT=216/333,false
C2A1T1I4F3,2,1,1,4,3,"(2,3,4,3)",33,CUT,CUT=48/66;ASSEMBLE+INSPECT=216/330,false
C2A1T2I0F1,2,1,2,0,1,"(2,5,0,1)",84,ASSEMBLE+INSPECT,CUT=48/168;ASSEMBLE+INSPECT=216/504,true
C2A1T2I0F2,2,1,2,0,2,"(2,5,0,2)",47,ASSEMBLE+INSPECT,CUT=48/94;ASSEMBLE+INSPECT=216/329,true
C2A1T2I0F3,2,1,2,0,3,"(2,5,0,3)",36,ASSEMBLE+INSPECT,CUT=48/72;ASSEMBLE+INSPECT=216/288,true
C2A1T2I1F0,2,1,2,1,0,"(2,5,1,0)",80,INSPECT,CUT=48/160;ASSEMBLE=144/400;INSPECT=72/80,false
C2A1T2I1F1,2,1,2,1,1,"(2,5,1,1)",47,ASSEMBLE+INSPECT,CUT=48/94;ASSEMBLE+INSPECT=216/329,true
C2A1T2I1F2,2,1,2,1,2,"(2,5,1,2)",36,ASSEMBLE+INSPECT,CUT=48/72;ASSEMBLE+INSPECT=216/288,true
C2A1T2I1F3,2,1,2,1,3,"(2,5,1,3)",34,CUT|ASSEMBLE+INSPECT,CUT=48/68;ASSEMBLE+INSPECT=216/306,true
C2A1T2I2F0,2,1,2,2,0,"(2,5,2,0)",44,INSPECT,CUT=48/88;ASSEMBLE=144/220;INSPECT=72/88,false
C2A1T2I2F1,2,1,2,2,1,"(2,5,2,1)",36,ASSEMBLE+INSPECT,CUT=48/72;ASSEMBLE+INSPECT=216/288,true
C2A1T2I2F2,2,1,2,2,2,"(2,5,2,2)",34,CUT|ASSEMBLE+INSPECT,CUT=48/68;ASSEMBLE+INSPECT=216/306,true
C2A1T2I2F3,2,1,2,2,3,"(2,5,2,3)",33,CUT,CUT=48/66;ASSEMBLE+INSPECT=216/330,true
C2A1T2I3F0,2,1,2,3,0,"(2,5,3,0)",38,ASSEMBLE,CUT=48/76;ASSEMBLE=144/190;INSPECT=72/114,false
C2A1T2I3F1,2,1,2,3,1,"(2,5,3,1)",35,CUT|ASSEMBLE+INSPECT,CUT=48/70;ASSEMBLE+INSPECT=216/315,true
C2A1T2I3F2,2,1,2,3,2,"(2,5,3,2)",33,CUT,CUT=48/66;ASSEMBLE+INSPECT=216/330,true
C2A1T2I3F3,2,1,2,3,3,"(2,5,3,3)",33,CUT,CUT=48/66;ASSEMBLE+INSPECT=216/363,true
C2A1T2I4F0,2,1,2,4,0,"(2,5,4,0)",37,ASSEMBLE,CUT=48/74;ASSEMBLE=144/185;INSPECT=72/148,false
C2A1T2I4F1,2,1,2,4,1,"(2,5,4,1)",33,CUT,CUT=48/66;ASSEMBLE+INSPECT=216/330,false
C2A1T2I4F2,2,1,2,4,2,"(2,5,4,2)",33,CUT,CUT=48/66;ASSEMBLE+INSPECT=216/363,false
C2A1T2I4F3,2,1,2,4,3,"(2,5,4,3)",33,CUT,CUT=48/66;ASSEMBLE+INSPECT=216/396,false
C2A1T3I0F1,2,1,3,0,1,"(2,7,0,1)",80,ASSEMBLE+INSPECT,CUT=48/160;ASSEMBLE+INSPECT=216/640,false
C2A1T3I0F2,2,1,3,0,2,"(2,7,0,2)",44,CUT|ASSEMBLE+INSPECT,CUT=48/88;ASSEMBLE+INSPECT=216/396,false
C2A1T3I0F3,2,1,3,0,3,"(2,7,0,3)",34,CUT,CUT=48/68;ASSEMBLE+INSPECT=216/340,false
C2A1T3I1F0,2,1,3,1,0,"(2,7,1,0)",80,INSPECT,CUT=48/160;ASSEMBLE=144/560;INSPECT=72/80,false
C2A1T3I1F1,2,1,3,1,1,"(2,7,1,1)",44,CUT|ASSEMBLE+INSPECT,CUT=48/88;ASSEMBLE+INSPECT=216/396,false
C2A1T3I1F2,2,1,3,1,2,"(2,7,1,2)",34,CUT,CUT=48/68;ASSEMBLE+INSPECT=216/340,false
C2A1T3I1F3,2,1,3,1,3,"(2,7,1,3)",33,CUT,CUT=48/66;ASSEMBLE+INSPECT=216/363,false
C2A1T3I2F0,2,1,3,2,0,"(2,7,2,0)",44,INSPECT,CUT=48/88;ASSEMBLE=144/308;INSPECT=72/88,false
C2A1T3I2F1,2,1,3,2,1,"(2,7,2,1)",34,CUT,CUT=48/68;ASSEMBLE+INSPECT=216/340,false
C2A1T3I2F2,2,1,3,2,2,"(2,7,2,2)",33,CUT,CUT=48/66;ASSEMBLE+INSPECT=216/363,false
C2A1T3I2F3,2,1,3,2,3,"(2,7,2,3)",33,CUT,CUT=48/66;ASSEMBLE+INSPECT=216/396,false
C2A1T3I3F0,2,1,3,3,0,"(2,7,3,0)",34,CUT|INSPECT,CUT=48/68;ASSEMBLE=144/238;INSPECT=72/102,false
C2A1T3I3F1,2,1,3,3,1,"(2,7,3,1)",33,CUT,CUT=48/66;ASSEMBLE+INSPECT=216/363,false
C2A1T3I3F2,2,1,3,3,2,"(2,7,3,2)",33,CUT,CUT=48/66;ASSEMBLE+INSPECT=216/396,false
C2A1T3I3F3,2,1,3,3,3,"(2,7,3,3)",33,CUT,CUT=48/66;ASSEMBLE+INSPECT=216/429,false
C2A1T3I4F0,2,1,3,4,0,"(2,7,4,0)",33,CUT,CUT=48/66;ASSEMBLE=144/231;INSPECT=72/132,false
C2A1T3I4F1,2,1,3,4,1,"(2,7,4,1)",33,CUT,CUT=48/66;ASSEMBLE+INSPECT=216/396,false
C2A1T3I4F2,2,1,3,4,2,"(2,7,4,2)",33,CUT,CUT=48/66;ASSEMBLE+INSPECT=216/429,false
C2A1T3I4F3,2,1,3,4,3,"(2,7,4,3)",33,CUT,CUT=48/66;ASSEMBLE+INSPECT=216/462,false
C2A2T0I0F1,2,2,0,0,1,"(2,2,0,1)",82,ASSEMBLE+INSPECT,CUT=48/164;ASSEMBLE+INSPECT=216/246,true
C2A2T0I0F2,2,2,0,0,2,"(2,2,0,2)",64,ASSEMBLE+INSPECT,CUT=48/128;ASSEMBLE+INSPECT=216/256,true
C2A2T0I0F3,2,2,0,0,3,"(2,2,0,3)",52,ASSEMBLE+INSPECT,CUT=48/104;ASSEMBLE+INSPECT=216/260,true
C2A2T0I1F0,2,2,0,1,0,"(2,2,1,0)",80,ASSEMBLE|INSPECT,CUT=48/160;ASSEMBLE=144/160;INSPECT=72/80,false
C2A2T0I1F1,2,2,0,1,1,"(2,2,1,1)",61,ASSEMBLE+INSPECT,CUT=48/122;ASSEMBLE+INSPECT=216/244,true
C2A2T0I1F2,2,2,0,1,2,"(2,2,1,2)",50,ASSEMBLE+INSPECT,CUT=48/100;ASSEMBLE+INSPECT=216/250,true
C2A2T0I1F3,2,2,0,1,3,"(2,2,1,3)",43,ASSEMBLE+INSPECT,CUT=48/86;ASSEMBLE+INSPECT=216/258,true
C2A2T0I2F0,2,2,0,2,0,"(2,2,2,0)",77,ASSEMBLE,CUT=48/154;ASSEMBLE=144/154;INSPECT=72/154,false
C2A2T0I2F1,2,2,0,2,1,"(2,2,2,1)",58,ASSEMBLE+INSPECT,CUT=48/116;ASSEMBLE+INSPECT=216/290,true
C2A2T0I2F2,2,2,0,2,2,"(2,2,2,2)",47,ASSEMBLE+INSPECT,CUT=48/94;ASSEMBLE+INSPECT=216/282,true
C2A2T0I2F3,2,2,0,2,3,"(2,2,2,3)",41,ASSEMBLE+INSPECT,CUT=48/82;ASSEMBLE+INSPECT=216/287,true
C2A2T0I3F0,2,2,0,3,0,"(2,2,3,0)",77,ASSEMBLE,CUT=48/154;ASSEMBLE=144/154;INSPECT=72/231,false
C2A2T0I3F1,2,2,0,3,1,"(2,2,3,1)",55,ASSEMBLE+INSPECT,CUT=48/110;ASSEMBLE+INSPECT=216/330,false
C2A2T0I3F2,2,2,0,3,2,"(2,2,3,2)",46,ASSEMBLE+INSPECT,CUT=48/92;ASSEMBLE+INSPECT=216/322,true
C2A2T0I3F3,2,2,0,3,3,"(2,2,3,3)",40,ASSEMBLE+INSPECT,CUT=48/80;ASSEMBLE+INSPECT=216/320,true
C2A2T0I4F0,2,2,0,4,0,"(2,2,4,0)",77,ASSEMBLE,CUT=48/154;ASSEMBLE=144/154;INSPECT=72/308,false
C2A2T0I4F1,2,2,0,4,1,"(2,2,4,1)",55,ASSEMBLE+INSPECT,CUT=48/110;ASSEMBLE+INSPECT=216/385,false
C2A2T0I4F2,2,2,0,4,2,"(2,2,4,2)",43,ASSEMBLE+INSPECT,CUT=48/86;ASSEMBLE+INSPECT=216/344,false
C2A2T0I4F3,2,2,0,4,3,"(2,2,4,3)",37,CUT|ASSEMBLE+INSPECT,CUT=48/74;ASSEMBLE+INSPECT=216/333,false
C2A2T1I0F1,2,2,1,0,1,"(2,4,0,1)",84,ASSEMBLE+INSPECT,CUT=48/168;ASSEMBLE+INSPECT=216/420,true
C2A2T1I0F2,2,2,1,0,2,"(2,4,0,2)",48,ASSEMBLE+INSPECT,CUT=48/96;ASSEMBLE+INSPECT=216/288,true
C2A2T1I0F3,2,2,1,0,3,"(2,4,0,3)",39,ASSEMBLE+INSPECT,CUT=48/78;ASSEMBLE+INSPECT=216/273,true
C2A2T1I1F0,2,2,1,1,0,"(2,4,1,0)",80,INSPECT,CUT=48/160;ASSEMBLE=144/320;INSPECT=72/80,false
C2A2T1I1F1,2,2,1,1,1,"(2,4,1,1)",50,ASSEMBLE+INSPECT,CUT=48/100;ASSEMBLE+INSPECT=216/300,true
C2A2T1I1F2,2,2,1,1,2,"(2,4,1,2)",39,ASSEMBLE+INSPECT,CUT=48/78;ASSEMBLE+INSPECT=216/273,true
C2A2T1I1F3,2,2,1,1,3,"(2,4,1,3)",35,ASSEMBLE+INSPECT,CUT=48/70;ASSEMBLE+INSPECT=216/280,true
C2A2T1I2F0,2,2,1,2,0,"(2,4,2,0)",44,ASSEMBLE|INSPECT,CUT=48/88;ASSEMBLE=144/176;INSPECT=72/88,false
C2A2T1I2F1,2,2,1,2,1,"(2,4,2,1)",41,ASSEMBLE+INSPECT,CUT=48/82;ASSEMBLE+INSPECT=216/287,true
C2A2T1I2F2,2,2,1,2,2,"(2,4,2,2)",35,ASSEMBLE+INSPECT,CUT=48/70;ASSEMBLE+INSPECT=216/280,true
C2A2T1I2F3,2,2,1,2,3,"(2,4,2,3)",35,CUT|ASSEMBLE+INSPECT,CUT=48/70;ASSEMBLE+INSPECT=216/315,true
C2A2T1I3F0,2,2,1,3,0,"(2,4,3,0)",44,ASSEMBLE,CUT=48/88;ASSEMBLE=144/176;INSPECT=72/132,false
C2A2T1I3F1,2,2,1,3,1,"(2,4,3,1)",37,ASSEMBLE+INSPECT,CUT=48/74;ASSEMBLE+INSPECT=216/296,true
C2A2T1I3F2,2,2,1,3,2,"(2,4,3,2)",35,CUT|ASSEMBLE+INSPECT,CUT=48/70;ASSEMBLE+INSPECT=216/315,true
C2A2T1I3F3,2,2,1,3,3,"(2,4,3,3)",33,CUT,CUT=48/66;ASSEMBLE+INSPECT=216/330,true
C2A2T1I4F0,2,2,1,4,0,"(2,4,4,0)",43,ASSEMBLE,CUT=48/86;ASSEMBLE=144/172;INSPECT=72/172,false
C2A2T1I4F1,2,2,1,4,1,"(2,4,4,1)",37,CUT|ASSEMBLE+INSPECT,CUT=48/74;ASSEMBLE+INSPECT=216/333,false
C2A2T1I4F2,2,2,1,4,2,"(2,4,4,2)",33,CUT,CUT=48/66;ASSEMBLE+INSPECT=216/330,false
C2A2T1I4F3,2,2,1,4,3,"(2,4,4,3)",33,CUT,CUT=48/66;ASSEMBLE+INSPECT=216/363,false
C2A2T2I0F1,2,2,2,0,1,"(2,6,0,1)",80,ASSEMBLE+INSPECT,CUT=48/160;ASSEMBLE+INSPECT=216/560,false
C2A2T2I0F2,2,2,2,0,2,"(2,6,0,2)",44,ASSEMBLE+INSPECT,CUT=48/88;ASSEMBLE+INSPECT=216/352,false
C2A2T2I0F3,2,2,2,0,3,"(2,6,0,3)",34,CUT|ASSEMBLE+INSPECT,CUT=48/68;ASSEMBLE+INSPECT=216/306,false
C2A2T2I1F0,2,2,2,1,0,"(2,6,1,0)",80,INSPECT,CUT=48/160;ASSEMBLE=144/480;INSPECT=72/80,false
C2A2T2I1F1,2,2,2,1,1,"(2,6,1,1)",44,ASSEMBLE+INSPECT,CUT=48/88;ASSEMBLE+INSPECT=216/352,false
C2A2T2I1F2,2,2,2,1,2,"(2,6,1,2)",34,CUT|ASSEMBLE+INSPECT,CUT=48/68;ASSEMBLE+INSPECT=216/306,false
C2A2T2I1F3,2,2,2,1,3,"(2,6,1,3)",33,CUT,CUT=48/66;ASSEMBLE+INSPECT=216/330,false
C2A2T2I2F0,2,2,2,2,0,"(2,6,2,0)",44,INSPECT,CUT=48/88;ASSEMBLE=144/264;INSPECT=72/88,false
C2A2T2I2F1,2,2,2,2,1,"(2,6,2,1)",34,CUT|ASSEMBLE+INSPECT,CUT=48/68;ASSEMBLE+INSPECT=216/306,false
C2A2T2I2F2,2,2,2,2,2,"(2,6,2,2)",33,CUT,CUT=48/66;ASSEMBLE+INSPECT=216/330,false
C2A2T2I2F3,2,2,2,2,3,"(2,6,2,3)",33,CUT,CUT=48/66;ASSEMBLE+INSPECT=216/363,false
C2A2T2I3F0,2,2,2,3,0,"(2,6,3,0)",34,CUT|ASSEMBLE|INSPECT,CUT=48/68;ASSEMBLE=144/204;INSPECT=72/102,false
C2A2T2I3F1,2,2,2,3,1,"(2,6,3,1)",33,CUT,CUT=48/66;ASSEMBLE+INSPECT=216/330,false
C2A2T2I3F2,2,2,2,3,2,"(2,6,3,2)",33,CUT,CUT=48/66;ASSEMBLE+INSPECT=216/363,false
C2A2T2I3F3,2,2,2,3,3,"(2,6,3,3)",33,CUT,CUT=48/66;ASSEMBLE+INSPECT=216/396,false
C2A2T2I4F0,2,2,2,4,0,"(2,6,4,0)",33,CUT|ASSEMBLE,CUT=48/66;ASSEMBLE=144/198;INSPECT=72/132,false
C2A2T2I4F1,2,2,2,4,1,"(2,6,4,1)",33,CUT,CUT=48/66;ASSEMBLE+INSPECT=216/363,false
C2A2T2I4F2,2,2,2,4,2,"(2,6,4,2)",33,CUT,CUT=48/66;ASSEMBLE+INSPECT=216/396,false
C2A2T2I4F3,2,2,2,4,3,"(2,6,4,3)",33,CUT,CUT=48/66;ASSEMBLE+INSPECT=216/429,false
C2A2T3I0F1,2,2,3,0,1,"(2,8,0,1)",80,CUT|ASSEMBLE+INSPECT,CUT=48/160;ASSEMBLE+INSPECT=216/720,false
C2A2T3I0F2,2,2,3,0,2,"(2,8,0,2)",44,CUT,CUT=48/88;ASSEMBLE+INSPECT=216/440,false
C2A2T3I0F3,2,2,3,0,3,"(2,8,0,3)",34,CUT,CUT=48/68;ASSEMBLE+INSPECT=216/374,false
C2A2T3I1F0,2,2,3,1,0,"(2,8,1,0)",80,INSPECT,CUT=48/160;ASSEMBLE=144/640;INSPECT=72/80,false
C2A2T3I1F1,2,2,3,1,1,"(2,8,1,1)",44,CUT,CUT=48/88;ASSEMBLE+INSPECT=216/440,false
C2A2T3I1F2,2,2,3,1,2,"(2,8,1,2)",34,CUT,CUT=48/68;ASSEMBLE+INSPECT=216/374,false
C2A2T3I1F3,2,2,3,1,3,"(2,8,1,3)",33,CUT,CUT=48/66;ASSEMBLE+INSPECT=216/396,false
C2A2T3I2F0,2,2,3,2,0,"(2,8,2,0)",44,INSPECT,CUT=48/88;ASSEMBLE=144/352;INSPECT=72/88,false
C2A2T3I2F1,2,2,3,2,1,"(2,8,2,1)",34,CUT,CUT=48/68;ASSEMBLE+INSPECT=216/374,false
C2A2T3I2F2,2,2,3,2,2,"(2,8,2,2)",33,CUT,CUT=48/66;ASSEMBLE+INSPECT=216/396,false
C2A2T3I2F3,2,2,3,2,3,"(2,8,2,3)",33,CUT,CUT=48/66;ASSEMBLE+INSPECT=216/429,false
C2A2T3I3F0,2,2,3,3,0,"(2,8,3,0)",34,CUT|INSPECT,CUT=48/68;ASSEMBLE=144/272;INSPECT=72/102,false
C2A2T3I3F1,2,2,3,3,1,"(2,8,3,1)",33,CUT,CUT=48/66;ASSEMBLE+INSPECT=216/396,false
C2A2T3I3F2,2,2,3,3,2,"(2,8,3,2)",33,CUT,CUT=48/66;ASSEMBLE+INSPECT=216/429,false
C2A2T3I3F3,2,2,3,3,3,"(2,8,3,3)",33,CUT,CUT=48/66;ASSEMBLE+INSPECT=216/462,false
C2A2T3I4F0,2,2,3,4,0,"(2,8,4,0)",33,CUT,CUT=48/66;ASSEMBLE=144/264;INSPECT=72/132,false
C2A2T3I4F1,2,2,3,4,1,"(2,8,4,1)",33,CUT,CUT=48/66;ASSEMBLE+INSPECT=216/429,false
C2A2T3I4F2,2,2,3,4,2,"(2,8,4,2)",33,CUT,CUT=48/66;ASSEMBLE+INSPECT=216/462,false
C2A2T3I4F3,2,2,3,4,3,"(2,8,4,3)",33,CUT,CUT=48/66;ASSEMBLE+INSPECT=216/495,false
C2A3T0I0F1,2,3,0,0,1,"(2,3,0,1)",82,ASSEMBLE+INSPECT,CUT=48/164;ASSEMBLE+INSPECT=216/328,true
C2A3T0I0F2,2,3,0,0,2,"(2,3,0,2)",60,ASSEMBLE+INSPECT,CUT=48/120;ASSEMBLE+INSPECT=216/300,true
C2A3T0I0F3,2,3,0,0,3,"(2,3,0,3)",45,ASSEMBLE+INSPECT,CUT=48/90;ASSEMBLE+INSPECT=216/270,true
C2A3T0I1F0,2,3,0,1,0,"(2,3,1,0)",80,INSPECT,CUT=48/160;ASSEMBLE=144/240;INSPECT=72/80,false
C2A3T0I1F1,2,3,0,1,1,"(2,3,1,1)",55,ASSEMBLE+INSPECT,CUT=48/110;ASSEMBLE+INSPECT=216/275,true
C2A3T0I1F2,2,3,0,1,2,"(2,3,1,2)",45,ASSEMBLE+INSPECT,CUT=48/90;ASSEMBLE+INSPECT=216/270,true
C2A3T0I1F3,2,3,0,1,3,"(2,3,1,3)",39,ASSEMBLE+INSPECT,CUT=48/78;ASSEMBLE+INSPECT=216/273,true
C2A3T0I2F0,2,3,0,2,0,"(2,3,2,0)",56,ASSEMBLE,CUT=48/112;ASSEMBLE=144/168;INSPECT=72/112,false
C2A3T0I2F1,2,3,0,2,1,"(2,3,2,1)",47,ASSEMBLE+INSPECT,CUT=48/94;ASSEMBLE+INSPECT=216/282,true
C2A3T0I2F2,2,3,0,2,2,"(2,3,2,2)",41,ASSEMBLE+INSPECT,CUT=48/82;ASSEMBLE+INSPECT=216/287,true
C2A3T0I2F3,2,3,0,2,3,"(2,3,2,3)",35,ASSEMBLE+INSPECT,CUT=48/70;ASSEMBLE+INSPECT=216/280,true
C2A3T0I3F0,2,3,0,3,0,"(2,3,3,0)",55,ASSEMBLE,CUT=48/110;ASSEMBLE=144/165;INSPECT=72/165,false
C2A3T0I3F1,2,3,0,3,1,"(2,3,3,1)",46,ASSEMBLE+INSPECT,CUT=48/92;ASSEMBLE+INSPECT=216/322,true
C2A3T0I3F2,2,3,0,3,2,"(2,3,3,2)",39,ASSEMBLE+INSPECT,CUT=48/78;ASSEMBLE+INSPECT=216/312,true
C2A3T0I3F3,2,3,0,3,3,"(2,3,3,3)",35,CUT|ASSEMBLE+INSPECT,CUT=48/70;ASSEMBLE+INSPECT=216/315,true
C2A3T0I4F0,2,3,0,4,0,"(2,3,4,0)",55,ASSEMBLE,CUT=48/110;ASSEMBLE=144/165;INSPECT=72/220,false
C2A3T0I4F1,2,3,0,4,1,"(2,3,4,1)",43,ASSEMBLE+INSPECT,CUT=48/86;ASSEMBLE+INSPECT=216/344,false
C2A3T0I4F2,2,3,0,4,2,"(2,3,4,2)",37,CUT|ASSEMBLE+INSPECT,CUT=48/74;ASSEMBLE+INSPECT=216/333,false
C2A3T0I4F3,2,3,0,4,3,"(2,3,4,3)",33,CUT,CUT=48/66;ASSEMBLE+INSPECT=216/330,false
C2A3T1I0F1,2,3,1,0,1,"(2,5,0,1)",84,ASSEMBLE+INSPECT,CUT=48/168;ASSEMBLE+INSPECT=216/504,true
C2A3T1I0F2,2,3,1,0,2,"(2,5,0,2)",47,ASSEMBLE+INSPECT,CUT=48/94;ASSEMBLE+INSPECT=216/329,true
C2A3T1I0F3,2,3,1,0,3,"(2,5,0,3)",36,ASSEMBLE+INSPECT,CUT=48/72;ASSEMBLE+INSPECT=216/288,true
C2A3T1I1F0,2,3,1,1,0,"(2,5,1,0)",80,INSPECT,CUT=48/160;ASSEMBLE=144/400;INSPECT=72/80,false
C2A3T1I1F1,2,3,1,1,1,"(2,5,1,1)",47,ASSEMBLE+INSPECT,CUT=48/94;ASSEMBLE+INSPECT=216/329,true
C2A3T1I1F2,2,3,1,1,2,"(2,5,1,2)",36,ASSEMBLE+INSPECT,CUT=48/72;ASSEMBLE+INSPECT=216/288,true
C2A3T1I1F3,2,3,1,1,3,"(2,5,1,3)",34,CUT|ASSEMBLE+INSPECT,CUT=48/68;ASSEMBLE+INSPECT=216/306,true
C2A3T1I2F0,2,3,1,2,0,"(2,5,2,0)",44,INSPECT,CUT=48/88;ASSEMBLE=144/220;INSPECT=72/88,false
C2A3T1I2F1,2,3,1,2,1,"(2,5,2,1)",36,ASSEMBLE+INSPECT,CUT=48/72;ASSEMBLE+INSPECT=216/288,true
C2A3T1I2F2,2,3,1,2,2,"(2,5,2,2)",34,CUT|ASSEMBLE+INSPECT,CUT=48/68;ASSEMBLE+INSPECT=216/306,true
C2A3T1I2F3,2,3,1,2,3,"(2,5,2,3)",33,CUT,CUT=48/66;ASSEMBLE+INSPECT=216/330,true
C2A3T1I3F0,2,3,1,3,0,"(2,5,3,0)",38,ASSEMBLE,CUT=48/76;ASSEMBLE=144/190;INSPECT=72/114,false
C2A3T1I3F1,2,3,1,3,1,"(2,5,3,1)",35,CUT|ASSEMBLE+INSPECT,CUT=48/70;ASSEMBLE+INSPECT=216/315,true
C2A3T1I3F2,2,3,1,3,2,"(2,5,3,2)",33,CUT,CUT=48/66;ASSEMBLE+INSPECT=216/330,true
C2A3T1I3F3,2,3,1,3,3,"(2,5,3,3)",33,CUT,CUT=48/66;ASSEMBLE+INSPECT=216/363,true
C2A3T1I4F0,2,3,1,4,0,"(2,5,4,0)",37,ASSEMBLE,CUT=48/74;ASSEMBLE=144/185;INSPECT=72/148,false
C2A3T1I4F1,2,3,1,4,1,"(2,5,4,1)",33,CUT,CUT=48/66;ASSEMBLE+INSPECT=216/330,false
C2A3T1I4F2,2,3,1,4,2,"(2,5,4,2)",33,CUT,CUT=48/66;ASSEMBLE+INSPECT=216/363,false
C2A3T1I4F3,2,3,1,4,3,"(2,5,4,3)",33,CUT,CUT=48/66;ASSEMBLE+INSPECT=216/396,false
C2A3T2I0F1,2,3,2,0,1,"(2,7,0,1)",80,ASSEMBLE+INSPECT,CUT=48/160;ASSEMBLE+INSPECT=216/640,false
C2A3T2I0F2,2,3,2,0,2,"(2,7,0,2)",44,CUT|ASSEMBLE+INSPECT,CUT=48/88;ASSEMBLE+INSPECT=216/396,false
C2A3T2I0F3,2,3,2,0,3,"(2,7,0,3)",34,CUT,CUT=48/68;ASSEMBLE+INSPECT=216/340,false
C2A3T2I1F0,2,3,2,1,0,"(2,7,1,0)",80,INSPECT,CUT=48/160;ASSEMBLE=144/560;INSPECT=72/80,false
C2A3T2I1F1,2,3,2,1,1,"(2,7,1,1)",44,CUT|ASSEMBLE+INSPECT,CUT=48/88;ASSEMBLE+INSPECT=216/396,false
C2A3T2I1F2,2,3,2,1,2,"(2,7,1,2)",34,CUT,CUT=48/68;ASSEMBLE+INSPECT=216/340,false
C2A3T2I1F3,2,3,2,1,3,"(2,7,1,3)",33,CUT,CUT=48/66;ASSEMBLE+INSPECT=216/363,false
C2A3T2I2F0,2,3,2,2,0,"(2,7,2,0)",44,INSPECT,CUT=48/88;ASSEMBLE=144/308;INSPECT=72/88,false
C2A3T2I2F1,2,3,2,2,1,"(2,7,2,1)",34,CUT,CUT=48/68;ASSEMBLE+INSPECT=216/340,false
C2A3T2I2F2,2,3,2,2,2,"(2,7,2,2)",33,CUT,CUT=48/66;ASSEMBLE+INSPECT=216/363,false
C2A3T2I2F3,2,3,2,2,3,"(2,7,2,3)",33,CUT,CUT=48/66;ASSEMBLE+INSPECT=216/396,false
C2A3T2I3F0,2,3,2,3,0,"(2,7,3,0)",34,CUT|INSPECT,CUT=48/68;ASSEMBLE=144/238;INSPECT=72/102,false
C2A3T2I3F1,2,3,2,3,1,"(2,7,3,1)",33,CUT,CUT=48/66;ASSEMBLE+INSPECT=216/363,false
C2A3T2I3F2,2,3,2,3,2,"(2,7,3,2)",33,CUT,CUT=48/66;ASSEMBLE+INSPECT=216/396,false
C2A3T2I3F3,2,3,2,3,3,"(2,7,3,3)",33,CUT,CUT=48/66;ASSEMBLE+INSPECT=216/429,false
C2A3T2I4F0,2,3,2,4,0,"(2,7,4,0)",33,CUT,CUT=48/66;ASSEMBLE=144/231;INSPECT=72/132,false
C2A3T2I4F1,2,3,2,4,1,"(2,7,4,1)",33,CUT,CUT=48/66;ASSEMBLE+INSPECT=216/396,false
C2A3T2I4F2,2,3,2,4,2,"(2,7,4,2)",33,CUT,CUT=48/66;ASSEMBLE+INSPECT=216/429,false
C2A3T2I4F3,2,3,2,4,3,"(2,7,4,3)",33,CUT,CUT=48/66;ASSEMBLE+INSPECT=216/462,false
C2A3T3I0F1,2,3,3,0,1,"(2,9,0,1)",80,CUT,CUT=48/160;ASSEMBLE+INSPECT=216/800,false
C2A3T3I0F2,2,3,3,0,2,"(2,9,0,2)",44,CUT,CUT=48/88;ASSEMBLE+INSPECT=216/484,false
C2A3T3I0F3,2,3,3,0,3,"(2,9,0,3)",34,CUT,CUT=48/68;ASSEMBLE+INSPECT=216/408,false
C2A3T3I1F0,2,3,3,1,0,"(2,9,1,0)",80,INSPECT,CUT=48/160;ASSEMBLE=144/720;INSPECT=72/80,false
C2A3T3I1F1,2,3,3,1,1,"(2,9,1,1)",44,CUT,CUT=48/88;ASSEMBLE+INSPECT=216/484,false
C2A3T3I1F2,2,3,3,1,2,"(2,9,1,2)",34,CUT,CUT=48/68;ASSEMBLE+INSPECT=216/408,false
C2A3T3I1F3,2,3,3,1,3,"(2,9,1,3)",33,CUT,CUT=48/66;ASSEMBLE+INSPECT=216/429,false
C2A3T3I2F0,2,3,3,2,0,"(2,9,2,0)",44,INSPECT,CUT=48/88;ASSEMBLE=144/396;INSPECT=72/88,false
C2A3T3I2F1,2,3,3,2,1,"(2,9,2,1)",34,CUT,CUT=48/68;ASSEMBLE+INSPECT=216/408,false
C2A3T3I2F2,2,3,3,2,2,"(2,9,2,2)",33,CUT,CUT=48/66;ASSEMBLE+INSPECT=216/429,false
C2A3T3I2F3,2,3,3,2,3,"(2,9,2,3)",33,CUT,CUT=48/66;ASSEMBLE+INSPECT=216/462,false
C2A3T3I3F0,2,3,3,3,0,"(2,9,3,0)",34,CUT|INSPECT,CUT=48/68;ASSEMBLE=144/306;INSPECT=72/102,false
C2A3T3I3F1,2,3,3,3,1,"(2,9,3,1)",33,CUT,CUT=48/66;ASSEMBLE+INSPECT=216/429,false
C2A3T3I3F2,2,3,3,3,2,"(2,9,3,2)",33,CUT,CUT=48/66;ASSEMBLE+INSPECT=216/462,false
C2A3T3I3F3,2,3,3,3,3,"(2,9,3,3)",33,CUT,CUT=48/66;ASSEMBLE+INSPECT=216/495,false
C2A3T3I4F0,2,3,3,4,0,"(2,9,4,0)",33,CUT,CUT=48/66;ASSEMBLE=144/297;INSPECT=72/132,false
C2A3T3I4F1,2,3,3,4,1,"(2,9,4,1)",33,CUT,CUT=48/66;ASSEMBLE+INSPECT=216/462,false
C2A3T3I4F2,2,3,3,4,2,"(2,9,4,2)",33,CUT,CUT=48/66;ASSEMBLE+INSPECT=216/495,false
C2A3T3I4F3,2,3,3,4,3,"(2,9,4,3)",33,CUT,CUT=48/66;ASSEMBLE+INSPECT=216/528,false
C2A4T0I0F1,2,4,0,0,1,"(2,4,0,1)",84,ASSEMBLE+INSPECT,CUT=48/168;ASSEMBLE+INSPECT=216/420,true
C2A4T0I0F2,2,4,0,0,2,"(2,4,0,2)",48,ASSEMBLE+INSPECT,CUT=48/96;ASSEMBLE+INSPECT=216/288,true
C2A4T0I0F3,2,4,0,0,3,"(2,4,0,3)",39,ASSEMBLE+INSPECT,CUT=48/78;ASSEMBLE+INSPECT=216/273,true
C2A4T0I1F0,2,4,0,1,0,"(2,4,1,0)",80,INSPECT,CUT=48/160;ASSEMBLE=144/320;INSPECT=72/80,false
C2A4T0I1F1,2,4,0,1,1,"(2,4,1,1)",50,ASSEMBLE+INSPECT,CUT=48/100;ASSEMBLE+INSPECT=216/300,true
C2A4T0I1F2,2,4,0,1,2,"(2,4,1,2)",39,ASSEMBLE+INSPECT,CUT=48/78;ASSEMBLE+INSPECT=216/273,true
C2A4T0I1F3,2,4,0,1,3,"(2,4,1,3)",35,ASSEMBLE+INSPECT,CUT=48/70;ASSEMBLE+INSPECT=216/280,true
C2A4T0I2F0,2,4,0,2,0,"(2,4,2,0)",44,ASSEMBLE|INSPECT,CUT=48/88;ASSEMBLE=144/176;INSPECT=72/88,false
C2A4T0I2F1,2,4,0,2,1,"(2,4,2,1)",41,ASSEMBLE+INSPECT,CUT=48/82;ASSEMBLE+INSPECT=216/287,true
C2A4T0I2F2,2,4,0,2,2,"(2,4,2,2)",35,ASSEMBLE+INSPECT,CUT=48/70;ASSEMBLE+INSPECT=216/280,true
C2A4T0I2F3,2,4,0,2,3,"(2,4,2,3)",35,CUT|ASSEMBLE+INSPECT,CUT=48/70;ASSEMBLE+INSPECT=216/315,true
C2A4T0I3F0,2,4,0,3,0,"(2,4,3,0)",44,ASSEMBLE,CUT=48/88;ASSEMBLE=144/176;INSPECT=72/132,false
C2A4T0I3F1,2,4,0,3,1,"(2,4,3,1)",37,ASSEMBLE+INSPECT,CUT=48/74;ASSEMBLE+INSPECT=216/296,true
C2A4T0I3F2,2,4,0,3,2,"(2,4,3,2)",35,CUT|ASSEMBLE+INSPECT,CUT=48/70;ASSEMBLE+INSPECT=216/315,true
C2A4T0I3F3,2,4,0,3,3,"(2,4,3,3)",33,CUT,CUT=48/66;ASSEMBLE+INSPECT=216/330,true
C2A4T0I4F0,2,4,0,4,0,"(2,4,4,0)",43,ASSEMBLE,CUT=48/86;ASSEMBLE=144/172;INSPECT=72/172,false
C2A4T0I4F1,2,4,0,4,1,"(2,4,4,1)",37,CUT|ASSEMBLE+INSPECT,CUT=48/74;ASSEMBLE+INSPECT=216/333,false
C2A4T0I4F2,2,4,0,4,2,"(2,4,4,2)",33,CUT,CUT=48/66;ASSEMBLE+INSPECT=216/330,false
C2A4T0I4F3,2,4,0,4,3,"(2,4,4,3)",33,CUT,CUT=48/66;ASSEMBLE+INSPECT=216/363,false
C2A4T1I0F1,2,4,1,0,1,"(2,6,0,1)",80,ASSEMBLE+INSPECT,CUT=48/160;ASSEMBLE+INSPECT=216/560,false
C2A4T1I0F2,2,4,1,0,2,"(2,6,0,2)",44,ASSEMBLE+INSPECT,CUT=48/88;ASSEMBLE+INSPECT=216/352,false
C2A4T1I0F3,2,4,1,0,3,"(2,6,0,3)",34,CUT|ASSEMBLE+INSPECT,CUT=48/68;ASSEMBLE+INSPECT=216/306,false
C2A4T1I1F0,2,4,1,1,0,"(2,6,1,0)",80,INSPECT,CUT=48/160;ASSEMBLE=144/480;INSPECT=72/80,false
C2A4T1I1F1,2,4,1,1,1,"(2,6,1,1)",44,ASSEMBLE+INSPECT,CUT=48/88;ASSEMBLE+INSPECT=216/352,false
C2A4T1I1F2,2,4,1,1,2,"(2,6,1,2)",34,CUT|ASSEMBLE+INSPECT,CUT=48/68;ASSEMBLE+INSPECT=216/306,false
C2A4T1I1F3,2,4,1,1,3,"(2,6,1,3)",33,CUT,CUT=48/66;ASSEMBLE+INSPECT=216/330,false
C2A4T1I2F0,2,4,1,2,0,"(2,6,2,0)",44,INSPECT,CUT=48/88;ASSEMBLE=144/264;INSPECT=72/88,false
C2A4T1I2F1,2,4,1,2,1,"(2,6,2,1)",34,CUT|ASSEMBLE+INSPECT,CUT=48/68;ASSEMBLE+INSPECT=216/306,false
C2A4T1I2F2,2,4,1,2,2,"(2,6,2,2)",33,CUT,CUT=48/66;ASSEMBLE+INSPECT=216/330,false
C2A4T1I2F3,2,4,1,2,3,"(2,6,2,3)",33,CUT,CUT=48/66;ASSEMBLE+INSPECT=216/363,false
C2A4T1I3F0,2,4,1,3,0,"(2,6,3,0)",34,CUT|ASSEMBLE|INSPECT,CUT=48/68;ASSEMBLE=144/204;INSPECT=72/102,false
C2A4T1I3F1,2,4,1,3,1,"(2,6,3,1)",33,CUT,CUT=48/66;ASSEMBLE+INSPECT=216/330,false
C2A4T1I3F2,2,4,1,3,2,"(2,6,3,2)",33,CUT,CUT=48/66;ASSEMBLE+INSPECT=216/363,false
C2A4T1I3F3,2,4,1,3,3,"(2,6,3,3)",33,CUT,CUT=48/66;ASSEMBLE+INSPECT=216/396,false
C2A4T1I4F0,2,4,1,4,0,"(2,6,4,0)",33,CUT|ASSEMBLE,CUT=48/66;ASSEMBLE=144/198;INSPECT=72/132,false
C2A4T1I4F1,2,4,1,4,1,"(2,6,4,1)",33,CUT,CUT=48/66;ASSEMBLE+INSPECT=216/363,false
C2A4T1I4F2,2,4,1,4,2,"(2,6,4,2)",33,CUT,CUT=48/66;ASSEMBLE+INSPECT=216/396,false
C2A4T1I4F3,2,4,1,4,3,"(2,6,4,3)",33,CUT,CUT=48/66;ASSEMBLE+INSPECT=216/429,false
C2A4T2I0F1,2,4,2,0,1,"(2,8,0,1)",80,CUT|ASSEMBLE+INSPECT,CUT=48/160;ASSEMBLE+INSPECT=216/720,false
C2A4T2I0F2,2,4,2,0,2,"(2,8,0,2)",44,CUT,CUT=48/88;ASSEMBLE+INSPECT=216/440,false
C2A4T2I0F3,2,4,2,0,3,"(2,8,0,3)",34,CUT,CUT=48/68;ASSEMBLE+INSPECT=216/374,false
C2A4T2I1F0,2,4,2,1,0,"(2,8,1,0)",80,INSPECT,CUT=48/160;ASSEMBLE=144/640;INSPECT=72/80,false
C2A4T2I1F1,2,4,2,1,1,"(2,8,1,1)",44,CUT,CUT=48/88;ASSEMBLE+INSPECT=216/440,false
C2A4T2I1F2,2,4,2,1,2,"(2,8,1,2)",34,CUT,CUT=48/68;ASSEMBLE+INSPECT=216/374,false
C2A4T2I1F3,2,4,2,1,3,"(2,8,1,3)",33,CUT,CUT=48/66;ASSEMBLE+INSPECT=216/396,false
C2A4T2I2F0,2,4,2,2,0,"(2,8,2,0)",44,INSPECT,CUT=48/88;ASSEMBLE=144/352;INSPECT=72/88,false
C2A4T2I2F1,2,4,2,2,1,"(2,8,2,1)",34,CUT,CUT=48/68;ASSEMBLE+INSPECT=216/374,false
C2A4T2I2F2,2,4,2,2,2,"(2,8,2,2)",33,CUT,CUT=48/66;ASSEMBLE+INSPECT=216/396,false
C2A4T2I2F3,2,4,2,2,3,"(2,8,2,3)",33,CUT,CUT=48/66;ASSEMBLE+INSPECT=216/429,false
C2A4T2I3F0,2,4,2,3,0,"(2,8,3,0)",34,CUT|INSPECT,CUT=48/68;ASSEMBLE=144/272;INSPECT=72/102,false
C2A4T2I3F1,2,4,2,3,1,"(2,8,3,1)",33,CUT,CUT=48/66;ASSEMBLE+INSPECT=216/396,false
C2A4T2I3F2,2,4,2,3,2,"(2,8,3,2)",33,CUT,CUT=48/66;ASSEMBLE+INSPECT=216/429,false
C2A4T2I3F3,2,4,2,3,3,"(2,8,3,3)",33,CUT,CUT=48/66;ASSEMBLE+INSPECT=216/462,false
C2A4T2I4F0,2,4,2,4,0,"(2,8,4,0)",33,CUT,CUT=48/66;ASSEMBLE=144/264;INSPECT=72/132,false
C2A4T2I4F1,2,4,2,4,1,"(2,8,4,1)",33,CUT,CUT=48/66;ASSEMBLE+INSPECT=216/429,false
C2A4T2I4F2,2,4,2,4,2,"(2,8,4,2)",33,CUT,CUT=48/66;ASSEMBLE+INSPECT=216/462,false
C2A4T2I4F3,2,4,2,4,3,"(2,8,4,3)",33,CUT,CUT=48/66;ASSEMBLE+INSPECT=216/495,false
C2A4T3I0F1,2,4,3,0,1,"(2,10,0,1)",80,CUT,CUT=48/160;ASSEMBLE+INSPECT=216/880,false
C2A4T3I0F2,2,4,3,0,2,"(2,10,0,2)",44,CUT,CUT=48/88;ASSEMBLE+INSPECT=216/528,false
C2A4T3I0F3,2,4,3,0,3,"(2,10,0,3)",34,CUT,CUT=48/68;ASSEMBLE+INSPECT=216/442,false
C2A4T3I1F0,2,4,3,1,0,"(2,10,1,0)",80,INSPECT,CUT=48/160;ASSEMBLE=144/800;INSPECT=72/80,false
C2A4T3I1F1,2,4,3,1,1,"(2,10,1,1)",44,CUT,CUT=48/88;ASSEMBLE+INSPECT=216/528,false
C2A4T3I1F2,2,4,3,1,2,"(2,10,1,2)",34,CUT,CUT=48/68;ASSEMBLE+INSPECT=216/442,false
C2A4T3I1F3,2,4,3,1,3,"(2,10,1,3)",33,CUT,CUT=48/66;ASSEMBLE+INSPECT=216/462,false
C2A4T3I2F0,2,4,3,2,0,"(2,10,2,0)",44,INSPECT,CUT=48/88;ASSEMBLE=144/440;INSPECT=72/88,false
C2A4T3I2F1,2,4,3,2,1,"(2,10,2,1)",34,CUT,CUT=48/68;ASSEMBLE+INSPECT=216/442,false
C2A4T3I2F2,2,4,3,2,2,"(2,10,2,2)",33,CUT,CUT=48/66;ASSEMBLE+INSPECT=216/462,false
C2A4T3I2F3,2,4,3,2,3,"(2,10,2,3)",33,CUT,CUT=48/66;ASSEMBLE+INSPECT=216/495,false
C2A4T3I3F0,2,4,3,3,0,"(2,10,3,0)",34,CUT|INSPECT,CUT=48/68;ASSEMBLE=144/340;INSPECT=72/102,false
C2A4T3I3F1,2,4,3,3,1,"(2,10,3,1)",33,CUT,CUT=48/66;ASSEMBLE+INSPECT=216/462,false
C2A4T3I3F2,2,4,3,3,2,"(2,10,3,2)",33,CUT,CUT=48/66;ASSEMBLE+INSPECT=216/495,false
C2A4T3I3F3,2,4,3,3,3,"(2,10,3,3)",33,CUT,CUT=48/66;ASSEMBLE+INSPECT=216/528,false
C2A4T3I4F0,2,4,3,4,0,"(2,10,4,0)",33,CUT,CUT=48/66;ASSEMBLE=144/330;INSPECT=72/132,false
C2A4T3I4F1,2,4,3,4,1,"(2,10,4,1)",33,CUT,CUT=48/66;ASSEMBLE+INSPECT=216/495,false
C2A4T3I4F2,2,4,3,4,2,"(2,10,4,2)",33,CUT,CUT=48/66;ASSEMBLE+INSPECT=216/528,false
C2A4T3I4F3,2,4,3,4,3,"(2,10,4,3)",33,CUT,CUT=48/66;ASSEMBLE+INSPECT=216/561,false
C2A5T0I0F1,2,5,0,0,1,"(2,5,0,1)",84,ASSEMBLE+INSPECT,CUT=48/168;ASSEMBLE+INSPECT=216/504,true
C2A5T0I0F2,2,5,0,0,2,"(2,5,0,2)",47,ASSEMBLE+INSPECT,CUT=48/94;ASSEMBLE+INSPECT=216/329,true
C2A5T0I0F3,2,5,0,0,3,"(2,5,0,3)",36,ASSEMBLE+INSPECT,CUT=48/72;ASSEMBLE+INSPECT=216/288,true
C2A5T0I1F0,2,5,0,1,0,"(2,5,1,0)",80,INSPECT,CUT=48/160;ASSEMBLE=144/400;INSPECT=72/80,false
C2A5T0I1F1,2,5,0,1,1,"(2,5,1,1)",47,ASSEMBLE+INSPECT,CUT=48/94;ASSEMBLE+INSPECT=216/329,true
C2A5T0I1F2,2,5,0,1,2,"(2,5,1,2)",36,ASSEMBLE+INSPECT,CUT=48/72;ASSEMBLE+INSPECT=216/288,true
C2A5T0I1F3,2,5,0,1,3,"(2,5,1,3)",34,CUT|ASSEMBLE+INSPECT,CUT=48/68;ASSEMBLE+INSPECT=216/306,true
C2A5T0I2F0,2,5,0,2,0,"(2,5,2,0)",44,INSPECT,CUT=48/88;ASSEMBLE=144/220;INSPECT=72/88,false
C2A5T0I2F1,2,5,0,2,1,"(2,5,2,1)",36,ASSEMBLE+INSPECT,CUT=48/72;ASSEMBLE+INSPECT=216/288,true
C2A5T0I2F2,2,5,0,2,2,"(2,5,2,2)",34,CUT|ASSEMBLE+INSPECT,CUT=48/68;ASSEMBLE+INSPECT=216/306,true
C2A5T0I2F3,2,5,0,2,3,"(2,5,2,3)",33,CUT,CUT=48/66;ASSEMBLE+INSPECT=216/330,true
C2A5T0I3F0,2,5,0,3,0,"(2,5,3,0)",38,ASSEMBLE,CUT=48/76;ASSEMBLE=144/190;INSPECT=72/114,false
C2A5T0I3F1,2,5,0,3,1,"(2,5,3,1)",35,CUT|ASSEMBLE+INSPECT,CUT=48/70;ASSEMBLE+INSPECT=216/315,true
C2A5T0I3F2,2,5,0,3,2,"(2,5,3,2)",33,CUT,CUT=48/66;ASSEMBLE+INSPECT=216/330,true
C2A5T0I3F3,2,5,0,3,3,"(2,5,3,3)",33,CUT,CUT=48/66;ASSEMBLE+INSPECT=216/363,true
C2A5T0I4F0,2,5,0,4,0,"(2,5,4,0)",37,ASSEMBLE,CUT=48/74;ASSEMBLE=144/185;INSPECT=72/148,false
C2A5T0I4F1,2,5,0,4,1,"(2,5,4,1)",33,CUT,CUT=48/66;ASSEMBLE+INSPECT=216/330,false
C2A5T0I4F2,2,5,0,4,2,"(2,5,4,2)",33,CUT,CUT=48/66;ASSEMBLE+INSPECT=216/363,false
C2A5T0I4F3,2,5,0,4,3,"(2,5,4,3)",33,CUT,CUT=48/66;ASSEMBLE+INSPECT=216/396,false
C2A5T1I0F1,2,5,1,0,1,"(2,7,0,1)",80,ASSEMBLE+INSPECT,CUT=48/160;ASSEMBLE+INSPECT=216/640,false
C2A5T1I0F2,2,5,1,0,2,"(2,7,0,2)",44,CUT|ASSEMBLE+INSPECT,CUT=48/88;ASSEMBLE+INSPECT=216/396,false
C2A5T1I0F3,2,5,1,0,3,"(2,7,0,3)",34,CUT,CUT=48/68;ASSEMBLE+INSPECT=216/340,false
C2A5T1I1F0,2,5,1,1,0,"(2,7,1,0)",80,INSPECT,CUT=48/160;ASSEMBLE=144/560;INSPECT=72/80,false
C2A5T1I1F1,2,5,1,1,1,"(2,7,1,1)",44,CUT|ASSEMBLE+INSPECT,CUT=48/88;ASSEMBLE+INSPECT=216/396,false
C2A5T1I1F2,2,5,1,1,2,"(2,7,1,2)",34,CUT,CUT=48/68;ASSEMBLE+INSPECT=216/340,false
C2A5T1I1F3,2,5,1,1,3,"(2,7,1,3)",33,CUT,CUT=48/66;ASSEMBLE+INSPECT=216/363,false
C2A5T1I2F0,2,5,1,2,0,"(2,7,2,0)",44,INSPECT,CUT=48/88;ASSEMBLE=144/308;INSPECT=72/88,false
C2A5T1I2F1,2,5,1,2,1,"(2,7,2,1)",34,CUT,CUT=48/68;ASSEMBLE+INSPECT=216/340,false
C2A5T1I2F2,2,5,1,2,2,"(2,7,2,2)",33,CUT,CUT=48/66;ASSEMBLE+INSPECT=216/363,false
C2A5T1I2F3,2,5,1,2,3,"(2,7,2,3)",33,CUT,CUT=48/66;ASSEMBLE+INSPECT=216/396,false
C2A5T1I3F0,2,5,1,3,0,"(2,7,3,0)",34,CUT|INSPECT,CUT=48/68;ASSEMBLE=144/238;INSPECT=72/102,false
C2A5T1I3F1,2,5,1,3,1,"(2,7,3,1)",33,CUT,CUT=48/66;ASSEMBLE+INSPECT=216/363,false
C2A5T1I3F2,2,5,1,3,2,"(2,7,3,2)",33,CUT,CUT=48/66;ASSEMBLE+INSPECT=216/396,false
C2A5T1I3F3,2,5,1,3,3,"(2,7,3,3)",33,CUT,CUT=48/66;ASSEMBLE+INSPECT=216/429,false
C2A5T1I4F0,2,5,1,4,0,"(2,7,4,0)",33,CUT,CUT=48/66;ASSEMBLE=144/231;INSPECT=72/132,false
C2A5T1I4F1,2,5,1,4,1,"(2,7,4,1)",33,CUT,CUT=48/66;ASSEMBLE+INSPECT=216/396,false
C2A5T1I4F2,2,5,1,4,2,"(2,7,4,2)",33,CUT,CUT=48/66;ASSEMBLE+INSPECT=216/429,false
C2A5T1I4F3,2,5,1,4,3,"(2,7,4,3)",33,CUT,CUT=48/66;ASSEMBLE+INSPECT=216/462,false
C2A5T2I0F1,2,5,2,0,1,"(2,9,0,1)",80,CUT,CUT=48/160;ASSEMBLE+INSPECT=216/800,false
C2A5T2I0F2,2,5,2,0,2,"(2,9,0,2)",44,CUT,CUT=48/88;ASSEMBLE+INSPECT=216/484,false
C2A5T2I0F3,2,5,2,0,3,"(2,9,0,3)",34,CUT,CUT=48/68;ASSEMBLE+INSPECT=216/408,false
C2A5T2I1F0,2,5,2,1,0,"(2,9,1,0)",80,INSPECT,CUT=48/160;ASSEMBLE=144/720;INSPECT=72/80,false
C2A5T2I1F1,2,5,2,1,1,"(2,9,1,1)",44,CUT,CUT=48/88;ASSEMBLE+INSPECT=216/484,false
C2A5T2I1F2,2,5,2,1,2,"(2,9,1,2)",34,CUT,CUT=48/68;ASSEMBLE+INSPECT=216/408,false
C2A5T2I1F3,2,5,2,1,3,"(2,9,1,3)",33,CUT,CUT=48/66;ASSEMBLE+INSPECT=216/429,false
C2A5T2I2F0,2,5,2,2,0,"(2,9,2,0)",44,INSPECT,CUT=48/88;ASSEMBLE=144/396;INSPECT=72/88,false
C2A5T2I2F1,2,5,2,2,1,"(2,9,2,1)",34,CUT,CUT=48/68;ASSEMBLE+INSPECT=216/408,false
C2A5T2I2F2,2,5,2,2,2,"(2,9,2,2)",33,CUT,CUT=48/66;ASSEMBLE+INSPECT=216/429,false
C2A5T2I2F3,2,5,2,2,3,"(2,9,2,3)",33,CUT,CUT=48/66;ASSEMBLE+INSPECT=216/462,false
C2A5T2I3F0,2,5,2,3,0,"(2,9,3,0)",34,CUT|INSPECT,CUT=48/68;ASSEMBLE=144/306;INSPECT=72/102,false
C2A5T2I3F1,2,5,2,3,1,"(2,9,3,1)",33,CUT,CUT=48/66;ASSEMBLE+INSPECT=216/429,false
C2A5T2I3F2,2,5,2,3,2,"(2,9,3,2)",33,CUT,CUT=48/66;ASSEMBLE+INSPECT=216/462,false
C2A5T2I3F3,2,5,2,3,3,"(2,9,3,3)",33,CUT,CUT=48/66;ASSEMBLE+INSPECT=216/495,false
C2A5T2I4F0,2,5,2,4,0,"(2,9,4,0)",33,CUT,CUT=48/66;ASSEMBLE=144/297;INSPECT=72/132,false
C2A5T2I4F1,2,5,2,4,1,"(2,9,4,1)",33,CUT,CUT=48/66;ASSEMBLE+INSPECT=216/462,false
C2A5T2I4F2,2,5,2,4,2,"(2,9,4,2)",33,CUT,CUT=48/66;ASSEMBLE+INSPECT=216/495,false
C2A5T2I4F3,2,5,2,4,3,"(2,9,4,3)",33,CUT,CUT=48/66;ASSEMBLE+INSPECT=216/528,false
C2A5T3I0F1,2,5,3,0,1,"(2,11,0,1)",80,CUT,CUT=48/160;ASSEMBLE+INSPECT=216/960,false
C2A5T3I0F2,2,5,3,0,2,"(2,11,0,2)",44,CUT,CUT=48/88;ASSEMBLE+INSPECT=216/572,false
C2A5T3I0F3,2,5,3,0,3,"(2,11,0,3)",34,CUT,CUT=48/68;ASSEMBLE+INSPECT=216/476,false
C2A5T3I1F0,2,5,3,1,0,"(2,11,1,0)",80,INSPECT,CUT=48/160;ASSEMBLE=144/880;INSPECT=72/80,false
C2A5T3I1F1,2,5,3,1,1,"(2,11,1,1)",44,CUT,CUT=48/88;ASSEMBLE+INSPECT=216/572,false
C2A5T3I1F2,2,5,3,1,2,"(2,11,1,2)",34,CUT,CUT=48/68;ASSEMBLE+INSPECT=216/476,false
C2A5T3I1F3,2,5,3,1,3,"(2,11,1,3)",33,CUT,CUT=48/66;ASSEMBLE+INSPECT=216/495,false
C2A5T3I2F0,2,5,3,2,0,"(2,11,2,0)",44,INSPECT,CUT=48/88;ASSEMBLE=144/484;INSPECT=72/88,false
C2A5T3I2F1,2,5,3,2,1,"(2,11,2,1)",34,CUT,CUT=48/68;ASSEMBLE+INSPECT=216/476,false
C2A5T3I2F2,2,5,3,2,2,"(2,11,2,2)",33,CUT,CUT=48/66;ASSEMBLE+INSPECT=216/495,false
C2A5T3I2F3,2,5,3,2,3,"(2,11,2,3)",33,CUT,CUT=48/66;ASSEMBLE+INSPECT=216/528,false
C2A5T3I3F0,2,5,3,3,0,"(2,11,3,0)",34,CUT|INSPECT,CUT=48/68;ASSEMBLE=144/374;INSPECT=72/102,false
C2A5T3I3F1,2,5,3,3,1,"(2,11,3,1)",33,CUT,CUT=48/66;ASSEMBLE+INSPECT=216/495,false
C2A5T3I3F2,2,5,3,3,2,"(2,11,3,2)",33,CUT,CUT=48/66;ASSEMBLE+INSPECT=216/528,false
C2A5T3I3F3,2,5,3,3,3,"(2,11,3,3)",33,CUT,CUT=48/66;ASSEMBLE+INSPECT=216/561,false
C2A5T3I4F0,2,5,3,4,0,"(2,11,4,0)",33,CUT,CUT=48/66;ASSEMBLE=144/363;INSPECT=72/132,false
C2A5T3I4F1,2,5,3,4,1,"(2,11,4,1)",33,CUT,CUT=48/66;ASSEMBLE+INSPECT=216/528,false
C2A5T3I4F2,2,5,3,4,2,"(2,11,4,2)",33,CUT,CUT=48/66;ASSEMBLE+INSPECT=216/561,false
C2A5T3I4F3,2,5,3,4,3,"(2,11,4,3)",33,CUT,CUT=48/66;ASSEMBLE+INSPECT=216/594,false
C2A6T0I0F1,2,6,0,0,1,"(2,6,0,1)",80,ASSEMBLE+INSPECT,CUT=48/160;ASSEMBLE+INSPECT=216/560,false
C2A6T0I0F2,2,6,0,0,2,"(2,6,0,2)",44,ASSEMBLE+INSPECT,CUT=48/88;ASSEMBLE+INSPECT=216/352,false
C2A6T0I0F3,2,6,0,0,3,"(2,6,0,3)",34,CUT|ASSEMBLE+INSPECT,CUT=48/68;ASSEMBLE+INSPECT=216/306,false
C2A6T0I1F0,2,6,0,1,0,"(2,6,1,0)",80,INSPECT,CUT=48/160;ASSEMBLE=144/480;INSPECT=72/80,false
C2A6T0I1F1,2,6,0,1,1,"(2,6,1,1)",44,ASSEMBLE+INSPECT,CUT=48/88;ASSEMBLE+INSPECT=216/352,false
C2A6T0I1F2,2,6,0,1,2,"(2,6,1,2)",34,CUT|ASSEMBLE+INSPECT,CUT=48/68;ASSEMBLE+INSPECT=216/306,false
C2A6T0I1F3,2,6,0,1,3,"(2,6,1,3)",33,CUT,CUT=48/66;ASSEMBLE+INSPECT=216/330,false
C2A6T0I2F0,2,6,0,2,0,"(2,6,2,0)",44,INSPECT,CUT=48/88;ASSEMBLE=144/264;INSPECT=72/88,false
C2A6T0I2F1,2,6,0,2,1,"(2,6,2,1)",34,CUT|ASSEMBLE+INSPECT,CUT=48/68;ASSEMBLE+INSPECT=216/306,false
C2A6T0I2F2,2,6,0,2,2,"(2,6,2,2)",33,CUT,CUT=48/66;ASSEMBLE+INSPECT=216/330,false
C2A6T0I2F3,2,6,0,2,3,"(2,6,2,3)",33,CUT,CUT=48/66;ASSEMBLE+INSPECT=216/363,false
C2A6T0I3F0,2,6,0,3,0,"(2,6,3,0)",34,CUT|ASSEMBLE|INSPECT,CUT=48/68;ASSEMBLE=144/204;INSPECT=72/102,false
C2A6T0I3F1,2,6,0,3,1,"(2,6,3,1)",33,CUT,CUT=48/66;ASSEMBLE+INSPECT=216/330,false
C2A6T0I3F2,2,6,0,3,2,"(2,6,3,2)",33,CUT,CUT=48/66;ASSEMBLE+INSPECT=216/363,false
C2A6T0I3F3,2,6,0,3,3,"(2,6,3,3)",33,CUT,CUT=48/66;ASSEMBLE+INSPECT=216/396,false
C2A6T0I4F0,2,6,0,4,0,"(2,6,4,0)",33,CUT|ASSEMBLE,CUT=48/66;ASSEMBLE=144/198;INSPECT=72/132,false
C2A6T0I4F1,2,6,0,4,1,"(2,6,4,1)",33,CUT,CUT=48/66;ASSEMBLE+INSPECT=216/363,false
C2A6T0I4F2,2,6,0,4,2,"(2,6,4,2)",33,CUT,CUT=48/66;ASSEMBLE+INSPECT=216/396,false
C2A6T0I4F3,2,6,0,4,3,"(2,6,4,3)",33,CUT,CUT=48/66;ASSEMBLE+INSPECT=216/429,false
C2A6T1I0F1,2,6,1,0,1,"(2,8,0,1)",80,CUT|ASSEMBLE+INSPECT,CUT=48/160;ASSEMBLE+INSPECT=216/720,false
C2A6T1I0F2,2,6,1,0,2,"(2,8,0,2)",44,CUT,CUT=48/88;ASSEMBLE+INSPECT=216/440,false
C2A6T1I0F3,2,6,1,0,3,"(2,8,0,3)",34,CUT,CUT=48/68;ASSEMBLE+INSPECT=216/374,false
C2A6T1I1F0,2,6,1,1,0,"(2,8,1,0)",80,INSPECT,CUT=48/160;ASSEMBLE=144/640;INSPECT=72/80,false
C2A6T1I1F1,2,6,1,1,1,"(2,8,1,1)",44,CUT,CUT=48/88;ASSEMBLE+INSPECT=216/440,false
C2A6T1I1F2,2,6,1,1,2,"(2,8,1,2)",34,CUT,CUT=48/68;ASSEMBLE+INSPECT=216/374,false
C2A6T1I1F3,2,6,1,1,3,"(2,8,1,3)",33,CUT,CUT=48/66;ASSEMBLE+INSPECT=216/396,false
C2A6T1I2F0,2,6,1,2,0,"(2,8,2,0)",44,INSPECT,CUT=48/88;ASSEMBLE=144/352;INSPECT=72/88,false
C2A6T1I2F1,2,6,1,2,1,"(2,8,2,1)",34,CUT,CUT=48/68;ASSEMBLE+INSPECT=216/374,false
C2A6T1I2F2,2,6,1,2,2,"(2,8,2,2)",33,CUT,CUT=48/66;ASSEMBLE+INSPECT=216/396,false
C2A6T1I2F3,2,6,1,2,3,"(2,8,2,3)",33,CUT,CUT=48/66;ASSEMBLE+INSPECT=216/429,false
C2A6T1I3F0,2,6,1,3,0,"(2,8,3,0)",34,CUT|INSPECT,CUT=48/68;ASSEMBLE=144/272;INSPECT=72/102,false
C2A6T1I3F1,2,6,1,3,1,"(2,8,3,1)",33,CUT,CUT=48/66;ASSEMBLE+INSPECT=216/396,false
C2A6T1I3F2,2,6,1,3,2,"(2,8,3,2)",33,CUT,CUT=48/66;ASSEMBLE+INSPECT=216/429,false
C2A6T1I3F3,2,6,1,3,3,"(2,8,3,3)",33,CUT,CUT=48/66;ASSEMBLE+INSPECT=216/462,false
C2A6T1I4F0,2,6,1,4,0,"(2,8,4,0)",33,CUT,CUT=48/66;ASSEMBLE=144/264;INSPECT=72/132,false
C2A6T1I4F1,2,6,1,4,1,"(2,8,4,1)",33,CUT,CUT=48/66;ASSEMBLE+INSPECT=216/429,false
C2A6T1I4F2,2,6,1,4,2,"(2,8,4,2)",33,CUT,CUT=48/66;ASSEMBLE+INSPECT=216/462,false
C2A6T1I4F3,2,6,1,4,3,"(2,8,4,3)",33,CUT,CUT=48/66;ASSEMBLE+INSPECT=216/495,false
C2A6T2I0F1,2,6,2,0,1,"(2,10,0,1)",80,CUT,CUT=48/160;ASSEMBLE+INSPECT=216/880,false
C2A6T2I0F2,2,6,2,0,2,"(2,10,0,2)",44,CUT,CUT=48/88;ASSEMBLE+INSPECT=216/528,false
C2A6T2I0F3,2,6,2,0,3,"(2,10,0,3)",34,CUT,CUT=48/68;ASSEMBLE+INSPECT=216/442,false
C2A6T2I1F0,2,6,2,1,0,"(2,10,1,0)",80,INSPECT,CUT=48/160;ASSEMBLE=144/800;INSPECT=72/80,false
C2A6T2I1F1,2,6,2,1,1,"(2,10,1,1)",44,CUT,CUT=48/88;ASSEMBLE+INSPECT=216/528,false
C2A6T2I1F2,2,6,2,1,2,"(2,10,1,2)",34,CUT,CUT=48/68;ASSEMBLE+INSPECT=216/442,false
C2A6T2I1F3,2,6,2,1,3,"(2,10,1,3)",33,CUT,CUT=48/66;ASSEMBLE+INSPECT=216/462,false
C2A6T2I2F0,2,6,2,2,0,"(2,10,2,0)",44,INSPECT,CUT=48/88;ASSEMBLE=144/440;INSPECT=72/88,false
C2A6T2I2F1,2,6,2,2,1,"(2,10,2,1)",34,CUT,CUT=48/68;ASSEMBLE+INSPECT=216/442,false
C2A6T2I2F2,2,6,2,2,2,"(2,10,2,2)",33,CUT,CUT=48/66;ASSEMBLE+INSPECT=216/462,false
C2A6T2I2F3,2,6,2,2,3,"(2,10,2,3)",33,CUT,CUT=48/66;ASSEMBLE+INSPECT=216/495,false
C2A6T2I3F0,2,6,2,3,0,"(2,10,3,0)",34,CUT|INSPECT,CUT=48/68;ASSEMBLE=144/340;INSPECT=72/102,false
C2A6T2I3F1,2,6,2,3,1,"(2,10,3,1)",33,CUT,CUT=48/66;ASSEMBLE+INSPECT=216/462,false
C2A6T2I3F2,2,6,2,3,2,"(2,10,3,2)",33,CUT,CUT=48/66;ASSEMBLE+INSPECT=216/495,false
C2A6T2I3F3,2,6,2,3,3,"(2,10,3,3)",33,CUT,CUT=48/66;ASSEMBLE+INSPECT=216/528,false
C2A6T2I4F0,2,6,2,4,0,"(2,10,4,0)",33,CUT,CUT=48/66;ASSEMBLE=144/330;INSPECT=72/132,false
C2A6T2I4F1,2,6,2,4,1,"(2,10,4,1)",33,CUT,CUT=48/66;ASSEMBLE+INSPECT=216/495,false
C2A6T2I4F2,2,6,2,4,2,"(2,10,4,2)",33,CUT,CUT=48/66;ASSEMBLE+INSPECT=216/528,false
C2A6T2I4F3,2,6,2,4,3,"(2,10,4,3)",33,CUT,CUT=48/66;ASSEMBLE+INSPECT=216/561,false
C2A6T3I0F1,2,6,3,0,1,"(2,12,0,1)",80,CUT,CUT=48/160;ASSEMBLE+INSPECT=216/1040,false
C2A6T3I0F2,2,6,3,0,2,"(2,12,0,2)",44,CUT,CUT=48/88;ASSEMBLE+INSPECT=216/616,false
C2A6T3I0F3,2,6,3,0,3,"(2,12,0,3)",34,CUT,CUT=48/68;ASSEMBLE+INSPECT=216/510,false
C2A6T3I1F0,2,6,3,1,0,"(2,12,1,0)",80,INSPECT,CUT=48/160;ASSEMBLE=144/960;INSPECT=72/80,false
C2A6T3I1F1,2,6,3,1,1,"(2,12,1,1)",44,CUT,CUT=48/88;ASSEMBLE+INSPECT=216/616,false
C2A6T3I1F2,2,6,3,1,2,"(2,12,1,2)",34,CUT,CUT=48/68;ASSEMBLE+INSPECT=216/510,false
C2A6T3I1F3,2,6,3,1,3,"(2,12,1,3)",33,CUT,CUT=48/66;ASSEMBLE+INSPECT=216/528,false
C2A6T3I2F0,2,6,3,2,0,"(2,12,2,0)",44,INSPECT,CUT=48/88;ASSEMBLE=144/528;INSPECT=72/88,false
C2A6T3I2F1,2,6,3,2,1,"(2,12,2,1)",34,CUT,CUT=48/68;ASSEMBLE+INSPECT=216/510,false
C2A6T3I2F2,2,6,3,2,2,"(2,12,2,2)",33,CUT,CUT=48/66;ASSEMBLE+INSPECT=216/528,false
C2A6T3I2F3,2,6,3,2,3,"(2,12,2,3)",33,CUT,CUT=48/66;ASSEMBLE+INSPECT=216/561,false
C2A6T3I3F0,2,6,3,3,0,"(2,12,3,0)",34,CUT|INSPECT,CUT=48/68;ASSEMBLE=144/408;INSPECT=72/102,false
C2A6T3I3F1,2,6,3,3,1,"(2,12,3,1)",33,CUT,CUT=48/66;ASSEMBLE+INSPECT=216/528,false
C2A6T3I3F2,2,6,3,3,2,"(2,12,3,2)",33,CUT,CUT=48/66;ASSEMBLE+INSPECT=216/561,false
C2A6T3I3F3,2,6,3,3,3,"(2,12,3,3)",33,CUT,CUT=48/66;ASSEMBLE+INSPECT=216/594,false
C2A6T3I4F0,2,6,3,4,0,"(2,12,4,0)",33,CUT,CUT=48/66;ASSEMBLE=144/396;INSPECT=72/132,false
C2A6T3I4F1,2,6,3,4,1,"(2,12,4,1)",33,CUT,CUT=48/66;ASSEMBLE+INSPECT=216/561,false
C2A6T3I4F2,2,6,3,4,2,"(2,12,4,2)",33,CUT,CUT=48/66;ASSEMBLE+INSPECT=216/594,false
C2A6T3I4F3,2,6,3,4,3,"(2,12,4,3)",33,CUT,CUT=48/66;ASSEMBLE+INSPECT=216/627,false
C3A0T0I0F1,3,0,0,0,1,"(3,0,0,1)",218,ASSEMBLE+INSPECT,CUT=48/654;ASSEMBLE+INSPECT=216/218,true
C3A0T0I0F2,3,0,0,0,2,"(3,0,0,2)",110,ASSEMBLE+INSPECT,CUT=48/330;ASSEMBLE+INSPECT=216/220,true
C3A0T0I0F3,3,0,0,0,3,"(3,0,0,3)",74,ASSEMBLE+INSPECT,CUT=48/222;ASSEMBLE+INSPECT=216/222,true
C3A0T0I1F1,3,0,0,1,1,"(3,0,1,1)",149,ASSEMBLE+INSPECT,CUT=48/447;ASSEMBLE+INSPECT=216/298,false
C3A0T0I1F2,3,0,0,1,2,"(3,0,1,2)",92,ASSEMBLE+INSPECT,CUT=48/276;ASSEMBLE+INSPECT=216/276,true
C3A0T0I1F3,3,0,0,1,3,"(3,0,1,3)",65,ASSEMBLE+INSPECT,CUT=48/195;ASSEMBLE+INSPECT=216/260,true
C3A0T0I2F1,3,0,0,2,1,"(3,0,2,1)",149,ASSEMBLE+INSPECT,CUT=48/447;ASSEMBLE+INSPECT=216/447,false
C3A0T0I2F2,3,0,0,2,2,"(3,0,2,2)",77,ASSEMBLE+INSPECT,CUT=48/231;ASSEMBLE+INSPECT=216/308,false
C3A0T0I2F3,3,0,0,2,3,"(3,0,2,3)",59,ASSEMBLE+INSPECT,CUT=48/177;ASSEMBLE+INSPECT=216/295,true
C3A0T0I3F1,3,0,0,3,1,"(3,0,3,1)",149,ASSEMBLE+INSPECT,CUT=48/447;ASSEMBLE+INSPECT=216/596,false
C3A0T0I3F2,3,0,0,3,2,"(3,0,3,2)",77,ASSEMBLE+INSPECT,CUT=48/231;ASSEMBLE+INSPECT=216/385,false
C3A0T0I3F3,3,0,0,3,3,"(3,0,3,3)",53,ASSEMBLE+INSPECT,CUT=48/159;ASSEMBLE+INSPECT=216/318,false
C3A0T0I4F1,3,0,0,4,1,"(3,0,4,1)",149,ASSEMBLE+INSPECT,CUT=48/447;ASSEMBLE+INSPECT=216/745,false
C3A0T0I4F2,3,0,0,4,2,"(3,0,4,2)",77,ASSEMBLE+INSPECT,CUT=48/231;ASSEMBLE+INSPECT=216/462,false
C3A0T0I4F3,3,0,0,4,3,"(3,0,4,3)",53,ASSEMBLE+INSPECT,CUT=48/159;ASSEMBLE+INSPECT=216/371,false
C3A0T1I0F1,3,0,1,0,1,"(3,2,0,1)",80,ASSEMBLE+INSPECT,CUT=48/240;ASSEMBLE+INSPECT=216/240,true
C3A0T1I0F2,3,0,1,0,2,"(3,2,0,2)",64,ASSEMBLE+INSPECT,CUT=48/192;ASSEMBLE+INSPECT=216/256,true
C3A0T1I0F3,3,0,1,0,3,"(3,2,0,3)",50,ASSEMBLE+INSPECT,CUT=48/150;ASSEMBLE+INSPECT=216/250,true
C3A0T1I1F0,3,0,1,1,0,"(3,2,1,0)",80,ASSEMBLE|INSPECT,CUT=48/240;ASSEMBLE=144/160;INSPECT=72/80,false
C3A0T1I1F1,3,0,1,1,1,"(3,2,1,1)",59,ASSEMBLE+INSPECT,CUT=48/177;ASSEMBLE+INSPECT=216/236,true
C3A0T1I1F2,3,0,1,1,2,"(3,2,1,2)",50,ASSEMBLE+INSPECT,CUT=48/150;ASSEMBLE+INSPECT=216/250,true
C3A0T1I1F3,3,0,1,1,3,"(3,2,1,3)",41,ASSEMBLE+INSPECT,CUT=48/123;ASSEMBLE+INSPECT=216/246,true
C3A0T1I2F0,3,0,1,2,0,"(3,2,2,0)",77,ASSEMBLE,CUT=48/231;ASSEMBLE=144/154;INSPECT=72/154,false
C3A0T1I2F1,3,0,1,2,1,"(3,2,2,1)",59,ASSEMBLE+INSPECT,CUT=48/177;ASSEMBLE+INSPECT=216/295,true
C3A0T1I2F2,3,0,1,2,2,"(3,2,2,2)",47,ASSEMBLE+INSPECT,CUT=48/141;ASSEMBLE+INSPECT=216/282,true
C3A0T1I2F3,3,0,1,2,3,"(3,2,2,3)",41,ASSEMBLE+INSPECT,CUT=48/123;ASSEMBLE+INSPECT=216/287,true
C3A0T1I3F0,3,0,1,3,0,"(3,2,3,0)",77,ASSEMBLE,CUT=48/231;ASSEMBLE=144/154;INSPECT=72/231,false
C3A0T1I3F1,3,0,1,3,1,"(3,2,3,1)",53,ASSEMBLE+INSPECT,CUT=48/159;ASSEMBLE+INSPECT=216/318,false
C3A0T1I3F2,3,0,1,3,2,"(3,2,3,2)",46,ASSEMBLE+INSPECT,CUT=48/138;ASSEMBLE+INSPECT=216/322,true
C3A0T1I3F3,3,0,1,3,3,"(3,2,3,3)",40,ASSEMBLE+INSPECT,CUT=48/120;ASSEMBLE+INSPECT=216/320,true
C3A0T1I4F0,3,0,1,4,0,"(3,2,4,0)",77,ASSEMBLE,CUT=48/231;ASSEMBLE=144/154;INSPECT=72/308,false
C3A0T1I4F1,3,0,1,4,1,"(3,2,4,1)",53,ASSEMBLE+INSPECT,CUT=48/159;ASSEMBLE+INSPECT=216/371,false
C3A0T1I4F2,3,0,1,4,2,"(3,2,4,2)",43,ASSEMBLE+INSPECT,CUT=48/129;ASSEMBLE+INSPECT=216/344,false
C3A0T1I4F3,3,0,1,4,3,"(3,2,4,3)",40,ASSEMBLE+INSPECT,CUT=48/120;ASSEMBLE+INSPECT=216/360,true
C3A0T2I0F1,3,0,2,0,1,"(3,4,0,1)",82,ASSEMBLE+INSPECT,CUT=48/246;ASSEMBLE+INSPECT=216/410,true
C3A0T2I0F2,3,0,2,0,2,"(3,4,0,2)",52,ASSEMBLE+INSPECT,CUT=48/156;ASSEMBLE+INSPECT=216/312,true
C3A0T2I0F3,3,0,2,0,3,"(3,4,0,3)",42,ASSEMBLE+INSPECT,CUT=48/126;ASSEMBLE+INSPECT=216/294,true
C3A0T2I1F0,3,0,2,1,0,"(3,4,1,0)",80,INSPECT,CUT=48/240;ASSEMBLE=144/320;INSPECT=72/80,false
C3A0T2I1F1,3,0,2,1,1,"(3,4,1,1)",52,ASSEMBLE+INSPECT,CUT=48/156;ASSEMBLE+INSPECT=216/312,true
C3A0T2I1F2,3,0,2,1,2,"(3,4,1,2)",43,ASSEMBLE+INSPECT,CUT=48/129;ASSEMBLE+INSPECT=216/301,true
C3A0T2I1F3,3,0,2,1,3,"(3,4,1,3)",37,ASSEMBLE+INSPECT,CUT=48/111;ASSEMBLE+INSPECT=216/296,true
C3A0T2I2F0,3,0,2,2,0,"(3,4,2,0)",44,ASSEMBLE|INSPECT,CUT=48/132;ASSEMBLE=144/176;INSPECT=72/88,false
C3A0T2I2F1,3,0,2,2,1,"(3,4,2,1)",40,ASSEMBLE+INSPECT,CUT=48/120;ASSEMBLE+INSPECT=216/280,true
C3A0T2I2F2,3,0,2,2,2,"(3,4,2,2)",35,ASSEMBLE+INSPECT,CUT=48/105;ASSEMBLE+INSPECT=216/280,true
C3A0T2I2F3,3,0,2,2,3,"(3,4,2,3)",32,ASSEMBLE+INSPECT,CUT=48/96;ASSEMBLE+INSPECT=216/288,true
C3A0T2I3F0,3,0,2,3,0,"(3,4,3,0)",44,ASSEMBLE,CUT=48/132;ASSEMBLE=144/176;INSPECT=72/132,false
C3A0T2I3F1,3,0,2,3,1,"(3,4,3,1)",37,ASSEMBLE+INSPECT,CUT=48/111;ASSEMBLE+INSPECT=216/296,true
C3A0T2I3F2,3,0,2,3,2,"(3,4,3,2)",35,ASSEMBLE+INSPECT,CUT=48/105;ASSEMBLE+INSPECT=216/315,true
C3A0T2I3F3,3,0,2,3,3,"(3,4,3,3)",31,ASSEMBLE+INSPECT,CUT=48/93;ASSEMBLE+INSPECT=216/310,true
C3A0T2I4F0,3,0,2,4,0,"(3,4,4,0)",43,ASSEMBLE,CUT=48/129;ASSEMBLE=144/172;INSPECT=72/172,false
C3A0T2I4F1,3,0,2,4,1,"(3,4,4,1)",37,ASSEMBLE+INSPECT,CUT=48/111;ASSEMBLE+INSPECT=216/333,true
C3A0T2I4F2,3,0,2,4,2,"(3,4,4,2)",34,ASSEMBLE+INSPECT,CUT=48/102;ASSEMBLE+INSPECT=216/340,true
C3A0T2I4F3,3,0,2,4,3,"(3,4,4,3)",29,ASSEMBLE+INSPECT,CUT=48/87;ASSEMBLE+INSPECT=216/319,true
C3A0T3I0F1,3,0,3,0,1,"(3,6,0,1)",84,ASSEMBLE+INSPECT,CUT=48/252;ASSEMBLE+INSPECT=216/588,true
C3A0T3I0F2,3,0,3,0,2,"(3,6,0,2)",48,ASSEMBLE+INSPECT,CUT=48/144;ASSEMBLE+INSPECT=216/384,true
C3A0T3I0F3,3,0,3,0,3,"(3,6,0,3)",36,ASSEMBLE+INSPECT,CUT=48/108;ASSEMBLE+INSPECT=216/324,true
C3A0T3I1F0,3,0,3,1,0,"(3,6,1,0)",80,INSPECT,CUT=48/240;ASSEMBLE=144/480;INSPECT=72/80,false
C3A0T3I1F1,3,0,3,1,1,"(3,6,1,1)",47,ASSEMBLE+INSPECT,CUT=48/141;ASSEMBLE+INSPECT=216/376,true
C3A0T3I1F2,3,0,3,1,2,"(3,6,1,2)",36,ASSEMBLE+INSPECT,CUT=48/108;ASSEMBLE+INSPECT=216/324,true
C3A0T3I1F3,3,0,3,1,3,"(3,6,1,3)",30,ASSEMBLE+INSPECT,CUT=48/90;ASSEMBLE+INSPECT=216/300,true
C3A0T3I2F0,3,0,3,2,0,"(3,6,2,0)",44,INSPECT,CUT=48/132;ASSEMBLE=144/264;INSPECT=72/88,false
C3A0T3I2F1,3,0,3,2,1,"(3,6,2,1)",36,ASSEMBLE+INSPECT,CUT=48/108;ASSEMBLE+INSPECT=216/324,true
C3A0T3I2F2,3,0,3,2,2,"(3,6,2,2)",30,ASSEMBLE+INSPECT,CUT=48/90;ASSEMBLE+INSPECT=216/300,true
C3A0T3I2F3,3,0,3,2,3,"(3,6,2,3)",29,ASSEMBLE+INSPECT,CUT=48/87;ASSEMBLE+INSPECT=216/319,true
C3A0T3I3F0,3,0,3,3,0,"(3,6,3,0)",32,ASSEMBLE|INSPECT,CUT=48/96;ASSEMBLE=144/192;INSPECT=72/96,false
C3A0T3I3F1,3,0,3,3,1,"(3,6,3,1)",31,ASSEMBLE+INSPECT,CUT=48/93;ASSEMBLE+INSPECT=216/310,true
C3A0T3I3F2,3,0,3,3,2,"(3,6,3,2)",29,ASSEMBLE+INSPECT,CUT=48/87;ASSEMBLE+INSPECT=216/319,true
C3A0T3I3F3,3,0,3,3,3,"(3,6,3,3)",26,ASSEMBLE+INSPECT,CUT=48/78;ASSEMBLE+INSPECT=216/312,true
C3A0T3I4F0,3,0,3,4,0,"(3,6,4,0)",32,ASSEMBLE,CUT=48/96;ASSEMBLE=144/192;INSPECT=72/128,false
C3A0T3I4F1,3,0,3,4,1,"(3,6,4,1)",29,ASSEMBLE+INSPECT,CUT=48/87;ASSEMBLE+INSPECT=216/319,true
C3A0T3I4F2,3,0,3,4,2,"(3,6,4,2)",29,ASSEMBLE+INSPECT,CUT=48/87;ASSEMBLE+INSPECT=216/348,true
C3A0T3I4F3,3,0,3,4,3,"(3,6,4,3)",26,ASSEMBLE+INSPECT,CUT=48/78;ASSEMBLE+INSPECT=216/338,true
C3A1T0I0F1,3,1,0,0,1,"(3,1,0,1)",113,ASSEMBLE+INSPECT,CUT=48/339;ASSEMBLE+INSPECT=216/226,true
C3A1T0I0F2,3,1,0,0,2,"(3,1,0,2)",80,ASSEMBLE+INSPECT,CUT=48/240;ASSEMBLE+INSPECT=216/240,true
C3A1T0I0F3,3,1,0,0,3,"(3,1,0,3)",59,ASSEMBLE+INSPECT,CUT=48/177;ASSEMBLE+INSPECT=216/236,true
C3A1T0I1F0,3,1,0,1,0,"(3,1,1,0)",149,ASSEMBLE,CUT=48/447;ASSEMBLE=144/149;INSPECT=72/149,false
C3A1T0I1F1,3,1,0,1,1,"(3,1,1,1)",92,ASSEMBLE+INSPECT,CUT=48/276;ASSEMBLE+INSPECT=216/276,true
C3A1T0I1F2,3,1,0,1,2,"(3,1,1,2)",65,ASSEMBLE+INSPECT,CUT=48/195;ASSEMBLE+INSPECT=216/260,true
C3A1T0I1F3,3,1,0,1,3,"(3,1,1,3)",53,ASSEMBLE+INSPECT,CUT=48/159;ASSEMBLE+INSPECT=216/265,true
C3A1T0I2F0,3,1,0,2,0,"(3,1,2,0)",149,ASSEMBLE,CUT=48/447;ASSEMBLE=144/149;INSPECT=72/298,false
C3A1T0I2F1,3,1,0,2,1,"(3,1,2,1)",77,ASSEMBLE+INSPECT,CUT=48/231;ASSEMBLE+INSPECT=216/308,false
C3A1T0I2F2,3,1,0,2,2,"(3,1,2,2)",59,ASSEMBLE+INSPECT,CUT=48/177;ASSEMBLE+INSPECT=216/295,true
C3A1T0I2F3,3,1,0,2,3,"(3,1,2,3)",47,ASSEMBLE+INSPECT,CUT=48/141;ASSEMBLE+INSPECT=216/282,true
C3A1T0I3F0,3,1,0,3,0,"(3,1,3,0)",149,ASSEMBLE,CUT=48/447;ASSEMBLE=144/149;INSPECT=72/447,false
C3A1T0I3F1,3,1,0,3,1,"(3,1,3,1)",77,ASSEMBLE+INSPECT,CUT=48/231;ASSEMBLE+INSPECT=216/385,false
C3A1T0I3F2,3,1,0,3,2,"(3,1,3,2)",53,ASSEMBLE+INSPECT,CUT=48/159;ASSEMBLE+INSPECT=216/318,false
C3A1T0I3F3,3,1,0,3,3,"(3,1,3,3)",46,ASSEMBLE+INSPECT,CUT=48/138;ASSEMBLE+INSPECT=216/322,true
C3A1T0I4F0,3,1,0,4,0,"(3,1,4,0)",149,ASSEMBLE,CUT=48/447;ASSEMBLE=144/149;INSPECT=72/596,false
C3A1T0I4F1,3,1,0,4,1,"(3,1,4,1)",77,ASSEMBLE+INSPECT,CUT=48/231;ASSEMBLE+INSPECT=216/462,false
C3A1T0I4F2,3,1,0,4,2,"(3,1,4,2)",53,ASSEMBLE+INSPECT,CUT=48/159;ASSEMBLE+INSPECT=216/371,false
C3A1T0I4F3,3,1,0,4,3,"(3,1,4,3)",43,ASSEMBLE+INSPECT,CUT=48/129;ASSEMBLE+INSPECT=216/344,false
C3A1T1I0F1,3,1,1,0,1,"(3,3,0,1)",82,ASSEMBLE+INSPECT,CUT=48/246;ASSEMBLE+INSPECT=216/328,true
C3A1T1I0F2,3,1,1,0,2,"(3,3,0,2)",58,ASSEMBLE+INSPECT,CUT=48/174;ASSEMBLE+INSPECT=216/290,true
C3A1T1I0F3,3,1,1,0,3,"(3,3,0,3)",46,ASSEMBLE+INSPECT,CUT=48/138;ASSEMBLE+INSPECT=216/276,true
C3A1T1I1F0,3,1,1,1,0,"(3,3,1,0)",80,INSPECT,CUT=48/240;ASSEMBLE=144/240;INSPECT=72/80,false
C3A1T1I1F1,3,1,1,1,1,"(3,3,1,1)",55,ASSEMBLE+INSPECT,CUT=48/165;ASSEMBLE+INSPECT=216/275,true
C3A1T1I1F2,3,1,1,1,2,"(3,3,1,2)",44,ASSEMBLE+INSPECT,CUT=48/132;ASSEMBLE+INSPECT=216/264,true
C3A1T1I1F3,3,1,1,1,3,"(3,3,1,3)",37,ASSEMBLE+INSPECT,CUT=48/111;ASSEMBLE+INSPECT=216/259,true
C3A1T1I2F0,3,1,1,2,0,"(3,3,2,0)",56,ASSEMBLE,CUT=48/168;ASSEMBLE=144/168;INSPECT=72/112,false
C3A1T1I2F1,3,1,1,2,1,"(3,3,2,1)",47,ASSEMBLE+INSPECT,CUT=48/141;ASSEMBLE+INSPECT=216/282,true
C3A1T1I2F2,3,1,1,2,2,"(3,3,2,2)",41,ASSEMBLE+INSPECT,CUT=48/123;ASSEMBLE+INSPECT=216/287,true
C3A1T1I2F3,3,1,1,2,3,"(3,3,2,3)",35,ASSEMBLE+INSPECT,CUT=48/105;ASSEMBLE+INSPECT=216/280,true
C3A1T1I3F0,3,1,1,3,0,"(3,3,3,0)",53,ASSEMBLE,CUT=48/159;ASSEMBLE=144/159;INSPECT=72/159,false
C3A1T1I3F1,3,1,1,3,1,"(3,3,3,1)",46,ASSEMBLE+INSPECT,CUT=48/138;ASSEMBLE+INSPECT=216/322,true
C3A1T1I3F2,3,1,1,3,2,"(3,3,3,2)",40,ASSEMBLE+INSPECT,CUT=48/120;ASSEMBLE+INSPECT=216/320,true
C3A1T1I3F3,3,1,1,3,3,"(3,3,3,3)",35,ASSEMBLE+INSPECT,CUT=48/105;ASSEMBLE+INSPECT=216/315,true
C3A1T1I4F0,3,1,1,4,0,"(3,3,4,0)",53,ASSEMBLE,CUT=48/159;ASSEMBLE=144/159;INSPECT=72/212,false
C3A1T1I4F1,3,1,1,4,1,"(3,3,4,1)",43,ASSEMBLE+INSPECT,CUT=48/129;ASSEMBLE+INSPECT=216/344,false
C3A1T1I4F2,3,1,1,4,2,"(3,3,4,2)",40,ASSEMBLE+INSPECT,CUT=48/120;ASSEMBLE+INSPECT=216/360,true
C3A1T1I4F3,3,1,1,4,3,"(3,3,4,3)",34,ASSEMBLE+INSPECT,CUT=48/102;ASSEMBLE+INSPECT=216/340,true
C3A1T2I0F1,3,1,2,0,1,"(3,5,0,1)",82,ASSEMBLE+INSPECT,CUT=48/246;ASSEMBLE+INSPECT=216/492,true
C3A1T2I0F2,3,1,2,0,2,"(3,5,0,2)",48,ASSEMBLE+INSPECT,CUT=48/144;ASSEMBLE+INSPECT=216/336,true
C3A1T2I0F3,3,1,2,0,3,"(3,5,0,3)",39,ASSEMBLE+INSPECT,CUT=48/117;ASSEMBLE+INSPECT=216/312,true
C3A1T2I1F0,3,1,2,1,0,"(3,5,1,0)",80,INSPECT,CUT=48/240;ASSEMBLE=144/400;INSPECT=72/80,false
C3A1T2I1F1,3,1,2,1,1,"(3,5,1,1)",49,ASSEMBLE+INSPECT,CUT=48/147;ASSEMBLE+INSPECT=216/343,true
C3A1T2I1F2,3,1,2,1,2,"(3,5,1,2)",39,ASSEMBLE+INSPECT,CUT=48/117;ASSEMBLE+INSPECT=216/312,true
C3A1T2I1F3,3,1,2,1,3,"(3,5,1,3)",33,ASSEMBLE+INSPECT,CUT=48/99;ASSEMBLE+INSPECT=216/297,true
C3A1T2I2F0,3,1,2,2,0,"(3,5,2,0)",44,INSPECT,CUT=48/132;ASSEMBLE=144/220;INSPECT=72/88,false
C3A1T2I2F1,3,1,2,2,1,"(3,5,2,1)",38,ASSEMBLE+INSPECT,CUT=48/114;ASSEMBLE+INSPECT=216/304,true
C3A1T2I2F2,3,1,2,2,2,"(3,5,2,2)",32,ASSEMBLE+INSPECT,CUT=48/96;ASSEMBLE+INSPECT=216/288,true
C3A1T2I2F3,3,1,2,2,3,"(3,5,2,3)",29,ASSEMBLE+INSPECT,CUT=48/87;ASSEMBLE+INSPECT=216/290,true
C3A1T2I3F0,3,1,2,3,0,"(3,5,3,0)",38,ASSEMBLE,CUT=48/114;ASSEMBLE=144/190;INSPECT=72/114,false
C3A1T2I3F1,3,1,2,3,1,"(3,5,3,1)",35,ASSEMBLE+INSPECT,CUT=48/105;ASSEMBLE+INSPECT=216/315,true
C3A1T2I3F2,3,1,2,3,2,"(3,5,3,2)",30,ASSEMBLE+INSPECT,CUT=48/90;ASSEMBLE+INSPECT=216/300,true
C3A1T2I3F3,3,1,2,3,3,"(3,5,3,3)",29,ASSEMBLE+INSPECT,CUT=48/87;ASSEMBLE+INSPECT=216/319,true
C3A1T2I4F0,3,1,2,4,0,"(3,5,4,0)",37,ASSEMBLE,CUT=48/111;ASSEMBLE=144/185;INSPECT=72/148,false
C3A1T2I4F1,3,1,2,4,1,"(3,5,4,1)",34,ASSEMBLE+INSPECT,CUT=48/102;ASSEMBLE+INSPECT=216/340,true
C3A1T2I4F2,3,1,2,4,2,"(3,5,4,2)",29,ASSEMBLE+INSPECT,CUT=48/87;ASSEMBLE+INSPECT=216/319,true
C3A1T2I4F3,3,1,2,4,3,"(3,5,4,3)",29,ASSEMBLE+INSPECT,CUT=48/87;ASSEMBLE+INSPECT=216/348,true
C3A1T3I0F1,3,1,3,0,1,"(3,7,0,1)",84,ASSEMBLE+INSPECT,CUT=48/252;ASSEMBLE+INSPECT=216/672,true
C3A1T3I0F2,3,1,3,0,2,"(3,7,0,2)",48,ASSEMBLE+INSPECT,CUT=48/144;ASSEMBLE+INSPECT=216/432,true
C3A1T3I0F3,3,1,3,0,3,"(3,7,0,3)",36,ASSEMBLE+INSPECT,CUT=48/108;ASSEMBLE+INSPECT=216/360,true
C3A1T3I1F0,3,1,3,1,0,"(3,7,1,0)",80,INSPECT,CUT=48/240;ASSEMBLE=144/560;INSPECT=72/80,false
C3A1T3I1F1,3,1,3,1,1,"(3,7,1,1)",47,ASSEMBLE+INSPECT,CUT=48/141;ASSEMBLE+INSPECT=216/423,true
C3A1T3I1F2,3,1,3,1,2,"(3,7,1,2)",36,ASSEMBLE+INSPECT,CUT=48/108;ASSEMBLE+INSPECT=216/360,true
C3A1T3I1F3,3,1,3,1,3,"(3,7,1,3)",29,ASSEMBLE+INSPECT,CUT=48/87;ASSEMBLE+INSPECT=216/319,true
C3A1T3I2F0,3,1,3,2,0,"(3,7,2,0)",44,INSPECT,CUT=48/132;ASSEMBLE=144/308;INSPECT=72/88,false
C3A1T3I2F1,3,1,3,2,1,"(3,7,2,1)",35,ASSEMBLE+INSPECT,CUT=48/105;ASSEMBLE+INSPECT=216/350,true
C3A1T3I2F2,3,1,3,2,2,"(3,7,2,2)",29,ASSEMBLE+INSPECT,CUT=48/87;ASSEMBLE+INSPECT=216/319,true
C3A1T3I2F3,3,1,3,2,3,"(3,7,2,3)",27,ASSEMBLE+INSPECT,CUT=48/81;ASSEMBLE+INSPECT=216/324,true
C3A1T3I3F0,3,1,3,3,0,"(3,7,3,0)",32,INSPECT,CUT=48/96;ASSEMBLE=144/224;INSPECT=72/96,false
C3A1T3I3F1,3,1,3,3,1,"(3,7,3,1)",29,ASSEMBLE+INSPECT,CUT=48/87;ASSEMBLE+INSPECT=216/319,true
C3A1T3I3F2,3,1,3,3,2,"(3,7,3,2)",27,ASSEMBLE+INSPECT,CUT=48/81;ASSEMBLE+INSPECT=216/324,true
C3A1T3I3F3,3,1,3,3,3,"(3,7,3,3)",26,ASSEMBLE+INSPECT,CUT=48/78;ASSEMBLE+INSPECT=216/338,true
C3A1T3I4F0,3,1,3,4,0,"(3,7,4,0)",29,ASSEMBLE,CUT=48/87;ASSEMBLE=144/203;INSPECT=72/116,false
C3A1T3I4F1,3,1,3,4,1,"(3,7,4,1)",29,ASSEMBLE+INSPECT,CUT=48/87;ASSEMBLE+INSPECT=216/348,true
C3A1T3I4F2,3,1,3,4,2,"(3,7,4,2)",26,ASSEMBLE+INSPECT,CUT=48/78;ASSEMBLE+INSPECT=216/338,true
C3A1T3I4F3,3,1,3,4,3,"(3,7,4,3)",25,CUT,CUT=48/75;ASSEMBLE+INSPECT=216/350,true
C3A2T0I0F1,3,2,0,0,1,"(3,2,0,1)",80,ASSEMBLE+INSPECT,CUT=48/240;ASSEMBLE+INSPECT=216/240,true
C3A2T0I0F2,3,2,0,0,2,"(3,2,0,2)",64,ASSEMBLE+INSPECT,CUT=48/192;ASSEMBLE+INSPECT=216/256,true
C3A2T0I0F3,3,2,0,0,3,"(3,2,0,3)",50,ASSEMBLE+INSPECT,CUT=48/150;ASSEMBLE+INSPECT=216/250,true
C3A2T0I1F0,3,2,0,1,0,"(3,2,1,0)",80,ASSEMBLE|INSPECT,CUT=48/240;ASSEMBLE=144/160;INSPECT=72/80,false
C3A2T0I1F1,3,2,0,1,1,"(3,2,1,1)",59,ASSEMBLE+INSPECT,CUT=48/177;ASSEMBLE+INSPECT=216/236,true
C3A2T0I1F2,3,2,0,1,2,"(3,2,1,2)",50,ASSEMBLE+INSPECT,CUT=48/150;ASSEMBLE+INSPECT=216/250,true
C3A2T0I1F3,3,2,0,1,3,"(3,2,1,3)",41,ASSEMBLE+INSPECT,CUT=48/123;ASSEMBLE+INSPECT=216/246,true
C3A2T0I2F0,3,2,0,2,0,"(3,2,2,0)",77,ASSEMBLE,CUT=48/231;ASSEMBLE=144/154;INSPECT=72/154,false
C3A2T0I2F1,3,2,0,2,1,"(3,2,2,1)",59,ASSEMBLE+INSPECT,CUT=48/177;ASSEMBLE+INSPECT=216/295,true
C3A2T0I2F2,3,2,0,2,2,"(3,2,2,2)",47,ASSEMBLE+INSPECT,CUT=48/141;ASSEMBLE+INSPECT=216/282,true
C3A2T0I2F3,3,2,0,2,3,"(3,2,2,3)",41,ASSEMBLE+INSPECT,CUT=48/123;ASSEMBLE+INSPECT=216/287,true
C3A2T0I3F0,3,2,0,3,0,"(3,2,3,0)",77,ASSEMBLE,CUT=48/231;ASSEMBLE=144/154;INSPECT=72/231,false
C3A2T0I3F1,3,2,0,3,1,"(3,2,3,1)",53,ASSEMBLE+INSPECT,CUT=48/159;ASSEMBLE+INSPECT=216/318,false
C3A2T0I3F2,3,2,0,3,2,"(3,2,3,2)",46,ASSEMBLE+INSPECT,CUT=48/138;ASSEMBLE+INSPECT=216/322,true
C3A2T0I3F3,3,2,0,3,3,"(3,2,3,3)",40,ASSEMBLE+INSPECT,CUT=48/120;ASSEMBLE+INSPECT=216/320,true
C3A2T0I4F0,3,2,0,4,0,"(3,2,4,0)",77,ASSEMBLE,CUT=48/231;ASSEMBLE=144/154;INSPECT=72/308,false
C3A2T0I4F1,3,2,0,4,1,"(3,2,4,1)",53,ASSEMBLE+INSPECT,CUT=48/159;ASSEMBLE+INSPECT=216/371,false
C3A2T0I4F2,3,2,0,4,2,"(3,2,4,2)",43,ASSEMBLE+INSPECT,CUT=48/129;ASSEMBLE+INSPECT=216/344,false
C3A2T0I4F3,3,2,0,4,3,"(3,2,4,3)",40,ASSEMBLE+INSPECT,CUT=48/120;ASSEMBLE+INSPECT=216/360,true
C3A2T1I0F1,3,2,1,0,1,"(3,4,0,1)",82,ASSEMBLE+INSPECT,CUT=48/246;ASSEMBLE+INSPECT=216/410,true
C3A2T1I0F2,3,2,1,0,2,"(3,4,0,2)",52,ASSEMBLE+INSPECT,CUT=48/156;ASSEMBLE+INSPECT=216/312,true
C3A2T1I0F3,3,2,1,0,3,"(3,4,0,3)",42,ASSEMBLE+INSPECT,CUT=48/126;ASSEMBLE+INSPECT=216/294,true
C3A2T1I1F0,3,2,1,1,0,"(3,4,1,0)",80,INSPECT,CUT=48/240;ASSEMBLE=144/320;INSPECT=72/80,false
C3A2T1I1F1,3,2,1,1,1,"(3,4,1,1)",52,ASSEMBLE+INSPECT,CUT=48/156;ASSEMBLE+INSPECT=216/312,true
C3A2T1I1F2,3,2,1,1,2,"(3,4,1,2)",43,ASSEMBLE+INSPECT,CUT=48/129;ASSEMBLE+INSPECT=216/301,true
C3A2T1I1F3,3,2,1,1,3,"(3,4,1,3)",37,ASSEMBLE+INSPECT,CUT=48/111;ASSEMBLE+INSPECT=216/296,true
C3A2T1I2F0,3,2,1,2,0,"(3,4,2,0)",44,ASSEMBLE|INSPECT,CUT=48/132;ASSEMBLE=144/176;INSPECT=72/88,false
C3A2T1I2F1,3,2,1,2,1,"(3,4,2,1)",40,ASSEMBLE+INSPECT,CUT=48/120;ASSEMBLE+INSPECT=216/280,true
C3A2T1I2F2,3,2,1,2,2,"(3,4,2,2)",35,ASSEMBLE+INSPECT,CUT=48/105;ASSEMBLE+INSPECT=216/280,true
C3A2T1I2F3,3,2,1,2,3,"(3,4,2,3)",32,ASSEMBLE+INSPECT,CUT=48/96;ASSEMBLE+INSPECT=216/288,true
C3A2T1I3F0,3,2,1,3,0,"(3,4,3,0)",44,ASSEMBLE,CUT=48/132;ASSEMBLE=144/176;INSPECT=72/132,false
C3A2T1I3F1,3,2,1,3,1,"(3,4,3,1)",37,ASSEMBLE+INSPECT,CUT=48/111;ASSEMBLE+INSPECT=216/296,true
C3A2T1I3F2,3,2,1,3,2,"(3,4,3,2)",35,ASSEMBLE+INSPECT,CUT=48/105;ASSEMBLE+INSPECT=216/315,true
C3A2T1I3F3,3,2,1,3,3,"(3,4,3,3)",31,ASSEMBLE+INSPECT,CUT=48/93;ASSEMBLE+INSPECT=216/310,true
C3A2T1I4F0,3,2,1,4,0,"(3,4,4,0)",43,ASSEMBLE,CUT=48/129;ASSEMBLE=144/172;INSPECT=72/172,false
C3A2T1I4F1,3,2,1,4,1,"(3,4,4,1)",37,ASSEMBLE+INSPECT,CUT=48/111;ASSEMBLE+INSPECT=216/333,true
C3A2T1I4F2,3,2,1,4,2,"(3,4,4,2)",34,ASSEMBLE+INSPECT,CUT=48/102;ASSEMBLE+INSPECT=216/340,true
C3A2T1I4F3,3,2,1,4,3,"(3,4,4,3)",29,ASSEMBLE+INSPECT,CUT=48/87;ASSEMBLE+INSPECT=216/319,true
C3A2T2I0F1,3,2,2,0,1,"(3,6,0,1)",84,ASSEMBLE+INSPECT,CUT=48/252;ASSEMBLE+INSPECT=216/588,true
C3A2T2I0F2,3,2,2,0,2,"(3,6,0,2)",48,ASSEMBLE+INSPECT,CUT=48/144;ASSEMBLE+INSPECT=216/384,true
C3A2T2I0F3,3,2,2,0,3,"(3,6,0,3)",36,ASSEMBLE+INSPECT,CUT=48/108;ASSEMBLE+INSPECT=216/324,true
C3A2T2I1F0,3,2,2,1,0,"(3,6,1,0)",80,INSPECT,CUT=48/240;ASSEMBLE=144/480;INSPECT=72/80,false
C3A2T2I1F1,3,2,2,1,1,"(3,6,1,1)",47,ASSEMBLE+INSPECT,CUT=48/141;ASSEMBLE+INSPECT=216/376,true
C3A2T2I1F2,3,2,2,1,2,"(3,6,1,2)",36,ASSEMBLE+INSPECT,CUT=48/108;ASSEMBLE+INSPECT=216/324,true
C3A2T2I1F3,3,2,2,1,3,"(3,6,1,3)",30,ASSEMBLE+INSPECT,CUT=48/90;ASSEMBLE+INSPECT=216/300,true
C3A2T2I2F0,3,2,2,2,0,"(3,6,2,0)",44,INSPECT,CUT=48/132;ASSEMBLE=144/264;INSPECT=72/88,false
C3A2T2I2F1,3,2,2,2,1,"(3,6,2,1)",36,ASSEMBLE+INSPECT,CUT=48/108;ASSEMBLE+INSPECT=216/324,true
C3A2T2I2F2,3,2,2,2,2,"(3,6,2,2)",30,ASSEMBLE+INSPECT,CUT=48/90;ASSEMBLE+INSPECT=216/300,true
C3A2T2I2F3,3,2,2,2,3,"(3,6,2,3)",29,ASSEMBLE+INSPECT,CUT=48/87;ASSEMBLE+INSPECT=216/319,true
C3A2T2I3F0,3,2,2,3,0,"(3,6,3,0)",32,ASSEMBLE|INSPECT,CUT=48/96;ASSEMBLE=144/192;INSPECT=72/96,false
C3A2T2I3F1,3,2,2,3,1,"(3,6,3,1)",31,ASSEMBLE+INSPECT,CUT=48/93;ASSEMBLE+INSPECT=216/310,true
C3A2T2I3F2,3,2,2,3,2,"(3,6,3,2)",29,ASSEMBLE+INSPECT,CUT=48/87;ASSEMBLE+INSPECT=216/319,true
C3A2T2I3F3,3,2,2,3,3,"(3,6,3,3)",26,ASSEMBLE+INSPECT,CUT=48/78;ASSEMBLE+INSPECT=216/312,true
C3A2T2I4F0,3,2,2,4,0,"(3,6,4,0)",32,ASSEMBLE,CUT=48/96;ASSEMBLE=144/192;INSPECT=72/128,false
C3A2T2I4F1,3,2,2,4,1,"(3,6,4,1)",29,ASSEMBLE+INSPECT,CUT=48/87;ASSEMBLE+INSPECT=216/319,true
C3A2T2I4F2,3,2,2,4,2,"(3,6,4,2)",29,ASSEMBLE+INSPECT,CUT=48/87;ASSEMBLE+INSPECT=216/348,true
C3A2T2I4F3,3,2,2,4,3,"(3,6,4,3)",26,ASSEMBLE+INSPECT,CUT=48/78;ASSEMBLE+INSPECT=216/338,true
C3A2T3I0F1,3,2,3,0,1,"(3,8,0,1)",84,ASSEMBLE+INSPECT,CUT=48/252;ASSEMBLE+INSPECT=216/756,true
C3A2T3I0F2,3,2,3,0,2,"(3,8,0,2)",47,ASSEMBLE+INSPECT,CUT=48/141;ASSEMBLE+INSPECT=216/470,true
C3A2T3I0F3,3,2,3,0,3,"(3,8,0,3)",35,ASSEMBLE+INSPECT,CUT=48/105;ASSEMBLE+INSPECT=216/385,true
C3A2T3I1F0,3,2,3,1,0,"(3,8,1,0)",80,INSPECT,CUT=48/240;ASSEMBLE=144/640;INSPECT=72/80,false
C3A2T3I1F1,3,2,3,1,1,"(3,8,1,1)",47,ASSEMBLE+INSPECT,CUT=48/141;ASSEMBLE+INSPECT=216/470,true
C3A2T3I1F2,3,2,3,1,2,"(3,8,1,2)",35,ASSEMBLE+INSPECT,CUT=48/105;ASSEMBLE+INSPECT=216/385,true
C3A2T3I1F3,3,2,3,1,3,"(3,8,1,3)",29,ASSEMBLE+INSPECT,CUT=48/87;ASSEMBLE+INSPECT=216/348,true
C3A2T3I2F0,3,2,3,2,0,"(3,8,2,0)",44,INSPECT,CUT=48/132;ASSEMBLE=144/352;INSPECT=72/88,false
C3A2T3I2F1,3,2,3,2,1,"(3,8,2,1)",35,ASSEMBLE+INSPECT,CUT=48/105;ASSEMBLE+INSPECT=216/385,true
C3A2T3I2F2,3,2,3,2,2,"(3,8,2,2)",29,ASSEMBLE+INSPECT,CUT=48/87;ASSEMBLE+INSPECT=216/348,true
C3A2T3I2F3,3,2,3,2,3,"(3,8,2,3)",26,ASSEMBLE+INSPECT,CUT=48/78;ASSEMBLE+INSPECT=216/338,true
C3A2T3I3F0,3,2,3,3,0,"(3,8,3,0)",32,INSPECT,CUT=48/96;ASSEMBLE=144/256;INSPECT=72/96,false
C3A2T3I3F1,3,2,3,3,1,"(3,8,3,1)",29,ASSEMBLE+INSPECT,CUT=48/87;ASSEMBLE+INSPECT=216/348,true
C3A2T3I3F2,3,2,3,3,2,"(3,8,3,2)",26,ASSEMBLE+INSPECT,CUT=48/78;ASSEMBLE+INSPECT=216/338,true
C3A2T3I3F3,3,2,3,3,3,"(3,8,3,3)",25,CUT,CUT=48/75;ASSEMBLE+INSPECT=216/350,true
C3A2T3I4F0,3,2,3,4,0,"(3,8,4,0)",28,ASSEMBLE|INSPECT,CUT=48/84;ASSEMBLE=144/224;INSPECT=72/112,false
C3A2T3I4F1,3,2,3,4,1,"(3,8,4,1)",26,ASSEMBLE+INSPECT,CUT=48/78;ASSEMBLE+INSPECT=216/338,true
C3A2T3I4F2,3,2,3,4,2,"(3,8,4,2)",25,CUT,CUT=48/75;ASSEMBLE+INSPECT=216/350,true
C3A2T3I4F3,3,2,3,4,3,"(3,8,4,3)",25,CUT,CUT=48/75;ASSEMBLE+INSPECT=216/375,true
C3A3T0I0F1,3,3,0,0,1,"(3,3,0,1)",82,ASSEMBLE+INSPECT,CUT=48/246;ASSEMBLE+INSPECT=216/328,true
C3A3T0I0F2,3,3,0,0,2,"(3,3,0,2)",58,ASSEMBLE+INSPECT,CUT=48/174;ASSEMBLE+INSPECT=216/290,true
C3A3T0I0F3,3,3,0,0,3,"(3,3,0,3)",46,ASSEMBLE+INSPECT,CUT=48/138;ASSEMBLE+INSPECT=216/276,true
C3A3T0I1F0,3,3,0,1,0,"(3,3,1,0)",80,INSPECT,CUT=48/240;ASSEMBLE=144/240;INSPECT=72/80,false
C3A3T0I1F1,3,3,0,1,1,"(3,3,1,1)",55,ASSEMBLE+INSPECT,CUT=48/165;ASSEMBLE+INSPECT=216/275,true
C3A3T0I1F2,3,3,0,1,2,"(3,3,1,2)",44,ASSEMBLE+INSPECT,CUT=48/132;ASSEMBLE+INSPECT=216/264,true
C3A3T0I1F3,3,3,0,1,3,"(3,3,1,3)",37,ASSEMBLE+INSPECT,CUT=48/111;ASSEMBLE+INSPECT=216/259,true
C3A3T0I2F0,3,3,0,2,0,"(3,3,2,0)",56,ASSEMBLE,CUT=48/168;ASSEMBLE=144/168;INSPECT=72/112,false
C3A3T0I2F1,3,3,0,2,1,"(3,3,2,1)",47,ASSEMBLE+INSPECT,CUT=48/141;ASSEMBLE+INSPECT=216/282,true
C3A3T0I2F2,3,3,0,2,2,"(3,3,2,2)",41,ASSEMBLE+INSPECT,CUT=48/123;ASSEMBLE+INSPECT=216/287,true
C3A3T0I2F3,3,3,0,2,3,"(3,3,2,3)",35,ASSEMBLE+INSPECT,CUT=48/105;ASSEMBLE+INSPECT=216/280,true
C3A3T0I3F0,3,3,0,3,0,"(3,3,3,0)",53,ASSEMBLE,CUT=48/159;ASSEMBLE=144/159;INSPECT=72/159,false
C3A3T0I3F1,3,3,0,3,1,"(3,3,3,1)",46,ASSEMBLE+INSPECT,CUT=48/138;ASSEMBLE+INSPECT=216/322,true
C3A3T0I3F2,3,3,0,3,2,"(3,3,3,2)",40,ASSEMBLE+INSPECT,CUT=48/120;ASSEMBLE+INSPECT=216/320,true
C3A3T0I3F3,3,3,0,3,3,"(3,3,3,3)",35,ASSEMBLE+INSPECT,CUT=48/105;ASSEMBLE+INSPECT=216/315,true
C3A3T0I4F0,3,3,0,4,0,"(3,3,4,0)",53,ASSEMBLE,CUT=48/159;ASSEMBLE=144/159;INSPECT=72/212,false
C3A3T0I4F1,3,3,0,4,1,"(3,3,4,1)",43,ASSEMBLE+INSPECT,CUT=48/129;ASSEMBLE+INSPECT=216/344,false
C3A3T0I4F2,3,3,0,4,2,"(3,3,4,2)",40,ASSEMBLE+INSPECT,CUT=48/120;ASSEMBLE+INSPECT=216/360,true
C3A3T0I4F3,3,3,0,4,3,"(3,3,4,3)",34,ASSEMBLE+INSPECT,CUT=48/102;ASSEMBLE+INSPECT=216/340,true
C3A3T1I0F1,3,3,1,0,1,"(3,5,0,1)",82,ASSEMBLE+INSPECT,CUT=48/246;ASSEMBLE+INSPECT=216/492,true
C3A3T1I0F2,3,3,1,0,2,"(3,5,0,2)",48,ASSEMBLE+INSPECT,CUT=48/144;ASSEMBLE+INSPECT=216/336,true
C3A3T1I0F3,3,3,1,0,3,"(3,5,0,3)",39,ASSEMBLE+INSPECT,CUT=48/117;ASSEMBLE+INSPECT=216/312,true
C3A3T1I1F0,3,3,1,1,0,"(3,5,1,0)",80,INSPECT,CUT=48/240;ASSEMBLE=144/400;INSPECT=72/80,false
C3A3T1I1F1,3,3,1,1,1,"(3,5,1,1)",49,ASSEMBLE+INSPECT,CUT=48/147;ASSEMBLE+INSPECT=216/343,true
C3A3T1I1F2,3,3,1,1,2,"(3,5,1,2)",39,ASSEMBLE+INSPECT,CUT=48/117;ASSEMBLE+INSPECT=216/312,true
C3A3T1I1F3,3,3,1,1,3,"(3,5,1,3)",33,ASSEMBLE+INSPECT,CUT=48/99;ASSEMBLE+INSPECT=216/297,true
C3A3T1I2F0,3,3,1,2,0,"(3,5,2,0)",44,INSPECT,CUT=48/132;ASSEMBLE=144/220;INSPECT=72/88,false
C3A3T1I2F1,3,3,1,2,1,"(3,5,2,1)",38,ASSEMBLE+INSPECT,CUT=48/114;ASSEMBLE+INSPECT=216/304,true
C3A3T1I2F2,3,3,1,2,2,"(3,5,2,2)",32,ASSEMBLE+INSPECT,CUT=48/96;ASSEMBLE+INSPECT=216/288,true
C3A3T1I2F3,3,3,1,2,3,"(3,5,2,3)",29,ASSEMBLE+INSPECT,CUT=48/87;ASSEMBLE+INSPECT=216/290,true
C3A3T1I3F0,3,3,1,3,0,"(3,5,3,0)",38,ASSEMBLE,CUT=48/114;ASSEMBLE=144/190;INSPECT=72/114,false
C3A3T1I3F1,3,3,1,3,1,"(3,5,3,1)",35,ASSEMBLE+INSPECT,CUT=48/105;ASSEMBLE+INSPECT=216/315,true
C3A3T1I3F2,3,3,1,3,2,"(3,5,3,2)",30,ASSEMBLE+INSPECT,CUT=48/90;ASSEMBLE+INSPECT=216/300,true
C3A3T1I3F3,3,3,1,3,3,"(3,5,3,3)",29,ASSEMBLE+INSPECT,CUT=48/87;ASSEMBLE+INSPECT=216/319,true
C3A3T1I4F0,3,3,1,4,0,"(3,5,4,0)",37,ASSEMBLE,CUT=48/111;ASSEMBLE=144/185;INSPECT=72/148,false
C3A3T1I4F1,3,3,1,4,1,"(3,5,4,1)",34,ASSEMBLE+INSPECT,CUT=48/102;ASSEMBLE+INSPECT=216/340,true
C3A3T1I4F2,3,3,1,4,2,"(3,5,4,2)",29,ASSEMBLE+INSPECT,CUT=48/87;ASSEMBLE+INSPECT=216/319,true
C3A3T1I4F3,3,3,1,4,3,"(3,5,4,3)",29,ASSEMBLE+INSPECT,CUT=48/87;ASSEMBLE+INSPECT=216/348,true
C3A3T2I0F1,3,3,2,0,1,"(3,7,0,1)",84,ASSEMBLE+INSPECT,CUT=48/252;ASSEMBLE+INSPECT=216/672,true
C3A3T2I0F2,3,3,2,0,2,"(3,7,0,2)",48,ASSEMBLE+INSPECT,CUT=48/144;ASSEMBLE+INSPECT=216/432,true
C3A3T2I0F3,3,3,2,0,3,"(3,7,0,3)",36,ASSEMBLE+INSPECT,CUT=48/108;ASSEMBLE+INSPECT=216/360,true
C3A3T2I1F0,3,3,2,1,0,"(3,7,1,0)",80,INSPECT,CUT=48/240;ASSEMBLE=144/560;INSPECT=72/80,false
C3A3T2I1F1,3,3,2,1,1,"(3,7,1,1)",47,ASSEMBLE+INSPECT,CUT=48/141;ASSEMBLE+INSPECT=216/423,true
C3A3T2I1F2,3,3,2,1,2,"(3,7,1,2)",36,ASSEMBLE+INSPECT,CUT=48/108;ASSEMBLE+INSPECT=216/360,true
C3A3T2I1F3,3,3,2,1,3,"(3,7,1,3)",29,ASSEMBLE+INSPECT,CUT=48/87;ASSEMBLE+INSPECT=216/319,true
C3A3T2I2F0,3,3,2,2,0,"(3,7,2,0)",44,INSPECT,CUT=48/132;ASSEMBLE=144/308;INSPECT=72/88,false
C3A3T2I2F1,3,3,2,2,1,"(3,7,2,1)",35,ASSEMBLE+INSPECT,CUT=48/105;ASSEMBLE+INSPECT=216/350,true
C3A3T2I2F2,3,3,2,2,2,"(3,7,2,2)",29,ASSEMBLE+INSPECT,CUT=48/87;ASSEMBLE+INSPECT=216/319,true
C3A3T2I2F3,3,3,2,2,3,"(3,7,2,3)",27,ASSEMBLE+INSPECT,CUT=48/81;ASSEMBLE+INSPECT=216/324,true
C3A3T2I3F0,3,3,2,3,0,"(3,7,3,0)",32,INSPECT,CUT=48/96;ASSEMBLE=144/224;INSPECT=72/96,false
C3A3T2I3F1,3,3,2,3,1,"(3,7,3,1)",29,ASSEMBLE+INSPECT,CUT=48/87;ASSEMBLE+INSPECT=216/319,true
C3A3T2I3F2,3,3,2,3,2,"(3,7,3,2)",27,ASSEMBLE+INSPECT,CUT=48/81;ASSEMBLE+INSPECT=216/324,true
C3A3T2I3F3,3,3,2,3,3,"(3,7,3,3)",26,ASSEMBLE+INSPECT,CUT=48/78;ASSEMBLE+INSPECT=216/338,true
C3A3T2I4F0,3,3,2,4,0,"(3,7,4,0)",29,ASSEMBLE,CUT=48/87;ASSEMBLE=144/203;INSPECT=72/116,false
C3A3T2I4F1,3,3,2,4,1,"(3,7,4,1)",29,ASSEMBLE+INSPECT,CUT=48/87;ASSEMBLE+INSPECT=216/348,true
C3A3T2I4F2,3,3,2,4,2,"(3,7,4,2)",26,ASSEMBLE+INSPECT,CUT=48/78;ASSEMBLE+INSPECT=216/338,true
C3A3T2I4F3,3,3,2,4,3,"(3,7,4,3)",25,CUT,CUT=48/75;ASSEMBLE+INSPECT=216/350,true
C3A3T3I0F1,3,3,3,0,1,"(3,9,0,1)",80,ASSEMBLE+INSPECT,CUT=48/240;ASSEMBLE+INSPECT=216/800,false
C3A3T3I0F2,3,3,3,0,2,"(3,9,0,2)",44,ASSEMBLE+INSPECT,CUT=48/132;ASSEMBLE+INSPECT=216/484,false
C3A3T3I0F3,3,3,3,0,3,"(3,9,0,3)",32,ASSEMBLE+INSPECT,CUT=48/96;ASSEMBLE+INSPECT=216/384,false
C3A3T3I1F0,3,3,3,1,0,"(3,9,1,0)",80,INSPECT,CUT=48/240;ASSEMBLE=144/720;INSPECT=72/80,false
C3A3T3I1F1,3,3,3,1,1,"(3,9,1,1)",44,ASSEMBLE+INSPECT,CUT=48/132;ASSEMBLE+INSPECT=216/484,false
C3A3T3I1F2,3,3,3,1,2,"(3,9,1,2)",32,ASSEMBLE+INSPECT,CUT=48/96;ASSEMBLE+INSPECT=216/384,false
C3A3T3I1F3,3,3,3,1,3,"(3,9,1,3)",28,ASSEMBLE+INSPECT,CUT=48/84;ASSEMBLE+INSPECT=216/364,false
C3A3T3I2F0,3,3,3,2,0,"(3,9,2,0)",44,INSPECT,CUT=48/132;ASSEMBLE=144/396;INSPECT=72/88,false
C3A3T3I2F1,3,3,3,2,1,"(3,9,2,1)",32,ASSEMBLE+INSPECT,CUT=48/96;ASSEMBLE+INSPECT=216/384,false
C3A3T3I2F2,3,3,3,2,2,"(3,9,2,2)",28,ASSEMBLE+INSPECT,CUT=48/84;ASSEMBLE+INSPECT=216/364,false
C3A3T3I2F3,3,3,3,2,3,"(3,9,2,3)",26,CUT,CUT=48/78;ASSEMBLE+INSPECT=216/364,false
C3A3T3I3F0,3,3,3,3,0,"(3,9,3,0)",32,INSPECT,CUT=48/96;ASSEMBLE=144/288;INSPECT=72/96,false
C3A3T3I3F1,3,3,3,3,1,"(3,9,3,1)",28,ASSEMBLE+INSPECT,CUT=48/84;ASSEMBLE+INSPECT=216/364,false
C3A3T3I3F2,3,3,3,3,2,"(3,9,3,2)",26,CUT,CUT=48/78;ASSEMBLE+INSPECT=216/364,false
C3A3T3I3F3,3,3,3,3,3,"(3,9,3,3)",25,CUT,CUT=48/75;ASSEMBLE+INSPECT=216/375,false
C3A3T3I4F0,3,3,3,4,0,"(3,9,4,0)",28,INSPECT,CUT=48/84;ASSEMBLE=144/252;INSPECT=72/112,false
C3A3T3I4F1,3,3,3,4,1,"(3,9,4,1)",26,CUT,CUT=48/78;ASSEMBLE+INSPECT=216/364,false
C3A3T3I4F2,3,3,3,4,2,"(3,9,4,2)",25,CUT,CUT=48/75;ASSEMBLE+INSPECT=216/375,false
C3A3T3I4F3,3,3,3,4,3,"(3,9,4,3)",25,CUT,CUT=48/75;ASSEMBLE+INSPECT=216/400,false
C3A4T0I0F1,3,4,0,0,1,"(3,4,0,1)",82,ASSEMBLE+INSPECT,CUT=48/246;ASSEMBLE+INSPECT=216/410,true
C3A4T0I0F2,3,4,0,0,2,"(3,4,0,2)",52,ASSEMBLE+INSPECT,CUT=48/156;ASSEMBLE+INSPECT=216/312,true
C3A4T0I0F3,3,4,0,0,3,"(3,4,0,3)",42,ASSEMBLE+INSPECT,CUT=48/126;ASSEMBLE+INSPECT=216/294,true
C3A4T0I1F0,3,4,0,1,0,"(3,4,1,0)",80,INSPECT,CUT=48/240;ASSEMBLE=144/320;INSPECT=72/80,false
C3A4T0I1F1,3,4,0,1,1,"(3,4,1,1)",52,ASSEMBLE+INSPECT,CUT=48/156;ASSEMBLE+INSPECT=216/312,true
C3A4T0I1F2,3,4,0,1,2,"(3,4,1,2)",43,ASSEMBLE+INSPECT,CUT=48/129;ASSEMBLE+INSPECT=216/301,true
C3A4T0I1F3,3,4,0,1,3,"(3,4,1,3)",37,ASSEMBLE+INSPECT,CUT=48/111;ASSEMBLE+INSPECT=216/296,true
C3A4T0I2F0,3,4,0,2,0,"(3,4,2,0)",44,ASSEMBLE|INSPECT,CUT=48/132;ASSEMBLE=144/176;INSPECT=72/88,false
C3A4T0I2F1,3,4,0,2,1,"(3,4,2,1)",40,ASSEMBLE+INSPECT,CUT=48/120;ASSEMBLE+INSPECT=216/280,true
C3A4T0I2F2,3,4,0,2,2,"(3,4,2,2)",35,ASSEMBLE+INSPECT,CUT=48/105;ASSEMBLE+INSPECT=216/280,true
C3A4T0I2F3,3,4,0,2,3,"(3,4,2,3)",32,ASSEMBLE+INSPECT,CUT=48/96;ASSEMBLE+INSPECT=216/288,true
C3A4T0I3F0,3,4,0,3,0,"(3,4,3,0)",44,ASSEMBLE,CUT=48/132;ASSEMBLE=144/176;INSPECT=72/132,false
C3A4T0I3F1,3,4,0,3,1,"(3,4,3,1)",37,ASSEMBLE+INSPECT,CUT=48/111;ASSEMBLE+INSPECT=216/296,true
C3A4T0I3F2,3,4,0,3,2,"(3,4,3,2)",35,ASSEMBLE+INSPECT,CUT=48/105;ASSEMBLE+INSPECT=216/315,true
C3A4T0I3F3,3,4,0,3,3,"(3,4,3,3)",31,ASSEMBLE+INSPECT,CUT=48/93;ASSEMBLE+INSPECT=216/310,true
C3A4T0I4F0,3,4,0,4,0,"(3,4,4,0)",43,ASSEMBLE,CUT=48/129;ASSEMBLE=144/172;INSPECT=72/172,false
C3A4T0I4F1,3,4,0,4,1,"(3,4,4,1)",37,ASSEMBLE+INSPECT,CUT=48/111;ASSEMBLE+INSPECT=216/333,true
C3A4T0I4F2,3,4,0,4,2,"(3,4,4,2)",34,ASSEMBLE+INSPECT,CUT=48/102;ASSEMBLE+INSPECT=216/340,true
C3A4T0I4F3,3,4,0,4,3,"(3,4,4,3)",29,ASSEMBLE+INSPECT,CUT=48/87;ASSEMBLE+INSPECT=216/319,true
C3A4T1I0F1,3,4,1,0,1,"(3,6,0,1)",84,ASSEMBLE+INSPECT,CUT=48/252;ASSEMBLE+INSPECT=216/588,true
C3A4T1I0F2,3,4,1,0,2,"(3,6,0,2)",48,ASSEMBLE+INSPECT,CUT=48/144;ASSEMBLE+INSPECT=216/384,true
C3A4T1I0F3,3,4,1,0,3,"(3,6,0,3)",36,ASSEMBLE+INSPECT,CUT=48/108;ASSEMBLE+INSPECT=216/324,true
C3A4T1I1F0,3,4,1,1,0,"(3,6,1,0)",80,INSPECT,CUT=48/240;ASSEMBLE=144/480;INSPECT=72/80,false
C3A4T1I1F1,3,4,1,1,1,"(3,6,1,1)",47,ASSEMBLE+INSPECT,CUT=48/141;ASSEMBLE+INSPECT=216/376,true
C3A4T1I1F2,3,4,1,1,2,"(3,6,1,2)",36,ASSEMBLE+INSPECT,CUT=48/108;ASSEMBLE+INSPECT=216/324,true
C3A4T1I1F3,3,4,1,1,3,"(3,6,1,3)",30,ASSEMBLE+INSPECT,CUT=48/90;ASSEMBLE+INSPECT=216/300,true
C3A4T1I2F0,3,4,1,2,0,"(3,6,2,0)",44,INSPECT,CUT=48/132;ASSEMBLE=144/264;INSPECT=72/88,false
C3A4T1I2F1,3,4,1,2,1,"(3,6,2,1)",36,ASSEMBLE+INSPECT,CUT=48/108;ASSEMBLE+INSPECT=216/324,true
C3A4T1I2F2,3,4,1,2,2,"(3,6,2,2)",30,ASSEMBLE+INSPECT,CUT=48/90;ASSEMBLE+INSPECT=216/300,true
C3A4T1I2F3,3,4,1,2,3,"(3,6,2,3)",29,ASSEMBLE+INSPECT,CUT=48/87;ASSEMBLE+INSPECT=216/319,true
C3A4T1I3F0,3,4,1,3,0,"(3,6,3,0)",32,ASSEMBLE|INSPECT,CUT=48/96;ASSEMBLE=144/192;INSPECT=72/96,false
C3A4T1I3F1,3,4,1,3,1,"(3,6,3,1)",31,ASSEMBLE+INSPECT,CUT=48/93;ASSEMBLE+INSPECT=216/310,true
C3A4T1I3F2,3,4,1,3,2,"(3,6,3,2)",29,ASSEMBLE+INSPECT,CUT=48/87;ASSEMBLE+INSPECT=216/319,true
C3A4T1I3F3,3,4,1,3,3,"(3,6,3,3)",26,ASSEMBLE+INSPECT,CUT=48/78;ASSEMBLE+INSPECT=216/312,true
C3A4T1I4F0,3,4,1,4,0,"(3,6,4,0)",32,ASSEMBLE,CUT=48/96;ASSEMBLE=144/192;INSPECT=72/128,false
C3A4T1I4F1,3,4,1,4,1,"(3,6,4,1)",29,ASSEMBLE+INSPECT,CUT=48/87;ASSEMBLE+INSPECT=216/319,true
C3A4T1I4F2,3,4,1,4,2,"(3,6,4,2)",29,ASSEMBLE+INSPECT,CUT=48/87;ASSEMBLE+INSPECT=216/348,true
C3A4T1I4F3,3,4,1,4,3,"(3,6,4,3)",26,ASSEMBLE+INSPECT,CUT=48/78;ASSEMBLE+INSPECT=216/338,true
C3A4T2I0F1,3,4,2,0,1,"(3,8,0,1)",84,ASSEMBLE+INSPECT,CUT=48/252;ASSEMBLE+INSPECT=216/756,true
C3A4T2I0F2,3,4,2,0,2,"(3,8,0,2)",47,ASSEMBLE+INSPECT,CUT=48/141;ASSEMBLE+INSPECT=216/470,true
C3A4T2I0F3,3,4,2,0,3,"(3,8,0,3)",35,ASSEMBLE+INSPECT,CUT=48/105;ASSEMBLE+INSPECT=216/385,true
C3A4T2I1F0,3,4,2,1,0,"(3,8,1,0)",80,INSPECT,CUT=48/240;ASSEMBLE=144/640;INSPECT=72/80,false
C3A4T2I1F1,3,4,2,1,1,"(3,8,1,1)",47,ASSEMBLE+INSPECT,CUT=48/141;ASSEMBLE+INSPECT=216/470,true
C3A4T2I1F2,3,4,2,1,2,"(3,8,1,2)",35,ASSEMBLE+INSPECT,CUT=48/105;ASSEMBLE+INSPECT=216/385,true
C3A4T2I1F3,3,4,2,1,3,"(3,8,1,3)",29,ASSEMBLE+INSPECT,CUT=48/87;ASSEMBLE+INSPECT=216/348,true
C3A4T2I2F0,3,4,2,2,0,"(3,8,2,0)",44,INSPECT,CUT=48/132;ASSEMBLE=144/352;INSPECT=72/88,false
C3A4T2I2F1,3,4,2,2,1,"(3,8,2,1)",35,ASSEMBLE+INSPECT,CUT=48/105;ASSEMBLE+INSPECT=216/385,true
C3A4T2I2F2,3,4,2,2,2,"(3,8,2,2)",29,ASSEMBLE+INSPECT,CUT=48/87;ASSEMBLE+INSPECT=216/348,true
C3A4T2I2F3,3,4,2,2,3,"(3,8,2,3)",26,ASSEMBLE+INSPECT,CUT=48/78;ASSEMBLE+INSPECT=216/338,true
C3A4T2I3F0,3,4,2,3,0,"(3,8,3,0)",32,INSPECT,CUT=48/96;ASSEMBLE=144/256;INSPECT=72/96,false
C3A4T2I3F1,3,4,2,3,1,"(3,8,3,1)",29,ASSEMBLE+INSPECT,CUT=48/87;ASSEMBLE+INSPECT=216/348,true
C3A4T2I3F2,3,4,2,3,2,"(3,8,3,2)",26,ASSEMBLE+INSPECT,CUT=48/78;ASSEMBLE+INSPECT=216/338,true
C3A4T2I3F3,3,4,2,3,3,"(3,8,3,3)",25,CUT,CUT=48/75;ASSEMBLE+INSPECT=216/350,true
C3A4T2I4F0,3,4,2,4,0,"(3,8,4,0)",28,ASSEMBLE|INSPECT,CUT=48/84;ASSEMBLE=144/224;INSPECT=72/112,false
C3A4T2I4F1,3,4,2,4,1,"(3,8,4,1)",26,ASSEMBLE+INSPECT,CUT=48/78;ASSEMBLE+INSPECT=216/338,true
C3A4T2I4F2,3,4,2,4,2,"(3,8,4,2)",25,CUT,CUT=48/75;ASSEMBLE+INSPECT=216/350,true
C3A4T2I4F3,3,4,2,4,3,"(3,8,4,3)",25,CUT,CUT=48/75;ASSEMBLE+INSPECT=216/375,true
C3A4T3I0F1,3,4,3,0,1,"(3,10,0,1)",80,ASSEMBLE+INSPECT,CUT=48/240;ASSEMBLE+INSPECT=216/880,false
C3A4T3I0F2,3,4,3,0,2,"(3,10,0,2)",44,ASSEMBLE+INSPECT,CUT=48/132;ASSEMBLE+INSPECT=216/528,false
C3A4T3I0F3,3,4,3,0,3,"(3,10,0,3)",32,ASSEMBLE+INSPECT,CUT=48/96;ASSEMBLE+INSPECT=216/416,false
C3A4T3I1F0,3,4,3,1,0,"(3,10,1,0)",80,INSPECT,CUT=48/240;ASSEMBLE=144/800;INSPECT=72/80,false
C3A4T3I1F1,3,4,3,1,1,"(3,10,1,1)",44,ASSEMBLE+INSPECT,CUT=48/132;ASSEMBLE+INSPECT=216/528,false
C3A4T3I1F2,3,4,3,1,2,"(3,10,1,2)",32,ASSEMBLE+INSPECT,CUT=48/96;ASSEMBLE+INSPECT=216/416,false
C3A4T3I1F3,3,4,3,1,3,"(3,10,1,3)",28,CUT,CUT=48/84;ASSEMBLE+INSPECT=216/392,false
C3A4T3I2F0,3,4,3,2,0,"(3,10,2,0)",44,INSPECT,CUT=48/132;ASSEMBLE=144/440;INSPECT=72/88,false
C3A4T3I2F1,3,4,3,2,1,"(3,10,2,1)",32,ASSEMBLE+INSPECT,CUT=48/96;ASSEMBLE+INSPECT=216/416,false
C3A4T3I2F2,3,4,3,2,2,"(3,10,2,2)",28,CUT,CUT=48/84;ASSEMBLE+INSPECT=216/392,false
C3A4T3I2F3,3,4,3,2,3,"(3,10,2,3)",26,CUT,CUT=48/78;ASSEMBLE+INSPECT=216/390,false
C3A4T3I3F0,3,4,3,3,0,"(3,10,3,0)",32,INSPECT,CUT=48/96;ASSEMBLE=144/320;INSPECT=72/96,false
C3A4T3I3F1,3,4,3,3,1,"(3,10,3,1)",28,CUT,CUT=48/84;ASSEMBLE+INSPECT=216/392,false
C3A4T3I3F2,3,4,3,3,2,"(3,10,3,2)",26,CUT,CUT=48/78;ASSEMBLE+INSPECT=216/390,false
C3A4T3I3F3,3,4,3,3,3,"(3,10,3,3)",25,CUT,CUT=48/75;ASSEMBLE+INSPECT=216/400,false
C3A4T3I4F0,3,4,3,4,0,"(3,10,4,0)",28,INSPECT,CUT=48/84;ASSEMBLE=144/280;INSPECT=72/112,false
C3A4T3I4F1,3,4,3,4,1,"(3,10,4,1)",26,CUT,CUT=48/78;ASSEMBLE+INSPECT=216/390,false
C3A4T3I4F2,3,4,3,4,2,"(3,10,4,2)",25,CUT,CUT=48/75;ASSEMBLE+INSPECT=216/400,false
C3A4T3I4F3,3,4,3,4,3,"(3,10,4,3)",25,CUT,CUT=48/75;ASSEMBLE+INSPECT=216/425,false
C3A5T0I0F1,3,5,0,0,1,"(3,5,0,1)",82,ASSEMBLE+INSPECT,CUT=48/246;ASSEMBLE+INSPECT=216/492,true
C3A5T0I0F2,3,5,0,0,2,"(3,5,0,2)",48,ASSEMBLE+INSPECT,CUT=48/144;ASSEMBLE+INSPECT=216/336,true
C3A5T0I0F3,3,5,0,0,3,"(3,5,0,3)",39,ASSEMBLE+INSPECT,CUT=48/117;ASSEMBLE+INSPECT=216/312,true
C3A5T0I1F0,3,5,0,1,0,"(3,5,1,0)",80,INSPECT,CUT=48/240;ASSEMBLE=144/400;INSPECT=72/80,false
C3A5T0I1F1,3,5,0,1,1,"(3,5,1,1)",49,ASSEMBLE+INSPECT,CUT=48/147;ASSEMBLE+INSPECT=216/343,true
C3A5T0I1F2,3,5,0,1,2,"(3,5,1,2)",39,ASSEMBLE+INSPECT,CUT=48/117;ASSEMBLE+INSPECT=216/312,true
C3A5T0I1F3,3,5,0,1,3,"(3,5,1,3)",33,ASSEMBLE+INSPECT,CUT=48/99;ASSEMBLE+INSPECT=216/297,true
C3A5T0I2F0,3,5,0,2,0,"(3,5,2,0)",44,INSPECT,CUT=48/132;ASSEMBLE=144/220;INSPECT=72/88,false
C3A5T0I2F1,3,5,0,2,1,"(3,5,2,1)",38,ASSEMBLE+INSPECT,CUT=48/114;ASSEMBLE+INSPECT=216/304,true
C3A5T0I2F2,3,5,0,2,2,"(3,5,2,2)",32,ASSEMBLE+INSPECT,CUT=48/96;ASSEMBLE+INSPECT=216/288,true
C3A5T0I2F3,3,5,0,2,3,"(3,5,2,3)",29,ASSEMBLE+INSPECT,CUT=48/87;ASSEMBLE+INSPECT=216/290,true
C3A5T0I3F0,3,5,0,3,0,"(3,5,3,0)",38,ASSEMBLE,CUT=48/114;ASSEMBLE=144/190;INSPECT=72/114,false
C3A5T0I3F1,3,5,0,3,1,"(3,5,3,1)",35,ASSEMBLE+INSPECT,CUT=48/105;ASSEMBLE+INSPECT=216/315,true
C3A5T0I3F2,3,5,0,3,2,"(3,5,3,2)",30,ASSEMBLE+INSPECT,CUT=48/90;ASSEMBLE+INSPECT=216/300,true
C3A5T0I3F3,3,5,0,3,3,"(3,5,3,3)",29,ASSEMBLE+INSPECT,CUT=48/87;ASSEMBLE+INSPECT=216/319,true
C3A5T0I4F0,3,5,0,4,0,"(3,5,4,0)",37,ASSEMBLE,CUT=48/111;ASSEMBLE=144/185;INSPECT=72/148,false
C3A5T0I4F1,3,5,0,4,1,"(3,5,4,1)",34,ASSEMBLE+INSPECT,CUT=48/102;ASSEMBLE+INSPECT=216/340,true
C3A5T0I4F2,3,5,0,4,2,"(3,5,4,2)",29,ASSEMBLE+INSPECT,CUT=48/87;ASSEMBLE+INSPECT=216/319,true
C3A5T0I4F3,3,5,0,4,3,"(3,5,4,3)",29,ASSEMBLE+INSPECT,CUT=48/87;ASSEMBLE+INSPECT=216/348,true
C3A5T1I0F1,3,5,1,0,1,"(3,7,0,1)",84,ASSEMBLE+INSPECT,CUT=48/252;ASSEMBLE+INSPECT=216/672,true
C3A5T1I0F2,3,5,1,0,2,"(3,7,0,2)",48,ASSEMBLE+INSPECT,CUT=48/144;ASSEMBLE+INSPECT=216/432,true
C3A5T1I0F3,3,5,1,0,3,"(3,7,0,3)",36,ASSEMBLE+INSPECT,CUT=48/108;ASSEMBLE+INSPECT=216/360,true
C3A5T1I1F0,3,5,1,1,0,"(3,7,1,0)",80,INSPECT,CUT=48/240;ASSEMBLE=144/560;INSPECT=72/80,false
C3A5T1I1F1,3,5,1,1,1,"(3,7,1,1)",47,ASSEMBLE+INSPECT,CUT=48/141;ASSEMBLE+INSPECT=216/423,true
C3A5T1I1F2,3,5,1,1,2,"(3,7,1,2)",36,ASSEMBLE+INSPECT,CUT=48/108;ASSEMBLE+INSPECT=216/360,true
C3A5T1I1F3,3,5,1,1,3,"(3,7,1,3)",29,ASSEMBLE+INSPECT,CUT=48/87;ASSEMBLE+INSPECT=216/319,true
C3A5T1I2F0,3,5,1,2,0,"(3,7,2,0)",44,INSPECT,CUT=48/132;ASSEMBLE=144/308;INSPECT=72/88,false
C3A5T1I2F1,3,5,1,2,1,"(3,7,2,1)",35,ASSEMBLE+INSPECT,CUT=48/105;ASSEMBLE+INSPECT=216/350,true
C3A5T1I2F2,3,5,1,2,2,"(3,7,2,2)",29,ASSEMBLE+INSPECT,CUT=48/87;ASSEMBLE+INSPECT=216/319,true
C3A5T1I2F3,3,5,1,2,3,"(3,7,2,3)",27,ASSEMBLE+INSPECT,CUT=48/81;ASSEMBLE+INSPECT=216/324,true
C3A5T1I3F0,3,5,1,3,0,"(3,7,3,0)",32,INSPECT,CUT=48/96;ASSEMBLE=144/224;INSPECT=72/96,false
C3A5T1I3F1,3,5,1,3,1,"(3,7,3,1)",29,ASSEMBLE+INSPECT,CUT=48/87;ASSEMBLE+INSPECT=216/319,true
C3A5T1I3F2,3,5,1,3,2,"(3,7,3,2)",27,ASSEMBLE+INSPECT,CUT=48/81;ASSEMBLE+INSPECT=216/324,true
C3A5T1I3F3,3,5,1,3,3,"(3,7,3,3)",26,ASSEMBLE+INSPECT,CUT=48/78;ASSEMBLE+INSPECT=216/338,true
C3A5T1I4F0,3,5,1,4,0,"(3,7,4,0)",29,ASSEMBLE,CUT=48/87;ASSEMBLE=144/203;INSPECT=72/116,false
C3A5T1I4F1,3,5,1,4,1,"(3,7,4,1)",29,ASSEMBLE+INSPECT,CUT=48/87;ASSEMBLE+INSPECT=216/348,true
C3A5T1I4F2,3,5,1,4,2,"(3,7,4,2)",26,ASSEMBLE+INSPECT,CUT=48/78;ASSEMBLE+INSPECT=216/338,true
C3A5T1I4F3,3,5,1,4,3,"(3,7,4,3)",25,CUT,CUT=48/75;ASSEMBLE+INSPECT=216/350,true
C3A5T2I0F1,3,5,2,0,1,"(3,9,0,1)",80,ASSEMBLE+INSPECT,CUT=48/240;ASSEMBLE+INSPECT=216/800,false
C3A5T2I0F2,3,5,2,0,2,"(3,9,0,2)",44,ASSEMBLE+INSPECT,CUT=48/132;ASSEMBLE+INSPECT=216/484,false
C3A5T2I0F3,3,5,2,0,3,"(3,9,0,3)",32,ASSEMBLE+INSPECT,CUT=48/96;ASSEMBLE+INSPECT=216/384,false
C3A5T2I1F0,3,5,2,1,0,"(3,9,1,0)",80,INSPECT,CUT=48/240;ASSEMBLE=144/720;INSPECT=72/80,false
C3A5T2I1F1,3,5,2,1,1,"(3,9,1,1)",44,ASSEMBLE+INSPECT,CUT=48/132;ASSEMBLE+INSPECT=216/484,false
C3A5T2I1F2,3,5,2,1,2,"(3,9,1,2)",32,ASSEMBLE+INSPECT,CUT=48/96;ASSEMBLE+INSPECT=216/384,false
C3A5T2I1F3,3,5,2,1,3,"(3,9,1,3)",28,ASSEMBLE+INSPECT,CUT=48/84;ASSEMBLE+INSPECT=216/364,false
C3A5T2I2F0,3,5,2,2,0,"(3,9,2,0)",44,INSPECT,CUT=48/132;ASSEMBLE=144/396;INSPECT=72/88,false
C3A5T2I2F1,3,5,2,2,1,"(3,9,2,1)",32,ASSEMBLE+INSPECT,CUT=48/96;ASSEMBLE+INSPECT=216/384,false
C3A5T2I2F2,3,5,2,2,2,"(3,9,2,2)",28,ASSEMBLE+INSPECT,CUT=48/84;ASSEMBLE+INSPECT=216/364,false
C3A5T2I2F3,3,5,2,2,3,"(3,9,2,3)",26,CUT,CUT=48/78;ASSEMBLE+INSPECT=216/364,false
C3A5T2I3F0,3,5,2,3,0,"(3,9,3,0)",32,INSPECT,CUT=48/96;ASSEMBLE=144/288;INSPECT=72/96,false
C3A5T2I3F1,3,5,2,3,1,"(3,9,3,1)",28,ASSEMBLE+INSPECT,CUT=48/84;ASSEMBLE+INSPECT=216/364,false
C3A5T2I3F2,3,5,2,3,2,"(3,9,3,2)",26,CUT,CUT=48/78;ASSEMBLE+INSPECT=216/364,false
C3A5T2I3F3,3,5,2,3,3,"(3,9,3,3)",25,CUT,CUT=48/75;ASSEMBLE+INSPECT=216/375,false
C3A5T2I4F0,3,5,2,4,0,"(3,9,4,0)",28,INSPECT,CUT=48/84;ASSEMBLE=144/252;INSPECT=72/112,false
C3A5T2I4F1,3,5,2,4,1,"(3,9,4,1)",26,CUT,CUT=48/78;ASSEMBLE+INSPECT=216/364,false
C3A5T2I4F2,3,5,2,4,2,"(3,9,4,2)",25,CUT,CUT=48/75;ASSEMBLE+INSPECT=216/375,false
C3A5T2I4F3,3,5,2,4,3,"(3,9,4,3)",25,CUT,CUT=48/75;ASSEMBLE+INSPECT=216/400,false
C3A5T3I0F1,3,5,3,0,1,"(3,11,0,1)",80,ASSEMBLE+INSPECT,CUT=48/240;ASSEMBLE+INSPECT=216/960,false
C3A5T3I0F2,3,5,3,0,2,"(3,11,0,2)",44,ASSEMBLE+INSPECT,CUT=48/132;ASSEMBLE+INSPECT=216/572,false
C3A5T3I0F3,3,5,3,0,3,"(3,11,0,3)",32,CUT,CUT=48/96;ASSEMBLE+INSPECT=216/448,false
C3A5T3I1F0,3,5,3,1,0,"(3,11,1,0)",80,INSPECT,CUT=48/240;ASSEMBLE=144/880;INSPECT=72/80,false
C3A5T3I1F1,3,5,3,1,1,"(3,11,1,1)",44,ASSEMBLE+INSPECT,CUT=48/132;ASSEMBLE+INSPECT=216/572,false
C3A5T3I1F2,3,5,3,1,2,"(3,11,1,2)",32,CUT,CUT=48/96;ASSEMBLE+INSPECT=216/448,false
C3A5T3I1F3,3,5,3,1,3,"(3,11,1,3)",28,CUT,CUT=48/84;ASSEMBLE+INSPECT=216/420,false
C3A5T3I2F0,3,5,3,2,0,"(3,11,2,0)",44,INSPECT,CUT=48/132;ASSEMBLE=144/484;INSPECT=72/88,false
C3A5T3I2F1,3,5,3,2,1,"(3,11,2,1)",32,CUT,CUT=48/96;ASSEMBLE+INSPECT=216/448,false
C3A5T3I2F2,3,5,3,2,2,"(3,11,2,2)",28,CUT,CUT=48/84;ASSEMBLE+INSPECT=216/420,false
C3A5T3I2F3,3,5,3,2,3,"(3,11,2,3)",26,CUT,CUT=48/78;ASSEMBLE+INSPECT=216/416,false
C3A5T3I3F0,3,5,3,3,0,"(3,11,3,0)",32,INSPECT,CUT=48/96;ASSEMBLE=144/352;INSPECT=72/96,false
C3A5T3I3F1,3,5,3,3,1,"(3,11,3,1)",28,CUT,CUT=48/84;ASSEMBLE+INSPECT=216/420,false
C3A5T3I3F2,3,5,3,3,2,"(3,11,3,2)",26,CUT,CUT=48/78;ASSEMBLE+INSPECT=216/416,false
C3A5T3I3F3,3,5,3,3,3,"(3,11,3,3)",25,CUT,CUT=48/75;ASSEMBLE+INSPECT=216/425,false
C3A5T3I4F0,3,5,3,4,0,"(3,11,4,0)",28,INSPECT,CUT=48/84;ASSEMBLE=144/308;INSPECT=72/112,false
C3A5T3I4F1,3,5,3,4,1,"(3,11,4,1)",26,CUT,CUT=48/78;ASSEMBLE+INSPECT=216/416,false
C3A5T3I4F2,3,5,3,4,2,"(3,11,4,2)",25,CUT,CUT=48/75;ASSEMBLE+INSPECT=216/425,false
C3A5T3I4F3,3,5,3,4,3,"(3,11,4,3)",25,CUT,CUT=48/75;ASSEMBLE+INSPECT=216/450,false
C3A6T0I0F1,3,6,0,0,1,"(3,6,0,1)",84,ASSEMBLE+INSPECT,CUT=48/252;ASSEMBLE+INSPECT=216/588,true
C3A6T0I0F2,3,6,0,0,2,"(3,6,0,2)",48,ASSEMBLE+INSPECT,CUT=48/144;ASSEMBLE+INSPECT=216/384,true
C3A6T0I0F3,3,6,0,0,3,"(3,6,0,3)",36,ASSEMBLE+INSPECT,CUT=48/108;ASSEMBLE+INSPECT=216/324,true
C3A6T0I1F0,3,6,0,1,0,"(3,6,1,0)",80,INSPECT,CUT=48/240;ASSEMBLE=144/480;INSPECT=72/80,false
C3A6T0I1F1,3,6,0,1,1,"(3,6,1,1)",47,ASSEMBLE+INSPECT,CUT=48/141;ASSEMBLE+INSPECT=216/376,true
C3A6T0I1F2,3,6,0,1,2,"(3,6,1,2)",36,ASSEMBLE+INSPECT,CUT=48/108;ASSEMBLE+INSPECT=216/324,true
C3A6T0I1F3,3,6,0,1,3,"(3,6,1,3)",30,ASSEMBLE+INSPECT,CUT=48/90;ASSEMBLE+INSPECT=216/300,true
C3A6T0I2F0,3,6,0,2,0,"(3,6,2,0)",44,INSPECT,CUT=48/132;ASSEMBLE=144/264;INSPECT=72/88,false
C3A6T0I2F1,3,6,0,2,1,"(3,6,2,1)",36,ASSEMBLE+INSPECT,CUT=48/108;ASSEMBLE+INSPECT=216/324,true
C3A6T0I2F2,3,6,0,2,2,"(3,6,2,2)",30,ASSEMBLE+INSPECT,CUT=48/90;ASSEMBLE+INSPECT=216/300,true
C3A6T0I2F3,3,6,0,2,3,"(3,6,2,3)",29,ASSEMBLE+INSPECT,CUT=48/87;ASSEMBLE+INSPECT=216/319,true
C3A6T0I3F0,3,6,0,3,0,"(3,6,3,0)",32,ASSEMBLE|INSPECT,CUT=48/96;ASSEMBLE=144/192;INSPECT=72/96,false
C3A6T0I3F1,3,6,0,3,1,"(3,6,3,1)",31,ASSEMBLE+INSPECT,CUT=48/93;ASSEMBLE+INSPECT=216/310,true
C3A6T0I3F2,3,6,0,3,2,"(3,6,3,2)",29,ASSEMBLE+INSPECT,CUT=48/87;ASSEMBLE+INSPECT=216/319,true
C3A6T0I3F3,3,6,0,3,3,"(3,6,3,3)",26,ASSEMBLE+INSPECT,CUT=48/78;ASSEMBLE+INSPECT=216/312,true
C3A6T0I4F0,3,6,0,4,0,"(3,6,4,0)",32,ASSEMBLE,CUT=48/96;ASSEMBLE=144/192;INSPECT=72/128,false
C3A6T0I4F1,3,6,0,4,1,"(3,6,4,1)",29,ASSEMBLE+INSPECT,CUT=48/87;ASSEMBLE+INSPECT=216/319,true
C3A6T0I4F2,3,6,0,4,2,"(3,6,4,2)",29,ASSEMBLE+INSPECT,CUT=48/87;ASSEMBLE+INSPECT=216/348,true
C3A6T0I4F3,3,6,0,4,3,"(3,6,4,3)",26,ASSEMBLE+INSPECT,CUT=48/78;ASSEMBLE+INSPECT=216/338,true
C3A6T1I0F1,3,6,1,0,1,"(3,8,0,1)",84,ASSEMBLE+INSPECT,CUT=48/252;ASSEMBLE+INSPECT=216/756,true
C3A6T1I0F2,3,6,1,0,2,"(3,8,0,2)",47,ASSEMBLE+INSPECT,CUT=48/141;ASSEMBLE+INSPECT=216/470,true
C3A6T1I0F3,3,6,1,0,3,"(3,8,0,3)",35,ASSEMBLE+INSPECT,CUT=48/105;ASSEMBLE+INSPECT=216/385,true
C3A6T1I1F0,3,6,1,1,0,"(3,8,1,0)",80,INSPECT,CUT=48/240;ASSEMBLE=144/640;INSPECT=72/80,false
C3A6T1I1F1,3,6,1,1,1,"(3,8,1,1)",47,ASSEMBLE+INSPECT,CUT=48/141;ASSEMBLE+INSPECT=216/470,true
C3A6T1I1F2,3,6,1,1,2,"(3,8,1,2)",35,ASSEMBLE+INSPECT,CUT=48/105;ASSEMBLE+INSPECT=216/385,true
C3A6T1I1F3,3,6,1,1,3,"(3,8,1,3)",29,ASSEMBLE+INSPECT,CUT=48/87;ASSEMBLE+INSPECT=216/348,true
C3A6T1I2F0,3,6,1,2,0,"(3,8,2,0)",44,INSPECT,CUT=48/132;ASSEMBLE=144/352;INSPECT=72/88,false
C3A6T1I2F1,3,6,1,2,1,"(3,8,2,1)",35,ASSEMBLE+INSPECT,CUT=48/105;ASSEMBLE+INSPECT=216/385,true
C3A6T1I2F2,3,6,1,2,2,"(3,8,2,2)",29,ASSEMBLE+INSPECT,CUT=48/87;ASSEMBLE+INSPECT=216/348,true
C3A6T1I2F3,3,6,1,2,3,"(3,8,2,3)",26,ASSEMBLE+INSPECT,CUT=48/78;ASSEMBLE+INSPECT=216/338,true
C3A6T1I3F0,3,6,1,3,0,"(3,8,3,0)",32,INSPECT,CUT=48/96;ASSEMBLE=144/256;INSPECT=72/96,false
C3A6T1I3F1,3,6,1,3,1,"(3,8,3,1)",29,ASSEMBLE+INSPECT,CUT=48/87;ASSEMBLE+INSPECT=216/348,true
C3A6T1I3F2,3,6,1,3,2,"(3,8,3,2)",26,ASSEMBLE+INSPECT,CUT=48/78;ASSEMBLE+INSPECT=216/338,true
C3A6T1I3F3,3,6,1,3,3,"(3,8,3,3)",25,CUT,CUT=48/75;ASSEMBLE+INSPECT=216/350,true
C3A6T1I4F0,3,6,1,4,0,"(3,8,4,0)",28,ASSEMBLE|INSPECT,CUT=48/84;ASSEMBLE=144/224;INSPECT=72/112,false
C3A6T1I4F1,3,6,1,4,1,"(3,8,4,1)",26,ASSEMBLE+INSPECT,CUT=48/78;ASSEMBLE+INSPECT=216/338,true
C3A6T1I4F2,3,6,1,4,2,"(3,8,4,2)",25,CUT,CUT=48/75;ASSEMBLE+INSPECT=216/350,true
C3A6T1I4F3,3,6,1,4,3,"(3,8,4,3)",25,CUT,CUT=48/75;ASSEMBLE+INSPECT=216/375,true
C3A6T2I0F1,3,6,2,0,1,"(3,10,0,1)",80,ASSEMBLE+INSPECT,CUT=48/240;ASSEMBLE+INSPECT=216/880,false
C3A6T2I0F2,3,6,2,0,2,"(3,10,0,2)",44,ASSEMBLE+INSPECT,CUT=48/132;ASSEMBLE+INSPECT=216/528,false
C3A6T2I0F3,3,6,2,0,3,"(3,10,0,3)",32,ASSEMBLE+INSPECT,CUT=48/96;ASSEMBLE+INSPECT=216/416,false
C3A6T2I1F0,3,6,2,1,0,"(3,10,1,0)",80,INSPECT,CUT=48/240;ASSEMBLE=144/800;INSPECT=72/80,false
C3A6T2I1F1,3,6,2,1,1,"(3,10,1,1)",44,ASSEMBLE+INSPECT,CUT=48/132;ASSEMBLE+INSPECT=216/528,false
C3A6T2I1F2,3,6,2,1,2,"(3,10,1,2)",32,ASSEMBLE+INSPECT,CUT=48/96;ASSEMBLE+INSPECT=216/416,false
C3A6T2I1F3,3,6,2,1,3,"(3,10,1,3)",28,CUT,CUT=48/84;ASSEMBLE+INSPECT=216/392,false
C3A6T2I2F0,3,6,2,2,0,"(3,10,2,0)",44,INSPECT,CUT=48/132;ASSEMBLE=144/440;INSPECT=72/88,false
C3A6T2I2F1,3,6,2,2,1,"(3,10,2,1)",32,ASSEMBLE+INSPECT,CUT=48/96;ASSEMBLE+INSPECT=216/416,false
C3A6T2I2F2,3,6,2,2,2,"(3,10,2,2)",28,CUT,CUT=48/84;ASSEMBLE+INSPECT=216/392,false
C3A6T2I2F3,3,6,2,2,3,"(3,10,2,3)",26,CUT,CUT=48/78;ASSEMBLE+INSPECT=216/390,false
C3A6T2I3F0,3,6,2,3,0,"(3,10,3,0)",32,INSPECT,CUT=48/96;ASSEMBLE=144/320;INSPECT=72/96,false
C3A6T2I3F1,3,6,2,3,1,"(3,10,3,1)",28,CUT,CUT=48/84;ASSEMBLE+INSPECT=216/392,false
C3A6T2I3F2,3,6,2,3,2,"(3,10,3,2)",26,CUT,CUT=48/78;ASSEMBLE+INSPECT=216/390,false
C3A6T2I3F3,3,6,2,3,3,"(3,10,3,3)",25,CUT,CUT=48/75;ASSEMBLE+INSPECT=216/400,false
C3A6T2I4F0,3,6,2,4,0,"(3,10,4,0)",28,INSPECT,CUT=48/84;ASSEMBLE=144/280;INSPECT=72/112,false
C3A6T2I4F1,3,6,2,4,1,"(3,10,4,1)",26,CUT,CUT=48/78;ASSEMBLE+INSPECT=216/390,false
C3A6T2I4F2,3,6,2,4,2,"(3,10,4,2)",25,CUT,CUT=48/75;ASSEMBLE+INSPECT=216/400,false
C3A6T2I4F3,3,6,2,4,3,"(3,10,4,3)",25,CUT,CUT=48/75;ASSEMBLE+INSPECT=216/425,false
C3A6T3I0F1,3,6,3,0,1,"(3,12,0,1)",80,ASSEMBLE+INSPECT,CUT=48/240;ASSEMBLE+INSPECT=216/1040,false
C3A6T3I0F2,3,6,3,0,2,"(3,12,0,2)",44,CUT,CUT=48/132;ASSEMBLE+INSPECT=216/616,false
C3A6T3I0F3,3,6,3,0,3,"(3,12,0,3)",32,CUT,CUT=48/96;ASSEMBLE+INSPECT=216/480,false
C3A6T3I1F0,3,6,3,1,0,"(3,12,1,0)",80,INSPECT,CUT=48/240;ASSEMBLE=144/960;INSPECT=72/80,false
C3A6T3I1F1,3,6,3,1,1,"(3,12,1,1)",44,CUT,CUT=48/132;ASSEMBLE+INSPECT=216/616,false
C3A6T3I1F2,3,6,3,1,2,"(3,12,1,2)",32,CUT,CUT=48/96;ASSEMBLE+INSPECT=216/480,false
C3A6T3I1F3,3,6,3,1,3,"(3,12,1,3)",28,CUT,CUT=48/84;ASSEMBLE+INSPECT=216/448,false
C3A6T3I2F0,3,6,3,2,0,"(3,12,2,0)",44,INSPECT,CUT=48/132;ASSEMBLE=144/528;INSPECT=72/88,false
C3A6T3I2F1,3,6,3,2,1,"(3,12,2,1)",32,CUT,CUT=48/96;ASSEMBLE+INSPECT=216/480,false
C3A6T3I2F2,3,6,3,2,2,"(3,12,2,2)",28,CUT,CUT=48/84;ASSEMBLE+INSPECT=216/448,false
C3A6T3I2F3,3,6,3,2,3,"(3,12,2,3)",26,CUT,CUT=48/78;ASSEMBLE+INSPECT=216/442,false
C3A6T3I3F0,3,6,3,3,0,"(3,12,3,0)",32,INSPECT,CUT=48/96;ASSEMBLE=144/384;INSPECT=72/96,false
C3A6T3I3F1,3,6,3,3,1,"(3,12,3,1)",28,CUT,CUT=48/84;ASSEMBLE+INSPECT=216/448,false
C3A6T3I3F2,3,6,3,3,2,"(3,12,3,2)",26,CUT,CUT=48/78;ASSEMBLE+INSPECT=216/442,false
C3A6T3I3F3,3,6,3,3,3,"(3,12,3,3)",25,CUT,CUT=48/75;ASSEMBLE+INSPECT=216/450,false
C3A6T3I4F0,3,6,3,4,0,"(3,12,4,0)",28,INSPECT,CUT=48/84;ASSEMBLE=144/336;INSPECT=72/112,false
C3A6T3I4F1,3,6,3,4,1,"(3,12,4,1)",26,CUT,CUT=48/78;ASSEMBLE+INSPECT=216/442,false
C3A6T3I4F2,3,6,3,4,2,"(3,12,4,2)",25,CUT,CUT=48/75;ASSEMBLE+INSPECT=216/450,false
C3A6T3I4F3,3,6,3,4,3,"(3,12,4,3)",25,CUT,CUT=48/75;ASSEMBLE+INSPECT=216/475,false
C4A0T0I0F1,4,0,0,0,1,"(4,0,0,1)",218,ASSEMBLE+INSPECT,CUT=48/872;ASSEMBLE+INSPECT=216/218,true
C4A0T0I0F2,4,0,0,0,2,"(4,0,0,2)",110,ASSEMBLE+INSPECT,CUT=48/440;ASSEMBLE+INSPECT=216/220,true
C4A0T0I0F3,4,0,0,0,3,"(4,0,0,3)",74,ASSEMBLE+INSPECT,CUT=48/296;ASSEMBLE+INSPECT=216/222,true
C4A0T0I1F1,4,0,0,1,1,"(4,0,1,1)",149,ASSEMBLE+INSPECT,CUT=48/596;ASSEMBLE+INSPECT=216/298,false
C4A0T0I1F2,4,0,0,1,2,"(4,0,1,2)",92,ASSEMBLE+INSPECT,CUT=48/368;ASSEMBLE+INSPECT=216/276,true
C4A0T0I1F3,4,0,0,1,3,"(4,0,1,3)",65,ASSEMBLE+INSPECT,CUT=48/260;ASSEMBLE+INSPECT=216/260,true
C4A0T0I2F1,4,0,0,2,1,"(4,0,2,1)",149,ASSEMBLE+INSPECT,CUT=48/596;ASSEMBLE+INSPECT=216/447,false
C4A0T0I2F2,4,0,0,2,2,"(4,0,2,2)",77,ASSEMBLE+INSPECT,CUT=48/308;ASSEMBLE+INSPECT=216/308,false
C4A0T0I2F3,4,0,0,2,3,"(4,0,2,3)",59,ASSEMBLE+INSPECT,CUT=48/236;ASSEMBLE+INSPECT=216/295,true
C4A0T0I3F1,4,0,0,3,1,"(4,0,3,1)",149,ASSEMBLE+INSPECT,CUT=48/596;ASSEMBLE+INSPECT=216/596,false
C4A0T0I3F2,4,0,0,3,2,"(4,0,3,2)",77,ASSEMBLE+INSPECT,CUT=48/308;ASSEMBLE+INSPECT=216/385,false
C4A0T0I3F3,4,0,0,3,3,"(4,0,3,3)",53,ASSEMBLE+INSPECT,CUT=48/212;ASSEMBLE+INSPECT=216/318,false
C4A0T0I4F1,4,0,0,4,1,"(4,0,4,1)",149,ASSEMBLE+INSPECT,CUT=48/596;ASSEMBLE+INSPECT=216/745,false
C4A0T0I4F2,4,0,0,4,2,"(4,0,4,2)",77,ASSEMBLE+INSPECT,CUT=48/308;ASSEMBLE+INSPECT=216/462,false
C4A0T0I4F3,4,0,0,4,3,"(4,0,4,3)",53,ASSEMBLE+INSPECT,CUT=48/212;ASSEMBLE+INSPECT=216/371,false
C4A0T1I0F1,4,0,1,0,1,"(4,2,0,1)",80,ASSEMBLE+INSPECT,CUT=48/320;ASSEMBLE+INSPECT=216/240,true
C4A0T1I0F2,4,0,1,0,2,"(4,2,0,2)",68,ASSEMBLE+INSPECT,CUT=48/272;ASSEMBLE+INSPECT=216/272,true
C4A0T1I0F3,4,0,1,0,3,"(4,2,0,3)",52,ASSEMBLE+INSPECT,CUT=48/208;ASSEMBLE+INSPECT=216/260,true
C4A0T1I1F0,4,0,1,1,0,"(4,2,1,0)",80,ASSEMBLE|INSPECT,CUT=48/320;ASSEMBLE=144/160;INSPECT=72/80,false
C4A0T1I1F1,4,0,1,1,1,"(4,2,1,1)",59,ASSEMBLE+INSPECT,CUT=48/236;ASSEMBLE+INSPECT=216/236,true
C4A0T1I1F2,4,0,1,1,2,"(4,2,1,2)",50,ASSEMBLE+INSPECT,CUT=48/200;ASSEMBLE+INSPECT=216/250,true
C4A0T1I1F3,4,0,1,1,3,"(4,2,1,3)",41,ASSEMBLE+INSPECT,CUT=48/164;ASSEMBLE+INSPECT=216/246,true
C4A0T1I2F0,4,0,1,2,0,"(4,2,2,0)",77,ASSEMBLE,CUT=48/308;ASSEMBLE=144/154;INSPECT=72/154,false
C4A0T1I2F1,4,0,1,2,1,"(4,2,2,1)",59,ASSEMBLE+INSPECT,CUT=48/236;ASSEMBLE+INSPECT=216/295,true
C4A0T1I2F2,4,0,1,2,2,"(4,2,2,2)",47,ASSEMBLE+INSPECT,CUT=48/188;ASSEMBLE+INSPECT=216/282,true
C4A0T1I2F3,4,0,1,2,3,"(4,2,2,3)",41,ASSEMBLE+INSPECT,CUT=48/164;ASSEMBLE+INSPECT=216/287,true
C4A0T1I3F0,4,0,1,3,0,"(4,2,3,0)",77,ASSEMBLE,CUT=48/308;ASSEMBLE=144/154;INSPECT=72/231,false
C4A0T1I3F1,4,0,1,3,1,"(4,2,3,1)",53,ASSEMBLE+INSPECT,CUT=48/212;ASSEMBLE+INSPECT=216/318,false
C4A0T1I3F2,4,0,1,3,2,"(4,2,3,2)",47,ASSEMBLE+INSPECT,CUT=48/188;ASSEMBLE+INSPECT=216/329,true
C4A0T1I3F3,4,0,1,3,3,"(4,2,3,3)",40,ASSEMBLE+INSPECT,CUT=48/160;ASSEMBLE+INSPECT=216/320,true
C4A0T1I4F0,4,0,1,4,0,"(4,2,4,0)",77,ASSEMBLE,CUT=48/308;ASSEMBLE=144/154;INSPECT=72/308,false
C4A0T1I4F1,4,0,1,4,1,"(4,2,4,1)",53,ASSEMBLE+INSPECT,CUT=48/212;ASSEMBLE+INSPECT=216/371,false
C4A0T1I4F2,4,0,1,4,2,"(4,2,4,2)",41,ASSEMBLE+INSPECT,CUT=48/164;ASSEMBLE+INSPECT=216/328,false
C4A0T1I4F3,4,0,1,4,3,"(4,2,4,3)",38,ASSEMBLE+INSPECT,CUT=48/152;ASSEMBLE+INSPECT=216/342,true
C4A0T2I0F1,4,0,2,0,1,"(4,4,0,1)",82,ASSEMBLE+INSPECT,CUT=48/328;ASSEMBLE+INSPECT=216/410,true
C4A0T2I0F2,4,0,2,0,2,"(4,4,0,2)",52,ASSEMBLE+INSPECT,CUT=48/208;ASSEMBLE+INSPECT=216/312,true
C4A0T2I0F3,4,0,2,0,3,"(4,4,0,3)",43,ASSEMBLE+INSPECT,CUT=48/172;ASSEMBLE+INSPECT=216/301,true
C4A0T2I1F0,4,0,2,1,0,"(4,4,1,0)",80,INSPECT,CUT=48/320;ASSEMBLE=144/320;INSPECT=72/80,false
C4A0T2I1F1,4,0,2,1,1,"(4,4,1,1)",55,ASSEMBLE+INSPECT,CUT=48/220;ASSEMBLE+INSPECT=216/330,true
C4A0T2I1F2,4,0,2,1,2,"(4,4,1,2)",43,ASSEMBLE+INSPECT,CUT=48/172;ASSEMBLE+INSPECT=216/301,true
C4A0T2I1F3,4,0,2,1,3,"(4,4,1,3)",37,ASSEMBLE+INSPECT,CUT=48/148;ASSEMBLE+INSPECT=216/296,true
C4A0T2I2F0,4,0,2,2,0,"(4,4,2,0)",44,ASSEMBLE|INSPECT,CUT=48/176;ASSEMBLE=144/176;INSPECT=72/88,false
C4A0T2I2F1,4,0,2,2,1,"(4,4,2,1)",40,ASSEMBLE+INSPECT,CUT=48/160;ASSEMBLE+INSPECT=216/280,true
C4A0T2I2F2,4,0,2,2,2,"(4,4,2,2)",35,ASSEMBLE+INSPECT,CUT=48/140;ASSEMBLE+INSPECT=216/280,true
C4A0T2I2F3,4,0,2,2,3,"(4,4,2,3)",32,ASSEMBLE+INSPECT,CUT=48/128;ASSEMBLE+INSPECT=216/288,true
C4A0T2I3F0,4,0,2,3,0,"(4,4,3,0)",44,ASSEMBLE,CUT=48/176;ASSEMBLE=144/176;INSPECT=72/132,false
C4A0T2I3F1,4,0,2,3,1,"(4,4,3,1)",37,ASSEMBLE+INSPECT,CUT=48/148;ASSEMBLE+INSPECT=216/296,true
C4A0T2I3F2,4,0,2,3,2,"(4,4,3,2)",35,ASSEMBLE+INSPECT,CUT=48/140;ASSEMBLE+INSPECT=216/315,true
C4A0T2I3F3,4,0,2,3,3,"(4,4,3,3)",29,ASSEMBLE+INSPECT,CUT=48/116;ASSEMBLE+INSPECT=216/290,true
C4A0T2I4F0,4,0,2,4,0,"(4,4,4,0)",41,ASSEMBLE,CUT=48/164;ASSEMBLE=144/164;INSPECT=72/164,false
C4A0T2I4F1,4,0,2,4,1,"(4,4,4,1)",35,ASSEMBLE+INSPECT,CUT=48/140;ASSEMBLE+INSPECT=216/315,true
C4A0T2I4F2,4,0,2,4,2,"(4,4,4,2)",34,ASSEMBLE+INSPECT,CUT=48/136;ASSEMBLE+INSPECT=216/340,true
C4A0T2I4F3,4,0,2,4,3,"(4,4,4,3)",29,ASSEMBLE+INSPECT,CUT=48/116;ASSEMBLE+INSPECT=216/319,true
C4A0T3I0F1,4,0,3,0,1,"(4,6,0,1)",82,ASSEMBLE+INSPECT,CUT=48/328;ASSEMBLE+INSPECT=216/574,true
C4A0T3I0F2,4,0,3,0,2,"(4,6,0,2)",46,ASSEMBLE+INSPECT,CUT=48/184;ASSEMBLE+INSPECT=216/368,true
C4A0T3I0F3,4,0,3,0,3,"(4,6,0,3)",40,ASSEMBLE+INSPECT,CUT=48/160;ASSEMBLE+INSPECT=216/360,true
C4A0T3I1F0,4,0,3,1,0,"(4,6,1,0)",80,INSPECT,CUT=48/320;ASSEMBLE=144/480;INSPECT=72/80,false
C4A0T3I1F1,4,0,3,1,1,"(4,6,1,1)",49,ASSEMBLE+INSPECT,CUT=48/196;ASSEMBLE+INSPECT=216/392,true
C4A0T3I1F2,4,0,3,1,2,"(4,6,1,2)",38,ASSEMBLE+INSPECT,CUT=48/152;ASSEMBLE+INSPECT=216/342,true
C4A0T3I1F3,4,0,3,1,3,"(4,6,1,3)",34,ASSEMBLE+INSPECT,CUT=48/136;ASSEMBLE+INSPECT=216/340,true
C4A0T3I2F0,4,0,3,2,0,"(4,6,2,0)",44,INSPECT,CUT=48/176;ASSEMBLE=144/264;INSPECT=72/88,false
C4A0T3I2F1,4,0,3,2,1,"(4,6,2,1)",35,ASSEMBLE+INSPECT,CUT=48/140;ASSEMBLE+INSPECT=216/315,true
C4A0T3I2F2,4,0,3,2,2,"(4,6,2,2)",31,ASSEMBLE+INSPECT,CUT=48/124;ASSEMBLE+INSPECT=216/310,true
C4A0T3I2F3,4,0,3,2,3,"(4,6,2,3)",29,ASSEMBLE+INSPECT,CUT=48/116;ASSEMBLE+INSPECT=216/319,true
C4A0T3I3F0,4,0,3,3,0,"(4,6,3,0)",32,ASSEMBLE|INSPECT,CUT=48/128;ASSEMBLE=144/192;INSPECT=72/96,false
C4A0T3I3F1,4,0,3,3,1,"(4,6,3,1)",29,ASSEMBLE+INSPECT,CUT=48/116;ASSEMBLE+INSPECT=216/290,true
C4A0T3I3F2,4,0,3,3,2,"(4,6,3,2)",29,ASSEMBLE+INSPECT,CUT=48/116;ASSEMBLE+INSPECT=216/319,true
C4A0T3I3F3,4,0,3,3,3,"(4,6,3,3)",26,ASSEMBLE+INSPECT,CUT=48/104;ASSEMBLE+INSPECT=216/312,true
C4A0T3I4F0,4,0,3,4,0,"(4,6,4,0)",32,ASSEMBLE,CUT=48/128;ASSEMBLE=144/192;INSPECT=72/128,false
C4A0T3I4F1,4,0,3,4,1,"(4,6,4,1)",29,ASSEMBLE+INSPECT,CUT=48/116;ASSEMBLE+INSPECT=216/319,true
C4A0T3I4F2,4,0,3,4,2,"(4,6,4,2)",28,ASSEMBLE+INSPECT,CUT=48/112;ASSEMBLE+INSPECT=216/336,true
C4A0T3I4F3,4,0,3,4,3,"(4,6,4,3)",25,ASSEMBLE+INSPECT,CUT=48/100;ASSEMBLE+INSPECT=216/325,true
C4A1T0I0F1,4,1,0,0,1,"(4,1,0,1)",113,ASSEMBLE+INSPECT,CUT=48/452;ASSEMBLE+INSPECT=216/226,true
C4A1T0I0F2,4,1,0,0,2,"(4,1,0,2)",80,ASSEMBLE+INSPECT,CUT=48/320;ASSEMBLE+INSPECT=216/240,true
C4A1T0I0F3,4,1,0,0,3,"(4,1,0,3)",59,ASSEMBLE+INSPECT,CUT=48/236;ASSEMBLE+INSPECT=216/236,true
C4A1T0I1F0,4,1,0,1,0,"(4,1,1,0)",149,ASSEMBLE,CUT=48/596;ASSEMBLE=144/149;INSPECT=72/149,false
C4A1T0I1F1,4,1,0,1,1,"(4,1,1,1)",92,ASSEMBLE+INSPECT,CUT=48/368;ASSEMBLE+INSPECT=216/276,true
C4A1T0I1F2,4,1,0,1,2,"(4,1,1,2)",65,ASSEMBLE+INSPECT,CUT=48/260;ASSEMBLE+INSPECT=216/260,true
C4A1T0I1F3,4,1,0,1,3,"(4,1,1,3)",56,ASSEMBLE+INSPECT,CUT=48/224;ASSEMBLE+INSPECT=216/280,true
C4A1T0I2F0,4,1,0,2,0,"(4,1,2,0)",149,ASSEMBLE,CUT=48/596;ASSEMBLE=144/149;INSPECT=72/298,false
C4A1T0I2F1,4,1,0,2,1,"(4,1,2,1)",77,ASSEMBLE+INSPECT,CUT=48/308;ASSEMBLE+INSPECT=216/308,false
C4A1T0I2F2,4,1,0,2,2,"(4,1,2,2)",59,ASSEMBLE+INSPECT,CUT=48/236;ASSEMBLE+INSPECT=216/295,true
C4A1T0I2F3,4,1,0,2,3,"(4,1,2,3)",47,ASSEMBLE+INSPECT,CUT=48/188;ASSEMBLE+INSPECT=216/282,true
C4A1T0I3F0,4,1,0,3,0,"(4,1,3,0)",149,ASSEMBLE,CUT=48/596;ASSEMBLE=144/149;INSPECT=72/447,false
C4A1T0I3F1,4,1,0,3,1,"(4,1,3,1)",77,ASSEMBLE+INSPECT,CUT=48/308;ASSEMBLE+INSPECT=216/385,false
C4A1T0I3F2,4,1,0,3,2,"(4,1,3,2)",53,ASSEMBLE+INSPECT,CUT=48/212;ASSEMBLE+INSPECT=216/318,false
C4A1T0I3F3,4,1,0,3,3,"(4,1,3,3)",47,ASSEMBLE+INSPECT,CUT=48/188;ASSEMBLE+INSPECT=216/329,true
C4A1T0I4F0,4,1,0,4,0,"(4,1,4,0)",149,ASSEMBLE,CUT=48/596;ASSEMBLE=144/149;INSPECT=72/596,false
C4A1T0I4F1,4,1,0,4,1,"(4,1,4,1)",77,ASSEMBLE+INSPECT,CUT=48/308;ASSEMBLE+INSPECT=216/462,false
C4A1T0I4F2,4,1,0,4,2,"(4,1,4,2)",53,ASSEMBLE+INSPECT,CUT=48/212;ASSEMBLE+INSPECT=216/371,false
C4A1T0I4F3,4,1,0,4,3,"(4,1,4,3)",41,ASSEMBLE+INSPECT,CUT=48/164;ASSEMBLE+INSPECT=216/328,false
C4A1T1I0F1,4,1,1,0,1,"(4,3,0,1)",80,ASSEMBLE+INSPECT,CUT=48/320;ASSEMBLE+INSPECT=216/320,true
C4A1T1I0F2,4,1,1,0,2,"(4,3,0,2)",58,ASSEMBLE+INSPECT,CUT=48/232;ASSEMBLE+INSPECT=216/290,true
C4A1T1I0F3,4,1,1,0,3,"(4,3,0,3)",46,ASSEMBLE+INSPECT,CUT=48/184;ASSEMBLE+INSPECT=216/276,true
C4A1T1I1F0,4,1,1,1,0,"(4,3,1,0)",80,INSPECT,CUT=48/320;ASSEMBLE=144/240;INSPECT=72/80,false
C4A1T1I1F1,4,1,1,1,1,"(4,3,1,1)",53,ASSEMBLE+INSPECT,CUT=48/212;ASSEMBLE+INSPECT=216/265,true
C4A1T1I1F2,4,1,1,1,2,"(4,3,1,2)",46,ASSEMBLE+INSPECT,CUT=48/184;ASSEMBLE+INSPECT=216/276,true
C4A1T1I1F3,4,1,1,1,3,"(4,3,1,3)",37,ASSEMBLE+INSPECT,CUT=48/148;ASSEMBLE+INSPECT=216/259,true
C4A1T1I2F0,4,1,1,2,0,"(4,3,2,0)",56,ASSEMBLE,CUT=48/224;ASSEMBLE=144/168;INSPECT=72/112,false
C4A1T1I2F1,4,1,1,2,1,"(4,3,2,1)",47,ASSEMBLE+INSPECT,CUT=48/188;ASSEMBLE+INSPECT=216/282,true
C4A1T1I2F2,4,1,1,2,2,"(4,3,2,2)",41,ASSEMBLE+INSPECT,CUT=48/164;ASSEMBLE+INSPECT=216/287,true
C4A1T1I2F3,4,1,1,2,3,"(4,3,2,3)",35,ASSEMBLE+INSPECT,CUT=48/140;ASSEMBLE+INSPECT=216/280,true
C4A1T1I3F0,4,1,1,3,0,"(4,3,3,0)",53,ASSEMBLE,CUT=48/212;ASSEMBLE=144/159;INSPECT=72/159,false
C4A1T1I3F1,4,1,1,3,1,"(4,3,3,1)",47,ASSEMBLE+INSPECT,CUT=48/188;ASSEMBLE+INSPECT=216/329,true
C4A1T1I3F2,4,1,1,3,2,"(4,3,3,2)",40,ASSEMBLE+INSPECT,CUT=48/160;ASSEMBLE+INSPECT=216/320,true
C4A1T1I3F3,4,1,1,3,3,"(4,3,3,3)",35,ASSEMBLE+INSPECT,CUT=48/140;ASSEMBLE+INSPECT=216/315,true
C4A1T1I4F0,4,1,1,4,0,"(4,3,4,0)",53,ASSEMBLE,CUT=48/212;ASSEMBLE=144/159;INSPECT=72/212,false
C4A1T1I4F1,4,1,1,4,1,"(4,3,4,1)",41,ASSEMBLE+INSPECT,CUT=48/164;ASSEMBLE+INSPECT=216/328,false
C4A1T1I4F2,4,1,1,4,2,"(4,3,4,2)",38,ASSEMBLE+INSPECT,CUT=48/152;ASSEMBLE+INSPECT=216/342,true
C4A1T1I4F3,4,1,1,4,3,"(4,3,4,3)",34,ASSEMBLE+INSPECT,CUT=48/136;ASSEMBLE+INSPECT=216/340,true
C4A1T2I0F1,4,1,2,0,1,"(4,5,0,1)",82,ASSEMBLE+INSPECT,CUT=48/328;ASSEMBLE+INSPECT=216/492,true
C4A1T2I0F2,4,1,2,0,2,"(4,5,0,2)",52,ASSEMBLE+INSPECT,CUT=48/208;ASSEMBLE+INSPECT=216/364,true
C4A1T2I0F3,4,1,2,0,3,"(4,5,0,3)",40,ASSEMBLE+INSPECT,CUT=48/160;ASSEMBLE+INSPECT=216/320,true
C4A1T2I1F0,4,1,2,1,0,"(4,5,1,0)",80,INSPECT,CUT=48/320;ASSEMBLE=144/400;INSPECT=72/80,false
C4A1T2I1F1,4,1,2,1,1,"(4,5,1,1)",52,ASSEMBLE+INSPECT,CUT=48/208;ASSEMBLE+INSPECT=216/364,true
C4A1T2I1F2,4,1,2,1,2,"(4,5,1,2)",38,ASSEMBLE+INSPECT,CUT=48/152;ASSEMBLE+INSPECT=216/304,true
C4A1T2I1F3,4,1,2,1,3,"(4,5,1,3)",34,ASSEMBLE+INSPECT,CUT=48/136;ASSEMBLE+INSPECT=216/306,true
C4A1T2I2F0,4,1,2,2,0,"(4,5,2,0)",44,INSPECT,CUT=48/176;ASSEMBLE=144/220;INSPECT=72/88,false
C4A1T2I2F1,4,1,2,2,1,"(4,5,2,1)",38,ASSEMBLE+INSPECT,CUT=48/152;ASSEMBLE+INSPECT=216/304,true
C4A1T2I2F2,4,1,2,2,2,"(4,5,2,2)",32,ASSEMBLE+INSPECT,CUT=48/128;ASSEMBLE+INSPECT=216/288,true
C4A1T2I2F3,4,1,2,2,3,"(4,5,2,3)",29,ASSEMBLE+INSPECT,CUT=48/116;ASSEMBLE+INSPECT=216/290,true
C4A1T2I3F0,4,1,2,3,0,"(4,5,3,0)",38,ASSEMBLE,CUT=48/152;ASSEMBLE=144/190;INSPECT=72/114,false
C4A1T2I3F1,4,1,2,3,1,"(4,5,3,1)",35,ASSEMBLE+INSPECT,CUT=48/140;ASSEMBLE+INSPECT=216/315,true
C4A1T2I3F2,4,1,2,3,2,"(4,5,3,2)",29,ASSEMBLE+INSPECT,CUT=48/116;ASSEMBLE+INSPECT=216/290,true
C4A1T2I3F3,4,1,2,3,3,"(4,5,3,3)",29,ASSEMBLE+INSPECT,CUT=48/116;ASSEMBLE+INSPECT=216/319,true
C4A1T2I4F0,4,1,2,4,0,"(4,5,4,0)",35,ASSEMBLE,CUT=48/140;ASSEMBLE=144/175;INSPECT=72/140,false
C4A1T2I4F1,4,1,2,4,1,"(4,5,4,1)",34,ASSEMBLE+INSPECT,CUT=48/136;ASSEMBLE+INSPECT=216/340,true
C4A1T2I4F2,4,1,2,4,2,"(4,5,4,2)",29,ASSEMBLE+INSPECT,CUT=48/116;ASSEMBLE+INSPECT=216/319,true
C4A1T2I4F3,4,1,2,4,3,"(4,5,4,3)",28,ASSEMBLE+INSPECT,CUT=48/112;ASSEMBLE+INSPECT=216/336,true
C4A1T3I0F1,4,1,3,0,1,"(4,7,0,1)",82,ASSEMBLE+INSPECT,CUT=48/328;ASSEMBLE+INSPECT=216/656,true
C4A1T3I0F2,4,1,3,0,2,"(4,7,0,2)",48,ASSEMBLE+INSPECT,CUT=48/192;ASSEMBLE+INSPECT=216/432,true
C4A1T3I0F3,4,1,3,0,3,"(4,7,0,3)",36,ASSEMBLE+INSPECT,CUT=48/144;ASSEMBLE+INSPECT=216/360,true
C4A1T3I1F0,4,1,3,1,0,"(4,7,1,0)",80,INSPECT,CUT=48/320;ASSEMBLE=144/560;INSPECT=72/80,false
C4A1T3I1F1,4,1,3,1,1,"(4,7,1,1)",46,ASSEMBLE+INSPECT,CUT=48/184;ASSEMBLE+INSPECT=216/414,true
C4A1T3I1F2,4,1,3,1,2,"(4,7,1,2)",37,ASSEMBLE+INSPECT,CUT=48/148;ASSEMBLE+INSPECT=216/370,true
C4A1T3I1F3,4,1,3,1,3,"(4,7,1,3)",30,ASSEMBLE+INSPECT,CUT=48/120;ASSEMBLE+INSPECT=216/330,true
C4A1T3I2F0,4,1,3,2,0,"(4,7,2,0)",44,INSPECT,CUT=48/176;ASSEMBLE=144/308;INSPECT=72/88,false
C4A1T3I2F1,4,1,3,2,1,"(4,7,2,1)",35,ASSEMBLE+INSPECT,CUT=48/140;ASSEMBLE+INSPECT=216/350,true
C4A1T3I2F2,4,1,3,2,2,"(4,7,2,2)",30,ASSEMBLE+INSPECT,CUT=48/120;ASSEMBLE+INSPECT=216/330,true
C4A1T3I2F3,4,1,3,2,3,"(4,7,2,3)",28,ASSEMBLE+INSPECT,CUT=48/112;ASSEMBLE+INSPECT=216/336,true
C4A1T3I3F0,4,1,3,3,0,"(4,7,3,0)",32,INSPECT,CUT=48/128;ASSEMBLE=144/224;INSPECT=72/96,false
C4A1T3I3F1,4,1,3,3,1,"(4,7,3,1)",29,ASSEMBLE+INSPECT,CUT=48/116;ASSEMBLE+INSPECT=216/319,true
C4A1T3I3F2,4,1,3,3,2,"(4,7,3,2)",26,ASSEMBLE+INSPECT,CUT=48/104;ASSEMBLE+INSPECT=216/312,true
C4A1T3I3F3,4,1,3,3,3,"(4,7,3,3)",26,ASSEMBLE+INSPECT,CUT=48/104;ASSEMBLE+INSPECT=216/338,true
C4A1T3I4F0,4,1,3,4,0,"(4,7,4,0)",29,ASSEMBLE,CUT=48/116;ASSEMBLE=144/203;INSPECT=72/116,false
C4A1T3I4F1,4,1,3,4,1,"(4,7,4,1)",28,ASSEMBLE+INSPECT,CUT=48/112;ASSEMBLE+INSPECT=216/336,true
C4A1T3I4F2,4,1,3,4,2,"(4,7,4,2)",25,ASSEMBLE+INSPECT,CUT=48/100;ASSEMBLE+INSPECT=216/325,true
C4A1T3I4F3,4,1,3,4,3,"(4,7,4,3)",24,ASSEMBLE+INSPECT,CUT=48/96;ASSEMBLE+INSPECT=216/336,true
C4A2T0I0F1,4,2,0,0,1,"(4,2,0,1)",80,ASSEMBLE+INSPECT,CUT=48/320;ASSEMBLE+INSPECT=216/240,true
C4A2T0I0F2,4,2,0,0,2,"(4,2,0,2)",68,ASSEMBLE+INSPECT,CUT=48/272;ASSEMBLE+INSPECT=216/272,true
C4A2T0I0F3,4,2,0,0,3,"(4,2,0,3)",52,ASSEMBLE+INSPECT,CUT=48/208;ASSEMBLE+INSPECT=216/260,true
C4A2T0I1F0,4,2,0,1,0,"(4,2,1,0)",80,ASSEMBLE|INSPECT,CUT=48/320;ASSEMBLE=144/160;INSPECT=72/80,false
C4A2T0I1F1,4,2,0,1,1,"(4,2,1,1)",59,ASSEMBLE+INSPECT,CUT=48/236;ASSEMBLE+INSPECT=216/236,true
C4A2T0I1F2,4,2,0,1,2,"(4,2,1,2)",50,ASSEMBLE+INSPECT,CUT=48/200;ASSEMBLE+INSPECT=216/250,true
C4A2T0I1F3,4,2,0,1,3,"(4,2,1,3)",41,ASSEMBLE+INSPECT,CUT=48/164;ASSEMBLE+INSPECT=216/246,true
C4A2T0I2F0,4,2,0,2,0,"(4,2,2,0)",77,ASSEMBLE,CUT=48/308;ASSEMBLE=144/154;INSPECT=72/154,false
C4A2T0I2F1,4,2,0,2,1,"(4,2,2,1)",59,ASSEMBLE+INSPECT,CUT=48/236;ASSEMBLE+INSPECT=216/295,true
C4A2T0I2F2,4,2,0,2,2,"(4,2,2,2)",47,ASSEMBLE+INSPECT,CUT=48/188;ASSEMBLE+INSPECT=216/282,true
C4A2T0I2F3,4,2,0,2,3,"(4,2,2,3)",41,ASSEMBLE+INSPECT,CUT=48/164;ASSEMBLE+INSPECT=216/287,true
C4A2T0I3F0,4,2,0,3,0,"(4,2,3,0)",77,ASSEMBLE,CUT=48/308;ASSEMBLE=144/154;INSPECT=72/231,false
C4A2T0I3F1,4,2,0,3,1,"(4,2,3,1)",53,ASSEMBLE+INSPECT,CUT=48/212;ASSEMBLE+INSPECT=216/318,false
C4A2T0I3F2,4,2,0,3,2,"(4,2,3,2)",47,ASSEMBLE+INSPECT,CUT=48/188;ASSEMBLE+INSPECT=216/329,true
C4A2T0I3F3,4,2,0,3,3,"(4,2,3,3)",40,ASSEMBLE+INSPECT,CUT=48/160;ASSEMBLE+INSPECT=216/320,true
C4A2T0I4F0,4,2,0,4,0,"(4,2,4,0)",77,ASSEMBLE,CUT=48/308;ASSEMBLE=144/154;INSPECT=72/308,false
C4A2T0I4F1,4,2,0,4,1,"(4,2,4,1)",53,ASSEMBLE+INSPECT,CUT=48/212;ASSEMBLE+INSPECT=216/371,false
C4A2T0I4F2,4,2,0,4,2,"(4,2,4,2)",41,ASSEMBLE+INSPECT,CUT=48/164;ASSEMBLE+INSPECT=216/328,false
C4A2T0I4F3,4,2,0,4,3,"(4,2,4,3)",38,ASSEMBLE+INSPECT,CUT=48/152;ASSEMBLE+INSPECT=216/342,true
C4A2T1I0F1,4,2,1,0,1,"(4,4,0,1)",82,ASSEMBLE+INSPECT,CUT=48/328;ASSEMBLE+INSPECT=216/410,true
C4A2T1I0F2,4,2,1,0,2,"(4,4,0,2)",52,ASSEMBLE+INSPECT,CUT=48/208;ASSEMBLE+INSPECT=216/312,true
C4A2T1I0F3,4,2,1,0,3,"(4,4,0,3)",43,ASSEMBLE+INSPECT,CUT=48/172;ASSEMBLE+INSPECT=216/301,true
C4A2T1I1F0,4,2,1,1,0,"(4,4,1,0)",80,INSPECT,CUT=48/320;ASSEMBLE=144/320;INSPECT=72/80,false
C4A2T1I1F1,4,2,1,1,1,"(4,4,1,1)",55,ASSEMBLE+INSPECT,CUT=48/220;ASSEMBLE+INSPECT=216/330,true
C4A2T1I1F2,4,2,1,1,2,"(4,4,1,2)",43,ASSEMBLE+INSPECT,CUT=48/172;ASSEMBLE+INSPECT=216/301,true
C4A2T1I1F3,4,2,1,1,3,"(4,4,1,3)",37,ASSEMBLE+INSPECT,CUT=48/148;ASSEMBLE+INSPECT=216/296,true
C4A2T1I2F0,4,2,1,2,0,"(4,4,2,0)",44,ASSEMBLE|INSPECT,CUT=48/176;ASSEMBLE=144/176;INSPECT=72/88,false
C4A2T1I2F1,4,2,1,2,1,"(4,4,2,1)",40,ASSEMBLE+INSPECT,CUT=48/160;ASSEMBLE+INSPECT=216/280,true
C4A2T1I2F2,4,2,1,2,2,"(4,4,2,2)",35,ASSEMBLE+INSPECT,CUT=48/140;ASSEMBLE+INSPECT=216/280,true
C4A2T1I2F3,4,2,1,2,3,"(4,4,2,3)",32,ASSEMBLE+INSPECT,CUT=48/128;ASSEMBLE+INSPECT=216/288,true
C4A2T1I3F0,4,2,1,3,0,"(4,4,3,0)",44,ASSEMBLE,CUT=48/176;ASSEMBLE=144/176;INSPECT=72/132,false
C4A2T1I3F1,4,2,1,3,1,"(4,4,3,1)",37,ASSEMBLE+INSPECT,CUT=48/148;ASSEMBLE+INSPECT=216/296,true
C4A2T1I3F2,4,2,1,3,2,"(4,4,3,2)",35,ASSEMBLE+INSPECT,CUT=48/140;ASSEMBLE+INSPECT=216/315,true
C4A2T1I3F3,4,2,1,3,3,"(4,4,3,3)",29,ASSEMBLE+INSPECT,CUT=48/116;ASSEMBLE+INSPECT=216/290,true
C4A2T1I4F0,4,2,1,4,0,"(4,4,4,0)",41,ASSEMBLE,CUT=48/164;ASSEMBLE=144/164;INSPECT=72/164,false
C4A2T1I4F1,4,2,1,4,1,"(4,4,4,1)",35,ASSEMBLE+INSPECT,CUT=48/140;ASSEMBLE+INSPECT=216/315,true
C4A2T1I4F2,4,2,1,4,2,"(4,4,4,2)",34,ASSEMBLE+INSPECT,CUT=48/136;ASSEMBLE+INSPECT=216/340,true
C4A2T1I4F3,4,2,1,4,3,"(4,4,4,3)",29,ASSEMBLE+INSPECT,CUT=48/116;ASSEMBLE+INSPECT=216/319,true
C4A2T2I0F1,4,2,2,0,1,"(4,6,0,1)",82,ASSEMBLE+INSPECT,CUT=48/328;ASSEMBLE+INSPECT=216/574,true
C4A2T2I0F2,4,2,2,0,2,"(4,6,0,2)",46,ASSEMBLE+INSPECT,CUT=48/184;ASSEMBLE+INSPECT=216/368,true
C4A2T2I0F3,4,2,2,0,3,"(4,6,0,3)",40,ASSEMBLE+INSPECT,CUT=48/160;ASSEMBLE+INSPECT=216/360,true
C4A2T2I1F0,4,2,2,1,0,"(4,6,1,0)",80,INSPECT,CUT=48/320;ASSEMBLE=144/480;INSPECT=72/80,false
C4A2T2I1F1,4,2,2,1,1,"(4,6,1,1)",49,ASSEMBLE+INSPECT,CUT=48/196;ASSEMBLE+INSPECT=216/392,true
C4A2T2I1F2,4,2,2,1,2,"(4,6,1,2)",38,ASSEMBLE+INSPECT,CUT=48/152;ASSEMBLE+INSPECT=216/342,true
C4A2T2I1F3,4,2,2,1,3,"(4,6,1,3)",34,ASSEMBLE+INSPECT,CUT=48/136;ASSEMBLE+INSPECT=216/340,true
C4A2T2I2F0,4,2,2,2,0,"(4,6,2,0)",44,INSPECT,CUT=48/176;ASSEMBLE=144/264;INSPECT=72/88,false
C4A2T2I2F1,4,2,2,2,1,"(4,6,2,1)",35,ASSEMBLE+INSPECT,CUT=48/140;ASSEMBLE+INSPECT=216/315,true
C4A2T2I2F2,4,2,2,2,2,"(4,6,2,2)",31,ASSEMBLE+INSPECT,CUT=48/124;ASSEMBLE+INSPECT=216/310,true
C4A2T2I2F3,4,2,2,2,3,"(4,6,2,3)",29,ASSEMBLE+INSPECT,CUT=48/116;ASSEMBLE+INSPECT=216/319,true
C4A2T2I3F0,4,2,2,3,0,"(4,6,3,0)",32,ASSEMBLE|INSPECT,CUT=48/128;ASSEMBLE=144/192;INSPECT=72/96,false
C4A2T2I3F1,4,2,2,3,1,"(4,6,3,1)",29,ASSEMBLE+INSPECT,CUT=48/116;ASSEMBLE+INSPECT=216/290,true
C4A2T2I3F2,4,2,2,3,2,"(4,6,3,2)",29,ASSEMBLE+INSPECT,CUT=48/116;ASSEMBLE+INSPECT=216/319,true
C4A2T2I3F3,4,2,2,3,3,"(4,6,3,3)",26,ASSEMBLE+INSPECT,CUT=48/104;ASSEMBLE+INSPECT=216/312,true
C4A2T2I4F0,4,2,2,4,0,"(4,6,4,0)",32,ASSEMBLE,CUT=48/128;ASSEMBLE=144/192;INSPECT=72/128,false
C4A2T2I4F1,4,2,2,4,1,"(4,6,4,1)",29,ASSEMBLE+INSPECT,CUT=48/116;ASSEMBLE+INSPECT=216/319,true
C4A2T2I4F2,4,2,2,4,2,"(4,6,4,2)",28,ASSEMBLE+INSPECT,CUT=48/112;ASSEMBLE+INSPECT=216/336,true
C4A2T2I4F3,4,2,2,4,3,"(4,6,4,3)",25,ASSEMBLE+INSPECT,CUT=48/100;ASSEMBLE+INSPECT=216/325,true
C4A2T3I0F1,4,2,3,0,1,"(4,8,0,1)",84,ASSEMBLE+INSPECT,CUT=48/336;ASSEMBLE+INSPECT=216/756,true
C4A2T3I0F2,4,2,3,0,2,"(4,8,0,2)",48,ASSEMBLE+INSPECT,CUT=48/192;ASSEMBLE+INSPECT=216/480,true
C4A2T3I0F3,4,2,3,0,3,"(4,8,0,3)",36,ASSEMBLE+INSPECT,CUT=48/144;ASSEMBLE+INSPECT=216/396,true
C4A2T3I1F0,4,2,3,1,0,"(4,8,1,0)",80,INSPECT,CUT=48/320;ASSEMBLE=144/640;INSPECT=72/80,false
C4A2T3I1F1,4,2,3,1,1,"(4,8,1,1)",47,ASSEMBLE+INSPECT,CUT=48/188;ASSEMBLE+INSPECT=216/470,true
C4A2T3I1F2,4,2,3,1,2,"(4,8,1,2)",36,ASSEMBLE+INSPECT,CUT=48/144;ASSEMBLE+INSPECT=216/396,true
C4A2T3I1F3,4,2,3,1,3,"(4,8,1,3)",30,ASSEMBLE+INSPECT,CUT=48/120;ASSEMBLE+INSPECT=216/360,true
C4A2T3I2F0,4,2,3,2,0,"(4,8,2,0)",44,INSPECT,CUT=48/176;ASSEMBLE=144/352;INSPECT=72/88,false
C4A2T3I2F1,4,2,3,2,1,"(4,8,2,1)",35,ASSEMBLE+INSPECT,CUT=48/140;ASSEMBLE+INSPECT=216/385,true
C4A2T3I2F2,4,2,3,2,2,"(4,8,2,2)",29,ASSEMBLE+INSPECT,CUT=48/116;ASSEMBLE+INSPECT=216/348,true
C4A2T3I2F3,4,2,3,2,3,"(4,8,2,3)",27,ASSEMBLE+INSPECT,CUT=48/108;ASSEMBLE+INSPECT=216/351,true
C4A2T3I3F0,4,2,3,3,0,"(4,8,3,0)",32,INSPECT,CUT=48/128;ASSEMBLE=144/256;INSPECT=72/96,false
C4A2T3I3F1,4,2,3,3,1,"(4,8,3,1)",29,ASSEMBLE+INSPECT,CUT=48/116;ASSEMBLE+INSPECT=216/348,true
C4A2T3I3F2,4,2,3,3,2,"(4,8,3,2)",27,ASSEMBLE+INSPECT,CUT=48/108;ASSEMBLE+INSPECT=216/351,true
C4A2T3I3F3,4,2,3,3,3,"(4,8,3,3)",24,ASSEMBLE+INSPECT,CUT=48/96;ASSEMBLE+INSPECT=216/336,true
C4A2T3I4F0,4,2,3,4,0,"(4,8,4,0)",26,ASSEMBLE|INSPECT,CUT=48/104;ASSEMBLE=144/208;INSPECT=72/104,false
C4A2T3I4F1,4,2,3,4,1,"(4,8,4,1)",26,ASSEMBLE+INSPECT,CUT=48/104;ASSEMBLE+INSPECT=216/338,true
C4A2T3I4F2,4,2,3,4,2,"(4,8,4,2)",24,ASSEMBLE+INSPECT,CUT=48/96;ASSEMBLE+INSPECT=216/336,true
C4A2T3I4F3,4,2,3,4,3,"(4,8,4,3)",24,ASSEMBLE+INSPECT,CUT=48/96;ASSEMBLE+INSPECT=216/360,true
C4A3T0I0F1,4,3,0,0,1,"(4,3,0,1)",80,ASSEMBLE+INSPECT,CUT=48/320;ASSEMBLE+INSPECT=216/320,true
C4A3T0I0F2,4,3,0,0,2,"(4,3,0,2)",58,ASSEMBLE+INSPECT,CUT=48/232;ASSEMBLE+INSPECT=216/290,true
C4A3T0I0F3,4,3,0,0,3,"(4,3,0,3)",46,ASSEMBLE+INSPECT,CUT=48/184;ASSEMBLE+INSPECT=216/276,true
C4A3T0I1F0,4,3,0,1,0,"(4,3,1,0)",80,INSPECT,CUT=48/320;ASSEMBLE=144/240;INSPECT=72/80,false
C4A3T0I1F1,4,3,0,1,1,"(4,3,1,1)",53,ASSEMBLE+INSPECT,CUT=48/212;ASSEMBLE+INSPECT=216/265,true
C4A3T0I1F2,4,3,0,1,2,"(4,3,1,2)",46,ASSEMBLE+INSPECT,CUT=48/184;ASSEMBLE+INSPECT=216/276,true
C4A3T0I1F3,4,3,0,1,3,"(4,3,1,3)",37,ASSEMBLE+INSPECT,CUT=48/148;ASSEMBLE+INSPECT=216/259,true
C4A3T0I2F0,4,3,0,2,0,"(4,3,2,0)",56,ASSEMBLE,CUT=48/224;ASSEMBLE=144/168;INSPECT=72/112,false
C4A3T0I2F1,4,3,0,2,1,"(4,3,2,1)",47,ASSEMBLE+INSPECT,CUT=48/188;ASSEMBLE+INSPECT=216/282,true
C4A3T0I2F2,4,3,0,2,2,"(4,3,2,2)",41,ASSEMBLE+INSPECT,CUT=48/164;ASSEMBLE+INSPECT=216/287,true
C4A3T0I2F3,4,3,0,2,3,"(4,3,2,3)",35,ASSEMBLE+INSPECT,CUT=48/140;ASSEMBLE+INSPECT=216/280,true
C4A3T0I3F0,4,3,0,3,0,"(4,3,3,0)",53,ASSEMBLE,CUT=48/212;ASSEMBLE=144/159;INSPECT=72/159,false
C4A3T0I3F1,4,3,0,3,1,"(4,3,3,1)",47,ASSEMBLE+INSPECT,CUT=48/188;ASSEMBLE+INSPECT=216/329,true
C4A3T0I3F2,4,3,0,3,2,"(4,3,3,2)",40,ASSEMBLE+INSPECT,CUT=48/160;ASSEMBLE+INSPECT=216/320,true
C4A3T0I3F3,4,3,0,3,3,"(4,3,3,3)",35,ASSEMBLE+INSPECT,CUT=48/140;ASSEMBLE+INSPECT=216/315,true
C4A3T0I4F0,4,3,0,4,0,"(4,3,4,0)",53,ASSEMBLE,CUT=48/212;ASSEMBLE=144/159;INSPECT=72/212,false
C4A3T0I4F1,4,3,0,4,1,"(4,3,4,1)",41,ASSEMBLE+INSPECT,CUT=48/164;ASSEMBLE+INSPECT=216/328,false
C4A3T0I4F2,4,3,0,4,2,"(4,3,4,2)",38,ASSEMBLE+INSPECT,CUT=48/152;ASSEMBLE+INSPECT=216/342,true
C4A3T0I4F3,4,3,0,4,3,"(4,3,4,3)",34,ASSEMBLE+INSPECT,CUT=48/136;ASSEMBLE+INSPECT=216/340,true
C4A3T1I0F1,4,3,1,0,1,"(4,5,0,1)",82,ASSEMBLE+INSPECT,CUT=48/328;ASSEMBLE+INSPECT=216/492,true
C4A3T1I0F2,4,3,1,0,2,"(4,5,0,2)",52,ASSEMBLE+INSPECT,CUT=48/208;ASSEMBLE+INSPECT=216/364,true
C4A3T1I0F3,4,3,1,0,3,"(4,5,0,3)",40,ASSEMBLE+INSPECT,CUT=48/160;ASSEMBLE+INSPECT=216/320,true
C4A3T1I1F0,4,3,1,1,0,"(4,5,1,0)",80,INSPECT,CUT=48/320;ASSEMBLE=144/400;INSPECT=72/80,false
C4A3T1I1F1,4,3,1,1,1,"(4,5,1,1)",52,ASSEMBLE+INSPECT,CUT=48/208;ASSEMBLE+INSPECT=216/364,true
C4A3T1I1F2,4,3,1,1,2,"(4,5,1,2)",38,ASSEMBLE+INSPECT,CUT=48/152;ASSEMBLE+INSPECT=216/304,true
C4A3T1I1F3,4,3,1,1,3,"(4,5,1,3)",34,ASSEMBLE+INSPECT,CUT=48/136;ASSEMBLE+INSPECT=216/306,true
C4A3T1I2F0,4,3,1,2,0,"(4,5,2,0)",44,INSPECT,CUT=48/176;ASSEMBLE=144/220;INSPECT=72/88,false
C4A3T1I2F1,4,3,1,2,1,"(4,5,2,1)",38,ASSEMBLE+INSPECT,CUT=48/152;ASSEMBLE+INSPECT=216/304,true
C4A3T1I2F2,4,3,1,2,2,"(4,5,2,2)",32,ASSEMBLE+INSPECT,CUT=48/128;ASSEMBLE+INSPECT=216/288,true
C4A3T1I2F3,4,3,1,2,3,"(4,5,2,3)",29,ASSEMBLE+INSPECT,CUT=48/116;ASSEMBLE+INSPECT=216/290,true
C4A3T1I3F0,4,3,1,3,0,"(4,5,3,0)",38,ASSEMBLE,CUT=48/152;ASSEMBLE=144/190;INSPECT=72/114,false
C4A3T1I3F1,4,3,1,3,1,"(4,5,3,1)",35,ASSEMBLE+INSPECT,CUT=48/140;ASSEMBLE+INSPECT=216/315,true
C4A3T1I3F2,4,3,1,3,2,"(4,5,3,2)",29,ASSEMBLE+INSPECT,CUT=48/116;ASSEMBLE+INSPECT=216/290,true
C4A3T1I3F3,4,3,1,3,3,"(4,5,3,3)",29,ASSEMBLE+INSPECT,CUT=48/116;ASSEMBLE+INSPECT=216/319,true
C4A3T1I4F0,4,3,1,4,0,"(4,5,4,0)",35,ASSEMBLE,CUT=48/140;ASSEMBLE=144/175;INSPECT=72/140,false
C4A3T1I4F1,4,3,1,4,1,"(4,5,4,1)",34,ASSEMBLE+INSPECT,CUT=48/136;ASSEMBLE+INSPECT=216/340,true
C4A3T1I4F2,4,3,1,4,2,"(4,5,4,2)",29,ASSEMBLE+INSPECT,CUT=48/116;ASSEMBLE+INSPECT=216/319,true
C4A3T1I4F3,4,3,1,4,3,"(4,5,4,3)",28,ASSEMBLE+INSPECT,CUT=48/112;ASSEMBLE+INSPECT=216/336,true
C4A3T2I0F1,4,3,2,0,1,"(4,7,0,1)",82,ASSEMBLE+INSPECT,CUT=48/328;ASSEMBLE+INSPECT=216/656,true
C4A3T2I0F2,4,3,2,0,2,"(4,7,0,2)",48,ASSEMBLE+INSPECT,CUT=48/192;ASSEMBLE+INSPECT=216/432,true
C4A3T2I0F3,4,3,2,0,3,"(4,7,0,3)",36,ASSEMBLE+INSPECT,CUT=48/144;ASSEMBLE+INSPECT=216/360,true
C4A3T2I1F0,4,3,2,1,0,"(4,7,1,0)",80,INSPECT,CUT=48/320;ASSEMBLE=144/560;INSPECT=72/80,false
C4A3T2I1F1,4,3,2,1,1,"(4,7,1,1)",46,ASSEMBLE+INSPECT,CUT=48/184;ASSEMBLE+INSPECT=216/414,true
C4A3T2I1F2,4,3,2,1,2,"(4,7,1,2)",37,ASSEMBLE+INSPECT,CUT=48/148;ASSEMBLE+INSPECT=216/370,true
C4A3T2I1F3,4,3,2,1,3,"(4,7,1,3)",30,ASSEMBLE+INSPECT,CUT=48/120;ASSEMBLE+INSPECT=216/330,true
C4A3T2I2F0,4,3,2,2,0,"(4,7,2,0)",44,INSPECT,CUT=48/176;ASSEMBLE=144/308;INSPECT=72/88,false
C4A3T2I2F1,4,3,2,2,1,"(4,7,2,1)",35,ASSEMBLE+INSPECT,CUT=48/140;ASSEMBLE+INSPECT=216/350,true
C4A3T2I2F2,4,3,2,2,2,"(4,7,2,2)",30,ASSEMBLE+INSPECT,CUT=48/120;ASSEMBLE+INSPECT=216/330,true
C4A3T2I2F3,4,3,2,2,3,"(4,7,2,3)",28,ASSEMBLE+INSPECT,CUT=48/112;ASSEMBLE+INSPECT=216/336,true
C4A3T2I3F0,4,3,2,3,0,"(4,7,3,0)",32,INSPECT,CUT=48/128;ASSEMBLE=144/224;INSPECT=72/96,false
C4A3T2I3F1,4,3,2,3,1,"(4,7,3,1)",29,ASSEMBLE+INSPECT,CUT=48/116;ASSEMBLE+INSPECT=216/319,true
C4A3T2I3F2,4,3,2,3,2,"(4,7,3,2)",26,ASSEMBLE+INSPECT,CUT=48/104;ASSEMBLE+INSPECT=216/312,true
C4A3T2I3F3,4,3,2,3,3,"(4,7,3,3)",26,ASSEMBLE+INSPECT,CUT=48/104;ASSEMBLE+INSPECT=216/338,true
C4A3T2I4F0,4,3,2,4,0,"(4,7,4,0)",29,ASSEMBLE,CUT=48/116;ASSEMBLE=144/203;INSPECT=72/116,false
C4A3T2I4F1,4,3,2,4,1,"(4,7,4,1)",28,ASSEMBLE+INSPECT,CUT=48/112;ASSEMBLE+INSPECT=216/336,true
C4A3T2I4F2,4,3,2,4,2,"(4,7,4,2)",25,ASSEMBLE+INSPECT,CUT=48/100;ASSEMBLE+INSPECT=216/325,true
C4A3T2I4F3,4,3,2,4,3,"(4,7,4,3)",24,ASSEMBLE+INSPECT,CUT=48/96;ASSEMBLE+INSPECT=216/336,true
C4A3T3I0F1,4,3,3,0,1,"(4,9,0,1)",84,ASSEMBLE+INSPECT,CUT=48/336;ASSEMBLE+INSPECT=216/840,true
C4A3T3I0F2,4,3,3,0,2,"(4,9,0,2)",48,ASSEMBLE+INSPECT,CUT=48/192;ASSEMBLE+INSPECT=216/528,true
C4A3T3I0F3,4,3,3,0,3,"(4,9,0,3)",36,ASSEMBLE+INSPECT,CUT=48/144;ASSEMBLE+INSPECT=216/432,true
C4A3T3I1F0,4,3,3,1,0,"(4,9,1,0)",80,INSPECT,CUT=48/320;ASSEMBLE=144/720;INSPECT=72/80,false
C4A3T3I1F1,4,3,3,1,1,"(4,9,1,1)",47,ASSEMBLE+INSPECT,CUT=48/188;ASSEMBLE+INSPECT=216/517,true
C4A3T3I1F2,4,3,3,1,2,"(4,9,1,2)",36,ASSEMBLE+INSPECT,CUT=48/144;ASSEMBLE+INSPECT=216/432,true
C4A3T3I1F3,4,3,3,1,3,"(4,9,1,3)",30,ASSEMBLE+INSPECT,CUT=48/120;ASSEMBLE+INSPECT=216/390,true
C4A3T3I2F0,4,3,3,2,0,"(4,9,2,0)",44,INSPECT,CUT=48/176;ASSEMBLE=144/396;INSPECT=72/88,false
C4A3T3I2F1,4,3,3,2,1,"(4,9,2,1)",35,ASSEMBLE+INSPECT,CUT=48/140;ASSEMBLE+INSPECT=216/420,true
C4A3T3I2F2,4,3,3,2,2,"(4,9,2,2)",29,ASSEMBLE+INSPECT,CUT=48/116;ASSEMBLE+INSPECT=216/377,true
C4A3T3I2F3,4,3,3,2,3,"(4,9,2,3)",26,ASSEMBLE+INSPECT,CUT=48/104;ASSEMBLE+INSPECT=216/364,true
C4A3T3I3F0,4,3,3,3,0,"(4,9,3,0)",32,INSPECT,CUT=48/128;ASSEMBLE=144/288;INSPECT=72/96,false
C4A3T3I3F1,4,3,3,3,1,"(4,9,3,1)",29,ASSEMBLE+INSPECT,CUT=48/116;ASSEMBLE+INSPECT=216/377,true
C4A3T3I3F2,4,3,3,3,2,"(4,9,3,2)",26,ASSEMBLE+INSPECT,CUT=48/104;ASSEMBLE+INSPECT=216/364,true
C4A3T3I3F3,4,3,3,3,3,"(4,9,3,3)",23,ASSEMBLE+INSPECT,CUT=48/92;ASSEMBLE+INSPECT=216/345,true
C4A3T3I4F0,4,3,3,4,0,"(4,9,4,0)",26,INSPECT,CUT=48/104;ASSEMBLE=144/234;INSPECT=72/104,false
C4A3T3I4F1,4,3,3,4,1,"(4,9,4,1)",26,ASSEMBLE+INSPECT,CUT=48/104;ASSEMBLE+INSPECT=216/364,true
C4A3T3I4F2,4,3,3,4,2,"(4,9,4,2)",23,ASSEMBLE+INSPECT,CUT=48/92;ASSEMBLE+INSPECT=216/345,true
C4A3T3I4F3,4,3,3,4,3,"(4,9,4,3)",23,ASSEMBLE+INSPECT,CUT=48/92;ASSEMBLE+INSPECT=216/368,true
C4A4T0I0F1,4,4,0,0,1,"(4,4,0,1)",82,ASSEMBLE+INSPECT,CUT=48/328;ASSEMBLE+INSPECT=216/410,true
C4A4T0I0F2,4,4,0,0,2,"(4,4,0,2)",52,ASSEMBLE+INSPECT,CUT=48/208;ASSEMBLE+INSPECT=216/312,true
C4A4T0I0F3,4,4,0,0,3,"(4,4,0,3)",43,ASSEMBLE+INSPECT,CUT=48/172;ASSEMBLE+INSPECT=216/301,true
C4A4T0I1F0,4,4,0,1,0,"(4,4,1,0)",80,INSPECT,CUT=48/320;ASSEMBLE=144/320;INSPECT=72/80,false
C4A4T0I1F1,4,4,0,1,1,"(4,4,1,1)",55,ASSEMBLE+INSPECT,CUT=48/220;ASSEMBLE+INSPECT=216/330,true
C4A4T0I1F2,4,4,0,1,2,"(4,4,1,2)",43,ASSEMBLE+INSPECT,CUT=48/172;ASSEMBLE+INSPECT=216/301,true
C4A4T0I1F3,4,4,0,1,3,"(4,4,1,3)",37,ASSEMBLE+INSPECT,CUT=48/148;ASSEMBLE+INSPECT=216/296,true
C4A4T0I2F0,4,4,0,2,0,"(4,4,2,0)",44,ASSEMBLE|INSPECT,CUT=48/176;ASSEMBLE=144/176;INSPECT=72/88,false
C4A4T0I2F1,4,4,0,2,1,"(4,4,2,1)",40,ASSEMBLE+INSPECT,CUT=48/160;ASSEMBLE+INSPECT=216/280,true
C4A4T0I2F2,4,4,0,2,2,"(4,4,2,2)",35,ASSEMBLE+INSPECT,CUT=48/140;ASSEMBLE+INSPECT=216/280,true
C4A4T0I2F3,4,4,0,2,3,"(4,4,2,3)",32,ASSEMBLE+INSPECT,CUT=48/128;ASSEMBLE+INSPECT=216/288,true
C4A4T0I3F0,4,4,0,3,0,"(4,4,3,0)",44,ASSEMBLE,CUT=48/176;ASSEMBLE=144/176;INSPECT=72/132,false
C4A4T0I3F1,4,4,0,3,1,"(4,4,3,1)",37,ASSEMBLE+INSPECT,CUT=48/148;ASSEMBLE+INSPECT=216/296,true
C4A4T0I3F2,4,4,0,3,2,"(4,4,3,2)",35,ASSEMBLE+INSPECT,CUT=48/140;ASSEMBLE+INSPECT=216/315,true
C4A4T0I3F3,4,4,0,3,3,"(4,4,3,3)",29,ASSEMBLE+INSPECT,CUT=48/116;ASSEMBLE+INSPECT=216/290,true
C4A4T0I4F0,4,4,0,4,0,"(4,4,4,0)",41,ASSEMBLE,CUT=48/164;ASSEMBLE=144/164;INSPECT=72/164,false
C4A4T0I4F1,4,4,0,4,1,"(4,4,4,1)",35,ASSEMBLE+INSPECT,CUT=48/140;ASSEMBLE+INSPECT=216/315,true
C4A4T0I4F2,4,4,0,4,2,"(4,4,4,2)",34,ASSEMBLE+INSPECT,CUT=48/136;ASSEMBLE+INSPECT=216/340,true
C4A4T0I4F3,4,4,0,4,3,"(4,4,4,3)",29,ASSEMBLE+INSPECT,CUT=48/116;ASSEMBLE+INSPECT=216/319,true
C4A4T1I0F1,4,4,1,0,1,"(4,6,0,1)",82,ASSEMBLE+INSPECT,CUT=48/328;ASSEMBLE+INSPECT=216/574,true
C4A4T1I0F2,4,4,1,0,2,"(4,6,0,2)",46,ASSEMBLE+INSPECT,CUT=48/184;ASSEMBLE+INSPECT=216/368,true
C4A4T1I0F3,4,4,1,0,3,"(4,6,0,3)",40,ASSEMBLE+INSPECT,CUT=48/160;ASSEMBLE+INSPECT=216/360,true
C4A4T1I1F0,4,4,1,1,0,"(4,6,1,0)",80,INSPECT,CUT=48/320;ASSEMBLE=144/480;INSPECT=72/80,false
C4A4T1I1F1,4,4,1,1,1,"(4,6,1,1)",49,ASSEMBLE+INSPECT,CUT=48/196;ASSEMBLE+INSPECT=216/392,true
C4A4T1I1F2,4,4,1,1,2,"(4,6,1,2)",38,ASSEMBLE+INSPECT,CUT=48/152;ASSEMBLE+INSPECT=216/342,true
C4A4T1I1F3,4,4,1,1,3,"(4,6,1,3)",34,ASSEMBLE+INSPECT,CUT=48/136;ASSEMBLE+INSPECT=216/340,true
C4A4T1I2F0,4,4,1,2,0,"(4,6,2,0)",44,INSPECT,CUT=48/176;ASSEMBLE=144/264;INSPECT=72/88,false
C4A4T1I2F1,4,4,1,2,1,"(4,6,2,1)",35,ASSEMBLE+INSPECT,CUT=48/140;ASSEMBLE+INSPECT=216/315,true
C4A4T1I2F2,4,4,1,2,2,"(4,6,2,2)",31,ASSEMBLE+INSPECT,CUT=48/124;ASSEMBLE+INSPECT=216/310,true
C4A4T1I2F3,4,4,1,2,3,"(4,6,2,3)",29,ASSEMBLE+INSPECT,CUT=48/116;ASSEMBLE+INSPECT=216/319,true
C4A4T1I3F0,4,4,1,3,0,"(4,6,3,0)",32,ASSEMBLE|INSPECT,CUT=48/128;ASSEMBLE=144/192;INSPECT=72/96,false
C4A4T1I3F1,4,4,1,3,1,"(4,6,3,1)",29,ASSEMBLE+INSPECT,CUT=48/116;ASSEMBLE+INSPECT=216/290,true
C4A4T1I3F2,4,4,1,3,2,"(4,6,3,2)",29,ASSEMBLE+INSPECT,CUT=48/116;ASSEMBLE+INSPECT=216/319,true
C4A4T1I3F3,4,4,1,3,3,"(4,6,3,3)",26,ASSEMBLE+INSPECT,CUT=48/104;ASSEMBLE+INSPECT=216/312,true
C4A4T1I4F0,4,4,1,4,0,"(4,6,4,0)",32,ASSEMBLE,CUT=48/128;ASSEMBLE=144/192;INSPECT=72/128,false
C4A4T1I4F1,4,4,1,4,1,"(4,6,4,1)",29,ASSEMBLE+INSPECT,CUT=48/116;ASSEMBLE+INSPECT=216/319,true
C4A4T1I4F2,4,4,1,4,2,"(4,6,4,2)",28,ASSEMBLE+INSPECT,CUT=48/112;ASSEMBLE+INSPECT=216/336,true
C4A4T1I4F3,4,4,1,4,3,"(4,6,4,3)",25,ASSEMBLE+INSPECT,CUT=48/100;ASSEMBLE+INSPECT=216/325,true
C4A4T2I0F1,4,4,2,0,1,"(4,8,0,1)",84,ASSEMBLE+INSPECT,CUT=48/336;ASSEMBLE+INSPECT=216/756,true
C4A4T2I0F2,4,4,2,0,2,"(4,8,0,2)",48,ASSEMBLE+INSPECT,CUT=48/192;ASSEMBLE+INSPECT=216/480,true
C4A4T2I0F3,4,4,2,0,3,"(4,8,0,3)",36,ASSEMBLE+INSPECT,CUT=48/144;ASSEMBLE+INSPECT=216/396,true
C4A4T2I1F0,4,4,2,1,0,"(4,8,1,0)",80,INSPECT,CUT=48/320;ASSEMBLE=144/640;INSPECT=72/80,false
C4A4T2I1F1,4,4,2,1,1,"(4,8,1,1)",47,ASSEMBLE+INSPECT,CUT=48/188;ASSEMBLE+INSPECT=216/470,true
C4A4T2I1F2,4,4,2,1,2,"(4,8,1,2)",36,ASSEMBLE+INSPECT,CUT=48/144;ASSEMBLE+INSPECT=216/396,true
C4A4T2I1F3,4,4,2,1,3,"(4,8,1,3)",30,ASSEMBLE+INSPECT,CUT=48/120;ASSEMBLE+INSPECT=216/360,true
C4A4T2I2F0,4,4,2,2,0,"(4,8,2,0)",44,INSPECT,CUT=48/176;ASSEMBLE=144/352;INSPECT=72/88,false
C4A4T2I2F1,4,4,2,2,1,"(4,8,2,1)",35,ASSEMBLE+INSPECT,CUT=48/140;ASSEMBLE+INSPECT=216/385,true
C4A4T2I2F2,4,4,2,2,2,"(4,8,2,2)",29,ASSEMBLE+INSPECT,CUT=48/116;ASSEMBLE+INSPECT=216/348,true
C4A4T2I2F3,4,4,2,2,3,"(4,8,2,3)",27,ASSEMBLE+INSPECT,CUT=48/108;ASSEMBLE+INSPECT=216/351,true
C4A4T2I3F0,4,4,2,3,0,"(4,8,3,0)",32,INSPECT,CUT=48/128;ASSEMBLE=144/256;INSPECT=72/96,false
C4A4T2I3F1,4,4,2,3,1,"(4,8,3,1)",29,ASSEMBLE+INSPECT,CUT=48/116;ASSEMBLE+INSPECT=216/348,true
C4A4T2I3F2,4,4,2,3,2,"(4,8,3,2)",27,ASSEMBLE+INSPECT,CUT=48/108;ASSEMBLE+INSPECT=216/351,true
C4A4T2I3F3,4,4,2,3,3,"(4,8,3,3)",24,ASSEMBLE+INSPECT,CUT=48/96;ASSEMBLE+INSPECT=216/336,true
C4A4T2I4F0,4,4,2,4,0,"(4,8,4,0)",26,ASSEMBLE|INSPECT,CUT=48/104;ASSEMBLE=144/208;INSPECT=72/104,false
C4A4T2I4F1,4,4,2,4,1,"(4,8,4,1)",26,ASSEMBLE+INSPECT,CUT=48/104;ASSEMBLE+INSPECT=216/338,true
C4A4T2I4F2,4,4,2,4,2,"(4,8,4,2)",24,ASSEMBLE+INSPECT,CUT=48/96;ASSEMBLE+INSPECT=216/336,true
C4A4T2I4F3,4,4,2,4,3,"(4,8,4,3)",24,ASSEMBLE+INSPECT,CUT=48/96;ASSEMBLE+INSPECT=216/360,true
C4A4T3I0F1,4,4,3,0,1,"(4,10,0,1)",84,ASSEMBLE+INSPECT,CUT=48/336;ASSEMBLE+INSPECT=216/924,true
C4A4T3I0F2,4,4,3,0,2,"(4,10,0,2)",48,ASSEMBLE+INSPECT,CUT=48/192;ASSEMBLE+INSPECT=216/576,true
C4A4T3I0F3,4,4,3,0,3,"(4,10,0,3)",36,ASSEMBLE+INSPECT,CUT=48/144;ASSEMBLE+INSPECT=216/468,true
C4A4T3I1F0,4,4,3,1,0,"(4,10,1,0)",80,INSPECT,CUT=48/320;ASSEMBLE=144/800;INSPECT=72/80,false
C4A4T3I1F1,4,4,3,1,1,"(4,10,1,1)",47,ASSEMBLE+INSPECT,CUT=48/188;ASSEMBLE+INSPECT=216/564,true
C4A4T3I1F2,4,4,3,1,2,"(4,10,1,2)",36,ASSEMBLE+INSPECT,CUT=48/144;ASSEMBLE+INSPECT=216/468,true
C4A4T3I1F3,4,4,3,1,3,"(4,10,1,3)",29,ASSEMBLE+INSPECT,CUT=48/116;ASSEMBLE+INSPECT=216/406,true
C4A4T3I2F0,4,4,3,2,0,"(4,10,2,0)",44,INSPECT,CUT=48/176;ASSEMBLE=144/440;INSPECT=72/88,false
C4A4T3I2F1,4,4,3,2,1,"(4,10,2,1)",35,ASSEMBLE+INSPECT,CUT=48/140;ASSEMBLE+INSPECT=216/455,true
C4A4T3I2F2,4,4,3,2,2,"(4,10,2,2)",29,ASSEMBLE+INSPECT,CUT=48/116;ASSEMBLE+INSPECT=216/406,true
C4A4T3I2F3,4,4,3,2,3,"(4,10,2,3)",26,ASSEMBLE+INSPECT,CUT=48/104;ASSEMBLE+INSPECT=216/390,true
C4A4T3I3F0,4,4,3,3,0,"(4,10,3,0)",32,INSPECT,CUT=48/128;ASSEMBLE=144/320;INSPECT=72/96,false
C4A4T3I3F1,4,4,3,3,1,"(4,10,3,1)",29,ASSEMBLE+INSPECT,CUT=48/116;ASSEMBLE+INSPECT=216/406,true
C4A4T3I3F2,4,4,3,3,2,"(4,10,3,2)",26,ASSEMBLE+INSPECT,CUT=48/104;ASSEMBLE+INSPECT=216/390,true
C4A4T3I3F3,4,4,3,3,3,"(4,10,3,3)",23,ASSEMBLE+INSPECT,CUT=48/92;ASSEMBLE+INSPECT=216/368,true
C4A4T3I4F0,4,4,3,4,0,"(4,10,4,0)",26,INSPECT,CUT=48/104;ASSEMBLE=144/260;INSPECT=72/104,false
C4A4T3I4F1,4,4,3,4,1,"(4,10,4,1)",24,ASSEMBLE+INSPECT,CUT=48/96;ASSEMBLE+INSPECT=216/360,true
C4A4T3I4F2,4,4,3,4,2,"(4,10,4,2)",23,ASSEMBLE+INSPECT,CUT=48/92;ASSEMBLE+INSPECT=216/368,true
C4A4T3I4F3,4,4,3,4,3,"(4,10,4,3)",23,ASSEMBLE+INSPECT,CUT=48/92;ASSEMBLE+INSPECT=216/391,true
C4A5T0I0F1,4,5,0,0,1,"(4,5,0,1)",82,ASSEMBLE+INSPECT,CUT=48/328;ASSEMBLE+INSPECT=216/492,true
C4A5T0I0F2,4,5,0,0,2,"(4,5,0,2)",52,ASSEMBLE+INSPECT,CUT=48/208;ASSEMBLE+INSPECT=216/364,true
C4A5T0I0F3,4,5,0,0,3,"(4,5,0,3)",40,ASSEMBLE+INSPECT,CUT=48/160;ASSEMBLE+INSPECT=216/320,true
C4A5T0I1F0,4,5,0,1,0,"(4,5,1,0)",80,INSPECT,CUT=48/320;ASSEMBLE=144/400;INSPECT=72/80,false
C4A5T0I1F1,4,5,0,1,1,"(4,5,1,1)",52,ASSEMBLE+INSPECT,CUT=48/208;ASSEMBLE+INSPECT=216/364,true
C4A5T0I1F2,4,5,0,1,2,"(4,5,1,2)",38,ASSEMBLE+INSPECT,CUT=48/152;ASSEMBLE+INSPECT=216/304,true
C4A5T0I1F3,4,5,0,1,3,"(4,5,1,3)",34,ASSEMBLE+INSPECT,CUT=48/136;ASSEMBLE+INSPECT=216/306,true
C4A5T0I2F0,4,5,0,2,0,"(4,5,2,0)",44,INSPECT,CUT=48/176;ASSEMBLE=144/220;INSPECT=72/88,false
C4A5T0I2F1,4,5,0,2,1,"(4,5,2,1)",38,ASSEMBLE+INSPECT,CUT=48/152;ASSEMBLE+INSPECT=216/304,true
C4A5T0I2F2,4,5,0,2,2,"(4,5,2,2)",32,ASSEMBLE+INSPECT,CUT=48/128;ASSEMBLE+INSPECT=216/288,true
C4A5T0I2F3,4,5,0,2,3,"(4,5,2,3)",29,ASSEMBLE+INSPECT,CUT=48/116;ASSEMBLE+INSPECT=216/290,true
C4A5T0I3F0,4,5,0,3,0,"(4,5,3,0)",38,ASSEMBLE,CUT=48/152;ASSEMBLE=144/190;INSPECT=72/114,false
C4A5T0I3F1,4,5,0,3,1,"(4,5,3,1)",35,ASSEMBLE+INSPECT,CUT=48/140;ASSEMBLE+INSPECT=216/315,true
C4A5T0I3F2,4,5,0,3,2,"(4,5,3,2)",29,ASSEMBLE+INSPECT,CUT=48/116;ASSEMBLE+INSPECT=216/290,true
C4A5T0I3F3,4,5,0,3,3,"(4,5,3,3)",29,ASSEMBLE+INSPECT,CUT=48/116;ASSEMBLE+INSPECT=216/319,true
C4A5T0I4F0,4,5,0,4,0,"(4,5,4,0)",35,ASSEMBLE,CUT=48/140;ASSEMBLE=144/175;INSPECT=72/140,false
C4A5T0I4F1,4,5,0,4,1,"(4,5,4,1)",34,ASSEMBLE+INSPECT,CUT=48/136;ASSEMBLE+INSPECT=216/340,true
C4A5T0I4F2,4,5,0,4,2,"(4,5,4,2)",29,ASSEMBLE+INSPECT,CUT=48/116;ASSEMBLE+INSPECT=216/319,true
C4A5T0I4F3,4,5,0,4,3,"(4,5,4,3)",28,ASSEMBLE+INSPECT,CUT=48/112;ASSEMBLE+INSPECT=216/336,true
C4A5T1I0F1,4,5,1,0,1,"(4,7,0,1)",82,ASSEMBLE+INSPECT,CUT=48/328;ASSEMBLE+INSPECT=216/656,true
C4A5T1I0F2,4,5,1,0,2,"(4,7,0,2)",48,ASSEMBLE+INSPECT,CUT=48/192;ASSEMBLE+INSPECT=216/432,true
C4A5T1I0F3,4,5,1,0,3,"(4,7,0,3)",36,ASSEMBLE+INSPECT,CUT=48/144;ASSEMBLE+INSPECT=216/360,true
C4A5T1I1F0,4,5,1,1,0,"(4,7,1,0)",80,INSPECT,CUT=48/320;ASSEMBLE=144/560;INSPECT=72/80,false
C4A5T1I1F1,4,5,1,1,1,"(4,7,1,1)",46,ASSEMBLE+INSPECT,CUT=48/184;ASSEMBLE+INSPECT=216/414,true
C4A5T1I1F2,4,5,1,1,2,"(4,7,1,2)",37,ASSEMBLE+INSPECT,CUT=48/148;ASSEMBLE+INSPECT=216/370,true
C4A5T1I1F3,4,5,1,1,3,"(4,7,1,3)",30,ASSEMBLE+INSPECT,CUT=48/120;ASSEMBLE+INSPECT=216/330,true
C4A5T1I2F0,4,5,1,2,0,"(4,7,2,0)",44,INSPECT,CUT=48/176;ASSEMBLE=144/308;INSPECT=72/88,false
C4A5T1I2F1,4,5,1,2,1,"(4,7,2,1)",35,ASSEMBLE+INSPECT,CUT=48/140;ASSEMBLE+INSPECT=216/350,true
C4A5T1I2F2,4,5,1,2,2,"(4,7,2,2)",30,ASSEMBLE+INSPECT,CUT=48/120;ASSEMBLE+INSPECT=216/330,true
C4A5T1I2F3,4,5,1,2,3,"(4,7,2,3)",28,ASSEMBLE+INSPECT,CUT=48/112;ASSEMBLE+INSPECT=216/336,true
C4A5T1I3F0,4,5,1,3,0,"(4,7,3,0)",32,INSPECT,CUT=48/128;ASSEMBLE=144/224;INSPECT=72/96,false
C4A5T1I3F1,4,5,1,3,1,"(4,7,3,1)",29,ASSEMBLE+INSPECT,CUT=48/116;ASSEMBLE+INSPECT=216/319,true
C4A5T1I3F2,4,5,1,3,2,"(4,7,3,2)",26,ASSEMBLE+INSPECT,CUT=48/104;ASSEMBLE+INSPECT=216/312,true
C4A5T1I3F3,4,5,1,3,3,"(4,7,3,3)",26,ASSEMBLE+INSPECT,CUT=48/104;ASSEMBLE+INSPECT=216/338,true
C4A5T1I4F0,4,5,1,4,0,"(4,7,4,0)",29,ASSEMBLE,CUT=48/116;ASSEMBLE=144/203;INSPECT=72/116,false
C4A5T1I4F1,4,5,1,4,1,"(4,7,4,1)",28,ASSEMBLE+INSPECT,CUT=48/112;ASSEMBLE+INSPECT=216/336,true
C4A5T1I4F2,4,5,1,4,2,"(4,7,4,2)",25,ASSEMBLE+INSPECT,CUT=48/100;ASSEMBLE+INSPECT=216/325,true
C4A5T1I4F3,4,5,1,4,3,"(4,7,4,3)",24,ASSEMBLE+INSPECT,CUT=48/96;ASSEMBLE+INSPECT=216/336,true
C4A5T2I0F1,4,5,2,0,1,"(4,9,0,1)",84,ASSEMBLE+INSPECT,CUT=48/336;ASSEMBLE+INSPECT=216/840,true
C4A5T2I0F2,4,5,2,0,2,"(4,9,0,2)",48,ASSEMBLE+INSPECT,CUT=48/192;ASSEMBLE+INSPECT=216/528,true
C4A5T2I0F3,4,5,2,0,3,"(4,9,0,3)",36,ASSEMBLE+INSPECT,CUT=48/144;ASSEMBLE+INSPECT=216/432,true
C4A5T2I1F0,4,5,2,1,0,"(4,9,1,0)",80,INSPECT,CUT=48/320;ASSEMBLE=144/720;INSPECT=72/80,false
C4A5T2I1F1,4,5,2,1,1,"(4,9,1,1)",47,ASSEMBLE+INSPECT,CUT=48/188;ASSEMBLE+INSPECT=216/517,true
C4A5T2I1F2,4,5,2,1,2,"(4,9,1,2)",36,ASSEMBLE+INSPECT,CUT=48/144;ASSEMBLE+INSPECT=216/432,true
C4A5T2I1F3,4,5,2,1,3,"(4,9,1,3)",30,ASSEMBLE+INSPECT,CUT=48/120;ASSEMBLE+INSPECT=216/390,true
C4A5T2I2F0,4,5,2,2,0,"(4,9,2,0)",44,INSPECT,CUT=48/176;ASSEMBLE=144/396;INSPECT=72/88,false
C4A5T2I2F1,4,5,2,2,1,"(4,9,2,1)",35,ASSEMBLE+INSPECT,CUT=48/140;ASSEMBLE+INSPECT=216/420,true
C4A5T2I2F2,4,5,2,2,2,"(4,9,2,2)",29,ASSEMBLE+INSPECT,CUT=48/116;ASSEMBLE+INSPECT=216/377,true
C4A5T2I2F3,4,5,2,2,3,"(4,9,2,3)",26,ASSEMBLE+INSPECT,CUT=48/104;ASSEMBLE+INSPECT=216/364,true
C4A5T2I3F0,4,5,2,3,0,"(4,9,3,0)",32,INSPECT,CUT=48/128;ASSEMBLE=144/288;INSPECT=72/96,false
C4A5T2I3F1,4,5,2,3,1,"(4,9,3,1)",29,ASSEMBLE+INSPECT,CUT=48/116;ASSEMBLE+INSPECT=216/377,true
C4A5T2I3F2,4,5,2,3,2,"(4,9,3,2)",26,ASSEMBLE+INSPECT,CUT=48/104;ASSEMBLE+INSPECT=216/364,true
C4A5T2I3F3,4,5,2,3,3,"(4,9,3,3)",23,ASSEMBLE+INSPECT,CUT=48/92;ASSEMBLE+INSPECT=216/345,true
C4A5T2I4F0,4,5,2,4,0,"(4,9,4,0)",26,INSPECT,CUT=48/104;ASSEMBLE=144/234;INSPECT=72/104,false
C4A5T2I4F1,4,5,2,4,1,"(4,9,4,1)",26,ASSEMBLE+INSPECT,CUT=48/104;ASSEMBLE+INSPECT=216/364,true
C4A5T2I4F2,4,5,2,4,2,"(4,9,4,2)",23,ASSEMBLE+INSPECT,CUT=48/92;ASSEMBLE+INSPECT=216/345,true
C4A5T2I4F3,4,5,2,4,3,"(4,9,4,3)",23,ASSEMBLE+INSPECT,CUT=48/92;ASSEMBLE+INSPECT=216/368,true
C4A5T3I0F1,4,5,3,0,1,"(4,11,0,1)",84,ASSEMBLE+INSPECT,CUT=48/336;ASSEMBLE+INSPECT=216/1008,true
C4A5T3I0F2,4,5,3,0,2,"(4,11,0,2)",47,ASSEMBLE+INSPECT,CUT=48/188;ASSEMBLE+INSPECT=216/611,true
C4A5T3I0F3,4,5,3,0,3,"(4,11,0,3)",35,ASSEMBLE+INSPECT,CUT=48/140;ASSEMBLE+INSPECT=216/490,true
C4A5T3I1F0,4,5,3,1,0,"(4,11,1,0)",80,INSPECT,CUT=48/320;ASSEMBLE=144/880;INSPECT=72/80,false
C4A5T3I1F1,4,5,3,1,1,"(4,11,1,1)",47,ASSEMBLE+INSPECT,CUT=48/188;ASSEMBLE+INSPECT=216/611,true
C4A5T3I1F2,4,5,3,1,2,"(4,11,1,2)",35,ASSEMBLE+INSPECT,CUT=48/140;ASSEMBLE+INSPECT=216/490,true
C4A5T3I1F3,4,5,3,1,3,"(4,11,1,3)",29,ASSEMBLE+INSPECT,CUT=48/116;ASSEMBLE+INSPECT=216/435,true
C4A5T3I2F0,4,5,3,2,0,"(4,11,2,0)",44,INSPECT,CUT=48/176;ASSEMBLE=144/484;INSPECT=72/88,false
C4A5T3I2F1,4,5,3,2,1,"(4,11,2,1)",35,ASSEMBLE+INSPECT,CUT=48/140;ASSEMBLE+INSPECT=216/490,true
C4A5T3I2F2,4,5,3,2,2,"(4,11,2,2)",29,ASSEMBLE+INSPECT,CUT=48/116;ASSEMBLE+INSPECT=216/435,true
C4A5T3I2F3,4,5,3,2,3,"(4,11,2,3)",24,ASSEMBLE+INSPECT,CUT=48/96;ASSEMBLE+INSPECT=216/384,true
C4A5T3I3F0,4,5,3,3,0,"(4,11,3,0)",32,INSPECT,CUT=48/128;ASSEMBLE=144/352;INSPECT=72/96,false
C4A5T3I3F1,4,5,3,3,1,"(4,11,3,1)",29,ASSEMBLE+INSPECT,CUT=48/116;ASSEMBLE+INSPECT=216/435,true
C4A5T3I3F2,4,5,3,3,2,"(4,11,3,2)",24,ASSEMBLE+INSPECT,CUT=48/96;ASSEMBLE+INSPECT=216/384,true
C4A5T3I3F3,4,5,3,3,3,"(4,11,3,3)",23,ASSEMBLE+INSPECT,CUT=48/92;ASSEMBLE+INSPECT=216/391,true
C4A5T3I4F0,4,5,3,4,0,"(4,11,4,0)",26,INSPECT,CUT=48/104;ASSEMBLE=144/286;INSPECT=72/104,false
C4A5T3I4F1,4,5,3,4,1,"(4,11,4,1)",24,ASSEMBLE+INSPECT,CUT=48/96;ASSEMBLE+INSPECT=216/384,true
C4A5T3I4F2,4,5,3,4,2,"(4,11,4,2)",23,ASSEMBLE+INSPECT,CUT=48/92;ASSEMBLE+INSPECT=216/391,true
C4A5T3I4F3,4,5,3,4,3,"(4,11,4,3)",22,CUT|ASSEMBLE+INSPECT,CUT=48/88;ASSEMBLE+INSPECT=216/396,true
C4A6T0I0F1,4,6,0,0,1,"(4,6,0,1)",82,ASSEMBLE+INSPECT,CUT=48/328;ASSEMBLE+INSPECT=216/574,true
C4A6T0I0F2,4,6,0,0,2,"(4,6,0,2)",46,ASSEMBLE+INSPECT,CUT=48/184;ASSEMBLE+INSPECT=216/368,true
C4A6T0I0F3,4,6,0,0,3,"(4,6,0,3)",40,ASSEMBLE+INSPECT,CUT=48/160;ASSEMBLE+INSPECT=216/360,true
C4A6T0I1F0,4,6,0,1,0,"(4,6,1,0)",80,INSPECT,CUT=48/320;ASSEMBLE=144/480;INSPECT=72/80,false
C4A6T0I1F1,4,6,0,1,1,"(4,6,1,1)",49,ASSEMBLE+INSPECT,CUT=48/196;ASSEMBLE+INSPECT=216/392,true
C4A6T0I1F2,4,6,0,1,2,"(4,6,1,2)",38,ASSEMBLE+INSPECT,CUT=48/152;ASSEMBLE+INSPECT=216/342,true
C4A6T0I1F3,4,6,0,1,3,"(4,6,1,3)",34,ASSEMBLE+INSPECT,CUT=48/136;ASSEMBLE+INSPECT=216/340,true
C4A6T0I2F0,4,6,0,2,0,"(4,6,2,0)",44,INSPECT,CUT=48/176;ASSEMBLE=144/264;INSPECT=72/88,false
C4A6T0I2F1,4,6,0,2,1,"(4,6,2,1)",35,ASSEMBLE+INSPECT,CUT=48/140;ASSEMBLE+INSPECT=216/315,true
C4A6T0I2F2,4,6,0,2,2,"(4,6,2,2)",31,ASSEMBLE+INSPECT,CUT=48/124;ASSEMBLE+INSPECT=216/310,true
C4A6T0I2F3,4,6,0,2,3,"(4,6,2,3)",29,ASSEMBLE+INSPECT,CUT=48/116;ASSEMBLE+INSPECT=216/319,true
C4A6T0I3F0,4,6,0,3,0,"(4,6,3,0)",32,ASSEMBLE|INSPECT,CUT=48/128;ASSEMBLE=144/192;INSPECT=72/96,false
C4A6T0I3F1,4,6,0,3,1,"(4,6,3,1)",29,ASSEMBLE+INSPECT,CUT=48/116;ASSEMBLE+INSPECT=216/290,true
C4A6T0I3F2,4,6,0,3,2,"(4,6,3,2)",29,ASSEMBLE+INSPECT,CUT=48/116;ASSEMBLE+INSPECT=216/319,true
C4A6T0I3F3,4,6,0,3,3,"(4,6,3,3)",26,ASSEMBLE+INSPECT,CUT=48/104;ASSEMBLE+INSPECT=216/312,true
C4A6T0I4F0,4,6,0,4,0,"(4,6,4,0)",32,ASSEMBLE,CUT=48/128;ASSEMBLE=144/192;INSPECT=72/128,false
C4A6T0I4F1,4,6,0,4,1,"(4,6,4,1)",29,ASSEMBLE+INSPECT,CUT=48/116;ASSEMBLE+INSPECT=216/319,true
C4A6T0I4F2,4,6,0,4,2,"(4,6,4,2)",28,ASSEMBLE+INSPECT,CUT=48/112;ASSEMBLE+INSPECT=216/336,true
C4A6T0I4F3,4,6,0,4,3,"(4,6,4,3)",25,ASSEMBLE+INSPECT,CUT=48/100;ASSEMBLE+INSPECT=216/325,true
C4A6T1I0F1,4,6,1,0,1,"(4,8,0,1)",84,ASSEMBLE+INSPECT,CUT=48/336;ASSEMBLE+INSPECT=216/756,true
C4A6T1I0F2,4,6,1,0,2,"(4,8,0,2)",48,ASSEMBLE+INSPECT,CUT=48/192;ASSEMBLE+INSPECT=216/480,true
C4A6T1I0F3,4,6,1,0,3,"(4,8,0,3)",36,ASSEMBLE+INSPECT,CUT=48/144;ASSEMBLE+INSPECT=216/396,true
C4A6T1I1F0,4,6,1,1,0,"(4,8,1,0)",80,INSPECT,CUT=48/320;ASSEMBLE=144/640;INSPECT=72/80,false
C4A6T1I1F1,4,6,1,1,1,"(4,8,1,1)",47,ASSEMBLE+INSPECT,CUT=48/188;ASSEMBLE+INSPECT=216/470,true
C4A6T1I1F2,4,6,1,1,2,"(4,8,1,2)",36,ASSEMBLE+INSPECT,CUT=48/144;ASSEMBLE+INSPECT=216/396,true
C4A6T1I1F3,4,6,1,1,3,"(4,8,1,3)",30,ASSEMBLE+INSPECT,CUT=48/120;ASSEMBLE+INSPECT=216/360,true
C4A6T1I2F0,4,6,1,2,0,"(4,8,2,0)",44,INSPECT,CUT=48/176;ASSEMBLE=144/352;INSPECT=72/88,false
C4A6T1I2F1,4,6,1,2,1,"(4,8,2,1)",35,ASSEMBLE+INSPECT,CUT=48/140;ASSEMBLE+INSPECT=216/385,true
C4A6T1I2F2,4,6,1,2,2,"(4,8,2,2)",29,ASSEMBLE+INSPECT,CUT=48/116;ASSEMBLE+INSPECT=216/348,true
C4A6T1I2F3,4,6,1,2,3,"(4,8,2,3)",27,ASSEMBLE+INSPECT,CUT=48/108;ASSEMBLE+INSPECT=216/351,true
C4A6T1I3F0,4,6,1,3,0,"(4,8,3,0)",32,INSPECT,CUT=48/128;ASSEMBLE=144/256;INSPECT=72/96,false
C4A6T1I3F1,4,6,1,3,1,"(4,8,3,1)",29,ASSEMBLE+INSPECT,CUT=48/116;ASSEMBLE+INSPECT=216/348,true
C4A6T1I3F2,4,6,1,3,2,"(4,8,3,2)",27,ASSEMBLE+INSPECT,CUT=48/108;ASSEMBLE+INSPECT=216/351,true
C4A6T1I3F3,4,6,1,3,3,"(4,8,3,3)",24,ASSEMBLE+INSPECT,CUT=48/96;ASSEMBLE+INSPECT=216/336,true
C4A6T1I4F0,4,6,1,4,0,"(4,8,4,0)",26,ASSEMBLE|INSPECT,CUT=48/104;ASSEMBLE=144/208;INSPECT=72/104,false
C4A6T1I4F1,4,6,1,4,1,"(4,8,4,1)",26,ASSEMBLE+INSPECT,CUT=48/104;ASSEMBLE+INSPECT=216/338,true
C4A6T1I4F2,4,6,1,4,2,"(4,8,4,2)",24,ASSEMBLE+INSPECT,CUT=48/96;ASSEMBLE+INSPECT=216/336,true
C4A6T1I4F3,4,6,1,4,3,"(4,8,4,3)",24,ASSEMBLE+INSPECT,CUT=48/96;ASSEMBLE+INSPECT=216/360,true
C4A6T2I0F1,4,6,2,0,1,"(4,10,0,1)",84,ASSEMBLE+INSPECT,CUT=48/336;ASSEMBLE+INSPECT=216/924,true
C4A6T2I0F2,4,6,2,0,2,"(4,10,0,2)",48,ASSEMBLE+INSPECT,CUT=48/192;ASSEMBLE+INSPECT=216/576,true
C4A6T2I0F3,4,6,2,0,3,"(4,10,0,3)",36,ASSEMBLE+INSPECT,CUT=48/144;ASSEMBLE+INSPECT=216/468,true
C4A6T2I1F0,4,6,2,1,0,"(4,10,1,0)",80,INSPECT,CUT=48/320;ASSEMBLE=144/800;INSPECT=72/80,false
C4A6T2I1F1,4,6,2,1,1,"(4,10,1,1)",47,ASSEMBLE+INSPECT,CUT=48/188;ASSEMBLE+INSPECT=216/564,true
C4A6T2I1F2,4,6,2,1,2,"(4,10,1,2)",36,ASSEMBLE+INSPECT,CUT=48/144;ASSEMBLE+INSPECT=216/468,true
C4A6T2I1F3,4,6,2,1,3,"(4,10,1,3)",29,ASSEMBLE+INSPECT,CUT=48/116;ASSEMBLE+INSPECT=216/406,true
C4A6T2I2F0,4,6,2,2,0,"(4,10,2,0)",44,INSPECT,CUT=48/176;ASSEMBLE=144/440;INSPECT=72/88,false
C4A6T2I2F1,4,6,2,2,1,"(4,10,2,1)",35,ASSEMBLE+INSPECT,CUT=48/140;ASSEMBLE+INSPECT=216/455,true
C4A6T2I2F2,4,6,2,2,2,"(4,10,2,2)",29,ASSEMBLE+INSPECT,CUT=48/116;ASSEMBLE+INSPECT=216/406,true
C4A6T2I2F3,4,6,2,2,3,"(4,10,2,3)",26,ASSEMBLE+INSPECT,CUT=48/104;ASSEMBLE+INSPECT=216/390,true
C4A6T2I3F0,4,6,2,3,0,"(4,10,3,0)",32,INSPECT,CUT=48/128;ASSEMBLE=144/320;INSPECT=72/96,false
C4A6T2I3F1,4,6,2,3,1,"(4,10,3,1)",29,ASSEMBLE+INSPECT,CUT=48/116;ASSEMBLE+INSPECT=216/406,true
C4A6T2I3F2,4,6,2,3,2,"(4,10,3,2)",26,ASSEMBLE+INSPECT,CUT=48/104;ASSEMBLE+INSPECT=216/390,true
C4A6T2I3F3,4,6,2,3,3,"(4,10,3,3)",23,ASSEMBLE+INSPECT,CUT=48/92;ASSEMBLE+INSPECT=216/368,true
C4A6T2I4F0,4,6,2,4,0,"(4,10,4,0)",26,INSPECT,CUT=48/104;ASSEMBLE=144/260;INSPECT=72/104,false
C4A6T2I4F1,4,6,2,4,1,"(4,10,4,1)",24,ASSEMBLE+INSPECT,CUT=48/96;ASSEMBLE+INSPECT=216/360,true
C4A6T2I4F2,4,6,2,4,2,"(4,10,4,2)",23,ASSEMBLE+INSPECT,CUT=48/92;ASSEMBLE+INSPECT=216/368,true
C4A6T2I4F3,4,6,2,4,3,"(4,10,4,3)",23,ASSEMBLE+INSPECT,CUT=48/92;ASSEMBLE+INSPECT=216/391,true
C4A6T3I0F1,4,6,3,0,1,"(4,12,0,1)",80,ASSEMBLE+INSPECT,CUT=48/320;ASSEMBLE+INSPECT=216/1040,false
C4A6T3I0F2,4,6,3,0,2,"(4,12,0,2)",44,ASSEMBLE+INSPECT,CUT=48/176;ASSEMBLE+INSPECT=216/616,false
C4A6T3I0F3,4,6,3,0,3,"(4,12,0,3)",32,ASSEMBLE+INSPECT,CUT=48/128;ASSEMBLE+INSPECT=216/480,false
C4A6T3I1F0,4,6,3,1,0,"(4,12,1,0)",80,INSPECT,CUT=48/320;ASSEMBLE=144/960;INSPECT=72/80,false
C4A6T3I1F1,4,6,3,1,1,"(4,12,1,1)",44,ASSEMBLE+INSPECT,CUT=48/176;ASSEMBLE+INSPECT=216/616,false
C4A6T3I1F2,4,6,3,1,2,"(4,12,1,2)",32,ASSEMBLE+INSPECT,CUT=48/128;ASSEMBLE+INSPECT=216/480,false
C4A6T3I1F3,4,6,3,1,3,"(4,12,1,3)",26,ASSEMBLE+INSPECT,CUT=48/104;ASSEMBLE+INSPECT=216/416,false
C4A6T3I2F0,4,6,3,2,0,"(4,12,2,0)",44,INSPECT,CUT=48/176;ASSEMBLE=144/528;INSPECT=72/88,false
C4A6T3I2F1,4,6,3,2,1,"(4,12,2,1)",32,ASSEMBLE+INSPECT,CUT=48/128;ASSEMBLE+INSPECT=216/480,false
C4A6T3I2F2,4,6,3,2,2,"(4,12,2,2)",26,ASSEMBLE+INSPECT,CUT=48/104;ASSEMBLE+INSPECT=216/416,false
C4A6T3I2F3,4,6,3,2,3,"(4,12,2,3)",24,ASSEMBLE+INSPECT,CUT=48/96;ASSEMBLE+INSPECT=216/408,false
C4A6T3I3F0,4,6,3,3,0,"(4,12,3,0)",32,INSPECT,CUT=48/128;ASSEMBLE=144/384;INSPECT=72/96,false
C4A6T3I3F1,4,6,3,3,1,"(4,12,3,1)",26,ASSEMBLE+INSPECT,CUT=48/104;ASSEMBLE+INSPECT=216/416,false
C4A6T3I3F2,4,6,3,3,2,"(4,12,3,2)",24,ASSEMBLE+INSPECT,CUT=48/96;ASSEMBLE+INSPECT=216/408,false
C4A6T3I3F3,4,6,3,3,3,"(4,12,3,3)",22,CUT|ASSEMBLE+INSPECT,CUT=48/88;ASSEMBLE+INSPECT=216/396,false
C4A6T3I4F0,4,6,3,4,0,"(4,12,4,0)",26,INSPECT,CUT=48/104;ASSEMBLE=144/312;INSPECT=72/104,false
C4A6T3I4F1,4,6,3,4,1,"(4,12,4,1)",24,ASSEMBLE+INSPECT,CUT=48/96;ASSEMBLE+INSPECT=216/408,false
C4A6T3I4F2,4,6,3,4,2,"(4,12,4,2)",22,CUT|ASSEMBLE+INSPECT,CUT=48/88;ASSEMBLE+INSPECT=216/396,false
C4A6T3I4F3,4,6,3,4,3,"(4,12,4,3)",22,CUT,CUT=48/88;ASSEMBLE+INSPECT=216/418,false
