context,class,cost,completion,members,provisions,active,occupancy
P1|N6|D|UNIFORM|d75|p0,0,300,41,"C1A1T0I1F0","(1,1,1,0)","ASSEMBLE","CUT=12/41;ASSEMBLE=36/41;INSPECT=18/41"
P1|N6|D|UNIFORM|d75|p0,1,350,26,"C1A0T1I1F0","(1,2,1,0)","ASSEMBLE|INSPECT","CUT=12/26;ASSEMBLE=36/52;INSPECT=18/26"
P1|N6|D|UNIFORM|d75|p0,2,450,25,"C1A0T1I2F0","(1,2,2,0)","ASSEMBLE","CUT=12/25;ASSEMBLE=36/50;INSPECT=18/50"
P1|N6|D|UNIFORM|d75|p0,3,550,21,"C1A1T1I2F0","(1,3,2,0)","CUT|ASSEMBLE","CUT=12/21;ASSEMBLE=36/63;INSPECT=18/42"
P1|N6|D|UNIFORM|d75|p0,4,650,20,"C2A1T1I2F0","(2,3,2,0)","ASSEMBLE","CUT=12/40;ASSEMBLE=36/60;INSPECT=18/40"
P1|N6|D|UNIFORM|d75|p0,5,700,17,"C2A0T2I2F0","(2,4,2,0)","ASSEMBLE|INSPECT","CUT=12/34;ASSEMBLE=36/68;INSPECT=18/34"
P1|N6|D|UNIFORM|d75|p0,6,950,16,"C2A0T3I3F0","(2,6,3,0)","CUT|ASSEMBLE|INSPECT","CUT=12/32;ASSEMBLE=36/96;INSPECT=18/48"
P1|N6|D|UNIFORM|d75|p0,7,1050,14,"C3A0T3I3F0","(3,6,3,0)","ASSEMBLE|INSPECT","CUT=12/42;ASSEMBLE=36/84;INSPECT=18/42"
P1|N6|D|UNIFORM|d90|p0,0,300,41,"C1A1T0I1F0","(1,1,1,0)","ASSEMBLE","CUT=12/41;ASSEMBLE=36/41;INSPECT=18/41"
P1|N6|D|UNIFORM|d90|p0,1,380,26,"C1A0T1I1F0","(1,2,1,0)","ASSEMBLE|INSPECT","CUT=12/26;ASSEMBLE=36/52;INSPECT=18/26"
P1|N6|D|UNIFORM|d90|p0,2,480,25,"C1A0T1I2F0","(1,2,2,0)","ASSEMBLE","CUT=12/25;ASSEMBLE=36/50;INSPECT=18/50"
P1|N6|D|UNIFORM|d90|p0,3,580,21,"C1A1T1I2F0","(1,3,2,0)","CUT|ASSEMBLE","CUT=12/21;ASSEMBLE=36/63;INSPECT=18/42"
P1|N6|D|UNIFORM|d90|p0,4,680,20,"C2A1T1I2F0","(2,3,2,0)","ASSEMBLE","CUT=12/40;ASSEMBLE=36/60;INSPECT=18/40"
P1|N6|D|UNIFORM|d90|p0,5,760,17,"C2A0T2I2F0","(2,4,2,0)","ASSEMBLE|INSPECT","CUT=12/34;ASSEMBLE=36/68;INSPECT=18/34"
P1|N6|D|UNIFORM|d90|p0,6,1040,16,"C2A0T3I3F0","(2,6,3,0)","CUT|ASSEMBLE|INSPECT","CUT=12/32;ASSEMBLE=36/96;INSPECT=18/48"
P1|N6|D|UNIFORM|d90|p0,7,1140,14,"C3A0T3I3F0","(3,6,3,0)","ASSEMBLE|INSPECT","CUT=12/42;ASSEMBLE=36/84;INSPECT=18/42"
P1|N6|D|UNIFORM|d100|p0,0,300,41,"C1A1T0I1F0","(1,1,1,0)","ASSEMBLE","CUT=12/41;ASSEMBLE=36/41;INSPECT=18/41"
P1|N6|D|UNIFORM|d100|p0,1,400,26,"C1A0T1I1F0 C1A2T0I1F0","(1,2,1,0) (1,2,1,0)","ASSEMBLE|INSPECT ASSEMBLE|INSPECT","CUT=12/26;ASSEMBLE=36/52;INSPECT=18/26 CUT=12/26;ASSEMBLE=36/52;INSPECT=18/26"
P1|N6|D|UNIFORM|d100|p0,2,500,25,"C1A0T1I2F0 C1A2T0I2F0","(1,2,2,0) (1,2,2,0)","ASSEMBLE ASSEMBLE","CUT=12/25;ASSEMBLE=36/50;INSPECT=18/50 CUT=12/25;ASSEMBLE=36/50;INSPECT=18/50"
P1|N6|D|UNIFORM|d100|p0,3,600,21,"C1A1T1I2F0 C1A3T0I2F0","(1,3,2,0) (1,3,2,0)","CUT|ASSEMBLE CUT|ASSEMBLE","CUT=12/21;ASSEMBLE=36/63;INSPECT=18/42 CUT=12/21;ASSEMBLE=36/63;INSPECT=18/42"
P1|N6|D|UNIFORM|d100|p0,4,700,20,"C2A1T1I2F0 C2A3T0I2F0","(2,3,2,0) (2,3,2,0)","ASSEMBLE ASSEMBLE","CUT=12/40;ASSEMBLE=36/60;INSPECT=18/40 CUT=12/40;ASSEMBLE=36/60;INSPECT=18/40"
P1|N6|D|UNIFORM|d100|p0,5,800,17,"C2A0T2I2F0 C2A2T1I2F0 C2A4T0I2F0","(2,4,2,0) (2,4,2,0) (2,4,2,0)","ASSEMBLE|INSPECT ASSEMBLE|INSPECT ASSEMBLE|INSPECT","CUT=12/34;ASSEMBLE=36/68;INSPECT=18/34 CUT=12/34;ASSEMBLE=36/68;INSPECT=18/34 CUT=12/34;ASSEMBLE=36/68;INSPECT=18/34"
P1|N6|D|UNIFORM|d100|p0,6,1100,16,"C2A0T3I3F0 C2A2T2I3F0 C2A4T1I3F0 C2A6T0I3F0","(2,6,3,0) (2,6,3,0) (2,6,3,0) (2,6,3,0)","CUT|ASSEMBLE|INSPECT CUT|ASSEMBLE|INSPECT CUT|ASSEMBLE|INSPECT CUT|ASSEMBLE|INSPECT","CUT=12/32;ASSEMBLE=36/96;INSPECT=18/48 CUT=12/32;ASSEMBLE=36/96;INSPECT=18/48 CUT=12/32;ASSEMBLE=36/96;INSPECT=18/48 CUT=12/32;ASSEMBLE=36/96;INSPECT=18/48"
P1|N6|D|UNIFORM|d100|p0,7,1200,14,"C3A0T3I3F0 C3A2T2I3F0 C3A4T1I3F0 C3A6T0I3F0","(3,6,3,0) (3,6,3,0) (3,6,3,0) (3,6,3,0)","ASSEMBLE|INSPECT ASSEMBLE|INSPECT ASSEMBLE|INSPECT ASSEMBLE|INSPECT","CUT=12/42;ASSEMBLE=36/84;INSPECT=18/42 CUT=12/42;ASSEMBLE=36/84;INSPECT=18/42 CUT=12/42;ASSEMBLE=36/84;INSPECT=18/42 CUT=12/42;ASSEMBLE=36/84;INSPECT=18/42"
P1|N6|D|WORK|d75|p0,0,550,41,"C1A1T0I1F0","(1,1,1,0)","ASSEMBLE","CUT=12/41;ASSEMBLE=36/41;INSPECT=18/41"
P1|N6|D|WORK|d75|p0,1,700,26,"C1A0T1I1F0","(1,2,1,0)","ASSEMBLE|INSPECT","CUT=12/26;ASSEMBLE=36/52;INSPECT=18/26"
P1|N6|D|WORK|d75|p0,2,850,25,"C1A0T1I2F0","(1,2,2,0)","ASSEMBLE","CUT=12/25;ASSEMBLE=36/50;INSPECT=18/50"
P1|N6|D|WORK|d75|p0,3,950,23,"C2A0T1I2F0","(2,2,2,0)","ASSEMBLE","CUT=12/46;ASSEMBLE=36/46;INSPECT=18/46"
P1|N6|D|WORK|d75|p0,4,1150,21,"C1A1T1I2F0","(1,3,2,0)","CUT|ASSEMBLE","CUT=12/21;ASSEMBLE=36/63;INSPECT=18/42"
P1|N6|D|WORK|d75|p0,5,1250,20,"C2A1T1I2F0","(2,3,2,0)","ASSEMBLE","CUT=12/40;ASSEMBLE=36/60;INSPECT=18/40"
P1|N6|D|WORK|d75|p0,6,1400,17,"C2A0T2I2F0","(2,4,2,0)","ASSEMBLE|INSPECT","CUT=12/34;ASSEMBLE=36/68;INSPECT=18/34"
P1|N6|D|WORK|d75|p0,7,2000,16,"C2A0T3I3F0","(2,6,3,0)","CUT|ASSEMBLE|INSPECT","CUT=12/32;ASSEMBLE=36/96;INSPECT=18/48"
P1|N6|D|WORK|d75|p0,8,2100,14,"C3A0T3I3F0","(3,6,3,0)","ASSEMBLE|INSPECT","CUT=12/42;ASSEMBLE=36/84;INSPECT=18/42"
P1|N6|D|WORK|d90|p0,0,550,41,"C1A1T0I1F0","(1,1,1,0)","ASSEMBLE","CUT=12/41;ASSEMBLE=36/41;INSPECT=18/41"
P1|N6|D|WORK|d90|p0,1,790,26,"C1A0T1I1F0","(1,2,1,0)","ASSEMBLE|INSPECT","CUT=12/26;ASSEMBLE=36/52;INSPECT=18/26"
P1|N6|D|WORK|d90|p0,2,940,25,"C1A0T1I2F0","(1,2,2,0)","ASSEMBLE","CUT=12/25;ASSEMBLE=36/50;INSPECT=18/50"
P1|N6|D|WORK|d90|p0,3,1040,23,"C2A0T1I2F0","(2,2,2,0)","ASSEMBLE","CUT=12/46;ASSEMBLE=36/46;INSPECT=18/46"
P1|N6|D|WORK|d90|p0,4,1240,21,"C1A1T1I2F0","(1,3,2,0)","CUT|ASSEMBLE","CUT=12/21;ASSEMBLE=36/63;INSPECT=18/42"
P1|N6|D|WORK|d90|p0,5,1340,20,"C2A1T1I2F0","(2,3,2,0)","ASSEMBLE","CUT=12/40;ASSEMBLE=36/60;INSPECT=18/40"
P1|N6|D|WORK|d90|p0,6,1490,19,"C2A1T1I3F0","(2,3,3,0)","ASSEMBLE","CUT=12/38;ASSEMBLE=36/57;INSPECT=18/57"
P1|N6|D|WORK|d90|p0,7,1580,17,"C2A0T2I2F0","(2,4,2,0)","ASSEMBLE|INSPECT","CUT=12/34;ASSEMBLE=36/68;INSPECT=18/34"
P1|N6|D|WORK|d90|p0,8,2270,16,"C2A0T3I3F0","(2,6,3,0)","CUT|ASSEMBLE|INSPECT","CUT=12/32;ASSEMBLE=36/96;INSPECT=18/48"
P1|N6|D|WORK|d90|p0,9,2370,14,"C3A0T3I3F0","(3,6,3,0)","ASSEMBLE|INSPECT","CUT=12/42;ASSEMBLE=36/84;INSPECT=18/42"
P1|N6|D|WORK|d100|p0,0,550,41,"C1A1T0I1F0","(1,1,1,0)","ASSEMBLE","CUT=12/41;ASSEMBLE=36/41;INSPECT=18/41"
P1|N6|D|WORK|d100|p0,1,850,26,"C1A0T1I1F0 C1A2T0I1F0","(1,2,1,0) (1,2,1,0)","ASSEMBLE|INSPECT ASSEMBLE|INSPECT","CUT=12/26;ASSEMBLE=36/52;INSPECT=18/26 CUT=12/26;ASSEMBLE=36/52;INSPECT=18/26"
P1|N6|D|WORK|d100|p0,2,1000,25,"C1A0T1I2F0 C1A2T0I2F0","(1,2,2,0) (1,2,2,0)","ASSEMBLE ASSEMBLE","CUT=12/25;ASSEMBLE=36/50;INSPECT=18/50 CUT=12/25;ASSEMBLE=36/50;INSPECT=18/50"
P1|N6|D|WORK|d100|p0,3,1100,23,"C2A0T1I2F0 C2A2T0I2F0","(2,2,2,0) (2,2,2,0)","ASSEMBLE ASSEMBLE","CUT=12/46;ASSEMBLE=36/46;INSPECT=18/46 CUT=12/46;ASSEMBLE=36/46;INSPECT=18/46"
P1|N6|D|WORK|d100|p0,4,1300,21,"C1A1T1I2F0 C1A3T0I2F0","(1,3,2,0) (1,3,2,0)","CUT|ASSEMBLE CUT|ASSEMBLE","CUT=12/21;ASSEMBLE=36/63;INSPECT=18/42 CUT=12/21;ASSEMBLE=36/63;INSPECT=18/42"
P1|N6|D|WORK|d100|p0,5,1400,20,"C2A1T1I2F0 C2A3T0I2F0","(2,3,2,0) (2,3,2,0)","ASSEMBLE ASSEMBLE","CUT=12/40;ASSEMBLE=36/60;INSPECT=18/40 CUT=12/40;ASSEMBLE=36/60;INSPECT=18/40"
P1|N6|D|WORK|d100|p0,6,1550,19,"C2A1T1I3F0 C2A3T0I3F0","(2,3,3,0) (2,3,3,0)","ASSEMBLE ASSEMBLE","CUT=12/38;ASSEMBLE=36/57;INSPECT=18/57 CUT=12/38;ASSEMBLE=36/57;INSPECT=18/57"
P1|N6|D|WORK|d100|p0,7,1650,17,"C3A1T1I3F0 C3A3T0I3F0","(3,3,3,0) (3,3,3,0)","ASSEMBLE ASSEMBLE","CUT=12/51;ASSEMBLE=36/51;INSPECT=18/51 CUT=12/51;ASSEMBLE=36/51;INSPECT=18/51"
P1|N6|D|WORK|d100|p0,8,2450,16,"C2A0T3I3F0 C2A2T2I3F0 C2A4T1I3F0 C2A6T0I3F0","(2,6,3,0) (2,6,3,0) (2,6,3,0) (2,6,3,0)","CUT|ASSEMBLE|INSPECT CUT|ASSEMBLE|INSPECT CUT|ASSEMBLE|INSPECT CUT|ASSEMBLE|INSPECT","CUT=12/32;ASSEMBLE=36/96;INSPECT=18/48 CUT=12/32;ASSEMBLE=36/96;INSPECT=18/48 CUT=12/32;ASSEMBLE=36/96;INSPECT=18/48 CUT=12/32;ASSEMBLE=36/96;INSPECT=18/48"
P1|N6|D|WORK|d100|p0,9,2550,14,"C3A0T3I3F0 C3A2T2I3F0 C3A4T1I3F0 C3A6T0I3F0","(3,6,3,0) (3,6,3,0) (3,6,3,0) (3,6,3,0)","ASSEMBLE|INSPECT ASSEMBLE|INSPECT ASSEMBLE|INSPECT ASSEMBLE|INSPECT","CUT=12/42;ASSEMBLE=36/84;INSPECT=18/42 CUT=12/42;ASSEMBLE=36/84;INSPECT=18/42 CUT=12/42;ASSEMBLE=36/84;INSPECT=18/42 CUT=12/42;ASSEMBLE=36/84;INSPECT=18/42"
P1|N6|F|UNIFORM|d75|p100,0,200,56,"C1A0T0I0F1","(1,0,0,1)","ASSEMBLE+INSPECT","CUT=12/56;ASSEMBLE+INSPECT=54/56"
P1|N6|F|UNIFORM|d75|p100,1,300,31,"C1A0T0I0F2","(1,0,0,2)","ASSEMBLE+INSPECT","CUT=12/31;ASSEMBLE+INSPECT=54/62"
P1|N6|F|UNIFORM|d75|p100,2,350,26,"C1A0T1I1F0","(1,2,1,0)","ASSEMBLE|INSPECT","CUT=12/26;ASSEMBLE=36/52;INSPECT=18/26"
P1|N6|F|UNIFORM|d75|p100,3,400,24,"C1A0T0I0F3 C1A1T0I0F2","(1,0,0,3) (1,1,0,2)","ASSEMBLE+INSPECT ASSEMBLE+INSPECT","CUT=12/24;ASSEMBLE+INSPECT=54/72 CUT=12/24;ASSEMBLE+INSPECT=54/72"
P1|N6|F|UNIFORM|d75|p100,4,450,23,"C1A0T1I0F2 C1A0T1I1F1","(1,2,0,2) (1,2,1,1)","ASSEMBLE+INSPECT ASSEMBLE+INSPECT","CUT=12/23;ASSEMBLE+INSPECT=54/92 CUT=12/23;ASSEMBLE+INSPECT=54/92"
P1|N6|F|UNIFORM|d75|p100,5,500,22,"C1A0T0I1F3 C1A1T0I0F3 C1A1T0I1F2 C2A0T0I0F3","(1,0,1,3) (1,1,0,3) (1,1,1,2) (2,0,0,3)","ASSEMBLE+INSPECT ASSEMBLE+INSPECT ASSEMBLE+INSPECT ASSEMBLE+INSPECT","CUT=12/22;ASSEMBLE+INSPECT=54/88 CUT=12/22;ASSEMBLE+INSPECT=54/88 CUT=12/22;ASSEMBLE+INSPECT=54/88 CUT=12/44;ASSEMBLE+INSPECT=54/66"
P1|N6|F|UNIFORM|d75|p100,6,550,19,"C2A0T1I0F2","(2,2,0,2)","ASSEMBLE+INSPECT","CUT=12/38;ASSEMBLE+INSPECT=54/76"
P1|N6|F|UNIFORM|d75|p100,7,650,17,"C2A0T1I1F2","(2,2,1,2)","ASSEMBLE+INSPECT","CUT=12/34;ASSEMBLE+INSPECT=54/85"
P1|N6|F|UNIFORM|d75|p100,8,850,16,"C2A1T1I1F3 C3A1T1I0F3","(2,3,1,3) (3,3,0,3)","ASSEMBLE+INSPECT ASSEMBLE+INSPECT","CUT=12/32;ASSEMBLE+INSPECT=54/112 CUT=12/48;ASSEMBLE+INSPECT=54/96"
P1|N6|F|UNIFORM|d75|p100,9,900,15,"C2A0T2I1F3 C2A0T2I2F2","(2,4,1,3) (2,4,2,2)","ASSEMBLE+INSPECT ASSEMBLE+INSPECT","CUT=12/30;ASSEMBLE+INSPECT=54/120 CUT=12/30;ASSEMBLE+INSPECT=54/120"
P1|N6|F|UNIFORM|d75|p100,10,1000,14,"C3A0T2I1F3 C3A0T2I2F2","(3,4,1,3) (3,4,2,2)","ASSEMBLE+INSPECT ASSEMBLE+INSPECT","CUT=12/42;ASSEMBLE+INSPECT=54/112 CUT=12/42;ASSEMBLE+INSPECT=54/112"
P1|N6|F|UNIFORM|d75|p100,11,1150,13,"C3A1T1I3F3","(3,3,3,3)","ASSEMBLE+INSPECT","CUT=12/39;ASSEMBLE+INSPECT=54/117"
P1|N6|F|UNIFORM|d75|p125,0,225,56,"C1A0T0I0F1","(1,0,0,1)","ASSEMBLE+INSPECT","CUT=12/56;ASSEMBLE+INSPECT=54/56"
P1|N6|F|UNIFORM|d75|p125,1,300,41,"C1A1T0I1F0","(1,1,1,0)","ASSEMBLE","CUT=12/41;ASSEMBLE=36/41;INSPECT=18/41"
P1|N6|F|UNIFORM|d75|p125,2,325,34,"C1A1T0I0F1","(1,1,0,1)","ASSEMBLE+INSPECT","CUT=12/34;ASSEMBLE+INSPECT=54/68"
P1|N6|F|UNIFORM|d75|p125,3,350,26,"C1A0T1I1F0","(1,2,1,0)","ASSEMBLE|INSPECT","CUT=12/26;ASSEMBLE=36/52;INSPECT=18/26"
P1|N6|F|UNIFORM|d75|p125,4,450,24,"C1A1T0I0F2","(1,1,0,2)","ASSEMBLE+INSPECT","CUT=12/24;ASSEMBLE+INSPECT=54/72"
P1|N6|F|UNIFORM|d75|p125,5,475,23,"C1A0T1I1F1","(1,2,1,1)","ASSEMBLE+INSPECT","CUT=12/23;ASSEMBLE+INSPECT=54/92"
P1|N6|F|UNIFORM|d75|p125,6,550,21,"C1A1T1I2F0","(1,3,2,0)","CUT|ASSEMBLE","CUT=12/21;ASSEMBLE=36/63;INSPECT=18/42"
P1|N6|F|UNIFORM|d75|p125,7,600,19,"C2A0T1I0F2","(2,2,0,2)","ASSEMBLE+INSPECT","CUT=12/38;ASSEMBLE+INSPECT=54/76"
P1|N6|F|UNIFORM|d75|p125,8,700,17,"C2A0T1I1F2 C2A0T2I2F0","(2,2,1,2) (2,4,2,0)","ASSEMBLE+INSPECT ASSEMBLE|INSPECT","CUT=12/34;ASSEMBLE+INSPECT=54/85 CUT=12/34;ASSEMBLE=36/68;INSPECT=18/34"
P1|N6|F|UNIFORM|d75|p125,9,925,16,"C2A1T1I1F3 C3A1T1I0F3","(2,3,1,3) (3,3,0,3)","ASSEMBLE+INSPECT ASSEMBLE+INSPECT","CUT=12/32;ASSEMBLE+INSPECT=54/112 CUT=12/48;ASSEMBLE+INSPECT=54/96"
P1|N6|F|UNIFORM|d75|p125,10,950,15,"C2A0T2I2F2","(2,4,2,2)","ASSEMBLE+INSPECT","CUT=12/30;ASSEMBLE+INSPECT=54/120"
P1|N6|F|UNIFORM|d75|p125,11,1050,14,"C3A0T2I2F2 C3A0T3I3F0","(3,4,2,2) (3,6,3,0)","ASSEMBLE+INSPECT ASSEMBLE|INSPECT","CUT=12/42;ASSEMBLE+INSPECT=54/112 CUT=12/42;ASSEMBLE=36/84;INSPECT=18/42"
P1|N6|F|UNIFORM|d75|p125,12,1225,13,"C3A1T1I3F3","(3,3,3,3)","ASSEMBLE+INSPECT","CUT=12/39;ASSEMBLE+INSPECT=54/117"
P1|N6|F|UNIFORM|d75|p150,0,250,56,"C1A0T0I0F1","(1,0,0,1)","ASSEMBLE+INSPECT","CUT=12/56;ASSEMBLE+INSPECT=54/56"
P1|N6|F|UNIFORM|d75|p150,1,300,41,"C1A1T0I1F0","(1,1,1,0)","ASSEMBLE","CUT=12/41;ASSEMBLE=36/41;INSPECT=18/41"
P1|N6|F|UNIFORM|d75|p150,2,350,26,"C1A0T1I1F0","(1,2,1,0)","ASSEMBLE|INSPECT","CUT=12/26;ASSEMBLE=36/52;INSPECT=18/26"
P1|N6|F|UNIFORM|d75|p150,3,450,25,"C1A0T1I2F0","(1,2,2,0)","ASSEMBLE","CUT=12/25;ASSEMBLE=36/50;INSPECT=18/50"
P1|N6|F|UNIFORM|d75|p150,4,500,23,"C1A0T1I1F1","(1,2,1,1)","ASSEMBLE+INSPECT","CUT=12/23;ASSEMBLE+INSPECT=54/92"
P1|N6|F|UNIFORM|d75|p150,5,550,21,"C1A1T1I2F0","(1,3,2,0)","CUT|ASSEMBLE","CUT=12/21;ASSEMBLE=36/63;INSPECT=18/42"
P1|N6|F|UNIFORM|d75|p150,6,650,19,"C2A0T1I0F2","(2,2,0,2)","ASSEMBLE+INSPECT","CUT=12/38;ASSEMBLE+INSPECT=54/76"
P1|N6|F|UNIFORM|d75|p150,7,700,17,"C2A0T2I2F0","(2,4,2,0)","ASSEMBLE|INSPECT","CUT=12/34;ASSEMBLE=36/68;INSPECT=18/34"
P1|N6|F|UNIFORM|d75|p150,8,950,16,"C2A0T3I3F0","(2,6,3,0)","CUT|ASSEMBLE|INSPECT","CUT=12/32;ASSEMBLE=36/96;INSPECT=18/48"
P1|N6|F|UNIFORM|d75|p150,9,1000,15,"C2A0T2I2F2","(2,4,2,2)","ASSEMBLE+INSPECT","CUT=12/30;ASSEMBLE+INSPECT=54/120"
P1|N6|F|UNIFORM|d75|p150,10,1050,14,"C3A0T3I3F0","(3,6,3,0)","ASSEMBLE|INSPECT","CUT=12/42;ASSEMBLE=36/84;INSPECT=18/42"
P1|N6|F|UNIFORM|d75|p150,11,1300,13,"C3A0T2I4F2 C3A1T1I3F3","(3,4,4,2) (3,3,3,3)","ASSEMBLE+INSPECT ASSEMBLE+INSPECT","CUT=12/39;ASSEMBLE+INSPECT=54/130 CUT=12/39;ASSEMBLE+INSPECT=54/117"
P1|N6|F|UNIFORM|d75|p200,0,300,41,"C1A1T0I1F0","(1,1,1,0)","ASSEMBLE","CUT=12/41;ASSEMBLE=36/41;INSPECT=18/41"
P1|N6|F|UNIFORM|d75|p200,1,350,26,"C1A0T1I1F0","(1,2,1,0)","ASSEMBLE|INSPECT","CUT=12/26;ASSEMBLE=36/52;INSPECT=18/26"
P1|N6|F|UNIFORM|d75|p200,2,450,25,"C1A0T1I2F0","(1,2,2,0)","ASSEMBLE","CUT=12/25;ASSEMBLE=36/50;INSPECT=18/50"
P1|N6|F|UNIFORM|d75|p200,3,550,21,"C1A1T1I2F0","(1,3,2,0)","CUT|ASSEMBLE","CUT=12/21;ASSEMBLE=36/63;INSPECT=18/42"
P1|N6|F|UNIFORM|d75|p200,4,650,20,"C2A1T1I2F0","(2,3,2,0)","ASSEMBLE","CUT=12/40;ASSEMBLE=36/60;INSPECT=18/40"
P1|N6|F|UNIFORM|d75|p200,5,700,17,"C2A0T2I2F0","(2,4,2,0)","ASSEMBLE|INSPECT","CUT=12/34;ASSEMBLE=36/68;INSPECT=18/34"
P1|N6|F|UNIFORM|d75|p200,6,950,16,"C2A0T3I3F0","(2,6,3,0)","CUT|ASSEMBLE|INSPECT","CUT=12/32;ASSEMBLE=36/96;INSPECT=18/48"
P1|N6|F|UNIFORM|d75|p200,7,1050,14,"C3A0T3I3F0","(3,6,3,0)","ASSEMBLE|INSPECT","CUT=12/42;ASSEMBLE=36/84;INSPECT=18/42"
P1|N6|F|UNIFORM|d75|p200,8,1400,13,"C3A0T2I4F2","(3,4,4,2)","ASSEMBLE+INSPECT","CUT=12/39;ASSEMBLE+INSPECT=54/130"
P1|N6|F|UNIFORM|d90|p100,0,200,56,"C1A0T0I0F1","(1,0,0,1)","ASSEMBLE+INSPECT","CUT=12/56;ASSEMBLE+INSPECT=54/56"
P1|N6|F|UNIFORM|d90|p100,1,300,31,"C1A0T0I0F2","(1,0,0,2)","ASSEMBLE+INSPECT","CUT=12/31;ASSEMBLE+INSPECT=54/62"
P1|N6|F|UNIFORM|d90|p100,2,380,26,"C1A0T1I1F0","(1,2,1,0)","ASSEMBLE|INSPECT","CUT=12/26;ASSEMBLE=36/52;INSPECT=18/26"
P1|N6|F|UNIFORM|d90|p100,3,400,24,"C1A0T0I0F3 C1A1T0I0F2","(1,0,0,3) (1,1,0,2)","ASSEMBLE+INSPECT ASSEMBLE+INSPECT","CUT=12/24;ASSEMBLE+INSPECT=54/72 CUT=12/24;ASSEMBLE+INSPECT=54/72"
P1|N6|F|UNIFORM|d90|p100,4,480,23,"C1A0T1I0F2 C1A0T1I1F1","(1,2,0,2) (1,2,1,1)","ASSEMBLE+INSPECT ASSEMBLE+INSPECT","CUT=12/23;ASSEMBLE+INSPECT=54/92 CUT=12/23;ASSEMBLE+INSPECT=54/92"
P1|N6|F|UNIFORM|d90|p100,5,500,22,"C1A0T0I1F3 C1A1T0I0F3 C1A1T0I1F2 C2A0T0I0F3","(1,0,1,3) (1,1,0,3) (1,1,1,2) (2,0,0,3)","ASSEMBLE+INSPECT ASSEMBLE+INSPECT ASSEMBLE+INSPECT ASSEMBLE+INSPECT","CUT=12/22;ASSEMBLE+INSPECT=54/88 CUT=12/22;ASSEMBLE+INSPECT=54/88 CUT=12/22;ASSEMBLE+INSPECT=54/88 CUT=12/44;ASSEMBLE+INSPECT=54/66"
P1|N6|F|UNIFORM|d90|p100,6,580,19,"C2A0T1I0F2","(2,2,0,2)","ASSEMBLE+INSPECT","CUT=12/38;ASSEMBLE+INSPECT=54/76"
P1|N6|F|UNIFORM|d90|p100,7,680,17,"C2A0T1I1F2","(2,2,1,2)","ASSEMBLE+INSPECT","CUT=12/34;ASSEMBLE+INSPECT=54/85"
P1|N6|F|UNIFORM|d90|p100,8,880,16,"C2A1T1I1F3 C3A1T1I0F3","(2,3,1,3) (3,3,0,3)","ASSEMBLE+INSPECT ASSEMBLE+INSPECT","CUT=12/32;ASSEMBLE+INSPECT=54/112 CUT=12/48;ASSEMBLE+INSPECT=54/96"
P1|N6|F|UNIFORM|d90|p100,9,960,15,"C2A0T2I1F3 C2A0T2I2F2","(2,4,1,3) (2,4,2,2)","ASSEMBLE+INSPECT ASSEMBLE+INSPECT","CUT=12/30;ASSEMBLE+INSPECT=54/120 CUT=12/30;ASSEMBLE+INSPECT=54/120"
P1|N6|F|UNIFORM|d90|p100,10,1060,14,"C3A0T2I1F3 C3A0T2I2F2","(3,4,1,3) (3,4,2,2)","ASSEMBLE+INSPECT ASSEMBLE+INSPECT","CUT=12/42;ASSEMBLE+INSPECT=54/112 CUT=12/42;ASSEMBLE+INSPECT=54/112"
P1|N6|F|UNIFORM|d90|p100,11,1180,13,"C3A1T1I3F3","(3,3,3,3)","ASSEMBLE+INSPECT","CUT=12/39;ASSEMBLE+INSPECT=54/117"
P1|N6|F|UNIFORM|d90|p125,0,225,56,"C1A0T0I0F1","(1,0,0,1)","ASSEMBLE+INSPECT","CUT=12/56;ASSEMBLE+INSPECT=54/56"
P1|N6|F|UNIFORM|d90|p125,1,300,41,"C1A1T0I1F0","(1,1,1,0)","ASSEMBLE","CUT=12/41;ASSEMBLE=36/41;INSPECT=18/41"
P1|N6|F|UNIFORM|d90|p125,2,325,34,"C1A1T0I0F1","(1,1,0,1)","ASSEMBLE+INSPECT","CUT=12/34;ASSEMBLE+INSPECT=54/68"
P1|N6|F|UNIFORM|d90|p125,3,350,31,"C1A0T0I0F2","(1,0,0,2)","ASSEMBLE+INSPECT","CUT=12/31;ASSEMBLE+INSPECT=54/62"
P1|N6|F|UNIFORM|d90|p125,4,380,26,"C1A0T1I1F0","(1,2,1,0)","ASSEMBLE|INSPECT","CUT=12/26;ASSEMBLE=36/52;INSPECT=18/26"
P1|N6|F|UNIFORM|d90|p125,5,450,24,"C1A1T0I0F2","(1,1,0,2)","ASSEMBLE+INSPECT","CUT=12/24;ASSEMBLE+INSPECT=54/72"
P1|N6|F|UNIFORM|d90|p125,6,505,23,"C1A0T1I1F1","(1,2,1,1)","ASSEMBLE+INSPECT","CUT=12/23;ASSEMBLE+INSPECT=54/92"
P1|N6|F|UNIFORM|d90|p125,7,550,22,"C1A1T0I1F2","(1,1,1,2)","ASSEMBLE+INSPECT","CUT=12/22;ASSEMBLE+INSPECT=54/88"
P1|N6|F|UNIFORM|d90|p125,8,580,21,"C1A1T1I2F0","(1,3,2,0)","CUT|ASSEMBLE","CUT=12/21;ASSEMBLE=36/63;INSPECT=18/42"
P1|N6|F|UNIFORM|d90|p125,9,630,19,"C2A0T1I0F2","(2,2,0,2)","ASSEMBLE+INSPECT","CUT=12/38;ASSEMBLE+INSPECT=54/76"
P1|N6|F|UNIFORM|d90|p125,10,730,17,"C2A0T1I1F2","(2,2,1,2)","ASSEMBLE+INSPECT","CUT=12/34;ASSEMBLE+INSPECT=54/85"
P1|N6|F|UNIFORM|d90|p125,11,955,16,"C2A1T1I1F3 C3A1T1I0F3","(2,3,1,3) (3,3,0,3)","ASSEMBLE+INSPECT ASSEMBLE+INSPECT","CUT=12/32;ASSEMBLE+INSPECT=54/112 CUT=12/48;ASSEMBLE+INSPECT=54/96"
P1|N6|F|UNIFORM|d90|p125,12,1010,15,"C2A0T2I2F2","(2,4,2,2)","ASSEMBLE+INSPECT","CUT=12/30;ASSEMBLE+INSPECT=54/120"
P1|N6|F|UNIFORM|d90|p125,13,1110,14,"C3A0T2I2F2","(3,4,2,2)","ASSEMBLE+INSPECT","CUT=12/42;ASSEMBLE+INSPECT=54/112"
P1|N6|F|UNIFORM|d90|p125,14,1255,13,"C3A1T1I3F3","(3,3,3,3)","ASSEMBLE+INSPECT","CUT=12/39;ASSEMBLE+INSPECT=54/117"
P1|N6|F|UNIFORM|d90|p150,0,250,56,"C1A0T0I0F1","(1,0,0,1)","ASSEMBLE+INSPECT","CUT=12/56;ASSEMBLE+INSPECT=54/56"
P1|N6|F|UNIFORM|d90|p150,1,300,41,"C1A1T0I1F0","(1,1,1,0)","ASSEMBLE","CUT=12/41;ASSEMBLE=36/41;INSPECT=18/41"
P1|N6|F|UNIFORM|d90|p150,2,350,34,"C1A1T0I0F1","(1,1,0,1)","ASSEMBLE+INSPECT","CUT=12/34;ASSEMBLE+INSPECT=54/68"
P1|N6|F|UNIFORM|d90|p150,3,380,26,"C1A0T1I1F0","(1,2,1,0)","ASSEMBLE|INSPECT","CUT=12/26;ASSEMBLE=36/52;INSPECT=18/26"
P1|N6|F|UNIFORM|d90|p150,4,480,25,"C1A0T1I2F0","(1,2,2,0)","ASSEMBLE","CUT=12/25;ASSEMBLE=36/50;INSPECT=18/50"
P1|N6|F|UNIFORM|d90|p150,5,500,24,"C1A1T0I0F2","(1,1,0,2)","ASSEMBLE+INSPECT","CUT=12/24;ASSEMBLE+INSPECT=54/72"
P1|N6|F|UNIFORM|d90|p150,6,530,23,"C1A0T1I1F1","(1,2,1,1)","ASSEMBLE+INSPECT","CUT=12/23;ASSEMBLE+INSPECT=54/92"
P1|N6|F|UNIFORM|d90|p150,7,580,21,"C1A1T1I2F0","(1,3,2,0)","CUT|ASSEMBLE","CUT=12/21;ASSEMBLE=36/63;INSPECT=18/42"
P1|N6|F|UNIFORM|d90|p150,8,680,19,"C2A0T1I0F2","(2,2,0,2)","ASSEMBLE+INSPECT","CUT=12/38;ASSEMBLE+INSPECT=54/76"
P1|N6|F|UNIFORM|d90|p150,9,760,17,"C2A0T2I2F0","(2,4,2,0)","ASSEMBLE|INSPECT","CUT=12/34;ASSEMBLE=36/68;INSPECT=18/34"
P1|N6|F|UNIFORM|d90|p150,10,1030,16,"C2A1T1I1F3 C3A1T1I0F3","(2,3,1,3) (3,3,0,3)","ASSEMBLE+INSPECT ASSEMBLE+INSPECT","CUT=12/32;ASSEMBLE+INSPECT=54/112 CUT=12/48;ASSEMBLE+INSPECT=54/96"
P1|N6|F|UNIFORM|d90|p150,11,1060,15,"C2A0T2I2F2","(2,4,2,2)","ASSEMBLE+INSPECT","CUT=12/30;ASSEMBLE+INSPECT=54/120"
P1|N6|F|UNIFORM|d90|p150,12,1140,14,"C3A0T3I3F0","(3,6,3,0)","ASSEMBLE|INSPECT","CUT=12/42;ASSEMBLE=36/84;INSPECT=18/42"
P1|N6|F|UNIFORM|d90|p150,13,1330,13,"C3A1T1I3F3","(3,3,3,3)","ASSEMBLE+INSPECT","CUT=12/39;ASSEMBLE+INSPECT=54/117"
P1|N6|F|UNIFORM|d90|p200,0,300,41,"C1A1T0I1F0","(1,1,1,0)","ASSEMBLE","CUT=12/41;ASSEMBLE=36/41;INSPECT=18/41"
P1|N6|F|UNIFORM|d90|p200,1,380,26,"C1A0T1I1F0","(1,2,1,0)","ASSEMBLE|INSPECT","CUT=12/26;ASSEMBLE=36/52;INSPECT=18/26"
P1|N6|F|UNIFORM|d90|p200,2,480,25,"C1A0T1I2F0","(1,2,2,0)","ASSEMBLE","CUT=12/25;ASSEMBLE=36/50;INSPECT=18/50"
P1|N6|F|UNIFORM|d90|p200,3,580,21,"C1A1T1I2F0","(1,3,2,0)","CUT|ASSEMBLE","CUT=12/21;ASSEMBLE=36/63;INSPECT=18/42"
P1|N6|F|UNIFORM|d90|p200,4,680,20,"C2A1T1I2F0","(2,3,2,0)","ASSEMBLE","CUT=12/40;ASSEMBLE=36/60;INSPECT=18/40"
P1|N6|F|UNIFORM|d90|p200,5,760,17,"C2A0T2I2F0","(2,4,2,0)","ASSEMBLE|INSPECT","CUT=12/34;ASSEMBLE=36/68;INSPECT=18/34"
P1|N6|F|UNIFORM|d90|p200,6,1040,16,"C2A0T3I3F0","(2,6,3,0)","CUT|ASSEMBLE|INSPECT","CUT=12/32;ASSEMBLE=36/96;INSPECT=18/48"
P1|N6|F|UNIFORM|d90|p200,7,1140,14,"C3A0T3I3F0","(3,6,3,0)","ASSEMBLE|INSPECT","CUT=12/42;ASSEMBLE=36/84;INSPECT=18/42"
P1|N6|F|UNIFORM|d90|p200,8,1460,13,"C3A0T2I4F2","(3,4,4,2)","ASSEMBLE+INSPECT","CUT=12/39;ASSEMBLE+INSPECT=54/130"
P1|N6|F|UNIFORM|d100|p100,0,200,56,"C1A0T0I0F1","(1,0,0,1)","ASSEMBLE+INSPECT","CUT=12/56;ASSEMBLE+INSPECT=54/56"
P1|N6|F|UNIFORM|d100|p100,1,300,31,"C1A0T0I0F2","(1,0,0,2)","ASSEMBLE+INSPECT","CUT=12/31;ASSEMBLE+INSPECT=54/62"
P1|N6|F|UNIFORM|d100|p100,2,400,24,"C1A0T0I0F3 C1A1T0I0F2","(1,0,0,3) (1,1,0,2)","ASSEMBLE+INSPECT ASSEMBLE+INSPECT","CUT=12/24;ASSEMBLE+INSPECT=54/72 CUT=12/24;ASSEMBLE+INSPECT=54/72"
P1|N6|F|UNIFORM|d100|p100,3,500,22,"C1A0T0I1F3 C1A1T0I0F3 C1A1T0I1F2 C2A0T0I0F3","(1,0,1,3) (1,1,0,3) (1,1,1,2) (2,0,0,3)","ASSEMBLE+INSPECT ASSEMBLE+INSPECT ASSEMBLE+INSPECT ASSEMBLE+INSPECT","CUT=12/22;ASSEMBLE+INSPECT=54/88 CUT=12/22;ASSEMBLE+INSPECT=54/88 CUT=12/22;ASSEMBLE+INSPECT=54/88 CUT=12/44;ASSEMBLE+INSPECT=54/66"
P1|N6|F|UNIFORM|d100|p100,4,600,19,"C2A0T1I0F2 C2A2T0I0F2","(2,2,0,2) (2,2,0,2)","ASSEMBLE+INSPECT ASSEMBLE+INSPECT","CUT=12/38;ASSEMBLE+INSPECT=54/76 CUT=12/38;ASSEMBLE+INSPECT=54/76"
P1|N6|F|UNIFORM|d100|p100,5,700,17,"C2A0T1I1F2 C2A2T0I1F2","(2,2,1,2) (2,2,1,2)","ASSEMBLE+INSPECT ASSEMBLE+INSPECT","CUT=12/34;ASSEMBLE+INSPECT=54/85 CUT=12/34;ASSEMBLE+INSPECT=54/85"
P1|N6|F|UNIFORM|d100|p100,6,900,16,"C2A1T1I1F3 C2A3T0I1F3 C3A1T1I0F3 C3A3T0I0F3","(2,3,1,3) (2,3,1,3) (3,3,0,3) (3,3,0,3)","ASSEMBLE+INSPECT ASSEMBLE+INSPECT ASSEMBLE+INSPECT ASSEMBLE+INSPECT","CUT=12/32;ASSEMBLE+INSPECT=54/112 CUT=12/32;ASSEMBLE+INSPECT=54/112 CUT=12/48;ASSEMBLE+INSPECT=54/96 CUT=12/48;ASSEMBLE+INSPECT=54/96"
P1|N6|F|UNIFORM|d100|p100,7,1000,15,"C2A0T2I1F3 C2A0T2I2F2 C2A1T1I2F3 C2A2T1I1F3 C2A2T1I2F2 C2A3T0I2F3 C2A4T0I1F3 C2A4T0I2F2","(2,4,1,3) (2,4,2,2) (2,3,2,3) (2,4,1,3) (2,4,2,2) (2,3,2,3) (2,4,1,3) (2,4,2,2)","ASSEMBLE+INSPECT ASSEMBLE+INSPECT ASSEMBLE+INSPECT ASSEMBLE+INSPECT ASSEMBLE+INSPECT ASSEMBLE+INSPECT ASSEMBLE+INSPECT ASSEMBLE+INSPECT","CUT=12/30;ASSEMBLE+INSPECT=54/120 CUT=12/30;ASSEMBLE+INSPECT=54/120 CUT=12/30;ASSEMBLE+INSPECT=54/120 CUT=12/30;ASSEMBLE+INSPECT=54/120 CUT=12/30;ASSEMBLE+INSPECT=54/120 CUT=12/30;ASSEMBLE+INSPECT=54/120 CUT=12/30;ASSEMBLE+INSPECT=54/120 CUT=12/30;ASSEMBLE+INSPECT=54/120"
P1|N6|F|UNIFORM|d100|p100,8,1100,14,"C3A0T2I1F3 C3A0T2I2F2 C3A1T1I2F3 C3A2T1I1F3 C3A2T1I2F2 C3A3T0I2F3 C3A4T0I1F3 C3A4T0I2F2 C4A1T1I1F3 C4A3T0I1F3","(3,4,1,3) (3,4,2,2) (3,3,2,3) (3,4,1,3) (3,4,2,2) (3,3,2,3) (3,4,1,3) (3,4,2,2) (4,3,1,3) (4,3,1,3)","ASSEMBLE+INSPECT ASSEMBLE+INSPECT ASSEMBLE+INSPECT ASSEMBLE+INSPECT ASSEMBLE+INSPECT ASSEMBLE+INSPECT ASSEMBLE+INSPECT ASSEMBLE+INSPECT ASSEMBLE+INSPECT ASSEMBLE+INSPECT","CUT=12/42;ASSEMBLE+INSPECT=54/112 CUT=12/42;ASSEMBLE+INSPECT=54/112 CUT=12/42;ASSEMBLE+INSPECT=54/112 CUT=12/42;ASSEMBLE+INSPECT=54/112 CUT=12/42;ASSEMBLE+INSPECT=54/112 CUT=12/42;ASSEMBLE+INSPECT=54/112 CUT=12/42;ASSEMBLE+INSPECT=54/112 CUT=12/42;ASSEMBLE+INSPECT=54/112 CUT=12/56;ASSEMBLE+INSPECT=54/98 CUT=12/56;ASSEMBLE+INSPECT=54/98"
P1|N6|F|UNIFORM|d100|p100,9,1200,13,"C3A1T1I3F3 C3A3T0I3F3","(3,3,3,3) (3,3,3,3)","ASSEMBLE+INSPECT ASSEMBLE+INSPECT","CUT=12/39;ASSEMBLE+INSPECT=54/117 CUT=12/39;ASSEMBLE+INSPECT=54/117"
P1|N6|F|UNIFORM|d100|p125,0,225,56,"C1A0T0I0F1","(1,0,0,1)","ASSEMBLE+INSPECT","CUT=12/56;ASSEMBLE+INSPECT=54/56"
P1|N6|F|UNIFORM|d100|p125,1,300,41,"C1A1T0I1F0","(1,1,1,0)","ASSEMBLE","CUT=12/41;ASSEMBLE=36/41;INSPECT=18/41"
P1|N6|F|UNIFORM|d100|p125,2,325,34,"C1A1T0I0F1","(1,1,0,1)","ASSEMBLE+INSPECT","CUT=12/34;ASSEMBLE+INSPECT=54/68"
P1|N6|F|UNIFORM|d100|p125,3,350,31,"C1A0T0I0F2","(1,0,0,2)","ASSEMBLE+INSPECT","CUT=12/31;ASSEMBLE+INSPECT=54/62"
P1|N6|F|UNIFORM|d100|p125,4,400,26,"C1A0T1I1F0 C1A2T0I1F0","(1,2,1,0) (1,2,1,0)","ASSEMBLE|INSPECT ASSEMBLE|INSPECT","CUT=12/26;ASSEMBLE=36/52;INSPECT=18/26 CUT=12/26;ASSEMBLE=36/52;INSPECT=18/26"
P1|N6|F|UNIFORM|d100|p125,5,450,24,"C1A1T0I0F2","(1,1,0,2)","ASSEMBLE+INSPECT","CUT=12/24;ASSEMBLE+INSPECT=54/72"
P1|N6|F|UNIFORM|d100|p125,6,525,23,"C1A0T1I1F1 C1A2T0I1F1","(1,2,1,1) (1,2,1,1)","ASSEMBLE+INSPECT ASSEMBLE+INSPECT","CUT=12/23;ASSEMBLE+INSPECT=54/92 CUT=12/23;ASSEMBLE+INSPECT=54/92"
P1|N6|F|UNIFORM|d100|p125,7,550,22,"C1A1T0I1F2","(1,1,1,2)","ASSEMBLE+INSPECT","CUT=12/22;ASSEMBLE+INSPECT=54/88"
P1|N6|F|UNIFORM|d100|p125,8,600,21,"C1A1T1I2F0 C1A3T0I2F0","(1,3,2,0) (1,3,2,0)","CUT|ASSEMBLE CUT|ASSEMBLE","CUT=12/21;ASSEMBLE=36/63;INSPECT=18/42 CUT=12/21;ASSEMBLE=36/63;INSPECT=18/42"
P1|N6|F|UNIFORM|d100|p125,9,650,19,"C2A0T1I0F2 C2A2T0I0F2","(2,2,0,2) (2,2,0,2)","ASSEMBLE+INSPECT ASSEMBLE+INSPECT","CUT=12/38;ASSEMBLE+INSPECT=54/76 CUT=12/38;ASSEMBLE+INSPECT=54/76"
P1|N6|F|UNIFORM|d100|p125,10,750,17,"C2A0T1I1F2 C2A2T0I1F2","(2,2,1,2) (2,2,1,2)","ASSEMBLE+INSPECT ASSEMBLE+INSPECT","CUT=12/34;ASSEMBLE+INSPECT=54/85 CUT=12/34;ASSEMBLE+INSPECT=54/85"
P1|N6|F|UNIFORM|d100|p125,11,975,16,"C2A1T1I1F3 C2A3T0I1F3 C3A1T1I0F3 C3A3T0I0F3","(2,3,1,3) (2,3,1,3) (3,3,0,3) (3,3,0,3)","ASSEMBLE+INSPECT ASSEMBLE+INSPECT ASSEMBLE+INSPECT ASSEMBLE+INSPECT","CUT=12/32;ASSEMBLE+INSPECT=54/112 CUT=12/32;ASSEMBLE+INSPECT=54/112 CUT=12/48;ASSEMBLE+INSPECT=54/96 CUT=12/48;ASSEMBLE+INSPECT=54/96"
P1|N6|F|UNIFORM|d100|p125,12,1050,15,"C2A0T2I2F2 C2A2T1I2F2 C2A4T0I2F2","(2,4,2,2) (2,4,2,2) (2,4,2,2)","ASSEMBLE+INSPECT ASSEMBLE+INSPECT ASSEMBLE+INSPECT","CUT=12/30;ASSEMBLE+INSPECT=54/120 CUT=12/30;ASSEMBLE+INSPECT=54/120 CUT=12/30;ASSEMBLE+INSPECT=54/120"
P1|N6|F|UNIFORM|d100|p125,13,1150,14,"C3A0T2I2F2 C3A2T1I2F2 C3A4T0I2F2","(3,4,2,2) (3,4,2,2) (3,4,2,2)","ASSEMBLE+INSPECT ASSEMBLE+INSPECT ASSEMBLE+INSPECT","CUT=12/42;ASSEMBLE+INSPECT=54/112 CUT=12/42;ASSEMBLE+INSPECT=54/112 CUT=12/42;ASSEMBLE+INSPECT=54/112"
P1|N6|F|UNIFORM|d100|p125,14,1275,13,"C3A1T1I3F3 C3A3T0I3F3","(3,3,3,3) (3,3,3,3)","ASSEMBLE+INSPECT ASSEMBLE+INSPECT","CUT=12/39;ASSEMBLE+INSPECT=54/117 CUT=12/39;ASSEMBLE+INSPECT=54/117"
P1|N6|F|UNIFORM|d100|p150,0,250,56,"C1A0T0I0F1","(1,0,0,1)","ASSEMBLE+INSPECT","CUT=12/56;ASSEMBLE+INSPECT=54/56"
P1|N6|F|UNIFORM|d100|p150,1,300,41,"C1A1T0I1F0","(1,1,1,0)","ASSEMBLE","CUT=12/41;ASSEMBLE=36/41;INSPECT=18/41"
P1|N6|F|UNIFORM|d100|p150,2,350,34,"C1A1T0I0F1","(1,1,0,1)","ASSEMBLE+INSPECT","CUT=12/34;ASSEMBLE+INSPECT=54/68"
P1|N6|F|UNIFORM|d100|p150,3,400,26,"C1A0T1I1F0 C1A2T0I1F0","(1,2,1,0) (1,2,1,0)","ASSEMBLE|INSPECT ASSEMBLE|INSPECT","CUT=12/26;ASSEMBLE=36/52;INSPECT=18/26 CUT=12/26;ASSEMBLE=36/52;INSPECT=18/26"
P1|N6|F|UNIFORM|d100|p150,4,500,24,"C1A1T0I0F2","(1,1,0,2)","ASSEMBLE+INSPECT","CUT=12/24;ASSEMBLE+INSPECT=54/72"
P1|N6|F|UNIFORM|d100|p150,5,550,23,"C1A0T1I1F1 C1A2T0I1F1","(1,2,1,1) (1,2,1,1)","ASSEMBLE+INSPECT ASSEMBLE+INSPECT","CUT=12/23;ASSEMBLE+INSPECT=54/92 CUT=12/23;ASSEMBLE+INSPECT=54/92"
P1|N6|F|UNIFORM|d100|p150,6,600,21,"C1A1T1I2F0 C1A3T0I2F0","(1,3,2,0) (1,3,2,0)","CUT|ASSEMBLE CUT|ASSEMBLE","CUT=12/21;ASSEMBLE=36/63;INSPECT=18/42 CUT=12/21;ASSEMBLE=36/63;INSPECT=18/42"
P1|N6|F|UNIFORM|d100|p150,7,700,19,"C2A0T1I0F2 C2A2T0I0F2","(2,2,0,2) (2,2,0,2)","ASSEMBLE+INSPECT ASSEMBLE+INSPECT","CUT=12/38;ASSEMBLE+INSPECT=54/76 CUT=12/38;ASSEMBLE+INSPECT=54/76"
P1|N6|F|UNIFORM|d100|p150,8,800,17,"C2A0T1I1F2 C2A0T2I2F0 C2A2T0I1F2 C2A2T1I2F0 C2A4T0I2F0","(2,2,1,2) (2,4,2,0) (2,2,1,2) (2,4,2,0) (2,4,2,0)","ASSEMBLE+INSPECT ASSEMBLE|INSPECT ASSEMBLE+INSPECT ASSEMBLE|INSPECT ASSEMBLE|INSPECT","CUT=12/34;ASSEMBLE+INSPECT=54/85 CUT=12/34;ASSEMBLE=36/68;INSPECT=18/34 CUT=12/34;ASSEMBLE+INSPECT=54/85 CUT=12/34;ASSEMBLE=36/68;INSPECT=18/34 CUT=12/34;ASSEMBLE=36/68;INSPECT=18/34"
P1|N6|F|UNIFORM|d100|p150,9,1050,16,"C2A1T1I1F3 C2A3T0I1F3 C3A1T1I0F3 C3A3T0I0F3","(2,3,1,3) (2,3,1,3) (3,3,0,3) (3,3,0,3)","ASSEMBLE+INSPECT ASSEMBLE+INSPECT ASSEMBLE+INSPECT ASSEMBLE+INSPECT","CUT=12/32;ASSEMBLE+INSPECT=54/112 CUT=12/32;ASSEMBLE+INSPECT=54/112 CUT=12/48;ASSEMBLE+INSPECT=54/96 CUT=12/48;ASSEMBLE+INSPECT=54/96"
P1|N6|F|UNIFORM|d100|p150,10,1100,15,"C2A0T2I2F2 C2A2T1I2F2 C2A4T0I2F2","(2,4,2,2) (2,4,2,2) (2,4,2,2)","ASSEMBLE+INSPECT ASSEMBLE+INSPECT ASSEMBLE+INSPECT","CUT=12/30;ASSEMBLE+INSPECT=54/120 CUT=12/30;ASSEMBLE+INSPECT=54/120 CUT=12/30;ASSEMBLE+INSPECT=54/120"
P1|N6|F|UNIFORM|d100|p150,11,1200,14,"C3A0T2I2F2 C3A0T3I3F0 C3A2T1I2F2 C3A2T2I3F0 C3A4T0I2F2 C3A4T1I3F0 C3A6T0I3F0","(3,4,2,2) (3,6,3,0) (3,4,2,2) (3,6,3,0) (3,4,2,2) (3,6,3,0) (3,6,3,0)","ASSEMBLE+INSPECT ASSEMBLE|INSPECT ASSEMBLE+INSPECT ASSEMBLE|INSPECT ASSEMBLE+INSPECT ASSEMBLE|INSPECT ASSEMBLE|INSPECT","CUT=12/42;ASSEMBLE+INSPECT=54/112 CUT=12/42;ASSEMBLE=36/84;INSPECT=18/42 CUT=12/42;ASSEMBLE+INSPECT=54/112 CUT=12/42;ASSEMBLE=36/84;INSPECT=18/42 CUT=12/42;ASSEMBLE+INSPECT=54/112 CUT=12/42;ASSEMBLE=36/84;INSPECT=18/42 CUT=12/42;ASSEMBLE=36/84;INSPECT=18/42"
P1|N6|F|UNIFORM|d100|p150,12,1350,13,"C3A1T1I3F3 C3A3T0I3F3","(3,3,3,3) (3,3,3,3)","ASSEMBLE+INSPECT ASSEMBLE+INSPECT","CUT=12/39;ASSEMBLE+INSPECT=54/117 CUT=12/39;ASSEMBLE+INSPECT=54/117"
P1|N6|F|UNIFORM|d100|p200,0,300,41,"C1A1T0I1F0","(1,1,1,0)","ASSEMBLE","CUT=12/41;ASSEMBLE=36/41;INSPECT=18/41"
P1|N6|F|UNIFORM|d100|p200,1,400,26,"C1A0T1I1F0 C1A2T0I1F0","(1,2,1,0) (1,2,1,0)","ASSEMBLE|INSPECT ASSEMBLE|INSPECT","CUT=12/26;ASSEMBLE=36/52;INSPECT=18/26 CUT=12/26;ASSEMBLE=36/52;INSPECT=18/26"
P1|N6|F|UNIFORM|d100|p200,2,500,25,"C1A0T1I2F0 C1A2T0I2F0","(1,2,2,0) (1,2,2,0)","ASSEMBLE ASSEMBLE","CUT=12/25;ASSEMBLE=36/50;INSPECT=18/50 CUT=12/25;ASSEMBLE=36/50;INSPECT=18/50"
P1|N6|F|UNIFORM|d100|p200,3,600,21,"C1A1T1I2F0 C1A3T0I2F0","(1,3,2,0) (1,3,2,0)","CUT|ASSEMBLE CUT|ASSEMBLE","CUT=12/21;ASSEMBLE=36/63;INSPECT=18/42 CUT=12/21;ASSEMBLE=36/63;INSPECT=18/42"
P1|N6|F|UNIFORM|d100|p200,4,700,20,"C2A1T1I2F0 C2A3T0I2F0","(2,3,2,0) (2,3,2,0)","ASSEMBLE ASSEMBLE","CUT=12/40;ASSEMBLE=36/60;INSPECT=18/40 CUT=12/40;ASSEMBLE=36/60;INSPECT=18/40"
P1|N6|F|UNIFORM|d100|p200,5,800,17,"C2A0T2I2F0 C2A2T1I2F0 C2A4T0I2F0","(2,4,2,0) (2,4,2,0) (2,4,2,0)","ASSEMBLE|INSPECT ASSEMBLE|INSPECT ASSEMBLE|INSPECT","CUT=12/34;ASSEMBLE=36/68;INSPECT=18/34 CUT=12/34;ASSEMBLE=36/68;INSPECT=18/34 CUT=12/34;ASSEMBLE=36/68;INSPECT=18/34"
P1|N6|F|UNIFORM|d100|p200,6,1100,16,"C2A0T3I3F0 C2A2T2I3F0 C2A4T1I3F0 C2A6T0I3F0","(2,6,3,0) (2,6,3,0) (2,6,3,0) (2,6,3,0)","CUT|ASSEMBLE|INSPECT CUT|ASSEMBLE|INSPECT CUT|ASSEMBLE|INSPECT CUT|ASSEMBLE|INSPECT","CUT=12/32;ASSEMBLE=36/96;INSPECT=18/48 CUT=12/32;ASSEMBLE=36/96;INSPECT=18/48 CUT=12/32;ASSEMBLE=36/96;INSPECT=18/48 CUT=12/32;ASSEMBLE=36/96;INSPECT=18/48"
P1|N6|F|UNIFORM|d100|p200,7,1200,14,"C3A0T3I3F0 C3A2T2I3F0 C3A4T1I3F0 C3A6T0I3F0","(3,6,3,0) (3,6,3,0) (3,6,3,0) (3,6,3,0)","ASSEMBLE|INSPECT ASSEMBLE|INSPECT ASSEMBLE|INSPECT ASSEMBLE|INSPECT","CUT=12/42;ASSEMBLE=36/84;INSPECT=18/42 CUT=12/42;ASSEMBLE=36/84;INSPECT=18/42 CUT=12/42;ASSEMBLE=36/84;INSPECT=18/42 CUT=12/42;ASSEMBLE=36/84;INSPECT=18/42"
P1|N6|F|UNIFORM|d100|p200,8,1500,13,"C3A0T2I4F2 C3A1T1I3F3 C3A2T1I4F2 C3A3T0I3F3 C3A4T0I4F2","(3,4,4,2) (3,3,3,3) (3,4,4,2) (3,3,3,3) (3,4,4,2)","ASSEMBLE+INSPECT ASSEMBLE+INSPECT ASSEMBLE+INSPECT ASSEMBLE+INSPECT ASSEMBLE+INSPECT","CUT=12/39;ASSEMBLE+INSPECT=54/130 CUT=12/39;ASSEMBLE+INSPECT=54/117 CUT=12/39;ASSEMBLE+INSPECT=54/130 CUT=12/39;ASSEMBLE+INSPECT=54/117 CUT=12/39;ASSEMBLE+INSPECT=54/130"
P1|N6|F|WORK|d75|p100,0,400,56,"C1A0T0I0F1","(1,0,0,1)","ASSEMBLE+INSPECT","CUT=12/56;ASSEMBLE+INSPECT=54/56"
P1|N6|F|WORK|d75|p100,1,550,41,"C1A0T0I1F1 C1A1T0I1F0","(1,0,1,1) (1,1,1,0)","ASSEMBLE+INSPECT ASSEMBLE","CUT=12/41;ASSEMBLE+INSPECT=54/82 CUT=12/41;ASSEMBLE=36/41;INSPECT=18/41"
P1|N6|F|WORK|d75|p100,2,700,26,"C1A0T1I1F0","(1,2,1,0)","ASSEMBLE|INSPECT","CUT=12/26;ASSEMBLE=36/52;INSPECT=18/26"
P1|N6|F|WORK|d75|p100,3,850,25,"C1A0T1I2F0","(1,2,2,0)","ASSEMBLE","CUT=12/25;ASSEMBLE=36/50;INSPECT=18/50"
P1|N6|F|WORK|d75|p100,4,950,23,"C2A0T1I2F0","(2,2,2,0)","ASSEMBLE","CUT=12/46;ASSEMBLE=36/46;INSPECT=18/46"
P1|N6|F|WORK|d75|p100,5,1100,22,"C2A0T0I0F3 C2A0T1I1F1","(2,0,0,3) (2,2,1,1)","ASSEMBLE+INSPECT ASSEMBLE+INSPECT","CUT=12/44;ASSEMBLE+INSPECT=54/66 CUT=12/44;ASSEMBLE+INSPECT=54/88"
P1|N6|F|WORK|d75|p100,6,1150,21,"C1A0T1I2F1 C1A1T1I2F0","(1,2,2,1) (1,3,2,0)","CUT CUT|ASSEMBLE","CUT=12/21;ASSEMBLE+INSPECT=54/105 CUT=12/21;ASSEMBLE=36/63;INSPECT=18/42"
P1|N6|F|WORK|d75|p100,7,1200,20,"C3A0T0I0F3 C3A0T1I1F1","(3,0,0,3) (3,2,1,1)","ASSEMBLE+INSPECT ASSEMBLE+INSPECT","CUT=12/60;ASSEMBLE+INSPECT=54/60 CUT=12/60;ASSEMBLE+INSPECT=54/80"
P1|N6|F|WORK|d75|p100,8,1250,19,"C2A0T1I0F2","(2,2,0,2)","ASSEMBLE+INSPECT","CUT=12/38;ASSEMBLE+INSPECT=54/76"
P1|N6|F|WORK|d75|p100,9,1400,17,"C2A0T1I1F2 C2A0T2I2F0","(2,2,1,2) (2,4,2,0)","ASSEMBLE+INSPECT ASSEMBLE|INSPECT","CUT=12/34;ASSEMBLE+INSPECT=54/85 CUT=12/34;ASSEMBLE=36/68;INSPECT=18/34"
P1|N6|F|WORK|d75|p100,10,1950,16,"C3A0T2I1F2 C3A1T1I0F3","(3,4,1,2) (3,3,0,3)","ASSEMBLE+INSPECT ASSEMBLE+INSPECT","CUT=12/48;ASSEMBLE+INSPECT=54/112 CUT=12/48;ASSEMBLE+INSPECT=54/96"
P1|N6|F|WORK|d75|p100,11,2000,15,"C2A0T2I2F2","(2,4,2,2)","ASSEMBLE+INSPECT","CUT=12/30;ASSEMBLE+INSPECT=54/120"
P1|N6|F|WORK|d75|p100,12,2100,14,"C3A0T2I2F2 C3A0T3I3F0","(3,4,2,2) (3,6,3,0)","ASSEMBLE+INSPECT ASSEMBLE|INSPECT","CUT=12/42;ASSEMBLE+INSPECT=54/112 CUT=12/42;ASSEMBLE=36/84;INSPECT=18/42"
P1|N6|F|WORK|d75|p100,13,2400,13,"C3A0T2I4F2 C3A1T1I3F3","(3,4,4,2) (3,3,3,3)","ASSEMBLE+INSPECT ASSEMBLE+INSPECT","CUT=12/39;ASSEMBLE+INSPECT=54/130 CUT=12/39;ASSEMBLE+INSPECT=54/117"
P1|N6|F|WORK|d75|p125,0,475,56,"C1A0T0I0F1","(1,0,0,1)","ASSEMBLE+INSPECT","CUT=12/56;ASSEMBLE+INSPECT=54/56"
P1|N6|F|WORK|d75|p125,1,550,41,"C1A1T0I1F0","(1,1,1,0)","ASSEMBLE","CUT=12/41;ASSEMBLE=36/41;INSPECT=18/41"
P1|N6|F|WORK|d75|p125,2,700,26,"C1A0T1I1F0","(1,2,1,0)","ASSEMBLE|INSPECT","CUT=12/26;ASSEMBLE=36/52;INSPECT=18/26"
P1|N6|F|WORK|d75|p125,3,850,25,"C1A0T1I2F0","(1,2,2,0)","ASSEMBLE","CUT=12/25;ASSEMBLE=36/50;INSPECT=18/50"
P1|N6|F|WORK|d75|p125,4,950,23,"C2A0T1I2F0","(2,2,2,0)","ASSEMBLE","CUT=12/46;ASSEMBLE=36/46;INSPECT=18/46"
P1|N6|F|WORK|d75|p125,5,1150,21,"C1A1T1I2F0","(1,3,2,0)","CUT|ASSEMBLE","CUT=12/21;ASSEMBLE=36/63;INSPECT=18/42"
P1|N6|F|WORK|d75|p125,6,1250,20,"C2A1T1I2F0","(2,3,2,0)","ASSEMBLE","CUT=12/40;ASSEMBLE=36/60;INSPECT=18/40"
P1|N6|F|WORK|d75|p125,7,1400,17,"C2A0T2I2F0","(2,4,2,0)","ASSEMBLE|INSPECT","CUT=12/34;ASSEMBLE=36/68;INSPECT=18/34"
P1|N6|F|WORK|d75|p125,8,2000,16,"C2A0T3I3F0","(2,6,3,0)","CUT|ASSEMBLE|INSPECT","CUT=12/32;ASSEMBLE=36/96;INSPECT=18/48"
P1|N6|F|WORK|d75|p125,9,2100,14,"C3A0T3I3F0","(3,6,3,0)","ASSEMBLE|INSPECT","CUT=12/42;ASSEMBLE=36/84;INSPECT=18/42"
P1|N6|F|WORK|d75|p125,10,2550,13,"C3A0T2I4F2","(3,4,4,2)","ASSEMBLE+INSPECT","CUT=12/39;ASSEMBLE+INSPECT=54/130"
P1|N6|F|WORK|d75|p150,0,550,41,"C1A1T0I1F0","(1,1,1,0)","ASSEMBLE","CUT=12/41;ASSEMBLE=36/41;INSPECT=18/41"
P1|N6|F|WORK|d75|p150,1,700,26,"C1A0T1I1F0","(1,2,1,0)","ASSEMBLE|INSPECT","CUT=12/26;ASSEMBLE=36/52;INSPECT=18/26"
P1|N6|F|WORK|d75|p150,2,850,25,"C1A0T1I2F0","(1,2,2,0)","ASSEMBLE","CUT=12/25;ASSEMBLE=36/50;INSPECT=18/50"
P1|N6|F|WORK|d75|p150,3,950,23,"C2A0T1I2F0","(2,2,2,0)","ASSEMBLE","CUT=12/46;ASSEMBLE=36/46;INSPECT=18/46"
P1|N6|F|WORK|d75|p150,4,1150,21,"C1A1T1I2F0","(1,3,2,0)","CUT|ASSEMBLE","CUT=12/21;ASSEMBLE=36/63;INSPECT=18/42"
P1|N6|F|WORK|d75|p150,5,1250,20,"C2A1T1I2F0","(2,3,2,0)","ASSEMBLE","CUT=12/40;ASSEMBLE=36/60;INSPECT=18/40"
P1|N6|F|WORK|d75|p150,6,1400,17,"C2A0T2I2F0","(2,4,2,0)","ASSEMBLE|INSPECT","CUT=12/34;ASSEMBLE=36/68;INSPECT=18/34"
P1|N6|F|WORK|d75|p150,7,2000,16,"C2A0T3I3F0","(2,6,3,0)","CUT|ASSEMBLE|INSPECT","CUT=12/32;ASSEMBLE=36/96;INSPECT=18/48"
P1|N6|F|WORK|d75|p150,8,2100,14,"C3A0T3I3F0","(3,6,3,0)","ASSEMBLE|INSPECT","CUT=12/42;ASSEMBLE=36/84;INSPECT=18/42"
P1|N6|F|WORK|d75|p150,9,2700,13,"C3A0T2I4F2","(3,4,4,2)","ASSEMBLE+INSPECT","CUT=12/39;ASSEMBLE+INSPECT=54/130"
P1|N6|F|WORK|d75|p200,0,550,41,"C1A1T0I1F0","(1,1,1,0)","ASSEMBLE","CUT=12/41;ASSEMBLE=36/41;INSPECT=18/41"
P1|N6|F|WORK|d75|p200,1,700,26,"C1A0T1I1F0","(1,2,1,0)","ASSEMBLE|INSPECT","CUT=12/26;ASSEMBLE=36/52;INSPECT=18/26"
P1|N6|F|WORK|d75|p200,2,850,25,"C1A0T1I2F0","(1,2,2,0)","ASSEMBLE","CUT=12/25;ASSEMBLE=36/50;INSPECT=18/50"
P1|N6|F|WORK|d75|p200,3,950,23,"C2A0T1I2F0","(2,2,2,0)","ASSEMBLE","CUT=12/46;ASSEMBLE=36/46;INSPECT=18/46"
P1|N6|F|WORK|d75|p200,4,1150,21,"C1A1T1I2F0","(1,3,2,0)","CUT|ASSEMBLE","CUT=12/21;ASSEMBLE=36/63;INSPECT=18/42"
P1|N6|F|WORK|d75|p200,5,1250,20,"C2A1T1I2F0","(2,3,2,0)","ASSEMBLE","CUT=12/40;ASSEMBLE=36/60;INSPECT=18/40"
P1|N6|F|WORK|d75|p200,6,1400,17,"C2A0T2I2F0","(2,4,2,0)","ASSEMBLE|INSPECT","CUT=12/34;ASSEMBLE=36/68;INSPECT=18/34"
P1|N6|F|WORK|d75|p200,7,2000,16,"C2A0T3I3F0","(2,6,3,0)","CUT|ASSEMBLE|INSPECT","CUT=12/32;ASSEMBLE=36/96;INSPECT=18/48"
P1|N6|F|WORK|d75|p200,8,2100,14,"C3A0T3I3F0","(3,6,3,0)","ASSEMBLE|INSPECT","CUT=12/42;ASSEMBLE=36/84;INSPECT=18/42"
P1|N6|F|WORK|d75|p200,9,3000,13,"C3A0T2I4F2","(3,4,4,2)","ASSEMBLE+INSPECT","CUT=12/39;ASSEMBLE+INSPECT=54/130"
P1|N6|F|WORK|d90|p100,0,400,56,"C1A0T0I0F1","(1,0,0,1)","ASSEMBLE+INSPECT","CUT=12/56;ASSEMBLE+INSPECT=54/56"
P1|N6|F|WORK|d90|p100,1,550,41,"C1A0T0I1F1 C1A1T0I1F0","(1,0,1,1) (1,1,1,0)","ASSEMBLE+INSPECT ASSEMBLE","CUT=12/41;ASSEMBLE+INSPECT=54/82 CUT=12/41;ASSEMBLE=36/41;INSPECT=18/41"
P1|N6|F|WORK|d90|p100,2,700,31,"C1A0T0I0F2","(1,0,0,2)","ASSEMBLE+INSPECT","CUT=12/31;ASSEMBLE+INSPECT=54/62"
P1|N6|F|WORK|d90|p100,3,790,26,"C1A0T1I1F0","(1,2,1,0)","ASSEMBLE|INSPECT","CUT=12/26;ASSEMBLE=36/52;INSPECT=18/26"
P1|N6|F|WORK|d90|p100,4,940,25,"C1A0T1I2F0","(1,2,2,0)","ASSEMBLE","CUT=12/25;ASSEMBLE=36/50;INSPECT=18/50"
P1|N6|F|WORK|d90|p100,5,1000,24,"C1A0T0I0F3 C1A1T0I0F2","(1,0,0,3) (1,1,0,2)","ASSEMBLE+INSPECT ASSEMBLE+INSPECT","CUT=12/24;ASSEMBLE+INSPECT=54/72 CUT=12/24;ASSEMBLE+INSPECT=54/72"
P1|N6|F|WORK|d90|p100,6,1040,23,"C2A0T1I2F0","(2,2,2,0)","ASSEMBLE","CUT=12/46;ASSEMBLE=36/46;INSPECT=18/46"
P1|N6|F|WORK|d90|p100,7,1100,22,"C2A0T0I0F3","(2,0,0,3)","ASSEMBLE+INSPECT","CUT=12/44;ASSEMBLE+INSPECT=54/66"
P1|N6|F|WORK|d90|p100,8,1200,20,"C3A0T0I0F3","(3,0,0,3)","ASSEMBLE+INSPECT","CUT=12/60;ASSEMBLE+INSPECT=54/60"
P1|N6|F|WORK|d90|p100,9,1340,19,"C2A0T1I0F2","(2,2,0,2)","ASSEMBLE+INSPECT","CUT=12/38;ASSEMBLE+INSPECT=54/76"
P1|N6|F|WORK|d90|p100,10,1490,17,"C2A0T1I1F2","(2,2,1,2)","ASSEMBLE+INSPECT","CUT=12/34;ASSEMBLE+INSPECT=54/85"
P1|N6|F|WORK|d90|p100,11,2040,16,"C3A1T1I0F3","(3,3,0,3)","ASSEMBLE+INSPECT","CUT=12/48;ASSEMBLE+INSPECT=54/96"
P1|N6|F|WORK|d90|p100,12,2180,15,"C2A0T2I2F2","(2,4,2,2)","ASSEMBLE+INSPECT","CUT=12/30;ASSEMBLE+INSPECT=54/120"
P1|N6|F|WORK|d90|p100,13,2280,14,"C3A0T2I2F2","(3,4,2,2)","ASSEMBLE+INSPECT","CUT=12/42;ASSEMBLE+INSPECT=54/112"
P1|N6|F|WORK|d90|p100,14,2490,13,"C3A1T1I3F3","(3,3,3,3)","ASSEMBLE+INSPECT","CUT=12/39;ASSEMBLE+INSPECT=54/117"
P1|N6|F|WORK|d90|p125,0,475,56,"C1A0T0I0F1","(1,0,0,1)","ASSEMBLE+INSPECT","CUT=12/56;ASSEMBLE+INSPECT=54/56"
P1|N6|F|WORK|d90|p125,1,550,41,"C1A1T0I1F0","(1,1,1,0)","ASSEMBLE","CUT=12/41;ASSEMBLE=36/41;INSPECT=18/41"
P1|N6|F|WORK|d90|p125,2,775,34,"C1A1T0I0F1","(1,1,0,1)","ASSEMBLE+INSPECT","CUT=12/34;ASSEMBLE+INSPECT=54/68"
P1|N6|F|WORK|d90|p125,3,790,26,"C1A0T1I1F0","(1,2,1,0)","ASSEMBLE|INSPECT","CUT=12/26;ASSEMBLE=36/52;INSPECT=18/26"
P1|N6|F|WORK|d90|p125,4,940,25,"C1A0T1I2F0","(1,2,2,0)","ASSEMBLE","CUT=12/25;ASSEMBLE=36/50;INSPECT=18/50"
P1|N6|F|WORK|d90|p125,5,1040,23,"C2A0T1I2F0","(2,2,2,0)","ASSEMBLE","CUT=12/46;ASSEMBLE=36/46;INSPECT=18/46"
P1|N6|F|WORK|d90|p125,6,1240,21,"C1A1T1I2F0","(1,3,2,0)","CUT|ASSEMBLE","CUT=12/21;ASSEMBLE=36/63;INSPECT=18/42"
P1|N6|F|WORK|d90|p125,7,1340,20,"C2A1T1I2F0","(2,3,2,0)","ASSEMBLE","CUT=12/40;ASSEMBLE=36/60;INSPECT=18/40"
P1|N6|F|WORK|d90|p125,8,1490,19,"C2A0T1I0F2 C2A1T1I3F0","(2,2,0,2) (2,3,3,0)","ASSEMBLE+INSPECT ASSEMBLE","CUT=12/38;ASSEMBLE+INSPECT=54/76 CUT=12/38;ASSEMBLE=36/57;INSPECT=18/57"
P1|N6|F|WORK|d90|p125,9,1580,17,"C2A0T2I2F0","(2,4,2,0)","ASSEMBLE|INSPECT","CUT=12/34;ASSEMBLE=36/68;INSPECT=18/34"
P1|N6|F|WORK|d90|p125,10,2265,16,"C3A1T1I0F3","(3,3,0,3)","ASSEMBLE+INSPECT","CUT=12/48;ASSEMBLE+INSPECT=54/96"
P1|N6|F|WORK|d90|p125,11,2330,15,"C2A0T2I2F2","(2,4,2,2)","ASSEMBLE+INSPECT","CUT=12/30;ASSEMBLE+INSPECT=54/120"
P1|N6|F|WORK|d90|p125,12,2370,14,"C3A0T3I3F0","(3,6,3,0)","ASSEMBLE|INSPECT","CUT=12/42;ASSEMBLE=36/84;INSPECT=18/42"
P1|N6|F|WORK|d90|p125,13,2715,13,"C3A1T1I3F3","(3,3,3,3)","ASSEMBLE+INSPECT","CUT=12/39;ASSEMBLE+INSPECT=54/117"
P1|N6|F|WORK|d90|p150,0,550,41,"C1A1T0I1F0","(1,1,1,0)","ASSEMBLE","CUT=12/41;ASSEMBLE=36/41;INSPECT=18/41"
P1|N6|F|WORK|d90|p150,1,790,26,"C1A0T1I1F0","(1,2,1,0)","ASSEMBLE|INSPECT","CUT=12/26;ASSEMBLE=36/52;INSPECT=18/26"
P1|N6|F|WORK|d90|p150,2,940,25,"C1A0T1I2F0","(1,2,2,0)","ASSEMBLE","CUT=12/25;ASSEMBLE=36/50;INSPECT=18/50"
P1|N6|F|WORK|d90|p150,3,1040,23,"C2A0T1I2F0","(2,2,2,0)","ASSEMBLE","CUT=12/46;ASSEMBLE=36/46;INSPECT=18/46"
P1|N6|F|WORK|d90|p150,4,1240,21,"C1A1T1I2F0","(1,3,2,0)","CUT|ASSEMBLE","CUT=12/21;ASSEMBLE=36/63;INSPECT=18/42"
P1|N6|F|WORK|d90|p150,5,1340,20,"C2A1T1I2F0","(2,3,2,0)","ASSEMBLE","CUT=12/40;ASSEMBLE=36/60;INSPECT=18/40"
P1|N6|F|WORK|d90|p150,6,1490,19,"C2A1T1I3F0","(2,3,3,0)","ASSEMBLE","CUT=12/38;ASSEMBLE=36/57;INSPECT=18/57"
P1|N6|F|WORK|d90|p150,7,1580,17,"C2A0T2I2F0","(2,4,2,0)","ASSEMBLE|INSPECT","CUT=12/34;ASSEMBLE=36/68;INSPECT=18/34"
P1|N6|F|WORK|d90|p150,8,2270,16,"C2A0T3I3F0","(2,6,3,0)","CUT|ASSEMBLE|INSPECT","CUT=12/32;ASSEMBLE=36/96;INSPECT=18/48"
P1|N6|F|WORK|d90|p150,9,2370,14,"C3A0T3I3F0","(3,6,3,0)","ASSEMBLE|INSPECT","CUT=12/42;ASSEMBLE=36/84;INSPECT=18/42"
P1|N6|F|WORK|d90|p150,10,2880,13,"C3A0T2I4F2","(3,4,4,2)","ASSEMBLE+INSPECT","CUT=12/39;ASSEMBLE+INSPECT=54/130"
P1|N6|F|WORK|d90|p200,0,550,41,"C1A1T0I1F0","(1,1,1,0)","ASSEMBLE","CUT=12/41;ASSEMBLE=36/41;INSPECT=18/41"
P1|N6|F|WORK|d90|p200,1,790,26,"C1A0T1I1F0","(1,2,1,0)","ASSEMBLE|INSPECT","CUT=12/26;ASSEMBLE=36/52;INSPECT=18/26"
P1|N6|F|WORK|d90|p200,2,940,25,"C1A0T1I2F0","(1,2,2,0)","ASSEMBLE","CUT=12/25;ASSEMBLE=36/50;INSPECT=18/50"
P1|N6|F|WORK|d90|p200,3,1040,23,"C2A0T1I2F0","(2,2,2,0)","ASSEMBLE","CUT=12/46;ASSEMBLE=36/46;INSPECT=18/46"
P1|N6|F|WORK|d90|p200,4,1240,21,"C1A1T1I2F0","(1,3,2,0)","CUT|ASSEMBLE","CUT=12/21;ASSEMBLE=36/63;INSPECT=18/42"
P1|N6|F|WORK|d90|p200,5,1340,20,"C2A1T1I2F0","(2,3,2,0)","ASSEMBLE","CUT=12/40;ASSEMBLE=36/60;INSPECT=18/40"
P1|N6|F|WORK|d90|p200,6,1490,19,"C2A1T1I3F0","(2,3,3,0)","ASSEMBLE","CUT=12/38;ASSEMBLE=36/57;INSPECT=18/57"
P1|N6|F|WORK|d90|p200,7,1580,17,"C2A0T2I2F0","(2,4,2,0)","ASSEMBLE|INSPECT","CUT=12/34;ASSEMBLE=36/68;INSPECT=18/34"
P1|N6|F|WORK|d90|p200,8,2270,16,"C2A0T3I3F0","(2,6,3,0)","CUT|ASSEMBLE|INSPECT","CUT=12/32;ASSEMBLE=36/96;INSPECT=18/48"
P1|N6|F|WORK|d90|p200,9,2370,14,"C3A0T3I3F0","(3,6,3,0)","ASSEMBLE|INSPECT","CUT=12/42;ASSEMBLE=36/84;INSPECT=18/42"
P1|N6|F|WORK|d90|p200,10,3180,13,"C3A0T2I4F2","(3,4,4,2)","ASSEMBLE+INSPECT","CUT=12/39;ASSEMBLE+INSPECT=54/130"
P1|N6|F|WORK|d100|p100,0,400,56,"C1A0T0I0F1","(1,0,0,1)","ASSEMBLE+INSPECT","CUT=12/56;ASSEMBLE+INSPECT=54/56"
P1|N6|F|WORK|d100|p100,1,550,41,"C1A0T0I1F1 C1A1T0I1F0","(1,0,1,1) (1,1,1,0)","ASSEMBLE+INSPECT ASSEMBLE","CUT=12/41;ASSEMBLE+INSPECT=54/82 CUT=12/41;ASSEMBLE=36/41;INSPECT=18/41"
P1|N6|F|WORK|d100|p100,2,700,31,"C1A0T0I0F2","(1,0,0,2)","ASSEMBLE+INSPECT","CUT=12/31;ASSEMBLE+INSPECT=54/62"
P1|N6|F|WORK|d100|p100,3,800,29,"C2A0T0I0F2","(2,0,0,2)","ASSEMBLE+INSPECT","CUT=12/58;ASSEMBLE+INSPECT=54/58"
P1|N6|F|WORK|d100|p100,4,850,26,"C1A0T1I1F0 C1A2T0I1F0","(1,2,1,0) (1,2,1,0)","ASSEMBLE|INSPECT ASSEMBLE|INSPECT","CUT=12/26;ASSEMBLE=36/52;INSPECT=18/26 CUT=12/26;ASSEMBLE=36/52;INSPECT=18/26"
P1|N6|F|WORK|d100|p100,5,1000,24,"C1A0T0I0F3 C1A1T0I0F2","(1,0,0,3) (1,1,0,2)","ASSEMBLE+INSPECT ASSEMBLE+INSPECT","CUT=12/24;ASSEMBLE+INSPECT=54/72 CUT=12/24;ASSEMBLE+INSPECT=54/72"
P1|N6|F|WORK|d100|p100,6,1100,22,"C2A0T0I0F3","(2,0,0,3)","ASSEMBLE+INSPECT","CUT=12/44;ASSEMBLE+INSPECT=54/66"
P1|N6|F|WORK|d100|p100,7,1200,20,"C3A0T0I0F3","(3,0,0,3)","ASSEMBLE+INSPECT","CUT=12/60;ASSEMBLE+INSPECT=54/60"
P1|N6|F|WORK|d100|p100,8,1400,19,"C2A0T1I0F2 C2A2T0I0F2","(2,2,0,2) (2,2,0,2)","ASSEMBLE+INSPECT ASSEMBLE+INSPECT","CUT=12/38;ASSEMBLE+INSPECT=54/76 CUT=12/38;ASSEMBLE+INSPECT=54/76"
P1|N6|F|WORK|d100|p100,9,1550,17,"C2A0T1I1F2 C2A2T0I1F2","(2,2,1,2) (2,2,1,2)","ASSEMBLE+INSPECT ASSEMBLE+INSPECT","CUT=12/34;ASSEMBLE+INSPECT=54/85 CUT=12/34;ASSEMBLE+INSPECT=54/85"
P1|N6|F|WORK|d100|p100,10,2100,16,"C3A1T1I0F3 C3A3T0I0F3","(3,3,0,3) (3,3,0,3)","ASSEMBLE+INSPECT ASSEMBLE+INSPECT","CUT=12/48;ASSEMBLE+INSPECT=54/96 CUT=12/48;ASSEMBLE+INSPECT=54/96"
P1|N6|F|WORK|d100|p100,11,2300,15,"C2A0T2I2F2 C2A1T1I2F3 C2A2T1I2F2 C2A3T0I2F3 C2A4T0I2F2","(2,4,2,2) (2,3,2,3) (2,4,2,2) (2,3,2,3) (2,4,2,2)","ASSEMBLE+INSPECT ASSEMBLE+INSPECT ASSEMBLE+INSPECT ASSEMBLE+INSPECT ASSEMBLE+INSPECT","CUT=12/30;ASSEMBLE+INSPECT=54/120 CUT=12/30;ASSEMBLE+INSPECT=54/120 CUT=12/30;ASSEMBLE+INSPECT=54/120 CUT=12/30;ASSEMBLE+INSPECT=54/120 CUT=12/30;ASSEMBLE+INSPECT=54/120"
P1|N6|F|WORK|d100|p100,12,2350,14,"C4A1T1I1F3 C4A3T0I1F3","(4,3,1,3) (4,3,1,3)","ASSEMBLE+INSPECT ASSEMBLE+INSPECT","CUT=12/56;ASSEMBLE+INSPECT=54/98 CUT=12/56;ASSEMBLE+INSPECT=54/98"
P1|N6|F|WORK|d100|p100,13,2550,13,"C3A1T1I3F3 C3A3T0I3F3","(3,3,3,3) (3,3,3,3)","ASSEMBLE+INSPECT ASSEMBLE+INSPECT","CUT=12/39;ASSEMBLE+INSPECT=54/117 CUT=12/39;ASSEMBLE+INSPECT=54/117"
P1|N6|F|WORK|d100|p125,0,475,56,"C1A0T0I0F1","(1,0,0,1)","ASSEMBLE+INSPECT","CUT=12/56;ASSEMBLE+INSPECT=54/56"
P1|N6|F|WORK|d100|p125,1,550,41,"C1A1T0I1F0","(1,1,1,0)","ASSEMBLE","CUT=12/41;ASSEMBLE=36/41;INSPECT=18/41"
P1|N6|F|WORK|d100|p125,2,775,34,"C1A1T0I0F1","(1,1,0,1)","ASSEMBLE+INSPECT","CUT=12/34;ASSEMBLE+INSPECT=54/68"
P1|N6|F|WORK|d100|p125,3,850,26,"C1A0T1I1F0 C1A2T0I1F0","(1,2,1,0) (1,2,1,0)","ASSEMBLE|INSPECT ASSEMBLE|INSPECT","CUT=12/26;ASSEMBLE=36/52;INSPECT=18/26 CUT=12/26;ASSEMBLE=36/52;INSPECT=18/26"
P1|N6|F|WORK|d100|p125,4,1000,25,"C1A0T1I2F0 C1A2T0I2F0","(1,2,2,0) (1,2,2,0)","ASSEMBLE ASSEMBLE","CUT=12/25;ASSEMBLE=36/50;INSPECT=18/50 CUT=12/25;ASSEMBLE=36/50;INSPECT=18/50"
P1|N6|F|WORK|d100|p125,5,1100,23,"C2A0T1I2F0 C2A2T0I2F0","(2,2,2,0) (2,2,2,0)","ASSEMBLE ASSEMBLE","CUT=12/46;ASSEMBLE=36/46;INSPECT=18/46 CUT=12/46;ASSEMBLE=36/46;INSPECT=18/46"
P1|N6|F|WORK|d100|p125,6,1300,21,"C1A1T1I2F0 C1A3T0I2F0","(1,3,2,0) (1,3,2,0)","CUT|ASSEMBLE CUT|ASSEMBLE","CUT=12/21;ASSEMBLE=36/63;INSPECT=18/42 CUT=12/21;ASSEMBLE=36/63;INSPECT=18/42"
P1|N6|F|WORK|d100|p125,7,1400,20,"C2A1T1I2F0 C2A3T0I2F0","(2,3,2,0) (2,3,2,0)","ASSEMBLE ASSEMBLE","CUT=12/40;ASSEMBLE=36/60;INSPECT=18/40 CUT=12/40;ASSEMBLE=36/60;INSPECT=18/40"
P1|N6|F|WORK|d100|p125,8,1550,19,"C2A0T1I0F2 C2A1T1I3F0 C2A2T0I0F2 C2A3T0I3F0","(2,2,0,2) (2,3,3,0) (2,2,0,2) (2,3,3,0)","ASSEMBLE+INSPECT ASSEMBLE ASSEMBLE+INSPECT ASSEMBLE","CUT=12/38;ASSEMBLE+INSPECT=54/76 CUT=12/38;ASSEMBLE=36/57;INSPECT=18/57 CUT=12/38;ASSEMBLE+INSPECT=54/76 CUT=12/38;ASSEMBLE=36/57;INSPECT=18/57"
P1|N6|F|WORK|d100|p125,9,1650,17,"C3A1T1I3F0 C3A3T0I3F0","(3,3,3,0) (3,3,3,0)","ASSEMBLE ASSEMBLE","CUT=12/51;ASSEMBLE=36/51;INSPECT=18/51 CUT=12/51;ASSEMBLE=36/51;INSPECT=18/51"
P1|N6|F|WORK|d100|p125,10,2325,16,"C3A1T1I0F3 C3A3T0I0F3","(3,3,0,3) (3,3,0,3)","ASSEMBLE+INSPECT ASSEMBLE+INSPECT","CUT=12/48;ASSEMBLE+INSPECT=54/96 CUT=12/48;ASSEMBLE+INSPECT=54/96"
P1|N6|F|WORK|d100|p125,11,2450,15,"C2A0T2I2F2 C2A2T1I2F2 C2A4T0I2F2","(2,4,2,2) (2,4,2,2) (2,4,2,2)","ASSEMBLE+INSPECT ASSEMBLE+INSPECT ASSEMBLE+INSPECT","CUT=12/30;ASSEMBLE+INSPECT=54/120 CUT=12/30;ASSEMBLE+INSPECT=54/120 CUT=12/30;ASSEMBLE+INSPECT=54/120"
P1|N6|F|WORK|d100|p125,12,2550,14,"C3A0T2I2F2 C3A0T3I3F0 C3A2T1I2F2 C3A2T2I3F0 C3A4T0I2F2 C3A4T1I3F0 C3A6T0I3F0","(3,4,2,2) (3,6,3,0) (3,4,2,2) (3,6,3,0) (3,4,2,2) (3,6,3,0) (3,6,3,0)","ASSEMBLE+INSPECT ASSEMBLE|INSPECT ASSEMBLE+INSPECT ASSEMBLE|INSPECT ASSEMBLE+INSPECT ASSEMBLE|INSPECT ASSEMBLE|INSPECT","CUT=12/42;ASSEMBLE+INSPECT=54/112 CUT=12/42;ASSEMBLE=36/84;INSPECT=18/42 CUT=12/42;ASSEMBLE+INSPECT=54/112 CUT=12/42;ASSEMBLE=36/84;INSPECT=18/42 CUT=12/42;ASSEMBLE+INSPECT=54/112 CUT=12/42;ASSEMBLE=36/84;INSPECT=18/42 CUT=12/42;ASSEMBLE=36/84;INSPECT=18/42"
P1|N6|F|WORK|d100|p125,13,2775,13,"C3A1T1I3F3 C3A3T0I3F3","(3,3,3,3) (3,3,3,3)","ASSEMBLE+INSPECT ASSEMBLE+INSPECT","CUT=12/39;ASSEMBLE+INSPECT=54/117 CUT=12/39;ASSEMBLE+INSPECT=54/117"
P1|N6|F|WORK|d100|p150,0,550,41,"C1A1T0I1F0","(1,1,1,0)","ASSEMBLE","CUT=12/41;ASSEMBLE=36/41;INSPECT=18/41"
P1|N6|F|WORK|d100|p150,1,850,26,"C1A0T1I1F0 C1A2T0I1F0","(1,2,1,0) (1,2,1,0)","ASSEMBLE|INSPECT ASSEMBLE|INSPECT","CUT=12/26;ASSEMBLE=36/52;INSPECT=18/26 CUT=12/26;ASSEMBLE=36/52;INSPECT=18/26"
P1|N6|F|WORK|d100|p150,2,1000,25,"C1A0T1I2F0 C1A2T0I2F0","(1,2,2,0) (1,2,2,0)","ASSEMBLE ASSEMBLE","CUT=12/25;ASSEMBLE=36/50;INSPECT=18/50 CUT=12/25;ASSEMBLE=36/50;INSPECT=18/50"
P1|N6|F|WORK|d100|p150,3,1100,23,"C2A0T1I2F0 C2A2T0I2F0","(2,2,2,0) (2,2,2,0)","ASSEMBLE ASSEMBLE","CUT=12/46;ASSEMBLE=36/46;INSPECT=18/46 CUT=12/46;ASSEMBLE=36/46;INSPECT=18/46"
P1|N6|F|WORK|d100|p150,4,1300,21,"C1A1T1I2F0 C1A3T0I2F0","(1,3,2,0) (1,3,2,0)","CUT|ASSEMBLE CUT|ASSEMBLE","CUT=12/21;ASSEMBLE=36/63;INSPECT=18/42 CUT=12/21;ASSEMBLE=36/63;INSPECT=18/42"
P1|N6|F|WORK|d100|p150,5,1400,20,"C2A1T1I2F0 C2A3T0I2F0","(2,3,2,0) (2,3,2,0)","ASSEMBLE ASSEMBLE","CUT=12/40;ASSEMBLE=36/60;INSPECT=18/40 CUT=12/40;ASSEMBLE=36/60;INSPECT=18/40"
P1|N6|F|WORK|d100|p150,6,1550,19,"C2A1T1I3F0 C2A3T0I3F0","(2,3,3,0) (2,3,3,0)","ASSEMBLE ASSEMBLE","CUT=12/38;ASSEMBLE=36/57;INSPECT=18/57 CUT=12/38;ASSEMBLE=36/57;INSPECT=18/57"
P1|N6|F|WORK|d100|p150,7,1650,17,"C3A1T1I3F0 C3A3T0I3F0","(3,3,3,0) (3,3,3,0)","ASSEMBLE ASSEMBLE","CUT=12/51;ASSEMBLE=36/51;INSPECT=18/51 CUT=12/51;ASSEMBLE=36/51;INSPECT=18/51"
P1|N6|F|WORK|d100|p150,8,2450,16,"C2A0T3I3F0 C2A2T2I3F0 C2A4T1I3F0 C2A6T0I3F0","(2,6,3,0) (2,6,3,0) (2,6,3,0) (2,6,3,0)","CUT|ASSEMBLE|INSPECT CUT|ASSEMBLE|INSPECT CUT|ASSEMBLE|INSPECT CUT|ASSEMBLE|INSPECT","CUT=12/32;ASSEMBLE=36/96;INSPECT=18/48 CUT=12/32;ASSEMBLE=36/96;INSPECT=18/48 CUT=12/32;ASSEMBLE=36/96;INSPECT=18/48 CUT=12/32;ASSEMBLE=36/96;INSPECT=18/48"
P1|N6|F|WORK|d100|p150,9,2550,14,"C3A0T3I3F0 C3A2T2I3F0 C3A4T1I3F0 C3A6T0I3F0","(3,6,3,0) (3,6,3,0) (3,6,3,0) (3,6,3,0)","ASSEMBLE|INSPECT ASSEMBLE|INSPECT ASSEMBLE|INSPECT ASSEMBLE|INSPECT","CUT=12/42;ASSEMBLE=36/84;INSPECT=18/42 CUT=12/42;ASSEMBLE=36/84;INSPECT=18/42 CUT=12/42;ASSEMBLE=36/84;INSPECT=18/42 CUT=12/42;ASSEMBLE=36/84;INSPECT=18/42"
P1|N6|F|WORK|d100|p150,10,3000,13,"C3A0T2I4F2 C3A1T1I3F3 C3A2T1I4F2 C3A3T0I3F3 C3A4T0I4F2","(3,4,4,2) (3,3,3,3) (3,4,4,2) (3,3,3,3) (3,4,4,2)","ASSEMBLE+INSPECT ASSEMBLE+INSPECT ASSEMBLE+INSPECT ASSEMBLE+INSPECT ASSEMBLE+INSPECT","CUT=12/39;ASSEMBLE+INSPECT=54/130 CUT=12/39;ASSEMBLE+INSPECT=54/117 CUT=12/39;ASSEMBLE+INSPECT=54/130 CUT=12/39;ASSEMBLE+INSPECT=54/117 CUT=12/39;ASSEMBLE+INSPECT=54/130"
P1|N6|F|WORK|d100|p200,0,550,41,"C1A1T0I1F0","(1,1,1,0)","ASSEMBLE","CUT=12/41;ASSEMBLE=36/41;INSPECT=18/41"
P1|N6|F|WORK|d100|p200,1,850,26,"C1A0T1I1F0 C1A2T0I1F0","(1,2,1,0) (1,2,1,0)","ASSEMBLE|INSPECT ASSEMBLE|INSPECT","CUT=12/26;ASSEMBLE=36/52;INSPECT=18/26 CUT=12/26;ASSEMBLE=36/52;INSPECT=18/26"
P1|N6|F|WORK|d100|p200,2,1000,25,"C1A0T1I2F0 C1A2T0I2F0","(1,2,2,0) (1,2,2,0)","ASSEMBLE ASSEMBLE","CUT=12/25;ASSEMBLE=36/50;INSPECT=18/50 CUT=12/25;ASSEMBLE=36/50;INSPECT=18/50"
P1|N6|F|WORK|d100|p200,3,1100,23,"C2A0T1I2F0 C2A2T0I2F0","(2,2,2,0) (2,2,2,0)","ASSEMBLE ASSEMBLE","CUT=12/46;ASSEMBLE=36/46;INSPECT=18/46 CUT=12/46;ASSEMBLE=36/46;INSPECT=18/46"
P1|N6|F|WORK|d100|p200,4,1300,21,"C1A1T1I2F0 C1A3T0I2F0","(1,3,2,0) (1,3,2,0)","CUT|ASSEMBLE CUT|ASSEMBLE","CUT=12/21;ASSEMBLE=36/63;INSPECT=18/42 CUT=12/21;ASSEMBLE=36/63;INSPECT=18/42"
P1|N6|F|WORK|d100|p200,5,1400,20,"C2A1T1I2F0 C2A3T0I2F0","(2,3,2,0) (2,3,2,0)","ASSEMBLE ASSEMBLE","CUT=12/40;ASSEMBLE=36/60;INSPECT=18/40 CUT=12/40;ASSEMBLE=36/60;INSPECT=18/40"
P1|N6|F|WORK|d100|p200,6,1550,19,"C2A1T1I3F0 C2A3T0I3F0","(2,3,3,0) (2,3,3,0)","ASSEMBLE ASSEMBLE","CUT=12/38;ASSEMBLE=36/57;INSPECT=18/57 CUT=12/38;ASSEMBLE=36/57;INSPECT=18/57"
P1|N6|F|WORK|d100|p200,7,1650,17,"C3A1T1I3F0 C3A3T0I3F0","(3,3,3,0) (3,3,3,0)","ASSEMBLE ASSEMBLE","CUT=12/51;ASSEMBLE=36/51;INSPECT=18/51 CUT=12/51;ASSEMBLE=36/51;INSPECT=18/51"
P1|N6|F|WORK|d100|p200,8,2450,16,"C2A0T3I3F0 C2A2T2I3F0 C2A4T1I3F0 C2A6T0I3F0","(2,6,3,0) (2,6,3,0) (2,6,3,0) (2,6,3,0)","CUT|ASSEMBLE|INSPECT CUT|ASSEMBLE|INSPECT CUT|ASSEMBLE|INSPECT CUT|ASSEMBLE|INSPECT","CUT=12/32;ASSEMBLE=36/96;INSPECT=18/48 CUT=12/32;ASSEMBLE=36/96;INSPECT=18/48 CUT=12/32;ASSEMBLE=36/96;INSPECT=18/48 CUT=12/32;ASSEMBLE=36/96;INSPECT=18/48"
P1|N6|F|WORK|d100|p200,9,2550,14,"C3A0T3I3F0 C3A2T2I3F0 C3A4T1I3F0 C3A6T0I3F0","(3,6,3,0) (3,6,3,0) (3,6,3,0) (3,6,3,0)","ASSEMBLE|INSPECT ASSEMBLE|INSPECT ASSEMBLE|INSPECT ASSEMBLE|INSPECT","CUT=12/42;ASSEMBLE=36/84;INSPECT=18/42 CUT=12/42;ASSEMBLE=36/84;INSPECT=18/42 CUT=12/42;ASSEMBLE=36/84;INSPECT=18/42 CUT=12/42;ASSEMBLE=36/84;INSPECT=18/42"
P1|N6|F|WORK|d100|p200,10,3300,13,"C3A0T2I4F2 C3A2T1I4F2 C3A4T0I4F2","(3,4,4,2) (3,4,4,2) (3,4,4,2)","ASSEMBLE+INSPECT ASSEMBLE+INSPECT ASSEMBLE+INSPECT","CUT=12/39;ASSEMBLE+INSPECT=54/130 CUT=12/39;ASSEMBLE+INSPECT=54/130 CUT=12/39;ASSEMBLE+INSPECT=54/130"
P1|N12|D|UNIFORM|d75|p0,0,300,77,"C1A1T0I1F0","(1,1,1,0)","ASSEMBLE","CUT=24/77;ASSEMBLE=72/77;INSPECT=36/77"
P1|N12|D|UNIFORM|d75|p0,1,350,44,"C1A0T1I1F0","(1,2,1,0)","ASSEMBLE|INSPECT","CUT=24/44;ASSEMBLE=72/88;INSPECT=36/44"
P1|N12|D|UNIFORM|d75|p0,2,450,43,"C1A0T1I2F0","(1,2,2,0)","ASSEMBLE","CUT=24/43;ASSEMBLE=72/86;INSPECT=36/86"
P1|N12|D|UNIFORM|d75|p0,3,550,33,"C1A1T1I2F0","(1,3,2,0)","CUT|ASSEMBLE","CUT=24/33;ASSEMBLE=72/99;INSPECT=36/66"
P1|N12|D|UNIFORM|d75|p0,4,650,32,"C2A1T1I2F0","(2,3,2,0)","ASSEMBLE","CUT=24/64;ASSEMBLE=72/96;INSPECT=36/64"
P1|N12|D|UNIFORM|d75|p0,5,700,26,"C2A0T2I2F0","(2,4,2,0)","ASSEMBLE|INSPECT","CUT=24/52;ASSEMBLE=72/104;INSPECT=36/52"
P1|N12|D|UNIFORM|d75|p0,6,900,23,"C2A1T2I3F0","(2,5,3,0)","ASSEMBLE","CUT=24/46;ASSEMBLE=72/115;INSPECT=36/69"
P1|N12|D|UNIFORM|d75|p0,7,950,22,"C2A0T3I3F0","(2,6,3,0)","CUT|ASSEMBLE|INSPECT","CUT=24/44;ASSEMBLE=72/132;INSPECT=36/66"
P1|N12|D|UNIFORM|d75|p0,8,1050,20,"C3A0T3I3F0","(3,6,3,0)","ASSEMBLE|INSPECT","CUT=24/60;ASSEMBLE=72/120;INSPECT=36/60"
P1|N12|D|UNIFORM|d75|p0,9,1350,19,"C3A2T3I4F0","(3,8,4,0)","ASSEMBLE|INSPECT","CUT=24/57;ASSEMBLE=72/152;INSPECT=36/76"
P1|N12|D|UNIFORM|d75|p0,10,1450,17,"C4A2T3I4F0","(4,8,4,0)","ASSEMBLE|INSPECT","CUT=24/68;ASSEMBLE=72/136;INSPECT=36/68"
P1|N12|D|UNIFORM|d90|p0,0,300,77,"C1A1T0I1F0","(1,1,1,0)","ASSEMBLE","CUT=24/77;ASSEMBLE=72/77;INSPECT=36/77"
P1|N12|D|UNIFORM|d90|p0,1,380,44,"C1A0T1I1F0","(1,2,1,0)","ASSEMBLE|INSPECT","CUT=24/44;ASSEMBLE=72/88;INSPECT=36/44"
P1|N12|D|UNIFORM|d90|p0,2,480,43,"C1A0T1I2F0","(1,2,2,0)","ASSEMBLE","CUT=24/43;ASSEMBLE=72/86;INSPECT=36/86"
P1|N12|D|UNIFORM|d90|p0,3,580,33,"C1A1T1I2F0","(1,3,2,0)","CUT|ASSEMBLE","CUT=24/33;ASSEMBLE=72/99;INSPECT=36/66"
P1|N12|D|UNIFORM|d90|p0,4,680,32,"C2A1T1I2F0","(2,3,2,0)","ASSEMBLE","CUT=24/64;ASSEMBLE=72/96;INSPECT=36/64"
P1|N12|D|UNIFORM|d90|p0,5,760,26,"C2A0T2I2F0","(2,4,2,0)","ASSEMBLE|INSPECT","CUT=24/52;ASSEMBLE=72/104;INSPECT=36/52"
P1|N12|D|UNIFORM|d90|p0,6,960,23,"C2A1T2I3F0","(2,5,3,0)","ASSEMBLE","CUT=24/46;ASSEMBLE=72/115;INSPECT=36/69"
P1|N12|D|UNIFORM|d90|p0,7,1040,22,"C2A0T3I3F0","(2,6,3,0)","CUT|ASSEMBLE|INSPECT","CUT=24/44;ASSEMBLE=72/132;INSPECT=36/66"
P1|N12|D|UNIFORM|d90|p0,8,1140,20,"C3A0T3I3F0","(3,6,3,0)","ASSEMBLE|INSPECT","CUT=24/60;ASSEMBLE=72/120;INSPECT=36/60"
P1|N12|D|UNIFORM|d90|p0,9,1440,19,"C3A2T3I4F0","(3,8,4,0)","ASSEMBLE|INSPECT","CUT=24/57;ASSEMBLE=72/152;INSPECT=36/76"
P1|N12|D|UNIFORM|d90|p0,10,1540,17,"C4A2T3I4F0","(4,8,4,0)","ASSEMBLE|INSPECT","CUT=24/68;ASSEMBLE=72/136;INSPECT=36/68"
P1|N12|D|UNIFORM|d100|p0,0,300,77,"C1A1T0I1F0","(1,1,1,0)","ASSEMBLE","CUT=24/77;ASSEMBLE=72/77;INSPECT=36/77"
P1|N12|D|UNIFORM|d100|p0,1,400,44,"C1A0T1I1F0 C1A2T0I1F0","(1,2,1,0) (1,2,1,0)","ASSEMBLE|INSPECT ASSEMBLE|INSPECT","CUT=24/44;ASSEMBLE=72/88;INSPECT=36/44 CUT=24/44;ASSEMBLE=72/88;INSPECT=36/44"
P1|N12|D|UNIFORM|d100|p0,2,500,43,"C1A0T1I2F0 C1A2T0I2F0","(1,2,2,0) (1,2,2,0)","ASSEMBLE ASSEMBLE","CUT=24/43;ASSEMBLE=72/86;INSPECT=36/86 CUT=24/43;ASSEMBLE=72/86;INSPECT=36/86"
P1|N12|D|UNIFORM|d100|p0,3,600,33,"C1A1T1I2F0 C1A3T0I2F0","(1,3,2,0) (1,3,2,0)","CUT|ASSEMBLE CUT|ASSEMBLE","CUT=24/33;ASSEMBLE=72/99;INSPECT=36/66 CUT=24/33;ASSEMBLE=72/99;INSPECT=36/66"
P1|N12|D|UNIFORM|d100|p0,4,700,32,"C2A1T1I2F0 C2A3T0I2F0","(2,3,2,0) (2,3,2,0)","ASSEMBLE ASSEMBLE","CUT=24/64;ASSEMBLE=72/96;INSPECT=36/64 CUT=24/64;ASSEMBLE=72/96;INSPECT=36/64"
P1|N12|D|UNIFORM|d100|p0,5,800,26,"C2A0T2I2F0 C2A2T1I2F0 C2A4T0I2F0","(2,4,2,0) (2,4,2,0) (2,4,2,0)","ASSEMBLE|INSPECT ASSEMBLE|INSPECT ASSEMBLE|INSPECT","CUT=24/52;ASSEMBLE=72/104;INSPECT=36/52 CUT=24/52;ASSEMBLE=72/104;INSPECT=36/52 CUT=24/52;ASSEMBLE=72/104;INSPECT=36/52"
P1|N12|D|UNIFORM|d100|p0,6,1000,23,"C2A1T2I3F0 C2A3T1I3F0 C2A5T0I3F0","(2,5,3,0) (2,5,3,0) (2,5,3,0)","ASSEMBLE ASSEMBLE ASSEMBLE","CUT=24/46;ASSEMBLE=72/115;INSPECT=36/69 CUT=24/46;ASSEMBLE=72/115;INSPECT=36/69 CUT=24/46;ASSEMBLE=72/115;INSPECT=36/69"
P1|N12|D|UNIFORM|d100|p0,7,1100,22,"C2A0T3I3F0 C2A2T2I3F0 C2A4T1I3F0 C2A6T0I3F0","(2,6,3,0) (2,6,3,0) (2,6,3,0) (2,6,3,0)","CUT|ASSEMBLE|INSPECT CUT|ASSEMBLE|INSPECT CUT|ASSEMBLE|INSPECT CUT|ASSEMBLE|INSPECT","CUT=24/44;ASSEMBLE=72/132;INSPECT=36/66 CUT=24/44;ASSEMBLE=72/132;INSPECT=36/66 CUT=24/44;ASSEMBLE=72/132;INSPECT=36/66 CUT=24/44;ASSEMBLE=72/132;INSPECT=36/66"
P1|N12|D|UNIFORM|d100|p0,8,1200,20,"C3A0T3I3F0 C3A2T2I3F0 C3A4T1I3F0 C3A6T0I3F0","(3,6,3,0) (3,6,3,0) (3,6,3,0) (3,6,3,0)","ASSEMBLE|INSPECT ASSEMBLE|INSPECT ASSEMBLE|INSPECT ASSEMBLE|INSPECT","CUT=24/60;ASSEMBLE=72/120;INSPECT=36/60 CUT=24/60;ASSEMBLE=72/120;INSPECT=36/60 CUT=24/60;ASSEMBLE=72/120;INSPECT=36/60 CUT=24/60;ASSEMBLE=72/120;INSPECT=36/60"
P1|N12|D|UNIFORM|d100|p0,9,1500,19,"C3A2T3I4F0 C3A4T2I4F0 C3A6T1I4F0","(3,8,4,0) (3,8,4,0) (3,8,4,0)","ASSEMBLE|INSPECT ASSEMBLE|INSPECT ASSEMBLE|INSPECT","CUT=24/57;ASSEMBLE=72/152;INSPECT=36/76 CUT=24/57;ASSEMBLE=72/152;INSPECT=36/76 CUT=24/57;ASSEMBLE=72/152;INSPECT=36/76"
P1|N12|D|UNIFORM|d100|p0,10,1600,17,"C4A2T3I4F0 C4A4T2I4F0 C4A6T1I4F0","(4,8,4,0) (4,8,4,0) (4,8,4,0)","ASSEMBLE|INSPECT ASSEMBLE|INSPECT ASSEMBLE|INSPECT","CUT=24/68;ASSEMBLE=72/136;INSPECT=36/68 CUT=24/68;ASSEMBLE=72/136;INSPECT=36/68 CUT=24/68;ASSEMBLE=72/136;INSPECT=36/68"
P1|N12|D|WORK|d75|p0,0,550,77,"C1A1T0I1F0","(1,1,1,0)","ASSEMBLE","CUT=24/77;ASSEMBLE=72/77;INSPECT=36/77"
P1|N12|D|WORK|d75|p0,1,700,44,"C1A0T1I1F0","(1,2,1,0)","ASSEMBLE|INSPECT","CUT=24/44;ASSEMBLE=72/88;INSPECT=36/44"
P1|N12|D|WORK|d75|p0,2,850,43,"C1A0T1I2F0","(1,2,2,0)","ASSEMBLE","CUT=24/43;ASSEMBLE=72/86;INSPECT=36/86"
P1|N12|D|WORK|d75|p0,3,950,41,"C2A0T1I2F0","(2,2,2,0)","ASSEMBLE","CUT=24/82;ASSEMBLE=72/82;INSPECT=36/82"
P1|N12|D|WORK|d75|p0,4,1150,33,"C1A1T1I2F0","(1,3,2,0)","CUT|ASSEMBLE","CUT=24/33;ASSEMBLE=72/99;INSPECT=36/66"
P1|N12|D|WORK|d75|p0,5,1250,32,"C2A1T1I2F0","(2,3,2,0)","ASSEMBLE","CUT=24/64;ASSEMBLE=72/96;INSPECT=36/64"
P1|N12|D|WORK|d75|p0,6,1400,26,"C2A0T2I2F0","(2,4,2,0)","ASSEMBLE|INSPECT","CUT=24/52;ASSEMBLE=72/104;INSPECT=36/52"
P1|N12|D|WORK|d75|p0,7,1700,25,"C2A0T2I4F0","(2,4,4,0)","ASSEMBLE","CUT=24/50;ASSEMBLE=72/100;INSPECT=36/100"
P1|N12|D|WORK|d75|p0,8,1850,23,"C2A1T2I3F0","(2,5,3,0)","ASSEMBLE","CUT=24/46;ASSEMBLE=72/115;INSPECT=36/69"
P1|N12|D|WORK|d75|p0,9,2000,22,"C2A0T3I3F0","(2,6,3,0)","CUT|ASSEMBLE|INSPECT","CUT=24/44;ASSEMBLE=72/132;INSPECT=36/66"
P1|N12|D|WORK|d75|p0,10,2100,20,"C3A0T3I3F0","(3,6,3,0)","ASSEMBLE|INSPECT","CUT=24/60;ASSEMBLE=72/120;INSPECT=36/60"
P1|N12|D|WORK|d75|p0,11,2850,19,"C3A2T3I4F0","(3,8,4,0)","ASSEMBLE|INSPECT","CUT=24/57;ASSEMBLE=72/152;INSPECT=36/76"
P1|N12|D|WORK|d75|p0,12,2950,17,"C4A2T3I4F0","(4,8,4,0)","ASSEMBLE|INSPECT","CUT=24/68;ASSEMBLE=72/136;INSPECT=36/68"
P1|N12|D|WORK|d90|p0,0,550,77,"C1A1T0I1F0","(1,1,1,0)","ASSEMBLE","CUT=24/77;ASSEMBLE=72/77;INSPECT=36/77"
P1|N12|D|WORK|d90|p0,1,790,44,"C1A0T1I1F0","(1,2,1,0)","ASSEMBLE|INSPECT","CUT=24/44;ASSEMBLE=72/88;INSPECT=36/44"
P1|N12|D|WORK|d90|p0,2,940,43,"C1A0T1I2F0","(1,2,2,0)","ASSEMBLE","CUT=24/43;ASSEMBLE=72/86;INSPECT=36/86"
P1|N12|D|WORK|d90|p0,3,1040,41,"C2A0T1I2F0","(2,2,2,0)","ASSEMBLE","CUT=24/82;ASSEMBLE=72/82;INSPECT=36/82"
P1|N12|D|WORK|d90|p0,4,1240,33,"C1A1T1I2F0","(1,3,2,0)","CUT|ASSEMBLE","CUT=24/33;ASSEMBLE=72/99;INSPECT=36/66"
P1|N12|D|WORK|d90|p0,5,1340,32,"C2A1T1I2F0","(2,3,2,0)","ASSEMBLE","CUT=24/64;ASSEMBLE=72/96;INSPECT=36/64"
P1|N12|D|WORK|d90|p0,6,1490,31,"C2A1T1I3F0","(2,3,3,0)","ASSEMBLE","CUT=24/62;ASSEMBLE=72/93;INSPECT=36/93"
P1|N12|D|WORK|d90|p0,7,1580,26,"C2A0T2I2F0","(2,4,2,0)","ASSEMBLE|INSPECT","CUT=24/52;ASSEMBLE=72/104;INSPECT=36/52"
P1|N12|D|WORK|d90|p0,8,1880,25,"C2A0T2I4F0","(2,4,4,0)","ASSEMBLE","CUT=24/50;ASSEMBLE=72/100;INSPECT=36/100"
P1|N12|D|WORK|d90|p0,9,2030,23,"C2A1T2I3F0","(2,5,3,0)","ASSEMBLE","CUT=24/46;ASSEMBLE=72/115;INSPECT=36/69"
P1|N12|D|WORK|d90|p0,10,2270,22,"C2A0T3I3F0","(2,6,3,0)","CUT|ASSEMBLE|INSPECT","CUT=24/44;ASSEMBLE=72/132;INSPECT=36/66"
P1|N12|D|WORK|d90|p0,11,2370,20,"C3A0T3I3F0","(3,6,3,0)","ASSEMBLE|INSPECT","CUT=24/60;ASSEMBLE=72/120;INSPECT=36/60"
P1|N12|D|WORK|d90|p0,12,3120,19,"C3A2T3I4F0","(3,8,4,0)","ASSEMBLE|INSPECT","CUT=24/57;ASSEMBLE=72/152;INSPECT=36/76"
P1|N12|D|WORK|d90|p0,13,3220,17,"C4A2T3I4F0","(4,8,4,0)","ASSEMBLE|INSPECT","CUT=24/68;ASSEMBLE=72/136;INSPECT=36/68"
P1|N12|D|WORK|d100|p0,0,550,77,"C1A1T0I1F0","(1,1,1,0)","ASSEMBLE","CUT=24/77;ASSEMBLE=72/77;INSPECT=36/77"
P1|N12|D|WORK|d100|p0,1,850,44,"C1A0T1I1F0 C1A2T0I1F0","(1,2,1,0) (1,2,1,0)","ASSEMBLE|INSPECT ASSEMBLE|INSPECT","CUT=24/44;ASSEMBLE=72/88;INSPECT=36/44 CUT=24/44;ASSEMBLE=72/88;INSPECT=36/44"
P1|N12|D|WORK|d100|p0,2,1000,43,"C1A0T1I2F0 C1A2T0I2F0","(1,2,2,0) (1,2,2,0)","ASSEMBLE ASSEMBLE","CUT=24/43;ASSEMBLE=72/86;INSPECT=36/86 CUT=24/43;ASSEMBLE=72/86;INSPECT=36/86"
P1|N12|D|WORK|d100|p0,3,1100,41,"C2A0T1I2F0 C2A2T0I2F0","(2,2,2,0) (2,2,2,0)","ASSEMBLE ASSEMBLE","CUT=24/82;ASSEMBLE=72/82;INSPECT=36/82 CUT=24/82;ASSEMBLE=72/82;INSPECT=36/82"
P1|N12|D|WORK|d100|p0,4,1300,33,"C1A1T1I2F0 C1A3T0I2F0","(1,3,2,0) (1,3,2,0)","CUT|ASSEMBLE CUT|ASSEMBLE","CUT=24/33;ASSEMBLE=72/99;INSPECT=36/66 CUT=24/33;ASSEMBLE=72/99;INSPECT=36/66"
P1|N12|D|WORK|d100|p0,5,1400,32,"C2A1T1I2F0 C2A3T0I2F0","(2,3,2,0) (2,3,2,0)","ASSEMBLE ASSEMBLE","CUT=24/64;ASSEMBLE=72/96;INSPECT=36/64 CUT=24/64;ASSEMBLE=72/96;INSPECT=36/64"
P1|N12|D|WORK|d100|p0,6,1550,31,"C2A1T1I3F0 C2A3T0I3F0","(2,3,3,0) (2,3,3,0)","ASSEMBLE ASSEMBLE","CUT=24/62;ASSEMBLE=72/93;INSPECT=36/93 CUT=24/62;ASSEMBLE=72/93;INSPECT=36/93"
P1|N12|D|WORK|d100|p0,7,1650,29,"C3A1T1I3F0 C3A3T0I3F0","(3,3,3,0) (3,3,3,0)","ASSEMBLE ASSEMBLE","CUT=24/87;ASSEMBLE=72/87;INSPECT=36/87 CUT=24/87;ASSEMBLE=72/87;INSPECT=36/87"
P1|N12|D|WORK|d100|p0,8,1700,26,"C2A0T2I2F0 C2A2T1I2F0 C2A4T0I2F0","(2,4,2,0) (2,4,2,0) (2,4,2,0)","ASSEMBLE|INSPECT ASSEMBLE|INSPECT ASSEMBLE|INSPECT","CUT=24/52;ASSEMBLE=72/104;INSPECT=36/52 CUT=24/52;ASSEMBLE=72/104;INSPECT=36/52 CUT=24/52;ASSEMBLE=72/104;INSPECT=36/52"
P1|N12|D|WORK|d100|p0,9,2000,25,"C2A0T2I4F0 C2A2T1I4F0 C2A4T0I4F0","(2,4,4,0) (2,4,4,0) (2,4,4,0)","ASSEMBLE ASSEMBLE ASSEMBLE","CUT=24/50;ASSEMBLE=72/100;INSPECT=36/100 CUT=24/50;ASSEMBLE=72/100;INSPECT=36/100 CUT=24/50;ASSEMBLE=72/100;INSPECT=36/100"
P1|N12|D|WORK|d100|p0,10,2150,23,"C2A1T2I3F0 C2A3T1I3F0 C2A5T0I3F0","(2,5,3,0) (2,5,3,0) (2,5,3,0)","ASSEMBLE ASSEMBLE ASSEMBLE","CUT=24/46;ASSEMBLE=72/115;INSPECT=36/69 CUT=24/46;ASSEMBLE=72/115;INSPECT=36/69 CUT=24/46;ASSEMBLE=72/115;INSPECT=36/69"
P1|N12|D|WORK|d100|p0,11,2450,22,"C2A0T3I3F0 C2A2T2I3F0 C2A4T1I3F0 C2A6T0I3F0","(2,6,3,0) (2,6,3,0) (2,6,3,0) (2,6,3,0)","CUT|ASSEMBLE|INSPECT CUT|ASSEMBLE|INSPECT CUT|ASSEMBLE|INSPECT CUT|ASSEMBLE|INSPECT","CUT=24/44;ASSEMBLE=72/132;INSPECT=36/66 CUT=24/44;ASSEMBLE=72/132;INSPECT=36/66 CUT=24/44;ASSEMBLE=72/132;INSPECT=36/66 CUT=24/44;ASSEMBLE=72/132;INSPECT=36/66"
P1|N12|D|WORK|d100|p0,12,2550,20,"C3A0T3I3F0 C3A2T2I3F0 C3A4T1I3F0 C3A6T0I3F0","(3,6,3,0) (3,6,3,0) (3,6,3,0) (3,6,3,0)","ASSEMBLE|INSPECT ASSEMBLE|INSPECT ASSEMBLE|INSPECT ASSEMBLE|INSPECT","CUT=24/60;ASSEMBLE=72/120;INSPECT=36/60 CUT=24/60;ASSEMBLE=72/120;INSPECT=36/60 CUT=24/60;ASSEMBLE=72/120;INSPECT=36/60 CUT=24/60;ASSEMBLE=72/120;INSPECT=36/60"
P1|N12|D|WORK|d100|p0,13,3300,19,"C3A2T3I4F0 C3A4T2I4F0 C3A6T1I4F0","(3,8,4,0) (3,8,4,0) (3,8,4,0)","ASSEMBLE|INSPECT ASSEMBLE|INSPECT ASSEMBLE|INSPECT","CUT=24/57;ASSEMBLE=72/152;INSPECT=36/76 CUT=24/57;ASSEMBLE=72/152;INSPECT=36/76 CUT=24/57;ASSEMBLE=72/152;INSPECT=36/76"
P1|N12|D|WORK|d100|p0,14,3400,17,"C4A2T3I4F0 C4A4T2I4F0 C4A6T1I4F0","(4,8,4,0) (4,8,4,0) (4,8,4,0)","ASSEMBLE|INSPECT ASSEMBLE|INSPECT ASSEMBLE|INSPECT","CUT=24/68;ASSEMBLE=72/136;INSPECT=36/68 CUT=24/68;ASSEMBLE=72/136;INSPECT=36/68 CUT=24/68;ASSEMBLE=72/136;INSPECT=36/68"
P1|N12|F|UNIFORM|d75|p100,0,200,110,"C1A0T0I0F1","(1,0,0,1)","ASSEMBLE+INSPECT","CUT=24/110;ASSEMBLE+INSPECT=108/110"
P1|N12|F|UNIFORM|d75|p100,1,300,58,"C1A0T0I0F2","(1,0,0,2)","ASSEMBLE+INSPECT","CUT=24/58;ASSEMBLE+INSPECT=108/116"
P1|N12|F|UNIFORM|d75|p100,2,350,44,"C1A0T1I1F0","(1,2,1,0)","ASSEMBLE|INSPECT","CUT=24/44;ASSEMBLE=72/88;INSPECT=36/44"
P1|N12|F|UNIFORM|d75|p100,3,400,42,"C1A0T0I0F3 C1A1T0I0F2","(1,0,0,3) (1,1,0,2)","ASSEMBLE+INSPECT ASSEMBLE+INSPECT","CUT=24/42;ASSEMBLE+INSPECT=108/126 CUT=24/42;ASSEMBLE+INSPECT=108/126"
P1|N12|F|UNIFORM|d75|p100,4,450,35,"C1A0T1I0F2 C1A0T1I1F1","(1,2,0,2) (1,2,1,1)","ASSEMBLE+INSPECT ASSEMBLE+INSPECT","CUT=24/35;ASSEMBLE+INSPECT=108/140 CUT=24/35;ASSEMBLE+INSPECT=108/140"
P1|N12|F|UNIFORM|d75|p100,5,550,33,"C1A0T1I0F3 C1A0T1I1F2 C1A0T1I2F1 C1A1T1I0F2 C1A1T1I1F1 C1A1T1I2F0","(1,2,0,3) (1,2,1,2) (1,2,2,1) (1,3,0,2) (1,3,1,1) (1,3,2,0)","CUT CUT CUT CUT CUT CUT|ASSEMBLE","CUT=24/33;ASSEMBLE+INSPECT=108/165 CUT=24/33;ASSEMBLE+INSPECT=108/165 CUT=24/33;ASSEMBLE+INSPECT=108/165 CUT=24/33;ASSEMBLE+INSPECT=108/165 CUT=24/33;ASSEMBLE+INSPECT=108/165 CUT=24/33;ASSEMBLE=72/99;INSPECT=36/66"
P1|N12|F|UNIFORM|d75|p100,6,600,32,"C2A1T0I0F3","(2,1,0,3)","ASSEMBLE+INSPECT","CUT=24/64;ASSEMBLE+INSPECT=108/128"
P1|N12|F|UNIFORM|d75|p100,7,650,29,"C2A0T1I1F2","(2,2,1,2)","ASSEMBLE+INSPECT","CUT=24/58;ASSEMBLE+INSPECT=108/145"
P1|N12|F|UNIFORM|d75|p100,8,700,26,"C2A0T2I2F0","(2,4,2,0)","ASSEMBLE|INSPECT","CUT=24/52;ASSEMBLE=72/104;INSPECT=36/52"
P1|N12|F|UNIFORM|d75|p100,9,750,25,"C2A0T1I1F3 C2A1T1I0F3","(2,2,1,3) (2,3,0,3)","ASSEMBLE+INSPECT ASSEMBLE+INSPECT","CUT=24/50;ASSEMBLE+INSPECT=108/150 CUT=24/50;ASSEMBLE+INSPECT=108/150"
P1|N12|F|UNIFORM|d75|p100,10,800,24,"C2A0T2I0F3 C2A0T2I1F2 C2A0T2I2F1","(2,4,0,3) (2,4,1,2) (2,4,2,1)","ASSEMBLE+INSPECT ASSEMBLE+INSPECT ASSEMBLE+INSPECT","CUT=24/48;ASSEMBLE+INSPECT=108/168 CUT=24/48;ASSEMBLE+INSPECT=108/168 CUT=24/48;ASSEMBLE+INSPECT=108/168"
P1|N12|F|UNIFORM|d75|p100,11,850,23,"C2A0T1I2F3 C2A1T1I2F2 C3A0T1I1F3 C3A1T1I0F3","(2,2,2,3) (2,3,2,2) (3,2,1,3) (3,3,0,3)","ASSEMBLE+INSPECT ASSEMBLE+INSPECT ASSEMBLE+INSPECT ASSEMBLE+INSPECT","CUT=24/46;ASSEMBLE+INSPECT=108/161 CUT=24/46;ASSEMBLE+INSPECT=108/161 CUT=24/69;ASSEMBLE+INSPECT=108/138 CUT=24/69;ASSEMBLE+INSPECT=108/138"
P1|N12|F|UNIFORM|d75|p100,12,950,22,"C2A0T3I0F3 C2A0T3I1F2 C2A0T3I2F1 C2A0T3I3F0","(2,6,0,3) (2,6,1,2) (2,6,2,1) (2,6,3,0)","CUT|ASSEMBLE+INSPECT CUT|ASSEMBLE+INSPECT CUT|ASSEMBLE+INSPECT CUT|ASSEMBLE|INSPECT","CUT=24/44;ASSEMBLE+INSPECT=108/198 CUT=24/44;ASSEMBLE+INSPECT=108/198 CUT=24/44;ASSEMBLE+INSPECT=108/198 CUT=24/44;ASSEMBLE=72/132;INSPECT=36/66"
P1|N12|F|UNIFORM|d75|p100,13,1050,20,"C3A0T3I3F0","(3,6,3,0)","ASSEMBLE|INSPECT","CUT=24/60;ASSEMBLE=72/120;INSPECT=36/60"
P1|N12|F|UNIFORM|d75|p100,14,1200,19,"C3A1T2I2F3 C3A1T2I3F2 C4A1T2I1F3","(3,5,2,3) (3,5,3,2) (4,5,1,3)","ASSEMBLE+INSPECT ASSEMBLE+INSPECT ASSEMBLE+INSPECT","CUT=24/57;ASSEMBLE+INSPECT=108/190 CUT=24/57;ASSEMBLE+INSPECT=108/190 CUT=24/76;ASSEMBLE+INSPECT=108/171"
P1|N12|F|UNIFORM|d75|p100,15,1250,18,"C3A0T3I2F3","(3,6,2,3)","ASSEMBLE+INSPECT","CUT=24/54;ASSEMBLE+INSPECT=108/198"
P1|N12|F|UNIFORM|d75|p100,16,1300,17,"C4A1T2I2F3","(4,5,2,3)","ASSEMBLE+INSPECT","CUT=24/68;ASSEMBLE+INSPECT=108/170"
P1|N12|F|UNIFORM|d75|p100,17,1950,16,"C4A4T3I4F3","(4,10,4,3)","ASSEMBLE+INSPECT","CUT=24/64;ASSEMBLE+INSPECT=108/272"
P1|N12|F|UNIFORM|d75|p125,0,225,110,"C1A0T0I0F1","(1,0,0,1)","ASSEMBLE+INSPECT","CUT=24/110;ASSEMBLE+INSPECT=108/110"
P1|N12|F|UNIFORM|d75|p125,1,300,77,"C1A1T0I1F0","(1,1,1,0)","ASSEMBLE","CUT=24/77;ASSEMBLE=72/77;INSPECT=36/77"
P1|N12|F|UNIFORM|d75|p125,2,325,59,"C1A1T0I0F1","(1,1,0,1)","ASSEMBLE+INSPECT","CUT=24/59;ASSEMBLE+INSPECT=108/118"
P1|N12|F|UNIFORM|d75|p125,3,350,44,"C1A0T1I1F0","(1,2,1,0)","ASSEMBLE|INSPECT","CUT=24/44;ASSEMBLE=72/88;INSPECT=36/44"
P1|N12|F|UNIFORM|d75|p125,4,450,42,"C1A1T0I0F2","(1,1,0,2)","ASSEMBLE+INSPECT","CUT=24/42;ASSEMBLE+INSPECT=108/126"
P1|N12|F|UNIFORM|d75|p125,5,475,35,"C1A0T1I1F1","(1,2,1,1)","ASSEMBLE+INSPECT","CUT=24/35;ASSEMBLE+INSPECT=108/140"
P1|N12|F|UNIFORM|d75|p125,6,550,33,"C1A1T1I2F0","(1,3,2,0)","CUT|ASSEMBLE","CUT=24/33;ASSEMBLE=72/99;INSPECT=36/66"
P1|N12|F|UNIFORM|d75|p125,7,650,32,"C2A1T1I2F0","(2,3,2,0)","ASSEMBLE","CUT=24/64;ASSEMBLE=72/96;INSPECT=36/64"
P1|N12|F|UNIFORM|d75|p125,8,675,31,"C2A1T1I1F1","(2,3,1,1)","ASSEMBLE+INSPECT","CUT=24/62;ASSEMBLE+INSPECT=108/155"
P1|N12|F|UNIFORM|d75|p125,9,700,26,"C2A0T2I2F0","(2,4,2,0)","ASSEMBLE|INSPECT","CUT=24/52;ASSEMBLE=72/104;INSPECT=36/52"
P1|N12|F|UNIFORM|d75|p125,10,825,24,"C2A0T2I2F1","(2,4,2,1)","ASSEMBLE+INSPECT","CUT=24/48;ASSEMBLE+INSPECT=108/168"
P1|N12|F|UNIFORM|d75|p125,11,900,23,"C2A1T1I2F2 C2A1T2I3F0","(2,3,2,2) (2,5,3,0)","ASSEMBLE+INSPECT ASSEMBLE","CUT=24/46;ASSEMBLE+INSPECT=108/161 CUT=24/46;ASSEMBLE=72/115;INSPECT=36/69"
P1|N12|F|UNIFORM|d75|p125,12,950,22,"C2A0T3I3F0","(2,6,3,0)","CUT|ASSEMBLE|INSPECT","CUT=24/44;ASSEMBLE=72/132;INSPECT=36/66"
P1|N12|F|UNIFORM|d75|p125,13,1050,20,"C3A0T3I3F0","(3,6,3,0)","ASSEMBLE|INSPECT","CUT=24/60;ASSEMBLE=72/120;INSPECT=36/60"
P1|N12|F|UNIFORM|d75|p125,14,1250,19,"C3A1T2I3F2","(3,5,3,2)","ASSEMBLE+INSPECT","CUT=24/57;ASSEMBLE+INSPECT=108/190"
P1|N12|F|UNIFORM|d75|p125,15,1325,18,"C3A0T3I2F3","(3,6,2,3)","ASSEMBLE+INSPECT","CUT=24/54;ASSEMBLE+INSPECT=108/198"
P1|N12|F|UNIFORM|d75|p125,16,1375,17,"C4A1T2I2F3","(4,5,2,3)","ASSEMBLE+INSPECT","CUT=24/68;ASSEMBLE+INSPECT=108/170"
P1|N12|F|UNIFORM|d75|p125,17,2025,16,"C4A4T3I4F3","(4,10,4,3)","ASSEMBLE+INSPECT","CUT=24/64;ASSEMBLE+INSPECT=108/272"
P1|N12|F|UNIFORM|d75|p150,0,250,110,"C1A0T0I0F1","(1,0,0,1)","ASSEMBLE+INSPECT","CUT=24/110;ASSEMBLE+INSPECT=108/110"
P1|N12|F|UNIFORM|d75|p150,1,300,77,"C1A1T0I1F0","(1,1,1,0)","ASSEMBLE","CUT=24/77;ASSEMBLE=72/77;INSPECT=36/77"
P1|N12|F|UNIFORM|d75|p150,2,350,44,"C1A0T1I1F0","(1,2,1,0)","ASSEMBLE|INSPECT","CUT=24/44;ASSEMBLE=72/88;INSPECT=36/44"
P1|N12|F|UNIFORM|d75|p150,3,450,43,"C1A0T1I2F0","(1,2,2,0)","ASSEMBLE","CUT=24/43;ASSEMBLE=72/86;INSPECT=36/86"
P1|N12|F|UNIFORM|d75|p150,4,500,35,"C1A0T1I1F1","(1,2,1,1)","ASSEMBLE+INSPECT","CUT=24/35;ASSEMBLE+INSPECT=108/140"
P1|N12|F|UNIFORM|d75|p150,5,550,33,"C1A1T1I2F0","(1,3,2,0)","CUT|ASSEMBLE","CUT=24/33;ASSEMBLE=72/99;INSPECT=36/66"
P1|N12|F|UNIFORM|d75|p150,6,650,32,"C2A1T1I2F0","(2,3,2,0)","ASSEMBLE","CUT=24/64;ASSEMBLE=72/96;INSPECT=36/64"
P1|N12|F|UNIFORM|d75|p150,7,700,26,"C2A0T2I2F0","(2,4,2,0)","ASSEMBLE|INSPECT","CUT=24/52;ASSEMBLE=72/104;INSPECT=36/52"
P1|N12|F|UNIFORM|d75|p150,8,850,24,"C2A0T2I2F1","(2,4,2,1)","ASSEMBLE+INSPECT","CUT=24/48;ASSEMBLE+INSPECT=108/168"
P1|N12|F|UNIFORM|d75|p150,9,900,23,"C2A1T2I3F0","(2,5,3,0)","ASSEMBLE","CUT=24/46;ASSEMBLE=72/115;INSPECT=36/69"
P1|N12|F|UNIFORM|d75|p150,10,950,22,"C2A0T3I3F0","(2,6,3,0)","CUT|ASSEMBLE|INSPECT","CUT=24/44;ASSEMBLE=72/132;INSPECT=36/66"
P1|N12|F|UNIFORM|d75|p150,11,1050,20,"C3A0T3I3F0","(3,6,3,0)","ASSEMBLE|INSPECT","CUT=24/60;ASSEMBLE=72/120;INSPECT=36/60"
P1|N12|F|UNIFORM|d75|p150,12,1300,19,"C3A0T3I4F1 C3A1T2I3F2","(3,6,4,1) (3,5,3,2)","ASSEMBLE+INSPECT ASSEMBLE+INSPECT","CUT=24/57;ASSEMBLE+INSPECT=108/209 CUT=24/57;ASSEMBLE+INSPECT=108/190"
P1|N12|F|UNIFORM|d75|p150,13,1400,18,"C3A0T3I2F3","(3,6,2,3)","ASSEMBLE+INSPECT","CUT=24/54;ASSEMBLE+INSPECT=108/198"
P1|N12|F|UNIFORM|d75|p150,14,1450,17,"C4A0T3I3F2 C4A1T2I2F3 C4A2T3I4F0","(4,6,3,2) (4,5,2,3) (4,8,4,0)","ASSEMBLE+INSPECT ASSEMBLE+INSPECT ASSEMBLE|INSPECT","CUT=24/68;ASSEMBLE+INSPECT=108/187 CUT=24/68;ASSEMBLE+INSPECT=108/170 CUT=24/68;ASSEMBLE=72/136;INSPECT=36/68"
P1|N12|F|UNIFORM|d75|p150,15,2100,16,"C4A4T3I4F3","(4,10,4,3)","ASSEMBLE+INSPECT","CUT=24/64;ASSEMBLE+INSPECT=108/272"
P1|N12|F|UNIFORM|d75|p200,0,300,77,"C1A1T0I1F0","(1,1,1,0)","ASSEMBLE","CUT=24/77;ASSEMBLE=72/77;INSPECT=36/77"
P1|N12|F|UNIFORM|d75|p200,1,350,44,"C1A0T1I1F0","(1,2,1,0)","ASSEMBLE|INSPECT","CUT=24/44;ASSEMBLE=72/88;INSPECT=36/44"
P1|N12|F|UNIFORM|d75|p200,2,450,43,"C1A0T1I2F0","(1,2,2,0)","ASSEMBLE","CUT=24/43;ASSEMBLE=72/86;INSPECT=36/86"
P1|N12|F|UNIFORM|d75|p200,3,550,33,"C1A1T1I2F0","(1,3,2,0)","CUT|ASSEMBLE","CUT=24/33;ASSEMBLE=72/99;INSPECT=36/66"
P1|N12|F|UNIFORM|d75|p200,4,650,32,"C2A1T1I2F0","(2,3,2,0)","ASSEMBLE","CUT=24/64;ASSEMBLE=72/96;INSPECT=36/64"
P1|N12|F|UNIFORM|d75|p200,5,700,26,"C2A0T2I2F0","(2,4,2,0)","ASSEMBLE|INSPECT","CUT=24/52;ASSEMBLE=72/104;INSPECT=36/52"
P1|N12|F|UNIFORM|d75|p200,6,900,23,"C2A1T2I3F0","(2,5,3,0)","ASSEMBLE","CUT=24/46;ASSEMBLE=72/115;INSPECT=36/69"
P1|N12|F|UNIFORM|d75|p200,7,950,22,"C2A0T3I3F0","(2,6,3,0)","CUT|ASSEMBLE|INSPECT","CUT=24/44;ASSEMBLE=72/132;INSPECT=36/66"
P1|N12|F|UNIFORM|d75|p200,8,1050,20,"C3A0T3I3F0","(3,6,3,0)","ASSEMBLE|INSPECT","CUT=24/60;ASSEMBLE=72/120;INSPECT=36/60"
P1|N12|F|UNIFORM|d75|p200,9,1350,19,"C3A0T3I4F1 C3A2T3I4F0","(3,6,4,1) (3,8,4,0)","ASSEMBLE+INSPECT ASSEMBLE|INSPECT","CUT=24/57;ASSEMBLE+INSPECT=108/209 CUT=24/57;ASSEMBLE=72/152;INSPECT=36/76"
P1|N12|F|UNIFORM|d75|p200,10,1450,17,"C4A2T3I4F0","(4,8,4,0)","ASSEMBLE|INSPECT","CUT=24/68;ASSEMBLE=72/136;INSPECT=36/68"
P1|N12|F|UNIFORM|d75|p200,11,2250,16,"C4A4T3I4F3 C4A6T3I4F2","(4,10,4,3) (4,12,4,2)","ASSEMBLE+INSPECT CUT|ASSEMBLE+INSPECT","CUT=24/64;ASSEMBLE+INSPECT=108/272 CUT=24/64;ASSEMBLE+INSPECT=108/288"
P1|N12|F|UNIFORM|d90|p100,0,200,110,"C1A0T0I0F1","(1,0,0,1)","ASSEMBLE+INSPECT","CUT=24/110;ASSEMBLE+INSPECT=108/110"
P1|N12|F|UNIFORM|d90|p100,1,300,58,"C1A0T0I0F2","(1,0,0,2)","ASSEMBLE+INSPECT","CUT=24/58;ASSEMBLE+INSPECT=108/116"
P1|N12|F|UNIFORM|d90|p100,2,380,44,"C1A0T1I1F0","(1,2,1,0)","ASSEMBLE|INSPECT","CUT=24/44;ASSEMBLE=72/88;INSPECT=36/44"
P1|N12|F|UNIFORM|d90|p100,3,400,42,"C1A0T0I0F3 C1A1T0I0F2","(1,0,0,3) (1,1,0,2)","ASSEMBLE+INSPECT ASSEMBLE+INSPECT","CUT=24/42;ASSEMBLE+INSPECT=108/126 CUT=24/42;ASSEMBLE+INSPECT=108/126"
P1|N12|F|UNIFORM|d90|p100,4,480,35,"C1A0T1I0F2 C1A0T1I1F1","(1,2,0,2) (1,2,1,1)","ASSEMBLE+INSPECT ASSEMBLE+INSPECT","CUT=24/35;ASSEMBLE+INSPECT=108/140 CUT=24/35;ASSEMBLE+INSPECT=108/140"
P1|N12|F|UNIFORM|d90|p100,5,580,33,"C1A0T1I0F3 C1A0T1I1F2 C1A0T1I2F1 C1A1T1I0F2 C1A1T1I1F1 C1A1T1I2F0","(1,2,0,3) (1,2,1,2) (1,2,2,1) (1,3,0,2) (1,3,1,1) (1,3,2,0)","CUT CUT CUT CUT CUT CUT|ASSEMBLE","CUT=24/33;ASSEMBLE+INSPECT=108/165 CUT=24/33;ASSEMBLE+INSPECT=108/165 CUT=24/33;ASSEMBLE+INSPECT=108/165 CUT=24/33;ASSEMBLE+INSPECT=108/165 CUT=24/33;ASSEMBLE+INSPECT=108/165 CUT=24/33;ASSEMBLE=72/99;INSPECT=36/66"
P1|N12|F|UNIFORM|d90|p100,6,600,32,"C2A1T0I0F3","(2,1,0,3)","ASSEMBLE+INSPECT","CUT=24/64;ASSEMBLE+INSPECT=108/128"
P1|N12|F|UNIFORM|d90|p100,7,680,29,"C2A0T1I1F2","(2,2,1,2)","ASSEMBLE+INSPECT","CUT=24/58;ASSEMBLE+INSPECT=108/145"
P1|N12|F|UNIFORM|d90|p100,8,760,26,"C2A0T2I2F0","(2,4,2,0)","ASSEMBLE|INSPECT","CUT=24/52;ASSEMBLE=72/104;INSPECT=36/52"
P1|N12|F|UNIFORM|d90|p100,9,780,25,"C2A0T1I1F3 C2A1T1I0F3","(2,2,1,3) (2,3,0,3)","ASSEMBLE+INSPECT ASSEMBLE+INSPECT","CUT=24/50;ASSEMBLE+INSPECT=108/150 CUT=24/50;ASSEMBLE+INSPECT=108/150"
P1|N12|F|UNIFORM|d90|p100,10,860,24,"C2A0T2I0F3 C2A0T2I1F2 C2A0T2I2F1","(2,4,0,3) (2,4,1,2) (2,4,2,1)","ASSEMBLE+INSPECT ASSEMBLE+INSPECT ASSEMBLE+INSPECT","CUT=24/48;ASSEMBLE+INSPECT=108/168 CUT=24/48;ASSEMBLE+INSPECT=108/168 CUT=24/48;ASSEMBLE+INSPECT=108/168"
P1|N12|F|UNIFORM|d90|p100,11,880,23,"C2A0T1I2F3 C2A1T1I2F2 C3A0T1I1F3 C3A1T1I0F3","(2,2,2,3) (2,3,2,2) (3,2,1,3) (3,3,0,3)","ASSEMBLE+INSPECT ASSEMBLE+INSPECT ASSEMBLE+INSPECT ASSEMBLE+INSPECT","CUT=24/46;ASSEMBLE+INSPECT=108/161 CUT=24/46;ASSEMBLE+INSPECT=108/161 CUT=24/69;ASSEMBLE+INSPECT=108/138 CUT=24/69;ASSEMBLE+INSPECT=108/138"
P1|N12|F|UNIFORM|d90|p100,12,1040,22,"C2A0T3I0F3 C2A0T3I1F2 C2A0T3I2F1 C2A0T3I3F0","(2,6,0,3) (2,6,1,2) (2,6,2,1) (2,6,3,0)","CUT|ASSEMBLE+INSPECT CUT|ASSEMBLE+INSPECT CUT|ASSEMBLE+INSPECT CUT|ASSEMBLE|INSPECT","CUT=24/44;ASSEMBLE+INSPECT=108/198 CUT=24/44;ASSEMBLE+INSPECT=108/198 CUT=24/44;ASSEMBLE+INSPECT=108/198 CUT=24/44;ASSEMBLE=72/132;INSPECT=36/66"
P1|N12|F|UNIFORM|d90|p100,13,1140,20,"C3A0T3I3F0","(3,6,3,0)","ASSEMBLE|INSPECT","CUT=24/60;ASSEMBLE=72/120;INSPECT=36/60"
P1|N12|F|UNIFORM|d90|p100,14,1260,19,"C3A1T2I2F3 C3A1T2I3F2 C4A1T2I1F3","(3,5,2,3) (3,5,3,2) (4,5,1,3)","ASSEMBLE+INSPECT ASSEMBLE+INSPECT ASSEMBLE+INSPECT","CUT=24/57;ASSEMBLE+INSPECT=108/190 CUT=24/57;ASSEMBLE+INSPECT=108/190 CUT=24/76;ASSEMBLE+INSPECT=108/171"
P1|N12|F|UNIFORM|d90|p100,15,1340,18,"C3A0T3I2F3","(3,6,2,3)","ASSEMBLE+INSPECT","CUT=24/54;ASSEMBLE+INSPECT=108/198"
P1|N12|F|UNIFORM|d90|p100,16,1360,17,"C4A1T2I2F3","(4,5,2,3)","ASSEMBLE+INSPECT","CUT=24/68;ASSEMBLE+INSPECT=108/170"
P1|N12|F|UNIFORM|d90|p100,17,2040,16,"C4A4T3I4F3","(4,10,4,3)","ASSEMBLE+INSPECT","CUT=24/64;ASSEMBLE+INSPECT=108/272"
P1|N12|F|UNIFORM|d90|p125,0,225,110,"C1A0T0I0F1","(1,0,0,1)","ASSEMBLE+INSPECT","CUT=24/110;ASSEMBLE+INSPECT=108/110"
P1|N12|F|UNIFORM|d90|p125,1,300,77,"C1A1T0I1F0","(1,1,1,0)","ASSEMBLE","CUT=24/77;ASSEMBLE=72/77;INSPECT=36/77"
P1|N12|F|UNIFORM|d90|p125,2,325,59,"C1A1T0I0F1","(1,1,0,1)","ASSEMBLE+INSPECT","CUT=24/59;ASSEMBLE+INSPECT=108/118"
P1|N12|F|UNIFORM|d90|p125,3,350,58,"C1A0T0I0F2","(1,0,0,2)","ASSEMBLE+INSPECT","CUT=24/58;ASSEMBLE+INSPECT=108/116"
P1|N12|F|UNIFORM|d90|p125,4,380,44,"C1A0T1I1F0","(1,2,1,0)","ASSEMBLE|INSPECT","CUT=24/44;ASSEMBLE=72/88;INSPECT=36/44"
P1|N12|F|UNIFORM|d90|p125,5,450,42,"C1A1T0I0F2","(1,1,0,2)","ASSEMBLE+INSPECT","CUT=24/42;ASSEMBLE+INSPECT=108/126"
P1|N12|F|UNIFORM|d90|p125,6,505,35,"C1A0T1I1F1","(1,2,1,1)","ASSEMBLE+INSPECT","CUT=24/35;ASSEMBLE+INSPECT=108/140"
P1|N12|F|UNIFORM|d90|p125,7,580,33,"C1A1T1I2F0","(1,3,2,0)","CUT|ASSEMBLE","CUT=24/33;ASSEMBLE=72/99;INSPECT=36/66"
P1|N12|F|UNIFORM|d90|p125,8,675,32,"C2A1T0I0F3","(2,1,0,3)","ASSEMBLE+INSPECT","CUT=24/64;ASSEMBLE+INSPECT=108/128"
P1|N12|F|UNIFORM|d90|p125,9,705,31,"C2A1T1I1F1","(2,3,1,1)","ASSEMBLE+INSPECT","CUT=24/62;ASSEMBLE+INSPECT=108/155"
P1|N12|F|UNIFORM|d90|p125,10,730,29,"C2A0T1I1F2","(2,2,1,2)","ASSEMBLE+INSPECT","CUT=24/58;ASSEMBLE+INSPECT=108/145"
P1|N12|F|UNIFORM|d90|p125,11,760,26,"C2A0T2I2F0","(2,4,2,0)","ASSEMBLE|INSPECT","CUT=24/52;ASSEMBLE=72/104;INSPECT=36/52"
P1|N12|F|UNIFORM|d90|p125,12,855,25,"C2A0T1I1F3 C2A1T1I0F3","(2,2,1,3) (2,3,0,3)","ASSEMBLE+INSPECT ASSEMBLE+INSPECT","CUT=24/50;ASSEMBLE+INSPECT=108/150 CUT=24/50;ASSEMBLE+INSPECT=108/150"
P1|N12|F|UNIFORM|d90|p125,13,885,24,"C2A0T2I2F1","(2,4,2,1)","ASSEMBLE+INSPECT","CUT=24/48;ASSEMBLE+INSPECT=108/168"
P1|N12|F|UNIFORM|d90|p125,14,930,23,"C2A1T1I2F2","(2,3,2,2)","ASSEMBLE+INSPECT","CUT=24/46;ASSEMBLE+INSPECT=108/161"
P1|N12|F|UNIFORM|d90|p125,15,1040,22,"C2A0T3I3F0","(2,6,3,0)","CUT|ASSEMBLE|INSPECT","CUT=24/44;ASSEMBLE=72/132;INSPECT=36/66"
P1|N12|F|UNIFORM|d90|p125,16,1140,20,"C3A0T3I3F0","(3,6,3,0)","ASSEMBLE|INSPECT","CUT=24/60;ASSEMBLE=72/120;INSPECT=36/60"
P1|N12|F|UNIFORM|d90|p125,17,1310,19,"C3A1T2I3F2","(3,5,3,2)","ASSEMBLE+INSPECT","CUT=24/57;ASSEMBLE+INSPECT=108/190"
P1|N12|F|UNIFORM|d90|p125,18,1415,18,"C3A0T3I2F3","(3,6,2,3)","ASSEMBLE+INSPECT","CUT=24/54;ASSEMBLE+INSPECT=108/198"
P1|N12|F|UNIFORM|d90|p125,19,1435,17,"C4A1T2I2F3","(4,5,2,3)","ASSEMBLE+INSPECT","CUT=24/68;ASSEMBLE+INSPECT=108/170"
P1|N12|F|UNIFORM|d90|p125,20,2115,16,"C4A4T3I4F3","(4,10,4,3)","ASSEMBLE+INSPECT","CUT=24/64;ASSEMBLE+INSPECT=108/272"
P1|N12|F|UNIFORM|d90|p150,0,250,110,"C1A0T0I0F1","(1,0,0,1)","ASSEMBLE+INSPECT","CUT=24/110;ASSEMBLE+INSPECT=108/110"
P1|N12|F|UNIFORM|d90|p150,1,300,77,"C1A1T0I1F0","(1,1,1,0)","ASSEMBLE","CUT=24/77;ASSEMBLE=72/77;INSPECT=36/77"
P1|N12|F|UNIFORM|d90|p150,2,350,59,"C1A1T0I0F1","(1,1,0,1)","ASSEMBLE+INSPECT","CUT=24/59;ASSEMBLE+INSPECT=108/118"
P1|N12|F|UNIFORM|d90|p150,3,380,44,"C1A0T1I1F0","(1,2,1,0)","ASSEMBLE|INSPECT","CUT=24/44;ASSEMBLE=72/88;INSPECT=36/44"
P1|N12|F|UNIFORM|d90|p150,4,480,43,"C1A0T1I2F0","(1,2,2,0)","ASSEMBLE","CUT=24/43;ASSEMBLE=72/86;INSPECT=36/86"
P1|N12|F|UNIFORM|d90|p150,5,500,42,"C1A1T0I0F2","(1,1,0,2)","ASSEMBLE+INSPECT","CUT=24/42;ASSEMBLE+INSPECT=108/126"
P1|N12|F|UNIFORM|d90|p150,6,530,35,"C1A0T1I1F1","(1,2,1,1)","ASSEMBLE+INSPECT","CUT=24/35;ASSEMBLE+INSPECT=108/140"
P1|N12|F|UNIFORM|d90|p150,7,580,33,"C1A1T1I2F0","(1,3,2,0)","CUT|ASSEMBLE","CUT=24/33;ASSEMBLE=72/99;INSPECT=36/66"
P1|N12|F|UNIFORM|d90|p150,8,680,32,"C2A1T1I2F0","(2,3,2,0)","ASSEMBLE","CUT=24/64;ASSEMBLE=72/96;INSPECT=36/64"
P1|N12|F|UNIFORM|d90|p150,9,730,31,"C2A1T1I1F1","(2,3,1,1)","ASSEMBLE+INSPECT","CUT=24/62;ASSEMBLE+INSPECT=108/155"
P1|N12|F|UNIFORM|d90|p150,10,760,26,"C2A0T2I2F0","(2,4,2,0)","ASSEMBLE|INSPECT","CUT=24/52;ASSEMBLE=72/104;INSPECT=36/52"
P1|N12|F|UNIFORM|d90|p150,11,910,24,"C2A0T2I2F1","(2,4,2,1)","ASSEMBLE+INSPECT","CUT=24/48;ASSEMBLE+INSPECT=108/168"
P1|N12|F|UNIFORM|d90|p150,12,960,23,"C2A1T2I3F0","(2,5,3,0)","ASSEMBLE","CUT=24/46;ASSEMBLE=72/115;INSPECT=36/69"
P1|N12|F|UNIFORM|d90|p150,13,1040,22,"C2A0T3I3F0","(2,6,3,0)","CUT|ASSEMBLE|INSPECT","CUT=24/44;ASSEMBLE=72/132;INSPECT=36/66"
P1|N12|F|UNIFORM|d90|p150,14,1140,20,"C3A0T3I3F0","(3,6,3,0)","ASSEMBLE|INSPECT","CUT=24/60;ASSEMBLE=72/120;INSPECT=36/60"
P1|N12|F|UNIFORM|d90|p150,15,1360,19,"C3A1T2I3F2","(3,5,3,2)","ASSEMBLE+INSPECT","CUT=24/57;ASSEMBLE+INSPECT=108/190"
P1|N12|F|UNIFORM|d90|p150,16,1490,18,"C3A0T3I2F3","(3,6,2,3)","ASSEMBLE+INSPECT","CUT=24/54;ASSEMBLE+INSPECT=108/198"
P1|N12|F|UNIFORM|d90|p150,17,1510,17,"C4A1T2I2F3","(4,5,2,3)","ASSEMBLE+INSPECT","CUT=24/68;ASSEMBLE+INSPECT=108/170"
P1|N12|F|UNIFORM|d90|p150,18,2190,16,"C4A4T3I4F3","(4,10,4,3)","ASSEMBLE+INSPECT","CUT=24/64;ASSEMBLE+INSPECT=108/272"
P1|N12|F|UNIFORM|d90|p200,0,300,77,"C1A1T0I1F0","(1,1,1,0)","ASSEMBLE","CUT=24/77;ASSEMBLE=72/77;INSPECT=36/77"
P1|N12|F|UNIFORM|d90|p200,1,380,44,"C1A0T1I1F0","(1,2,1,0)","ASSEMBLE|INSPECT","CUT=24/44;ASSEMBLE=72/88;INSPECT=36/44"
P1|N12|F|UNIFORM|d90|p200,2,480,43,"C1A0T1I2F0","(1,2,2,0)","ASSEMBLE","CUT=24/43;ASSEMBLE=72/86;INSPECT=36/86"
P1|N12|F|UNIFORM|d90|p200,3,580,33,"C1A1T1I2F0","(1,3,2,0)","CUT|ASSEMBLE","CUT=24/33;ASSEMBLE=72/99;INSPECT=36/66"
P1|N12|F|UNIFORM|d90|p200,4,680,32,"C2A1T1I2F0","(2,3,2,0)","ASSEMBLE","CUT=24/64;ASSEMBLE=72/96;INSPECT=36/64"
P1|N12|F|UNIFORM|d90|p200,5,760,26,"C2A0T2I2F0","(2,4,2,0)","ASSEMBLE|INSPECT","CUT=24/52;ASSEMBLE=72/104;INSPECT=36/52"
P1|N12|F|UNIFORM|d90|p200,6,960,23,"C2A1T2I3F0","(2,5,3,0)","ASSEMBLE","CUT=24/46;ASSEMBLE=72/115;INSPECT=36/69"
P1|N12|F|UNIFORM|d90|p200,7,1040,22,"C2A0T3I3F0","(2,6,3,0)","CUT|ASSEMBLE|INSPECT","CUT=24/44;ASSEMBLE=72/132;INSPECT=36/66"
P1|N12|F|UNIFORM|d90|p200,8,1140,20,"C3A0T3I3F0","(3,6,3,0)","ASSEMBLE|INSPECT","CUT=24/60;ASSEMBLE=72/120;INSPECT=36/60"
P1|N12|F|UNIFORM|d90|p200,9,1440,19,"C3A0T3I4F1 C3A2T3I4F0","(3,6,4,1) (3,8,4,0)","ASSEMBLE+INSPECT ASSEMBLE|INSPECT","CUT=24/57;ASSEMBLE+INSPECT=108/209 CUT=24/57;ASSEMBLE=72/152;INSPECT=36/76"
P1|N12|F|UNIFORM|d90|p200,10,1540,17,"C4A2T3I4F0","(4,8,4,0)","ASSEMBLE|INSPECT","CUT=24/68;ASSEMBLE=72/136;INSPECT=36/68"
P1|N12|F|UNIFORM|d90|p200,11,2340,16,"C4A4T3I4F3 C4A6T3I4F2","(4,10,4,3) (4,12,4,2)","ASSEMBLE+INSPECT CUT|ASSEMBLE+INSPECT","CUT=24/64;ASSEMBLE+INSPECT=108/272 CUT=24/64;ASSEMBLE+INSPECT=108/288"
P1|N12|F|UNIFORM|d100|p100,0,200,110,"C1A0T0I0F1","(1,0,0,1)","ASSEMBLE+INSPECT","CUT=24/110;ASSEMBLE+INSPECT=108/110"
P1|N12|F|UNIFORM|d100|p100,1,300,58,"C1A0T0I0F2","(1,0,0,2)","ASSEMBLE+INSPECT","CUT=24/58;ASSEMBLE+INSPECT=108/116"
P1|N12|F|UNIFORM|d100|p100,2,400,42,"C1A0T0I0F3 C1A1T0I0F2","(1,0,0,3) (1,1,0,2)","ASSEMBLE+INSPECT ASSEMBLE+INSPECT","CUT=24/42;ASSEMBLE+INSPECT=108/126 CUT=24/42;ASSEMBLE+INSPECT=108/126"
P1|N12|F|UNIFORM|d100|p100,3,500,35,"C1A0T1I0F2 C1A0T1I1F1 C1A1T0I0F3 C1A1T0I1F2 C1A2T0I0F2 C1A2T0I1F1","(1,2,0,2) (1,2,1,1) (1,1,0,3) (1,1,1,2) (1,2,0,2) (1,2,1,1)","ASSEMBLE+INSPECT ASSEMBLE+INSPECT ASSEMBLE+INSPECT ASSEMBLE+INSPECT ASSEMBLE+INSPECT ASSEMBLE+INSPECT","CUT=24/35;ASSEMBLE+INSPECT=108/140 CUT=24/35;ASSEMBLE+INSPECT=108/140 CUT=24/35;ASSEMBLE+INSPECT=108/140 CUT=24/35;ASSEMBLE+INSPECT=108/140 CUT=24/35;ASSEMBLE+INSPECT=108/140 CUT=24/35;ASSEMBLE+INSPECT=108/140"
P1|N12|F|UNIFORM|d100|p100,4,600,32,"C2A1T0I0F3","(2,1,0,3)","ASSEMBLE+INSPECT","CUT=24/64;ASSEMBLE+INSPECT=108/128"
P1|N12|F|UNIFORM|d100|p100,5,700,29,"C2A0T1I1F2 C2A1T0I1F3 C2A2T0I1F2","(2,2,1,2) (2,1,1,3) (2,2,1,2)","ASSEMBLE+INSPECT ASSEMBLE+INSPECT ASSEMBLE+INSPECT","CUT=24/58;ASSEMBLE+INSPECT=108/145 CUT=24/58;ASSEMBLE+INSPECT=108/145 CUT=24/58;ASSEMBLE+INSPECT=108/145"
P1|N12|F|UNIFORM|d100|p100,6,800,25,"C2A0T1I1F3 C2A1T1I0F3 C2A2T0I1F3 C2A3T0I0F3","(2,2,1,3) (2,3,0,3) (2,2,1,3) (2,3,0,3)","ASSEMBLE+INSPECT ASSEMBLE+INSPECT ASSEMBLE+INSPECT ASSEMBLE+INSPECT","CUT=24/50;ASSEMBLE+INSPECT=108/150 CUT=24/50;ASSEMBLE+INSPECT=108/150 CUT=24/50;ASSEMBLE+INSPECT=108/150 CUT=24/50;ASSEMBLE+INSPECT=108/150"
P1|N12|F|UNIFORM|d100|p100,7,900,23,"C2A0T1I2F3 C2A1T1I2F2 C2A2T0I2F3 C2A3T0I2F2 C3A0T1I1F3 C3A1T1I0F3 C3A2T0I1F3 C3A3T0I0F3","(2,2,2,3) (2,3,2,2) (2,2,2,3) (2,3,2,2) (3,2,1,3) (3,3,0,3) (3,2,1,3) (3,3,0,3)","ASSEMBLE+INSPECT ASSEMBLE+INSPECT ASSEMBLE+INSPECT ASSEMBLE+INSPECT ASSEMBLE+INSPECT ASSEMBLE+INSPECT ASSEMBLE+INSPECT ASSEMBLE+INSPECT","CUT=24/46;ASSEMBLE+INSPECT=108/161 CUT=24/46;ASSEMBLE+INSPECT=108/161 CUT=24/46;ASSEMBLE+INSPECT=108/161 CUT=24/46;ASSEMBLE+INSPECT=108/161 CUT=24/69;ASSEMBLE+INSPECT=108/138 CUT=24/69;ASSEMBLE+INSPECT=108/138 CUT=24/69;ASSEMBLE+INSPECT=108/138 CUT=24/69;ASSEMBLE+INSPECT=108/138"
P1|N12|F|UNIFORM|d100|p100,8,1100,22,"C2A0T2I2F3 C2A0T3I0F3 C2A0T3I1F2 C2A0T3I2F1 C2A0T3I3F0 C2A1T1I3F3 C2A1T2I1F3 C2A1T2I2F2 C2A2T1I2F3 C2A2T2I0F3 C2A2T2I1F2 C2A2T2I2F1 C2A2T2I3F0 C2A3T0I3F3 C2A3T1I1F3 C2A3T1I2F2 C2A4T0I2F3 C2A4T1I0F3 C2A4T1I1F2 C2A4T1I2F1 C2A4T1I3F0 C2A5T0I1F3 C2A5T0I2F2 C2A6T0I0F3 C2A6T0I1F2 C2A6T0I2F1 C2A6T0I3F0 C3A0T2I1F3 C3A0T2I2F2 C3A1T1I2F3 C3A2T1I1F3 C3A2T1I2F2 C3A3T0I2F3 C3A4T0I1F3 C3A4T0I2F2","(2,4,2,3) (2,6,0,3) (2,6,1,2) (2,6,2,1) (2,6,3,0) (2,3,3,3) (2,5,1,3) (2,5,2,2) (2,4,2,3) (2,6,0,3) (2,6,1,2) (2,6,2,1) (2,6,3,0) (2,3,3,3) (2,5,1,3) (2,5,2,2) (2,4,2,3) (2,6,0,3) (2,6,1,2) (2,6,2,1) (2,6,3,0) (2,5,1,3) (2,5,2,2) (2,6,0,3) (2,6,1,2) (2,6,2,1) (2,6,3,0) (3,4,1,3) (3,4,2,2) (3,3,2,3) (3,4,1,3) (3,4,2,2) (3,3,2,3) (3,4,1,3) (3,4,2,2)","CUT|ASSEMBLE+INSPECT CUT|ASSEMBLE+INSPECT CUT|ASSEMBLE+INSPECT CUT|ASSEMBLE+INSPECT CUT|ASSEMBLE|INSPECT CUT|ASSEMBLE+INSPECT CUT|ASSEMBLE+INSPECT CUT|ASSEMBLE+INSPECT CUT|ASSEMBLE+INSPECT CUT|ASSEMBLE+INSPECT CUT|ASSEMBLE+INSPECT CUT|ASSEMBLE+INSPECT CUT|ASSEMBLE|INSPECT CUT|ASSEMBLE+INSPECT CUT|ASSEMBLE+INSPECT CUT|ASSEMBLE+INSPECT CUT|ASSEMBLE+INSPECT CUT|ASSEMBLE+INSPECT CUT|ASSEMBLE+INSPECT CUT|ASSEMBLE+INSPECT CUT|ASSEMBLE|INSPECT CUT|ASSEMBLE+INSPECT CUT|ASSEMBLE+INSPECT CUT|ASSEMBLE+INSPECT CUT|ASSEMBLE+INSPECT CUT|ASSEMBLE+INSPECT CUT|ASSEMBLE|INSPECT ASSEMBLE+INSPECT ASSEMBLE+INSPECT ASSEMBLE+INSPECT ASSEMBLE+INSPECT ASSEMBLE+INSPECT ASSEMBLE+INSPECT ASSEMBLE+INSPECT ASSEMBLE+INSPECT","CUT=24/44;ASSEMBLE+INSPECT=108/198 CUT=24/44;ASSEMBLE+INSPECT=108/198 CUT=24/44;ASSEMBLE+INSPECT=108/198 CUT=24/44;ASSEMBLE+INSPECT=108/198 CUT=24/44;ASSEMBLE=72/132;INSPECT=36/66 CUT=24/44;ASSEMBLE+INSPECT=108/198 CUT=24/44;ASSEMBLE+INSPECT=108/198 CUT=24/44;ASSEMBLE+INSPECT=108/198 CUT=24/44;ASSEMBLE+INSPECT=108/198 CUT=24/44;ASSEMBLE+INSPECT=108/198 CUT=24/44;ASSEMBLE+INSPECT=108/198 CUT=24/44;ASSEMBLE+INSPECT=108/198 CUT=24/44;ASSEMBLE=72/132;INSPECT=36/66 CUT=24/44;ASSEMBLE+INSPECT=108/198 CUT=24/44;ASSEMBLE+INSPECT=108/198 CUT=24/44;ASSEMBLE+INSPECT=108/198 CUT=24/44;ASSEMBLE+INSPECT=108/198 CUT=24/44;ASSEMBLE+INSPECT=108/198 CUT=24/44;ASSEMBLE+INSPECT=108/198 CUT=24/44;ASSEMBLE+INSPECT=108/198 CUT=24/44;ASSEMBLE=72/132;INSPECT=36/66 CUT=24/44;ASSEMBLE+INSPECT=108/198 CUT=24/44;ASSEMBLE+INSPECT=108/198 CUT=24/44;ASSEMBLE+INSPECT=108/198 CUT=24/44;ASSEMBLE+INSPECT=108/198 CUT=24/44;ASSEMBLE+INSPECT=108/198 CUT=24/44;ASSEMBLE=72/132;INSPECT=36/66 CUT=24/66;ASSEMBLE+INSPECT=108/176 CUT=24/66;ASSEMBLE+INSPECT=108/176 CUT=24/66;ASSEMBLE+INSPECT=108/176 CUT=24/66;ASSEMBLE+INSPECT=108/176 CUT=24/66;ASSEMBLE+INSPECT=108/176 CUT=24/66;ASSEMBLE+INSPECT=108/176 CUT=24/66;ASSEMBLE+INSPECT=108/176 CUT=24/66;ASSEMBLE+INSPECT=108/176"
P1|N12|F|UNIFORM|d100|p100,9,1200,20,"C3A0T3I3F0 C3A1T2I2F2 C3A2T2I3F0 C3A3T1I2F2 C3A4T1I3F0 C3A5T0I2F2 C3A6T0I3F0","(3,6,3,0) (3,5,2,2) (3,6,3,0) (3,5,2,2) (3,6,3,0) (3,5,2,2) (3,6,3,0)","ASSEMBLE|INSPECT ASSEMBLE+INSPECT ASSEMBLE|INSPECT ASSEMBLE+INSPECT ASSEMBLE|INSPECT ASSEMBLE+INSPECT ASSEMBLE|INSPECT","CUT=24/60;ASSEMBLE=72/120;INSPECT=36/60 CUT=24/60;ASSEMBLE+INSPECT=108/180 CUT=24/60;ASSEMBLE=72/120;INSPECT=36/60 CUT=24/60;ASSEMBLE+INSPECT=108/180 CUT=24/60;ASSEMBLE=72/120;INSPECT=36/60 CUT=24/60;ASSEMBLE+INSPECT=108/180 CUT=24/60;ASSEMBLE=72/120;INSPECT=36/60"
P1|N12|F|UNIFORM|d100|p100,10,1300,19,"C3A1T2I2F3 C3A1T2I3F2 C3A3T1I2F3 C3A3T1I3F2 C3A5T0I2F3 C3A5T0I3F2 C4A1T2I1F3 C4A3T1I1F3 C4A5T0I1F3","(3,5,2,3) (3,5,3,2) (3,5,2,3) (3,5,3,2) (3,5,2,3) (3,5,3,2) (4,5,1,3) (4,5,1,3) (4,5,1,3)","ASSEMBLE+INSPECT ASSEMBLE+INSPECT ASSEMBLE+INSPECT ASSEMBLE+INSPECT ASSEMBLE+INSPECT ASSEMBLE+INSPECT ASSEMBLE+INSPECT ASSEMBLE+INSPECT ASSEMBLE+INSPECT","CUT=24/57;ASSEMBLE+INSPECT=108/190 CUT=24/57;ASSEMBLE+INSPECT=108/190 CUT=24/57;ASSEMBLE+INSPECT=108/190 CUT=24/57;ASSEMBLE+INSPECT=108/190 CUT=24/57;ASSEMBLE+INSPECT=108/190 CUT=24/57;ASSEMBLE+INSPECT=108/190 CUT=24/76;ASSEMBLE+INSPECT=108/171 CUT=24/76;ASSEMBLE+INSPECT=108/171 CUT=24/76;ASSEMBLE+INSPECT=108/171"
P1|N12|F|UNIFORM|d100|p100,11,1400,17,"C4A1T2I2F3 C4A3T1I2F3 C4A5T0I2F3","(4,5,2,3) (4,5,2,3) (4,5,2,3)","ASSEMBLE+INSPECT ASSEMBLE+INSPECT ASSEMBLE+INSPECT","CUT=24/68;ASSEMBLE+INSPECT=108/170 CUT=24/68;ASSEMBLE+INSPECT=108/170 CUT=24/68;ASSEMBLE+INSPECT=108/170"
P1|N12|F|UNIFORM|d100|p100,12,2100,16,"C4A4T3I4F3 C4A6T2I4F3","(4,10,4,3) (4,10,4,3)","ASSEMBLE+INSPECT ASSEMBLE+INSPECT","CUT=24/64;ASSEMBLE+INSPECT=108/272 CUT=24/64;ASSEMBLE+INSPECT=108/272"
P1|N12|F|UNIFORM|d100|p125,0,225,110,"C1A0T0I0F1","(1,0,0,1)","ASSEMBLE+INSPECT","CUT=24/110;ASSEMBLE+INSPECT=108/110"
P1|N12|F|UNIFORM|d100|p125,1,300,77,"C1A1T0I1F0","(1,1,1,0)","ASSEMBLE","CUT=24/77;ASSEMBLE=72/77;INSPECT=36/77"
P1|N12|F|UNIFORM|d100|p125,2,325,59,"C1A1T0I0F1","(1,1,0,1)","ASSEMBLE+INSPECT","CUT=24/59;ASSEMBLE+INSPECT=108/118"
P1|N12|F|UNIFORM|d100|p125,3,350,58,"C1A0T0I0F2","(1,0,0,2)","ASSEMBLE+INSPECT","CUT=24/58;ASSEMBLE+INSPECT=108/116"
P1|N12|F|UNIFORM|d100|p125,4,400,44,"C1A0T1I1F0 C1A2T0I1F0","(1,2,1,0) (1,2,1,0)","ASSEMBLE|INSPECT ASSEMBLE|INSPECT","CUT=24/44;ASSEMBLE=72/88;INSPECT=36/44 CUT=24/44;ASSEMBLE=72/88;INSPECT=36/44"
P1|N12|F|UNIFORM|d100|p125,5,450,42,"C1A1T0I0F2","(1,1,0,2)","ASSEMBLE+INSPECT","CUT=24/42;ASSEMBLE+INSPECT=108/126"
P1|N12|F|UNIFORM|d100|p125,6,525,35,"C1A0T1I1F1 C1A2T0I1F1","(1,2,1,1) (1,2,1,1)","ASSEMBLE+INSPECT ASSEMBLE+INSPECT","CUT=24/35;ASSEMBLE+INSPECT=108/140 CUT=24/35;ASSEMBLE+INSPECT=108/140"
P1|N12|F|UNIFORM|d100|p125,7,600,33,"C1A1T1I2F0 C1A3T0I2F0","(1,3,2,0) (1,3,2,0)","CUT|ASSEMBLE CUT|ASSEMBLE","CUT=24/33;ASSEMBLE=72/99;INSPECT=36/66 CUT=24/33;ASSEMBLE=72/99;INSPECT=36/66"
P1|N12|F|UNIFORM|d100|p125,8,675,32,"C2A1T0I0F3","(2,1,0,3)","ASSEMBLE+INSPECT","CUT=24/64;ASSEMBLE+INSPECT=108/128"
P1|N12|F|UNIFORM|d100|p125,9,725,31,"C2A1T1I1F1 C2A3T0I1F1","(2,3,1,1) (2,3,1,1)","ASSEMBLE+INSPECT ASSEMBLE+INSPECT","CUT=24/62;ASSEMBLE+INSPECT=108/155 CUT=24/62;ASSEMBLE+INSPECT=108/155"
P1|N12|F|UNIFORM|d100|p125,10,750,29,"C2A0T1I1F2 C2A2T0I1F2","(2,2,1,2) (2,2,1,2)","ASSEMBLE+INSPECT ASSEMBLE+INSPECT","CUT=24/58;ASSEMBLE+INSPECT=108/145 CUT=24/58;ASSEMBLE+INSPECT=108/145"
P1|N12|F|UNIFORM|d100|p125,11,800,26,"C2A0T2I2F0 C2A2T1I2F0 C2A4T0I2F0","(2,4,2,0) (2,4,2,0) (2,4,2,0)","ASSEMBLE|INSPECT ASSEMBLE|INSPECT ASSEMBLE|INSPECT","CUT=24/52;ASSEMBLE=72/104;INSPECT=36/52 CUT=24/52;ASSEMBLE=72/104;INSPECT=36/52 CUT=24/52;ASSEMBLE=72/104;INSPECT=36/52"
P1|N12|F|UNIFORM|d100|p125,12,875,25,"C2A0T1I1F3 C2A1T1I0F3 C2A2T0I1F3 C2A3T0I0F3","(2,2,1,3) (2,3,0,3) (2,2,1,3) (2,3,0,3)","ASSEMBLE+INSPECT ASSEMBLE+INSPECT ASSEMBLE+INSPECT ASSEMBLE+INSPECT","CUT=24/50;ASSEMBLE+INSPECT=108/150 CUT=24/50;ASSEMBLE+INSPECT=108/150 CUT=24/50;ASSEMBLE+INSPECT=108/150 CUT=24/50;ASSEMBLE+INSPECT=108/150"
P1|N12|F|UNIFORM|d100|p125,13,925,24,"C2A0T2I2F1 C2A2T1I2F1 C2A4T0I2F1","(2,4,2,1) (2,4,2,1) (2,4,2,1)","ASSEMBLE+INSPECT ASSEMBLE+INSPECT ASSEMBLE+INSPECT","CUT=24/48;ASSEMBLE+INSPECT=108/168 CUT=24/48;ASSEMBLE+INSPECT=108/168 CUT=24/48;ASSEMBLE+INSPECT=108/168"
P1|N12|F|UNIFORM|d100|p125,14,950,23,"C2A1T1I2F2 C2A3T0I2F2","(2,3,2,2) (2,3,2,2)","ASSEMBLE+INSPECT ASSEMBLE+INSPECT","CUT=24/46;ASSEMBLE+INSPECT=108/161 CUT=24/46;ASSEMBLE+INSPECT=108/161"
P1|N12|F|UNIFORM|d100|p125,15,1100,22,"C2A0T3I3F0 C2A2T2I3F0 C2A4T1I3F0 C2A6T0I3F0","(2,6,3,0) (2,6,3,0) (2,6,3,0) (2,6,3,0)","CUT|ASSEMBLE|INSPECT CUT|ASSEMBLE|INSPECT CUT|ASSEMBLE|INSPECT CUT|ASSEMBLE|INSPECT","CUT=24/44;ASSEMBLE=72/132;INSPECT=36/66 CUT=24/44;ASSEMBLE=72/132;INSPECT=36/66 CUT=24/44;ASSEMBLE=72/132;INSPECT=36/66 CUT=24/44;ASSEMBLE=72/132;INSPECT=36/66"
P1|N12|F|UNIFORM|d100|p125,16,1200,20,"C3A0T3I3F0 C3A2T2I3F0 C3A4T1I3F0 C3A6T0I3F0","(3,6,3,0) (3,6,3,0) (3,6,3,0) (3,6,3,0)","ASSEMBLE|INSPECT ASSEMBLE|INSPECT ASSEMBLE|INSPECT ASSEMBLE|INSPECT","CUT=24/60;ASSEMBLE=72/120;INSPECT=36/60 CUT=24/60;ASSEMBLE=72/120;INSPECT=36/60 CUT=24/60;ASSEMBLE=72/120;INSPECT=36/60 CUT=24/60;ASSEMBLE=72/120;INSPECT=36/60"
P1|N12|F|UNIFORM|d100|p125,17,1350,19,"C3A1T2I3F2 C3A3T1I3F2 C3A5T0I3F2","(3,5,3,2) (3,5,3,2) (3,5,3,2)","ASSEMBLE+INSPECT ASSEMBLE+INSPECT ASSEMBLE+INSPECT","CUT=24/57;ASSEMBLE+INSPECT=108/190 CUT=24/57;ASSEMBLE+INSPECT=108/190 CUT=24/57;ASSEMBLE+INSPECT=108/190"
P1|N12|F|UNIFORM|d100|p125,18,1475,17,"C4A1T2I2F3 C4A3T1I2F3 C4A5T0I2F3","(4,5,2,3) (4,5,2,3) (4,5,2,3)","ASSEMBLE+INSPECT ASSEMBLE+INSPECT ASSEMBLE+INSPECT","CUT=24/68;ASSEMBLE+INSPECT=108/170 CUT=24/68;ASSEMBLE+INSPECT=108/170 CUT=24/68;ASSEMBLE+INSPECT=108/170"
P1|N12|F|UNIFORM|d100|p125,19,2175,16,"C4A4T3I4F3 C4A6T2I4F3","(4,10,4,3) (4,10,4,3)","ASSEMBLE+INSPECT ASSEMBLE+INSPECT","CUT=24/64;ASSEMBLE+INSPECT=108/272 CUT=24/64;ASSEMBLE+INSPECT=108/272"
P1|N12|F|UNIFORM|d100|p150,0,250,110,"C1A0T0I0F1","(1,0,0,1)","ASSEMBLE+INSPECT","CUT=24/110;ASSEMBLE+INSPECT=108/110"
P1|N12|F|UNIFORM|d100|p150,1,300,77,"C1A1T0I1F0","(1,1,1,0)","ASSEMBLE","CUT=24/77;ASSEMBLE=72/77;INSPECT=36/77"
P1|N12|F|UNIFORM|d100|p150,2,350,59,"C1A1T0I0F1","(1,1,0,1)","ASSEMBLE+INSPECT","CUT=24/59;ASSEMBLE+INSPECT=108/118"
P1|N12|F|UNIFORM|d100|p150,3,400,44,"C1A0T1I1F0 C1A2T0I1F0","(1,2,1,0) (1,2,1,0)","ASSEMBLE|INSPECT ASSEMBLE|INSPECT","CUT=24/44;ASSEMBLE=72/88;INSPECT=36/44 CUT=24/44;ASSEMBLE=72/88;INSPECT=36/44"
P1|N12|F|UNIFORM|d100|p150,4,500,42,"C1A1T0I0F2","(1,1,0,2)","ASSEMBLE+INSPECT","CUT=24/42;ASSEMBLE+INSPECT=108/126"
P1|N12|F|UNIFORM|d100|p150,5,550,35,"C1A0T1I1F1 C1A2T0I1F1","(1,2,1,1) (1,2,1,1)","ASSEMBLE+INSPECT ASSEMBLE+INSPECT","CUT=24/35;ASSEMBLE+INSPECT=108/140 CUT=24/35;ASSEMBLE+INSPECT=108/140"
P1|N12|F|UNIFORM|d100|p150,6,600,33,"C1A1T1I2F0 C1A3T0I2F0","(1,3,2,0) (1,3,2,0)","CUT|ASSEMBLE CUT|ASSEMBLE","CUT=24/33;ASSEMBLE=72/99;INSPECT=36/66 CUT=24/33;ASSEMBLE=72/99;INSPECT=36/66"
P1|N12|F|UNIFORM|d100|p150,7,700,32,"C2A1T1I2F0 C2A3T0I2F0","(2,3,2,0) (2,3,2,0)","ASSEMBLE ASSEMBLE","CUT=24/64;ASSEMBLE=72/96;INSPECT=36/64 CUT=24/64;ASSEMBLE=72/96;INSPECT=36/64"
P1|N12|F|UNIFORM|d100|p150,8,750,31,"C2A1T1I1F1 C2A3T0I1F1","(2,3,1,1) (2,3,1,1)","ASSEMBLE+INSPECT ASSEMBLE+INSPECT","CUT=24/62;ASSEMBLE+INSPECT=108/155 CUT=24/62;ASSEMBLE+INSPECT=108/155"
P1|N12|F|UNIFORM|d100|p150,9,800,26,"C2A0T2I2F0 C2A2T1I2F0 C2A4T0I2F0","(2,4,2,0) (2,4,2,0) (2,4,2,0)","ASSEMBLE|INSPECT ASSEMBLE|INSPECT ASSEMBLE|INSPECT","CUT=24/52;ASSEMBLE=72/104;INSPECT=36/52 CUT=24/52;ASSEMBLE=72/104;INSPECT=36/52 CUT=24/52;ASSEMBLE=72/104;INSPECT=36/52"
P1|N12|F|UNIFORM|d100|p150,10,950,24,"C2A0T2I2F1 C2A2T1I2F1 C2A4T0I2F1","(2,4,2,1) (2,4,2,1) (2,4,2,1)","ASSEMBLE+INSPECT ASSEMBLE+INSPECT ASSEMBLE+INSPECT","CUT=24/48;ASSEMBLE+INSPECT=108/168 CUT=24/48;ASSEMBLE+INSPECT=108/168 CUT=24/48;ASSEMBLE+INSPECT=108/168"
P1|N12|F|UNIFORM|d100|p150,11,1000,23,"C2A1T1I2F2 C2A1T2I3F0 C2A3T0I2F2 C2A3T1I3F0 C2A5T0I3F0","(2,3,2,2) (2,5,3,0) (2,3,2,2) (2,5,3,0) (2,5,3,0)","ASSEMBLE+INSPECT ASSEMBLE ASSEMBLE+INSPECT ASSEMBLE ASSEMBLE","CUT=24/46;ASSEMBLE+INSPECT=108/161 CUT=24/46;ASSEMBLE=72/115;INSPECT=36/69 CUT=24/46;ASSEMBLE+INSPECT=108/161 CUT=24/46;ASSEMBLE=72/115;INSPECT=36/69 CUT=24/46;ASSEMBLE=72/115;INSPECT=36/69"
P1|N12|F|UNIFORM|d100|p150,12,1100,22,"C2A0T3I3F0 C2A2T2I3F0 C2A4T1I3F0 C2A6T0I3F0","(2,6,3,0) (2,6,3,0) (2,6,3,0) (2,6,3,0)","CUT|ASSEMBLE|INSPECT CUT|ASSEMBLE|INSPECT CUT|ASSEMBLE|INSPECT CUT|ASSEMBLE|INSPECT","CUT=24/44;ASSEMBLE=72/132;INSPECT=36/66 CUT=24/44;ASSEMBLE=72/132;INSPECT=36/66 CUT=24/44;ASSEMBLE=72/132;INSPECT=36/66 CUT=24/44;ASSEMBLE=72/132;INSPECT=36/66"
P1|N12|F|UNIFORM|d100|p150,13,1200,20,"C3A0T3I3F0 C3A2T2I3F0 C3A4T1I3F0 C3A6T0I3F0","(3,6,3,0) (3,6,3,0) (3,6,3,0) (3,6,3,0)","ASSEMBLE|INSPECT ASSEMBLE|INSPECT ASSEMBLE|INSPECT ASSEMBLE|INSPECT","CUT=24/60;ASSEMBLE=72/120;INSPECT=36/60 CUT=24/60;ASSEMBLE=72/120;INSPECT=36/60 CUT=24/60;ASSEMBLE=72/120;INSPECT=36/60 CUT=24/60;ASSEMBLE=72/120;INSPECT=36/60"
P1|N12|F|UNIFORM|d100|p150,14,1400,19,"C3A1T2I3F2 C3A3T1I3F2 C3A5T0I3F2","(3,5,3,2) (3,5,3,2) (3,5,3,2)","ASSEMBLE+INSPECT ASSEMBLE+INSPECT ASSEMBLE+INSPECT","CUT=24/57;ASSEMBLE+INSPECT=108/190 CUT=24/57;ASSEMBLE+INSPECT=108/190 CUT=24/57;ASSEMBLE+INSPECT=108/190"
P1|N12|F|UNIFORM|d100|p150,15,1550,17,"C4A1T2I2F3 C4A3T1I2F3 C4A5T0I2F3","(4,5,2,3) (4,5,2,3) (4,5,2,3)","ASSEMBLE+INSPECT ASSEMBLE+INSPECT ASSEMBLE+INSPECT","CUT=24/68;ASSEMBLE+INSPECT=108/170 CUT=24/68;ASSEMBLE+INSPECT=108/170 CUT=24/68;ASSEMBLE+INSPECT=108/170"
P1|N12|F|UNIFORM|d100|p150,16,2250,16,"C4A4T3I4F3 C4A6T2I4F3","(4,10,4,3) (4,10,4,3)","ASSEMBLE+INSPECT ASSEMBLE+INSPECT","CUT=24/64;ASSEMBLE+INSPECT=108/272 CUT=24/64;ASSEMBLE+INSPECT=108/272"
P1|N12|F|UNIFORM|d100|p200,0,300,77,"C1A1T0I1F0","(1,1,1,0)","ASSEMBLE","CUT=24/77;ASSEMBLE=72/77;INSPECT=36/77"
P1|N12|F|UNIFORM|d100|p200,1,400,44,"C1A0T1I1F0 C1A2T0I1F0","(1,2,1,0) (1,2,1,0)","ASSEMBLE|INSPECT ASSEMBLE|INSPECT","CUT=24/44;ASSEMBLE=72/88;INSPECT=36/44 CUT=24/44;ASSEMBLE=72/88;INSPECT=36/44"
P1|N12|F|UNIFORM|d100|p200,2,500,43,"C1A0T1I2F0 C1A2T0I2F0","(1,2,2,0) (1,2,2,0)","ASSEMBLE ASSEMBLE","CUT=24/43;ASSEMBLE=72/86;INSPECT=36/86 CUT=24/43;ASSEMBLE=72/86;INSPECT=36/86"
P1|N12|F|UNIFORM|d100|p200,3,600,33,"C1A1T1I2F0 C1A3T0I2F0","(1,3,2,0) (1,3,2,0)","CUT|ASSEMBLE CUT|ASSEMBLE","CUT=24/33;ASSEMBLE=72/99;INSPECT=36/66 CUT=24/33;ASSEMBLE=72/99;INSPECT=36/66"
P1|N12|F|UNIFORM|d100|p200,4,700,32,"C2A1T1I2F0 C2A3T0I2F0","(2,3,2,0) (2,3,2,0)","ASSEMBLE ASSEMBLE","CUT=24/64;ASSEMBLE=72/96;INSPECT=36/64 CUT=24/64;ASSEMBLE=72/96;INSPECT=36/64"
P1|N12|F|UNIFORM|d100|p200,5,800,26,"C2A0T2I2F0 C2A2T1I2F0 C2A4T0I2F0","(2,4,2,0) (2,4,2,0) (2,4,2,0)","ASSEMBLE|INSPECT ASSEMBLE|INSPECT ASSEMBLE|INSPECT","CUT=24/52;ASSEMBLE=72/104;INSPECT=36/52 CUT=24/52;ASSEMBLE=72/104;INSPECT=36/52 CUT=24/52;ASSEMBLE=72/104;INSPECT=36/52"
P1|N12|F|UNIFORM|d100|p200,6,1000,23,"C2A1T2I3F0 C2A3T1I3F0 C2A5T0I3F0","(2,5,3,0) (2,5,3,0) (2,5,3,0)","ASSEMBLE ASSEMBLE ASSEMBLE","CUT=24/46;ASSEMBLE=72/115;INSPECT=36/69 CUT=24/46;ASSEMBLE=72/115;INSPECT=36/69 CUT=24/46;ASSEMBLE=72/115;INSPECT=36/69"
P1|N12|F|UNIFORM|d100|p200,7,1100,22,"C2A0T3I3F0 C2A2T2I3F0 C2A4T1I3F0 C2A6T0I3F0","(2,6,3,0) (2,6,3,0) (2,6,3,0) (2,6,3,0)","CUT|ASSEMBLE|INSPECT CUT|ASSEMBLE|INSPECT CUT|ASSEMBLE|INSPECT CUT|ASSEMBLE|INSPECT","CUT=24/44;ASSEMBLE=72/132;INSPECT=36/66 CUT=24/44;ASSEMBLE=72/132;INSPECT=36/66 CUT=24/44;ASSEMBLE=72/132;INSPECT=36/66 CUT=24/44;ASSEMBLE=72/132;INSPECT=36/66"
P1|N12|F|UNIFORM|d100|p200,8,1200,20,"C3A0T3I3F0 C3A2T2I3F0 C3A4T1I3F0 C3A6T0I3F0","(3,6,3,0) (3,6,3,0) (3,6,3,0) (3,6,3,0)","ASSEMBLE|INSPECT ASSEMBLE|INSPECT ASSEMBLE|INSPECT ASSEMBLE|INSPECT","CUT=24/60;ASSEMBLE=72/120;INSPECT=36/60 CUT=24/60;ASSEMBLE=72/120;INSPECT=36/60 CUT=24/60;ASSEMBLE=72/120;INSPECT=36/60 CUT=24/60;ASSEMBLE=72/120;INSPECT=36/60"
P1|N12|F|UNIFORM|d100|p200,9,1500,19,"C3A0T3I4F1 C3A1T2I3F2 C3A2T2I4F1 C3A2T3I4F0 C3A3T1I3F2 C3A4T1I4F1 C3A4T2I4F0 C3A5T0I3F2 C3A6T0I4F1 C3A6T1I4F0","(3,6,4,1) (3,5,3,2) (3,6,4,1) (3,8,4,0) (3,5,3,2) (3,6,4,1) (3,8,4,0) (3,5,3,2) (3,6,4,1) (3,8,4,0)","ASSEMBLE+INSPECT ASSEMBLE+INSPECT ASSEMBLE+INSPECT ASSEMBLE|INSPECT ASSEMBLE+INSPECT ASSEMBLE+INSPECT ASSEMBLE|INSPECT ASSEMBLE+INSPECT ASSEMBLE+INSPECT ASSEMBLE|INSPECT","CUT=24/57;ASSEMBLE+INSPECT=108/209 CUT=24/57;ASSEMBLE+INSPECT=108/190 CUT=24/57;ASSEMBLE+INSPECT=108/209 CUT=24/57;ASSEMBLE=72/152;INSPECT=36/76 CUT=24/57;ASSEMBLE+INSPECT=108/190 CUT=24/57;ASSEMBLE+INSPECT=108/209 CUT=24/57;ASSEMBLE=72/152;INSPECT=36/76 CUT=24/57;ASSEMBLE+INSPECT=108/190 CUT=24/57;ASSEMBLE+INSPECT=108/209 CUT=24/57;ASSEMBLE=72/152;INSPECT=36/76"
P1|N12|F|UNIFORM|d100|p200,10,1600,17,"C4A2T3I4F0 C4A4T2I4F0 C4A6T1I4F0","(4,8,4,0) (4,8,4,0) (4,8,4,0)","ASSEMBLE|INSPECT ASSEMBLE|INSPECT ASSEMBLE|INSPECT","CUT=24/68;ASSEMBLE=72/136;INSPECT=36/68 CUT=24/68;ASSEMBLE=72/136;INSPECT=36/68 CUT=24/68;ASSEMBLE=72/136;INSPECT=36/68"
P1|N12|F|UNIFORM|d100|p200,11,2400,16,"C4A4T3I4F3 C4A6T2I4F3 C4A6T3I4F2","(4,10,4,3) (4,10,4,3) (4,12,4,2)","ASSEMBLE+INSPECT ASSEMBLE+INSPECT CUT|ASSEMBLE+INSPECT","CUT=24/64;ASSEMBLE+INSPECT=108/272 CUT=24/64;ASSEMBLE+INSPECT=108/272 CUT=24/64;ASSEMBLE+INSPECT=108/288"
P1|N12|F|WORK|d75|p100,0,400,110,"C1A0T0I0F1","(1,0,0,1)","ASSEMBLE+INSPECT","CUT=24/110;ASSEMBLE+INSPECT=108/110"
P1|N12|F|WORK|d75|p100,1,550,77,"C1A0T0I1F1 C1A1T0I1F0","(1,0,1,1) (1,1,1,0)","ASSEMBLE+INSPECT ASSEMBLE","CUT=24/77;ASSEMBLE+INSPECT=108/154 CUT=24/77;ASSEMBLE=72/77;INSPECT=36/77"
P1|N12|F|WORK|d75|p100,2,700,44,"C1A0T1I1F0","(1,2,1,0)","ASSEMBLE|INSPECT","CUT=24/44;ASSEMBLE=72/88;INSPECT=36/44"
P1|N12|F|WORK|d75|p100,3,850,43,"C1A0T1I2F0","(1,2,2,0)","ASSEMBLE","CUT=24/43;ASSEMBLE=72/86;INSPECT=36/86"
P1|N12|F|WORK|d75|p100,4,950,41,"C2A0T1I2F0","(2,2,2,0)","ASSEMBLE","CUT=24/82;ASSEMBLE=72/82;INSPECT=36/82"
P1|N12|F|WORK|d75|p100,5,1000,35,"C1A0T1I1F1","(1,2,1,1)","ASSEMBLE+INSPECT","CUT=24/35;ASSEMBLE+INSPECT=108/140"
P1|N12|F|WORK|d75|p100,6,1150,33,"C1A0T1I2F1 C1A1T1I2F0","(1,2,2,1) (1,3,2,0)","CUT CUT|ASSEMBLE","CUT=24/33;ASSEMBLE+INSPECT=108/165 CUT=24/33;ASSEMBLE=72/99;INSPECT=36/66"
P1|N12|F|WORK|d75|p100,7,1250,32,"C2A1T1I2F0","(2,3,2,0)","ASSEMBLE","CUT=24/64;ASSEMBLE=72/96;INSPECT=36/64"
P1|N12|F|WORK|d75|p100,8,1400,26,"C2A0T2I2F0","(2,4,2,0)","ASSEMBLE|INSPECT","CUT=24/52;ASSEMBLE=72/104;INSPECT=36/52"
P1|N12|F|WORK|d75|p100,9,1700,24,"C2A0T2I2F1","(2,4,2,1)","ASSEMBLE+INSPECT","CUT=24/48;ASSEMBLE+INSPECT=108/168"
P1|N12|F|WORK|d75|p100,10,1800,23,"C3A0T1I1F3 C3A0T2I2F1","(3,2,1,3) (3,4,2,1)","ASSEMBLE+INSPECT ASSEMBLE+INSPECT","CUT=24/69;ASSEMBLE+INSPECT=108/138 CUT=24/69;ASSEMBLE+INSPECT=108/161"
P1|N12|F|WORK|d75|p100,11,2000,22,"C2A0T3I3F0","(2,6,3,0)","CUT|ASSEMBLE|INSPECT","CUT=24/44;ASSEMBLE=72/132;INSPECT=36/66"
P1|N12|F|WORK|d75|p100,12,2100,20,"C3A0T3I3F0","(3,6,3,0)","ASSEMBLE|INSPECT","CUT=24/60;ASSEMBLE=72/120;INSPECT=36/60"
P1|N12|F|WORK|d75|p100,13,2550,19,"C3A0T3I4F1 C3A1T2I3F2","(3,6,4,1) (3,5,3,2)","ASSEMBLE+INSPECT ASSEMBLE+INSPECT","CUT=24/57;ASSEMBLE+INSPECT=108/209 CUT=24/57;ASSEMBLE+INSPECT=108/190"
P1|N12|F|WORK|d75|p100,14,2800,17,"C4A0T3I3F2 C4A1T2I2F3","(4,6,3,2) (4,5,2,3)","ASSEMBLE+INSPECT ASSEMBLE+INSPECT","CUT=24/68;ASSEMBLE+INSPECT=108/187 CUT=24/68;ASSEMBLE+INSPECT=108/170"
P1|N12|F|WORK|d75|p100,15,4450,16,"C4A4T3I4F3","(4,10,4,3)","ASSEMBLE+INSPECT","CUT=24/64;ASSEMBLE+INSPECT=108/272"
P1|N12|F|WORK|d75|p125,0,475,110,"C1A0T0I0F1","(1,0,0,1)","ASSEMBLE+INSPECT","CUT=24/110;ASSEMBLE+INSPECT=108/110"
P1|N12|F|WORK|d75|p125,1,550,77,"C1A1T0I1F0","(1,1,1,0)","ASSEMBLE","CUT=24/77;ASSEMBLE=72/77;INSPECT=36/77"
P1|N12|F|WORK|d75|p125,2,700,44,"C1A0T1I1F0","(1,2,1,0)","ASSEMBLE|INSPECT","CUT=24/44;ASSEMBLE=72/88;INSPECT=36/44"
P1|N12|F|WORK|d75|p125,3,850,43,"C1A0T1I2F0","(1,2,2,0)","ASSEMBLE","CUT=24/43;ASSEMBLE=72/86;INSPECT=36/86"
P1|N12|F|WORK|d75|p125,4,950,41,"C2A0T1I2F0","(2,2,2,0)","ASSEMBLE","CUT=24/82;ASSEMBLE=72/82;INSPECT=36/82"
P1|N12|F|WORK|d75|p125,5,1075,35,"C1A0T1I1F1","(1,2,1,1)","ASSEMBLE+INSPECT","CUT=24/35;ASSEMBLE+INSPECT=108/140"
P1|N12|F|WORK|d75|p125,6,1150,33,"C1A1T1I2F0","(1,3,2,0)","CUT|ASSEMBLE","CUT=24/33;ASSEMBLE=72/99;INSPECT=36/66"
P1|N12|F|WORK|d75|p125,7,1250,32,"C2A1T1I2F0","(2,3,2,0)","ASSEMBLE","CUT=24/64;ASSEMBLE=72/96;INSPECT=36/64"
P1|N12|F|WORK|d75|p125,8,1400,26,"C2A0T2I2F0","(2,4,2,0)","ASSEMBLE|INSPECT","CUT=24/52;ASSEMBLE=72/104;INSPECT=36/52"
P1|N12|F|WORK|d75|p125,9,1700,25,"C2A0T2I4F0","(2,4,4,0)","ASSEMBLE","CUT=24/50;ASSEMBLE=72/100;INSPECT=36/100"
P1|N12|F|WORK|d75|p125,10,1775,24,"C2A0T2I2F1","(2,4,2,1)","ASSEMBLE+INSPECT","CUT=24/48;ASSEMBLE+INSPECT=108/168"
P1|N12|F|WORK|d75|p125,11,1850,23,"C2A1T2I3F0","(2,5,3,0)","ASSEMBLE","CUT=24/46;ASSEMBLE=72/115;INSPECT=36/69"
P1|N12|F|WORK|d75|p125,12,2000,22,"C2A0T3I3F0","(2,6,3,0)","CUT|ASSEMBLE|INSPECT","CUT=24/44;ASSEMBLE=72/132;INSPECT=36/66"
P1|N12|F|WORK|d75|p125,13,2100,20,"C3A0T3I3F0","(3,6,3,0)","ASSEMBLE|INSPECT","CUT=24/60;ASSEMBLE=72/120;INSPECT=36/60"
P1|N12|F|WORK|d75|p125,14,2625,19,"C3A0T3I4F1","(3,6,4,1)","ASSEMBLE+INSPECT","CUT=24/57;ASSEMBLE+INSPECT=108/209"
P1|N12|F|WORK|d75|p125,15,2950,17,"C4A0T3I3F2 C4A2T3I4F0","(4,6,3,2) (4,8,4,0)","ASSEMBLE+INSPECT ASSEMBLE|INSPECT","CUT=24/68;ASSEMBLE+INSPECT=108/187 CUT=24/68;ASSEMBLE=72/136;INSPECT=36/68"
P1|N12|F|WORK|d75|p125,16,4675,16,"C4A4T3I4F3","(4,10,4,3)","ASSEMBLE+INSPECT","CUT=24/64;ASSEMBLE+INSPECT=108/272"
P1|N12|F|WORK|d75|p150,0,550,77,"C1A1T0I1F0","(1,1,1,0)","ASSEMBLE","CUT=24/77;ASSEMBLE=72/77;INSPECT=36/77"
P1|N12|F|WORK|d75|p150,1,700,44,"C1A0T1I1F0","(1,2,1,0)","ASSEMBLE|INSPECT","CUT=24/44;ASSEMBLE=72/88;INSPECT=36/44"
P1|N12|F|WORK|d75|p150,2,850,43,"C1A0T1I2F0","(1,2,2,0)","ASSEMBLE","CUT=24/43;ASSEMBLE=72/86;INSPECT=36/86"
P1|N12|F|WORK|d75|p150,3,950,41,"C2A0T1I2F0","(2,2,2,0)","ASSEMBLE","CUT=24/82;ASSEMBLE=72/82;INSPECT=36/82"
P1|N12|F|WORK|d75|p150,4,1150,33,"C1A1T1I2F0","(1,3,2,0)","CUT|ASSEMBLE","CUT=24/33;ASSEMBLE=72/99;INSPECT=36/66"
P1|N12|F|WORK|d75|p150,5,1250,32,"C2A1T1I2F0","(2,3,2,0)","ASSEMBLE","CUT=24/64;ASSEMBLE=72/96;INSPECT=36/64"
P1|N12|F|WORK|d75|p150,6,1400,26,"C2A0T2I2F0","(2,4,2,0)","ASSEMBLE|INSPECT","CUT=24/52;ASSEMBLE=72/104;INSPECT=36/52"
P1|N12|F|WORK|d75|p150,7,1700,25,"C2A0T2I4F0","(2,4,4,0)","ASSEMBLE","CUT=24/50;ASSEMBLE=72/100;INSPECT=36/100"
P1|N12|F|WORK|d75|p150,8,1850,23,"C2A1T2I3F0","(2,5,3,0)","ASSEMBLE","CUT=24/46;ASSEMBLE=72/115;INSPECT=36/69"
P1|N12|F|WORK|d75|p150,9,2000,22,"C2A0T3I3F0","(2,6,3,0)","CUT|ASSEMBLE|INSPECT","CUT=24/44;ASSEMBLE=72/132;INSPECT=36/66"
P1|N12|F|WORK|d75|p150,10,2100,20,"C3A0T3I3F0","(3,6,3,0)","ASSEMBLE|INSPECT","CUT=24/60;ASSEMBLE=72/120;INSPECT=36/60"
P1|N12|F|WORK|d75|p150,11,2700,19,"C3A0T3I4F1","(3,6,4,1)","ASSEMBLE+INSPECT","CUT=24/57;ASSEMBLE+INSPECT=108/209"
P1|N12|F|WORK|d75|p150,12,2950,17,"C4A2T3I4F0","(4,8,4,0)","ASSEMBLE|INSPECT","CUT=24/68;ASSEMBLE=72/136;INSPECT=36/68"
P1|N12|F|WORK|d75|p150,13,4900,16,"C4A4T3I4F3","(4,10,4,3)","ASSEMBLE+INSPECT","CUT=24/64;ASSEMBLE+INSPECT=108/272"
P1|N12|F|WORK|d75|p200,0,550,77,"C1A1T0I1F0","(1,1,1,0)","ASSEMBLE","CUT=24/77;ASSEMBLE=72/77;INSPECT=36/77"
P1|N12|F|WORK|d75|p200,1,700,44,"C1A0T1I1F0","(1,2,1,0)","ASSEMBLE|INSPECT","CUT=24/44;ASSEMBLE=72/88;INSPECT=36/44"
P1|N12|F|WORK|d75|p200,2,850,43,"C1A0T1I2F0","(1,2,2,0)","ASSEMBLE","CUT=24/43;ASSEMBLE=72/86;INSPECT=36/86"
P1|N12|F|WORK|d75|p200,3,950,41,"C2A0T1I2F0","(2,2,2,0)","ASSEMBLE","CUT=24/82;ASSEMBLE=72/82;INSPECT=36/82"
P1|N12|F|WORK|d75|p200,4,1150,33,"C1A1T1I2F0","(1,3,2,0)","CUT|ASSEMBLE","CUT=24/33;ASSEMBLE=72/99;INSPECT=36/66"
P1|N12|F|WORK|d75|p200,5,1250,32,"C2A1T1I2F0","(2,3,2,0)","ASSEMBLE","CUT=24/64;ASSEMBLE=72/96;INSPECT=36/64"
P1|N12|F|WORK|d75|p200,6,1400,26,"C2A0T2I2F0","(2,4,2,0)","ASSEMBLE|INSPECT","CUT=24/52;ASSEMBLE=72/104;INSPECT=36/52"
P1|N12|F|WORK|d75|p200,7,1700,25,"C2A0T2I4F0","(2,4,4,0)","ASSEMBLE","CUT=24/50;ASSEMBLE=72/100;INSPECT=36/100"
P1|N12|F|WORK|d75|p200,8,1850,23,"C2A1T2I3F0","(2,5,3,0)","ASSEMBLE","CUT=24/46;ASSEMBLE=72/115;INSPECT=36/69"
P1|N12|F|WORK|d75|p200,9,2000,22,"C2A0T3I3F0","(2,6,3,0)","CUT|ASSEMBLE|INSPECT","CUT=24/44;ASSEMBLE=72/132;INSPECT=36/66"
P1|N12|F|WORK|d75|p200,10,2100,20,"C3A0T3I3F0","(3,6,3,0)","ASSEMBLE|INSPECT","CUT=24/60;ASSEMBLE=72/120;INSPECT=36/60"
P1|N12|F|WORK|d75|p200,11,2850,19,"C3A0T3I4F1 C3A2T3I4F0","(3,6,4,1) (3,8,4,0)","ASSEMBLE+INSPECT ASSEMBLE|INSPECT","CUT=24/57;ASSEMBLE+INSPECT=108/209 CUT=24/57;ASSEMBLE=72/152;INSPECT=36/76"
P1|N12|F|WORK|d75|p200,12,2950,17,"C4A2T3I4F0","(4,8,4,0)","ASSEMBLE|INSPECT","CUT=24/68;ASSEMBLE=72/136;INSPECT=36/68"
P1|N12|F|WORK|d75|p200,13,5350,16,"C4A4T3I4F3 C4A6T3I4F2","(4,10,4,3) (4,12,4,2)","ASSEMBLE+INSPECT CUT|ASSEMBLE+INSPECT","CUT=24/64;ASSEMBLE+INSPECT=108/272 CUT=24/64;ASSEMBLE+INSPECT=108/288"
P1|N12|F|WORK|d90|p100,0,400,110,"C1A0T0I0F1","(1,0,0,1)","ASSEMBLE+INSPECT","CUT=24/110;ASSEMBLE+INSPECT=108/110"
P1|N12|F|WORK|d90|p100,1,550,77,"C1A0T0I1F1 C1A1T0I1F0","(1,0,1,1) (1,1,1,0)","ASSEMBLE+INSPECT ASSEMBLE","CUT=24/77;ASSEMBLE+INSPECT=108/154 CUT=24/77;ASSEMBLE=72/77;INSPECT=36/77"
P1|N12|F|WORK|d90|p100,2,700,58,"C1A0T0I0F2","(1,0,0,2)","ASSEMBLE+INSPECT","CUT=24/58;ASSEMBLE+INSPECT=108/116"
P1|N12|F|WORK|d90|p100,3,790,44,"C1A0T1I1F0","(1,2,1,0)","ASSEMBLE|INSPECT","CUT=24/44;ASSEMBLE=72/88;INSPECT=36/44"
P1|N12|F|WORK|d90|p100,4,940,43,"C1A0T1I2F0","(1,2,2,0)","ASSEMBLE","CUT=24/43;ASSEMBLE=72/86;INSPECT=36/86"
P1|N12|F|WORK|d90|p100,5,1000,42,"C1A0T0I0F3 C1A1T0I0F2","(1,0,0,3) (1,1,0,2)","ASSEMBLE+INSPECT ASSEMBLE+INSPECT","CUT=24/42;ASSEMBLE+INSPECT=108/126 CUT=24/42;ASSEMBLE+INSPECT=108/126"
P1|N12|F|WORK|d90|p100,6,1040,41,"C2A0T1I2F0","(2,2,2,0)","ASSEMBLE","CUT=24/82;ASSEMBLE=72/82;INSPECT=36/82"
P1|N12|F|WORK|d90|p100,7,1090,35,"C1A0T1I1F1","(1,2,1,1)","ASSEMBLE+INSPECT","CUT=24/35;ASSEMBLE+INSPECT=108/140"
P1|N12|F|WORK|d90|p100,8,1240,33,"C1A0T1I2F1 C1A1T1I2F0","(1,2,2,1) (1,3,2,0)","CUT CUT|ASSEMBLE","CUT=24/33;ASSEMBLE+INSPECT=108/165 CUT=24/33;ASSEMBLE=72/99;INSPECT=36/66"
P1|N12|F|WORK|d90|p100,9,1340,32,"C2A1T1I2F0","(2,3,2,0)","ASSEMBLE","CUT=24/64;ASSEMBLE=72/96;INSPECT=36/64"
P1|N12|F|WORK|d90|p100,10,1490,29,"C2A0T1I1F2","(2,2,1,2)","ASSEMBLE+INSPECT","CUT=24/58;ASSEMBLE+INSPECT=108/145"
P1|N12|F|WORK|d90|p100,11,1580,26,"C2A0T2I2F0","(2,4,2,0)","ASSEMBLE|INSPECT","CUT=24/52;ASSEMBLE=72/104;INSPECT=36/52"
P1|N12|F|WORK|d90|p100,12,1790,25,"C2A0T1I1F3","(2,2,1,3)","ASSEMBLE+INSPECT","CUT=24/50;ASSEMBLE+INSPECT=108/150"
P1|N12|F|WORK|d90|p100,13,1880,24,"C2A0T2I2F1","(2,4,2,1)","ASSEMBLE+INSPECT","CUT=24/48;ASSEMBLE+INSPECT=108/168"
P1|N12|F|WORK|d90|p100,14,1890,23,"C3A0T1I1F3","(3,2,1,3)","ASSEMBLE+INSPECT","CUT=24/69;ASSEMBLE+INSPECT=108/138"
P1|N12|F|WORK|d90|p100,15,2270,22,"C2A0T3I3F0","(2,6,3,0)","CUT|ASSEMBLE|INSPECT","CUT=24/44;ASSEMBLE=72/132;INSPECT=36/66"
P1|N12|F|WORK|d90|p100,16,2370,20,"C3A0T3I3F0","(3,6,3,0)","ASSEMBLE|INSPECT","CUT=24/60;ASSEMBLE=72/120;INSPECT=36/60"
P1|N12|F|WORK|d90|p100,17,2730,19,"C3A1T2I3F2","(3,5,3,2)","ASSEMBLE+INSPECT","CUT=24/57;ASSEMBLE+INSPECT=108/190"
P1|N12|F|WORK|d90|p100,18,2980,17,"C4A1T2I2F3","(4,5,2,3)","ASSEMBLE+INSPECT","CUT=24/68;ASSEMBLE+INSPECT=108/170"
P1|N12|F|WORK|d90|p100,19,4720,16,"C4A4T3I4F3","(4,10,4,3)","ASSEMBLE+INSPECT","CUT=24/64;ASSEMBLE+INSPECT=108/272"
P1|N12|F|WORK|d90|p125,0,475,110,"C1A0T0I0F1","(1,0,0,1)","ASSEMBLE+INSPECT","CUT=24/110;ASSEMBLE+INSPECT=108/110"
P1|N12|F|WORK|d90|p125,1,550,77,"C1A1T0I1F0","(1,1,1,0)","ASSEMBLE","CUT=24/77;ASSEMBLE=72/77;INSPECT=36/77"
P1|N12|F|WORK|d90|p125,2,775,59,"C1A1T0I0F1","(1,1,0,1)","ASSEMBLE+INSPECT","CUT=24/59;ASSEMBLE+INSPECT=108/118"
P1|N12|F|WORK|d90|p125,3,790,44,"C1A0T1I1F0","(1,2,1,0)","ASSEMBLE|INSPECT","CUT=24/44;ASSEMBLE=72/88;INSPECT=36/44"
P1|N12|F|WORK|d90|p125,4,940,43,"C1A0T1I2F0","(1,2,2,0)","ASSEMBLE","CUT=24/43;ASSEMBLE=72/86;INSPECT=36/86"
P1|N12|F|WORK|d90|p125,5,1040,41,"C2A0T1I2F0","(2,2,2,0)","ASSEMBLE","CUT=24/82;ASSEMBLE=72/82;INSPECT=36/82"
P1|N12|F|WORK|d90|p125,6,1165,35,"C1A0T1I1F1","(1,2,1,1)","ASSEMBLE+INSPECT","CUT=24/35;ASSEMBLE+INSPECT=108/140"
P1|N12|F|WORK|d90|p125,7,1240,33,"C1A1T1I2F0","(1,3,2,0)","CUT|ASSEMBLE","CUT=24/33;ASSEMBLE=72/99;INSPECT=36/66"
P1|N12|F|WORK|d90|p125,8,1340,32,"C2A1T1I2F0","(2,3,2,0)","ASSEMBLE","CUT=24/64;ASSEMBLE=72/96;INSPECT=36/64"
P1|N12|F|WORK|d90|p125,9,1490,31,"C2A1T1I3F0","(2,3,3,0)","ASSEMBLE","CUT=24/62;ASSEMBLE=72/93;INSPECT=36/93"
P1|N12|F|WORK|d90|p125,10,1580,26,"C2A0T2I2F0","(2,4,2,0)","ASSEMBLE|INSPECT","CUT=24/52;ASSEMBLE=72/104;INSPECT=36/52"
P1|N12|F|WORK|d90|p125,11,1880,25,"C2A0T2I4F0","(2,4,4,0)","ASSEMBLE","CUT=24/50;ASSEMBLE=72/100;INSPECT=36/100"
P1|N12|F|WORK|d90|p125,12,1955,24,"C2A0T2I2F1","(2,4,2,1)","ASSEMBLE+INSPECT","CUT=24/48;ASSEMBLE+INSPECT=108/168"
P1|N12|F|WORK|d90|p125,13,2030,23,"C2A1T2I3F0","(2,5,3,0)","ASSEMBLE","CUT=24/46;ASSEMBLE=72/115;INSPECT=36/69"
P1|N12|F|WORK|d90|p125,14,2270,22,"C2A0T3I3F0","(2,6,3,0)","CUT|ASSEMBLE|INSPECT","CUT=24/44;ASSEMBLE=72/132;INSPECT=36/66"
P1|N12|F|WORK|d90|p125,15,2370,20,"C3A0T3I3F0","(3,6,3,0)","ASSEMBLE|INSPECT","CUT=24/60;ASSEMBLE=72/120;INSPECT=36/60"
P1|N12|F|WORK|d90|p125,16,2880,19,"C3A1T2I3F2","(3,5,3,2)","ASSEMBLE+INSPECT","CUT=24/57;ASSEMBLE+INSPECT=108/190"
P1|N12|F|WORK|d90|p125,17,3205,17,"C4A1T2I2F3","(4,5,2,3)","ASSEMBLE+INSPECT","CUT=24/68;ASSEMBLE+INSPECT=108/170"
P1|N12|F|WORK|d90|p125,18,4945,16,"C4A4T3I4F3","(4,10,4,3)","ASSEMBLE+INSPECT","CUT=24/64;ASSEMBLE+INSPECT=108/272"
P1|N12|F|WORK|d90|p150,0,550,77,"C1A1T0I1F0","(1,1,1,0)","ASSEMBLE","CUT=24/77;ASSEMBLE=72/77;INSPECT=36/77"
P1|N12|F|WORK|d90|p150,1,790,44,"C1A0T1I1F0","(1,2,1,0)","ASSEMBLE|INSPECT","CUT=24/44;ASSEMBLE=72/88;INSPECT=36/44"
P1|N12|F|WORK|d90|p150,2,940,43,"C1A0T1I2F0","(1,2,2,0)","ASSEMBLE","CUT=24/43;ASSEMBLE=72/86;INSPECT=36/86"
P1|N12|F|WORK|d90|p150,3,1040,41,"C2A0T1I2F0","(2,2,2,0)","ASSEMBLE","CUT=24/82;ASSEMBLE=72/82;INSPECT=36/82"
P1|N12|F|WORK|d90|p150,4,1240,33,"C1A1T1I2F0","(1,3,2,0)","CUT|ASSEMBLE","CUT=24/33;ASSEMBLE=72/99;INSPECT=36/66"
P1|N12|F|WORK|d90|p150,5,1340,32,"C2A1T1I2F0","(2,3,2,0)","ASSEMBLE","CUT=24/64;ASSEMBLE=72/96;INSPECT=36/64"
P1|N12|F|WORK|d90|p150,6,1490,31,"C2A1T1I3F0","(2,3,3,0)","ASSEMBLE","CUT=24/62;ASSEMBLE=72/93;INSPECT=36/93"
P1|N12|F|WORK|d90|p150,7,1580,26,"C2A0T2I2F0","(2,4,2,0)","ASSEMBLE|INSPECT","CUT=24/52;ASSEMBLE=72/104;INSPECT=36/52"
P1|N12|F|WORK|d90|p150,8,1880,25,"C2A0T2I4F0","(2,4,4,0)","ASSEMBLE","CUT=24/50;ASSEMBLE=72/100;INSPECT=36/100"
P1|N12|F|WORK|d90|p150,9,2030,23,"C2A1T2I3F0","(2,5,3,0)","ASSEMBLE","CUT=24/46;ASSEMBLE=72/115;INSPECT=36/69"
P1|N12|F|WORK|d90|p150,10,2270,22,"C2A0T3I3F0","(2,6,3,0)","CUT|ASSEMBLE|INSPECT","CUT=24/44;ASSEMBLE=72/132;INSPECT=36/66"
P1|N12|F|WORK|d90|p150,11,2370,20,"C3A0T3I3F0","(3,6,3,0)","ASSEMBLE|INSPECT","CUT=24/60;ASSEMBLE=72/120;INSPECT=36/60"
P1|N12|F|WORK|d90|p150,12,2970,19,"C3A0T3I4F1","(3,6,4,1)","ASSEMBLE+INSPECT","CUT=24/57;ASSEMBLE+INSPECT=108/209"
P1|N12|F|WORK|d90|p150,13,3220,17,"C4A2T3I4F0","(4,8,4,0)","ASSEMBLE|INSPECT","CUT=24/68;ASSEMBLE=72/136;INSPECT=36/68"
P1|N12|F|WORK|d90|p150,14,5170,16,"C4A4T3I4F3","(4,10,4,3)","ASSEMBLE+INSPECT","CUT=24/64;ASSEMBLE+INSPECT=108/272"
P1|N12|F|WORK|d90|p200,0,550,77,"C1A1T0I1F0","(1,1,1,0)","ASSEMBLE","CUT=24/77;ASSEMBLE=72/77;INSPECT=36/77"
P1|N12|F|WORK|d90|p200,1,790,44,"C1A0T1I1F0","(1,2,1,0)","ASSEMBLE|INSPECT","CUT=24/44;ASSEMBLE=72/88;INSPECT=36/44"
P1|N12|F|WORK|d90|p200,2,940,43,"C1A0T1I2F0","(1,2,2,0)","ASSEMBLE","CUT=24/43;ASSEMBLE=72/86;INSPECT=36/86"
P1|N12|F|WORK|d90|p200,3,1040,41,"C2A0T1I2F0","(2,2,2,0)","ASSEMBLE","CUT=24/82;ASSEMBLE=72/82;INSPECT=36/82"
P1|N12|F|WORK|d90|p200,4,1240,33,"C1A1T1I2F0","(1,3,2,0)","CUT|ASSEMBLE","CUT=24/33;ASSEMBLE=72/99;INSPECT=36/66"
P1|N12|F|WORK|d90|p200,5,1340,32,"C2A1T1I2F0","(2,3,2,0)","ASSEMBLE","CUT=24/64;ASSEMBLE=72/96;INSPECT=36/64"
P1|N12|F|WORK|d90|p200,6,1490,31,"C2A1T1I3F0","(2,3,3,0)","ASSEMBLE","CUT=24/62;ASSEMBLE=72/93;INSPECT=36/93"
P1|N12|F|WORK|d90|p200,7,1580,26,"C2A0T2I2F0","(2,4,2,0)","ASSEMBLE|INSPECT","CUT=24/52;ASSEMBLE=72/104;INSPECT=36/52"
P1|N12|F|WORK|d90|p200,8,1880,25,"C2A0T2I4F0","(2,4,4,0)","ASSEMBLE","CUT=24/50;ASSEMBLE=72/100;INSPECT=36/100"
P1|N12|F|WORK|d90|p200,9,2030,23,"C2A1T2I3F0","(2,5,3,0)","ASSEMBLE","CUT=24/46;ASSEMBLE=72/115;INSPECT=36/69"
P1|N12|F|WORK|d90|p200,10,2270,22,"C2A0T3I3F0","(2,6,3,0)","CUT|ASSEMBLE|INSPECT","CUT=24/44;ASSEMBLE=72/132;INSPECT=36/66"
P1|N12|F|WORK|d90|p200,11,2370,20,"C3A0T3I3F0","(3,6,3,0)","ASSEMBLE|INSPECT","CUT=24/60;ASSEMBLE=72/120;INSPECT=36/60"
P1|N12|F|WORK|d90|p200,12,3120,19,"C3A0T3I4F1 C3A2T3I4F0","(3,6,4,1) (3,8,4,0)","ASSEMBLE+INSPECT ASSEMBLE|INSPECT","CUT=24/57;ASSEMBLE+INSPECT=108/209 CUT=24/57;ASSEMBLE=72/152;INSPECT=36/76"
P1|N12|F|WORK|d90|p200,13,3220,17,"C4A2T3I4F0","(4,8,4,0)","ASSEMBLE|INSPECT","CUT=24/68;ASSEMBLE=72/136;INSPECT=36/68"
P1|N12|F|WORK|d90|p200,14,5620,16,"C4A4T3I4F3 C4A6T3I4F2","(4,10,4,3) (4,12,4,2)","ASSEMBLE+INSPECT CUT|ASSEMBLE+INSPECT","CUT=24/64;ASSEMBLE+INSPECT=108/272 CUT=24/64;ASSEMBLE+INSPECT=108/288"
P1|N12|F|WORK|d100|p100,0,400,110,"C1A0T0I0F1","(1,0,0,1)","ASSEMBLE+INSPECT","CUT=24/110;ASSEMBLE+INSPECT=108/110"
P1|N12|F|WORK|d100|p100,1,550,77,"C1A0T0I1F1 C1A1T0I1F0","(1,0,1,1) (1,1,1,0)","ASSEMBLE+INSPECT ASSEMBLE","CUT=24/77;ASSEMBLE+INSPECT=108/154 CUT=24/77;ASSEMBLE=72/77;INSPECT=36/77"
P1|N12|F|WORK|d100|p100,2,700,58,"C1A0T0I0F2","(1,0,0,2)","ASSEMBLE+INSPECT","CUT=24/58;ASSEMBLE+INSPECT=108/116"
P1|N12|F|WORK|d100|p100,3,800,56,"C2A0T0I0F2","(2,0,0,2)","ASSEMBLE+INSPECT","CUT=24/112;ASSEMBLE+INSPECT=108/112"
P1|N12|F|WORK|d100|p100,4,850,44,"C1A0T1I1F0 C1A2T0I1F0","(1,2,1,0) (1,2,1,0)","ASSEMBLE|INSPECT ASSEMBLE|INSPECT","CUT=24/44;ASSEMBLE=72/88;INSPECT=36/44 CUT=24/44;ASSEMBLE=72/88;INSPECT=36/44"
P1|N12|F|WORK|d100|p100,5,1000,42,"C1A0T0I0F3 C1A1T0I0F2","(1,0,0,3) (1,1,0,2)","ASSEMBLE+INSPECT ASSEMBLE+INSPECT","CUT=24/42;ASSEMBLE+INSPECT=108/126 CUT=24/42;ASSEMBLE+INSPECT=108/126"
P1|N12|F|WORK|d100|p100,6,1100,40,"C2A0T0I0F3","(2,0,0,3)","ASSEMBLE+INSPECT","CUT=24/80;ASSEMBLE+INSPECT=108/120"
P1|N12|F|WORK|d100|p100,7,1150,35,"C1A0T1I1F1 C1A1T0I1F2 C1A2T0I1F1","(1,2,1,1) (1,1,1,2) (1,2,1,1)","ASSEMBLE+INSPECT ASSEMBLE+INSPECT ASSEMBLE+INSPECT","CUT=24/35;ASSEMBLE+INSPECT=108/140 CUT=24/35;ASSEMBLE+INSPECT=108/140 CUT=24/35;ASSEMBLE+INSPECT=108/140"
P1|N12|F|WORK|d100|p100,8,1300,33,"C1A0T0I2F3 C1A0T1I2F1 C1A1T0I2F2 C1A1T1I2F0 C1A2T0I2F1 C1A3T0I2F0","(1,0,2,3) (1,2,2,1) (1,1,2,2) (1,3,2,0) (1,2,2,1) (1,3,2,0)","CUT CUT CUT CUT|ASSEMBLE CUT CUT|ASSEMBLE","CUT=24/33;ASSEMBLE+INSPECT=108/165 CUT=24/33;ASSEMBLE+INSPECT=108/165 CUT=24/33;ASSEMBLE+INSPECT=108/165 CUT=24/33;ASSEMBLE=72/99;INSPECT=36/66 CUT=24/33;ASSEMBLE+INSPECT=108/165 CUT=24/33;ASSEMBLE=72/99;INSPECT=36/66"
P1|N12|F|WORK|d100|p100,9,1400,32,"C2A1T0I0F3 C2A1T1I2F0 C2A3T0I2F0","(2,1,0,3) (2,3,2,0) (2,3,2,0)","ASSEMBLE+INSPECT ASSEMBLE ASSEMBLE","CUT=24/64;ASSEMBLE+INSPECT=108/128 CUT=24/64;ASSEMBLE=72/96;INSPECT=36/64 CUT=24/64;ASSEMBLE=72/96;INSPECT=36/64"
P1|N12|F|WORK|d100|p100,10,1550,29,"C2A0T1I1F2 C2A1T0I1F3 C2A2T0I1F2","(2,2,1,2) (2,1,1,3) (2,2,1,2)","ASSEMBLE+INSPECT ASSEMBLE+INSPECT ASSEMBLE+INSPECT","CUT=24/58;ASSEMBLE+INSPECT=108/145 CUT=24/58;ASSEMBLE+INSPECT=108/145 CUT=24/58;ASSEMBLE+INSPECT=108/145"
P1|N12|F|WORK|d100|p100,11,1700,26,"C2A0T2I2F0 C2A2T1I2F0 C2A4T0I2F0","(2,4,2,0) (2,4,2,0) (2,4,2,0)","ASSEMBLE|INSPECT ASSEMBLE|INSPECT ASSEMBLE|INSPECT","CUT=24/52;ASSEMBLE=72/104;INSPECT=36/52 CUT=24/52;ASSEMBLE=72/104;INSPECT=36/52 CUT=24/52;ASSEMBLE=72/104;INSPECT=36/52"
P1|N12|F|WORK|d100|p100,12,1850,25,"C2A0T1I1F3 C2A2T0I1F3","(2,2,1,3) (2,2,1,3)","ASSEMBLE+INSPECT ASSEMBLE+INSPECT","CUT=24/50;ASSEMBLE+INSPECT=108/150 CUT=24/50;ASSEMBLE+INSPECT=108/150"
P1|N12|F|WORK|d100|p100,13,1950,23,"C3A0T1I1F3 C3A2T0I1F3","(3,2,1,3) (3,2,1,3)","ASSEMBLE+INSPECT ASSEMBLE+INSPECT","CUT=24/69;ASSEMBLE+INSPECT=108/138 CUT=24/69;ASSEMBLE+INSPECT=108/138"
P1|N12|F|WORK|d100|p100,14,2400,22,"C3A0T2I2F2 C3A1T1I2F3 C3A2T1I2F2 C3A3T0I2F3 C3A4T0I2F2","(3,4,2,2) (3,3,2,3) (3,4,2,2) (3,3,2,3) (3,4,2,2)","ASSEMBLE+INSPECT ASSEMBLE+INSPECT ASSEMBLE+INSPECT ASSEMBLE+INSPECT ASSEMBLE+INSPECT","CUT=24/66;ASSEMBLE+INSPECT=108/176 CUT=24/66;ASSEMBLE+INSPECT=108/176 CUT=24/66;ASSEMBLE+INSPECT=108/176 CUT=24/66;ASSEMBLE+INSPECT=108/176 CUT=24/66;ASSEMBLE+INSPECT=108/176"
P1|N12|F|WORK|d100|p100,15,2550,20,"C3A0T3I3F0 C3A2T2I3F0 C3A4T1I3F0 C3A6T0I3F0","(3,6,3,0) (3,6,3,0) (3,6,3,0) (3,6,3,0)","ASSEMBLE|INSPECT ASSEMBLE|INSPECT ASSEMBLE|INSPECT ASSEMBLE|INSPECT","CUT=24/60;ASSEMBLE=72/120;INSPECT=36/60 CUT=24/60;ASSEMBLE=72/120;INSPECT=36/60 CUT=24/60;ASSEMBLE=72/120;INSPECT=36/60 CUT=24/60;ASSEMBLE=72/120;INSPECT=36/60"
P1|N12|F|WORK|d100|p100,16,2850,19,"C3A1T2I3F2 C3A3T1I3F2 C3A5T0I3F2","(3,5,3,2) (3,5,3,2) (3,5,3,2)","ASSEMBLE+INSPECT ASSEMBLE+INSPECT ASSEMBLE+INSPECT","CUT=24/57;ASSEMBLE+INSPECT=108/190 CUT=24/57;ASSEMBLE+INSPECT=108/190 CUT=24/57;ASSEMBLE+INSPECT=108/190"
P1|N12|F|WORK|d100|p100,17,3100,17,"C4A1T2I2F3 C4A3T1I2F3 C4A5T0I2F3","(4,5,2,3) (4,5,2,3) (4,5,2,3)","ASSEMBLE+INSPECT ASSEMBLE+INSPECT ASSEMBLE+INSPECT","CUT=24/68;ASSEMBLE+INSPECT=108/170 CUT=24/68;ASSEMBLE+INSPECT=108/170 CUT=24/68;ASSEMBLE+INSPECT=108/170"
P1|N12|F|WORK|d100|p100,18,4900,16,"C4A4T3I4F3 C4A6T2I4F3","(4,10,4,3) (4,10,4,3)","ASSEMBLE+INSPECT ASSEMBLE+INSPECT","CUT=24/64;ASSEMBLE+INSPECT=108/272 CUT=24/64;ASSEMBLE+INSPECT=108/272"
P1|N12|F|WORK|d100|p125,0,475,110,"C1A0T0I0F1","(1,0,0,1)","ASSEMBLE+INSPECT","CUT=24/110;ASSEMBLE+INSPECT=108/110"
P1|N12|F|WORK|d100|p125,1,550,77,"C1A1T0I1F0","(1,1,1,0)","ASSEMBLE","CUT=24/77;ASSEMBLE=72/77;INSPECT=36/77"
P1|N12|F|WORK|d100|p125,2,775,59,"C1A1T0I0F1","(1,1,0,1)","ASSEMBLE+INSPECT","CUT=24/59;ASSEMBLE+INSPECT=108/118"
P1|N12|F|WORK|d100|p125,3,850,44,"C1A0T1I1F0 C1A2T0I1F0","(1,2,1,0) (1,2,1,0)","ASSEMBLE|INSPECT ASSEMBLE|INSPECT","CUT=24/44;ASSEMBLE=72/88;INSPECT=36/44 CUT=24/44;ASSEMBLE=72/88;INSPECT=36/44"
P1|N12|F|WORK|d100|p125,4,1000,43,"C1A0T1I2F0 C1A2T0I2F0","(1,2,2,0) (1,2,2,0)","ASSEMBLE ASSEMBLE","CUT=24/43;ASSEMBLE=72/86;INSPECT=36/86 CUT=24/43;ASSEMBLE=72/86;INSPECT=36/86"
P1|N12|F|WORK|d100|p125,5,1100,41,"C2A0T1I2F0 C2A2T0I2F0","(2,2,2,0) (2,2,2,0)","ASSEMBLE ASSEMBLE","CUT=24/82;ASSEMBLE=72/82;INSPECT=36/82 CUT=24/82;ASSEMBLE=72/82;INSPECT=36/82"
P1|N12|F|WORK|d100|p125,6,1225,35,"C1A0T1I1F1 C1A2T0I1F1","(1,2,1,1) (1,2,1,1)","ASSEMBLE+INSPECT ASSEMBLE+INSPECT","CUT=24/35;ASSEMBLE+INSPECT=108/140 CUT=24/35;ASSEMBLE+INSPECT=108/140"
P1|N12|F|WORK|d100|p125,7,1300,33,"C1A1T1I2F0 C1A3T0I2F0","(1,3,2,0) (1,3,2,0)","CUT|ASSEMBLE CUT|ASSEMBLE","CUT=24/33;ASSEMBLE=72/99;INSPECT=36/66 CUT=24/33;ASSEMBLE=72/99;INSPECT=36/66"
P1|N12|F|WORK|d100|p125,8,1400,32,"C2A1T1I2F0 C2A3T0I2F0","(2,3,2,0) (2,3,2,0)","ASSEMBLE ASSEMBLE","CUT=24/64;ASSEMBLE=72/96;INSPECT=36/64 CUT=24/64;ASSEMBLE=72/96;INSPECT=36/64"
P1|N12|F|WORK|d100|p125,9,1550,31,"C2A1T1I3F0 C2A3T0I3F0","(2,3,3,0) (2,3,3,0)","ASSEMBLE ASSEMBLE","CUT=24/62;ASSEMBLE=72/93;INSPECT=36/93 CUT=24/62;ASSEMBLE=72/93;INSPECT=36/93"
P1|N12|F|WORK|d100|p125,10,1650,29,"C3A1T1I3F0 C3A3T0I3F0","(3,3,3,0) (3,3,3,0)","ASSEMBLE ASSEMBLE","CUT=24/87;ASSEMBLE=72/87;INSPECT=36/87 CUT=24/87;ASSEMBLE=72/87;INSPECT=36/87"
P1|N12|F|WORK|d100|p125,11,1700,26,"C2A0T2I2F0 C2A2T1I2F0 C2A4T0I2F0","(2,4,2,0) (2,4,2,0) (2,4,2,0)","ASSEMBLE|INSPECT ASSEMBLE|INSPECT ASSEMBLE|INSPECT","CUT=24/52;ASSEMBLE=72/104;INSPECT=36/52 CUT=24/52;ASSEMBLE=72/104;INSPECT=36/52 CUT=24/52;ASSEMBLE=72/104;INSPECT=36/52"
P1|N12|F|WORK|d100|p125,12,2000,25,"C2A0T2I4F0 C2A2T1I4F0 C2A4T0I4F0","(2,4,4,0) (2,4,4,0) (2,4,4,0)","ASSEMBLE ASSEMBLE ASSEMBLE","CUT=24/50;ASSEMBLE=72/100;INSPECT=36/100 CUT=24/50;ASSEMBLE=72/100;INSPECT=36/100 CUT=24/50;ASSEMBLE=72/100;INSPECT=36/100"
P1|N12|F|WORK|d100|p125,13,2075,24,"C2A0T2I2F1 C2A2T1I2F1 C2A4T0I2F1","(2,4,2,1) (2,4,2,1) (2,4,2,1)","ASSEMBLE+INSPECT ASSEMBLE+INSPECT ASSEMBLE+INSPECT","CUT=24/48;ASSEMBLE+INSPECT=108/168 CUT=24/48;ASSEMBLE+INSPECT=108/168 CUT=24/48;ASSEMBLE+INSPECT=108/168"
P1|N12|F|WORK|d100|p125,14,2150,23,"C2A1T1I2F2 C2A1T2I3F0 C2A3T0I2F2 C2A3T1I3F0 C2A5T0I3F0","(2,3,2,2) (2,5,3,0) (2,3,2,2) (2,5,3,0) (2,5,3,0)","ASSEMBLE+INSPECT ASSEMBLE ASSEMBLE+INSPECT ASSEMBLE ASSEMBLE","CUT=24/46;ASSEMBLE+INSPECT=108/161 CUT=24/46;ASSEMBLE=72/115;INSPECT=36/69 CUT=24/46;ASSEMBLE+INSPECT=108/161 CUT=24/46;ASSEMBLE=72/115;INSPECT=36/69 CUT=24/46;ASSEMBLE=72/115;INSPECT=36/69"
P1|N12|F|WORK|d100|p125,15,2450,22,"C2A0T3I3F0 C2A2T2I3F0 C2A4T1I3F0 C2A6T0I3F0","(2,6,3,0) (2,6,3,0) (2,6,3,0) (2,6,3,0)","CUT|ASSEMBLE|INSPECT CUT|ASSEMBLE|INSPECT CUT|ASSEMBLE|INSPECT CUT|ASSEMBLE|INSPECT","CUT=24/44;ASSEMBLE=72/132;INSPECT=36/66 CUT=24/44;ASSEMBLE=72/132;INSPECT=36/66 CUT=24/44;ASSEMBLE=72/132;INSPECT=36/66 CUT=24/44;ASSEMBLE=72/132;INSPECT=36/66"
P1|N12|F|WORK|d100|p125,16,2550,20,"C3A0T3I3F0 C3A2T2I3F0 C3A4T1I3F0 C3A6T0I3F0","(3,6,3,0) (3,6,3,0) (3,6,3,0) (3,6,3,0)","ASSEMBLE|INSPECT ASSEMBLE|INSPECT ASSEMBLE|INSPECT ASSEMBLE|INSPECT","CUT=24/60;ASSEMBLE=72/120;INSPECT=36/60 CUT=24/60;ASSEMBLE=72/120;INSPECT=36/60 CUT=24/60;ASSEMBLE=72/120;INSPECT=36/60 CUT=24/60;ASSEMBLE=72/120;INSPECT=36/60"
P1|N12|F|WORK|d100|p125,17,3000,19,"C3A1T2I3F2 C3A3T1I3F2 C3A5T0I3F2","(3,5,3,2) (3,5,3,2) (3,5,3,2)","ASSEMBLE+INSPECT ASSEMBLE+INSPECT ASSEMBLE+INSPECT","CUT=24/57;ASSEMBLE+INSPECT=108/190 CUT=24/57;ASSEMBLE+INSPECT=108/190 CUT=24/57;ASSEMBLE+INSPECT=108/190"
P1|N12|F|WORK|d100|p125,18,3325,17,"C4A1T2I2F3 C4A3T1I2F3 C4A5T0I2F3","(4,5,2,3) (4,5,2,3) (4,5,2,3)","ASSEMBLE+INSPECT ASSEMBLE+INSPECT ASSEMBLE+INSPECT","CUT=24/68;ASSEMBLE+INSPECT=108/170 CUT=24/68;ASSEMBLE+INSPECT=108/170 CUT=24/68;ASSEMBLE+INSPECT=108/170"
P1|N12|F|WORK|d100|p125,19,5125,16,"C4A4T3I4F3 C4A6T2I4F3","(4,10,4,3) (4,10,4,3)","ASSEMBLE+INSPECT ASSEMBLE+INSPECT","CUT=24/64;ASSEMBLE+INSPECT=108/272 CUT=24/64;ASSEMBLE+INSPECT=108/272"
P1|N12|F|WORK|d100|p150,0,550,77,"C1A1T0I1F0","(1,1,1,0)","ASSEMBLE","CUT=24/77;ASSEMBLE=72/77;INSPECT=36/77"
P1|N12|F|WORK|d100|p150,1,850,44,"C1A0T1I1F0 C1A2T0I1F0","(1,2,1,0) (1,2,1,0)","ASSEMBLE|INSPECT ASSEMBLE|INSPECT","CUT=24/44;ASSEMBLE=72/88;INSPECT=36/44 CUT=24/44;ASSEMBLE=72/88;INSPECT=36/44"
P1|N12|F|WORK|d100|p150,2,1000,43,"C1A0T1I2F0 C1A2T0I2F0","(1,2,2,0) (1,2,2,0)","ASSEMBLE ASSEMBLE","CUT=24/43;ASSEMBLE=72/86;INSPECT=36/86 CUT=24/43;ASSEMBLE=72/86;INSPECT=36/86"
P1|N12|F|WORK|d100|p150,3,1100,41,"C2A0T1I2F0 C2A2T0I2F0","(2,2,2,0) (2,2,2,0)","ASSEMBLE ASSEMBLE","CUT=24/82;ASSEMBLE=72/82;INSPECT=36/82 CUT=24/82;ASSEMBLE=72/82;INSPECT=36/82"
P1|N12|F|WORK|d100|p150,4,1300,33,"C1A1T1I2F0 C1A3T0I2F0","(1,3,2,0) (1,3,2,0)","CUT|ASSEMBLE CUT|ASSEMBLE","CUT=24/33;ASSEMBLE=72/99;INSPECT=36/66 CUT=24/33;ASSEMBLE=72/99;INSPECT=36/66"
P1|N12|F|WORK|d100|p150,5,1400,32,"C2A1T1I2F0 C2A3T0I2F0","(2,3,2,0) (2,3,2,0)","ASSEMBLE ASSEMBLE","CUT=24/64;ASSEMBLE=72/96;INSPECT=36/64 CUT=24/64;ASSEMBLE=72/96;INSPECT=36/64"
P1|N12|F|WORK|d100|p150,6,1550,31,"C2A1T1I3F0 C2A3T0I3F0","(2,3,3,0) (2,3,3,0)","ASSEMBLE ASSEMBLE","CUT=24/62;ASSEMBLE=72/93;INSPECT=36/93 CUT=24/62;ASSEMBLE=72/93;INSPECT=36/93"
P1|N12|F|WORK|d100|p150,7,1650,29,"C3A1T1I3F0 C3A3T0I3F0","(3,3,3,0) (3,3,3,0)","ASSEMBLE ASSEMBLE","CUT=24/87;ASSEMBLE=72/87;INSPECT=36/87 CUT=24/87;ASSEMBLE=72/87;INSPECT=36/87"
P1|N12|F|WORK|d100|p150,8,1700,26,"C2A0T2I2F0 C2A2T1I2F0 C2A4T0I2F0","(2,4,2,0) (2,4,2,0) (2,4,2,0)","ASSEMBLE|INSPECT ASSEMBLE|INSPECT ASSEMBLE|INSPECT","CUT=24/52;ASSEMBLE=72/104;INSPECT=36/52 CUT=24/52;ASSEMBLE=72/104;INSPECT=36/52 CUT=24/52;ASSEMBLE=72/104;INSPECT=36/52"
P1|N12|F|WORK|d100|p150,9,2000,25,"C2A0T2I4F0 C2A2T1I4F0 C2A4T0I4F0","(2,4,4,0) (2,4,4,0) (2,4,4,0)","ASSEMBLE ASSEMBLE ASSEMBLE","CUT=24/50;ASSEMBLE=72/100;INSPECT=36/100 CUT=24/50;ASSEMBLE=72/100;INSPECT=36/100 CUT=24/50;ASSEMBLE=72/100;INSPECT=36/100"
P1|N12|F|WORK|d100|p150,10,2150,23,"C2A1T2I3F0 C2A3T1I3F0 C2A5T0I3F0","(2,5,3,0) (2,5,3,0) (2,5,3,0)","ASSEMBLE ASSEMBLE ASSEMBLE","CUT=24/46;ASSEMBLE=72/115;INSPECT=36/69 CUT=24/46;ASSEMBLE=72/115;INSPECT=36/69 CUT=24/46;ASSEMBLE=72/115;INSPECT=36/69"
P1|N12|F|WORK|d100|p150,11,2450,22,"C2A0T3I3F0 C2A2T2I3F0 C2A4T1I3F0 C2A6T0I3F0","(2,6,3,0) (2,6,3,0) (2,6,3,0) (2,6,3,0)","CUT|ASSEMBLE|INSPECT CUT|ASSEMBLE|INSPECT CUT|ASSEMBLE|INSPECT CUT|ASSEMBLE|INSPECT","CUT=24/44;ASSEMBLE=72/132;INSPECT=36/66 CUT=24/44;ASSEMBLE=72/132;INSPECT=36/66 CUT=24/44;ASSEMBLE=72/132;INSPECT=36/66 CUT=24/44;ASSEMBLE=72/132;INSPECT=36/66"
P1|N12|F|WORK|d100|p150,12,2550,20,"C3A0T3I3F0 C3A2T2I3F0 C3A4T1I3F0 C3A6T0I3F0","(3,6,3,0) (3,6,3,0) (3,6,3,0) (3,6,3,0)","ASSEMBLE|INSPECT ASSEMBLE|INSPECT ASSEMBLE|INSPECT ASSEMBLE|INSPECT","CUT=24/60;ASSEMBLE=72/120;INSPECT=36/60 CUT=24/60;ASSEMBLE=72/120;INSPECT=36/60 CUT=24/60;ASSEMBLE=72/120;INSPECT=36/60 CUT=24/60;ASSEMBLE=72/120;INSPECT=36/60"
P1|N12|F|WORK|d100|p150,13,3150,19,"C3A0T3I4F1 C3A1T2I3F2 C3A2T2I4F1 C3A3T1I3F2 C3A4T1I4F1 C3A5T0I3F2 C3A6T0I4F1","(3,6,4,1) (3,5,3,2) (3,6,4,1) (3,5,3,2) (3,6,4,1) (3,5,3,2) (3,6,4,1)","ASSEMBLE+INSPECT ASSEMBLE+INSPECT ASSEMBLE+INSPECT ASSEMBLE+INSPECT ASSEMBLE+INSPECT ASSEMBLE+INSPECT ASSEMBLE+INSPECT","CUT=24/57;ASSEMBLE+INSPECT=108/209 CUT=24/57;ASSEMBLE+INSPECT=108/190 CUT=24/57;ASSEMBLE+INSPECT=108/209 CUT=24/57;ASSEMBLE+INSPECT=108/190 CUT=24/57;ASSEMBLE+INSPECT=108/209 CUT=24/57;ASSEMBLE+INSPECT=108/190 CUT=24/57;ASSEMBLE+INSPECT=108/209"
P1|N12|F|WORK|d100|p150,14,3400,17,"C4A2T3I4F0 C4A4T2I4F0 C4A6T1I4F0","(4,8,4,0) (4,8,4,0) (4,8,4,0)","ASSEMBLE|INSPECT ASSEMBLE|INSPECT ASSEMBLE|INSPECT","CUT=24/68;ASSEMBLE=72/136;INSPECT=36/68 CUT=24/68;ASSEMBLE=72/136;INSPECT=36/68 CUT=24/68;ASSEMBLE=72/136;INSPECT=36/68"
P1|N12|F|WORK|d100|p150,15,5350,16,"C4A4T3I4F3 C4A6T2I4F3","(4,10,4,3) (4,10,4,3)","ASSEMBLE+INSPECT ASSEMBLE+INSPECT","CUT=24/64;ASSEMBLE+INSPECT=108/272 CUT=24/64;ASSEMBLE+INSPECT=108/272"
P1|N12|F|WORK|d100|p200,0,550,77,"C1A1T0I1F0","(1,1,1,0)","ASSEMBLE","CUT=24/77;ASSEMBLE=72/77;INSPECT=36/77"
P1|N12|F|WORK|d100|p200,1,850,44,"C1A0T1I1F0 C1A2T0I1F0","(1,2,1,0) (1,2,1,0)","ASSEMBLE|INSPECT ASSEMBLE|INSPECT","CUT=24/44;ASSEMBLE=72/88;INSPECT=36/44 CUT=24/44;ASSEMBLE=72/88;INSPECT=36/44"
P1|N12|F|WORK|d100|p200,2,1000,43,"C1A0T1I2F0 C1A2T0I2F0","(1,2,2,0) (1,2,2,0)","ASSEMBLE ASSEMBLE","CUT=24/43;ASSEMBLE=72/86;INSPECT=36/86 CUT=24/43;ASSEMBLE=72/86;INSPECT=36/86"
P1|N12|F|WORK|d100|p200,3,1100,41,"C2A0T1I2F0 C2A2T0I2F0","(2,2,2,0) (2,2,2,0)","ASSEMBLE ASSEMBLE","CUT=24/82;ASSEMBLE=72/82;INSPECT=36/82 CUT=24/82;ASSEMBLE=72/82;INSPECT=36/82"
P1|N12|F|WORK|d100|p200,4,1300,33,"C1A1T1I2F0 C1A3T0I2F0","(1,3,2,0) (1,3,2,0)","CUT|ASSEMBLE CUT|ASSEMBLE","CUT=24/33;ASSEMBLE=72/99;INSPECT=36/66 CUT=24/33;ASSEMBLE=72/99;INSPECT=36/66"
P1|N12|F|WORK|d100|p200,5,1400,32,"C2A1T1I2F0 C2A3T0I2F0","(2,3,2,0) (2,3,2,0)","ASSEMBLE ASSEMBLE","CUT=24/64;ASSEMBLE=72/96;INSPECT=36/64 CUT=24/64;ASSEMBLE=72/96;INSPECT=36/64"
P1|N12|F|WORK|d100|p200,6,1550,31,"C2A1T1I3F0 C2A3T0I3F0","(2,3,3,0) (2,3,3,0)","ASSEMBLE ASSEMBLE","CUT=24/62;ASSEMBLE=72/93;INSPECT=36/93 CUT=24/62;ASSEMBLE=72/93;INSPECT=36/93"
P1|N12|F|WORK|d100|p200,7,1650,29,"C3A1T1I3F0 C3A3T0I3F0","(3,3,3,0) (3,3,3,0)","ASSEMBLE ASSEMBLE","CUT=24/87;ASSEMBLE=72/87;INSPECT=36/87 CUT=24/87;ASSEMBLE=72/87;INSPECT=36/87"
P1|N12|F|WORK|d100|p200,8,1700,26,"C2A0T2I2F0 C2A2T1I2F0 C2A4T0I2F0","(2,4,2,0) (2,4,2,0) (2,4,2,0)","ASSEMBLE|INSPECT ASSEMBLE|INSPECT ASSEMBLE|INSPECT","CUT=24/52;ASSEMBLE=72/104;INSPECT=36/52 CUT=24/52;ASSEMBLE=72/104;INSPECT=36/52 CUT=24/52;ASSEMBLE=72/104;INSPECT=36/52"
P1|N12|F|WORK|d100|p200,9,2000,25,"C2A0T2I4F0 C2A2T1I4F0 C2A4T0I4F0","(2,4,4,0) (2,4,4,0) (2,4,4,0)","ASSEMBLE ASSEMBLE ASSEMBLE","CUT=24/50;ASSEMBLE=72/100;INSPECT=36/100 CUT=24/50;ASSEMBLE=72/100;INSPECT=36/100 CUT=24/50;ASSEMBLE=72/100;INSPECT=36/100"
P1|N12|F|WORK|d100|p200,10,2150,23,"C2A1T2I3F0 C2A3T1I3F0 C2A5T0I3F0","(2,5,3,0) (2,5,3,0) (2,5,3,0)","ASSEMBLE ASSEMBLE ASSEMBLE","CUT=24/46;ASSEMBLE=72/115;INSPECT=36/69 CUT=24/46;ASSEMBLE=72/115;INSPECT=36/69 CUT=24/46;ASSEMBLE=72/115;INSPECT=36/69"
P1|N12|F|WORK|d100|p200,11,2450,22,"C2A0T3I3F0 C2A2T2I3F0 C2A4T1I3F0 C2A6T0I3F0","(2,6,3,0) (2,6,3,0) (2,6,3,0) (2,6,3,0)","CUT|ASSEMBLE|INSPECT CUT|ASSEMBLE|INSPECT CUT|ASSEMBLE|INSPECT CUT|ASSEMBLE|INSPECT","CUT=24/44;ASSEMBLE=72/132;INSPECT=36/66 CUT=24/44;ASSEMBLE=72/132;INSPECT=36/66 CUT=24/44;ASSEMBLE=72/132;INSPECT=36/66 CUT=24/44;ASSEMBLE=72/132;INSPECT=36/66"
P1|N12|F|WORK|d100|p200,12,2550,20,"C3A0T3I3F0 C3A2T2I3F0 C3A4T1I3F0 C3A6T0I3F0","(3,6,3,0) (3,6,3,0) (3,6,3,0) (3,6,3,0)","ASSEMBLE|INSPECT ASSEMBLE|INSPECT ASSEMBLE|INSPECT ASSEMBLE|INSPECT","CUT=24/60;ASSEMBLE=72/120;INSPECT=36/60 CUT=24/60;ASSEMBLE=72/120;INSPECT=36/60 CUT=24/60;ASSEMBLE=72/120;INSPECT=36/60 CUT=24/60;ASSEMBLE=72/120;INSPECT=36/60"
P1|N12|F|WORK|d100|p200,13,3300,19,"C3A0T3I4F1 C3A2T2I4F1 C3A2T3I4F0 C3A4T1I4F1 C3A4T2I4F0 C3A6T0I4F1 C3A6T1I4F0","(3,6,4,1) (3,6,4,1) (3,8,4,0) (3,6,4,1) (3,8,4,0) (3,6,4,1) (3,8,4,0)","ASSEMBLE+INSPECT ASSEMBLE+INSPECT ASSEMBLE|INSPECT ASSEMBLE+INSPECT ASSEMBLE|INSPECT ASSEMBLE+INSPECT ASSEMBLE|INSPECT","CUT=24/57;ASSEMBLE+INSPECT=108/209 CUT=24/57;ASSEMBLE+INSPECT=108/209 CUT=24/57;ASSEMBLE=72/152;INSPECT=36/76 CUT=24/57;ASSEMBLE+INSPECT=108/209 CUT=24/57;ASSEMBLE=72/152;INSPECT=36/76 CUT=24/57;ASSEMBLE+INSPECT=108/209 CUT=24/57;ASSEMBLE=72/152;INSPECT=36/76"
P1|N12|F|WORK|d100|p200,14,3400,17,"C4A2T3I4F0 C4A4T2I4F0 C4A6T1I4F0","(4,8,4,0) (4,8,4,0) (4,8,4,0)","ASSEMBLE|INSPECT ASSEMBLE|INSPECT ASSEMBLE|INSPECT","CUT=24/68;ASSEMBLE=72/136;INSPECT=36/68 CUT=24/68;ASSEMBLE=72/136;INSPECT=36/68 CUT=24/68;ASSEMBLE=72/136;INSPECT=36/68"
P1|N12|F|WORK|d100|p200,15,5800,16,"C4A4T3I4F3 C4A6T2I4F3 C4A6T3I4F2","(4,10,4,3) (4,10,4,3) (4,12,4,2)","ASSEMBLE+INSPECT ASSEMBLE+INSPECT CUT|ASSEMBLE+INSPECT","CUT=24/64;ASSEMBLE+INSPECT=108/272 CUT=24/64;ASSEMBLE+INSPECT=108/272 CUT=24/64;ASSEMBLE+INSPECT=108/288"
P1|N24|D|UNIFORM|d75|p0,0,300,149,"C1A1T0I1F0","(1,1,1,0)","ASSEMBLE","CUT=48/149;ASSEMBLE=144/149;INSPECT=72/149"
P1|N24|D|UNIFORM|d75|p0,1,350,80,"C1A0T1I1F0","(1,2,1,0)","ASSEMBLE|INSPECT","CUT=48/80;ASSEMBLE=144/160;INSPECT=72/80"
P1|N24|D|UNIFORM|d75|p0,2,450,79,"C1A0T1I2F0","(1,2,2,0)","ASSEMBLE","CUT=48/79;ASSEMBLE=144/158;INSPECT=72/158"
P1|N24|D|UNIFORM|d75|p0,3,550,57,"C1A1T1I2F0","(1,3,2,0)","CUT|ASSEMBLE","CUT=48/57;ASSEMBLE=144/171;INSPECT=72/114"
P1|N24|D|UNIFORM|d75|p0,4,650,56,"C2A1T1I2F0","(2,3,2,0)","ASSEMBLE","CUT=48/112;ASSEMBLE=144/168;INSPECT=72/112"
P1|N24|D|UNIFORM|d75|p0,5,700,44,"C2A0T2I2F0","(2,4,2,0)","ASSEMBLE|INSPECT","CUT=48/88;ASSEMBLE=144/176;INSPECT=72/88"
P1|N24|D|UNIFORM|d75|p0,6,900,38,"C2A1T2I3F0","(2,5,3,0)","ASSEMBLE","CUT=48/76;ASSEMBLE=144/190;INSPECT=72/114"
P1|N24|D|UNIFORM|d75|p0,7,950,34,"C2A0T3I3F0","(2,6,3,0)","CUT|ASSEMBLE|INSPECT","CUT=48/68;ASSEMBLE=144/204;INSPECT=72/102"
P1|N24|D|UNIFORM|d75|p0,8,1050,32,"C3A0T3I3F0","(3,6,3,0)","ASSEMBLE|INSPECT","CUT=48/96;ASSEMBLE=144/192;INSPECT=72/96"
P1|N24|D|UNIFORM|d75|p0,9,1250,29,"C3A1T3I4F0","(3,7,4,0)","ASSEMBLE","CUT=48/87;ASSEMBLE=144/203;INSPECT=72/116"
P1|N24|D|UNIFORM|d75|p0,10,1350,28,"C3A2T3I4F0","(3,8,4,0)","ASSEMBLE|INSPECT","CUT=48/84;ASSEMBLE=144/224;INSPECT=72/112"
P1|N24|D|UNIFORM|d75|p0,11,1450,26,"C4A2T3I4F0","(4,8,4,0)","ASSEMBLE|INSPECT","CUT=48/104;ASSEMBLE=144/208;INSPECT=72/104"
P1|N24|D|UNIFORM|d90|p0,0,300,149,"C1A1T0I1F0","(1,1,1,0)","ASSEMBLE","CUT=48/149;ASSEMBLE=144/149;INSPECT=72/149"
P1|N24|D|UNIFORM|d90|p0,1,380,80,"C1A0T1I1F0","(1,2,1,0)","ASSEMBLE|INSPECT","CUT=48/80;ASSEMBLE=144/160;INSPECT=72/80"
P1|N24|D|UNIFORM|d90|p0,2,480,79,"C1A0T1I2F0","(1,2,2,0)","ASSEMBLE","CUT=48/79;ASSEMBLE=144/158;INSPECT=72/158"
P1|N24|D|UNIFORM|d90|p0,3,580,57,"C1A1T1I2F0","(1,3,2,0)","CUT|ASSEMBLE","CUT=48/57;ASSEMBLE=144/171;INSPECT=72/114"
P1|N24|D|UNIFORM|d90|p0,4,680,56,"C2A1T1I2F0","(2,3,2,0)","ASSEMBLE","CUT=48/112;ASSEMBLE=144/168;INSPECT=72/112"
P1|N24|D|UNIFORM|d90|p0,5,760,44,"C2A0T2I2F0","(2,4,2,0)","ASSEMBLE|INSPECT","CUT=48/88;ASSEMBLE=144/176;INSPECT=72/88"
P1|N24|D|UNIFORM|d90|p0,6,960,38,"C2A1T2I3F0","(2,5,3,0)","ASSEMBLE","CUT=48/76;ASSEMBLE=144/190;INSPECT=72/114"
P1|N24|D|UNIFORM|d90|p0,7,1040,34,"C2A0T3I3F0","(2,6,3,0)","CUT|ASSEMBLE|INSPECT","CUT=48/68;ASSEMBLE=144/204;INSPECT=72/102"
P1|N24|D|UNIFORM|d90|p0,8,1140,32,"C3A0T3I3F0","(3,6,3,0)","ASSEMBLE|INSPECT","CUT=48/96;ASSEMBLE=144/192;INSPECT=72/96"
P1|N24|D|UNIFORM|d90|p0,9,1340,29,"C3A1T3I4F0","(3,7,4,0)","ASSEMBLE","CUT=48/87;ASSEMBLE=144/203;INSPECT=72/116"
P1|N24|D|UNIFORM|d90|p0,10,1440,28,"C3A2T3I4F0","(3,8,4,0)","ASSEMBLE|INSPECT","CUT=48/84;ASSEMBLE=144/224;INSPECT=72/112"
P1|N24|D|UNIFORM|d90|p0,11,1540,26,"C4A2T3I4F0","(4,8,4,0)","ASSEMBLE|INSPECT","CUT=48/104;ASSEMBLE=144/208;INSPECT=72/104"
P1|N24|D|UNIFORM|d100|p0,0,300,149,"C1A1T0I1F0","(1,1,1,0)","ASSEMBLE","CUT=48/149;ASSEMBLE=144/149;INSPECT=72/149"
P1|N24|D|UNIFORM|d100|p0,1,400,80,"C1A0T1I1F0 C1A2T0I1F0","(1,2,1,0) (1,2,1,0)","ASSEMBLE|INSPECT ASSEMBLE|INSPECT","CUT=48/80;ASSEMBLE=144/160;INSPECT=72/80 CUT=48/80;ASSEMBLE=144/160;INSPECT=72/80"
P1|N24|D|UNIFORM|d100|p0,2,500,79,"C1A0T1I2F0 C1A2T0I2F0","(1,2,2,0) (1,2,2,0)","ASSEMBLE ASSEMBLE","CUT=48/79;ASSEMBLE=144/158;INSPECT=72/158 CUT=48/79;ASSEMBLE=144/158;INSPECT=72/158"
P1|N24|D|UNIFORM|d100|p0,3,600,57,"C1A1T1I2F0 C1A3T0I2F0","(1,3,2,0) (1,3,2,0)","CUT|ASSEMBLE CUT|ASSEMBLE","CUT=48/57;ASSEMBLE=144/171;INSPECT=72/114 CUT=48/57;ASSEMBLE=144/171;INSPECT=72/114"
P1|N24|D|UNIFORM|d100|p0,4,700,56,"C2A1T1I2F0 C2A3T0I2F0","(2,3,2,0) (2,3,2,0)","ASSEMBLE ASSEMBLE","CUT=48/112;ASSEMBLE=144/168;INSPECT=72/112 CUT=48/112;ASSEMBLE=144/168;INSPECT=72/112"
P1|N24|D|UNIFORM|d100|p0,5,800,44,"C2A0T2I2F0 C2A2T1I2F0 C2A4T0I2F0","(2,4,2,0) (2,4,2,0) (2,4,2,0)","ASSEMBLE|INSPECT ASSEMBLE|INSPECT ASSEMBLE|INSPECT","CUT=48/88;ASSEMBLE=144/176;INSPECT=72/88 CUT=48/88;ASSEMBLE=144/176;INSPECT=72/88 CUT=48/88;ASSEMBLE=144/176;INSPECT=72/88"
P1|N24|D|UNIFORM|d100|p0,6,1000,38,"C2A1T2I3F0 C2A3T1I3F0 C2A5T0I3F0","(2,5,3,0) (2,5,3,0) (2,5,3,0)","ASSEMBLE ASSEMBLE ASSEMBLE","CUT=48/76;ASSEMBLE=144/190;INSPECT=72/114 CUT=48/76;ASSEMBLE=144/190;INSPECT=72/114 CUT=48/76;ASSEMBLE=144/190;INSPECT=72/114"
P1|N24|D|UNIFORM|d100|p0,7,1100,34,"C2A0T3I3F0 C2A2T2I3F0 C2A4T1I3F0 C2A6T0I3F0","(2,6,3,0) (2,6,3,0) (2,6,3,0) (2,6,3,0)","CUT|ASSEMBLE|INSPECT CUT|ASSEMBLE|INSPECT CUT|ASSEMBLE|INSPECT CUT|ASSEMBLE|INSPECT","CUT=48/68;ASSEMBLE=144/204;INSPECT=72/102 CUT=48/68;ASSEMBLE=144/204;INSPECT=72/102 CUT=48/68;ASSEMBLE=144/204;INSPECT=72/102 CUT=48/68;ASSEMBLE=144/204;INSPECT=72/102"
P1|N24|D|UNIFORM|d100|p0,8,1200,32,"C3A0T3I3F0 C3A2T2I3F0 C3A4T1I3F0 C3A6T0I3F0","(3,6,3,0) (3,6,3,0) (3,6,3,0) (3,6,3,0)","ASSEMBLE|INSPECT ASSEMBLE|INSPECT ASSEMBLE|INSPECT ASSEMBLE|INSPECT","CUT=48/96;ASSEMBLE=144/192;INSPECT=72/96 CUT=48/96;ASSEMBLE=144/192;INSPECT=72/96 CUT=48/96;ASSEMBLE=144/192;INSPECT=72/96 CUT=48/96;ASSEMBLE=144/192;INSPECT=72/96"
P1|N24|D|UNIFORM|d100|p0,9,1400,29,"C3A1T3I4F0 C3A3T2I4F0 C3A5T1I4F0","(3,7,4,0) (3,7,4,0) (3,7,4,0)","ASSEMBLE ASSEMBLE ASSEMBLE","CUT=48/87;ASSEMBLE=144/203;INSPECT=72/116 CUT=48/87;ASSEMBLE=144/203;INSPECT=72/116 CUT=48/87;ASSEMBLE=144/203;INSPECT=72/116"
P1|N24|D|UNIFORM|d100|p0,10,1500,28,"C3A2T3I4F0 C3A4T2I4F0 C3A6T1I4F0","(3,8,4,0) (3,8,4,0) (3,8,4,0)","ASSEMBLE|INSPECT ASSEMBLE|INSPECT ASSEMBLE|INSPECT","CUT=48/84;ASSEMBLE=144/224;INSPECT=72/112 CUT=48/84;ASSEMBLE=144/224;INSPECT=72/112 CUT=48/84;ASSEMBLE=144/224;INSPECT=72/112"
P1|N24|D|UNIFORM|d100|p0,11,1600,26,"C4A2T3I4F0 C4A4T2I4F0 C4A6T1I4F0","(4,8,4,0) (4,8,4,0) (4,8,4,0)","ASSEMBLE|INSPECT ASSEMBLE|INSPECT ASSEMBLE|INSPECT","CUT=48/104;ASSEMBLE=144/208;INSPECT=72/104 CUT=48/104;ASSEMBLE=144/208;INSPECT=72/104 CUT=48/104;ASSEMBLE=144/208;INSPECT=72/104"
P1|N24|D|WORK|d75|p0,0,550,149,"C1A1T0I1F0","(1,1,1,0)","ASSEMBLE","CUT=48/149;ASSEMBLE=144/149;INSPECT=72/149"
P1|N24|D|WORK|d75|p0,1,700,80,"C1A0T1I1F0","(1,2,1,0)","ASSEMBLE|INSPECT","CUT=48/80;ASSEMBLE=144/160;INSPECT=72/80"
P1|N24|D|WORK|d75|p0,2,850,79,"C1A0T1I2F0","(1,2,2,0)","ASSEMBLE","CUT=48/79;ASSEMBLE=144/158;INSPECT=72/158"
P1|N24|D|WORK|d75|p0,3,950,77,"C2A0T1I2F0","(2,2,2,0)","ASSEMBLE","CUT=48/154;ASSEMBLE=144/154;INSPECT=72/154"
P1|N24|D|WORK|d75|p0,4,1150,57,"C1A1T1I2F0","(1,3,2,0)","CUT|ASSEMBLE","CUT=48/57;ASSEMBLE=144/171;INSPECT=72/114"
P1|N24|D|WORK|d75|p0,5,1250,56,"C2A1T1I2F0","(2,3,2,0)","ASSEMBLE","CUT=48/112;ASSEMBLE=144/168;INSPECT=72/112"
P1|N24|D|WORK|d75|p0,6,1400,44,"C2A0T2I2F0","(2,4,2,0)","ASSEMBLE|INSPECT","CUT=48/88;ASSEMBLE=144/176;INSPECT=72/88"
P1|N24|D|WORK|d75|p0,7,1700,43,"C2A0T2I4F0","(2,4,4,0)","ASSEMBLE","CUT=48/86;ASSEMBLE=144/172;INSPECT=72/172"
P1|N24|D|WORK|d75|p0,8,1850,38,"C2A1T2I3F0","(2,5,3,0)","ASSEMBLE","CUT=48/76;ASSEMBLE=144/190;INSPECT=72/114"
P1|N24|D|WORK|d75|p0,9,2000,34,"C2A0T3I3F0","(2,6,3,0)","CUT|ASSEMBLE|INSPECT","CUT=48/68;ASSEMBLE=144/204;INSPECT=72/102"
P1|N24|D|WORK|d75|p0,10,2100,32,"C3A0T3I3F0","(3,6,3,0)","ASSEMBLE|INSPECT","CUT=48/96;ASSEMBLE=144/192;INSPECT=72/96"
P1|N24|D|WORK|d75|p0,11,2550,29,"C3A1T3I4F0","(3,7,4,0)","ASSEMBLE","CUT=48/87;ASSEMBLE=144/203;INSPECT=72/116"
P1|N24|D|WORK|d75|p0,12,2850,28,"C3A2T3I4F0","(3,8,4,0)","ASSEMBLE|INSPECT","CUT=48/84;ASSEMBLE=144/224;INSPECT=72/112"
P1|N24|D|WORK|d75|p0,13,2950,26,"C4A2T3I4F0","(4,8,4,0)","ASSEMBLE|INSPECT","CUT=48/104;ASSEMBLE=144/208;INSPECT=72/104"
P1|N24|D|WORK|d90|p0,0,550,149,"C1A1T0I1F0","(1,1,1,0)","ASSEMBLE","CUT=48/149;ASSEMBLE=144/149;INSPECT=72/149"
P1|N24|D|WORK|d90|p0,1,790,80,"C1A0T1I1F0","(1,2,1,0)","ASSEMBLE|INSPECT","CUT=48/80;ASSEMBLE=144/160;INSPECT=72/80"
P1|N24|D|WORK|d90|p0,2,940,79,"C1A0T1I2F0","(1,2,2,0)","ASSEMBLE","CUT=48/79;ASSEMBLE=144/158;INSPECT=72/158"
P1|N24|D|WORK|d90|p0,3,1040,77,"C2A0T1I2F0","(2,2,2,0)","ASSEMBLE","CUT=48/154;ASSEMBLE=144/154;INSPECT=72/154"
P1|N24|D|WORK|d90|p0,4,1240,57,"C1A1T1I2F0","(1,3,2,0)","CUT|ASSEMBLE","CUT=48/57;ASSEMBLE=144/171;INSPECT=72/114"
P1|N24|D|WORK|d90|p0,5,1340,56,"C2A1T1I2F0","(2,3,2,0)","ASSEMBLE","CUT=48/112;ASSEMBLE=144/168;INSPECT=72/112"
P1|N24|D|WORK|d90|p0,6,1490,55,"C2A1T1I3F0","(2,3,3,0)","ASSEMBLE","CUT=48/110;ASSEMBLE=144/165;INSPECT=72/165"
P1|N24|D|WORK|d90|p0,7,1580,44,"C2A0T2I2F0","(2,4,2,0)","ASSEMBLE|INSPECT","CUT=48/88;ASSEMBLE=144/176;INSPECT=72/88"
P1|N24|D|WORK|d90|p0,8,1880,43,"C2A0T2I4F0","(2,4,4,0)","ASSEMBLE","CUT=48/86;ASSEMBLE=144/172;INSPECT=72/172"
P1|N24|D|WORK|d90|p0,9,2030,38,"C2A1T2I3F0","(2,5,3,0)","ASSEMBLE","CUT=48/76;ASSEMBLE=144/190;INSPECT=72/114"
P1|N24|D|WORK|d90|p0,10,2180,37,"C2A1T2I4F0","(2,5,4,0)","ASSEMBLE","CUT=48/74;ASSEMBLE=144/185;INSPECT=72/148"
P1|N24|D|WORK|d90|p0,11,2270,34,"C2A0T3I3F0","(2,6,3,0)","CUT|ASSEMBLE|INSPECT","CUT=48/68;ASSEMBLE=144/204;INSPECT=72/102"
P1|N24|D|WORK|d90|p0,12,2370,32,"C3A0T3I3F0","(3,6,3,0)","ASSEMBLE|INSPECT","CUT=48/96;ASSEMBLE=144/192;INSPECT=72/96"
P1|N24|D|WORK|d90|p0,13,2820,29,"C3A1T3I4F0","(3,7,4,0)","ASSEMBLE","CUT=48/87;ASSEMBLE=144/203;INSPECT=72/116"
P1|N24|D|WORK|d90|p0,14,3120,28,"C3A2T3I4F0","(3,8,4,0)","ASSEMBLE|INSPECT","CUT=48/84;ASSEMBLE=144/224;INSPECT=72/112"
P1|N24|D|WORK|d90|p0,15,3220,26,"C4A2T3I4F0","(4,8,4,0)","ASSEMBLE|INSPECT","CUT=48/104;ASSEMBLE=144/208;INSPECT=72/104"
P1|N24|D|WORK|d100|p0,0,550,149,"C1A1T0I1F0","(1,1,1,0)","ASSEMBLE","CUT=48/149;ASSEMBLE=144/149;INSPECT=72/149"
P1|N24|D|WORK|d100|p0,1,850,80,"C1A0T1I1F0 C1A2T0I1F0","(1,2,1,0) (1,2,1,0)","ASSEMBLE|INSPECT ASSEMBLE|INSPECT","CUT=48/80;ASSEMBLE=144/160;INSPECT=72/80 CUT=48/80;ASSEMBLE=144/160;INSPECT=72/80"
P1|N24|D|WORK|d100|p0,2,1000,79,"C1A0T1I2F0 C1A2T0I2F0","(1,2,2,0) (1,2,2,0)","ASSEMBLE ASSEMBLE","CUT=48/79;ASSEMBLE=144/158;INSPECT=72/158 CUT=48/79;ASSEMBLE=144/158;INSPECT=72/158"
P1|N24|D|WORK|d100|p0,3,1100,77,"C2A0T1I2F0 C2A2T0I2F0","(2,2,2,0) (2,2,2,0)","ASSEMBLE ASSEMBLE","CUT=48/154;ASSEMBLE=144/154;INSPECT=72/154 CUT=48/154;ASSEMBLE=144/154;INSPECT=72/154"
P1|N24|D|WORK|d100|p0,4,1300,57,"C1A1T1I2F0 C1A3T0I2F0","(1,3,2,0) (1,3,2,0)","CUT|ASSEMBLE CUT|ASSEMBLE","CUT=48/57;ASSEMBLE=144/171;INSPECT=72/114 CUT=48/57;ASSEMBLE=144/171;INSPECT=72/114"
P1|N24|D|WORK|d100|p0,5,1400,56,"C2A1T1I2F0 C2A3T0I2F0","(2,3,2,0) (2,3,2,0)","ASSEMBLE ASSEMBLE","CUT=48/112;ASSEMBLE=144/168;INSPECT=72/112 CUT=48/112;ASSEMBLE=144/168;INSPECT=72/112"
P1|N24|D|WORK|d100|p0,6,1550,55,"C2A1T1I3F0 C2A3T0I3F0","(2,3,3,0) (2,3,3,0)","ASSEMBLE ASSEMBLE","CUT=48/110;ASSEMBLE=144/165;INSPECT=72/165 CUT=48/110;ASSEMBLE=144/165;INSPECT=72/165"
P1|N24|D|WORK|d100|p0,7,1650,53,"C3A1T1I3F0 C3A3T0I3F0","(3,3,3,0) (3,3,3,0)","ASSEMBLE ASSEMBLE","CUT=48/159;ASSEMBLE=144/159;INSPECT=72/159 CUT=48/159;ASSEMBLE=144/159;INSPECT=72/159"
P1|N24|D|WORK|d100|p0,8,1700,44,"C2A0T2I2F0 C2A2T1I2F0 C2A4T0I2F0","(2,4,2,0) (2,4,2,0) (2,4,2,0)","ASSEMBLE|INSPECT ASSEMBLE|INSPECT ASSEMBLE|INSPECT","CUT=48/88;ASSEMBLE=144/176;INSPECT=72/88 CUT=48/88;ASSEMBLE=144/176;INSPECT=72/88 CUT=48/88;ASSEMBLE=144/176;INSPECT=72/88"
P1|N24|D|WORK|d100|p0,9,2000,43,"C2A0T2I4F0 C2A2T1I4F0 C2A4T0I4F0","(2,4,4,0) (2,4,4,0) (2,4,4,0)","ASSEMBLE ASSEMBLE ASSEMBLE","CUT=48/86;ASSEMBLE=144/172;INSPECT=72/172 CUT=48/86;ASSEMBLE=144/172;INSPECT=72/172 CUT=48/86;ASSEMBLE=144/172;INSPECT=72/172"
P1|N24|D|WORK|d100|p0,10,2150,38,"C2A1T2I3F0 C2A3T1I3F0 C2A5T0I3F0","(2,5,3,0) (2,5,3,0) (2,5,3,0)","ASSEMBLE ASSEMBLE ASSEMBLE","CUT=48/76;ASSEMBLE=144/190;INSPECT=72/114 CUT=48/76;ASSEMBLE=144/190;INSPECT=72/114 CUT=48/76;ASSEMBLE=144/190;INSPECT=72/114"
P1|N24|D|WORK|d100|p0,11,2300,37,"C2A1T2I4F0 C2A3T1I4F0 C2A5T0I4F0","(2,5,4,0) (2,5,4,0) (2,5,4,0)","ASSEMBLE ASSEMBLE ASSEMBLE","CUT=48/74;ASSEMBLE=144/185;INSPECT=72/148 CUT=48/74;ASSEMBLE=144/185;INSPECT=72/148 CUT=48/74;ASSEMBLE=144/185;INSPECT=72/148"
P1|N24|D|WORK|d100|p0,12,2450,34,"C2A0T3I3F0 C2A2T2I3F0 C2A4T1I3F0 C2A6T0I3F0","(2,6,3,0) (2,6,3,0) (2,6,3,0) (2,6,3,0)","CUT|ASSEMBLE|INSPECT CUT|ASSEMBLE|INSPECT CUT|ASSEMBLE|INSPECT CUT|ASSEMBLE|INSPECT","CUT=48/68;ASSEMBLE=144/204;INSPECT=72/102 CUT=48/68;ASSEMBLE=144/204;INSPECT=72/102 CUT=48/68;ASSEMBLE=144/204;INSPECT=72/102 CUT=48/68;ASSEMBLE=144/204;INSPECT=72/102"
P1|N24|D|WORK|d100|p0,13,2550,32,"C3A0T3I3F0 C3A2T2I3F0 C3A4T1I3F0 C3A6T0I3F0","(3,6,3,0) (3,6,3,0) (3,6,3,0) (3,6,3,0)","ASSEMBLE|INSPECT ASSEMBLE|INSPECT ASSEMBLE|INSPECT ASSEMBLE|INSPECT","CUT=48/96;ASSEMBLE=144/192;INSPECT=72/96 CUT=48/96;ASSEMBLE=144/192;INSPECT=72/96 CUT=48/96;ASSEMBLE=144/192;INSPECT=72/96 CUT=48/96;ASSEMBLE=144/192;INSPECT=72/96"
P1|N24|D|WORK|d100|p0,14,3000,29,"C3A1T3I4F0 C3A3T2I4F0 C3A5T1I4F0","(3,7,4,0) (3,7,4,0) (3,7,4,0)","ASSEMBLE ASSEMBLE ASSEMBLE","CUT=48/87;ASSEMBLE=144/203;INSPECT=72/116 CUT=48/87;ASSEMBLE=144/203;INSPECT=72/116 CUT=48/87;ASSEMBLE=144/203;INSPECT=72/116"
P1|N24|D|WORK|d100|p0,15,3300,28,"C3A2T3I4F0 C3A4T2I4F0 C3A6T1I4F0","(3,8,4,0) (3,8,4,0) (3,8,4,0)","ASSEMBLE|INSPECT ASSEMBLE|INSPECT ASSEMBLE|INSPECT","CUT=48/84;ASSEMBLE=144/224;INSPECT=72/112 CUT=48/84;ASSEMBLE=144/224;INSPECT=72/112 CUT=48/84;ASSEMBLE=144/224;INSPECT=72/112"
P1|N24|D|WORK|d100|p0,16,3400,26,"C4A2T3I4F0 C4A4T2I4F0 C4A6T1I4F0","(4,8,4,0) (4,8,4,0) (4,8,4,0)","ASSEMBLE|INSPECT ASSEMBLE|INSPECT ASSEMBLE|INSPECT","CUT=48/104;ASSEMBLE=144/208;INSPECT=72/104 CUT=48/104;ASSEMBLE=144/208;INSPECT=72/104 CUT=48/104;ASSEMBLE=144/208;INSPECT=72/104"
P1|N24|F|UNIFORM|d75|p100,0,200,218,"C1A0T0I0F1","(1,0,0,1)","ASSEMBLE+INSPECT","CUT=48/218;ASSEMBLE+INSPECT=216/218"
P1|N24|F|UNIFORM|d75|p100,1,300,112,"C1A0T0I0F2","(1,0,0,2)","ASSEMBLE+INSPECT","CUT=48/112;ASSEMBLE+INSPECT=216/224"
P1|N24|F|UNIFORM|d75|p100,2,350,80,"C1A0T1I1F0","(1,2,1,0)","ASSEMBLE|INSPECT","CUT=48/80;ASSEMBLE=144/160;INSPECT=72/80"
P1|N24|F|UNIFORM|d75|p100,3,400,78,"C1A0T0I0F3","(1,0,0,3)","ASSEMBLE+INSPECT","CUT=48/78;ASSEMBLE+INSPECT=216/234"
P1|N24|F|UNIFORM|d75|p100,4,450,62,"C1A0T1I0F2 C1A0T1I1F1","(1,2,0,2) (1,2,1,1)","ASSEMBLE+INSPECT ASSEMBLE+INSPECT","CUT=48/62;ASSEMBLE+INSPECT=216/248 CUT=48/62;ASSEMBLE+INSPECT=216/248"
P1|N24|F|UNIFORM|d75|p100,5,500,61,"C1A1T0I0F3","(1,1,0,3)","ASSEMBLE+INSPECT","CUT=48/61;ASSEMBLE+INSPECT=216/244"
P1|N24|F|UNIFORM|d75|p100,6,550,57,"C1A0T1I0F3 C1A0T1I1F2 C1A0T1I2F1 C1A1T1I0F2 C1A1T1I1F1 C1A1T1I2F0","(1,2,0,3) (1,2,1,2) (1,2,2,1) (1,3,0,2) (1,3,1,1) (1,3,2,0)","CUT CUT CUT CUT CUT CUT|ASSEMBLE","CUT=48/57;ASSEMBLE+INSPECT=216/285 CUT=48/57;ASSEMBLE+INSPECT=216/285 CUT=48/57;ASSEMBLE+INSPECT=216/285 CUT=48/57;ASSEMBLE+INSPECT=216/285 CUT=48/57;ASSEMBLE+INSPECT=216/285 CUT=48/57;ASSEMBLE=144/171;INSPECT=72/114"
P1|N24|F|UNIFORM|d75|p100,7,650,50,"C2A0T1I1F2","(2,2,1,2)","ASSEMBLE+INSPECT","CUT=48/100;ASSEMBLE+INSPECT=216/250"
P1|N24|F|UNIFORM|d75|p100,8,700,44,"C2A0T2I2F0","(2,4,2,0)","ASSEMBLE|INSPECT","CUT=48/88;ASSEMBLE=144/176;INSPECT=72/88"
P1|N24|F|UNIFORM|d75|p100,9,750,43,"C2A0T1I1F3","(2,2,1,3)","ASSEMBLE+INSPECT","CUT=48/86;ASSEMBLE+INSPECT=216/258"
P1|N24|F|UNIFORM|d75|p100,10,800,39,"C2A0T2I0F3 C2A0T2I1F2","(2,4,0,3) (2,4,1,2)","ASSEMBLE+INSPECT ASSEMBLE+INSPECT","CUT=48/78;ASSEMBLE+INSPECT=216/273 CUT=48/78;ASSEMBLE+INSPECT=216/273"
P1|N24|F|UNIFORM|d75|p100,11,900,35,"C2A0T2I1F3 C2A0T2I2F2","(2,4,1,3) (2,4,2,2)","ASSEMBLE+INSPECT ASSEMBLE+INSPECT","CUT=48/70;ASSEMBLE+INSPECT=216/280 CUT=48/70;ASSEMBLE+INSPECT=216/280"
P1|N24|F|UNIFORM|d75|p100,12,950,34,"C2A0T3I0F3 C2A0T3I1F2 C2A0T3I2F1 C2A0T3I3F0","(2,6,0,3) (2,6,1,2) (2,6,2,1) (2,6,3,0)","CUT|ASSEMBLE+INSPECT CUT|ASSEMBLE+INSPECT CUT|ASSEMBLE+INSPECT CUT|ASSEMBLE|INSPECT","CUT=48/68;ASSEMBLE+INSPECT=216/306 CUT=48/68;ASSEMBLE+INSPECT=216/306 CUT=48/68;ASSEMBLE+INSPECT=216/306 CUT=48/68;ASSEMBLE=144/204;INSPECT=72/102"
P1|N24|F|UNIFORM|d75|p100,13,1050,32,"C3A0T3I3F0","(3,6,3,0)","ASSEMBLE|INSPECT","CUT=48/96;ASSEMBLE=144/192;INSPECT=72/96"
P1|N24|F|UNIFORM|d75|p100,14,1150,30,"C3A0T3I1F3 C3A0T3I2F2","(3,6,1,3) (3,6,2,2)","ASSEMBLE+INSPECT ASSEMBLE+INSPECT","CUT=48/90;ASSEMBLE+INSPECT=216/300 CUT=48/90;ASSEMBLE+INSPECT=216/300"
P1|N24|F|UNIFORM|d75|p100,15,1200,29,"C3A1T2I2F3","(3,5,2,3)","ASSEMBLE+INSPECT","CUT=48/87;ASSEMBLE+INSPECT=216/290"
P1|N24|F|UNIFORM|d75|p100,16,1350,26,"C3A0T3I3F3","(3,6,3,3)","ASSEMBLE+INSPECT","CUT=48/78;ASSEMBLE+INSPECT=216/312"
P1|N24|F|UNIFORM|d75|p100,17,1550,25,"C3A1T3I4F3 C3A2T3I3F3 C3A2T3I4F2 C4A0T3I4F3 C4A1T3I4F2","(3,7,4,3) (3,8,3,3) (3,8,4,2) (4,6,4,3) (4,7,4,2)","CUT CUT CUT ASSEMBLE+INSPECT ASSEMBLE+INSPECT","CUT=48/75;ASSEMBLE+INSPECT=216/350 CUT=48/75;ASSEMBLE+INSPECT=216/350 CUT=48/75;ASSEMBLE+INSPECT=216/350 CUT=48/100;ASSEMBLE+INSPECT=216/325 CUT=48/100;ASSEMBLE+INSPECT=216/325"
P1|N24|F|UNIFORM|d75|p100,18,1650,24,"C4A1T3I4F3 C4A2T3I3F3 C4A2T3I4F2","(4,7,4,3) (4,8,3,3) (4,8,4,2)","ASSEMBLE+INSPECT ASSEMBLE+INSPECT ASSEMBLE+INSPECT","CUT=48/96;ASSEMBLE+INSPECT=216/336 CUT=48/96;ASSEMBLE+INSPECT=216/336 CUT=48/96;ASSEMBLE+INSPECT=216/336"
P1|N24|F|UNIFORM|d75|p100,19,1750,23,"C4A3T3I3F3 C4A3T3I4F2","(4,9,3,3) (4,9,4,2)","ASSEMBLE+INSPECT ASSEMBLE+INSPECT","CUT=48/92;ASSEMBLE+INSPECT=216/345 CUT=48/92;ASSEMBLE+INSPECT=216/345"
P1|N24|F|UNIFORM|d75|p100,20,2050,22,"C4A5T3I4F3 C4A6T3I3F3 C4A6T3I4F2","(4,11,4,3) (4,12,3,3) (4,12,4,2)","CUT|ASSEMBLE+INSPECT CUT|ASSEMBLE+INSPECT CUT|ASSEMBLE+INSPECT","CUT=48/88;ASSEMBLE+INSPECT=216/396 CUT=48/88;ASSEMBLE+INSPECT=216/396 CUT=48/88;ASSEMBLE+INSPECT=216/396"
P1|N24|F|UNIFORM|d75|p125,0,225,218,"C1A0T0I0F1","(1,0,0,1)","ASSEMBLE+INSPECT","CUT=48/218;ASSEMBLE+INSPECT=216/218"
P1|N24|F|UNIFORM|d75|p125,1,300,149,"C1A1T0I1F0","(1,1,1,0)","ASSEMBLE","CUT=48/149;ASSEMBLE=144/149;INSPECT=72/149"
P1|N24|F|UNIFORM|d75|p125,2,325,113,"C1A1T0I0F1","(1,1,0,1)","ASSEMBLE+INSPECT","CUT=48/113;ASSEMBLE+INSPECT=216/226"
P1|N24|F|UNIFORM|d75|p125,3,350,80,"C1A0T1I1F0","(1,2,1,0)","ASSEMBLE|INSPECT","CUT=48/80;ASSEMBLE=144/160;INSPECT=72/80"
P1|N24|F|UNIFORM|d75|p125,4,450,79,"C1A0T1I2F0","(1,2,2,0)","ASSEMBLE","CUT=48/79;ASSEMBLE=144/158;INSPECT=72/158"
P1|N24|F|UNIFORM|d75|p125,5,475,62,"C1A0T1I1F1","(1,2,1,1)","ASSEMBLE+INSPECT","CUT=48/62;ASSEMBLE+INSPECT=216/248"
P1|N24|F|UNIFORM|d75|p125,6,550,57,"C1A1T1I2F0","(1,3,2,0)","CUT|ASSEMBLE","CUT=48/57;ASSEMBLE=144/171;INSPECT=72/114"
P1|N24|F|UNIFORM|d75|p125,7,650,56,"C2A1T1I2F0","(2,3,2,0)","ASSEMBLE","CUT=48/112;ASSEMBLE=144/168;INSPECT=72/112"
P1|N24|F|UNIFORM|d75|p125,8,675,55,"C2A1T1I1F1","(2,3,1,1)","ASSEMBLE+INSPECT","CUT=48/110;ASSEMBLE+INSPECT=216/275"
P1|N24|F|UNIFORM|d75|p125,9,700,44,"C2A0T2I2F0","(2,4,2,0)","ASSEMBLE|INSPECT","CUT=48/88;ASSEMBLE=144/176;INSPECT=72/88"
P1|N24|F|UNIFORM|d75|p125,10,825,41,"C2A0T2I2F1","(2,4,2,1)","ASSEMBLE+INSPECT","CUT=48/82;ASSEMBLE+INSPECT=216/287"
P1|N24|F|UNIFORM|d75|p125,11,850,39,"C2A0T2I1F2","(2,4,1,2)","ASSEMBLE+INSPECT","CUT=48/78;ASSEMBLE+INSPECT=216/273"
P1|N24|F|UNIFORM|d75|p125,12,900,38,"C2A1T2I3F0","(2,5,3,0)","ASSEMBLE","CUT=48/76;ASSEMBLE=144/190;INSPECT=72/114"
P1|N24|F|UNIFORM|d75|p125,13,925,36,"C2A1T2I2F1","(2,5,2,1)","ASSEMBLE+INSPECT","CUT=48/72;ASSEMBLE+INSPECT=216/288"
P1|N24|F|UNIFORM|d75|p125,14,950,34,"C2A0T3I3F0","(2,6,3,0)","CUT|ASSEMBLE|INSPECT","CUT=48/68;ASSEMBLE=144/204;INSPECT=72/102"
P1|N24|F|UNIFORM|d75|p125,15,1050,32,"C3A0T3I3F0","(3,6,3,0)","ASSEMBLE|INSPECT","CUT=48/96;ASSEMBLE=144/192;INSPECT=72/96"
P1|N24|F|UNIFORM|d75|p125,16,1175,31,"C3A0T3I3F1","(3,6,3,1)","ASSEMBLE+INSPECT","CUT=48/93;ASSEMBLE+INSPECT=216/310"
P1|N24|F|UNIFORM|d75|p125,17,1200,30,"C3A0T3I2F2","(3,6,2,2)","ASSEMBLE+INSPECT","CUT=48/90;ASSEMBLE+INSPECT=216/300"
P1|N24|F|UNIFORM|d75|p125,18,1250,29,"C3A1T3I4F0","(3,7,4,0)","ASSEMBLE","CUT=48/87;ASSEMBLE=144/203;INSPECT=72/116"
P1|N24|F|UNIFORM|d75|p125,19,1350,28,"C3A2T3I4F0","(3,8,4,0)","ASSEMBLE|INSPECT","CUT=48/84;ASSEMBLE=144/224;INSPECT=72/112"
P1|N24|F|UNIFORM|d75|p125,20,1400,27,"C3A1T3I3F2","(3,7,3,2)","ASSEMBLE+INSPECT","CUT=48/81;ASSEMBLE+INSPECT=216/324"
P1|N24|F|UNIFORM|d75|p125,21,1425,26,"C3A0T3I3F3","(3,6,3,3)","ASSEMBLE+INSPECT","CUT=48/78;ASSEMBLE+INSPECT=216/312"
P1|N24|F|UNIFORM|d75|p125,22,1600,25,"C3A2T3I4F2 C4A1T3I4F2","(3,8,4,2) (4,7,4,2)","CUT ASSEMBLE+INSPECT","CUT=48/75;ASSEMBLE+INSPECT=216/350 CUT=48/100;ASSEMBLE+INSPECT=216/325"
P1|N24|F|UNIFORM|d75|p125,23,1700,24,"C4A2T3I4F2","(4,8,4,2)","ASSEMBLE+INSPECT","CUT=48/96;ASSEMBLE+INSPECT=216/336"
P1|N24|F|UNIFORM|d75|p125,24,1800,23,"C4A3T3I4F2","(4,9,4,2)","ASSEMBLE+INSPECT","CUT=48/92;ASSEMBLE+INSPECT=216/345"
P1|N24|F|UNIFORM|d75|p125,25,2100,22,"C4A6T3I4F2","(4,12,4,2)","CUT|ASSEMBLE+INSPECT","CUT=48/88;ASSEMBLE+INSPECT=216/396"
P1|N24|F|UNIFORM|d75|p150,0,250,218,"C1A0T0I0F1","(1,0,0,1)","ASSEMBLE+INSPECT","CUT=48/218;ASSEMBLE+INSPECT=216/218"
P1|N24|F|UNIFORM|d75|p150,1,300,149,"C1A1T0I1F0","(1,1,1,0)","ASSEMBLE","CUT=48/149;ASSEMBLE=144/149;INSPECT=72/149"
P1|N24|F|UNIFORM|d75|p150,2,350,80,"C1A0T1I1F0","(1,2,1,0)","ASSEMBLE|INSPECT","CUT=48/80;ASSEMBLE=144/160;INSPECT=72/80"
P1|N24|F|UNIFORM|d75|p150,3,450,79,"C1A0T1I2F0","(1,2,2,0)","ASSEMBLE","CUT=48/79;ASSEMBLE=144/158;INSPECT=72/158"
P1|N24|F|UNIFORM|d75|p150,4,500,62,"C1A0T1I1F1","(1,2,1,1)","ASSEMBLE+INSPECT","CUT=48/62;ASSEMBLE+INSPECT=216/248"
P1|N24|F|UNIFORM|d75|p150,5,550,57,"C1A1T1I2F0","(1,3,2,0)","CUT|ASSEMBLE","CUT=48/57;ASSEMBLE=144/171;INSPECT=72/114"
P1|N24|F|UNIFORM|d75|p150,6,650,56,"C2A1T1I2F0","(2,3,2,0)","ASSEMBLE","CUT=48/112;ASSEMBLE=144/168;INSPECT=72/112"
P1|N24|F|UNIFORM|d75|p150,7,700,44,"C2A0T2I2F0","(2,4,2,0)","ASSEMBLE|INSPECT","CUT=48/88;ASSEMBLE=144/176;INSPECT=72/88"
P1|N24|F|UNIFORM|d75|p150,8,850,41,"C2A0T2I2F1","(2,4,2,1)","ASSEMBLE+INSPECT","CUT=48/82;ASSEMBLE+INSPECT=216/287"
P1|N24|F|UNIFORM|d75|p150,9,900,38,"C2A1T2I3F0","(2,5,3,0)","ASSEMBLE","CUT=48/76;ASSEMBLE=144/190;INSPECT=72/114"
P1|N24|F|UNIFORM|d75|p150,10,950,34,"C2A0T3I3F0","(2,6,3,0)","CUT|ASSEMBLE|INSPECT","CUT=48/68;ASSEMBLE=144/204;INSPECT=72/102"
P1|N24|F|UNIFORM|d75|p150,11,1050,32,"C3A0T3I3F0","(3,6,3,0)","ASSEMBLE|INSPECT","CUT=48/96;ASSEMBLE=144/192;INSPECT=72/96"
P1|N24|F|UNIFORM|d75|p150,12,1200,31,"C3A0T3I3F1","(3,6,3,1)","ASSEMBLE+INSPECT","CUT=48/93;ASSEMBLE+INSPECT=216/310"
P1|N24|F|UNIFORM|d75|p150,13,1250,29,"C3A1T3I4F0","(3,7,4,0)","ASSEMBLE","CUT=48/87;ASSEMBLE=144/203;INSPECT=72/116"
P1|N24|F|UNIFORM|d75|p150,14,1350,28,"C3A2T3I4F0","(3,8,4,0)","ASSEMBLE|INSPECT","CUT=48/84;ASSEMBLE=144/224;INSPECT=72/112"
P1|N24|F|UNIFORM|d75|p150,15,1450,26,"C4A2T3I4F0","(4,8,4,0)","ASSEMBLE|INSPECT","CUT=48/104;ASSEMBLE=144/208;INSPECT=72/104"
P1|N24|F|UNIFORM|d75|p150,16,1650,25,"C3A2T3I4F2 C4A1T3I4F2","(3,8,4,2) (4,7,4,2)","CUT ASSEMBLE+INSPECT","CUT=48/75;ASSEMBLE+INSPECT=216/350 CUT=48/100;ASSEMBLE+INSPECT=216/325"
P1|N24|F|UNIFORM|d75|p150,17,1750,24,"C4A2T3I4F2","(4,8,4,2)","ASSEMBLE+INSPECT","CUT=48/96;ASSEMBLE+INSPECT=216/336"
P1|N24|F|UNIFORM|d75|p150,18,1850,23,"C4A3T3I4F2","(4,9,4,2)","ASSEMBLE+INSPECT","CUT=48/92;ASSEMBLE+INSPECT=216/345"
P1|N24|F|UNIFORM|d75|p150,19,2150,22,"C4A6T3I4F2","(4,12,4,2)","CUT|ASSEMBLE+INSPECT","CUT=48/88;ASSEMBLE+INSPECT=216/396"
P1|N24|F|UNIFORM|d75|p200,0,300,149,"C1A1T0I1F0","(1,1,1,0)","ASSEMBLE","CUT=48/149;ASSEMBLE=144/149;INSPECT=72/149"
P1|N24|F|UNIFORM|d75|p200,1,350,80,"C1A0T1I1F0","(1,2,1,0)","ASSEMBLE|INSPECT","CUT=48/80;ASSEMBLE=144/160;INSPECT=72/80"
P1|N24|F|UNIFORM|d75|p200,2,450,79,"C1A0T1I2F0","(1,2,2,0)","ASSEMBLE","CUT=48/79;ASSEMBLE=144/158;INSPECT=72/158"
P1|N24|F|UNIFORM|d75|p200,3,550,57,"C1A1T1I2F0","(1,3,2,0)","CUT|ASSEMBLE","CUT=48/57;ASSEMBLE=144/171;INSPECT=72/114"
P1|N24|F|UNIFORM|d75|p200,4,650,56,"C2A1T1I2F0","(2,3,2,0)","ASSEMBLE","CUT=48/112;ASSEMBLE=144/168;INSPECT=72/112"
P1|N24|F|UNIFORM|d75|p200,5,700,44,"C2A0T2I2F0","(2,4,2,0)","ASSEMBLE|INSPECT","CUT=48/88;ASSEMBLE=144/176;INSPECT=72/88"
P1|N24|F|UNIFORM|d75|p200,6,900,38,"C2A1T2I3F0","(2,5,3,0)","ASSEMBLE","CUT=48/76;ASSEMBLE=144/190;INSPECT=72/114"
P1|N24|F|UNIFORM|d75|p200,7,950,34,"C2A0T3I3F0","(2,6,3,0)","CUT|ASSEMBLE|INSPECT","CUT=48/68;ASSEMBLE=144/204;INSPECT=72/102"
P1|N24|F|UNIFORM|d75|p200,8,1050,32,"C3A0T3I3F0","(3,6,3,0)","ASSEMBLE|INSPECT","CUT=48/96;ASSEMBLE=144/192;INSPECT=72/96"
P1|N24|F|UNIFORM|d75|p200,9,1250,29,"C3A1T3I4F0","(3,7,4,0)","ASSEMBLE","CUT=48/87;ASSEMBLE=144/203;INSPECT=72/116"
P1|N24|F|UNIFORM|d75|p200,10,1350,28,"C3A2T3I4F0","(3,8,4,0)","ASSEMBLE|INSPECT","CUT=48/84;ASSEMBLE=144/224;INSPECT=72/112"
P1|N24|F|UNIFORM|d75|p200,11,1450,26,"C4A2T3I4F0","(4,8,4,0)","ASSEMBLE|INSPECT","CUT=48/104;ASSEMBLE=144/208;INSPECT=72/104"
P1|N24|F|UNIFORM|d75|p200,12,1750,25,"C3A2T3I4F2 C4A1T3I4F2","(3,8,4,2) (4,7,4,2)","CUT ASSEMBLE+INSPECT","CUT=48/75;ASSEMBLE+INSPECT=216/350 CUT=48/100;ASSEMBLE+INSPECT=216/325"
P1|N24|F|UNIFORM|d75|p200,13,1850,24,"C4A2T3I4F2 C4A4T3I4F1","(4,8,4,2) (4,10,4,1)","ASSEMBLE+INSPECT ASSEMBLE+INSPECT","CUT=48/96;ASSEMBLE+INSPECT=216/336 CUT=48/96;ASSEMBLE+INSPECT=216/360"
P1|N24|F|UNIFORM|d75|p200,14,1950,23,"C4A3T3I4F2","(4,9,4,2)","ASSEMBLE+INSPECT","CUT=48/92;ASSEMBLE+INSPECT=216/345"
P1|N24|F|UNIFORM|d75|p200,15,2250,22,"C4A6T3I4F2","(4,12,4,2)","CUT|ASSEMBLE+INSPECT","CUT=48/88;ASSEMBLE+INSPECT=216/396"
P1|N24|F|UNIFORM|d90|p100,0,200,218,"C1A0T0I0F1","(1,0,0,1)","ASSEMBLE+INSPECT","CUT=48/218;ASSEMBLE+INSPECT=216/218"
P1|N24|F|UNIFORM|d90|p100,1,300,112,"C1A0T0I0F2","(1,0,0,2)","ASSEMBLE+INSPECT","CUT=48/112;ASSEMBLE+INSPECT=216/224"
P1|N24|F|UNIFORM|d90|p100,2,380,80,"C1A0T1I1F0","(1,2,1,0)","ASSEMBLE|INSPECT","CUT=48/80;ASSEMBLE=144/160;INSPECT=72/80"
P1|N24|F|UNIFORM|d90|p100,3,400,78,"C1A0T0I0F3","(1,0,0,3)","ASSEMBLE+INSPECT","CUT=48/78;ASSEMBLE+INSPECT=216/234"
P1|N24|F|UNIFORM|d90|p100,4,480,62,"C1A0T1I0F2 C1A0T1I1F1","(1,2,0,2) (1,2,1,1)","ASSEMBLE+INSPECT ASSEMBLE+INSPECT","CUT=48/62;ASSEMBLE+INSPECT=216/248 CUT=48/62;ASSEMBLE+INSPECT=216/248"
P1|N24|F|UNIFORM|d90|p100,5,500,61,"C1A1T0I0F3","(1,1,0,3)","ASSEMBLE+INSPECT","CUT=48/61;ASSEMBLE+INSPECT=216/244"
P1|N24|F|UNIFORM|d90|p100,6,580,57,"C1A0T1I0F3 C1A0T1I1F2 C1A0T1I2F1 C1A1T1I0F2 C1A1T1I1F1 C1A1T1I2F0","(1,2,0,3) (1,2,1,2) (1,2,2,1) (1,3,0,2) (1,3,1,1) (1,3,2,0)","CUT CUT CUT CUT CUT CUT|ASSEMBLE","CUT=48/57;ASSEMBLE+INSPECT=216/285 CUT=48/57;ASSEMBLE+INSPECT=216/285 CUT=48/57;ASSEMBLE+INSPECT=216/285 CUT=48/57;ASSEMBLE+INSPECT=216/285 CUT=48/57;ASSEMBLE+INSPECT=216/285 CUT=48/57;ASSEMBLE=144/171;INSPECT=72/114"
P1|N24|F|UNIFORM|d90|p100,7,680,50,"C2A0T1I1F2","(2,2,1,2)","ASSEMBLE+INSPECT","CUT=48/100;ASSEMBLE+INSPECT=216/250"
P1|N24|F|UNIFORM|d90|p100,8,760,44,"C2A0T2I2F0","(2,4,2,0)","ASSEMBLE|INSPECT","CUT=48/88;ASSEMBLE=144/176;INSPECT=72/88"
P1|N24|F|UNIFORM|d90|p100,9,780,43,"C2A0T1I1F3","(2,2,1,3)","ASSEMBLE+INSPECT","CUT=48/86;ASSEMBLE+INSPECT=216/258"
P1|N24|F|UNIFORM|d90|p100,10,860,39,"C2A0T2I0F3 C2A0T2I1F2","(2,4,0,3) (2,4,1,2)","ASSEMBLE+INSPECT ASSEMBLE+INSPECT","CUT=48/78;ASSEMBLE+INSPECT=216/273 CUT=48/78;ASSEMBLE+INSPECT=216/273"
P1|N24|F|UNIFORM|d90|p100,11,960,35,"C2A0T2I1F3 C2A0T2I2F2","(2,4,1,3) (2,4,2,2)","ASSEMBLE+INSPECT ASSEMBLE+INSPECT","CUT=48/70;ASSEMBLE+INSPECT=216/280 CUT=48/70;ASSEMBLE+INSPECT=216/280"
P1|N24|F|UNIFORM|d90|p100,12,1040,34,"C2A0T3I0F3 C2A0T3I1F2 C2A0T3I2F1 C2A0T3I3F0","(2,6,0,3) (2,6,1,2) (2,6,2,1) (2,6,3,0)","CUT|ASSEMBLE+INSPECT CUT|ASSEMBLE+INSPECT CUT|ASSEMBLE+INSPECT CUT|ASSEMBLE|INSPECT","CUT=48/68;ASSEMBLE+INSPECT=216/306 CUT=48/68;ASSEMBLE+INSPECT=216/306 CUT=48/68;ASSEMBLE+INSPECT=216/306 CUT=48/68;ASSEMBLE=144/204;INSPECT=72/102"
P1|N24|F|UNIFORM|d90|p100,13,1140,32,"C3A0T3I3F0","(3,6,3,0)","ASSEMBLE|INSPECT","CUT=48/96;ASSEMBLE=144/192;INSPECT=72/96"
P1|N24|F|UNIFORM|d90|p100,14,1240,30,"C3A0T3I1F3 C3A0T3I2F2","(3,6,1,3) (3,6,2,2)","ASSEMBLE+INSPECT ASSEMBLE+INSPECT","CUT=48/90;ASSEMBLE+INSPECT=216/300 CUT=48/90;ASSEMBLE+INSPECT=216/300"
P1|N24|F|UNIFORM|d90|p100,15,1260,29,"C3A1T2I2F3","(3,5,2,3)","ASSEMBLE+INSPECT","CUT=48/87;ASSEMBLE+INSPECT=216/290"
P1|N24|F|UNIFORM|d90|p100,16,1440,26,"C3A0T3I3F3","(3,6,3,3)","ASSEMBLE+INSPECT","CUT=48/78;ASSEMBLE+INSPECT=216/312"
P1|N24|F|UNIFORM|d90|p100,17,1640,25,"C3A1T3I4F3 C3A2T3I3F3 C3A2T3I4F2 C4A0T3I4F3 C4A1T3I4F2","(3,7,4,3) (3,8,3,3) (3,8,4,2) (4,6,4,3) (4,7,4,2)","CUT CUT CUT ASSEMBLE+INSPECT ASSEMBLE+INSPECT","CUT=48/75;ASSEMBLE+INSPECT=216/350 CUT=48/75;ASSEMBLE+INSPECT=216/350 CUT=48/75;ASSEMBLE+INSPECT=216/350 CUT=48/100;ASSEMBLE+INSPECT=216/325 CUT=48/100;ASSEMBLE+INSPECT=216/325"
P1|N24|F|UNIFORM|d90|p100,18,1740,24,"C4A1T3I4F3 C4A2T3I3F3 C4A2T3I4F2","(4,7,4,3) (4,8,3,3) (4,8,4,2)","ASSEMBLE+INSPECT ASSEMBLE+INSPECT ASSEMBLE+INSPECT","CUT=48/96;ASSEMBLE+INSPECT=216/336 CUT=48/96;ASSEMBLE+INSPECT=216/336 CUT=48/96;ASSEMBLE+INSPECT=216/336"
P1|N24|F|UNIFORM|d90|p100,19,1840,23,"C4A3T3I3F3 C4A3T3I4F2","(4,9,3,3) (4,9,4,2)","ASSEMBLE+INSPECT ASSEMBLE+INSPECT","CUT=48/92;ASSEMBLE+INSPECT=216/345 CUT=48/92;ASSEMBLE+INSPECT=216/345"
P1|N24|F|UNIFORM|d90|p100,20,2140,22,"C4A5T3I4F3 C4A6T3I3F3 C4A6T3I4F2","(4,11,4,3) (4,12,3,3) (4,12,4,2)","CUT|ASSEMBLE+INSPECT CUT|ASSEMBLE+INSPECT CUT|ASSEMBLE+INSPECT","CUT=48/88;ASSEMBLE+INSPECT=216/396 CUT=48/88;ASSEMBLE+INSPECT=216/396 CUT=48/88;ASSEMBLE+INSPECT=216/396"
P1|N24|F|UNIFORM|d90|p125,0,225,218,"C1A0T0I0F1","(1,0,0,1)","ASSEMBLE+INSPECT","CUT=48/218;ASSEMBLE+INSPECT=216/218"
P1|N24|F|UNIFORM|d90|p125,1,300,149,"C1A1T0I1F0","(1,1,1,0)","ASSEMBLE","CUT=48/149;ASSEMBLE=144/149;INSPECT=72/149"
P1|N24|F|UNIFORM|d90|p125,2,325,113,"C1A1T0I0F1","(1,1,0,1)","ASSEMBLE+INSPECT","CUT=48/113;ASSEMBLE+INSPECT=216/226"
P1|N24|F|UNIFORM|d90|p125,3,350,112,"C1A0T0I0F2","(1,0,0,2)","ASSEMBLE+INSPECT","CUT=48/112;ASSEMBLE+INSPECT=216/224"
P1|N24|F|UNIFORM|d90|p125,4,380,80,"C1A0T1I1F0","(1,2,1,0)","ASSEMBLE|INSPECT","CUT=48/80;ASSEMBLE=144/160;INSPECT=72/80"
P1|N24|F|UNIFORM|d90|p125,5,475,78,"C1A0T0I0F3","(1,0,0,3)","ASSEMBLE+INSPECT","CUT=48/78;ASSEMBLE+INSPECT=216/234"
P1|N24|F|UNIFORM|d90|p125,6,505,62,"C1A0T1I1F1","(1,2,1,1)","ASSEMBLE+INSPECT","CUT=48/62;ASSEMBLE+INSPECT=216/248"
P1|N24|F|UNIFORM|d90|p125,7,575,61,"C1A1T0I0F3","(1,1,0,3)","ASSEMBLE+INSPECT","CUT=48/61;ASSEMBLE+INSPECT=216/244"
P1|N24|F|UNIFORM|d90|p125,8,580,57,"C1A1T1I2F0","(1,3,2,0)","CUT|ASSEMBLE","CUT=48/57;ASSEMBLE=144/171;INSPECT=72/114"
P1|N24|F|UNIFORM|d90|p125,9,680,56,"C2A1T1I2F0","(2,3,2,0)","ASSEMBLE","CUT=48/112;ASSEMBLE=144/168;INSPECT=72/112"
P1|N24|F|UNIFORM|d90|p125,10,705,55,"C2A1T1I1F1","(2,3,1,1)","ASSEMBLE+INSPECT","CUT=48/110;ASSEMBLE+INSPECT=216/275"
P1|N24|F|UNIFORM|d90|p125,11,730,50,"C2A0T1I1F2","(2,2,1,2)","ASSEMBLE+INSPECT","CUT=48/100;ASSEMBLE+INSPECT=216/250"
P1|N24|F|UNIFORM|d90|p125,12,760,44,"C2A0T2I2F0","(2,4,2,0)","ASSEMBLE|INSPECT","CUT=48/88;ASSEMBLE=144/176;INSPECT=72/88"
P1|N24|F|UNIFORM|d90|p125,13,855,43,"C2A0T1I1F3","(2,2,1,3)","ASSEMBLE+INSPECT","CUT=48/86;ASSEMBLE+INSPECT=216/258"
P1|N24|F|UNIFORM|d90|p125,14,885,41,"C2A0T2I2F1","(2,4,2,1)","ASSEMBLE+INSPECT","CUT=48/82;ASSEMBLE+INSPECT=216/287"
P1|N24|F|UNIFORM|d90|p125,15,910,39,"C2A0T2I1F2","(2,4,1,2)","ASSEMBLE+INSPECT","CUT=48/78;ASSEMBLE+INSPECT=216/273"
P1|N24|F|UNIFORM|d90|p125,16,960,38,"C2A1T2I3F0","(2,5,3,0)","ASSEMBLE","CUT=48/76;ASSEMBLE=144/190;INSPECT=72/114"
P1|N24|F|UNIFORM|d90|p125,17,985,36,"C2A1T2I2F1","(2,5,2,1)","ASSEMBLE+INSPECT","CUT=48/72;ASSEMBLE+INSPECT=216/288"
P1|N24|F|UNIFORM|d90|p125,18,1010,35,"C2A0T2I2F2","(2,4,2,2)","ASSEMBLE+INSPECT","CUT=48/70;ASSEMBLE+INSPECT=216/280"
P1|N24|F|UNIFORM|d90|p125,19,1040,34,"C2A0T3I3F0","(2,6,3,0)","CUT|ASSEMBLE|INSPECT","CUT=48/68;ASSEMBLE=144/204;INSPECT=72/102"
P1|N24|F|UNIFORM|d90|p125,20,1140,32,"C3A0T3I3F0","(3,6,3,0)","ASSEMBLE|INSPECT","CUT=48/96;ASSEMBLE=144/192;INSPECT=72/96"
P1|N24|F|UNIFORM|d90|p125,21,1265,31,"C3A0T3I3F1","(3,6,3,1)","ASSEMBLE+INSPECT","CUT=48/93;ASSEMBLE+INSPECT=216/310"
P1|N24|F|UNIFORM|d90|p125,22,1290,30,"C3A0T3I2F2","(3,6,2,2)","ASSEMBLE+INSPECT","CUT=48/90;ASSEMBLE+INSPECT=216/300"
P1|N24|F|UNIFORM|d90|p125,23,1335,29,"C3A1T2I2F3","(3,5,2,3)","ASSEMBLE+INSPECT","CUT=48/87;ASSEMBLE+INSPECT=216/290"
P1|N24|F|UNIFORM|d90|p125,24,1440,28,"C3A2T3I4F0","(3,8,4,0)","ASSEMBLE|INSPECT","CUT=48/84;ASSEMBLE=144/224;INSPECT=72/112"
P1|N24|F|UNIFORM|d90|p125,25,1490,27,"C3A1T3I3F2","(3,7,3,2)","ASSEMBLE+INSPECT","CUT=48/81;ASSEMBLE+INSPECT=216/324"
P1|N24|F|UNIFORM|d90|p125,26,1515,26,"C3A0T3I3F3","(3,6,3,3)","ASSEMBLE+INSPECT","CUT=48/78;ASSEMBLE+INSPECT=216/312"
P1|N24|F|UNIFORM|d90|p125,27,1690,25,"C3A2T3I4F2 C4A1T3I4F2","(3,8,4,2) (4,7,4,2)","CUT ASSEMBLE+INSPECT","CUT=48/75;ASSEMBLE+INSPECT=216/350 CUT=48/100;ASSEMBLE+INSPECT=216/325"
P1|N24|F|UNIFORM|d90|p125,28,1790,24,"C4A2T3I4F2","(4,8,4,2)","ASSEMBLE+INSPECT","CUT=48/96;ASSEMBLE+INSPECT=216/336"
P1|N24|F|UNIFORM|d90|p125,29,1890,23,"C4A3T3I4F2","(4,9,4,2)","ASSEMBLE+INSPECT","CUT=48/92;ASSEMBLE+INSPECT=216/345"
P1|N24|F|UNIFORM|d90|p125,30,2190,22,"C4A6T3I4F2","(4,12,4,2)","CUT|ASSEMBLE+INSPECT","CUT=48/88;ASSEMBLE+INSPECT=216/396"
P1|N24|F|UNIFORM|d90|p150,0,250,218,"C1A0T0I0F1","(1,0,0,1)","ASSEMBLE+INSPECT","CUT=48/218;ASSEMBLE+INSPECT=216/218"
P1|N24|F|UNIFORM|d90|p150,1,300,149,"C1A1T0I1F0","(1,1,1,0)","ASSEMBLE","CUT=48/149;ASSEMBLE=144/149;INSPECT=72/149"
P1|N24|F|UNIFORM|d90|p150,2,350,113,"C1A1T0I0F1","(1,1,0,1)","ASSEMBLE+INSPECT","CUT=48/113;ASSEMBLE+INSPECT=216/226"
P1|N24|F|UNIFORM|d90|p150,3,380,80,"C1A0T1I1F0","(1,2,1,0)","ASSEMBLE|INSPECT","CUT=48/80;ASSEMBLE=144/160;INSPECT=72/80"
P1|N24|F|UNIFORM|d90|p150,4,480,79,"C1A0T1I2F0","(1,2,2,0)","ASSEMBLE","CUT=48/79;ASSEMBLE=144/158;INSPECT=72/158"
P1|N24|F|UNIFORM|d90|p150,5,530,62,"C1A0T1I1F1","(1,2,1,1)","ASSEMBLE+INSPECT","CUT=48/62;ASSEMBLE+INSPECT=216/248"
P1|N24|F|UNIFORM|d90|p150,6,580,57,"C1A1T1I2F0","(1,3,2,0)","CUT|ASSEMBLE","CUT=48/57;ASSEMBLE=144/171;INSPECT=72/114"
P1|N24|F|UNIFORM|d90|p150,7,680,56,"C2A1T1I2F0","(2,3,2,0)","ASSEMBLE","CUT=48/112;ASSEMBLE=144/168;INSPECT=72/112"
P1|N24|F|UNIFORM|d90|p150,8,730,55,"C2A1T1I1F1","(2,3,1,1)","ASSEMBLE+INSPECT","CUT=48/110;ASSEMBLE+INSPECT=216/275"
P1|N24|F|UNIFORM|d90|p150,9,760,44,"C2A0T2I2F0","(2,4,2,0)","ASSEMBLE|INSPECT","CUT=48/88;ASSEMBLE=144/176;INSPECT=72/88"
P1|N24|F|UNIFORM|d90|p150,10,910,41,"C2A0T2I2F1","(2,4,2,1)","ASSEMBLE+INSPECT","CUT=48/82;ASSEMBLE+INSPECT=216/287"
P1|N24|F|UNIFORM|d90|p150,11,960,38,"C2A1T2I3F0","(2,5,3,0)","ASSEMBLE","CUT=48/76;ASSEMBLE=144/190;INSPECT=72/114"
P1|N24|F|UNIFORM|d90|p150,12,1010,36,"C2A1T2I2F1","(2,5,2,1)","ASSEMBLE+INSPECT","CUT=48/72;ASSEMBLE+INSPECT=216/288"
P1|N24|F|UNIFORM|d90|p150,13,1040,34,"C2A0T3I3F0","(2,6,3,0)","CUT|ASSEMBLE|INSPECT","CUT=48/68;ASSEMBLE=144/204;INSPECT=72/102"
P1|N24|F|UNIFORM|d90|p150,14,1140,32,"C3A0T3I3F0","(3,6,3,0)","ASSEMBLE|INSPECT","CUT=48/96;ASSEMBLE=144/192;INSPECT=72/96"
P1|N24|F|UNIFORM|d90|p150,15,1290,31,"C3A0T3I3F1","(3,6,3,1)","ASSEMBLE+INSPECT","CUT=48/93;ASSEMBLE+INSPECT=216/310"
P1|N24|F|UNIFORM|d90|p150,16,1340,29,"C3A1T3I4F0","(3,7,4,0)","ASSEMBLE","CUT=48/87;ASSEMBLE=144/203;INSPECT=72/116"
P1|N24|F|UNIFORM|d90|p150,17,1440,28,"C3A2T3I4F0","(3,8,4,0)","ASSEMBLE|INSPECT","CUT=48/84;ASSEMBLE=144/224;INSPECT=72/112"
P1|N24|F|UNIFORM|d90|p150,18,1540,26,"C4A2T3I4F0","(4,8,4,0)","ASSEMBLE|INSPECT","CUT=48/104;ASSEMBLE=144/208;INSPECT=72/104"
P1|N24|F|UNIFORM|d90|p150,19,1740,25,"C3A2T3I4F2 C4A1T3I4F2","(3,8,4,2) (4,7,4,2)","CUT ASSEMBLE+INSPECT","CUT=48/75;ASSEMBLE+INSPECT=216/350 CUT=48/100;ASSEMBLE+INSPECT=216/325"
P1|N24|F|UNIFORM|d90|p150,20,1840,24,"C4A2T3I4F2","(4,8,4,2)","ASSEMBLE+INSPECT","CUT=48/96;ASSEMBLE+INSPECT=216/336"
P1|N24|F|UNIFORM|d90|p150,21,1940,23,"C4A3T3I4F2","(4,9,4,2)","ASSEMBLE+INSPECT","CUT=48/92;ASSEMBLE+INSPECT=216/345"
P1|N24|F|UNIFORM|d90|p150,22,2240,22,"C4A6T3I4F2","(4,12,4,2)","CUT|ASSEMBLE+INSPECT","CUT=48/88;ASSEMBLE+INSPECT=216/396"
P1|N24|F|UNIFORM|d90|p200,0,300,149,"C1A1T0I1F0","(1,1,1,0)","ASSEMBLE","CUT=48/149;ASSEMBLE=144/149;INSPECT=72/149"
P1|N24|F|UNIFORM|d90|p200,1,380,80,"C1A0T1I1F0","(1,2,1,0)","ASSEMBLE|INSPECT","CUT=48/80;ASSEMBLE=144/160;INSPECT=72/80"
P1|N24|F|UNIFORM|d90|p200,2,480,79,"C1A0T1I2F0","(1,2,2,0)","ASSEMBLE","CUT=48/79;ASSEMBLE=144/158;INSPECT=72/158"
P1|N24|F|UNIFORM|d90|p200,3,580,57,"C1A1T1I2F0","(1,3,2,0)","CUT|ASSEMBLE","CUT=48/57;ASSEMBLE=144/171;INSPECT=72/114"
P1|N24|F|UNIFORM|d90|p200,4,680,56,"C2A1T1I2F0","(2,3,2,0)","ASSEMBLE","CUT=48/112;ASSEMBLE=144/168;INSPECT=72/112"
P1|N24|F|UNIFORM|d90|p200,5,760,44,"C2A0T2I2F0","(2,4,2,0)","ASSEMBLE|INSPECT","CUT=48/88;ASSEMBLE=144/176;INSPECT=72/88"
P1|N24|F|UNIFORM|d90|p200,6,960,38,"C2A1T2I3F0","(2,5,3,0)","ASSEMBLE","CUT=48/76;ASSEMBLE=144/190;INSPECT=72/114"
P1|N24|F|UNIFORM|d90|p200,7,1040,34,"C2A0T3I3F0","(2,6,3,0)","CUT|ASSEMBLE|INSPECT","CUT=48/68;ASSEMBLE=144/204;INSPECT=72/102"
P1|N24|F|UNIFORM|d90|p200,8,1140,32,"C3A0T3I3F0","(3,6,3,0)","ASSEMBLE|INSPECT","CUT=48/96;ASSEMBLE=144/192;INSPECT=72/96"
P1|N24|F|UNIFORM|d90|p200,9,1340,29,"C3A1T3I4F0","(3,7,4,0)","ASSEMBLE","CUT=48/87;ASSEMBLE=144/203;INSPECT=72/116"
P1|N24|F|UNIFORM|d90|p200,10,1440,28,"C3A2T3I4F0","(3,8,4,0)","ASSEMBLE|INSPECT","CUT=48/84;ASSEMBLE=144/224;INSPECT=72/112"
P1|N24|F|UNIFORM|d90|p200,11,1540,26,"C4A2T3I4F0","(4,8,4,0)","ASSEMBLE|INSPECT","CUT=48/104;ASSEMBLE=144/208;INSPECT=72/104"
P1|N24|F|UNIFORM|d90|p200,12,1840,25,"C3A2T3I4F2 C4A1T3I4F2","(3,8,4,2) (4,7,4,2)","CUT ASSEMBLE+INSPECT","CUT=48/75;ASSEMBLE+INSPECT=216/350 CUT=48/100;ASSEMBLE+INSPECT=216/325"
P1|N24|F|UNIFORM|d90|p200,13,1940,24,"C4A2T3I4F2 C4A4T3I4F1","(4,8,4,2) (4,10,4,1)","ASSEMBLE+INSPECT ASSEMBLE+INSPECT","CUT=48/96;ASSEMBLE+INSPECT=216/336 CUT=48/96;ASSEMBLE+INSPECT=216/360"
P1|N24|F|UNIFORM|d90|p200,14,2040,23,"C4A3T3I4F2","(4,9,4,2)","ASSEMBLE+INSPECT","CUT=48/92;ASSEMBLE+INSPECT=216/345"
P1|N24|F|UNIFORM|d90|p200,15,2340,22,"C4A6T3I4F2","(4,12,4,2)","CUT|ASSEMBLE+INSPECT","CUT=48/88;ASSEMBLE+INSPECT=216/396"
P1|N24|F|UNIFORM|d100|p100,0,200,218,"C1A0T0I0F1","(1,0,0,1)","ASSEMBLE+INSPECT","CUT=48/218;ASSEMBLE+INSPECT=216/218"
P1|N24|F|UNIFORM|d100|p100,1,300,112,"C1A0T0I0F2","(1,0,0,2)","ASSEMBLE+INSPECT","CUT=48/112;ASSEMBLE+INSPECT=216/224"
P1|N24|F|UNIFORM|d100|p100,2,400,78,"C1A0T0I0F3","(1,0,0,3)","ASSEMBLE+INSPECT","CUT=48/78;ASSEMBLE+INSPECT=216/234"
P1|N24|F|UNIFORM|d100|p100,3,500,61,"C1A1T0I0F3","(1,1,0,3)","ASSEMBLE+INSPECT","CUT=48/61;ASSEMBLE+INSPECT=216/244"
P1|N24|F|UNIFORM|d100|p100,4,600,57,"C1A0T0I2F3 C1A0T1I0F3 C1A0T1I1F2 C1A0T1I2F1 C1A1T0I1F3 C1A1T0I2F2 C1A1T1I0F2 C1A1T1I1F1 C1A1T1I2F0 C1A2T0I0F3 C1A2T0I1F2 C1A2T0I2F1 C1A3T0I0F2 C1A3T0I1F1 C1A3T0I2F0","(1,0,2,3) (1,2,0,3) (1,2,1,2) (1,2,2,1) (1,1,1,3) (1,1,2,2) (1,3,0,2) (1,3,1,1) (1,3,2,0) (1,2,0,3) (1,2,1,2) (1,2,2,1) (1,3,0,2) (1,3,1,1) (1,3,2,0)","CUT CUT CUT CUT CUT CUT CUT CUT CUT|ASSEMBLE CUT CUT CUT CUT CUT CUT|ASSEMBLE","CUT=48/57;ASSEMBLE+INSPECT=216/285 CUT=48/57;ASSEMBLE+INSPECT=216/285 CUT=48/57;ASSEMBLE+INSPECT=216/285 CUT=48/57;ASSEMBLE+INSPECT=216/285 CUT=48/57;ASSEMBLE+INSPECT=216/285 CUT=48/57;ASSEMBLE+INSPECT=216/285 CUT=48/57;ASSEMBLE+INSPECT=216/285 CUT=48/57;ASSEMBLE+INSPECT=216/285 CUT=48/57;ASSEMBLE=144/171;INSPECT=72/114 CUT=48/57;ASSEMBLE+INSPECT=216/285 CUT=48/57;ASSEMBLE+INSPECT=216/285 CUT=48/57;ASSEMBLE+INSPECT=216/285 CUT=48/57;ASSEMBLE+INSPECT=216/285 CUT=48/57;ASSEMBLE+INSPECT=216/285 CUT=48/57;ASSEMBLE=144/171;INSPECT=72/114"
P1|N24|F|UNIFORM|d100|p100,5,700,50,"C2A0T1I1F2 C2A2T0I1F2","(2,2,1,2) (2,2,1,2)","ASSEMBLE+INSPECT ASSEMBLE+INSPECT","CUT=48/100;ASSEMBLE+INSPECT=216/250 CUT=48/100;ASSEMBLE+INSPECT=216/250"
P1|N24|F|UNIFORM|d100|p100,6,800,43,"C2A0T1I1F3 C2A2T0I1F3","(2,2,1,3) (2,2,1,3)","ASSEMBLE+INSPECT ASSEMBLE+INSPECT","CUT=48/86;ASSEMBLE+INSPECT=216/258 CUT=48/86;ASSEMBLE+INSPECT=216/258"
P1|N24|F|UNIFORM|d100|p100,7,900,39,"C2A0T2I0F3 C2A0T2I1F2 C2A1T1I1F3 C2A2T1I0F3 C2A2T1I1F2 C2A3T0I1F3 C2A4T0I0F3 C2A4T0I1F2","(2,4,0,3) (2,4,1,2) (2,3,1,3) (2,4,0,3) (2,4,1,2) (2,3,1,3) (2,4,0,3) (2,4,1,2)","ASSEMBLE+INSPECT ASSEMBLE+INSPECT ASSEMBLE+INSPECT ASSEMBLE+INSPECT ASSEMBLE+INSPECT ASSEMBLE+INSPECT ASSEMBLE+INSPECT ASSEMBLE+INSPECT","CUT=48/78;ASSEMBLE+INSPECT=216/273 CUT=48/78;ASSEMBLE+INSPECT=216/273 CUT=48/78;ASSEMBLE+INSPECT=216/273 CUT=48/78;ASSEMBLE+INSPECT=216/273 CUT=48/78;ASSEMBLE+INSPECT=216/273 CUT=48/78;ASSEMBLE+INSPECT=216/273 CUT=48/78;ASSEMBLE+INSPECT=216/273 CUT=48/78;ASSEMBLE+INSPECT=216/273"
P1|N24|F|UNIFORM|d100|p100,8,1000,35,"C2A0T2I1F3 C2A0T2I2F2 C2A1T1I2F3 C2A2T1I1F3 C2A2T1I2F2 C2A3T0I2F3 C2A4T0I1F3 C2A4T0I2F2","(2,4,1,3) (2,4,2,2) (2,3,2,3) (2,4,1,3) (2,4,2,2) (2,3,2,3) (2,4,1,3) (2,4,2,2)","ASSEMBLE+INSPECT ASSEMBLE+INSPECT ASSEMBLE+INSPECT ASSEMBLE+INSPECT ASSEMBLE+INSPECT ASSEMBLE+INSPECT ASSEMBLE+INSPECT ASSEMBLE+INSPECT","CUT=48/70;ASSEMBLE+INSPECT=216/280 CUT=48/70;ASSEMBLE+INSPECT=216/280 CUT=48/70;ASSEMBLE+INSPECT=216/280 CUT=48/70;ASSEMBLE+INSPECT=216/280 CUT=48/70;ASSEMBLE+INSPECT=216/280 CUT=48/70;ASSEMBLE+INSPECT=216/280 CUT=48/70;ASSEMBLE+INSPECT=216/280 CUT=48/70;ASSEMBLE+INSPECT=216/280"
P1|N24|F|UNIFORM|d100|p100,9,1100,34,"C2A0T3I0F3 C2A0T3I1F2 C2A0T3I2F1 C2A0T3I3F0 C2A1T2I1F3 C2A1T2I2F2 C2A2T2I0F3 C2A2T2I1F2 C2A2T2I2F1 C2A2T2I3F0 C2A3T1I1F3 C2A3T1I2F2 C2A4T1I0F3 C2A4T1I1F2 C2A4T1I2F1 C2A4T1I3F0 C2A5T0I1F3 C2A5T0I2F2 C2A6T0I0F3 C2A6T0I1F2 C2A6T0I2F1 C2A6T0I3F0","(2,6,0,3) (2,6,1,2) (2,6,2,1) (2,6,3,0) (2,5,1,3) (2,5,2,2) (2,6,0,3) (2,6,1,2) (2,6,2,1) (2,6,3,0) (2,5,1,3) (2,5,2,2) (2,6,0,3) (2,6,1,2) (2,6,2,1) (2,6,3,0) (2,5,1,3) (2,5,2,2) (2,6,0,3) (2,6,1,2) (2,6,2,1) (2,6,3,0)","CUT|ASSEMBLE+INSPECT CUT|ASSEMBLE+INSPECT CUT|ASSEMBLE+INSPECT CUT|ASSEMBLE|INSPECT CUT|ASSEMBLE+INSPECT CUT|ASSEMBLE+INSPECT CUT|ASSEMBLE+INSPECT CUT|ASSEMBLE+INSPECT CUT|ASSEMBLE+INSPECT CUT|ASSEMBLE|INSPECT CUT|ASSEMBLE+INSPECT CUT|ASSEMBLE+INSPECT CUT|ASSEMBLE+INSPECT CUT|ASSEMBLE+INSPECT CUT|ASSEMBLE+INSPECT CUT|ASSEMBLE|INSPECT CUT|ASSEMBLE+INSPECT CUT|ASSEMBLE+INSPECT CUT|ASSEMBLE+INSPECT CUT|ASSEMBLE+INSPECT CUT|ASSEMBLE+INSPECT CUT|ASSEMBLE|INSPECT","CUT=48/68;ASSEMBLE+INSPECT=216/306 CUT=48/68;ASSEMBLE+INSPECT=216/306 CUT=48/68;ASSEMBLE+INSPECT=216/306 CUT=48/68;ASSEMBLE=144/204;INSPECT=72/102 CUT=48/68;ASSEMBLE+INSPECT=216/306 CUT=48/68;ASSEMBLE+INSPECT=216/306 CUT=48/68;ASSEMBLE+INSPECT=216/306 CUT=48/68;ASSEMBLE+INSPECT=216/306 CUT=48/68;ASSEMBLE+INSPECT=216/306 CUT=48/68;ASSEMBLE=144/204;INSPECT=72/102 CUT=48/68;ASSEMBLE+INSPECT=216/306 CUT=48/68;ASSEMBLE+INSPECT=216/306 CUT=48/68;ASSEMBLE+INSPECT=216/306 CUT=48/68;ASSEMBLE+INSPECT=216/306 CUT=48/68;ASSEMBLE+INSPECT=216/306 CUT=48/68;ASSEMBLE=144/204;INSPECT=72/102 CUT=48/68;ASSEMBLE+INSPECT=216/306 CUT=48/68;ASSEMBLE+INSPECT=216/306 CUT=48/68;ASSEMBLE+INSPECT=216/306 CUT=48/68;ASSEMBLE+INSPECT=216/306 CUT=48/68;ASSEMBLE+INSPECT=216/306 CUT=48/68;ASSEMBLE=144/204;INSPECT=72/102"
P1|N24|F|UNIFORM|d100|p100,10,1200,32,"C3A0T2I2F3 C3A0T3I3F0 C3A1T2I2F2 C3A2T1I2F3 C3A2T2I3F0 C3A3T1I2F2 C3A4T0I2F3 C3A4T1I3F0 C3A5T0I2F2 C3A6T0I3F0","(3,4,2,3) (3,6,3,0) (3,5,2,2) (3,4,2,3) (3,6,3,0) (3,5,2,2) (3,4,2,3) (3,6,3,0) (3,5,2,2) (3,6,3,0)","ASSEMBLE+INSPECT ASSEMBLE|INSPECT ASSEMBLE+INSPECT ASSEMBLE+INSPECT ASSEMBLE|INSPECT ASSEMBLE+INSPECT ASSEMBLE+INSPECT ASSEMBLE|INSPECT ASSEMBLE+INSPECT ASSEMBLE|INSPECT","CUT=48/96;ASSEMBLE+INSPECT=216/288 CUT=48/96;ASSEMBLE=144/192;INSPECT=72/96 CUT=48/96;ASSEMBLE+INSPECT=216/288 CUT=48/96;ASSEMBLE+INSPECT=216/288 CUT=48/96;ASSEMBLE=144/192;INSPECT=72/96 CUT=48/96;ASSEMBLE+INSPECT=216/288 CUT=48/96;ASSEMBLE+INSPECT=216/288 CUT=48/96;ASSEMBLE=144/192;INSPECT=72/96 CUT=48/96;ASSEMBLE+INSPECT=216/288 CUT=48/96;ASSEMBLE=144/192;INSPECT=72/96"
P1|N24|F|UNIFORM|d100|p100,11,1300,29,"C3A1T2I2F3 C3A3T1I2F3 C3A5T0I2F3","(3,5,2,3) (3,5,2,3) (3,5,2,3)","ASSEMBLE+INSPECT ASSEMBLE+INSPECT ASSEMBLE+INSPECT","CUT=48/87;ASSEMBLE+INSPECT=216/290 CUT=48/87;ASSEMBLE+INSPECT=216/290 CUT=48/87;ASSEMBLE+INSPECT=216/290"
P1|N24|F|UNIFORM|d100|p100,12,1500,26,"C3A0T3I3F3 C3A2T2I3F3 C3A4T1I3F3 C3A6T0I3F3","(3,6,3,3) (3,6,3,3) (3,6,3,3) (3,6,3,3)","ASSEMBLE+INSPECT ASSEMBLE+INSPECT ASSEMBLE+INSPECT ASSEMBLE+INSPECT","CUT=48/78;ASSEMBLE+INSPECT=216/312 CUT=48/78;ASSEMBLE+INSPECT=216/312 CUT=48/78;ASSEMBLE+INSPECT=216/312 CUT=48/78;ASSEMBLE+INSPECT=216/312"
P1|N24|F|UNIFORM|d100|p100,13,1700,25,"C3A1T3I4F3 C3A2T3I3F3 C3A2T3I4F2 C3A3T2I4F3 C3A4T2I3F3 C3A4T2I4F2 C3A5T1I4F3 C3A6T1I3F3 C3A6T1I4F2 C4A0T3I4F3 C4A1T3I4F2 C4A2T2I4F3 C4A3T2I4F2 C4A4T1I4F3 C4A5T1I4F2 C4A6T0I4F3","(3,7,4,3) (3,8,3,3) (3,8,4,2) (3,7,4,3) (3,8,3,3) (3,8,4,2) (3,7,4,3) (3,8,3,3) (3,8,4,2) (4,6,4,3) (4,7,4,2) (4,6,4,3) (4,7,4,2) (4,6,4,3) (4,7,4,2) (4,6,4,3)","CUT CUT CUT CUT CUT CUT CUT CUT CUT ASSEMBLE+INSPECT ASSEMBLE+INSPECT ASSEMBLE+INSPECT ASSEMBLE+INSPECT ASSEMBLE+INSPECT ASSEMBLE+INSPECT ASSEMBLE+INSPECT","CUT=48/75;ASSEMBLE+INSPECT=216/350 CUT=48/75;ASSEMBLE+INSPECT=216/350 CUT=48/75;ASSEMBLE+INSPECT=216/350 CUT=48/75;ASSEMBLE+INSPECT=216/350 CUT=48/75;ASSEMBLE+INSPECT=216/350 CUT=48/75;ASSEMBLE+INSPECT=216/350 CUT=48/75;ASSEMBLE+INSPECT=216/350 CUT=48/75;ASSEMBLE+INSPECT=216/350 CUT=48/75;ASSEMBLE+INSPECT=216/350 CUT=48/100;ASSEMBLE+INSPECT=216/325 CUT=48/100;ASSEMBLE+INSPECT=216/325 CUT=48/100;ASSEMBLE+INSPECT=216/325 CUT=48/100;ASSEMBLE+INSPECT=216/325 CUT=48/100;ASSEMBLE+INSPECT=216/325 CUT=48/100;ASSEMBLE+INSPECT=216/325 CUT=48/100;ASSEMBLE+INSPECT=216/325"
P1|N24|F|UNIFORM|d100|p100,14,1800,24,"C4A1T3I4F3 C4A2T3I3F3 C4A2T3I4F2 C4A3T2I4F3 C4A4T2I3F3 C4A4T2I4F2 C4A5T1I4F3 C4A6T1I3F3 C4A6T1I4F2","(4,7,4,3) (4,8,3,3) (4,8,4,2) (4,7,4,3) (4,8,3,3) (4,8,4,2) (4,7,4,3) (4,8,3,3) (4,8,4,2)","ASSEMBLE+INSPECT ASSEMBLE+INSPECT ASSEMBLE+INSPECT ASSEMBLE+INSPECT ASSEMBLE+INSPECT ASSEMBLE+INSPECT ASSEMBLE+INSPECT ASSEMBLE+INSPECT ASSEMBLE+INSPECT","CUT=48/96;ASSEMBLE+INSPECT=216/336 CUT=48/96;ASSEMBLE+INSPECT=216/336 CUT=48/96;ASSEMBLE+INSPECT=216/336 CUT=48/96;ASSEMBLE+INSPECT=216/336 CUT=48/96;ASSEMBLE+INSPECT=216/336 CUT=48/96;ASSEMBLE+INSPECT=216/336 CUT=48/96;ASSEMBLE+INSPECT=216/336 CUT=48/96;ASSEMBLE+INSPECT=216/336 CUT=48/96;ASSEMBLE+INSPECT=216/336"
P1|N24|F|UNIFORM|d100|p100,15,1900,23,"C4A3T3I3F3 C4A3T3I4F2 C4A5T2I3F3 C4A5T2I4F2","(4,9,3,3) (4,9,4,2) (4,9,3,3) (4,9,4,2)","ASSEMBLE+INSPECT ASSEMBLE+INSPECT ASSEMBLE+INSPECT ASSEMBLE+INSPECT","CUT=48/92;ASSEMBLE+INSPECT=216/345 CUT=48/92;ASSEMBLE+INSPECT=216/345 CUT=48/92;ASSEMBLE+INSPECT=216/345 CUT=48/92;ASSEMBLE+INSPECT=216/345"
P1|N24|F|UNIFORM|d100|p100,16,2200,22,"C4A5T3I4F3 C4A6T3I3F3 C4A6T3I4F2","(4,11,4,3) (4,12,3,3) (4,12,4,2)","CUT|ASSEMBLE+INSPECT CUT|ASSEMBLE+INSPECT CUT|ASSEMBLE+INSPECT","CUT=48/88;ASSEMBLE+INSPECT=216/396 CUT=48/88;ASSEMBLE+INSPECT=216/396 CUT=48/88;ASSEMBLE+INSPECT=216/396"
P1|N24|F|UNIFORM|d100|p125,0,225,218,"C1A0T0I0F1","(1,0,0,1)","ASSEMBLE+INSPECT","CUT=48/218;ASSEMBLE+INSPECT=216/218"
P1|N24|F|UNIFORM|d100|p125,1,300,149,"C1A1T0I1F0","(1,1,1,0)","ASSEMBLE","CUT=48/149;ASSEMBLE=144/149;INSPECT=72/149"
P1|N24|F|UNIFORM|d100|p125,2,325,113,"C1A1T0I0F1","(1,1,0,1)","ASSEMBLE+INSPECT","CUT=48/113;ASSEMBLE+INSPECT=216/226"
P1|N24|F|UNIFORM|d100|p125,3,350,112,"C1A0T0I0F2","(1,0,0,2)","ASSEMBLE+INSPECT","CUT=48/112;ASSEMBLE+INSPECT=216/224"
P1|N24|F|UNIFORM|d100|p125,4,400,80,"C1A0T1I1F0 C1A2T0I1F0","(1,2,1,0) (1,2,1,0)","ASSEMBLE|INSPECT ASSEMBLE|INSPECT","CUT=48/80;ASSEMBLE=144/160;INSPECT=72/80 CUT=48/80;ASSEMBLE=144/160;INSPECT=72/80"
P1|N24|F|UNIFORM|d100|p125,5,475,78,"C1A0T0I0F3","(1,0,0,3)","ASSEMBLE+INSPECT","CUT=48/78;ASSEMBLE+INSPECT=216/234"
P1|N24|F|UNIFORM|d100|p125,6,525,62,"C1A0T1I1F1 C1A2T0I1F1","(1,2,1,1) (1,2,1,1)","ASSEMBLE+INSPECT ASSEMBLE+INSPECT","CUT=48/62;ASSEMBLE+INSPECT=216/248 CUT=48/62;ASSEMBLE+INSPECT=216/248"
P1|N24|F|UNIFORM|d100|p125,7,575,61,"C1A1T0I0F3","(1,1,0,3)","ASSEMBLE+INSPECT","CUT=48/61;ASSEMBLE+INSPECT=216/244"
P1|N24|F|UNIFORM|d100|p125,8,600,57,"C1A1T1I2F0 C1A3T0I2F0","(1,3,2,0) (1,3,2,0)","CUT|ASSEMBLE CUT|ASSEMBLE","CUT=48/57;ASSEMBLE=144/171;INSPECT=72/114 CUT=48/57;ASSEMBLE=144/171;INSPECT=72/114"
P1|N24|F|UNIFORM|d100|p125,9,700,56,"C2A1T1I2F0 C2A3T0I2F0","(2,3,2,0) (2,3,2,0)","ASSEMBLE ASSEMBLE","CUT=48/112;ASSEMBLE=144/168;INSPECT=72/112 CUT=48/112;ASSEMBLE=144/168;INSPECT=72/112"
P1|N24|F|UNIFORM|d100|p125,10,725,55,"C2A1T1I1F1 C2A3T0I1F1","(2,3,1,1) (2,3,1,1)","ASSEMBLE+INSPECT ASSEMBLE+INSPECT","CUT=48/110;ASSEMBLE+INSPECT=216/275 CUT=48/110;ASSEMBLE+INSPECT=216/275"
P1|N24|F|UNIFORM|d100|p125,11,750,50,"C2A0T1I1F2 C2A2T0I1F2","(2,2,1,2) (2,2,1,2)","ASSEMBLE+INSPECT ASSEMBLE+INSPECT","CUT=48/100;ASSEMBLE+INSPECT=216/250 CUT=48/100;ASSEMBLE+INSPECT=216/250"
P1|N24|F|UNIFORM|d100|p125,12,800,44,"C2A0T2I2F0 C2A2T1I2F0 C2A4T0I2F0","(2,4,2,0) (2,4,2,0) (2,4,2,0)","ASSEMBLE|INSPECT ASSEMBLE|INSPECT ASSEMBLE|INSPECT","CUT=48/88;ASSEMBLE=144/176;INSPECT=72/88 CUT=48/88;ASSEMBLE=144/176;INSPECT=72/88 CUT=48/88;ASSEMBLE=144/176;INSPECT=72/88"
P1|N24|F|UNIFORM|d100|p125,13,875,43,"C2A0T1I1F3 C2A2T0I1F3","(2,2,1,3) (2,2,1,3)","ASSEMBLE+INSPECT ASSEMBLE+INSPECT","CUT=48/86;ASSEMBLE+INSPECT=216/258 CUT=48/86;ASSEMBLE+INSPECT=216/258"
P1|N24|F|UNIFORM|d100|p125,14,925,41,"C2A0T2I2F1 C2A2T1I2F1 C2A4T0I2F1","(2,4,2,1) (2,4,2,1) (2,4,2,1)","ASSEMBLE+INSPECT ASSEMBLE+INSPECT ASSEMBLE+INSPECT","CUT=48/82;ASSEMBLE+INSPECT=216/287 CUT=48/82;ASSEMBLE+INSPECT=216/287 CUT=48/82;ASSEMBLE+INSPECT=216/287"
P1|N24|F|UNIFORM|d100|p125,15,950,39,"C2A0T2I1F2 C2A2T1I1F2 C2A4T0I1F2","(2,4,1,2) (2,4,1,2) (2,4,1,2)","ASSEMBLE+INSPECT ASSEMBLE+INSPECT ASSEMBLE+INSPECT","CUT=48/78;ASSEMBLE+INSPECT=216/273 CUT=48/78;ASSEMBLE+INSPECT=216/273 CUT=48/78;ASSEMBLE+INSPECT=216/273"
P1|N24|F|UNIFORM|d100|p125,16,1000,38,"C2A1T2I3F0 C2A3T1I3F0 C2A5T0I3F0","(2,5,3,0) (2,5,3,0) (2,5,3,0)","ASSEMBLE ASSEMBLE ASSEMBLE","CUT=48/76;ASSEMBLE=144/190;INSPECT=72/114 CUT=48/76;ASSEMBLE=144/190;INSPECT=72/114 CUT=48/76;ASSEMBLE=144/190;INSPECT=72/114"
P1|N24|F|UNIFORM|d100|p125,17,1025,36,"C2A1T2I2F1 C2A3T1I2F1 C2A5T0I2F1","(2,5,2,1) (2,5,2,1) (2,5,2,1)","ASSEMBLE+INSPECT ASSEMBLE+INSPECT ASSEMBLE+INSPECT","CUT=48/72;ASSEMBLE+INSPECT=216/288 CUT=48/72;ASSEMBLE+INSPECT=216/288 CUT=48/72;ASSEMBLE+INSPECT=216/288"
P1|N24|F|UNIFORM|d100|p125,18,1050,35,"C2A0T2I2F2 C2A2T1I2F2 C2A4T0I2F2","(2,4,2,2) (2,4,2,2) (2,4,2,2)","ASSEMBLE+INSPECT ASSEMBLE+INSPECT ASSEMBLE+INSPECT","CUT=48/70;ASSEMBLE+INSPECT=216/280 CUT=48/70;ASSEMBLE+INSPECT=216/280 CUT=48/70;ASSEMBLE+INSPECT=216/280"
P1|N24|F|UNIFORM|d100|p125,19,1100,34,"C2A0T3I3F0 C2A2T2I3F0 C2A4T1I3F0 C2A6T0I3F0","(2,6,3,0) (2,6,3,0) (2,6,3,0) (2,6,3,0)","CUT|ASSEMBLE|INSPECT CUT|ASSEMBLE|INSPECT CUT|ASSEMBLE|INSPECT CUT|ASSEMBLE|INSPECT","CUT=48/68;ASSEMBLE=144/204;INSPECT=72/102 CUT=48/68;ASSEMBLE=144/204;INSPECT=72/102 CUT=48/68;ASSEMBLE=144/204;INSPECT=72/102 CUT=48/68;ASSEMBLE=144/204;INSPECT=72/102"
P1|N24|F|UNIFORM|d100|p125,20,1200,32,"C3A0T3I3F0 C3A2T2I3F0 C3A4T1I3F0 C3A6T0I3F0","(3,6,3,0) (3,6,3,0) (3,6,3,0) (3,6,3,0)","ASSEMBLE|INSPECT ASSEMBLE|INSPECT ASSEMBLE|INSPECT ASSEMBLE|INSPECT","CUT=48/96;ASSEMBLE=144/192;INSPECT=72/96 CUT=48/96;ASSEMBLE=144/192;INSPECT=72/96 CUT=48/96;ASSEMBLE=144/192;INSPECT=72/96 CUT=48/96;ASSEMBLE=144/192;INSPECT=72/96"
P1|N24|F|UNIFORM|d100|p125,21,1325,31,"C3A0T3I3F1 C3A2T2I3F1 C3A4T1I3F1 C3A6T0I3F1","(3,6,3,1) (3,6,3,1) (3,6,3,1) (3,6,3,1)","ASSEMBLE+INSPECT ASSEMBLE+INSPECT ASSEMBLE+INSPECT ASSEMBLE+INSPECT","CUT=48/93;ASSEMBLE+INSPECT=216/310 CUT=48/93;ASSEMBLE+INSPECT=216/310 CUT=48/93;ASSEMBLE+INSPECT=216/310 CUT=48/93;ASSEMBLE+INSPECT=216/310"
P1|N24|F|UNIFORM|d100|p125,22,1350,30,"C3A0T3I2F2 C3A1T2I3F2 C3A2T2I2F2 C3A3T1I3F2 C3A4T1I2F2 C3A5T0I3F2 C3A6T0I2F2","(3,6,2,2) (3,5,3,2) (3,6,2,2) (3,5,3,2) (3,6,2,2) (3,5,3,2) (3,6,2,2)","ASSEMBLE+INSPECT ASSEMBLE+INSPECT ASSEMBLE+INSPECT ASSEMBLE+INSPECT ASSEMBLE+INSPECT ASSEMBLE+INSPECT ASSEMBLE+INSPECT","CUT=48/90;ASSEMBLE+INSPECT=216/300 CUT=48/90;ASSEMBLE+INSPECT=216/300 CUT=48/90;ASSEMBLE+INSPECT=216/300 CUT=48/90;ASSEMBLE+INSPECT=216/300 CUT=48/90;ASSEMBLE+INSPECT=216/300 CUT=48/90;ASSEMBLE+INSPECT=216/300 CUT=48/90;ASSEMBLE+INSPECT=216/300"
P1|N24|F|UNIFORM|d100|p125,23,1375,29,"C3A1T2I2F3 C3A3T1I2F3 C3A5T0I2F3","(3,5,2,3) (3,5,2,3) (3,5,2,3)","ASSEMBLE+INSPECT ASSEMBLE+INSPECT ASSEMBLE+INSPECT","CUT=48/87;ASSEMBLE+INSPECT=216/290 CUT=48/87;ASSEMBLE+INSPECT=216/290 CUT=48/87;ASSEMBLE+INSPECT=216/290"
P1|N24|F|UNIFORM|d100|p125,24,1500,28,"C3A2T3I4F0 C3A4T2I4F0 C3A6T1I4F0","(3,8,4,0) (3,8,4,0) (3,8,4,0)","ASSEMBLE|INSPECT ASSEMBLE|INSPECT ASSEMBLE|INSPECT","CUT=48/84;ASSEMBLE=144/224;INSPECT=72/112 CUT=48/84;ASSEMBLE=144/224;INSPECT=72/112 CUT=48/84;ASSEMBLE=144/224;INSPECT=72/112"
P1|N24|F|UNIFORM|d100|p125,25,1550,27,"C3A1T3I3F2 C3A3T2I3F2 C3A5T1I3F2","(3,7,3,2) (3,7,3,2) (3,7,3,2)","ASSEMBLE+INSPECT ASSEMBLE+INSPECT ASSEMBLE+INSPECT","CUT=48/81;ASSEMBLE+INSPECT=216/324 CUT=48/81;ASSEMBLE+INSPECT=216/324 CUT=48/81;ASSEMBLE+INSPECT=216/324"
P1|N24|F|UNIFORM|d100|p125,26,1575,26,"C3A0T3I3F3 C3A2T2I3F3 C3A4T1I3F3 C3A6T0I3F3","(3,6,3,3) (3,6,3,3) (3,6,3,3) (3,6,3,3)","ASSEMBLE+INSPECT ASSEMBLE+INSPECT ASSEMBLE+INSPECT ASSEMBLE+INSPECT","CUT=48/78;ASSEMBLE+INSPECT=216/312 CUT=48/78;ASSEMBLE+INSPECT=216/312 CUT=48/78;ASSEMBLE+INSPECT=216/312 CUT=48/78;ASSEMBLE+INSPECT=216/312"
P1|N24|F|UNIFORM|d100|p125,27,1750,25,"C3A2T3I4F2 C3A4T2I4F2 C3A6T1I4F2 C4A1T3I4F2 C4A3T2I4F2 C4A5T1I4F2","(3,8,4,2) (3,8,4,2) (3,8,4,2) (4,7,4,2) (4,7,4,2) (4,7,4,2)","CUT CUT CUT ASSEMBLE+INSPECT ASSEMBLE+INSPECT ASSEMBLE+INSPECT","CUT=48/75;ASSEMBLE+INSPECT=216/350 CUT=48/75;ASSEMBLE+INSPECT=216/350 CUT=48/75;ASSEMBLE+INSPECT=216/350 CUT=48/100;ASSEMBLE+INSPECT=216/325 CUT=48/100;ASSEMBLE+INSPECT=216/325 CUT=48/100;ASSEMBLE+INSPECT=216/325"
P1|N24|F|UNIFORM|d100|p125,28,1850,24,"C4A2T3I4F2 C4A4T2I4F2 C4A6T1I4F2","(4,8,4,2) (4,8,4,2) (4,8,4,2)","ASSEMBLE+INSPECT ASSEMBLE+INSPECT ASSEMBLE+INSPECT","CUT=48/96;ASSEMBLE+INSPECT=216/336 CUT=48/96;ASSEMBLE+INSPECT=216/336 CUT=48/96;ASSEMBLE+INSPECT=216/336"
P1|N24|F|UNIFORM|d100|p125,29,1950,23,"C4A3T3I4F2 C4A5T2I4F2","(4,9,4,2) (4,9,4,2)","ASSEMBLE+INSPECT ASSEMBLE+INSPECT","CUT=48/92;ASSEMBLE+INSPECT=216/345 CUT=48/92;ASSEMBLE+INSPECT=216/345"
P1|N24|F|UNIFORM|d100|p125,30,2250,22,"C4A6T3I4F2","(4,12,4,2)","CUT|ASSEMBLE+INSPECT","CUT=48/88;ASSEMBLE+INSPECT=216/396"
P1|N24|F|UNIFORM|d100|p150,0,250,218,"C1A0T0I0F1","(1,0,0,1)","ASSEMBLE+INSPECT","CUT=48/218;ASSEMBLE+INSPECT=216/218"
P1|N24|F|UNIFORM|d100|p150,1,300,149,"C1A1T0I1F0","(1,1,1,0)","ASSEMBLE","CUT=48/149;ASSEMBLE=144/149;INSPECT=72/149"
P1|N24|F|UNIFORM|d100|p150,2,350,113,"C1A1T0I0F1","(1,1,0,1)","ASSEMBLE+INSPECT","CUT=48/113;ASSEMBLE+INSPECT=216/226"
P1|N24|F|UNIFORM|d100|p150,3,400,80,"C1A0T1I1F0 C1A2T0I1F0","(1,2,1,0) (1,2,1,0)","ASSEMBLE|INSPECT ASSEMBLE|INSPECT","CUT=48/80;ASSEMBLE=144/160;INSPECT=72/80 CUT=48/80;ASSEMBLE=144/160;INSPECT=72/80"
P1|N24|F|UNIFORM|d100|p150,4,500,79,"C1A0T1I2F0 C1A2T0I2F0","(1,2,2,0) (1,2,2,0)","ASSEMBLE ASSEMBLE","CUT=48/79;ASSEMBLE=144/158;INSPECT=72/158 CUT=48/79;ASSEMBLE=144/158;INSPECT=72/158"
P1|N24|F|UNIFORM|d100|p150,5,550,62,"C1A0T1I1F1 C1A2T0I1F1","(1,2,1,1) (1,2,1,1)","ASSEMBLE+INSPECT ASSEMBLE+INSPECT","CUT=48/62;ASSEMBLE+INSPECT=216/248 CUT=48/62;ASSEMBLE+INSPECT=216/248"
P1|N24|F|UNIFORM|d100|p150,6,600,57,"C1A1T1I2F0 C1A3T0I2F0","(1,3,2,0) (1,3,2,0)","CUT|ASSEMBLE CUT|ASSEMBLE","CUT=48/57;ASSEMBLE=144/171;INSPECT=72/114 CUT=48/57;ASSEMBLE=144/171;INSPECT=72/114"
P1|N24|F|UNIFORM|d100|p150,7,700,56,"C2A1T1I2F0 C2A3T0I2F0","(2,3,2,0) (2,3,2,0)","ASSEMBLE ASSEMBLE","CUT=48/112;ASSEMBLE=144/168;INSPECT=72/112 CUT=48/112;ASSEMBLE=144/168;INSPECT=72/112"
P1|N24|F|UNIFORM|d100|p150,8,750,55,"C2A1T1I1F1 C2A3T0I1F1","(2,3,1,1) (2,3,1,1)","ASSEMBLE+INSPECT ASSEMBLE+INSPECT","CUT=48/110;ASSEMBLE+INSPECT=216/275 CUT=48/110;ASSEMBLE+INSPECT=216/275"
P1|N24|F|UNIFORM|d100|p150,9,800,44,"C2A0T2I2F0 C2A2T1I2F0 C2A4T0I2F0","(2,4,2,0) (2,4,2,0) (2,4,2,0)","ASSEMBLE|INSPECT ASSEMBLE|INSPECT ASSEMBLE|INSPECT","CUT=48/88;ASSEMBLE=144/176;INSPECT=72/88 CUT=48/88;ASSEMBLE=144/176;INSPECT=72/88 CUT=48/88;ASSEMBLE=144/176;INSPECT=72/88"
P1|N24|F|UNIFORM|d100|p150,10,950,41,"C2A0T2I2F1 C2A2T1I2F1 C2A4T0I2F1","(2,4,2,1) (2,4,2,1) (2,4,2,1)","ASSEMBLE+INSPECT ASSEMBLE+INSPECT ASSEMBLE+INSPECT","CUT=48/82;ASSEMBLE+INSPECT=216/287 CUT=48/82;ASSEMBLE+INSPECT=216/287 CUT=48/82;ASSEMBLE+INSPECT=216/287"
P1|N24|F|UNIFORM|d100|p150,11,1000,38,"C2A1T2I3F0 C2A3T1I3F0 C2A5T0I3F0","(2,5,3,0) (2,5,3,0) (2,5,3,0)","ASSEMBLE ASSEMBLE ASSEMBLE","CUT=48/76;ASSEMBLE=144/190;INSPECT=72/114 CUT=48/76;ASSEMBLE=144/190;INSPECT=72/114 CUT=48/76;ASSEMBLE=144/190;INSPECT=72/114"
P1|N24|F|UNIFORM|d100|p150,12,1050,36,"C2A1T2I2F1 C2A3T1I2F1 C2A5T0I2F1","(2,5,2,1) (2,5,2,1) (2,5,2,1)","ASSEMBLE+INSPECT ASSEMBLE+INSPECT ASSEMBLE+INSPECT","CUT=48/72;ASSEMBLE+INSPECT=216/288 CUT=48/72;ASSEMBLE+INSPECT=216/288 CUT=48/72;ASSEMBLE+INSPECT=216/288"
P1|N24|F|UNIFORM|d100|p150,13,1100,34,"C2A0T3I3F0 C2A2T2I3F0 C2A4T1I3F0 C2A6T0I3F0","(2,6,3,0) (2,6,3,0) (2,6,3,0) (2,6,3,0)","CUT|ASSEMBLE|INSPECT CUT|ASSEMBLE|INSPECT CUT|ASSEMBLE|INSPECT CUT|ASSEMBLE|INSPECT","CUT=48/68;ASSEMBLE=144/204;INSPECT=72/102 CUT=48/68;ASSEMBLE=144/204;INSPECT=72/102 CUT=48/68;ASSEMBLE=144/204;INSPECT=72/102 CUT=48/68;ASSEMBLE=144/204;INSPECT=72/102"
P1|N24|F|UNIFORM|d100|p150,14,1200,32,"C3A0T3I3F0 C3A2T2I3F0 C3A4T1I3F0 C3A6T0I3F0","(3,6,3,0) (3,6,3,0) (3,6,3,0) (3,6,3,0)","ASSEMBLE|INSPECT ASSEMBLE|INSPECT ASSEMBLE|INSPECT ASSEMBLE|INSPECT","CUT=48/96;ASSEMBLE=144/192;INSPECT=72/96 CUT=48/96;ASSEMBLE=144/192;INSPECT=72/96 CUT=48/96;ASSEMBLE=144/192;INSPECT=72/96 CUT=48/96;ASSEMBLE=144/192;INSPECT=72/96"
P1|N24|F|UNIFORM|d100|p150,15,1350,31,"C3A0T3I3F1 C3A2T2I3F1 C3A4T1I3F1 C3A6T0I3F1","(3,6,3,1) (3,6,3,1) (3,6,3,1) (3,6,3,1)","ASSEMBLE+INSPECT ASSEMBLE+INSPECT ASSEMBLE+INSPECT ASSEMBLE+INSPECT","CUT=48/93;ASSEMBLE+INSPECT=216/310 CUT=48/93;ASSEMBLE+INSPECT=216/310 CUT=48/93;ASSEMBLE+INSPECT=216/310 CUT=48/93;ASSEMBLE+INSPECT=216/310"
P1|N24|F|UNIFORM|d100|p150,16,1400,29,"C3A1T3I4F0 C3A3T2I4F0 C3A5T1I4F0","(3,7,4,0) (3,7,4,0) (3,7,4,0)","ASSEMBLE ASSEMBLE ASSEMBLE","CUT=48/87;ASSEMBLE=144/203;INSPECT=72/116 CUT=48/87;ASSEMBLE=144/203;INSPECT=72/116 CUT=48/87;ASSEMBLE=144/203;INSPECT=72/116"
P1|N24|F|UNIFORM|d100|p150,17,1500,28,"C3A2T3I4F0 C3A4T2I4F0 C3A6T1I4F0","(3,8,4,0) (3,8,4,0) (3,8,4,0)","ASSEMBLE|INSPECT ASSEMBLE|INSPECT ASSEMBLE|INSPECT","CUT=48/84;ASSEMBLE=144/224;INSPECT=72/112 CUT=48/84;ASSEMBLE=144/224;INSPECT=72/112 CUT=48/84;ASSEMBLE=144/224;INSPECT=72/112"
P1|N24|F|UNIFORM|d100|p150,18,1600,26,"C4A2T3I4F0 C4A4T2I4F0 C4A6T1I4F0","(4,8,4,0) (4,8,4,0) (4,8,4,0)","ASSEMBLE|INSPECT ASSEMBLE|INSPECT ASSEMBLE|INSPECT","CUT=48/104;ASSEMBLE=144/208;INSPECT=72/104 CUT=48/104;ASSEMBLE=144/208;INSPECT=72/104 CUT=48/104;ASSEMBLE=144/208;INSPECT=72/104"
P1|N24|F|UNIFORM|d100|p150,19,1800,25,"C3A2T3I4F2 C3A4T2I4F2 C3A6T1I4F2 C4A1T3I4F2 C4A3T2I4F2 C4A5T1I4F2","(3,8,4,2) (3,8,4,2) (3,8,4,2) (4,7,4,2) (4,7,4,2) (4,7,4,2)","CUT CUT CUT ASSEMBLE+INSPECT ASSEMBLE+INSPECT ASSEMBLE+INSPECT","CUT=48/75;ASSEMBLE+INSPECT=216/350 CUT=48/75;ASSEMBLE+INSPECT=216/350 CUT=48/75;ASSEMBLE+INSPECT=216/350 CUT=48/100;ASSEMBLE+INSPECT=216/325 CUT=48/100;ASSEMBLE+INSPECT=216/325 CUT=48/100;ASSEMBLE+INSPECT=216/325"
P1|N24|F|UNIFORM|d100|p150,20,1900,24,"C4A2T3I4F2 C4A4T2I4F2 C4A6T1I4F2","(4,8,4,2) (4,8,4,2) (4,8,4,2)","ASSEMBLE+INSPECT ASSEMBLE+INSPECT ASSEMBLE+INSPECT","CUT=48/96;ASSEMBLE+INSPECT=216/336 CUT=48/96;ASSEMBLE+INSPECT=216/336 CUT=48/96;ASSEMBLE+INSPECT=216/336"
P1|N24|F|UNIFORM|d100|p150,21,2000,23,"C4A3T3I4F2 C4A5T2I4F2","(4,9,4,2) (4,9,4,2)","ASSEMBLE+INSPECT ASSEMBLE+INSPECT","CUT=48/92;ASSEMBLE+INSPECT=216/345 CUT=48/92;ASSEMBLE+INSPECT=216/345"
P1|N24|F|UNIFORM|d100|p150,22,2300,22,"C4A6T3I4F2","(4,12,4,2)","CUT|ASSEMBLE+INSPECT","CUT=48/88;ASSEMBLE+INSPECT=216/396"
P1|N24|F|UNIFORM|d100|p200,0,300,149,"C1A1T0I1F0","(1,1,1,0)","ASSEMBLE","CUT=48/149;ASSEMBLE=144/149;INSPECT=72/149"
P1|N24|F|UNIFORM|d100|p200,1,400,80,"C1A0T1I1F0 C1A2T0I1F0","(1,2,1,0) (1,2,1,0)","ASSEMBLE|INSPECT ASSEMBLE|INSPECT","CUT=48/80;ASSEMBLE=144/160;INSPECT=72/80 CUT=48/80;ASSEMBLE=144/160;INSPECT=72/80"
P1|N24|F|UNIFORM|d100|p200,2,500,79,"C1A0T1I2F0 C1A2T0I2F0","(1,2,2,0) (1,2,2,0)","ASSEMBLE ASSEMBLE","CUT=48/79;ASSEMBLE=144/158;INSPECT=72/158 CUT=48/79;ASSEMBLE=144/158;INSPECT=72/158"
P1|N24|F|UNIFORM|d100|p200,3,600,57,"C1A1T1I2F0 C1A3T0I2F0","(1,3,2,0) (1,3,2,0)","CUT|ASSEMBLE CUT|ASSEMBLE","CUT=48/57;ASSEMBLE=144/171;INSPECT=72/114 CUT=48/57;ASSEMBLE=144/171;INSPECT=72/114"
P1|N24|F|UNIFORM|d100|p200,4,700,56,"C2A1T1I2F0 C2A3T0I2F0","(2,3,2,0) (2,3,2,0)","ASSEMBLE ASSEMBLE","CUT=48/112;ASSEMBLE=144/168;INSPECT=72/112 CUT=48/112;ASSEMBLE=144/168;INSPECT=72/112"
P1|N24|F|UNIFORM|d100|p200,5,800,44,"C2A0T2I2F0 C2A2T1I2F0 C2A4T0I2F0","(2,4,2,0) (2,4,2,0) (2,4,2,0)","ASSEMBLE|INSPECT ASSEMBLE|INSPECT ASSEMBLE|INSPECT","CUT=48/88;ASSEMBLE=144/176;INSPECT=72/88 CUT=48/88;ASSEMBLE=144/176;INSPECT=72/88 CUT=48/88;ASSEMBLE=144/176;INSPECT=72/88"
P1|N24|F|UNIFORM|d100|p200,6,1000,38,"C2A1T2I3F0 C2A3T1I3F0 C2A5T0I3F0","(2,5,3,0) (2,5,3,0) (2,5,3,0)","ASSEMBLE ASSEMBLE ASSEMBLE","CUT=48/76;ASSEMBLE=144/190;INSPECT=72/114 CUT=48/76;ASSEMBLE=144/190;INSPECT=72/114 CUT=48/76;ASSEMBLE=144/190;INSPECT=72/114"
P1|N24|F|UNIFORM|d100|p200,7,1100,34,"C2A0T3I3F0 C2A2T2I3F0 C2A4T1I3F0 C2A6T0I3F0","(2,6,3,0) (2,6,3,0) (2,6,3,0) (2,6,3,0)","CUT|ASSEMBLE|INSPECT CUT|ASSEMBLE|INSPECT CUT|ASSEMBLE|INSPECT CUT|ASSEMBLE|INSPECT","CUT=48/68;ASSEMBLE=144/204;INSPECT=72/102 CUT=48/68;ASSEMBLE=144/204;INSPECT=72/102 CUT=48/68;ASSEMBLE=144/204;INSPECT=72/102 CUT=48/68;ASSEMBLE=144/204;INSPECT=72/102"
P1|N24|F|UNIFORM|d100|p200,8,1200,32,"C3A0T3I3F0 C3A2T2I3F0 C3A4T1I3F0 C3A6T0I3F0","(3,6,3,0) (3,6,3,0) (3,6,3,0) (3,6,3,0)","ASSEMBLE|INSPECT ASSEMBLE|INSPECT ASSEMBLE|INSPECT ASSEMBLE|INSPECT","CUT=48/96;ASSEMBLE=144/192;INSPECT=72/96 CUT=48/96;ASSEMBLE=144/192;INSPECT=72/96 CUT=48/96;ASSEMBLE=144/192;INSPECT=72/96 CUT=48/96;ASSEMBLE=144/192;INSPECT=72/96"
P1|N24|F|UNIFORM|d100|p200,9,1400,29,"C3A1T3I4F0 C3A3T2I4F0 C3A5T1I4F0","(3,7,4,0) (3,7,4,0) (3,7,4,0)","ASSEMBLE ASSEMBLE ASSEMBLE","CUT=48/87;ASSEMBLE=144/203;INSPECT=72/116 CUT=48/87;ASSEMBLE=144/203;INSPECT=72/116 CUT=48/87;ASSEMBLE=144/203;INSPECT=72/116"
P1|N24|F|UNIFORM|d100|p200,10,1500,28,"C3A2T3I4F0 C3A4T2I4F0 C3A6T1I4F0","(3,8,4,0) (3,8,4,0) (3,8,4,0)","ASSEMBLE|INSPECT ASSEMBLE|INSPECT ASSEMBLE|INSPECT","CUT=48/84;ASSEMBLE=144/224;INSPECT=72/112 CUT=48/84;ASSEMBLE=144/224;INSPECT=72/112 CUT=48/84;ASSEMBLE=144/224;INSPECT=72/112"
P1|N24|F|UNIFORM|d100|p200,11,1600,26,"C4A2T3I4F0 C4A4T2I4F0 C4A6T1I4F0","(4,8,4,0) (4,8,4,0) (4,8,4,0)","ASSEMBLE|INSPECT ASSEMBLE|INSPECT ASSEMBLE|INSPECT","CUT=48/104;ASSEMBLE=144/208;INSPECT=72/104 CUT=48/104;ASSEMBLE=144/208;INSPECT=72/104 CUT=48/104;ASSEMBLE=144/208;INSPECT=72/104"
P1|N24|F|UNIFORM|d100|p200,12,1900,25,"C3A2T3I4F2 C3A4T2I4F2 C3A6T1I4F2 C4A1T3I4F2 C4A3T2I4F2 C4A5T1I4F2","(3,8,4,2) (3,8,4,2) (3,8,4,2) (4,7,4,2) (4,7,4,2) (4,7,4,2)","CUT CUT CUT ASSEMBLE+INSPECT ASSEMBLE+INSPECT ASSEMBLE+INSPECT","CUT=48/75;ASSEMBLE+INSPECT=216/350 CUT=48/75;ASSEMBLE+INSPECT=216/350 CUT=48/75;ASSEMBLE+INSPECT=216/350 CUT=48/100;ASSEMBLE+INSPECT=216/325 CUT=48/100;ASSEMBLE+INSPECT=216/325 CUT=48/100;ASSEMBLE+INSPECT=216/325"
P1|N24|F|UNIFORM|d100|p200,13,2000,24,"C4A2T3I4F2 C4A4T2I4F2 C4A4T3I4F1 C4A6T1I4F2 C4A6T2I4F1","(4,8,4,2) (4,8,4,2) (4,10,4,1) (4,8,4,2) (4,10,4,1)","ASSEMBLE+INSPECT ASSEMBLE+INSPECT ASSEMBLE+INSPECT ASSEMBLE+INSPECT ASSEMBLE+INSPECT","CUT=48/96;ASSEMBLE+INSPECT=216/336 CUT=48/96;ASSEMBLE+INSPECT=216/336 CUT=48/96;ASSEMBLE+INSPECT=216/360 CUT=48/96;ASSEMBLE+INSPECT=216/336 CUT=48/96;ASSEMBLE+INSPECT=216/360"
P1|N24|F|UNIFORM|d100|p200,14,2100,23,"C4A3T3I4F2 C4A5T2I4F2","(4,9,4,2) (4,9,4,2)","ASSEMBLE+INSPECT ASSEMBLE+INSPECT","CUT=48/92;ASSEMBLE+INSPECT=216/345 CUT=48/92;ASSEMBLE+INSPECT=216/345"
P1|N24|F|UNIFORM|d100|p200,15,2400,22,"C4A6T3I4F2","(4,12,4,2)","CUT|ASSEMBLE+INSPECT","CUT=48/88;ASSEMBLE+INSPECT=216/396"
P1|N24|F|WORK|d75|p100,0,400,218,"C1A0T0I0F1","(1,0,0,1)","ASSEMBLE+INSPECT","CUT=48/218;ASSEMBLE+INSPECT=216/218"
P1|N24|F|WORK|d75|p100,1,550,149,"C1A0T0I1F1 C1A1T0I1F0","(1,0,1,1) (1,1,1,0)","ASSEMBLE+INSPECT ASSEMBLE","CUT=48/149;ASSEMBLE+INSPECT=216/298 CUT=48/149;ASSEMBLE=144/149;INSPECT=72/149"
P1|N24|F|WORK|d75|p100,2,700,80,"C1A0T1I1F0","(1,2,1,0)","ASSEMBLE|INSPECT","CUT=48/80;ASSEMBLE=144/160;INSPECT=72/80"
P1|N24|F|WORK|d75|p100,3,850,79,"C1A0T1I2F0","(1,2,2,0)","ASSEMBLE","CUT=48/79;ASSEMBLE=144/158;INSPECT=72/158"
P1|N24|F|WORK|d75|p100,4,950,77,"C2A0T1I2F0","(2,2,2,0)","ASSEMBLE","CUT=48/154;ASSEMBLE=144/154;INSPECT=72/154"
P1|N24|F|WORK|d75|p100,5,1000,62,"C1A0T1I1F1","(1,2,1,1)","ASSEMBLE+INSPECT","CUT=48/62;ASSEMBLE+INSPECT=216/248"
P1|N24|F|WORK|d75|p100,6,1100,61,"C2A0T1I1F1","(2,2,1,1)","ASSEMBLE+INSPECT","CUT=48/122;ASSEMBLE+INSPECT=216/244"
P1|N24|F|WORK|d75|p100,7,1150,57,"C1A0T1I2F1 C1A1T1I2F0","(1,2,2,1) (1,3,2,0)","CUT CUT|ASSEMBLE","CUT=48/57;ASSEMBLE+INSPECT=216/285 CUT=48/57;ASSEMBLE=144/171;INSPECT=72/114"
P1|N24|F|WORK|d75|p100,8,1250,56,"C2A1T1I2F0","(2,3,2,0)","ASSEMBLE","CUT=48/112;ASSEMBLE=144/168;INSPECT=72/112"
P1|N24|F|WORK|d75|p100,9,1400,44,"C2A0T2I2F0","(2,4,2,0)","ASSEMBLE|INSPECT","CUT=48/88;ASSEMBLE=144/176;INSPECT=72/88"
P1|N24|F|WORK|d75|p100,10,1700,41,"C2A0T2I2F1","(2,4,2,1)","ASSEMBLE+INSPECT","CUT=48/82;ASSEMBLE+INSPECT=216/287"
P1|N24|F|WORK|d75|p100,11,1800,40,"C3A0T2I2F1","(3,4,2,1)","ASSEMBLE+INSPECT","CUT=48/120;ASSEMBLE+INSPECT=216/280"
P1|N24|F|WORK|d75|p100,12,1850,37,"C2A0T2I3F1","(2,4,3,1)","ASSEMBLE+INSPECT","CUT=48/74;ASSEMBLE+INSPECT=216/296"
P1|N24|F|WORK|d75|p100,13,2000,34,"C2A0T3I3F0","(2,6,3,0)","CUT|ASSEMBLE|INSPECT","CUT=48/68;ASSEMBLE=144/204;INSPECT=72/102"
P1|N24|F|WORK|d75|p100,14,2100,32,"C3A0T3I3F0","(3,6,3,0)","ASSEMBLE|INSPECT","CUT=48/96;ASSEMBLE=144/192;INSPECT=72/96"
P1|N24|F|WORK|d75|p100,15,2400,31,"C3A0T3I3F1","(3,6,3,1)","ASSEMBLE+INSPECT","CUT=48/93;ASSEMBLE+INSPECT=216/310"
P1|N24|F|WORK|d75|p100,16,2500,29,"C4A0T3I3F1","(4,6,3,1)","ASSEMBLE+INSPECT","CUT=48/116;ASSEMBLE+INSPECT=216/290"
P1|N24|F|WORK|d75|p100,17,2850,28,"C3A2T3I4F0","(3,8,4,0)","ASSEMBLE|INSPECT","CUT=48/84;ASSEMBLE=144/224;INSPECT=72/112"
P1|N24|F|WORK|d75|p100,18,2950,26,"C4A2T3I4F0","(4,8,4,0)","ASSEMBLE|INSPECT","CUT=48/104;ASSEMBLE=144/208;INSPECT=72/104"
P1|N24|F|WORK|d75|p100,19,3250,25,"C4A0T3I4F3 C4A1T3I4F2","(4,6,4,3) (4,7,4,2)","ASSEMBLE+INSPECT ASSEMBLE+INSPECT","CUT=48/100;ASSEMBLE+INSPECT=216/325 CUT=48/100;ASSEMBLE+INSPECT=216/325"
P1|N24|F|WORK|d75|p100,20,3550,24,"C4A1T3I4F3 C4A2T3I4F2","(4,7,4,3) (4,8,4,2)","ASSEMBLE+INSPECT ASSEMBLE+INSPECT","CUT=48/96;ASSEMBLE+INSPECT=216/336 CUT=48/96;ASSEMBLE+INSPECT=216/336"
P1|N24|F|WORK|d75|p100,21,3850,23,"C4A3T3I4F2","(4,9,4,2)","ASSEMBLE+INSPECT","CUT=48/92;ASSEMBLE+INSPECT=216/345"
P1|N24|F|WORK|d75|p100,22,4750,22,"C4A5T3I4F3 C4A6T3I4F2","(4,11,4,3) (4,12,4,2)","CUT|ASSEMBLE+INSPECT CUT|ASSEMBLE+INSPECT","CUT=48/88;ASSEMBLE+INSPECT=216/396 CUT=48/88;ASSEMBLE+INSPECT=216/396"
P1|N24|F|WORK|d75|p125,0,475,218,"C1A0T0I0F1","(1,0,0,1)","ASSEMBLE+INSPECT","CUT=48/218;ASSEMBLE+INSPECT=216/218"
P1|N24|F|WORK|d75|p125,1,550,149,"C1A1T0I1F0","(1,1,1,0)","ASSEMBLE","CUT=48/149;ASSEMBLE=144/149;INSPECT=72/149"
P1|N24|F|WORK|d75|p125,2,700,80,"C1A0T1I1F0","(1,2,1,0)","ASSEMBLE|INSPECT","CUT=48/80;ASSEMBLE=144/160;INSPECT=72/80"
P1|N24|F|WORK|d75|p125,3,850,79,"C1A0T1I2F0","(1,2,2,0)","ASSEMBLE","CUT=48/79;ASSEMBLE=144/158;INSPECT=72/158"
P1|N24|F|WORK|d75|p125,4,950,77,"C2A0T1I2F0","(2,2,2,0)","ASSEMBLE","CUT=48/154;ASSEMBLE=144/154;INSPECT=72/154"
P1|N24|F|WORK|d75|p125,5,1075,62,"C1A0T1I1F1","(1,2,1,1)","ASSEMBLE+INSPECT","CUT=48/62;ASSEMBLE+INSPECT=216/248"
P1|N24|F|WORK|d75|p125,6,1150,57,"C1A1T1I2F0","(1,3,2,0)","CUT|ASSEMBLE","CUT=48/57;ASSEMBLE=144/171;INSPECT=72/114"
P1|N24|F|WORK|d75|p125,7,1250,56,"C2A1T1I2F0","(2,3,2,0)","ASSEMBLE","CUT=48/112;ASSEMBLE=144/168;INSPECT=72/112"
P1|N24|F|WORK|d75|p125,8,1400,44,"C2A0T2I2F0","(2,4,2,0)","ASSEMBLE|INSPECT","CUT=48/88;ASSEMBLE=144/176;INSPECT=72/88"
P1|N24|F|WORK|d75|p125,9,1700,43,"C2A0T2I4F0","(2,4,4,0)","ASSEMBLE","CUT=48/86;ASSEMBLE=144/172;INSPECT=72/172"
P1|N24|F|WORK|d75|p125,10,1775,41,"C2A0T2I2F1","(2,4,2,1)","ASSEMBLE+INSPECT","CUT=48/82;ASSEMBLE+INSPECT=216/287"
P1|N24|F|WORK|d75|p125,11,1850,38,"C2A1T2I3F0","(2,5,3,0)","ASSEMBLE","CUT=48/76;ASSEMBLE=144/190;INSPECT=72/114"
P1|N24|F|WORK|d75|p125,12,1925,37,"C2A0T2I3F1","(2,4,3,1)","ASSEMBLE+INSPECT","CUT=48/74;ASSEMBLE+INSPECT=216/296"
P1|N24|F|WORK|d75|p125,13,2000,34,"C2A0T3I3F0","(2,6,3,0)","CUT|ASSEMBLE|INSPECT","CUT=48/68;ASSEMBLE=144/204;INSPECT=72/102"
P1|N24|F|WORK|d75|p125,14,2100,32,"C3A0T3I3F0","(3,6,3,0)","ASSEMBLE|INSPECT","CUT=48/96;ASSEMBLE=144/192;INSPECT=72/96"
P1|N24|F|WORK|d75|p125,15,2475,31,"C3A0T3I3F1","(3,6,3,1)","ASSEMBLE+INSPECT","CUT=48/93;ASSEMBLE+INSPECT=216/310"
P1|N24|F|WORK|d75|p125,16,2550,29,"C3A1T3I4F0","(3,7,4,0)","ASSEMBLE","CUT=48/87;ASSEMBLE=144/203;INSPECT=72/116"
P1|N24|F|WORK|d75|p125,17,2850,28,"C3A2T3I4F0","(3,8,4,0)","ASSEMBLE|INSPECT","CUT=48/84;ASSEMBLE=144/224;INSPECT=72/112"
P1|N24|F|WORK|d75|p125,18,2950,26,"C4A2T3I4F0","(4,8,4,0)","ASSEMBLE|INSPECT","CUT=48/104;ASSEMBLE=144/208;INSPECT=72/104"
P1|N24|F|WORK|d75|p125,19,3400,25,"C4A1T3I4F2","(4,7,4,2)","ASSEMBLE+INSPECT","CUT=48/100;ASSEMBLE+INSPECT=216/325"
P1|N24|F|WORK|d75|p125,20,3700,24,"C4A2T3I4F2","(4,8,4,2)","ASSEMBLE+INSPECT","CUT=48/96;ASSEMBLE+INSPECT=216/336"
P1|N24|F|WORK|d75|p125,21,4000,23,"C4A3T3I4F2","(4,9,4,2)","ASSEMBLE+INSPECT","CUT=48/92;ASSEMBLE+INSPECT=216/345"
P1|N24|F|WORK|d75|p125,22,4900,22,"C4A6T3I4F2","(4,12,4,2)","CUT|ASSEMBLE+INSPECT","CUT=48/88;ASSEMBLE+INSPECT=216/396"
P1|N24|F|WORK|d75|p150,0,550,149,"C1A1T0I1F0","(1,1,1,0)","ASSEMBLE","CUT=48/149;ASSEMBLE=144/149;INSPECT=72/149"
P1|N24|F|WORK|d75|p150,1,700,80,"C1A0T1I1F0","(1,2,1,0)","ASSEMBLE|INSPECT","CUT=48/80;ASSEMBLE=144/160;INSPECT=72/80"
P1|N24|F|WORK|d75|p150,2,850,79,"C1A0T1I2F0","(1,2,2,0)","ASSEMBLE","CUT=48/79;ASSEMBLE=144/158;INSPECT=72/158"
P1|N24|F|WORK|d75|p150,3,950,77,"C2A0T1I2F0","(2,2,2,0)","ASSEMBLE","CUT=48/154;ASSEMBLE=144/154;INSPECT=72/154"
P1|N24|F|WORK|d75|p150,4,1150,57,"C1A1T1I2F0","(1,3,2,0)","CUT|ASSEMBLE","CUT=48/57;ASSEMBLE=144/171;INSPECT=72/114"
P1|N24|F|WORK|d75|p150,5,1250,56,"C2A1T1I2F0","(2,3,2,0)","ASSEMBLE","CUT=48/112;ASSEMBLE=144/168;INSPECT=72/112"
P1|N24|F|WORK|d75|p150,6,1400,44,"C2A0T2I2F0","(2,4,2,0)","ASSEMBLE|INSPECT","CUT=48/88;ASSEMBLE=144/176;INSPECT=72/88"
P1|N24|F|WORK|d75|p150,7,1700,43,"C2A0T2I4F0","(2,4,4,0)","ASSEMBLE","CUT=48/86;ASSEMBLE=144/172;INSPECT=72/172"
P1|N24|F|WORK|d75|p150,8,1850,38,"C2A1T2I3F0","(2,5,3,0)","ASSEMBLE","CUT=48/76;ASSEMBLE=144/190;INSPECT=72/114"
P1|N24|F|WORK|d75|p150,9,2000,34,"C2A0T3I3F0","(2,6,3,0)","CUT|ASSEMBLE|INSPECT","CUT=48/68;ASSEMBLE=144/204;INSPECT=72/102"
P1|N24|F|WORK|d75|p150,10,2100,32,"C3A0T3I3F0","(3,6,3,0)","ASSEMBLE|INSPECT","CUT=48/96;ASSEMBLE=144/192;INSPECT=72/96"
P1|N24|F|WORK|d75|p150,11,2550,29,"C3A1T3I4F0","(3,7,4,0)","ASSEMBLE","CUT=48/87;ASSEMBLE=144/203;INSPECT=72/116"
P1|N24|F|WORK|d75|p150,12,2850,28,"C3A2T3I4F0","(3,8,4,0)","ASSEMBLE|INSPECT","CUT=48/84;ASSEMBLE=144/224;INSPECT=72/112"
P1|N24|F|WORK|d75|p150,13,2950,26,"C4A2T3I4F0","(4,8,4,0)","ASSEMBLE|INSPECT","CUT=48/104;ASSEMBLE=144/208;INSPECT=72/104"
P1|N24|F|WORK|d75|p150,14,3550,25,"C4A1T3I4F2","(4,7,4,2)","ASSEMBLE+INSPECT","CUT=48/100;ASSEMBLE+INSPECT=216/325"
P1|N24|F|WORK|d75|p150,15,3850,24,"C4A2T3I4F2","(4,8,4,2)","ASSEMBLE+INSPECT","CUT=48/96;ASSEMBLE+INSPECT=216/336"
P1|N24|F|WORK|d75|p150,16,4150,23,"C4A3T3I4F2","(4,9,4,2)","ASSEMBLE+INSPECT","CUT=48/92;ASSEMBLE+INSPECT=216/345"
P1|N24|F|WORK|d75|p150,17,5050,22,"C4A6T3I4F2","(4,12,4,2)","CUT|ASSEMBLE+INSPECT","CUT=48/88;ASSEMBLE+INSPECT=216/396"
P1|N24|F|WORK|d75|p200,0,550,149,"C1A1T0I1F0","(1,1,1,0)","ASSEMBLE","CUT=48/149;ASSEMBLE=144/149;INSPECT=72/149"
P1|N24|F|WORK|d75|p200,1,700,80,"C1A0T1I1F0","(1,2,1,0)","ASSEMBLE|INSPECT","CUT=48/80;ASSEMBLE=144/160;INSPECT=72/80"
P1|N24|F|WORK|d75|p200,2,850,79,"C1A0T1I2F0","(1,2,2,0)","ASSEMBLE","CUT=48/79;ASSEMBLE=144/158;INSPECT=72/158"
P1|N24|F|WORK|d75|p200,3,950,77,"C2A0T1I2F0","(2,2,2,0)","ASSEMBLE","CUT=48/154;ASSEMBLE=144/154;INSPECT=72/154"
P1|N24|F|WORK|d75|p200,4,1150,57,"C1A1T1I2F0","(1,3,2,0)","CUT|ASSEMBLE","CUT=48/57;ASSEMBLE=144/171;INSPECT=72/114"
P1|N24|F|WORK|d75|p200,5,1250,56,"C2A1T1I2F0","(2,3,2,0)","ASSEMBLE","CUT=48/112;ASSEMBLE=144/168;INSPECT=72/112"
P1|N24|F|WORK|d75|p200,6,1400,44,"C2A0T2I2F0","(2,4,2,0)","ASSEMBLE|INSPECT","CUT=48/88;ASSEMBLE=144/176;INSPECT=72/88"
P1|N24|F|WORK|d75|p200,7,1700,43,"C2A0T2I4F0","(2,4,4,0)","ASSEMBLE","CUT=48/86;ASSEMBLE=144/172;INSPECT=72/172"
P1|N24|F|WORK|d75|p200,8,1850,38,"C2A1T2I3F0","(2,5,3,0)","ASSEMBLE","CUT=48/76;ASSEMBLE=144/190;INSPECT=72/114"
P1|N24|F|WORK|d75|p200,9,2000,34,"C2A0T3I3F0","(2,6,3,0)","CUT|ASSEMBLE|INSPECT","CUT=48/68;ASSEMBLE=144/204;INSPECT=72/102"
P1|N24|F|WORK|d75|p200,10,2100,32,"C3A0T3I3F0","(3,6,3,0)","ASSEMBLE|INSPECT","CUT=48/96;ASSEMBLE=144/192;INSPECT=72/96"
P1|N24|F|WORK|d75|p200,11,2550,29,"C3A1T3I4F0","(3,7,4,0)","ASSEMBLE","CUT=48/87;ASSEMBLE=144/203;INSPECT=72/116"
P1|N24|F|WORK|d75|p200,12,2850,28,"C3A2T3I4F0","(3,8,4,0)","ASSEMBLE|INSPECT","CUT=48/84;ASSEMBLE=144/224;INSPECT=72/112"
P1|N24|F|WORK|d75|p200,13,2950,26,"C4A2T3I4F0","(4,8,4,0)","ASSEMBLE|INSPECT","CUT=48/104;ASSEMBLE=144/208;INSPECT=72/104"
P1|N24|F|WORK|d75|p200,14,3850,25,"C4A1T3I4F2","(4,7,4,2)","ASSEMBLE+INSPECT","CUT=48/100;ASSEMBLE+INSPECT=216/325"
P1|N24|F|WORK|d75|p200,15,4150,24,"C4A2T3I4F2 C4A4T3I4F1","(4,8,4,2) (4,10,4,1)","ASSEMBLE+INSPECT ASSEMBLE+INSPECT","CUT=48/96;ASSEMBLE+INSPECT=216/336 CUT=48/96;ASSEMBLE+INSPECT=216/360"
P1|N24|F|WORK|d75|p200,16,4450,23,"C4A3T3I4F2","(4,9,4,2)","ASSEMBLE+INSPECT","CUT=48/92;ASSEMBLE+INSPECT=216/345"
P1|N24|F|WORK|d75|p200,17,5350,22,"C4A6T3I4F2","(4,12,4,2)","CUT|ASSEMBLE+INSPECT","CUT=48/88;ASSEMBLE+INSPECT=216/396"
P1|N24|F|WORK|d90|p100,0,400,218,"C1A0T0I0F1","(1,0,0,1)","ASSEMBLE+INSPECT","CUT=48/218;ASSEMBLE+INSPECT=216/218"
P1|N24|F|WORK|d90|p100,1,550,149,"C1A0T0I1F1 C1A1T0I1F0","(1,0,1,1) (1,1,1,0)","ASSEMBLE+INSPECT ASSEMBLE","CUT=48/149;ASSEMBLE+INSPECT=216/298 CUT=48/149;ASSEMBLE=144/149;INSPECT=72/149"
P1|N24|F|WORK|d90|p100,2,700,112,"C1A0T0I0F2","(1,0,0,2)","ASSEMBLE+INSPECT","CUT=48/112;ASSEMBLE+INSPECT=216/224"
P1|N24|F|WORK|d90|p100,3,790,80,"C1A0T1I1F0","(1,2,1,0)","ASSEMBLE|INSPECT","CUT=48/80;ASSEMBLE=144/160;INSPECT=72/80"
P1|N24|F|WORK|d90|p100,4,940,79,"C1A0T1I2F0","(1,2,2,0)","ASSEMBLE","CUT=48/79;ASSEMBLE=144/158;INSPECT=72/158"
P1|N24|F|WORK|d90|p100,5,1000,78,"C1A0T0I0F3","(1,0,0,3)","ASSEMBLE+INSPECT","CUT=48/78;ASSEMBLE+INSPECT=216/234"
P1|N24|F|WORK|d90|p100,6,1040,77,"C2A0T1I2F0","(2,2,2,0)","ASSEMBLE","CUT=48/154;ASSEMBLE=144/154;INSPECT=72/154"
P1|N24|F|WORK|d90|p100,7,1090,62,"C1A0T1I1F1","(1,2,1,1)","ASSEMBLE+INSPECT","CUT=48/62;ASSEMBLE+INSPECT=216/248"
P1|N24|F|WORK|d90|p100,8,1190,61,"C2A0T1I1F1","(2,2,1,1)","ASSEMBLE+INSPECT","CUT=48/122;ASSEMBLE+INSPECT=216/244"
P1|N24|F|WORK|d90|p100,9,1240,57,"C1A0T1I2F1 C1A1T1I2F0","(1,2,2,1) (1,3,2,0)","CUT CUT|ASSEMBLE","CUT=48/57;ASSEMBLE+INSPECT=216/285 CUT=48/57;ASSEMBLE=144/171;INSPECT=72/114"
P1|N24|F|WORK|d90|p100,10,1340,56,"C2A1T1I2F0","(2,3,2,0)","ASSEMBLE","CUT=48/112;ASSEMBLE=144/168;INSPECT=72/112"
P1|N24|F|WORK|d90|p100,11,1490,50,"C2A0T1I1F2","(2,2,1,2)","ASSEMBLE+INSPECT","CUT=48/100;ASSEMBLE+INSPECT=216/250"
P1|N24|F|WORK|d90|p100,12,1580,44,"C2A0T2I2F0","(2,4,2,0)","ASSEMBLE|INSPECT","CUT=48/88;ASSEMBLE=144/176;INSPECT=72/88"
P1|N24|F|WORK|d90|p100,13,1790,43,"C2A0T1I1F3","(2,2,1,3)","ASSEMBLE+INSPECT","CUT=48/86;ASSEMBLE+INSPECT=216/258"
P1|N24|F|WORK|d90|p100,14,1880,41,"C2A0T2I2F1","(2,4,2,1)","ASSEMBLE+INSPECT","CUT=48/82;ASSEMBLE+INSPECT=216/287"
P1|N24|F|WORK|d90|p100,15,1980,40,"C3A0T2I2F1","(3,4,2,1)","ASSEMBLE+INSPECT","CUT=48/120;ASSEMBLE+INSPECT=216/280"
P1|N24|F|WORK|d90|p100,16,2030,37,"C2A0T2I3F1","(2,4,3,1)","ASSEMBLE+INSPECT","CUT=48/74;ASSEMBLE+INSPECT=216/296"
P1|N24|F|WORK|d90|p100,17,2180,35,"C2A0T2I2F2","(2,4,2,2)","ASSEMBLE+INSPECT","CUT=48/70;ASSEMBLE+INSPECT=216/280"
P1|N24|F|WORK|d90|p100,18,2270,34,"C2A0T3I3F0","(2,6,3,0)","CUT|ASSEMBLE|INSPECT","CUT=48/68;ASSEMBLE=144/204;INSPECT=72/102"
P1|N24|F|WORK|d90|p100,19,2370,32,"C3A0T3I3F0","(3,6,3,0)","ASSEMBLE|INSPECT","CUT=48/96;ASSEMBLE=144/192;INSPECT=72/96"
P1|N24|F|WORK|d90|p100,20,2670,31,"C3A0T3I3F1","(3,6,3,1)","ASSEMBLE+INSPECT","CUT=48/93;ASSEMBLE+INSPECT=216/310"
P1|N24|F|WORK|d90|p100,21,2730,30,"C3A1T2I3F2","(3,5,3,2)","ASSEMBLE+INSPECT","CUT=48/90;ASSEMBLE+INSPECT=216/300"
P1|N24|F|WORK|d90|p100,22,2770,29,"C4A0T3I3F1","(4,6,3,1)","ASSEMBLE+INSPECT","CUT=48/116;ASSEMBLE+INSPECT=216/290"
P1|N24|F|WORK|d90|p100,23,3120,28,"C3A2T3I4F0","(3,8,4,0)","ASSEMBLE|INSPECT","CUT=48/84;ASSEMBLE=144/224;INSPECT=72/112"
P1|N24|F|WORK|d90|p100,24,3220,26,"C4A2T3I4F0","(4,8,4,0)","ASSEMBLE|INSPECT","CUT=48/104;ASSEMBLE=144/208;INSPECT=72/104"
P1|N24|F|WORK|d90|p100,25,3520,25,"C4A0T3I4F3 C4A1T3I4F2","(4,6,4,3) (4,7,4,2)","ASSEMBLE+INSPECT ASSEMBLE+INSPECT","CUT=48/100;ASSEMBLE+INSPECT=216/325 CUT=48/100;ASSEMBLE+INSPECT=216/325"
P1|N24|F|WORK|d90|p100,26,3820,24,"C4A1T3I4F3 C4A2T3I4F2","(4,7,4,3) (4,8,4,2)","ASSEMBLE+INSPECT ASSEMBLE+INSPECT","CUT=48/96;ASSEMBLE+INSPECT=216/336 CUT=48/96;ASSEMBLE+INSPECT=216/336"
P1|N24|F|WORK|d90|p100,27,4120,23,"C4A3T3I4F2","(4,9,4,2)","ASSEMBLE+INSPECT","CUT=48/92;ASSEMBLE+INSPECT=216/345"
P1|N24|F|WORK|d90|p100,28,5020,22,"C4A5T3I4F3 C4A6T3I4F2","(4,11,4,3) (4,12,4,2)","CUT|ASSEMBLE+INSPECT CUT|ASSEMBLE+INSPECT","CUT=48/88;ASSEMBLE+INSPECT=216/396 CUT=48/88;ASSEMBLE+INSPECT=216/396"
P1|N24|F|WORK|d90|p125,0,475,218,"C1A0T0I0F1","(1,0,0,1)","ASSEMBLE+INSPECT","CUT=48/218;ASSEMBLE+INSPECT=216/218"
P1|N24|F|WORK|d90|p125,1,550,149,"C1A1T0I1F0","(1,1,1,0)","ASSEMBLE","CUT=48/149;ASSEMBLE=144/149;INSPECT=72/149"
P1|N24|F|WORK|d90|p125,2,775,113,"C1A1T0I0F1","(1,1,0,1)","ASSEMBLE+INSPECT","CUT=48/113;ASSEMBLE+INSPECT=216/226"
P1|N24|F|WORK|d90|p125,3,790,80,"C1A0T1I1F0","(1,2,1,0)","ASSEMBLE|INSPECT","CUT=48/80;ASSEMBLE=144/160;INSPECT=72/80"
P1|N24|F|WORK|d90|p125,4,940,79,"C1A0T1I2F0","(1,2,2,0)","ASSEMBLE","CUT=48/79;ASSEMBLE=144/158;INSPECT=72/158"
P1|N24|F|WORK|d90|p125,5,1040,77,"C2A0T1I2F0","(2,2,2,0)","ASSEMBLE","CUT=48/154;ASSEMBLE=144/154;INSPECT=72/154"
P1|N24|F|WORK|d90|p125,6,1165,62,"C1A0T1I1F1","(1,2,1,1)","ASSEMBLE+INSPECT","CUT=48/62;ASSEMBLE+INSPECT=216/248"
P1|N24|F|WORK|d90|p125,7,1240,57,"C1A1T1I2F0","(1,3,2,0)","CUT|ASSEMBLE","CUT=48/57;ASSEMBLE=144/171;INSPECT=72/114"
P1|N24|F|WORK|d90|p125,8,1340,56,"C2A1T1I2F0","(2,3,2,0)","ASSEMBLE","CUT=48/112;ASSEMBLE=144/168;INSPECT=72/112"
P1|N24|F|WORK|d90|p125,9,1490,55,"C2A1T1I3F0","(2,3,3,0)","ASSEMBLE","CUT=48/110;ASSEMBLE=144/165;INSPECT=72/165"
P1|N24|F|WORK|d90|p125,10,1580,44,"C2A0T2I2F0","(2,4,2,0)","ASSEMBLE|INSPECT","CUT=48/88;ASSEMBLE=144/176;INSPECT=72/88"
P1|N24|F|WORK|d90|p125,11,1880,43,"C2A0T2I4F0","(2,4,4,0)","ASSEMBLE","CUT=48/86;ASSEMBLE=144/172;INSPECT=72/172"
P1|N24|F|WORK|d90|p125,12,1955,41,"C2A0T2I2F1","(2,4,2,1)","ASSEMBLE+INSPECT","CUT=48/82;ASSEMBLE+INSPECT=216/287"
P1|N24|F|WORK|d90|p125,13,2030,38,"C2A1T2I3F0","(2,5,3,0)","ASSEMBLE","CUT=48/76;ASSEMBLE=144/190;INSPECT=72/114"
P1|N24|F|WORK|d90|p125,14,2105,37,"C2A0T2I3F1","(2,4,3,1)","ASSEMBLE+INSPECT","CUT=48/74;ASSEMBLE+INSPECT=216/296"
P1|N24|F|WORK|d90|p125,15,2255,36,"C2A1T2I2F1","(2,5,2,1)","ASSEMBLE+INSPECT","CUT=48/72;ASSEMBLE+INSPECT=216/288"
P1|N24|F|WORK|d90|p125,16,2270,34,"C2A0T3I3F0","(2,6,3,0)","CUT|ASSEMBLE|INSPECT","CUT=48/68;ASSEMBLE=144/204;INSPECT=72/102"
P1|N24|F|WORK|d90|p125,17,2370,32,"C3A0T3I3F0","(3,6,3,0)","ASSEMBLE|INSPECT","CUT=48/96;ASSEMBLE=144/192;INSPECT=72/96"
P1|N24|F|WORK|d90|p125,18,2745,31,"C3A0T3I3F1","(3,6,3,1)","ASSEMBLE+INSPECT","CUT=48/93;ASSEMBLE+INSPECT=216/310"
P1|N24|F|WORK|d90|p125,19,2820,29,"C3A1T3I4F0","(3,7,4,0)","ASSEMBLE","CUT=48/87;ASSEMBLE=144/203;INSPECT=72/116"
P1|N24|F|WORK|d90|p125,20,3120,28,"C3A2T3I4F0","(3,8,4,0)","ASSEMBLE|INSPECT","CUT=48/84;ASSEMBLE=144/224;INSPECT=72/112"
P1|N24|F|WORK|d90|p125,21,3220,26,"C4A2T3I4F0","(4,8,4,0)","ASSEMBLE|INSPECT","CUT=48/104;ASSEMBLE=144/208;INSPECT=72/104"
P1|N24|F|WORK|d90|p125,22,3670,25,"C4A1T3I4F2","(4,7,4,2)","ASSEMBLE+INSPECT","CUT=48/100;ASSEMBLE+INSPECT=216/325"
P1|N24|F|WORK|d90|p125,23,3970,24,"C4A2T3I4F2","(4,8,4,2)","ASSEMBLE+INSPECT","CUT=48/96;ASSEMBLE+INSPECT=216/336"
P1|N24|F|WORK|d90|p125,24,4270,23,"C4A3T3I4F2","(4,9,4,2)","ASSEMBLE+INSPECT","CUT=48/92;ASSEMBLE+INSPECT=216/345"
P1|N24|F|WORK|d90|p125,25,5170,22,"C4A6T3I4F2","(4,12,4,2)","CUT|ASSEMBLE+INSPECT","CUT=48/88;ASSEMBLE+INSPECT=216/396"
P1|N24|F|WORK|d90|p150,0,550,149,"C1A1T0I1F0","(1,1,1,0)","ASSEMBLE","CUT=48/149;ASSEMBLE=144/149;INSPECT=72/149"
P1|N24|F|WORK|d90|p150,1,790,80,"C1A0T1I1F0","(1,2,1,0)","ASSEMBLE|INSPECT","CUT=48/80;ASSEMBLE=144/160;INSPECT=72/80"
P1|N24|F|WORK|d90|p150,2,940,79,"C1A0T1I2F0","(1,2,2,0)","ASSEMBLE","CUT=48/79;ASSEMBLE=144/158;INSPECT=72/158"
P1|N24|F|WORK|d90|p150,3,1040,77,"C2A0T1I2F0","(2,2,2,0)","ASSEMBLE","CUT=48/154;ASSEMBLE=144/154;INSPECT=72/154"
P1|N24|F|WORK|d90|p150,4,1240,57,"C1A1T1I2F0","(1,3,2,0)","CUT|ASSEMBLE","CUT=48/57;ASSEMBLE=144/171;INSPECT=72/114"
P1|N24|F|WORK|d90|p150,5,1340,56,"C2A1T1I2F0","(2,3,2,0)","ASSEMBLE","CUT=48/112;ASSEMBLE=144/168;INSPECT=72/112"
P1|N24|F|WORK|d90|p150,6,1490,55,"C2A1T1I3F0","(2,3,3,0)","ASSEMBLE","CUT=48/110;ASSEMBLE=144/165;INSPECT=72/165"
P1|N24|F|WORK|d90|p150,7,1580,44,"C2A0T2I2F0","(2,4,2,0)","ASSEMBLE|INSPECT","CUT=48/88;ASSEMBLE=144/176;INSPECT=72/88"
P1|N24|F|WORK|d90|p150,8,1880,43,"C2A0T2I4F0","(2,4,4,0)","ASSEMBLE","CUT=48/86;ASSEMBLE=144/172;INSPECT=72/172"
P1|N24|F|WORK|d90|p150,9,2030,38,"C2A1T2I3F0","(2,5,3,0)","ASSEMBLE","CUT=48/76;ASSEMBLE=144/190;INSPECT=72/114"
P1|N24|F|WORK|d90|p150,10,2180,37,"C2A0T2I3F1 C2A1T2I4F0","(2,4,3,1) (2,5,4,0)","ASSEMBLE+INSPECT ASSEMBLE","CUT=48/74;ASSEMBLE+INSPECT=216/296 CUT=48/74;ASSEMBLE=144/185;INSPECT=72/148"
P1|N24|F|WORK|d90|p150,11,2270,34,"C2A0T3I3F0","(2,6,3,0)","CUT|ASSEMBLE|INSPECT","CUT=48/68;ASSEMBLE=144/204;INSPECT=72/102"
P1|N24|F|WORK|d90|p150,12,2370,32,"C3A0T3I3F0","(3,6,3,0)","ASSEMBLE|INSPECT","CUT=48/96;ASSEMBLE=144/192;INSPECT=72/96"
P1|N24|F|WORK|d90|p150,13,2820,29,"C3A1T3I4F0","(3,7,4,0)","ASSEMBLE","CUT=48/87;ASSEMBLE=144/203;INSPECT=72/116"
P1|N24|F|WORK|d90|p150,14,3120,28,"C3A2T3I4F0","(3,8,4,0)","ASSEMBLE|INSPECT","CUT=48/84;ASSEMBLE=144/224;INSPECT=72/112"
P1|N24|F|WORK|d90|p150,15,3220,26,"C4A2T3I4F0","(4,8,4,0)","ASSEMBLE|INSPECT","CUT=48/104;ASSEMBLE=144/208;INSPECT=72/104"
P1|N24|F|WORK|d90|p150,16,3820,25,"C4A1T3I4F2","(4,7,4,2)","ASSEMBLE+INSPECT","CUT=48/100;ASSEMBLE+INSPECT=216/325"
P1|N24|F|WORK|d90|p150,17,4120,24,"C4A2T3I4F2","(4,8,4,2)","ASSEMBLE+INSPECT","CUT=48/96;ASSEMBLE+INSPECT=216/336"
P1|N24|F|WORK|d90|p150,18,4420,23,"C4A3T3I4F2","(4,9,4,2)","ASSEMBLE+INSPECT","CUT=48/92;ASSEMBLE+INSPECT=216/345"
P1|N24|F|WORK|d90|p150,19,5320,22,"C4A6T3I4F2","(4,12,4,2)","CUT|ASSEMBLE+INSPECT","CUT=48/88;ASSEMBLE+INSPECT=216/396"
P1|N24|F|WORK|d90|p200,0,550,149,"C1A1T0I1F0","(1,1,1,0)","ASSEMBLE","CUT=48/149;ASSEMBLE=144/149;INSPECT=72/149"
P1|N24|F|WORK|d90|p200,1,790,80,"C1A0T1I1F0","(1,2,1,0)","ASSEMBLE|INSPECT","CUT=48/80;ASSEMBLE=144/160;INSPECT=72/80"
P1|N24|F|WORK|d90|p200,2,940,79,"C1A0T1I2F0","(1,2,2,0)","ASSEMBLE","CUT=48/79;ASSEMBLE=144/158;INSPECT=72/158"
P1|N24|F|WORK|d90|p200,3,1040,77,"C2A0T1I2F0","(2,2,2,0)","ASSEMBLE","CUT=48/154;ASSEMBLE=144/154;INSPECT=72/154"
P1|N24|F|WORK|d90|p200,4,1240,57,"C1A1T1I2F0","(1,3,2,0)","CUT|ASSEMBLE","CUT=48/57;ASSEMBLE=144/171;INSPECT=72/114"
P1|N24|F|WORK|d90|p200,5,1340,56,"C2A1T1I2F0","(2,3,2,0)","ASSEMBLE","CUT=48/112;ASSEMBLE=144/168;INSPECT=72/112"
P1|N24|F|WORK|d90|p200,6,1490,55,"C2A1T1I3F0","(2,3,3,0)","ASSEMBLE","CUT=48/110;ASSEMBLE=144/165;INSPECT=72/165"
P1|N24|F|WORK|d90|p200,7,1580,44,"C2A0T2I2F0","(2,4,2,0)","ASSEMBLE|INSPECT","CUT=48/88;ASSEMBLE=144/176;INSPECT=72/88"
P1|N24|F|WORK|d90|p200,8,1880,43,"C2A0T2I4F0","(2,4,4,0)","ASSEMBLE","CUT=48/86;ASSEMBLE=144/172;INSPECT=72/172"
P1|N24|F|WORK|d90|p200,9,2030,38,"C2A1T2I3F0","(2,5,3,0)","ASSEMBLE","CUT=48/76;ASSEMBLE=144/190;INSPECT=72/114"
P1|N24|F|WORK|d90|p200,10,2180,37,"C2A1T2I4F0","(2,5,4,0)","ASSEMBLE","CUT=48/74;ASSEMBLE=144/185;INSPECT=72/148"
P1|N24|F|WORK|d90|p200,11,2270,34,"C2A0T3I3F0","(2,6,3,0)","CUT|ASSEMBLE|INSPECT","CUT=48/68;ASSEMBLE=144/204;INSPECT=72/102"
P1|N24|F|WORK|d90|p200,12,2370,32,"C3A0T3I3F0","(3,6,3,0)","ASSEMBLE|INSPECT","CUT=48/96;ASSEMBLE=144/192;INSPECT=72/96"
P1|N24|F|WORK|d90|p200,13,2820,29,"C3A1T3I4F0","(3,7,4,0)","ASSEMBLE","CUT=48/87;ASSEMBLE=144/203;INSPECT=72/116"
P1|N24|F|WORK|d90|p200,14,3120,28,"C3A2T3I4F0","(3,8,4,0)","ASSEMBLE|INSPECT","CUT=48/84;ASSEMBLE=144/224;INSPECT=72/112"
P1|N24|F|WORK|d90|p200,15,3220,26,"C4A2T3I4F0","(4,8,4,0)","ASSEMBLE|INSPECT","CUT=48/104;ASSEMBLE=144/208;INSPECT=72/104"
P1|N24|F|WORK|d90|p200,16,4120,25,"C4A1T3I4F2","(4,7,4,2)","ASSEMBLE+INSPECT","CUT=48/100;ASSEMBLE+INSPECT=216/325"
P1|N24|F|WORK|d90|p200,17,4420,24,"C4A2T3I4F2 C4A4T3I4F1","(4,8,4,2) (4,10,4,1)","ASSEMBLE+INSPECT ASSEMBLE+INSPECT","CUT=48/96;ASSEMBLE+INSPECT=216/336 CUT=48/96;ASSEMBLE+INSPECT=216/360"
P1|N24|F|WORK|d90|p200,18,4720,23,"C4A3T3I4F2","(4,9,4,2)","ASSEMBLE+INSPECT","CUT=48/92;ASSEMBLE+INSPECT=216/345"
P1|N24|F|WORK|d90|p200,19,5620,22,"C4A6T3I4F2","(4,12,4,2)","CUT|ASSEMBLE+INSPECT","CUT=48/88;ASSEMBLE+INSPECT=216/396"
P1|N24|F|WORK|d100|p100,0,400,218,"C1A0T0I0F1","(1,0,0,1)","ASSEMBLE+INSPECT","CUT=48/218;ASSEMBLE+INSPECT=216/218"
P1|N24|F|WORK|d100|p100,1,550,149,"C1A0T0I1F1 C1A1T0I1F0","(1,0,1,1) (1,1,1,0)","ASSEMBLE+INSPECT ASSEMBLE","CUT=48/149;ASSEMBLE+INSPECT=216/298 CUT=48/149;ASSEMBLE=144/149;INSPECT=72/149"
P1|N24|F|WORK|d100|p100,2,700,112,"C1A0T0I0F2","(1,0,0,2)","ASSEMBLE+INSPECT","CUT=48/112;ASSEMBLE+INSPECT=216/224"
P1|N24|F|WORK|d100|p100,3,800,110,"C2A0T0I0F2","(2,0,0,2)","ASSEMBLE+INSPECT","CUT=48/220;ASSEMBLE+INSPECT=216/220"
P1|N24|F|WORK|d100|p100,4,850,80,"C1A0T1I1F0 C1A2T0I1F0","(1,2,1,0) (1,2,1,0)","ASSEMBLE|INSPECT ASSEMBLE|INSPECT","CUT=48/80;ASSEMBLE=144/160;INSPECT=72/80 CUT=48/80;ASSEMBLE=144/160;INSPECT=72/80"
P1|N24|F|WORK|d100|p100,5,1000,78,"C1A0T0I0F3","(1,0,0,3)","ASSEMBLE+INSPECT","CUT=48/78;ASSEMBLE+INSPECT=216/234"
P1|N24|F|WORK|d100|p100,6,1100,76,"C2A0T0I0F3","(2,0,0,3)","ASSEMBLE+INSPECT","CUT=48/152;ASSEMBLE+INSPECT=216/228"
P1|N24|F|WORK|d100|p100,7,1150,62,"C1A0T1I1F1 C1A2T0I1F1","(1,2,1,1) (1,2,1,1)","ASSEMBLE+INSPECT ASSEMBLE+INSPECT","CUT=48/62;ASSEMBLE+INSPECT=216/248 CUT=48/62;ASSEMBLE+INSPECT=216/248"
P1|N24|F|WORK|d100|p100,8,1250,61,"C2A0T1I1F1 C2A2T0I1F1","(2,2,1,1) (2,2,1,1)","ASSEMBLE+INSPECT ASSEMBLE+INSPECT","CUT=48/122;ASSEMBLE+INSPECT=216/244 CUT=48/122;ASSEMBLE+INSPECT=216/244"
P1|N24|F|WORK|d100|p100,9,1300,57,"C1A0T0I2F3 C1A0T1I2F1 C1A1T0I2F2 C1A1T1I2F0 C1A2T0I2F1 C1A3T0I2F0","(1,0,2,3) (1,2,2,1) (1,1,2,2) (1,3,2,0) (1,2,2,1) (1,3,2,0)","CUT CUT CUT CUT|ASSEMBLE CUT CUT|ASSEMBLE","CUT=48/57;ASSEMBLE+INSPECT=216/285 CUT=48/57;ASSEMBLE+INSPECT=216/285 CUT=48/57;ASSEMBLE+INSPECT=216/285 CUT=48/57;ASSEMBLE=144/171;INSPECT=72/114 CUT=48/57;ASSEMBLE+INSPECT=216/285 CUT=48/57;ASSEMBLE=144/171;INSPECT=72/114"
P1|N24|F|WORK|d100|p100,10,1400,56,"C2A1T1I2F0 C2A3T0I2F0","(2,3,2,0) (2,3,2,0)","ASSEMBLE ASSEMBLE","CUT=48/112;ASSEMBLE=144/168;INSPECT=72/112 CUT=48/112;ASSEMBLE=144/168;INSPECT=72/112"
P1|N24|F|WORK|d100|p100,11,1550,50,"C2A0T1I1F2 C2A2T0I1F2","(2,2,1,2) (2,2,1,2)","ASSEMBLE+INSPECT ASSEMBLE+INSPECT","CUT=48/100;ASSEMBLE+INSPECT=216/250 CUT=48/100;ASSEMBLE+INSPECT=216/250"
P1|N24|F|WORK|d100|p100,12,1700,44,"C2A0T2I2F0 C2A2T1I2F0 C2A4T0I2F0","(2,4,2,0) (2,4,2,0) (2,4,2,0)","ASSEMBLE|INSPECT ASSEMBLE|INSPECT ASSEMBLE|INSPECT","CUT=48/88;ASSEMBLE=144/176;INSPECT=72/88 CUT=48/88;ASSEMBLE=144/176;INSPECT=72/88 CUT=48/88;ASSEMBLE=144/176;INSPECT=72/88"
P1|N24|F|WORK|d100|p100,13,1850,43,"C2A0T1I1F3 C2A2T0I1F3","(2,2,1,3) (2,2,1,3)","ASSEMBLE+INSPECT ASSEMBLE+INSPECT","CUT=48/86;ASSEMBLE+INSPECT=216/258 CUT=48/86;ASSEMBLE+INSPECT=216/258"
P1|N24|F|WORK|d100|p100,14,1950,41,"C3A0T1I1F3 C3A2T0I1F3","(3,2,1,3) (3,2,1,3)","ASSEMBLE+INSPECT ASSEMBLE+INSPECT","CUT=48/123;ASSEMBLE+INSPECT=216/246 CUT=48/123;ASSEMBLE+INSPECT=216/246"
P1|N24|F|WORK|d100|p100,15,2100,40,"C3A0T2I2F1 C3A2T1I2F1 C3A4T0I2F1","(3,4,2,1) (3,4,2,1) (3,4,2,1)","ASSEMBLE+INSPECT ASSEMBLE+INSPECT ASSEMBLE+INSPECT","CUT=48/120;ASSEMBLE+INSPECT=216/280 CUT=48/120;ASSEMBLE+INSPECT=216/280 CUT=48/120;ASSEMBLE+INSPECT=216/280"
P1|N24|F|WORK|d100|p100,16,2150,37,"C2A0T2I3F1 C2A2T1I3F1 C2A4T0I3F1","(2,4,3,1) (2,4,3,1) (2,4,3,1)","ASSEMBLE+INSPECT ASSEMBLE+INSPECT ASSEMBLE+INSPECT","CUT=48/74;ASSEMBLE+INSPECT=216/296 CUT=48/74;ASSEMBLE+INSPECT=216/296 CUT=48/74;ASSEMBLE+INSPECT=216/296"
P1|N24|F|WORK|d100|p100,17,2300,35,"C2A0T2I2F2 C2A1T1I2F3 C2A2T1I2F2 C2A3T0I2F3 C2A4T0I2F2","(2,4,2,2) (2,3,2,3) (2,4,2,2) (2,3,2,3) (2,4,2,2)","ASSEMBLE+INSPECT ASSEMBLE+INSPECT ASSEMBLE+INSPECT ASSEMBLE+INSPECT ASSEMBLE+INSPECT","CUT=48/70;ASSEMBLE+INSPECT=216/280 CUT=48/70;ASSEMBLE+INSPECT=216/280 CUT=48/70;ASSEMBLE+INSPECT=216/280 CUT=48/70;ASSEMBLE+INSPECT=216/280 CUT=48/70;ASSEMBLE+INSPECT=216/280"
P1|N24|F|WORK|d100|p100,18,2450,34,"C2A0T3I3F0 C2A2T2I3F0 C2A4T1I3F0 C2A6T0I3F0","(2,6,3,0) (2,6,3,0) (2,6,3,0) (2,6,3,0)","CUT|ASSEMBLE|INSPECT CUT|ASSEMBLE|INSPECT CUT|ASSEMBLE|INSPECT CUT|ASSEMBLE|INSPECT","CUT=48/68;ASSEMBLE=144/204;INSPECT=72/102 CUT=48/68;ASSEMBLE=144/204;INSPECT=72/102 CUT=48/68;ASSEMBLE=144/204;INSPECT=72/102 CUT=48/68;ASSEMBLE=144/204;INSPECT=72/102"
P1|N24|F|WORK|d100|p100,19,2550,32,"C3A0T3I3F0 C3A2T2I3F0 C3A4T1I3F0 C3A6T0I3F0","(3,6,3,0) (3,6,3,0) (3,6,3,0) (3,6,3,0)","ASSEMBLE|INSPECT ASSEMBLE|INSPECT ASSEMBLE|INSPECT ASSEMBLE|INSPECT","CUT=48/96;ASSEMBLE=144/192;INSPECT=72/96 CUT=48/96;ASSEMBLE=144/192;INSPECT=72/96 CUT=48/96;ASSEMBLE=144/192;INSPECT=72/96 CUT=48/96;ASSEMBLE=144/192;INSPECT=72/96"
P1|N24|F|WORK|d100|p100,20,2850,30,"C3A1T2I3F2 C3A3T1I3F2 C3A5T0I3F2","(3,5,3,2) (3,5,3,2) (3,5,3,2)","ASSEMBLE+INSPECT ASSEMBLE+INSPECT ASSEMBLE+INSPECT","CUT=48/90;ASSEMBLE+INSPECT=216/300 CUT=48/90;ASSEMBLE+INSPECT=216/300 CUT=48/90;ASSEMBLE+INSPECT=216/300"
P1|N24|F|WORK|d100|p100,21,2950,29,"C4A0T2I3F3 C4A0T3I3F1 C4A1T2I3F2 C4A2T1I3F3 C4A2T2I3F1 C4A3T1I3F2 C4A4T0I3F3 C4A4T1I3F1 C4A5T0I3F2 C4A6T0I3F1","(4,4,3,3) (4,6,3,1) (4,5,3,2) (4,4,3,3) (4,6,3,1) (4,5,3,2) (4,4,3,3) (4,6,3,1) (4,5,3,2) (4,6,3,1)","ASSEMBLE+INSPECT ASSEMBLE+INSPECT ASSEMBLE+INSPECT ASSEMBLE+INSPECT ASSEMBLE+INSPECT ASSEMBLE+INSPECT ASSEMBLE+INSPECT ASSEMBLE+INSPECT ASSEMBLE+INSPECT ASSEMBLE+INSPECT","CUT=48/116;ASSEMBLE+INSPECT=216/290 CUT=48/116;ASSEMBLE+INSPECT=216/290 CUT=48/116;ASSEMBLE+INSPECT=216/290 CUT=48/116;ASSEMBLE+INSPECT=216/290 CUT=48/116;ASSEMBLE+INSPECT=216/290 CUT=48/116;ASSEMBLE+INSPECT=216/290 CUT=48/116;ASSEMBLE+INSPECT=216/290 CUT=48/116;ASSEMBLE+INSPECT=216/290 CUT=48/116;ASSEMBLE+INSPECT=216/290 CUT=48/116;ASSEMBLE+INSPECT=216/290"
P1|N24|F|WORK|d100|p100,22,3300,28,"C3A2T3I4F0 C3A4T2I4F0 C3A6T1I4F0","(3,8,4,0) (3,8,4,0) (3,8,4,0)","ASSEMBLE|INSPECT ASSEMBLE|INSPECT ASSEMBLE|INSPECT","CUT=48/84;ASSEMBLE=144/224;INSPECT=72/112 CUT=48/84;ASSEMBLE=144/224;INSPECT=72/112 CUT=48/84;ASSEMBLE=144/224;INSPECT=72/112"
P1|N24|F|WORK|d100|p100,23,3400,26,"C4A2T3I4F0 C4A4T2I4F0 C4A6T1I4F0","(4,8,4,0) (4,8,4,0) (4,8,4,0)","ASSEMBLE|INSPECT ASSEMBLE|INSPECT ASSEMBLE|INSPECT","CUT=48/104;ASSEMBLE=144/208;INSPECT=72/104 CUT=48/104;ASSEMBLE=144/208;INSPECT=72/104 CUT=48/104;ASSEMBLE=144/208;INSPECT=72/104"
P1|N24|F|WORK|d100|p100,24,3700,25,"C4A0T3I4F3 C4A1T3I4F2 C4A2T2I4F3 C4A3T2I4F2 C4A4T1I4F3 C4A5T1I4F2 C4A6T0I4F3","(4,6,4,3) (4,7,4,2) (4,6,4,3) (4,7,4,2) (4,6,4,3) (4,7,4,2) (4,6,4,3)","ASSEMBLE+INSPECT ASSEMBLE+INSPECT ASSEMBLE+INSPECT ASSEMBLE+INSPECT ASSEMBLE+INSPECT ASSEMBLE+INSPECT ASSEMBLE+INSPECT","CUT=48/100;ASSEMBLE+INSPECT=216/325 CUT=48/100;ASSEMBLE+INSPECT=216/325 CUT=48/100;ASSEMBLE+INSPECT=216/325 CUT=48/100;ASSEMBLE+INSPECT=216/325 CUT=48/100;ASSEMBLE+INSPECT=216/325 CUT=48/100;ASSEMBLE+INSPECT=216/325 CUT=48/100;ASSEMBLE+INSPECT=216/325"
P1|N24|F|WORK|d100|p100,25,4000,24,"C4A1T3I4F3 C4A2T3I4F2 C4A3T2I4F3 C4A4T2I4F2 C4A5T1I4F3 C4A6T1I4F2","(4,7,4,3) (4,8,4,2) (4,7,4,3) (4,8,4,2) (4,7,4,3) (4,8,4,2)","ASSEMBLE+INSPECT ASSEMBLE+INSPECT ASSEMBLE+INSPECT ASSEMBLE+INSPECT ASSEMBLE+INSPECT ASSEMBLE+INSPECT","CUT=48/96;ASSEMBLE+INSPECT=216/336 CUT=48/96;ASSEMBLE+INSPECT=216/336 CUT=48/96;ASSEMBLE+INSPECT=216/336 CUT=48/96;ASSEMBLE+INSPECT=216/336 CUT=48/96;ASSEMBLE+INSPECT=216/336 CUT=48/96;ASSEMBLE+INSPECT=216/336"
P1|N24|F|WORK|d100|p100,26,4300,23,"C4A3T3I4F2 C4A5T2I4F2","(4,9,4,2) (4,9,4,2)","ASSEMBLE+INSPECT ASSEMBLE+INSPECT","CUT=48/92;ASSEMBLE+INSPECT=216/345 CUT=48/92;ASSEMBLE+INSPECT=216/345"
P1|N24|F|WORK|d100|p100,27,5200,22,"C4A5T3I4F3 C4A6T3I4F2","(4,11,4,3) (4,12,4,2)","CUT|ASSEMBLE+INSPECT CUT|ASSEMBLE+INSPECT","CUT=48/88;ASSEMBLE+INSPECT=216/396 CUT=48/88;ASSEMBLE+INSPECT=216/396"
P1|N24|F|WORK|d100|p125,0,475,218,"C1A0T0I0F1","(1,0,0,1)","ASSEMBLE+INSPECT","CUT=48/218;ASSEMBLE+INSPECT=216/218"
P1|N24|F|WORK|d100|p125,1,550,149,"C1A1T0I1F0","(1,1,1,0)","ASSEMBLE","CUT=48/149;ASSEMBLE=144/149;INSPECT=72/149"
P1|N24|F|WORK|d100|p125,2,775,113,"C1A1T0I0F1","(1,1,0,1)","ASSEMBLE+INSPECT","CUT=48/113;ASSEMBLE+INSPECT=216/226"
P1|N24|F|WORK|d100|p125,3,850,80,"C1A0T1I1F0 C1A2T0I1F0","(1,2,1,0) (1,2,1,0)","ASSEMBLE|INSPECT ASSEMBLE|INSPECT","CUT=48/80;ASSEMBLE=144/160;INSPECT=72/80 CUT=48/80;ASSEMBLE=144/160;INSPECT=72/80"
P1|N24|F|WORK|d100|p125,4,1000,79,"C1A0T1I2F0 C1A2T0I2F0","(1,2,2,0) (1,2,2,0)","ASSEMBLE ASSEMBLE","CUT=48/79;ASSEMBLE=144/158;INSPECT=72/158 CUT=48/79;ASSEMBLE=144/158;INSPECT=72/158"
P1|N24|F|WORK|d100|p125,5,1100,77,"C2A0T1I2F0 C2A2T0I2F0","(2,2,2,0) (2,2,2,0)","ASSEMBLE ASSEMBLE","CUT=48/154;ASSEMBLE=144/154;INSPECT=72/154 CUT=48/154;ASSEMBLE=144/154;INSPECT=72/154"
P1|N24|F|WORK|d100|p125,6,1225,62,"C1A0T1I1F1 C1A2T0I1F1","(1,2,1,1) (1,2,1,1)","ASSEMBLE+INSPECT ASSEMBLE+INSPECT","CUT=48/62;ASSEMBLE+INSPECT=216/248 CUT=48/62;ASSEMBLE+INSPECT=216/248"
P1|N24|F|WORK|d100|p125,7,1300,57,"C1A1T1I2F0 C1A3T0I2F0","(1,3,2,0) (1,3,2,0)","CUT|ASSEMBLE CUT|ASSEMBLE","CUT=48/57;ASSEMBLE=144/171;INSPECT=72/114 CUT=48/57;ASSEMBLE=144/171;INSPECT=72/114"
P1|N24|F|WORK|d100|p125,8,1400,56,"C2A1T1I2F0 C2A3T0I2F0","(2,3,2,0) (2,3,2,0)","ASSEMBLE ASSEMBLE","CUT=48/112;ASSEMBLE=144/168;INSPECT=72/112 CUT=48/112;ASSEMBLE=144/168;INSPECT=72/112"
P1|N24|F|WORK|d100|p125,9,1550,55,"C2A1T1I3F0 C2A3T0I3F0","(2,3,3,0) (2,3,3,0)","ASSEMBLE ASSEMBLE","CUT=48/110;ASSEMBLE=144/165;INSPECT=72/165 CUT=48/110;ASSEMBLE=144/165;INSPECT=72/165"
P1|N24|F|WORK|d100|p125,10,1650,53,"C3A1T1I3F0 C3A3T0I3F0","(3,3,3,0) (3,3,3,0)","ASSEMBLE ASSEMBLE","CUT=48/159;ASSEMBLE=144/159;INSPECT=72/159 CUT=48/159;ASSEMBLE=144/159;INSPECT=72/159"
P1|N24|F|WORK|d100|p125,11,1700,44,"C2A0T2I2F0 C2A2T1I2F0 C2A4T0I2F0","(2,4,2,0) (2,4,2,0) (2,4,2,0)","ASSEMBLE|INSPECT ASSEMBLE|INSPECT ASSEMBLE|INSPECT","CUT=48/88;ASSEMBLE=144/176;INSPECT=72/88 CUT=48/88;ASSEMBLE=144/176;INSPECT=72/88 CUT=48/88;ASSEMBLE=144/176;INSPECT=72/88"
P1|N24|F|WORK|d100|p125,12,2000,43,"C2A0T2I4F0 C2A2T1I4F0 C2A4T0I4F0","(2,4,4,0) (2,4,4,0) (2,4,4,0)","ASSEMBLE ASSEMBLE ASSEMBLE","CUT=48/86;ASSEMBLE=144/172;INSPECT=72/172 CUT=48/86;ASSEMBLE=144/172;INSPECT=72/172 CUT=48/86;ASSEMBLE=144/172;INSPECT=72/172"
P1|N24|F|WORK|d100|p125,13,2075,41,"C2A0T2I2F1 C2A2T1I2F1 C2A4T0I2F1","(2,4,2,1) (2,4,2,1) (2,4,2,1)","ASSEMBLE+INSPECT ASSEMBLE+INSPECT ASSEMBLE+INSPECT","CUT=48/82;ASSEMBLE+INSPECT=216/287 CUT=48/82;ASSEMBLE+INSPECT=216/287 CUT=48/82;ASSEMBLE+INSPECT=216/287"
P1|N24|F|WORK|d100|p125,14,2150,38,"C2A1T2I3F0 C2A3T1I3F0 C2A5T0I3F0","(2,5,3,0) (2,5,3,0) (2,5,3,0)","ASSEMBLE ASSEMBLE ASSEMBLE","CUT=48/76;ASSEMBLE=144/190;INSPECT=72/114 CUT=48/76;ASSEMBLE=144/190;INSPECT=72/114 CUT=48/76;ASSEMBLE=144/190;INSPECT=72/114"
P1|N24|F|WORK|d100|p125,15,2225,37,"C2A0T2I3F1 C2A2T1I3F1 C2A4T0I3F1","(2,4,3,1) (2,4,3,1) (2,4,3,1)","ASSEMBLE+INSPECT ASSEMBLE+INSPECT ASSEMBLE+INSPECT","CUT=48/74;ASSEMBLE+INSPECT=216/296 CUT=48/74;ASSEMBLE+INSPECT=216/296 CUT=48/74;ASSEMBLE+INSPECT=216/296"
P1|N24|F|WORK|d100|p125,16,2375,36,"C2A1T2I2F1 C2A3T1I2F1 C2A5T0I2F1","(2,5,2,1) (2,5,2,1) (2,5,2,1)","ASSEMBLE+INSPECT ASSEMBLE+INSPECT ASSEMBLE+INSPECT","CUT=48/72;ASSEMBLE+INSPECT=216/288 CUT=48/72;ASSEMBLE+INSPECT=216/288 CUT=48/72;ASSEMBLE+INSPECT=216/288"
P1|N24|F|WORK|d100|p125,17,2450,34,"C2A0T3I3F0 C2A2T2I3F0 C2A4T1I3F0 C2A6T0I3F0","(2,6,3,0) (2,6,3,0) (2,6,3,0) (2,6,3,0)","CUT|ASSEMBLE|INSPECT CUT|ASSEMBLE|INSPECT CUT|ASSEMBLE|INSPECT CUT|ASSEMBLE|INSPECT","CUT=48/68;ASSEMBLE=144/204;INSPECT=72/102 CUT=48/68;ASSEMBLE=144/204;INSPECT=72/102 CUT=48/68;ASSEMBLE=144/204;INSPECT=72/102 CUT=48/68;ASSEMBLE=144/204;INSPECT=72/102"
P1|N24|F|WORK|d100|p125,18,2550,32,"C3A0T3I3F0 C3A2T2I3F0 C3A4T1I3F0 C3A6T0I3F0","(3,6,3,0) (3,6,3,0) (3,6,3,0) (3,6,3,0)","ASSEMBLE|INSPECT ASSEMBLE|INSPECT ASSEMBLE|INSPECT ASSEMBLE|INSPECT","CUT=48/96;ASSEMBLE=144/192;INSPECT=72/96 CUT=48/96;ASSEMBLE=144/192;INSPECT=72/96 CUT=48/96;ASSEMBLE=144/192;INSPECT=72/96 CUT=48/96;ASSEMBLE=144/192;INSPECT=72/96"
P1|N24|F|WORK|d100|p125,19,2925,31,"C3A0T3I3F1 C3A2T2I3F1 C3A4T1I3F1 C3A6T0I3F1","(3,6,3,1) (3,6,3,1) (3,6,3,1) (3,6,3,1)","ASSEMBLE+INSPECT ASSEMBLE+INSPECT ASSEMBLE+INSPECT ASSEMBLE+INSPECT","CUT=48/93;ASSEMBLE+INSPECT=216/310 CUT=48/93;ASSEMBLE+INSPECT=216/310 CUT=48/93;ASSEMBLE+INSPECT=216/310 CUT=48/93;ASSEMBLE+INSPECT=216/310"
P1|N24|F|WORK|d100|p125,20,3000,29,"C3A1T3I4F0 C3A3T2I4F0 C3A5T1I4F0","(3,7,4,0) (3,7,4,0) (3,7,4,0)","ASSEMBLE ASSEMBLE ASSEMBLE","CUT=48/87;ASSEMBLE=144/203;INSPECT=72/116 CUT=48/87;ASSEMBLE=144/203;INSPECT=72/116 CUT=48/87;ASSEMBLE=144/203;INSPECT=72/116"
P1|N24|F|WORK|d100|p125,21,3300,28,"C3A2T3I4F0 C3A4T2I4F0 C3A6T1I4F0","(3,8,4,0) (3,8,4,0) (3,8,4,0)","ASSEMBLE|INSPECT ASSEMBLE|INSPECT ASSEMBLE|INSPECT","CUT=48/84;ASSEMBLE=144/224;INSPECT=72/112 CUT=48/84;ASSEMBLE=144/224;INSPECT=72/112 CUT=48/84;ASSEMBLE=144/224;INSPECT=72/112"
P1|N24|F|WORK|d100|p125,22,3400,26,"C4A2T3I4F0 C4A4T2I4F0 C4A6T1I4F0","(4,8,4,0) (4,8,4,0) (4,8,4,0)","ASSEMBLE|INSPECT ASSEMBLE|INSPECT ASSEMBLE|INSPECT","CUT=48/104;ASSEMBLE=144/208;INSPECT=72/104 CUT=48/104;ASSEMBLE=144/208;INSPECT=72/104 CUT=48/104;ASSEMBLE=144/208;INSPECT=72/104"
P1|N24|F|WORK|d100|p125,23,3850,25,"C4A1T3I4F2 C4A3T2I4F2 C4A5T1I4F2","(4,7,4,2) (4,7,4,2) (4,7,4,2)","ASSEMBLE+INSPECT ASSEMBLE+INSPECT ASSEMBLE+INSPECT","CUT=48/100;ASSEMBLE+INSPECT=216/325 CUT=48/100;ASSEMBLE+INSPECT=216/325 CUT=48/100;ASSEMBLE+INSPECT=216/325"
P1|N24|F|WORK|d100|p125,24,4150,24,"C4A2T3I4F2 C4A4T2I4F2 C4A6T1I4F2","(4,8,4,2) (4,8,4,2) (4,8,4,2)","ASSEMBLE+INSPECT ASSEMBLE+INSPECT ASSEMBLE+INSPECT","CUT=48/96;ASSEMBLE+INSPECT=216/336 CUT=48/96;ASSEMBLE+INSPECT=216/336 CUT=48/96;ASSEMBLE+INSPECT=216/336"
P1|N24|F|WORK|d100|p125,25,4450,23,"C4A3T3I4F2 C4A5T2I4F2","(4,9,4,2) (4,9,4,2)","ASSEMBLE+INSPECT ASSEMBLE+INSPECT","CUT=48/92;ASSEMBLE+INSPECT=216/345 CUT=48/92;ASSEMBLE+INSPECT=216/345"
P1|N24|F|WORK|d100|p125,26,5350,22,"C4A6T3I4F2","(4,12,4,2)","CUT|ASSEMBLE+INSPECT","CUT=48/88;ASSEMBLE+INSPECT=216/396"
P1|N24|F|WORK|d100|p150,0,550,149,"C1A1T0I1F0","(1,1,1,0)","ASSEMBLE","CUT=48/149;ASSEMBLE=144/149;INSPECT=72/149"
P1|N24|F|WORK|d100|p150,1,850,80,"C1A0T1I1F0 C1A2T0I1F0","(1,2,1,0) (1,2,1,0)","ASSEMBLE|INSPECT ASSEMBLE|INSPECT","CUT=48/80;ASSEMBLE=144/160;INSPECT=72/80 CUT=48/80;ASSEMBLE=144/160;INSPECT=72/80"
P1|N24|F|WORK|d100|p150,2,1000,79,"C1A0T1I2F0 C1A2T0I2F0","(1,2,2,0) (1,2,2,0)","ASSEMBLE ASSEMBLE","CUT=48/79;ASSEMBLE=144/158;INSPECT=72/158 CUT=48/79;ASSEMBLE=144/158;INSPECT=72/158"
P1|N24|F|WORK|d100|p150,3,1100,77,"C2A0T1I2F0 C2A2T0I2F0","(2,2,2,0) (2,2,2,0)","ASSEMBLE ASSEMBLE","CUT=48/154;ASSEMBLE=144/154;INSPECT=72/154 CUT=48/154;ASSEMBLE=144/154;INSPECT=72/154"
P1|N24|F|WORK|d100|p150,4,1300,57,"C1A1T1I2F0 C1A3T0I2F0","(1,3,2,0) (1,3,2,0)","CUT|ASSEMBLE CUT|ASSEMBLE","CUT=48/57;ASSEMBLE=144/171;INSPECT=72/114 CUT=48/57;ASSEMBLE=144/171;INSPECT=72/114"
P1|N24|F|WORK|d100|p150,5,1400,56,"C2A1T1I2F0 C2A3T0I2F0","(2,3,2,0) (2,3,2,0)","ASSEMBLE ASSEMBLE","CUT=48/112;ASSEMBLE=144/168;INSPECT=72/112 CUT=48/112;ASSEMBLE=144/168;INSPECT=72/112"
P1|N24|F|WORK|d100|p150,6,1550,55,"C2A1T1I3F0 C2A3T0I3F0","(2,3,3,0) (2,3,3,0)","ASSEMBLE ASSEMBLE","CUT=48/110;ASSEMBLE=144/165;INSPECT=72/165 CUT=48/110;ASSEMBLE=144/165;INSPECT=72/165"
P1|N24|F|WORK|d100|p150,7,1650,53,"C3A1T1I3F0 C3A3T0I3F0","(3,3,3,0) (3,3,3,0)","ASSEMBLE ASSEMBLE","CUT=48/159;ASSEMBLE=144/159;INSPECT=72/159 CUT=48/159;ASSEMBLE=144/159;INSPECT=72/159"
P1|N24|F|WORK|d100|p150,8,1700,44,"C2A0T2I2F0 C2A2T1I2F0 C2A4T0I2F0","(2,4,2,0) (2,4,2,0) (2,4,2,0)","ASSEMBLE|INSPECT ASSEMBLE|INSPECT ASSEMBLE|INSPECT","CUT=48/88;ASSEMBLE=144/176;INSPECT=72/88 CUT=48/88;ASSEMBLE=144/176;INSPECT=72/88 CUT=48/88;ASSEMBLE=144/176;INSPECT=72/88"
P1|N24|F|WORK|d100|p150,9,2000,43,"C2A0T2I4F0 C2A2T1I4F0 C2A4T0I4F0","(2,4,4,0) (2,4,4,0) (2,4,4,0)","ASSEMBLE ASSEMBLE ASSEMBLE","CUT=48/86;ASSEMBLE=144/172;INSPECT=72/172 CUT=48/86;ASSEMBLE=144/172;INSPECT=72/172 CUT=48/86;ASSEMBLE=144/172;INSPECT=72/172"
P1|N24|F|WORK|d100|p150,10,2150,38,"C2A1T2I3F0 C2A3T1I3F0 C2A5T0I3F0","(2,5,3,0) (2,5,3,0) (2,5,3,0)","ASSEMBLE ASSEMBLE ASSEMBLE","CUT=48/76;ASSEMBLE=144/190;INSPECT=72/114 CUT=48/76;ASSEMBLE=144/190;INSPECT=72/114 CUT=48/76;ASSEMBLE=144/190;INSPECT=72/114"
P1|N24|F|WORK|d100|p150,11,2300,37,"C2A0T2I3F1 C2A1T2I4F0 C2A2T1I3F1 C2A3T1I4F0 C2A4T0I3F1 C2A5T0I4F0","(2,4,3,1) (2,5,4,0) (2,4,3,1) (2,5,4,0) (2,4,3,1) (2,5,4,0)","ASSEMBLE+INSPECT ASSEMBLE ASSEMBLE+INSPECT ASSEMBLE ASSEMBLE+INSPECT ASSEMBLE","CUT=48/74;ASSEMBLE+INSPECT=216/296 CUT=48/74;ASSEMBLE=144/185;INSPECT=72/148 CUT=48/74;ASSEMBLE+INSPECT=216/296 CUT=48/74;ASSEMBLE=144/185;INSPECT=72/148 CUT=48/74;ASSEMBLE+INSPECT=216/296 CUT=48/74;ASSEMBLE=144/185;INSPECT=72/148"
P1|N24|F|WORK|d100|p150,12,2450,34,"C2A0T3I3F0 C2A2T2I3F0 C2A4T1I3F0 C2A6T0I3F0","(2,6,3,0) (2,6,3,0) (2,6,3,0) (2,6,3,0)","CUT|ASSEMBLE|INSPECT CUT|ASSEMBLE|INSPECT CUT|ASSEMBLE|INSPECT CUT|ASSEMBLE|INSPECT","CUT=48/68;ASSEMBLE=144/204;INSPECT=72/102 CUT=48/68;ASSEMBLE=144/204;INSPECT=72/102 CUT=48/68;ASSEMBLE=144/204;INSPECT=72/102 CUT=48/68;ASSEMBLE=144/204;INSPECT=72/102"
P1|N24|F|WORK|d100|p150,13,2550,32,"C3A0T3I3F0 C3A2T2I3F0 C3A4T1I3F0 C3A6T0I3F0","(3,6,3,0) (3,6,3,0) (3,6,3,0) (3,6,3,0)","ASSEMBLE|INSPECT ASSEMBLE|INSPECT ASSEMBLE|INSPECT ASSEMBLE|INSPECT","CUT=48/96;ASSEMBLE=144/192;INSPECT=72/96 CUT=48/96;ASSEMBLE=144/192;INSPECT=72/96 CUT=48/96;ASSEMBLE=144/192;INSPECT=72/96 CUT=48/96;ASSEMBLE=144/192;INSPECT=72/96"
P1|N24|F|WORK|d100|p150,14,3000,29,"C3A1T3I4F0 C3A3T2I4F0 C3A5T1I4F0","(3,7,4,0) (3,7,4,0) (3,7,4,0)","ASSEMBLE ASSEMBLE ASSEMBLE","CUT=48/87;ASSEMBLE=144/203;INSPECT=72/116 CUT=48/87;ASSEMBLE=144/203;INSPECT=72/116 CUT=48/87;ASSEMBLE=144/203;INSPECT=72/116"
P1|N24|F|WORK|d100|p150,15,3300,28,"C3A2T3I4F0 C3A4T2I4F0 C3A6T1I4F0","(3,8,4,0) (3,8,4,0) (3,8,4,0)","ASSEMBLE|INSPECT ASSEMBLE|INSPECT ASSEMBLE|INSPECT","CUT=48/84;ASSEMBLE=144/224;INSPECT=72/112 CUT=48/84;ASSEMBLE=144/224;INSPECT=72/112 CUT=48/84;ASSEMBLE=144/224;INSPECT=72/112"
P1|N24|F|WORK|d100|p150,16,3400,26,"C4A2T3I4F0 C4A4T2I4F0 C4A6T1I4F0","(4,8,4,0) (4,8,4,0) (4,8,4,0)","ASSEMBLE|INSPECT ASSEMBLE|INSPECT ASSEMBLE|INSPECT","CUT=48/104;ASSEMBLE=144/208;INSPECT=72/104 CUT=48/104;ASSEMBLE=144/208;INSPECT=72/104 CUT=48/104;ASSEMBLE=144/208;INSPECT=72/104"
P1|N24|F|WORK|d100|p150,17,4000,25,"C4A1T3I4F2 C4A3T2I4F2 C4A5T1I4F2","(4,7,4,2) (4,7,4,2) (4,7,4,2)","ASSEMBLE+INSPECT ASSEMBLE+INSPECT ASSEMBLE+INSPECT","CUT=48/100;ASSEMBLE+INSPECT=216/325 CUT=48/100;ASSEMBLE+INSPECT=216/325 CUT=48/100;ASSEMBLE+INSPECT=216/325"
P1|N24|F|WORK|d100|p150,18,4300,24,"C4A2T3I4F2 C4A4T2I4F2 C4A6T1I4F2","(4,8,4,2) (4,8,4,2) (4,8,4,2)","ASSEMBLE+INSPECT ASSEMBLE+INSPECT ASSEMBLE+INSPECT","CUT=48/96;ASSEMBLE+INSPECT=216/336 CUT=48/96;ASSEMBLE+INSPECT=216/336 CUT=48/96;ASSEMBLE+INSPECT=216/336"
P1|N24|F|WORK|d100|p150,19,4600,23,"C4A3T3I4F2 C4A5T2I4F2","(4,9,4,2) (4,9,4,2)","ASSEMBLE+INSPECT ASSEMBLE+INSPECT","CUT=48/92;ASSEMBLE+INSPECT=216/345 CUT=48/92;ASSEMBLE+INSPECT=216/345"
P1|N24|F|WORK|d100|p150,20,5500,22,"C4A6T3I4F2","(4,12,4,2)","CUT|ASSEMBLE+INSPECT","CUT=48/88;ASSEMBLE+INSPECT=216/396"
P1|N24|F|WORK|d100|p200,0,550,149,"C1A1T0I1F0","(1,1,1,0)","ASSEMBLE","CUT=48/149;ASSEMBLE=144/149;INSPECT=72/149"
P1|N24|F|WORK|d100|p200,1,850,80,"C1A0T1I1F0 C1A2T0I1F0","(1,2,1,0) (1,2,1,0)","ASSEMBLE|INSPECT ASSEMBLE|INSPECT","CUT=48/80;ASSEMBLE=144/160;INSPECT=72/80 CUT=48/80;ASSEMBLE=144/160;INSPECT=72/80"
P1|N24|F|WORK|d100|p200,2,1000,79,"C1A0T1I2F0 C1A2T0I2F0","(1,2,2,0) (1,2,2,0)","ASSEMBLE ASSEMBLE","CUT=48/79;ASSEMBLE=144/158;INSPECT=72/158 CUT=48/79;ASSEMBLE=144/158;INSPECT=72/158"
P1|N24|F|WORK|d100|p200,3,1100,77,"C2A0T1I2F0 C2A2T0I2F0","(2,2,2,0) (2,2,2,0)","ASSEMBLE ASSEMBLE","CUT=48/154;ASSEMBLE=144/154;INSPECT=72/154 CUT=48/154;ASSEMBLE=144/154;INSPECT=72/154"
P1|N24|F|WORK|d100|p200,4,1300,57,"C1A1T1I2F0 C1A3T0I2F0","(1,3,2,0) (1,3,2,0)","CUT|ASSEMBLE CUT|ASSEMBLE","CUT=48/57;ASSEMBLE=144/171;INSPECT=72/114 CUT=48/57;ASSEMBLE=144/171;INSPECT=72/114"
P1|N24|F|WORK|d100|p200,5,1400,56,"C2A1T1I2F0 C2A3T0I2F0","(2,3,2,0) (2,3,2,0)","ASSEMBLE ASSEMBLE","CUT=48/112;ASSEMBLE=144/168;INSPECT=72/112 CUT=48/112;ASSEMBLE=144/168;INSPECT=72/112"
P1|N24|F|WORK|d100|p200,6,1550,55,"C2A1T1I3F0 C2A3T0I3F0","(2,3,3,0) (2,3,3,0)","ASSEMBLE ASSEMBLE","CUT=48/110;ASSEMBLE=144/165;INSPECT=72/165 CUT=48/110;ASSEMBLE=144/165;INSPECT=72/165"
P1|N24|F|WORK|d100|p200,7,1650,53,"C3A1T1I3F0 C3A3T0I3F0","(3,3,3,0) (3,3,3,0)","ASSEMBLE ASSEMBLE","CUT=48/159;ASSEMBLE=144/159;INSPECT=72/159 CUT=48/159;ASSEMBLE=144/159;INSPECT=72/159"
P1|N24|F|WORK|d100|p200,8,1700,44,"C2A0T2I2F0 C2A2T1I2F0 C2A4T0I2F0","(2,4,2,0) (2,4,2,0) (2,4,2,0)","ASSEMBLE|INSPECT ASSEMBLE|INSPECT ASSEMBLE|INSPECT","CUT=48/88;ASSEMBLE=144/176;INSPECT=72/88 CUT=48/88;ASSEMBLE=144/176;INSPECT=72/88 CUT=48/88;ASSEMBLE=144/176;INSPECT=72/88"
P1|N24|F|WORK|d100|p200,9,2000,43,"C2A0T2I4F0 C2A2T1I4F0 C2A4T0I4F0","(2,4,4,0) (2,4,4,0) (2,4,4,0)","ASSEMBLE ASSEMBLE ASSEMBLE","CUT=48/86;ASSEMBLE=144/172;INSPECT=72/172 CUT=48/86;ASSEMBLE=144/172;INSPECT=72/172 CUT=48/86;ASSEMBLE=144/172;INSPECT=72/172"
P1|N24|F|WORK|d100|p200,10,2150,38,"C2A1T2I3F0 C2A3T1I3F0 C2A5T0I3F0","(2,5,3,0) (2,5,3,0) (2,5,3,0)","ASSEMBLE ASSEMBLE ASSEMBLE","CUT=48/76;ASSEMBLE=144/190;INSPECT=72/114 CUT=48/76;ASSEMBLE=144/190;INSPECT=72/114 CUT=48/76;ASSEMBLE=144/190;INSPECT=72/114"
P1|N24|F|WORK|d100|p200,11,2300,37,"C2A1T2I4F0 C2A3T1I4F0 C2A5T0I4F0","(2,5,4,0) (2,5,4,0) (2,5,4,0)","ASSEMBLE ASSEMBLE ASSEMBLE","CUT=48/74;ASSEMBLE=144/185;INSPECT=72/148 CUT=48/74;ASSEMBLE=144/185;INSPECT=72/148 CUT=48/74;ASSEMBLE=144/185;INSPECT=72/148"
P1|N24|F|WORK|d100|p200,12,2450,34,"C2A0T3I3F0 C2A2T2I3F0 C2A4T1I3F0 C2A6T0I3F0","(2,6,3,0) (2,6,3,0) (2,6,3,0) (2,6,3,0)","CUT|ASSEMBLE|INSPECT CUT|ASSEMBLE|INSPECT CUT|ASSEMBLE|INSPECT CUT|ASSEMBLE|INSPECT","CUT=48/68;ASSEMBLE=144/204;INSPECT=72/102 CUT=48/68;ASSEMBLE=144/204;INSPECT=72/102 CUT=48/68;ASSEMBLE=144/204;INSPECT=72/102 CUT=48/68;ASSEMBLE=144/204;INSPECT=72/102"
P1|N24|F|WORK|d100|p200,13,2550,32,"C3A0T3I3F0 C3A2T2I3F0 C3A4T1I3F0 C3A6T0I3F0","(3,6,3,0) (3,6,3,0) (3,6,3,0) (3,6,3,0)","ASSEMBLE|INSPECT ASSEMBLE|INSPECT ASSEMBLE|INSPECT ASSEMBLE|INSPECT","CUT=48/96;ASSEMBLE=144/192;INSPECT=72/96 CUT=48/96;ASSEMBLE=144/192;INSPECT=72/96 CUT=48/96;ASSEMBLE=144/192;INSPECT=72/96 CUT=48/96;ASSEMBLE=144/192;INSPECT=72/96"
P1|N24|F|WORK|d100|p200,14,3000,29,"C3A1T3I4F0 C3A3T2I4F0 C3A5T1I4F0","(3,7,4,0) (3,7,4,0) (3,7,4,0)","ASSEMBLE ASSEMBLE ASSEMBLE","CUT=48/87;ASSEMBLE=144/203;INSPECT=72/116 CUT=48/87;ASSEMBLE=144/203;INSPECT=72/116 CUT=48/87;ASSEMBLE=144/203;INSPECT=72/116"
P1|N24|F|WORK|d100|p200,15,3300,28,"C3A2T3I4F0 C3A4T2I4F0 C3A6T1I4F0","(3,8,4,0) (3,8,4,0) (3,8,4,0)","ASSEMBLE|INSPECT ASSEMBLE|INSPECT ASSEMBLE|INSPECT","CUT=48/84;ASSEMBLE=144/224;INSPECT=72/112 CUT=48/84;ASSEMBLE=144/224;INSPECT=72/112 CUT=48/84;ASSEMBLE=144/224;INSPECT=72/112"
P1|N24|F|WORK|d100|p200,16,3400,26,"C4A2T3I4F0 C4A4T2I4F0 C4A6T1I4F0","(4,8,4,0) (4,8,4,0) (4,8,4,0)","ASSEMBLE|INSPECT ASSEMBLE|INSPECT ASSEMBLE|INSPECT","CUT=48/104;ASSEMBLE=144/208;INSPECT=72/104 CUT=48/104;ASSEMBLE=144/208;INSPECT=72/104 CUT=48/104;ASSEMBLE=144/208;INSPECT=72/104"
P1|N24|F|WORK|d100|p200,17,4300,25,"C4A1T3I4F2 C4A3T2I4F2 C4A5T1I4F2","(4,7,4,2) (4,7,4,2) (4,7,4,2)","ASSEMBLE+INSPECT ASSEMBLE+INSPECT ASSEMBLE+INSPECT","CUT=48/100;ASSEMBLE+INSPECT=216/325 CUT=48/100;ASSEMBLE+INSPECT=216/325 CUT=48/100;ASSEMBLE+INSPECT=216/325"
P1|N24|F|WORK|d100|p200,18,4600,24,"C4A2T3I4F2 C4A4T2I4F2 C4A4T3I4F1 C4A6T1I4F2 C4A6T2I4F1","(4,8,4,2) (4,8,4,2) (4,10,4,1) (4,8,4,2) (4,10,4,1)","ASSEMBLE+INSPECT ASSEMBLE+INSPECT ASSEMBLE+INSPECT ASSEMBLE+INSPECT ASSEMBLE+INSPECT","CUT=48/96;ASSEMBLE+INSPECT=216/336 CUT=48/96;ASSEMBLE+INSPECT=216/336 CUT=48/96;ASSEMBLE+INSPECT=216/360 CUT=48/96;ASSEMBLE+INSPECT=216/336 CUT=48/96;ASSEMBLE+INSPECT=216/360"
P1|N24|F|WORK|d100|p200,19,4900,23,"C4A3T3I4F2 C4A5T2I4F2","(4,9,4,2) (4,9,4,2)","ASSEMBLE+INSPECT ASSEMBLE+INSPECT","CUT=48/92;ASSEMBLE+INSPECT=216/345 CUT=48/92;ASSEMBLE+INSPECT=216/345"
P1|N24|F|WORK|d100|p200,20,5800,22,"C4A6T3I4F2","(4,12,4,2)","CUT|ASSEMBLE+INSPECT","CUT=48/88;ASSEMBLE+INSPECT=216/396"
P2|N6|D|UNIFORM|d75|p0,0,300,37,"C1A1T0I1F0","(1,1,1,0)","INSPECT","CUT=18/37;ASSEMBLE=24/37;INSPECT=30/37"
P2|N6|D|UNIFORM|d75|p0,1,400,32,"C1A1T0I2F0","(1,1,2,0)","ASSEMBLE","CUT=18/32;ASSEMBLE=24/32;INSPECT=30/64"
P2|N6|D|UNIFORM|d75|p0,2,450,27,"C1A0T1I2F0","(1,2,2,0)","CUT","CUT=18/27;ASSEMBLE=24/54;INSPECT=30/54"
P2|N6|D|UNIFORM|d75|p0,3,550,22,"C2A0T1I2F0","(2,2,2,0)","INSPECT","CUT=18/44;ASSEMBLE=24/44;INSPECT=30/44"
P2|N6|D|UNIFORM|d75|p0,4,650,21,"C2A0T1I3F0","(2,2,3,0)","ASSEMBLE","CUT=18/42;ASSEMBLE=24/42;INSPECT=30/63"
P2|N6|D|UNIFORM|d75|p0,5,750,20,"C2A0T1I4F0 C2A1T1I3F0","(2,2,4,0) (2,3,3,0)","ASSEMBLE INSPECT","CUT=18/40;ASSEMBLE=24/40;INSPECT=30/80 CUT=18/40;ASSEMBLE=24/60;INSPECT=30/60"
P2|N6|D|UNIFORM|d75|p0,6,850,17,"C3A1T1I3F0","(3,3,3,0)","INSPECT","CUT=18/51;ASSEMBLE=24/51;INSPECT=30/51"
P2|N6|D|UNIFORM|d90|p0,0,300,37,"C1A1T0I1F0","(1,1,1,0)","INSPECT","CUT=18/37;ASSEMBLE=24/37;INSPECT=30/37"
P2|N6|D|UNIFORM|d90|p0,1,400,32,"C1A1T0I2F0","(1,1,2,0)","ASSEMBLE","CUT=18/32;ASSEMBLE=24/32;INSPECT=30/64"
P2|N6|D|UNIFORM|d90|p0,2,480,27,"C1A0T1I2F0","(1,2,2,0)","CUT","CUT=18/27;ASSEMBLE=24/54;INSPECT=30/54"
P2|N6|D|UNIFORM|d90|p0,3,580,22,"C2A0T1I2F0","(2,2,2,0)","INSPECT","CUT=18/44;ASSEMBLE=24/44;INSPECT=30/44"
P2|N6|D|UNIFORM|d90|p0,4,680,21,"C2A0T1I3F0","(2,2,3,0)","ASSEMBLE","CUT=18/42;ASSEMBLE=24/42;INSPECT=30/63"
P2|N6|D|UNIFORM|d90|p0,5,780,20,"C2A0T1I4F0 C2A1T1I3F0","(2,2,4,0) (2,3,3,0)","ASSEMBLE INSPECT","CUT=18/40;ASSEMBLE=24/40;INSPECT=30/80 CUT=18/40;ASSEMBLE=24/60;INSPECT=30/60"
P2|N6|D|UNIFORM|d90|p0,6,880,17,"C3A1T1I3F0","(3,3,3,0)","INSPECT","CUT=18/51;ASSEMBLE=24/51;INSPECT=30/51"
P2|N6|D|UNIFORM|d100|p0,0,300,37,"C1A1T0I1F0","(1,1,1,0)","INSPECT","CUT=18/37;ASSEMBLE=24/37;INSPECT=30/37"
P2|N6|D|UNIFORM|d100|p0,1,400,32,"C1A1T0I2F0","(1,1,2,0)","ASSEMBLE","CUT=18/32;ASSEMBLE=24/32;INSPECT=30/64"
P2|N6|D|UNIFORM|d100|p0,2,500,27,"C1A0T1I2F0 C1A2T0I2F0","(1,2,2,0) (1,2,2,0)","CUT CUT","CUT=18/27;ASSEMBLE=24/54;INSPECT=30/54 CUT=18/27;ASSEMBLE=24/54;INSPECT=30/54"
P2|N6|D|UNIFORM|d100|p0,3,600,22,"C2A0T1I2F0 C2A2T0I2F0","(2,2,2,0) (2,2,2,0)","INSPECT INSPECT","CUT=18/44;ASSEMBLE=24/44;INSPECT=30/44 CUT=18/44;ASSEMBLE=24/44;INSPECT=30/44"
P2|N6|D|UNIFORM|d100|p0,4,700,21,"C2A0T1I3F0 C2A2T0I3F0","(2,2,3,0) (2,2,3,0)","ASSEMBLE ASSEMBLE","CUT=18/42;ASSEMBLE=24/42;INSPECT=30/63 CUT=18/42;ASSEMBLE=24/42;INSPECT=30/63"
P2|N6|D|UNIFORM|d100|p0,5,800,20,"C2A0T1I4F0 C2A1T1I3F0 C2A2T0I4F0 C2A3T0I3F0","(2,2,4,0) (2,3,3,0) (2,2,4,0) (2,3,3,0)","ASSEMBLE INSPECT ASSEMBLE INSPECT","CUT=18/40;ASSEMBLE=24/40;INSPECT=30/80 CUT=18/40;ASSEMBLE=24/60;INSPECT=30/60 CUT=18/40;ASSEMBLE=24/40;INSPECT=30/80 CUT=18/40;ASSEMBLE=24/60;INSPECT=30/60"
P2|N6|D|UNIFORM|d100|p0,6,900,17,"C3A1T1I3F0 C3A3T0I3F0","(3,3,3,0) (3,3,3,0)","INSPECT INSPECT","CUT=18/51;ASSEMBLE=24/51;INSPECT=30/51 CUT=18/51;ASSEMBLE=24/51;INSPECT=30/51"
P2|N6|D|WORK|d75|p0,0,600,37,"C1A1T0I1F0","(1,1,1,0)","INSPECT","CUT=18/37;ASSEMBLE=24/37;INSPECT=30/37"
P2|N6|D|WORK|d75|p0,1,850,32,"C1A1T0I2F0","(1,1,2,0)","ASSEMBLE","CUT=18/32;ASSEMBLE=24/32;INSPECT=30/64"
P2|N6|D|WORK|d75|p0,2,950,27,"C1A0T1I2F0","(1,2,2,0)","CUT","CUT=18/27;ASSEMBLE=24/54;INSPECT=30/54"
P2|N6|D|WORK|d75|p0,3,1100,22,"C2A0T1I2F0","(2,2,2,0)","INSPECT","CUT=18/44;ASSEMBLE=24/44;INSPECT=30/44"
P2|N6|D|WORK|d75|p0,4,1350,21,"C2A0T1I3F0","(2,2,3,0)","ASSEMBLE","CUT=18/42;ASSEMBLE=24/42;INSPECT=30/63"
P2|N6|D|WORK|d75|p0,5,1550,20,"C2A1T1I3F0","(2,3,3,0)","INSPECT","CUT=18/40;ASSEMBLE=24/60;INSPECT=30/60"
P2|N6|D|WORK|d75|p0,6,1700,17,"C3A1T1I3F0","(3,3,3,0)","INSPECT","CUT=18/51;ASSEMBLE=24/51;INSPECT=30/51"
P2|N6|D|WORK|d90|p0,0,600,37,"C1A1T0I1F0","(1,1,1,0)","INSPECT","CUT=18/37;ASSEMBLE=24/37;INSPECT=30/37"
P2|N6|D|WORK|d90|p0,1,850,32,"C1A1T0I2F0","(1,1,2,0)","ASSEMBLE","CUT=18/32;ASSEMBLE=24/32;INSPECT=30/64"
P2|N6|D|WORK|d90|p0,2,1010,27,"C1A0T1I2F0","(1,2,2,0)","CUT","CUT=18/27;ASSEMBLE=24/54;INSPECT=30/54"
P2|N6|D|WORK|d90|p0,3,1160,22,"C2A0T1I2F0","(2,2,2,0)","INSPECT","CUT=18/44;ASSEMBLE=24/44;INSPECT=30/44"
P2|N6|D|WORK|d90|p0,4,1410,21,"C2A0T1I3F0","(2,2,3,0)","ASSEMBLE","CUT=18/42;ASSEMBLE=24/42;INSPECT=30/63"
P2|N6|D|WORK|d90|p0,5,1610,20,"C2A1T1I3F0","(2,3,3,0)","INSPECT","CUT=18/40;ASSEMBLE=24/60;INSPECT=30/60"
P2|N6|D|WORK|d90|p0,6,1760,17,"C3A1T1I3F0","(3,3,3,0)","INSPECT","CUT=18/51;ASSEMBLE=24/51;INSPECT=30/51"
P2|N6|D|WORK|d100|p0,0,600,37,"C1A1T0I1F0","(1,1,1,0)","INSPECT","CUT=18/37;ASSEMBLE=24/37;INSPECT=30/37"
P2|N6|D|WORK|d100|p0,1,850,32,"C1A1T0I2F0","(1,1,2,0)","ASSEMBLE","CUT=18/32;ASSEMBLE=24/32;INSPECT=30/64"
P2|N6|D|WORK|d100|p0,2,1050,27,"C1A0T1I2F0 C1A2T0I2F0","(1,2,2,0) (1,2,2,0)","CUT CUT","CUT=18/27;ASSEMBLE=24/54;INSPECT=30/54 CUT=18/27;ASSEMBLE=24/54;INSPECT=30/54"
P2|N6|D|WORK|d100|p0,3,1200,22,"C2A0T1I2F0 C2A2T0I2F0","(2,2,2,0) (2,2,2,0)","INSPECT INSPECT","CUT=18/44;ASSEMBLE=24/44;INSPECT=30/44 CUT=18/44;ASSEMBLE=24/44;INSPECT=30/44"
P2|N6|D|WORK|d100|p0,4,1450,21,"C2A0T1I3F0 C2A2T0I3F0","(2,2,3,0) (2,2,3,0)","ASSEMBLE ASSEMBLE","CUT=18/42;ASSEMBLE=24/42;INSPECT=30/63 CUT=18/42;ASSEMBLE=24/42;INSPECT=30/63"
P2|N6|D|WORK|d100|p0,5,1650,20,"C2A1T1I3F0 C2A3T0I3F0","(2,3,3,0) (2,3,3,0)","INSPECT INSPECT","CUT=18/40;ASSEMBLE=24/60;INSPECT=30/60 CUT=18/40;ASSEMBLE=24/60;INSPECT=30/60"
P2|N6|D|WORK|d100|p0,6,1800,17,"C3A1T1I3F0 C3A3T0I3F0","(3,3,3,0) (3,3,3,0)","INSPECT INSPECT","CUT=18/51;ASSEMBLE=24/51;INSPECT=30/51 CUT=18/51;ASSEMBLE=24/51;INSPECT=30/51"
P2|N6|F|UNIFORM|d75|p100,0,200,57,"C1A0T0I0F1","(1,0,0,1)","ASSEMBLE+INSPECT","CUT=18/57;ASSEMBLE+INSPECT=54/57"
P2|N6|F|UNIFORM|d75|p100,1,300,33,"C1A0T0I0F2","(1,0,0,2)","ASSEMBLE+INSPECT","CUT=18/33;ASSEMBLE+INSPECT=54/66"
P2|N6|F|UNIFORM|d75|p100,2,400,27,"C1A0T0I0F3","(1,0,0,3)","CUT|ASSEMBLE+INSPECT","CUT=18/27;ASSEMBLE+INSPECT=54/81"
P2|N6|F|UNIFORM|d75|p100,3,500,24,"C2A0T0I0F3","(2,0,0,3)","ASSEMBLE+INSPECT","CUT=18/48;ASSEMBLE+INSPECT=54/72"
P2|N6|F|UNIFORM|d75|p100,4,550,22,"C2A0T1I2F0","(2,2,2,0)","INSPECT","CUT=18/44;ASSEMBLE=24/44;INSPECT=30/44"
P2|N6|F|UNIFORM|d75|p100,5,600,21,"C2A1T0I1F2 C3A0T0I0F3","(2,1,1,2) (3,0,0,3)","ASSEMBLE+INSPECT ASSEMBLE+INSPECT","CUT=18/42;ASSEMBLE+INSPECT=54/84 CUT=18/63;ASSEMBLE+INSPECT=54/63"
P2|N6|F|UNIFORM|d75|p100,6,650,20,"C2A0T1I0F3 C2A0T1I1F2 C2A0T1I2F1","(2,2,0,3) (2,2,1,2) (2,2,2,1)","ASSEMBLE+INSPECT ASSEMBLE+INSPECT ASSEMBLE+INSPECT","CUT=18/40;ASSEMBLE+INSPECT=54/100 CUT=18/40;ASSEMBLE+INSPECT=54/100 CUT=18/40;ASSEMBLE+INSPECT=54/100"
P2|N6|F|UNIFORM|d75|p100,7,750,18,"C2A0T1I1F3 C2A0T1I2F2","(2,2,1,3) (2,2,2,2)","CUT|ASSEMBLE+INSPECT CUT|ASSEMBLE+INSPECT","CUT=18/36;ASSEMBLE+INSPECT=54/108 CUT=18/36;ASSEMBLE+INSPECT=54/108"
P2|N6|F|UNIFORM|d75|p100,8,850,17,"C3A0T1I1F3 C3A0T1I2F2 C3A0T1I3F1 C3A1T1I3F0 C4A0T1I1F2","(3,2,1,3) (3,2,2,2) (3,2,3,1) (3,3,3,0) (4,2,1,2)","ASSEMBLE+INSPECT ASSEMBLE+INSPECT ASSEMBLE+INSPECT INSPECT ASSEMBLE+INSPECT","CUT=18/51;ASSEMBLE+INSPECT=54/102 CUT=18/51;ASSEMBLE+INSPECT=54/102 CUT=18/51;ASSEMBLE+INSPECT=54/102 CUT=18/51;ASSEMBLE=24/51;INSPECT=30/51 CUT=18/68;ASSEMBLE+INSPECT=54/85"
P2|N6|F|UNIFORM|d75|p100,9,900,16,"C3A0T0I3F3","(3,0,3,3)","ASSEMBLE+INSPECT","CUT=18/48;ASSEMBLE+INSPECT=54/96"
P2|N6|F|UNIFORM|d75|p100,10,1150,15,"C3A1T1I3F3","(3,3,3,3)","CUT|ASSEMBLE+INSPECT","CUT=18/45;ASSEMBLE+INSPECT=54/135"
P2|N6|F|UNIFORM|d75|p125,0,225,57,"C1A0T0I0F1","(1,0,0,1)","ASSEMBLE+INSPECT","CUT=18/57;ASSEMBLE+INSPECT=54/57"
P2|N6|F|UNIFORM|d75|p125,1,300,37,"C1A1T0I1F0","(1,1,1,0)","INSPECT","CUT=18/37;ASSEMBLE=24/37;INSPECT=30/37"
P2|N6|F|UNIFORM|d75|p125,2,350,33,"C1A0T0I0F2","(1,0,0,2)","ASSEMBLE+INSPECT","CUT=18/33;ASSEMBLE+INSPECT=54/66"
P2|N6|F|UNIFORM|d75|p125,3,400,32,"C1A1T0I2F0","(1,1,2,0)","ASSEMBLE","CUT=18/32;ASSEMBLE=24/32;INSPECT=30/64"
P2|N6|F|UNIFORM|d75|p125,4,425,28,"C1A1T0I1F1","(1,1,1,1)","CUT|ASSEMBLE+INSPECT","CUT=18/28;ASSEMBLE+INSPECT=54/84"
P2|N6|F|UNIFORM|d75|p125,5,450,27,"C1A0T1I2F0","(1,2,2,0)","CUT","CUT=18/27;ASSEMBLE=24/54;INSPECT=30/54"
P2|N6|F|UNIFORM|d75|p125,6,525,26,"C2A1T0I1F1","(2,1,1,1)","ASSEMBLE+INSPECT","CUT=18/52;ASSEMBLE+INSPECT=54/78"
P2|N6|F|UNIFORM|d75|p125,7,550,22,"C2A0T1I2F0","(2,2,2,0)","INSPECT","CUT=18/44;ASSEMBLE=24/44;INSPECT=30/44"
P2|N6|F|UNIFORM|d75|p125,8,650,21,"C2A0T1I3F0 C2A1T0I1F2","(2,2,3,0) (2,1,1,2)","ASSEMBLE ASSEMBLE+INSPECT","CUT=18/42;ASSEMBLE=24/42;INSPECT=30/63 CUT=18/42;ASSEMBLE+INSPECT=54/84"
P2|N6|F|UNIFORM|d75|p125,9,675,20,"C2A0T1I2F1","(2,2,2,1)","ASSEMBLE+INSPECT","CUT=18/40;ASSEMBLE+INSPECT=54/100"
P2|N6|F|UNIFORM|d75|p125,10,775,19,"C2A0T1I3F1","(2,2,3,1)","CUT|ASSEMBLE+INSPECT","CUT=18/38;ASSEMBLE+INSPECT=54/114"
P2|N6|F|UNIFORM|d75|p125,11,800,18,"C2A0T1I2F2","(2,2,2,2)","CUT|ASSEMBLE+INSPECT","CUT=18/36;ASSEMBLE+INSPECT=54/108"
P2|N6|F|UNIFORM|d75|p125,12,850,17,"C3A1T1I3F0","(3,3,3,0)","INSPECT","CUT=18/51;ASSEMBLE=24/51;INSPECT=30/51"
P2|N6|F|UNIFORM|d75|p125,13,975,16,"C3A0T0I3F3","(3,0,3,3)","ASSEMBLE+INSPECT","CUT=18/48;ASSEMBLE+INSPECT=54/96"
P2|N6|F|UNIFORM|d75|p125,14,1225,15,"C3A1T1I3F3","(3,3,3,3)","CUT|ASSEMBLE+INSPECT","CUT=18/45;ASSEMBLE+INSPECT=54/135"
P2|N6|F|UNIFORM|d75|p150,0,250,57,"C1A0T0I0F1","(1,0,0,1)","ASSEMBLE+INSPECT","CUT=18/57;ASSEMBLE+INSPECT=54/57"
P2|N6|F|UNIFORM|d75|p150,1,300,37,"C1A1T0I1F0","(1,1,1,0)","INSPECT","CUT=18/37;ASSEMBLE=24/37;INSPECT=30/37"
P2|N6|F|UNIFORM|d75|p150,2,400,32,"C1A1T0I2F0","(1,1,2,0)","ASSEMBLE","CUT=18/32;ASSEMBLE=24/32;INSPECT=30/64"
P2|N6|F|UNIFORM|d75|p150,3,450,27,"C1A0T1I2F0","(1,2,2,0)","CUT","CUT=18/27;ASSEMBLE=24/54;INSPECT=30/54"
P2|N6|F|UNIFORM|d75|p150,4,550,22,"C2A0T1I2F0","(2,2,2,0)","INSPECT","CUT=18/44;ASSEMBLE=24/44;INSPECT=30/44"
P2|N6|F|UNIFORM|d75|p150,5,650,21,"C2A0T1I3F0","(2,2,3,0)","ASSEMBLE","CUT=18/42;ASSEMBLE=24/42;INSPECT=30/63"
P2|N6|F|UNIFORM|d75|p150,6,700,20,"C2A0T1I2F1","(2,2,2,1)","ASSEMBLE+INSPECT","CUT=18/40;ASSEMBLE+INSPECT=54/100"
P2|N6|F|UNIFORM|d75|p150,7,800,19,"C2A0T1I3F1","(2,2,3,1)","CUT|ASSEMBLE+INSPECT","CUT=18/38;ASSEMBLE+INSPECT=54/114"
P2|N6|F|UNIFORM|d75|p150,8,850,17,"C3A1T1I3F0","(3,3,3,0)","INSPECT","CUT=18/51;ASSEMBLE=24/51;INSPECT=30/51"
P2|N6|F|UNIFORM|d75|p150,9,1050,16,"C3A0T0I3F3","(3,0,3,3)","ASSEMBLE+INSPECT","CUT=18/48;ASSEMBLE+INSPECT=54/96"
P2|N6|F|UNIFORM|d75|p150,10,1300,15,"C3A0T2I4F2 C3A1T1I3F3","(3,4,4,2) (3,3,3,3)","CUT CUT|ASSEMBLE+INSPECT","CUT=18/45;ASSEMBLE+INSPECT=54/150 CUT=18/45;ASSEMBLE+INSPECT=54/135"
P2|N6|F|UNIFORM|d75|p200,0,300,37,"C1A1T0I1F0","(1,1,1,0)","INSPECT","CUT=18/37;ASSEMBLE=24/37;INSPECT=30/37"
P2|N6|F|UNIFORM|d75|p200,1,400,32,"C1A1T0I2F0","(1,1,2,0)","ASSEMBLE","CUT=18/32;ASSEMBLE=24/32;INSPECT=30/64"
P2|N6|F|UNIFORM|d75|p200,2,450,27,"C1A0T1I2F0","(1,2,2,0)","CUT","CUT=18/27;ASSEMBLE=24/54;INSPECT=30/54"
P2|N6|F|UNIFORM|d75|p200,3,550,22,"C2A0T1I2F0","(2,2,2,0)","INSPECT","CUT=18/44;ASSEMBLE=24/44;INSPECT=30/44"
P2|N6|F|UNIFORM|d75|p200,4,650,21,"C2A0T1I3F0","(2,2,3,0)","ASSEMBLE","CUT=18/42;ASSEMBLE=24/42;INSPECT=30/63"
P2|N6|F|UNIFORM|d75|p200,5,750,20,"C2A0T1I2F1 C2A0T1I4F0 C2A1T1I3F0","(2,2,2,1) (2,2,4,0) (2,3,3,0)","ASSEMBLE+INSPECT ASSEMBLE INSPECT","CUT=18/40;ASSEMBLE+INSPECT=54/100 CUT=18/40;ASSEMBLE=24/40;INSPECT=30/80 CUT=18/40;ASSEMBLE=24/60;INSPECT=30/60"
P2|N6|F|UNIFORM|d75|p200,6,850,17,"C3A1T1I3F0","(3,3,3,0)","INSPECT","CUT=18/51;ASSEMBLE=24/51;INSPECT=30/51"
P2|N6|F|UNIFORM|d75|p200,7,1200,16,"C3A0T0I3F3 C3A1T0I4F2","(3,0,3,3) (3,1,4,2)","ASSEMBLE+INSPECT ASSEMBLE+INSPECT","CUT=18/48;ASSEMBLE+INSPECT=54/96 CUT=18/48;ASSEMBLE+INSPECT=54/112"
P2|N6|F|UNIFORM|d75|p200,8,1400,15,"C3A0T2I4F2","(3,4,4,2)","CUT","CUT=18/45;ASSEMBLE+INSPECT=54/150"
P2|N6|F|UNIFORM|d90|p100,0,200,57,"C1A0T0I0F1","(1,0,0,1)","ASSEMBLE+INSPECT","CUT=18/57;ASSEMBLE+INSPECT=54/57"
P2|N6|F|UNIFORM|d90|p100,1,300,33,"C1A0T0I0F2","(1,0,0,2)","ASSEMBLE+INSPECT","CUT=18/33;ASSEMBLE+INSPECT=54/66"
P2|N6|F|UNIFORM|d90|p100,2,400,27,"C1A0T0I0F3","(1,0,0,3)","CUT|ASSEMBLE+INSPECT","CUT=18/27;ASSEMBLE+INSPECT=54/81"
P2|N6|F|UNIFORM|d90|p100,3,500,24,"C2A0T0I0F3","(2,0,0,3)","ASSEMBLE+INSPECT","CUT=18/48;ASSEMBLE+INSPECT=54/72"
P2|N6|F|UNIFORM|d90|p100,4,580,22,"C2A0T1I2F0","(2,2,2,0)","INSPECT","CUT=18/44;ASSEMBLE=24/44;INSPECT=30/44"
P2|N6|F|UNIFORM|d90|p100,5,600,21,"C2A1T0I1F2 C3A0T0I0F3","(2,1,1,2) (3,0,0,3)","ASSEMBLE+INSPECT ASSEMBLE+INSPECT","CUT=18/42;ASSEMBLE+INSPECT=54/84 CUT=18/63;ASSEMBLE+INSPECT=54/63"
P2|N6|F|UNIFORM|d90|p100,6,680,20,"C2A0T1I0F3 C2A0T1I1F2 C2A0T1I2F1","(2,2,0,3) (2,2,1,2) (2,2,2,1)","ASSEMBLE+INSPECT ASSEMBLE+INSPECT ASSEMBLE+INSPECT","CUT=18/40;ASSEMBLE+INSPECT=54/100 CUT=18/40;ASSEMBLE+INSPECT=54/100 CUT=18/40;ASSEMBLE+INSPECT=54/100"
P2|N6|F|UNIFORM|d90|p100,7,780,18,"C2A0T1I1F3 C2A0T1I2F2","(2,2,1,3) (2,2,2,2)","CUT|ASSEMBLE+INSPECT CUT|ASSEMBLE+INSPECT","CUT=18/36;ASSEMBLE+INSPECT=54/108 CUT=18/36;ASSEMBLE+INSPECT=54/108"
P2|N6|F|UNIFORM|d90|p100,8,880,17,"C3A0T1I1F3 C3A0T1I2F2 C3A0T1I3F1 C3A1T1I3F0 C4A0T1I1F2","(3,2,1,3) (3,2,2,2) (3,2,3,1) (3,3,3,0) (4,2,1,2)","ASSEMBLE+INSPECT ASSEMBLE+INSPECT ASSEMBLE+INSPECT INSPECT ASSEMBLE+INSPECT","CUT=18/51;ASSEMBLE+INSPECT=54/102 CUT=18/51;ASSEMBLE+INSPECT=54/102 CUT=18/51;ASSEMBLE+INSPECT=54/102 CUT=18/51;ASSEMBLE=24/51;INSPECT=30/51 CUT=18/68;ASSEMBLE+INSPECT=54/85"
P2|N6|F|UNIFORM|d90|p100,9,900,16,"C3A0T0I3F3","(3,0,3,3)","ASSEMBLE+INSPECT","CUT=18/48;ASSEMBLE+INSPECT=54/96"
P2|N6|F|UNIFORM|d90|p100,10,1180,15,"C3A1T1I3F3","(3,3,3,3)","CUT|ASSEMBLE+INSPECT","CUT=18/45;ASSEMBLE+INSPECT=54/135"
P2|N6|F|UNIFORM|d90|p125,0,225,57,"C1A0T0I0F1","(1,0,0,1)","ASSEMBLE+INSPECT","CUT=18/57;ASSEMBLE+INSPECT=54/57"
P2|N6|F|UNIFORM|d90|p125,1,300,37,"C1A1T0I1F0","(1,1,1,0)","INSPECT","CUT=18/37;ASSEMBLE=24/37;INSPECT=30/37"
P2|N6|F|UNIFORM|d90|p125,2,350,33,"C1A0T0I0F2","(1,0,0,2)","ASSEMBLE+INSPECT","CUT=18/33;ASSEMBLE+INSPECT=54/66"
P2|N6|F|UNIFORM|d90|p125,3,400,32,"C1A1T0I2F0","(1,1,2,0)","ASSEMBLE","CUT=18/32;ASSEMBLE=24/32;INSPECT=30/64"
P2|N6|F|UNIFORM|d90|p125,4,425,28,"C1A1T0I1F1","(1,1,1,1)","CUT|ASSEMBLE+INSPECT","CUT=18/28;ASSEMBLE+INSPECT=54/84"
P2|N6|F|UNIFORM|d90|p125,5,475,27,"C1A0T0I0F3","(1,0,0,3)","CUT|ASSEMBLE+INSPECT","CUT=18/27;ASSEMBLE+INSPECT=54/81"
P2|N6|F|UNIFORM|d90|p125,6,525,26,"C2A1T0I1F1","(2,1,1,1)","ASSEMBLE+INSPECT","CUT=18/52;ASSEMBLE+INSPECT=54/78"
P2|N6|F|UNIFORM|d90|p125,7,550,25,"C2A0T0I1F2","(2,0,1,2)","ASSEMBLE+INSPECT","CUT=18/50;ASSEMBLE+INSPECT=54/75"
P2|N6|F|UNIFORM|d90|p125,8,575,24,"C2A0T0I0F3","(2,0,0,3)","ASSEMBLE+INSPECT","CUT=18/48;ASSEMBLE+INSPECT=54/72"
P2|N6|F|UNIFORM|d90|p125,9,580,22,"C2A0T1I2F0","(2,2,2,0)","INSPECT","CUT=18/44;ASSEMBLE=24/44;INSPECT=30/44"
P2|N6|F|UNIFORM|d90|p125,10,650,21,"C2A1T0I1F2","(2,1,1,2)","ASSEMBLE+INSPECT","CUT=18/42;ASSEMBLE+INSPECT=54/84"
P2|N6|F|UNIFORM|d90|p125,11,705,20,"C2A0T1I2F1","(2,2,2,1)","ASSEMBLE+INSPECT","CUT=18/40;ASSEMBLE+INSPECT=54/100"
P2|N6|F|UNIFORM|d90|p125,12,805,19,"C2A0T1I3F1","(2,2,3,1)","CUT|ASSEMBLE+INSPECT","CUT=18/38;ASSEMBLE+INSPECT=54/114"
P2|N6|F|UNIFORM|d90|p125,13,830,18,"C2A0T1I2F2","(2,2,2,2)","CUT|ASSEMBLE+INSPECT","CUT=18/36;ASSEMBLE+INSPECT=54/108"
P2|N6|F|UNIFORM|d90|p125,14,880,17,"C3A1T1I3F0","(3,3,3,0)","INSPECT","CUT=18/51;ASSEMBLE=24/51;INSPECT=30/51"
P2|N6|F|UNIFORM|d90|p125,15,975,16,"C3A0T0I3F3","(3,0,3,3)","ASSEMBLE+INSPECT","CUT=18/48;ASSEMBLE+INSPECT=54/96"
P2|N6|F|UNIFORM|d90|p125,16,1255,15,"C3A1T1I3F3","(3,3,3,3)","CUT|ASSEMBLE+INSPECT","CUT=18/45;ASSEMBLE+INSPECT=54/135"
P2|N6|F|UNIFORM|d90|p150,0,250,57,"C1A0T0I0F1","(1,0,0,1)","ASSEMBLE+INSPECT","CUT=18/57;ASSEMBLE+INSPECT=54/57"
P2|N6|F|UNIFORM|d90|p150,1,300,37,"C1A1T0I1F0","(1,1,1,0)","INSPECT","CUT=18/37;ASSEMBLE=24/37;INSPECT=30/37"
P2|N6|F|UNIFORM|d90|p150,2,400,32,"C1A1T0I2F0","(1,1,2,0)","ASSEMBLE","CUT=18/32;ASSEMBLE=24/32;INSPECT=30/64"
P2|N6|F|UNIFORM|d90|p150,3,450,28,"C1A1T0I1F1","(1,1,1,1)","CUT|ASSEMBLE+INSPECT","CUT=18/28;ASSEMBLE+INSPECT=54/84"
P2|N6|F|UNIFORM|d90|p150,4,480,27,"C1A0T1I2F0","(1,2,2,0)","CUT","CUT=18/27;ASSEMBLE=24/54;INSPECT=30/54"
P2|N6|F|UNIFORM|d90|p150,5,550,26,"C2A1T0I1F1","(2,1,1,1)","ASSEMBLE+INSPECT","CUT=18/52;ASSEMBLE+INSPECT=54/78"
P2|N6|F|UNIFORM|d90|p150,6,580,22,"C2A0T1I2F0","(2,2,2,0)","INSPECT","CUT=18/44;ASSEMBLE=24/44;INSPECT=30/44"
P2|N6|F|UNIFORM|d90|p150,7,680,21,"C2A0T1I3F0","(2,2,3,0)","ASSEMBLE","CUT=18/42;ASSEMBLE=24/42;INSPECT=30/63"
P2|N6|F|UNIFORM|d90|p150,8,730,20,"C2A0T1I2F1","(2,2,2,1)","ASSEMBLE+INSPECT","CUT=18/40;ASSEMBLE+INSPECT=54/100"
P2|N6|F|UNIFORM|d90|p150,9,830,19,"C2A0T1I3F1","(2,2,3,1)","CUT|ASSEMBLE+INSPECT","CUT=18/38;ASSEMBLE+INSPECT=54/114"
P2|N6|F|UNIFORM|d90|p150,10,880,17,"C3A1T1I3F0","(3,3,3,0)","INSPECT","CUT=18/51;ASSEMBLE=24/51;INSPECT=30/51"
P2|N6|F|UNIFORM|d90|p150,11,1050,16,"C3A0T0I3F3","(3,0,3,3)","ASSEMBLE+INSPECT","CUT=18/48;ASSEMBLE+INSPECT=54/96"
P2|N6|F|UNIFORM|d90|p150,12,1330,15,"C3A1T1I3F3","(3,3,3,3)","CUT|ASSEMBLE+INSPECT","CUT=18/45;ASSEMBLE+INSPECT=54/135"
P2|N6|F|UNIFORM|d90|p200,0,300,37,"C1A1T0I1F0","(1,1,1,0)","INSPECT","CUT=18/37;ASSEMBLE=24/37;INSPECT=30/37"
P2|N6|F|UNIFORM|d90|p200,1,400,32,"C1A1T0I2F0","(1,1,2,0)","ASSEMBLE","CUT=18/32;ASSEMBLE=24/32;INSPECT=30/64"
P2|N6|F|UNIFORM|d90|p200,2,480,27,"C1A0T1I2F0","(1,2,2,0)","CUT","CUT=18/27;ASSEMBLE=24/54;INSPECT=30/54"
P2|N6|F|UNIFORM|d90|p200,3,580,22,"C2A0T1I2F0","(2,2,2,0)","INSPECT","CUT=18/44;ASSEMBLE=24/44;INSPECT=30/44"
P2|N6|F|UNIFORM|d90|p200,4,680,21,"C2A0T1I3F0","(2,2,3,0)","ASSEMBLE","CUT=18/42;ASSEMBLE=24/42;INSPECT=30/63"
P2|N6|F|UNIFORM|d90|p200,5,780,20,"C2A0T1I2F1 C2A0T1I4F0 C2A1T1I3F0","(2,2,2,1) (2,2,4,0) (2,3,3,0)","ASSEMBLE+INSPECT ASSEMBLE INSPECT","CUT=18/40;ASSEMBLE+INSPECT=54/100 CUT=18/40;ASSEMBLE=24/40;INSPECT=30/80 CUT=18/40;ASSEMBLE=24/60;INSPECT=30/60"
P2|N6|F|UNIFORM|d90|p200,6,880,17,"C3A1T1I3F0","(3,3,3,0)","INSPECT","CUT=18/51;ASSEMBLE=24/51;INSPECT=30/51"
P2|N6|F|UNIFORM|d90|p200,7,1200,16,"C3A0T0I3F3 C3A1T0I4F2","(3,0,3,3) (3,1,4,2)","ASSEMBLE+INSPECT ASSEMBLE+INSPECT","CUT=18/48;ASSEMBLE+INSPECT=54/96 CUT=18/48;ASSEMBLE+INSPECT=54/112"
P2|N6|F|UNIFORM|d90|p200,8,1460,15,"C3A0T2I4F2","(3,4,4,2)","CUT","CUT=18/45;ASSEMBLE+INSPECT=54/150"
P2|N6|F|UNIFORM|d100|p100,0,200,57,"C1A0T0I0F1","(1,0,0,1)","ASSEMBLE+INSPECT","CUT=18/57;ASSEMBLE+INSPECT=54/57"
P2|N6|F|UNIFORM|d100|p100,1,300,33,"C1A0T0I0F2","(1,0,0,2)","ASSEMBLE+INSPECT","CUT=18/33;ASSEMBLE+INSPECT=54/66"
P2|N6|F|UNIFORM|d100|p100,2,400,27,"C1A0T0I0F3","(1,0,0,3)","CUT|ASSEMBLE+INSPECT","CUT=18/27;ASSEMBLE+INSPECT=54/81"
P2|N6|F|UNIFORM|d100|p100,3,500,24,"C2A0T0I0F3","(2,0,0,3)","ASSEMBLE+INSPECT","CUT=18/48;ASSEMBLE+INSPECT=54/72"
P2|N6|F|UNIFORM|d100|p100,4,600,21,"C2A1T0I1F2 C3A0T0I0F3","(2,1,1,2) (3,0,0,3)","ASSEMBLE+INSPECT ASSEMBLE+INSPECT","CUT=18/42;ASSEMBLE+INSPECT=54/84 CUT=18/63;ASSEMBLE+INSPECT=54/63"
P2|N6|F|UNIFORM|d100|p100,5,700,20,"C2A0T1I0F3 C2A0T1I1F2 C2A0T1I2F1 C2A1T0I2F2 C2A2T0I0F3 C2A2T0I1F2 C2A2T0I2F1 C3A1T0I0F3","(2,2,0,3) (2,2,1,2) (2,2,2,1) (2,1,2,2) (2,2,0,3) (2,2,1,2) (2,2,2,1) (3,1,0,3)","ASSEMBLE+INSPECT ASSEMBLE+INSPECT ASSEMBLE+INSPECT ASSEMBLE+INSPECT ASSEMBLE+INSPECT ASSEMBLE+INSPECT ASSEMBLE+INSPECT ASSEMBLE+INSPECT","CUT=18/40;ASSEMBLE+INSPECT=54/100 CUT=18/40;ASSEMBLE+INSPECT=54/100 CUT=18/40;ASSEMBLE+INSPECT=54/100 CUT=18/40;ASSEMBLE+INSPECT=54/100 CUT=18/40;ASSEMBLE+INSPECT=54/100 CUT=18/40;ASSEMBLE+INSPECT=54/100 CUT=18/40;ASSEMBLE+INSPECT=54/100 CUT=18/60;ASSEMBLE+INSPECT=54/80"
P2|N6|F|UNIFORM|d100|p100,6,800,18,"C2A0T1I1F3 C2A0T1I2F2 C2A1T0I2F3 C2A2T0I1F3 C2A2T0I2F2","(2,2,1,3) (2,2,2,2) (2,1,2,3) (2,2,1,3) (2,2,2,2)","CUT|ASSEMBLE+INSPECT CUT|ASSEMBLE+INSPECT CUT|ASSEMBLE+INSPECT CUT|ASSEMBLE+INSPECT CUT|ASSEMBLE+INSPECT","CUT=18/36;ASSEMBLE+INSPECT=54/108 CUT=18/36;ASSEMBLE+INSPECT=54/108 CUT=18/36;ASSEMBLE+INSPECT=54/108 CUT=18/36;ASSEMBLE+INSPECT=54/108 CUT=18/36;ASSEMBLE+INSPECT=54/108"
P2|N6|F|UNIFORM|d100|p100,7,900,16,"C3A0T0I3F3","(3,0,3,3)","ASSEMBLE+INSPECT","CUT=18/48;ASSEMBLE+INSPECT=54/96"
P2|N6|F|UNIFORM|d100|p100,8,1200,15,"C3A1T1I3F3 C3A3T0I3F3","(3,3,3,3) (3,3,3,3)","CUT|ASSEMBLE+INSPECT CUT|ASSEMBLE+INSPECT","CUT=18/45;ASSEMBLE+INSPECT=54/135 CUT=18/45;ASSEMBLE+INSPECT=54/135"
P2|N6|F|UNIFORM|d100|p125,0,225,57,"C1A0T0I0F1","(1,0,0,1)","ASSEMBLE+INSPECT","CUT=18/57;ASSEMBLE+INSPECT=54/57"
P2|N6|F|UNIFORM|d100|p125,1,300,37,"C1A1T0I1F0","(1,1,1,0)","INSPECT","CUT=18/37;ASSEMBLE=24/37;INSPECT=30/37"
P2|N6|F|UNIFORM|d100|p125,2,350,33,"C1A0T0I0F2","(1,0,0,2)","ASSEMBLE+INSPECT","CUT=18/33;ASSEMBLE+INSPECT=54/66"
P2|N6|F|UNIFORM|d100|p125,3,400,32,"C1A1T0I2F0","(1,1,2,0)","ASSEMBLE","CUT=18/32;ASSEMBLE=24/32;INSPECT=30/64"
P2|N6|F|UNIFORM|d100|p125,4,425,28,"C1A1T0I1F1","(1,1,1,1)","CUT|ASSEMBLE+INSPECT","CUT=18/28;ASSEMBLE+INSPECT=54/84"
P2|N6|F|UNIFORM|d100|p125,5,475,27,"C1A0T0I0F3","(1,0,0,3)","CUT|ASSEMBLE+INSPECT","CUT=18/27;ASSEMBLE+INSPECT=54/81"
P2|N6|F|UNIFORM|d100|p125,6,525,26,"C2A1T0I1F1","(2,1,1,1)","ASSEMBLE+INSPECT","CUT=18/52;ASSEMBLE+INSPECT=54/78"
P2|N6|F|UNIFORM|d100|p125,7,550,25,"C2A0T0I1F2","(2,0,1,2)","ASSEMBLE+INSPECT","CUT=18/50;ASSEMBLE+INSPECT=54/75"
P2|N6|F|UNIFORM|d100|p125,8,575,24,"C2A0T0I0F3","(2,0,0,3)","ASSEMBLE+INSPECT","CUT=18/48;ASSEMBLE+INSPECT=54/72"
P2|N6|F|UNIFORM|d100|p125,9,600,22,"C2A0T1I2F0 C2A2T0I2F0","(2,2,2,0) (2,2,2,0)","INSPECT INSPECT","CUT=18/44;ASSEMBLE=24/44;INSPECT=30/44 CUT=18/44;ASSEMBLE=24/44;INSPECT=30/44"
P2|N6|F|UNIFORM|d100|p125,10,650,21,"C2A1T0I1F2","(2,1,1,2)","ASSEMBLE+INSPECT","CUT=18/42;ASSEMBLE+INSPECT=54/84"
P2|N6|F|UNIFORM|d100|p125,11,725,20,"C2A0T1I2F1 C2A2T0I2F1","(2,2,2,1) (2,2,2,1)","ASSEMBLE+INSPECT ASSEMBLE+INSPECT","CUT=18/40;ASSEMBLE+INSPECT=54/100 CUT=18/40;ASSEMBLE+INSPECT=54/100"
P2|N6|F|UNIFORM|d100|p125,12,825,19,"C2A0T1I3F1 C2A2T0I3F1","(2,2,3,1) (2,2,3,1)","CUT|ASSEMBLE+INSPECT CUT|ASSEMBLE+INSPECT","CUT=18/38;ASSEMBLE+INSPECT=54/114 CUT=18/38;ASSEMBLE+INSPECT=54/114"
P2|N6|F|UNIFORM|d100|p125,13,850,18,"C2A0T1I2F2 C2A2T0I2F2","(2,2,2,2) (2,2,2,2)","CUT|ASSEMBLE+INSPECT CUT|ASSEMBLE+INSPECT","CUT=18/36;ASSEMBLE+INSPECT=54/108 CUT=18/36;ASSEMBLE+INSPECT=54/108"
P2|N6|F|UNIFORM|d100|p125,14,900,17,"C3A1T1I3F0 C3A3T0I3F0","(3,3,3,0) (3,3,3,0)","INSPECT INSPECT","CUT=18/51;ASSEMBLE=24/51;INSPECT=30/51 CUT=18/51;ASSEMBLE=24/51;INSPECT=30/51"
P2|N6|F|UNIFORM|d100|p125,15,975,16,"C3A0T0I3F3","(3,0,3,3)","ASSEMBLE+INSPECT","CUT=18/48;ASSEMBLE+INSPECT=54/96"
P2|N6|F|UNIFORM|d100|p125,16,1275,15,"C3A1T1I3F3 C3A3T0I3F3","(3,3,3,3) (3,3,3,3)","CUT|ASSEMBLE+INSPECT CUT|ASSEMBLE+INSPECT","CUT=18/45;ASSEMBLE+INSPECT=54/135 CUT=18/45;ASSEMBLE+INSPECT=54/135"
P2|N6|F|UNIFORM|d100|p150,0,250,57,"C1A0T0I0F1","(1,0,0,1)","ASSEMBLE+INSPECT","CUT=18/57;ASSEMBLE+INSPECT=54/57"
P2|N6|F|UNIFORM|d100|p150,1,300,37,"C1A1T0I1F0","(1,1,1,0)","INSPECT","CUT=18/37;ASSEMBLE=24/37;INSPECT=30/37"
P2|N6|F|UNIFORM|d100|p150,2,400,32,"C1A1T0I2F0","(1,1,2,0)","ASSEMBLE","CUT=18/32;ASSEMBLE=24/32;INSPECT=30/64"
P2|N6|F|UNIFORM|d100|p150,3,450,28,"C1A1T0I1F1","(1,1,1,1)","CUT|ASSEMBLE+INSPECT","CUT=18/28;ASSEMBLE+INSPECT=54/84"
P2|N6|F|UNIFORM|d100|p150,4,500,27,"C1A0T1I2F0 C1A2T0I2F0","(1,2,2,0) (1,2,2,0)","CUT CUT","CUT=18/27;ASSEMBLE=24/54;INSPECT=30/54 CUT=18/27;ASSEMBLE=24/54;INSPECT=30/54"
P2|N6|F|UNIFORM|d100|p150,5,550,26,"C2A1T0I1F1","(2,1,1,1)","ASSEMBLE+INSPECT","CUT=18/52;ASSEMBLE+INSPECT=54/78"
P2|N6|F|UNIFORM|d100|p150,6,600,22,"C2A0T1I2F0 C2A2T0I2F0","(2,2,2,0) (2,2,2,0)","INSPECT INSPECT","CUT=18/44;ASSEMBLE=24/44;INSPECT=30/44 CUT=18/44;ASSEMBLE=24/44;INSPECT=30/44"
P2|N6|F|UNIFORM|d100|p150,7,700,21,"C2A0T1I3F0 C2A1T0I1F2 C2A2T0I3F0","(2,2,3,0) (2,1,1,2) (2,2,3,0)","ASSEMBLE ASSEMBLE+INSPECT ASSEMBLE","CUT=18/42;ASSEMBLE=24/42;INSPECT=30/63 CUT=18/42;ASSEMBLE+INSPECT=54/84 CUT=18/42;ASSEMBLE=24/42;INSPECT=30/63"
P2|N6|F|UNIFORM|d100|p150,8,750,20,"C2A0T1I2F1 C2A2T0I2F1","(2,2,2,1) (2,2,2,1)","ASSEMBLE+INSPECT ASSEMBLE+INSPECT","CUT=18/40;ASSEMBLE+INSPECT=54/100 CUT=18/40;ASSEMBLE+INSPECT=54/100"
P2|N6|F|UNIFORM|d100|p150,9,850,19,"C2A0T1I3F1 C2A2T0I3F1","(2,2,3,1) (2,2,3,1)","CUT|ASSEMBLE+INSPECT CUT|ASSEMBLE+INSPECT","CUT=18/38;ASSEMBLE+INSPECT=54/114 CUT=18/38;ASSEMBLE+INSPECT=54/114"
P2|N6|F|UNIFORM|d100|p150,10,900,17,"C3A1T1I3F0 C3A3T0I3F0","(3,3,3,0) (3,3,3,0)","INSPECT INSPECT","CUT=18/51;ASSEMBLE=24/51;INSPECT=30/51 CUT=18/51;ASSEMBLE=24/51;INSPECT=30/51"
P2|N6|F|UNIFORM|d100|p150,11,1050,16,"C3A0T0I3F3","(3,0,3,3)","ASSEMBLE+INSPECT","CUT=18/48;ASSEMBLE+INSPECT=54/96"
P2|N6|F|UNIFORM|d100|p150,12,1350,15,"C3A1T1I3F3 C3A3T0I3F3","(3,3,3,3) (3,3,3,3)","CUT|ASSEMBLE+INSPECT CUT|ASSEMBLE+INSPECT","CUT=18/45;ASSEMBLE+INSPECT=54/135 CUT=18/45;ASSEMBLE+INSPECT=54/135"
P2|N6|F|UNIFORM|d100|p200,0,300,37,"C1A1T0I1F0","(1,1,1,0)","INSPECT","CUT=18/37;ASSEMBLE=24/37;INSPECT=30/37"
P2|N6|F|UNIFORM|d100|p200,1,400,32,"C1A1T0I2F0","(1,1,2,0)","ASSEMBLE","CUT=18/32;ASSEMBLE=24/32;INSPECT=30/64"
P2|N6|F|UNIFORM|d100|p200,2,500,27,"C1A0T1I2F0 C1A2T0I2F0","(1,2,2,0) (1,2,2,0)","CUT CUT","CUT=18/27;ASSEMBLE=24/54;INSPECT=30/54 CUT=18/27;ASSEMBLE=24/54;INSPECT=30/54"
P2|N6|F|UNIFORM|d100|p200,3,600,22,"C2A0T1I2F0 C2A2T0I2F0","(2,2,2,0) (2,2,2,0)","INSPECT INSPECT","CUT=18/44;ASSEMBLE=24/44;INSPECT=30/44 CUT=18/44;ASSEMBLE=24/44;INSPECT=30/44"
P2|N6|F|UNIFORM|d100|p200,4,700,21,"C2A0T1I3F0 C2A2T0I3F0","(2,2,3,0) (2,2,3,0)","ASSEMBLE ASSEMBLE","CUT=18/42;ASSEMBLE=24/42;INSPECT=30/63 CUT=18/42;ASSEMBLE=24/42;INSPECT=30/63"
P2|N6|F|UNIFORM|d100|p200,5,800,20,"C2A0T1I2F1 C2A0T1I4F0 C2A1T1I3F0 C2A2T0I2F1 C2A2T0I4F0 C2A3T0I3F0","(2,2,2,1) (2,2,4,0) (2,3,3,0) (2,2,2,1) (2,2,4,0) (2,3,3,0)","ASSEMBLE+INSPECT ASSEMBLE INSPECT ASSEMBLE+INSPECT ASSEMBLE INSPECT","CUT=18/40;ASSEMBLE+INSPECT=54/100 CUT=18/40;ASSEMBLE=24/40;INSPECT=30/80 CUT=18/40;ASSEMBLE=24/60;INSPECT=30/60 CUT=18/40;ASSEMBLE+INSPECT=54/100 CUT=18/40;ASSEMBLE=24/40;INSPECT=30/80 CUT=18/40;ASSEMBLE=24/60;INSPECT=30/60"
P2|N6|F|UNIFORM|d100|p200,6,900,17,"C3A1T1I3F0 C3A3T0I3F0","(3,3,3,0) (3,3,3,0)","INSPECT INSPECT","CUT=18/51;ASSEMBLE=24/51;INSPECT=30/51 CUT=18/51;ASSEMBLE=24/51;INSPECT=30/51"
P2|N6|F|UNIFORM|d100|p200,7,1200,16,"C3A0T0I3F3 C3A1T0I4F2","(3,0,3,3) (3,1,4,2)","ASSEMBLE+INSPECT ASSEMBLE+INSPECT","CUT=18/48;ASSEMBLE+INSPECT=54/96 CUT=18/48;ASSEMBLE+INSPECT=54/112"
P2|N6|F|UNIFORM|d100|p200,8,1500,15,"C3A0T2I4F2 C3A1T1I3F3 C3A2T1I4F2 C3A3T0I3F3 C3A4T0I4F2","(3,4,4,2) (3,3,3,3) (3,4,4,2) (3,3,3,3) (3,4,4,2)","CUT CUT|ASSEMBLE+INSPECT CUT CUT|ASSEMBLE+INSPECT CUT","CUT=18/45;ASSEMBLE+INSPECT=54/150 CUT=18/45;ASSEMBLE+INSPECT=54/135 CUT=18/45;ASSEMBLE+INSPECT=54/150 CUT=18/45;ASSEMBLE+INSPECT=54/135 CUT=18/45;ASSEMBLE+INSPECT=54/150"
P2|N6|F|WORK|d75|p100,0,400,57,"C1A0T0I0F1","(1,0,0,1)","ASSEMBLE+INSPECT","CUT=18/57;ASSEMBLE+INSPECT=54/57"
P2|N6|F|WORK|d75|p100,1,600,37,"C1A1T0I1F0","(1,1,1,0)","INSPECT","CUT=18/37;ASSEMBLE=24/37;INSPECT=30/37"
P2|N6|F|WORK|d75|p100,2,650,33,"C1A0T0I0F2","(1,0,0,2)","ASSEMBLE+INSPECT","CUT=18/33;ASSEMBLE+INSPECT=54/66"
P2|N6|F|WORK|d75|p100,3,800,30,"C2A0T0I0F2","(2,0,0,2)","ASSEMBLE+INSPECT","CUT=18/60;ASSEMBLE+INSPECT=54/60"
P2|N6|F|WORK|d75|p100,4,850,28,"C1A1T0I0F2 C1A1T0I1F1","(1,1,0,2) (1,1,1,1)","CUT|ASSEMBLE+INSPECT CUT|ASSEMBLE+INSPECT","CUT=18/28;ASSEMBLE+INSPECT=54/84 CUT=18/28;ASSEMBLE+INSPECT=54/84"
P2|N6|F|WORK|d75|p100,5,900,27,"C1A0T0I0F3","(1,0,0,3)","CUT|ASSEMBLE+INSPECT","CUT=18/27;ASSEMBLE+INSPECT=54/81"
P2|N6|F|WORK|d75|p100,6,1000,26,"C2A1T0I1F1","(2,1,1,1)","ASSEMBLE+INSPECT","CUT=18/52;ASSEMBLE+INSPECT=54/78"
P2|N6|F|WORK|d75|p100,7,1050,24,"C2A0T0I0F3","(2,0,0,3)","ASSEMBLE+INSPECT","CUT=18/48;ASSEMBLE+INSPECT=54/72"
P2|N6|F|WORK|d75|p100,8,1100,22,"C2A0T1I2F0","(2,2,2,0)","INSPECT","CUT=18/44;ASSEMBLE=24/44;INSPECT=30/44"
P2|N6|F|WORK|d75|p100,9,1200,21,"C3A0T0I0F3","(3,0,0,3)","ASSEMBLE+INSPECT","CUT=18/63;ASSEMBLE+INSPECT=54/63"
P2|N6|F|WORK|d75|p100,10,1350,20,"C2A0T1I0F3 C2A0T1I1F2 C2A0T1I2F1","(2,2,0,3) (2,2,1,2) (2,2,2,1)","ASSEMBLE+INSPECT ASSEMBLE+INSPECT ASSEMBLE+INSPECT","CUT=18/40;ASSEMBLE+INSPECT=54/100 CUT=18/40;ASSEMBLE+INSPECT=54/100 CUT=18/40;ASSEMBLE+INSPECT=54/100"
P2|N6|F|WORK|d75|p100,11,1600,18,"C2A0T1I1F3 C2A0T1I2F2","(2,2,1,3) (2,2,2,2)","CUT|ASSEMBLE+INSPECT CUT|ASSEMBLE+INSPECT","CUT=18/36;ASSEMBLE+INSPECT=54/108 CUT=18/36;ASSEMBLE+INSPECT=54/108"
P2|N6|F|WORK|d75|p100,12,1650,17,"C4A0T1I1F2","(4,2,1,2)","ASSEMBLE+INSPECT","CUT=18/68;ASSEMBLE+INSPECT=54/85"
P2|N6|F|WORK|d75|p100,13,1950,16,"C3A0T0I3F3","(3,0,3,3)","ASSEMBLE+INSPECT","CUT=18/48;ASSEMBLE+INSPECT=54/96"
P2|N6|F|WORK|d75|p100,14,2450,15,"C3A1T1I3F3","(3,3,3,3)","CUT|ASSEMBLE+INSPECT","CUT=18/45;ASSEMBLE+INSPECT=54/135"
P2|N6|F|WORK|d75|p125,0,463,57,"C1A0T0I0F1","(1,0,0,1)","ASSEMBLE+INSPECT","CUT=18/57;ASSEMBLE+INSPECT=54/57"
P2|N6|F|WORK|d75|p125,1,600,37,"C1A1T0I1F0","(1,1,1,0)","INSPECT","CUT=18/37;ASSEMBLE=24/37;INSPECT=30/37"
P2|N6|F|WORK|d75|p125,2,776,33,"C1A0T0I0F2","(1,0,0,2)","ASSEMBLE+INSPECT","CUT=18/33;ASSEMBLE+INSPECT=54/66"
P2|N6|F|WORK|d75|p125,3,850,32,"C1A1T0I2F0","(1,1,2,0)","ASSEMBLE","CUT=18/32;ASSEMBLE=24/32;INSPECT=30/64"
P2|N6|F|WORK|d75|p125,4,913,28,"C1A1T0I1F1","(1,1,1,1)","CUT|ASSEMBLE+INSPECT","CUT=18/28;ASSEMBLE+INSPECT=54/84"
P2|N6|F|WORK|d75|p125,5,950,27,"C1A0T1I2F0","(1,2,2,0)","CUT","CUT=18/27;ASSEMBLE=24/54;INSPECT=30/54"
P2|N6|F|WORK|d75|p125,6,1063,26,"C2A1T0I1F1","(2,1,1,1)","ASSEMBLE+INSPECT","CUT=18/52;ASSEMBLE+INSPECT=54/78"
P2|N6|F|WORK|d75|p125,7,1100,22,"C2A0T1I2F0","(2,2,2,0)","INSPECT","CUT=18/44;ASSEMBLE=24/44;INSPECT=30/44"
P2|N6|F|WORK|d75|p125,8,1350,21,"C2A0T1I3F0","(2,2,3,0)","ASSEMBLE","CUT=18/42;ASSEMBLE=24/42;INSPECT=30/63"
P2|N6|F|WORK|d75|p125,9,1413,20,"C2A0T1I2F1","(2,2,2,1)","ASSEMBLE+INSPECT","CUT=18/40;ASSEMBLE+INSPECT=54/100"
P2|N6|F|WORK|d75|p125,10,1663,19,"C2A0T1I3F1","(2,2,3,1)","CUT|ASSEMBLE+INSPECT","CUT=18/38;ASSEMBLE+INSPECT=54/114"
P2|N6|F|WORK|d75|p125,11,1700,17,"C3A1T1I3F0","(3,3,3,0)","INSPECT","CUT=18/51;ASSEMBLE=24/51;INSPECT=30/51"
P2|N6|F|WORK|d75|p125,12,2139,16,"C3A0T0I3F3","(3,0,3,3)","ASSEMBLE+INSPECT","CUT=18/48;ASSEMBLE+INSPECT=54/96"
P2|N6|F|WORK|d75|p125,13,2639,15,"C3A1T1I3F3","(3,3,3,3)","CUT|ASSEMBLE+INSPECT","CUT=18/45;ASSEMBLE+INSPECT=54/135"
P2|N6|F|WORK|d75|p150,0,525,57,"C1A0T0I0F1","(1,0,0,1)","ASSEMBLE+INSPECT","CUT=18/57;ASSEMBLE+INSPECT=54/57"
P2|N6|F|WORK|d75|p150,1,600,37,"C1A1T0I1F0","(1,1,1,0)","INSPECT","CUT=18/37;ASSEMBLE=24/37;INSPECT=30/37"
P2|N6|F|WORK|d75|p150,2,850,32,"C1A1T0I2F0","(1,1,2,0)","ASSEMBLE","CUT=18/32;ASSEMBLE=24/32;INSPECT=30/64"
P2|N6|F|WORK|d75|p150,3,950,27,"C1A0T1I2F0","(1,2,2,0)","CUT","CUT=18/27;ASSEMBLE=24/54;INSPECT=30/54"
P2|N6|F|WORK|d75|p150,4,1100,22,"C2A0T1I2F0","(2,2,2,0)","INSPECT","CUT=18/44;ASSEMBLE=24/44;INSPECT=30/44"
P2|N6|F|WORK|d75|p150,5,1350,21,"C2A0T1I3F0","(2,2,3,0)","ASSEMBLE","CUT=18/42;ASSEMBLE=24/42;INSPECT=30/63"
P2|N6|F|WORK|d75|p150,6,1475,20,"C2A0T1I2F1","(2,2,2,1)","ASSEMBLE+INSPECT","CUT=18/40;ASSEMBLE+INSPECT=54/100"
P2|N6|F|WORK|d75|p150,7,1700,17,"C3A1T1I3F0","(3,3,3,0)","INSPECT","CUT=18/51;ASSEMBLE=24/51;INSPECT=30/51"
P2|N6|F|WORK|d75|p150,8,2325,16,"C3A0T0I3F3","(3,0,3,3)","ASSEMBLE+INSPECT","CUT=18/48;ASSEMBLE+INSPECT=54/96"
P2|N6|F|WORK|d75|p150,9,2800,15,"C3A0T2I4F2","(3,4,4,2)","CUT","CUT=18/45;ASSEMBLE+INSPECT=54/150"
P2|N6|F|WORK|d75|p200,0,600,37,"C1A1T0I1F0","(1,1,1,0)","INSPECT","CUT=18/37;ASSEMBLE=24/37;INSPECT=30/37"
P2|N6|F|WORK|d75|p200,1,850,32,"C1A1T0I2F0","(1,1,2,0)","ASSEMBLE","CUT=18/32;ASSEMBLE=24/32;INSPECT=30/64"
P2|N6|F|WORK|d75|p200,2,950,27,"C1A0T1I2F0","(1,2,2,0)","CUT","CUT=18/27;ASSEMBLE=24/54;INSPECT=30/54"
P2|N6|F|WORK|d75|p200,3,1100,22,"C2A0T1I2F0","(2,2,2,0)","INSPECT","CUT=18/44;ASSEMBLE=24/44;INSPECT=30/44"
P2|N6|F|WORK|d75|p200,4,1350,21,"C2A0T1I3F0","(2,2,3,0)","ASSEMBLE","CUT=18/42;ASSEMBLE=24/42;INSPECT=30/63"
P2|N6|F|WORK|d75|p200,5,1550,20,"C2A1T1I3F0","(2,3,3,0)","INSPECT","CUT=18/40;ASSEMBLE=24/60;INSPECT=30/60"
P2|N6|F|WORK|d75|p200,6,1700,17,"C3A1T1I3F0","(3,3,3,0)","INSPECT","CUT=18/51;ASSEMBLE=24/51;INSPECT=30/51"
P2|N6|F|WORK|d75|p200,7,2650,16,"C3A1T0I4F2","(3,1,4,2)","ASSEMBLE+INSPECT","CUT=18/48;ASSEMBLE+INSPECT=54/112"
P2|N6|F|WORK|d75|p200,8,3050,15,"C3A0T2I4F2","(3,4,4,2)","CUT","CUT=18/45;ASSEMBLE+INSPECT=54/150"
P2|N6|F|WORK|d90|p100,0,400,57,"C1A0T0I0F1","(1,0,0,1)","ASSEMBLE+INSPECT","CUT=18/57;ASSEMBLE+INSPECT=54/57"
P2|N6|F|WORK|d90|p100,1,600,37,"C1A1T0I1F0","(1,1,1,0)","INSPECT","CUT=18/37;ASSEMBLE=24/37;INSPECT=30/37"
P2|N6|F|WORK|d90|p100,2,650,33,"C1A0T0I0F2","(1,0,0,2)","ASSEMBLE+INSPECT","CUT=18/33;ASSEMBLE+INSPECT=54/66"
P2|N6|F|WORK|d90|p100,3,800,30,"C2A0T0I0F2","(2,0,0,2)","ASSEMBLE+INSPECT","CUT=18/60;ASSEMBLE+INSPECT=54/60"
P2|N6|F|WORK|d90|p100,4,850,28,"C1A1T0I0F2 C1A1T0I1F1","(1,1,0,2) (1,1,1,1)","CUT|ASSEMBLE+INSPECT CUT|ASSEMBLE+INSPECT","CUT=18/28;ASSEMBLE+INSPECT=54/84 CUT=18/28;ASSEMBLE+INSPECT=54/84"
P2|N6|F|WORK|d90|p100,5,900,27,"C1A0T0I0F3","(1,0,0,3)","CUT|ASSEMBLE+INSPECT","CUT=18/27;ASSEMBLE+INSPECT=54/81"
P2|N6|F|WORK|d90|p100,6,1000,26,"C2A1T0I1F1","(2,1,1,1)","ASSEMBLE+INSPECT","CUT=18/52;ASSEMBLE+INSPECT=54/78"
P2|N6|F|WORK|d90|p100,7,1050,24,"C2A0T0I0F3","(2,0,0,3)","ASSEMBLE+INSPECT","CUT=18/48;ASSEMBLE+INSPECT=54/72"
P2|N6|F|WORK|d90|p100,8,1160,22,"C2A0T1I2F0","(2,2,2,0)","INSPECT","CUT=18/44;ASSEMBLE=24/44;INSPECT=30/44"
P2|N6|F|WORK|d90|p100,9,1200,21,"C3A0T0I0F3","(3,0,0,3)","ASSEMBLE+INSPECT","CUT=18/63;ASSEMBLE+INSPECT=54/63"
P2|N6|F|WORK|d90|p100,10,1400,20,"C3A1T0I0F3","(3,1,0,3)","ASSEMBLE+INSPECT","CUT=18/60;ASSEMBLE+INSPECT=54/80"
P2|N6|F|WORK|d90|p100,11,1660,18,"C2A0T1I1F3 C2A0T1I2F2","(2,2,1,3) (2,2,2,2)","CUT|ASSEMBLE+INSPECT CUT|ASSEMBLE+INSPECT","CUT=18/36;ASSEMBLE+INSPECT=54/108 CUT=18/36;ASSEMBLE+INSPECT=54/108"
P2|N6|F|WORK|d90|p100,12,1710,17,"C4A0T1I1F2","(4,2,1,2)","ASSEMBLE+INSPECT","CUT=18/68;ASSEMBLE+INSPECT=54/85"
P2|N6|F|WORK|d90|p100,13,1950,16,"C3A0T0I3F3","(3,0,3,3)","ASSEMBLE+INSPECT","CUT=18/48;ASSEMBLE+INSPECT=54/96"
P2|N6|F|WORK|d90|p100,14,2510,15,"C3A1T1I3F3","(3,3,3,3)","CUT|ASSEMBLE+INSPECT","CUT=18/45;ASSEMBLE+INSPECT=54/135"
P2|N6|F|WORK|d90|p125,0,463,57,"C1A0T0I0F1","(1,0,0,1)","ASSEMBLE+INSPECT","CUT=18/57;ASSEMBLE+INSPECT=54/57"
P2|N6|F|WORK|d90|p125,1,600,37,"C1A1T0I1F0","(1,1,1,0)","INSPECT","CUT=18/37;ASSEMBLE=24/37;INSPECT=30/37"
P2|N6|F|WORK|d90|p125,2,776,33,"C1A0T0I0F2","(1,0,0,2)","ASSEMBLE+INSPECT","CUT=18/33;ASSEMBLE+INSPECT=54/66"
P2|N6|F|WORK|d90|p125,3,850,32,"C1A1T0I2F0","(1,1,2,0)","ASSEMBLE","CUT=18/32;ASSEMBLE=24/32;INSPECT=30/64"
P2|N6|F|WORK|d90|p125,4,913,28,"C1A1T0I1F1","(1,1,1,1)","CUT|ASSEMBLE+INSPECT","CUT=18/28;ASSEMBLE+INSPECT=54/84"
P2|N6|F|WORK|d90|p125,5,1010,27,"C1A0T1I2F0","(1,2,2,0)","CUT","CUT=18/27;ASSEMBLE=24/54;INSPECT=30/54"
P2|N6|F|WORK|d90|p125,6,1063,26,"C2A1T0I1F1","(2,1,1,1)","ASSEMBLE+INSPECT","CUT=18/52;ASSEMBLE+INSPECT=54/78"
P2|N6|F|WORK|d90|p125,7,1160,22,"C2A0T1I2F0","(2,2,2,0)","INSPECT","CUT=18/44;ASSEMBLE=24/44;INSPECT=30/44"
P2|N6|F|WORK|d90|p125,8,1376,21,"C2A1T0I1F2","(2,1,1,2)","ASSEMBLE+INSPECT","CUT=18/42;ASSEMBLE+INSPECT=54/84"
P2|N6|F|WORK|d90|p125,9,1473,20,"C2A0T1I2F1","(2,2,2,1)","ASSEMBLE+INSPECT","CUT=18/40;ASSEMBLE+INSPECT=54/100"
P2|N6|F|WORK|d90|p125,10,1723,19,"C2A0T1I3F1","(2,2,3,1)","CUT|ASSEMBLE+INSPECT","CUT=18/38;ASSEMBLE+INSPECT=54/114"
P2|N6|F|WORK|d90|p125,11,1760,17,"C3A1T1I3F0","(3,3,3,0)","INSPECT","CUT=18/51;ASSEMBLE=24/51;INSPECT=30/51"
P2|N6|F|WORK|d90|p125,12,2139,16,"C3A0T0I3F3","(3,0,3,3)","ASSEMBLE+INSPECT","CUT=18/48;ASSEMBLE+INSPECT=54/96"
P2|N6|F|WORK|d90|p125,13,2699,15,"C3A1T1I3F3","(3,3,3,3)","CUT|ASSEMBLE+INSPECT","CUT=18/45;ASSEMBLE+INSPECT=54/135"
P2|N6|F|WORK|d90|p150,0,525,57,"C1A0T0I0F1","(1,0,0,1)","ASSEMBLE+INSPECT","CUT=18/57;ASSEMBLE+INSPECT=54/57"
P2|N6|F|WORK|d90|p150,1,600,37,"C1A1T0I1F0","(1,1,1,0)","INSPECT","CUT=18/37;ASSEMBLE=24/37;INSPECT=30/37"
P2|N6|F|WORK|d90|p150,2,850,32,"C1A1T0I2F0","(1,1,2,0)","ASSEMBLE","CUT=18/32;ASSEMBLE=24/32;INSPECT=30/64"
P2|N6|F|WORK|d90|p150,3,975,28,"C1A1T0I1F1","(1,1,1,1)","CUT|ASSEMBLE+INSPECT","CUT=18/28;ASSEMBLE+INSPECT=54/84"
P2|N6|F|WORK|d90|p150,4,1010,27,"C1A0T1I2F0","(1,2,2,0)","CUT","CUT=18/27;ASSEMBLE=24/54;INSPECT=30/54"
P2|N6|F|WORK|d90|p150,5,1125,26,"C2A1T0I1F1","(2,1,1,1)","ASSEMBLE+INSPECT","CUT=18/52;ASSEMBLE+INSPECT=54/78"
P2|N6|F|WORK|d90|p150,6,1160,22,"C2A0T1I2F0","(2,2,2,0)","INSPECT","CUT=18/44;ASSEMBLE=24/44;INSPECT=30/44"
P2|N6|F|WORK|d90|p150,7,1410,21,"C2A0T1I3F0","(2,2,3,0)","ASSEMBLE","CUT=18/42;ASSEMBLE=24/42;INSPECT=30/63"
P2|N6|F|WORK|d90|p150,8,1535,20,"C2A0T1I2F1","(2,2,2,1)","ASSEMBLE+INSPECT","CUT=18/40;ASSEMBLE+INSPECT=54/100"
P2|N6|F|WORK|d90|p150,9,1760,17,"C3A1T1I3F0","(3,3,3,0)","INSPECT","CUT=18/51;ASSEMBLE=24/51;INSPECT=30/51"
P2|N6|F|WORK|d90|p150,10,2325,16,"C3A0T0I3F3","(3,0,3,3)","ASSEMBLE+INSPECT","CUT=18/48;ASSEMBLE+INSPECT=54/96"
P2|N6|F|WORK|d90|p150,11,2885,15,"C3A1T1I3F3","(3,3,3,3)","CUT|ASSEMBLE+INSPECT","CUT=18/45;ASSEMBLE+INSPECT=54/135"
P2|N6|F|WORK|d90|p200,0,600,37,"C1A1T0I1F0","(1,1,1,0)","INSPECT","CUT=18/37;ASSEMBLE=24/37;INSPECT=30/37"
P2|N6|F|WORK|d90|p200,1,850,32,"C1A1T0I2F0","(1,1,2,0)","ASSEMBLE","CUT=18/32;ASSEMBLE=24/32;INSPECT=30/64"
P2|N6|F|WORK|d90|p200,2,1010,27,"C1A0T1I2F0","(1,2,2,0)","CUT","CUT=18/27;ASSEMBLE=24/54;INSPECT=30/54"
P2|N6|F|WORK|d90|p200,3,1160,22,"C2A0T1I2F0","(2,2,2,0)","INSPECT","CUT=18/44;ASSEMBLE=24/44;INSPECT=30/44"
P2|N6|F|WORK|d90|p200,4,1410,21,"C2A0T1I3F0","(2,2,3,0)","ASSEMBLE","CUT=18/42;ASSEMBLE=24/42;INSPECT=30/63"
P2|N6|F|WORK|d90|p200,5,1610,20,"C2A1T1I3F0","(2,3,3,0)","INSPECT","CUT=18/40;ASSEMBLE=24/60;INSPECT=30/60"
P2|N6|F|WORK|d90|p200,6,1760,17,"C3A1T1I3F0","(3,3,3,0)","INSPECT","CUT=18/51;ASSEMBLE=24/51;INSPECT=30/51"
P2|N6|F|WORK|d90|p200,7,2650,16,"C3A1T0I4F2","(3,1,4,2)","ASSEMBLE+INSPECT","CUT=18/48;ASSEMBLE+INSPECT=54/112"
P2|N6|F|WORK|d90|p200,8,3170,15,"C3A0T2I4F2","(3,4,4,2)","CUT","CUT=18/45;ASSEMBLE+INSPECT=54/150"
P2|N6|F|WORK|d100|p100,0,400,57,"C1A0T0I0F1","(1,0,0,1)","ASSEMBLE+INSPECT","CUT=18/57;ASSEMBLE+INSPECT=54/57"
P2|N6|F|WORK|d100|p100,1,600,37,"C1A1T0I1F0","(1,1,1,0)","INSPECT","CUT=18/37;ASSEMBLE=24/37;INSPECT=30/37"
P2|N6|F|WORK|d100|p100,2,650,33,"C1A0T0I0F2","(1,0,0,2)","ASSEMBLE+INSPECT","CUT=18/33;ASSEMBLE+INSPECT=54/66"
P2|N6|F|WORK|d100|p100,3,800,30,"C2A0T0I0F2","(2,0,0,2)","ASSEMBLE+INSPECT","CUT=18/60;ASSEMBLE+INSPECT=54/60"
P2|N6|F|WORK|d100|p100,4,850,28,"C1A1T0I0F2 C1A1T0I1F1","(1,1,0,2) (1,1,1,1)","CUT|ASSEMBLE+INSPECT CUT|ASSEMBLE+INSPECT","CUT=18/28;ASSEMBLE+INSPECT=54/84 CUT=18/28;ASSEMBLE+INSPECT=54/84"
P2|N6|F|WORK|d100|p100,5,900,27,"C1A0T0I0F3","(1,0,0,3)","CUT|ASSEMBLE+INSPECT","CUT=18/27;ASSEMBLE+INSPECT=54/81"
P2|N6|F|WORK|d100|p100,6,1000,26,"C2A1T0I1F1","(2,1,1,1)","ASSEMBLE+INSPECT","CUT=18/52;ASSEMBLE+INSPECT=54/78"
P2|N6|F|WORK|d100|p100,7,1050,24,"C2A0T0I0F3","(2,0,0,3)","ASSEMBLE+INSPECT","CUT=18/48;ASSEMBLE+INSPECT=54/72"
P2|N6|F|WORK|d100|p100,8,1200,21,"C3A0T0I0F3","(3,0,0,3)","ASSEMBLE+INSPECT","CUT=18/63;ASSEMBLE+INSPECT=54/63"
P2|N6|F|WORK|d100|p100,9,1400,20,"C3A1T0I0F3","(3,1,0,3)","ASSEMBLE+INSPECT","CUT=18/60;ASSEMBLE+INSPECT=54/80"
P2|N6|F|WORK|d100|p100,10,1700,18,"C2A0T1I1F3 C2A0T1I2F2 C2A2T0I1F3 C2A2T0I2F2","(2,2,1,3) (2,2,2,2) (2,2,1,3) (2,2,2,2)","CUT|ASSEMBLE+INSPECT CUT|ASSEMBLE+INSPECT CUT|ASSEMBLE+INSPECT CUT|ASSEMBLE+INSPECT","CUT=18/36;ASSEMBLE+INSPECT=54/108 CUT=18/36;ASSEMBLE+INSPECT=54/108 CUT=18/36;ASSEMBLE+INSPECT=54/108 CUT=18/36;ASSEMBLE+INSPECT=54/108"
P2|N6|F|WORK|d100|p100,11,1750,17,"C4A0T1I1F2 C4A2T0I1F2","(4,2,1,2) (4,2,1,2)","ASSEMBLE+INSPECT ASSEMBLE+INSPECT","CUT=18/68;ASSEMBLE+INSPECT=54/85 CUT=18/68;ASSEMBLE+INSPECT=54/85"
P2|N6|F|WORK|d100|p100,12,1950,16,"C3A0T0I3F3","(3,0,3,3)","ASSEMBLE+INSPECT","CUT=18/48;ASSEMBLE+INSPECT=54/96"
P2|N6|F|WORK|d100|p100,13,2550,15,"C3A1T1I3F3 C3A3T0I3F3","(3,3,3,3) (3,3,3,3)","CUT|ASSEMBLE+INSPECT CUT|ASSEMBLE+INSPECT","CUT=18/45;ASSEMBLE+INSPECT=54/135 CUT=18/45;ASSEMBLE+INSPECT=54/135"
P2|N6|F|WORK|d100|p125,0,463,57,"C1A0T0I0F1","(1,0,0,1)","ASSEMBLE+INSPECT","CUT=18/57;ASSEMBLE+INSPECT=54/57"
P2|N6|F|WORK|d100|p125,1,600,37,"C1A1T0I1F0","(1,1,1,0)","INSPECT","CUT=18/37;ASSEMBLE=24/37;INSPECT=30/37"
P2|N6|F|WORK|d100|p125,2,776,33,"C1A0T0I0F2","(1,0,0,2)","ASSEMBLE+INSPECT","CUT=18/33;ASSEMBLE+INSPECT=54/66"
P2|N6|F|WORK|d100|p125,3,850,32,"C1A1T0I2F0","(1,1,2,0)","ASSEMBLE","CUT=18/32;ASSEMBLE=24/32;INSPECT=30/64"
P2|N6|F|WORK|d100|p125,4,913,28,"C1A1T0I1F1","(1,1,1,1)","CUT|ASSEMBLE+INSPECT","CUT=18/28;ASSEMBLE+INSPECT=54/84"
P2|N6|F|WORK|d100|p125,5,1050,27,"C1A0T1I2F0 C1A2T0I2F0","(1,2,2,0) (1,2,2,0)","CUT CUT","CUT=18/27;ASSEMBLE=24/54;INSPECT=30/54 CUT=18/27;ASSEMBLE=24/54;INSPECT=30/54"
P2|N6|F|WORK|d100|p125,6,1063,26,"C2A1T0I1F1","(2,1,1,1)","ASSEMBLE+INSPECT","CUT=18/52;ASSEMBLE+INSPECT=54/78"
P2|N6|F|WORK|d100|p125,7,1176,25,"C2A0T0I1F2","(2,0,1,2)","ASSEMBLE+INSPECT","CUT=18/50;ASSEMBLE+INSPECT=54/75"
P2|N6|F|WORK|d100|p125,8,1200,22,"C2A0T1I2F0 C2A2T0I2F0","(2,2,2,0) (2,2,2,0)","INSPECT INSPECT","CUT=18/44;ASSEMBLE=24/44;INSPECT=30/44 CUT=18/44;ASSEMBLE=24/44;INSPECT=30/44"
P2|N6|F|WORK|d100|p125,9,1376,21,"C2A1T0I1F2","(2,1,1,2)","ASSEMBLE+INSPECT","CUT=18/42;ASSEMBLE+INSPECT=54/84"
P2|N6|F|WORK|d100|p125,10,1513,20,"C2A0T1I2F1 C2A2T0I2F1","(2,2,2,1) (2,2,2,1)","ASSEMBLE+INSPECT ASSEMBLE+INSPECT","CUT=18/40;ASSEMBLE+INSPECT=54/100 CUT=18/40;ASSEMBLE+INSPECT=54/100"
P2|N6|F|WORK|d100|p125,11,1763,19,"C2A0T1I3F1 C2A2T0I3F1","(2,2,3,1) (2,2,3,1)","CUT|ASSEMBLE+INSPECT CUT|ASSEMBLE+INSPECT","CUT=18/38;ASSEMBLE+INSPECT=54/114 CUT=18/38;ASSEMBLE+INSPECT=54/114"
P2|N6|F|WORK|d100|p125,12,1800,17,"C3A1T1I3F0 C3A3T0I3F0","(3,3,3,0) (3,3,3,0)","INSPECT INSPECT","CUT=18/51;ASSEMBLE=24/51;INSPECT=30/51 CUT=18/51;ASSEMBLE=24/51;INSPECT=30/51"
P2|N6|F|WORK|d100|p125,13,2139,16,"C3A0T0I3F3","(3,0,3,3)","ASSEMBLE+INSPECT","CUT=18/48;ASSEMBLE+INSPECT=54/96"
P2|N6|F|WORK|d100|p125,14,2739,15,"C3A1T1I3F3 C3A3T0I3F3","(3,3,3,3) (3,3,3,3)","CUT|ASSEMBLE+INSPECT CUT|ASSEMBLE+INSPECT","CUT=18/45;ASSEMBLE+INSPECT=54/135 CUT=18/45;ASSEMBLE+INSPECT=54/135"
P2|N6|F|WORK|d100|p150,0,525,57,"C1A0T0I0F1","(1,0,0,1)","ASSEMBLE+INSPECT","CUT=18/57;ASSEMBLE+INSPECT=54/57"
P2|N6|F|WORK|d100|p150,1,600,37,"C1A1T0I1F0","(1,1,1,0)","INSPECT","CUT=18/37;ASSEMBLE=24/37;INSPECT=30/37"
P2|N6|F|WORK|d100|p150,2,850,32,"C1A1T0I2F0","(1,1,2,0)","ASSEMBLE","CUT=18/32;ASSEMBLE=24/32;INSPECT=30/64"
P2|N6|F|WORK|d100|p150,3,975,28,"C1A1T0I1F1","(1,1,1,1)","CUT|ASSEMBLE+INSPECT","CUT=18/28;ASSEMBLE+INSPECT=54/84"
P2|N6|F|WORK|d100|p150,4,1050,27,"C1A0T1I2F0 C1A2T0I2F0","(1,2,2,0) (1,2,2,0)","CUT CUT","CUT=18/27;ASSEMBLE=24/54;INSPECT=30/54 CUT=18/27;ASSEMBLE=24/54;INSPECT=30/54"
P2|N6|F|WORK|d100|p150,5,1125,26,"C2A1T0I1F1","(2,1,1,1)","ASSEMBLE+INSPECT","CUT=18/52;ASSEMBLE+INSPECT=54/78"
P2|N6|F|WORK|d100|p150,6,1200,22,"C2A0T1I2F0 C2A2T0I2F0","(2,2,2,0) (2,2,2,0)","INSPECT INSPECT","CUT=18/44;ASSEMBLE=24/44;INSPECT=30/44 CUT=18/44;ASSEMBLE=24/44;INSPECT=30/44"
P2|N6|F|WORK|d100|p150,7,1450,21,"C2A0T1I3F0 C2A2T0I3F0","(2,2,3,0) (2,2,3,0)","ASSEMBLE ASSEMBLE","CUT=18/42;ASSEMBLE=24/42;INSPECT=30/63 CUT=18/42;ASSEMBLE=24/42;INSPECT=30/63"
P2|N6|F|WORK|d100|p150,8,1575,20,"C2A0T1I2F1 C2A2T0I2F1","(2,2,2,1) (2,2,2,1)","ASSEMBLE+INSPECT ASSEMBLE+INSPECT","CUT=18/40;ASSEMBLE+INSPECT=54/100 CUT=18/40;ASSEMBLE+INSPECT=54/100"
P2|N6|F|WORK|d100|p150,9,1800,17,"C3A1T1I3F0 C3A3T0I3F0","(3,3,3,0) (3,3,3,0)","INSPECT INSPECT","CUT=18/51;ASSEMBLE=24/51;INSPECT=30/51 CUT=18/51;ASSEMBLE=24/51;INSPECT=30/51"
P2|N6|F|WORK|d100|p150,10,2325,16,"C3A0T0I3F3","(3,0,3,3)","ASSEMBLE+INSPECT","CUT=18/48;ASSEMBLE+INSPECT=54/96"
P2|N6|F|WORK|d100|p150,11,2925,15,"C3A1T1I3F3 C3A3T0I3F3","(3,3,3,3) (3,3,3,3)","CUT|ASSEMBLE+INSPECT CUT|ASSEMBLE+INSPECT","CUT=18/45;ASSEMBLE+INSPECT=54/135 CUT=18/45;ASSEMBLE+INSPECT=54/135"
P2|N6|F|WORK|d100|p200,0,600,37,"C1A1T0I1F0","(1,1,1,0)","INSPECT","CUT=18/37;ASSEMBLE=24/37;INSPECT=30/37"
P2|N6|F|WORK|d100|p200,1,850,32,"C1A1T0I2F0","(1,1,2,0)","ASSEMBLE","CUT=18/32;ASSEMBLE=24/32;INSPECT=30/64"
P2|N6|F|WORK|d100|p200,2,1050,27,"C1A0T1I2F0 C1A2T0I2F0","(1,2,2,0) (1,2,2,0)","CUT CUT","CUT=18/27;ASSEMBLE=24/54;INSPECT=30/54 CUT=18/27;ASSEMBLE=24/54;INSPECT=30/54"
P2|N6|F|WORK|d100|p200,3,1200,22,"C2A0T1I2F0 C2A2T0I2F0","(2,2,2,0) (2,2,2,0)","INSPECT INSPECT","CUT=18/44;ASSEMBLE=24/44;INSPECT=30/44 CUT=18/44;ASSEMBLE=24/44;INSPECT=30/44"
P2|N6|F|WORK|d100|p200,4,1450,21,"C2A0T1I3F0 C2A2T0I3F0","(2,2,3,0) (2,2,3,0)","ASSEMBLE ASSEMBLE","CUT=18/42;ASSEMBLE=24/42;INSPECT=30/63 CUT=18/42;ASSEMBLE=24/42;INSPECT=30/63"
P2|N6|F|WORK|d100|p200,5,1650,20,"C2A1T1I3F0 C2A3T0I3F0","(2,3,3,0) (2,3,3,0)","INSPECT INSPECT","CUT=18/40;ASSEMBLE=24/60;INSPECT=30/60 CUT=18/40;ASSEMBLE=24/60;INSPECT=30/60"
P2|N6|F|WORK|d100|p200,6,1800,17,"C3A1T1I3F0 C3A3T0I3F0","(3,3,3,0) (3,3,3,0)","INSPECT INSPECT","CUT=18/51;ASSEMBLE=24/51;INSPECT=30/51 CUT=18/51;ASSEMBLE=24/51;INSPECT=30/51"
P2|N6|F|WORK|d100|p200,7,2650,16,"C3A1T0I4F2","(3,1,4,2)","ASSEMBLE+INSPECT","CUT=18/48;ASSEMBLE+INSPECT=54/112"
P2|N6|F|WORK|d100|p200,8,3250,15,"C3A0T2I4F2 C3A2T1I4F2 C3A4T0I4F2","(3,4,4,2) (3,4,4,2) (3,4,4,2)","CUT CUT CUT","CUT=18/45;ASSEMBLE+INSPECT=54/150 CUT=18/45;ASSEMBLE+INSPECT=54/150 CUT=18/45;ASSEMBLE+INSPECT=54/150"
P2|N12|D|UNIFORM|d75|p0,0,300,67,"C1A1T0I1F0","(1,1,1,0)","INSPECT","CUT=36/67;ASSEMBLE=48/67;INSPECT=60/67"
P2|N12|D|UNIFORM|d75|p0,1,400,56,"C1A1T0I2F0","(1,1,2,0)","ASSEMBLE","CUT=36/56;ASSEMBLE=48/56;INSPECT=60/112"
P2|N12|D|UNIFORM|d75|p0,2,450,45,"C1A0T1I2F0","(1,2,2,0)","CUT","CUT=36/45;ASSEMBLE=48/90;INSPECT=60/90"
P2|N12|D|UNIFORM|d75|p0,3,550,37,"C2A0T1I2F0","(2,2,2,0)","INSPECT","CUT=36/74;ASSEMBLE=48/74;INSPECT=60/74"
P2|N12|D|UNIFORM|d75|p0,4,650,33,"C2A0T1I3F0","(2,2,3,0)","ASSEMBLE","CUT=36/66;ASSEMBLE=48/66;INSPECT=60/99"
P2|N12|D|UNIFORM|d75|p0,5,750,30,"C2A1T1I3F0","(2,3,3,0)","INSPECT","CUT=36/60;ASSEMBLE=48/90;INSPECT=60/90"
P2|N12|D|UNIFORM|d75|p0,6,850,27,"C3A1T1I3F0","(3,3,3,0)","INSPECT","CUT=36/81;ASSEMBLE=48/81;INSPECT=60/81"
P2|N12|D|UNIFORM|d75|p0,7,950,26,"C3A1T1I4F0","(3,3,4,0)","ASSEMBLE","CUT=36/78;ASSEMBLE=48/78;INSPECT=60/104"
P2|N12|D|UNIFORM|d75|p0,8,1000,25,"C3A0T2I4F0","(3,4,4,0)","INSPECT","CUT=36/75;ASSEMBLE=48/100;INSPECT=60/100"
P2|N12|D|UNIFORM|d75|p0,9,1100,22,"C4A0T2I4F0","(4,4,4,0)","INSPECT","CUT=36/88;ASSEMBLE=48/88;INSPECT=60/88"
P2|N12|D|UNIFORM|d90|p0,0,300,67,"C1A1T0I1F0","(1,1,1,0)","INSPECT","CUT=36/67;ASSEMBLE=48/67;INSPECT=60/67"
P2|N12|D|UNIFORM|d90|p0,1,400,56,"C1A1T0I2F0","(1,1,2,0)","ASSEMBLE","CUT=36/56;ASSEMBLE=48/56;INSPECT=60/112"
P2|N12|D|UNIFORM|d90|p0,2,480,45,"C1A0T1I2F0","(1,2,2,0)","CUT","CUT=36/45;ASSEMBLE=48/90;INSPECT=60/90"
P2|N12|D|UNIFORM|d90|p0,3,580,37,"C2A0T1I2F0","(2,2,2,0)","INSPECT","CUT=36/74;ASSEMBLE=48/74;INSPECT=60/74"
P2|N12|D|UNIFORM|d90|p0,4,680,33,"C2A0T1I3F0","(2,2,3,0)","ASSEMBLE","CUT=36/66;ASSEMBLE=48/66;INSPECT=60/99"
P2|N12|D|UNIFORM|d90|p0,5,780,30,"C2A1T1I3F0","(2,3,3,0)","INSPECT","CUT=36/60;ASSEMBLE=48/90;INSPECT=60/90"
P2|N12|D|UNIFORM|d90|p0,6,880,27,"C3A1T1I3F0","(3,3,3,0)","INSPECT","CUT=36/81;ASSEMBLE=48/81;INSPECT=60/81"
P2|N12|D|UNIFORM|d90|p0,7,980,26,"C3A1T1I4F0","(3,3,4,0)","ASSEMBLE","CUT=36/78;ASSEMBLE=48/78;INSPECT=60/104"
P2|N12|D|UNIFORM|d90|p0,8,1060,25,"C3A0T2I4F0","(3,4,4,0)","INSPECT","CUT=36/75;ASSEMBLE=48/100;INSPECT=60/100"
P2|N12|D|UNIFORM|d90|p0,9,1160,22,"C4A0T2I4F0","(4,4,4,0)","INSPECT","CUT=36/88;ASSEMBLE=48/88;INSPECT=60/88"
P2|N12|D|UNIFORM|d100|p0,0,300,67,"C1A1T0I1F0","(1,1,1,0)","INSPECT","CUT=36/67;ASSEMBLE=48/67;INSPECT=60/67"
P2|N12|D|UNIFORM|d100|p0,1,400,56,"C1A1T0I2F0","(1,1,2,0)","ASSEMBLE","CUT=36/56;ASSEMBLE=48/56;INSPECT=60/112"
P2|N12|D|UNIFORM|d100|p0,2,500,45,"C1A0T1I2F0 C1A2T0I2F0","(1,2,2,0) (1,2,2,0)","CUT CUT","CUT=36/45;ASSEMBLE=48/90;INSPECT=60/90 CUT=36/45;ASSEMBLE=48/90;INSPECT=60/90"
P2|N12|D|UNIFORM|d100|p0,3,600,37,"C2A0T1I2F0 C2A2T0I2F0","(2,2,2,0) (2,2,2,0)","INSPECT INSPECT","CUT=36/74;ASSEMBLE=48/74;INSPECT=60/74 CUT=36/74;ASSEMBLE=48/74;INSPECT=60/74"
P2|N12|D|UNIFORM|d100|p0,4,700,33,"C2A0T1I3F0 C2A2T0I3F0","(2,2,3,0) (2,2,3,0)","ASSEMBLE ASSEMBLE","CUT=36/66;ASSEMBLE=48/66;INSPECT=60/99 CUT=36/66;ASSEMBLE=48/66;INSPECT=60/99"
P2|N12|D|UNIFORM|d100|p0,5,800,30,"C2A1T1I3F0 C2A3T0I3F0","(2,3,3,0) (2,3,3,0)","INSPECT INSPECT","CUT=36/60;ASSEMBLE=48/90;INSPECT=60/90 CUT=36/60;ASSEMBLE=48/90;INSPECT=60/90"
P2|N12|D|UNIFORM|d100|p0,6,900,27,"C3A1T1I3F0 C3A3T0I3F0","(3,3,3,0) (3,3,3,0)","INSPECT INSPECT","CUT=36/81;ASSEMBLE=48/81;INSPECT=60/81 CUT=36/81;ASSEMBLE=48/81;INSPECT=60/81"
P2|N12|D|UNIFORM|d100|p0,7,1000,26,"C3A1T1I4F0 C3A3T0I4F0","(3,3,4,0) (3,3,4,0)","ASSEMBLE ASSEMBLE","CUT=36/78;ASSEMBLE=48/78;INSPECT=60/104 CUT=36/78;ASSEMBLE=48/78;INSPECT=60/104"
P2|N12|D|UNIFORM|d100|p0,8,1100,25,"C3A0T2I4F0 C3A2T1I4F0 C3A4T0I4F0","(3,4,4,0) (3,4,4,0) (3,4,4,0)","INSPECT INSPECT INSPECT","CUT=36/75;ASSEMBLE=48/100;INSPECT=60/100 CUT=36/75;ASSEMBLE=48/100;INSPECT=60/100 CUT=36/75;ASSEMBLE=48/100;INSPECT=60/100"
P2|N12|D|UNIFORM|d100|p0,9,1200,22,"C4A0T2I4F0 C4A2T1I4F0 C4A4T0I4F0","(4,4,4,0) (4,4,4,0) (4,4,4,0)","INSPECT INSPECT INSPECT","CUT=36/88;ASSEMBLE=48/88;INSPECT=60/88 CUT=36/88;ASSEMBLE=48/88;INSPECT=60/88 CUT=36/88;ASSEMBLE=48/88;INSPECT=60/88"
P2|N12|D|WORK|d75|p0,0,600,67,"C1A1T0I1F0","(1,1,1,0)","INSPECT","CUT=36/67;ASSEMBLE=48/67;INSPECT=60/67"
P2|N12|D|WORK|d75|p0,1,850,56,"C1A1T0I2F0","(1,1,2,0)","ASSEMBLE","CUT=36/56;ASSEMBLE=48/56;INSPECT=60/112"
P2|N12|D|WORK|d75|p0,2,950,45,"C1A0T1I2F0","(1,2,2,0)","CUT","CUT=36/45;ASSEMBLE=48/90;INSPECT=60/90"
P2|N12|D|WORK|d75|p0,3,1100,37,"C2A0T1I2F0","(2,2,2,0)","INSPECT","CUT=36/74;ASSEMBLE=48/74;INSPECT=60/74"
P2|N12|D|WORK|d75|p0,4,1350,33,"C2A0T1I3F0","(2,2,3,0)","ASSEMBLE","CUT=36/66;ASSEMBLE=48/66;INSPECT=60/99"
P2|N12|D|WORK|d75|p0,5,1550,30,"C2A1T1I3F0","(2,3,3,0)","INSPECT","CUT=36/60;ASSEMBLE=48/90;INSPECT=60/90"
P2|N12|D|WORK|d75|p0,6,1700,27,"C3A1T1I3F0","(3,3,3,0)","INSPECT","CUT=36/81;ASSEMBLE=48/81;INSPECT=60/81"
P2|N12|D|WORK|d75|p0,7,1950,26,"C3A1T1I4F0","(3,3,4,0)","ASSEMBLE","CUT=36/78;ASSEMBLE=48/78;INSPECT=60/104"
P2|N12|D|WORK|d75|p0,8,2050,25,"C3A0T2I4F0","(3,4,4,0)","INSPECT","CUT=36/75;ASSEMBLE=48/100;INSPECT=60/100"
P2|N12|D|WORK|d75|p0,9,2200,22,"C4A0T2I4F0","(4,4,4,0)","INSPECT","CUT=36/88;ASSEMBLE=48/88;INSPECT=60/88"
P2|N12|D|WORK|d90|p0,0,600,67,"C1A1T0I1F0","(1,1,1,0)","INSPECT","CUT=36/67;ASSEMBLE=48/67;INSPECT=60/67"
P2|N12|D|WORK|d90|p0,1,850,56,"C1A1T0I2F0","(1,1,2,0)","ASSEMBLE","CUT=36/56;ASSEMBLE=48/56;INSPECT=60/112"
P2|N12|D|WORK|d90|p0,2,1010,45,"C1A0T1I2F0","(1,2,2,0)","CUT","CUT=36/45;ASSEMBLE=48/90;INSPECT=60/90"
P2|N12|D|WORK|d90|p0,3,1160,37,"C2A0T1I2F0","(2,2,2,0)","INSPECT","CUT=36/74;ASSEMBLE=48/74;INSPECT=60/74"
P2|N12|D|WORK|d90|p0,4,1410,33,"C2A0T1I3F0","(2,2,3,0)","ASSEMBLE","CUT=36/66;ASSEMBLE=48/66;INSPECT=60/99"
P2|N12|D|WORK|d90|p0,5,1610,30,"C2A1T1I3F0","(2,3,3,0)","INSPECT","CUT=36/60;ASSEMBLE=48/90;INSPECT=60/90"
P2|N12|D|WORK|d90|p0,6,1760,27,"C3A1T1I3F0","(3,3,3,0)","INSPECT","CUT=36/81;ASSEMBLE=48/81;INSPECT=60/81"
P2|N12|D|WORK|d90|p0,7,2010,26,"C3A1T1I4F0","(3,3,4,0)","ASSEMBLE","CUT=36/78;ASSEMBLE=48/78;INSPECT=60/104"
P2|N12|D|WORK|d90|p0,8,2170,25,"C3A0T2I4F0","(3,4,4,0)","INSPECT","CUT=36/75;ASSEMBLE=48/100;INSPECT=60/100"
P2|N12|D|WORK|d90|p0,9,2320,22,"C4A0T2I4F0","(4,4,4,0)","INSPECT","CUT=36/88;ASSEMBLE=48/88;INSPECT=60/88"
P2|N12|D|WORK|d100|p0,0,600,67,"C1A1T0I1F0","(1,1,1,0)","INSPECT","CUT=36/67;ASSEMBLE=48/67;INSPECT=60/67"
P2|N12|D|WORK|d100|p0,1,850,56,"C1A1T0I2F0","(1,1,2,0)","ASSEMBLE","CUT=36/56;ASSEMBLE=48/56;INSPECT=60/112"
P2|N12|D|WORK|d100|p0,2,1050,45,"C1A0T1I2F0 C1A2T0I2F0","(1,2,2,0) (1,2,2,0)","CUT CUT","CUT=36/45;ASSEMBLE=48/90;INSPECT=60/90 CUT=36/45;ASSEMBLE=48/90;INSPECT=60/90"
P2|N12|D|WORK|d100|p0,3,1200,37,"C2A0T1I2F0 C2A2T0I2F0","(2,2,2,0) (2,2,2,0)","INSPECT INSPECT","CUT=36/74;ASSEMBLE=48/74;INSPECT=60/74 CUT=36/74;ASSEMBLE=48/74;INSPECT=60/74"
P2|N12|D|WORK|d100|p0,4,1450,33,"C2A0T1I3F0 C2A2T0I3F0","(2,2,3,0) (2,2,3,0)","ASSEMBLE ASSEMBLE","CUT=36/66;ASSEMBLE=48/66;INSPECT=60/99 CUT=36/66;ASSEMBLE=48/66;INSPECT=60/99"
P2|N12|D|WORK|d100|p0,5,1650,30,"C2A1T1I3F0 C2A3T0I3F0","(2,3,3,0) (2,3,3,0)","INSPECT INSPECT","CUT=36/60;ASSEMBLE=48/90;INSPECT=60/90 CUT=36/60;ASSEMBLE=48/90;INSPECT=60/90"
P2|N12|D|WORK|d100|p0,6,1800,27,"C3A1T1I3F0 C3A3T0I3F0","(3,3,3,0) (3,3,3,0)","INSPECT INSPECT","CUT=36/81;ASSEMBLE=48/81;INSPECT=60/81 CUT=36/81;ASSEMBLE=48/81;INSPECT=60/81"
P2|N12|D|WORK|d100|p0,7,2050,26,"C3A1T1I4F0 C3A3T0I4F0","(3,3,4,0) (3,3,4,0)","ASSEMBLE ASSEMBLE","CUT=36/78;ASSEMBLE=48/78;INSPECT=60/104 CUT=36/78;ASSEMBLE=48/78;INSPECT=60/104"
P2|N12|D|WORK|d100|p0,8,2250,25,"C3A0T2I4F0 C3A2T1I4F0 C3A4T0I4F0","(3,4,4,0) (3,4,4,0) (3,4,4,0)","INSPECT INSPECT INSPECT","CUT=36/75;ASSEMBLE=48/100;INSPECT=60/100 CUT=36/75;ASSEMBLE=48/100;INSPECT=60/100 CUT=36/75;ASSEMBLE=48/100;INSPECT=60/100"
P2|N12|D|WORK|d100|p0,9,2400,22,"C4A0T2I4F0 C4A2T1I4F0 C4A4T0I4F0","(4,4,4,0) (4,4,4,0) (4,4,4,0)","INSPECT INSPECT INSPECT","CUT=36/88;ASSEMBLE=48/88;INSPECT=60/88 CUT=36/88;ASSEMBLE=48/88;INSPECT=60/88 CUT=36/88;ASSEMBLE=48/88;INSPECT=60/88"
P2|N12|F|UNIFORM|d75|p100,0,200,111,"C1A0T0I0F1","(1,0,0,1)","ASSEMBLE+INSPECT","CUT=36/111;ASSEMBLE+INSPECT=108/111"
P2|N12|F|UNIFORM|d75|p100,1,300,60,"C1A0T0I0F2","(1,0,0,2)","ASSEMBLE+INSPECT","CUT=36/60;ASSEMBLE+INSPECT=108/120"
P2|N12|F|UNIFORM|d75|p100,2,400,45,"C1A0T0I0F3","(1,0,0,3)","CUT|ASSEMBLE+INSPECT","CUT=36/45;ASSEMBLE+INSPECT=108/135"
P2|N12|F|UNIFORM|d75|p100,3,500,42,"C2A0T0I0F3","(2,0,0,3)","ASSEMBLE+INSPECT","CUT=36/84;ASSEMBLE+INSPECT=108/126"
P2|N12|F|UNIFORM|d75|p100,4,550,37,"C2A0T1I2F0","(2,2,2,0)","INSPECT","CUT=36/74;ASSEMBLE=48/74;INSPECT=60/74"
P2|N12|F|UNIFORM|d75|p100,5,600,35,"C2A1T0I1F2","(2,1,1,2)","ASSEMBLE+INSPECT","CUT=36/70;ASSEMBLE+INSPECT=108/140"
P2|N12|F|UNIFORM|d75|p100,6,650,31,"C2A0T1I0F3","(2,2,0,3)","ASSEMBLE+INSPECT","CUT=36/62;ASSEMBLE+INSPECT=108/155"
P2|N12|F|UNIFORM|d75|p100,7,700,30,"C2A1T0I1F3","(2,1,1,3)","ASSEMBLE+INSPECT","CUT=36/60;ASSEMBLE+INSPECT=108/150"
P2|N12|F|UNIFORM|d75|p100,8,750,28,"C2A0T1I1F3 C2A0T1I2F2","(2,2,1,3) (2,2,2,2)","CUT|ASSEMBLE+INSPECT CUT|ASSEMBLE+INSPECT","CUT=36/56;ASSEMBLE+INSPECT=108/168 CUT=36/56;ASSEMBLE+INSPECT=108/168"
P2|N12|F|UNIFORM|d75|p100,9,850,27,"C3A0T1I1F3 C3A0T1I2F2 C3A1T1I3F0","(3,2,1,3) (3,2,2,2) (3,3,3,0)","ASSEMBLE+INSPECT ASSEMBLE+INSPECT INSPECT","CUT=36/81;ASSEMBLE+INSPECT=108/162 CUT=36/81;ASSEMBLE+INSPECT=108/162 CUT=36/81;ASSEMBLE=48/81;INSPECT=60/81"
P2|N12|F|UNIFORM|d75|p100,10,950,24,"C3A0T1I2F3 C3A0T1I3F2","(3,2,2,3) (3,2,3,2)","ASSEMBLE+INSPECT ASSEMBLE+INSPECT","CUT=36/72;ASSEMBLE+INSPECT=108/168 CUT=36/72;ASSEMBLE+INSPECT=108/168"
P2|N12|F|UNIFORM|d75|p100,11,1050,23,"C3A1T1I2F3","(3,3,2,3)","ASSEMBLE+INSPECT","CUT=36/69;ASSEMBLE+INSPECT=108/184"
P2|N12|F|UNIFORM|d75|p100,12,1100,22,"C4A0T2I4F0","(4,4,4,0)","INSPECT","CUT=36/88;ASSEMBLE=48/88;INSPECT=60/88"
P2|N12|F|UNIFORM|d75|p100,13,1250,21,"C4A1T1I3F3","(4,3,3,3)","ASSEMBLE+INSPECT","CUT=36/84;ASSEMBLE+INSPECT=108/189"
P2|N12|F|UNIFORM|d75|p100,14,1300,20,"C4A0T2I3F3 C4A0T2I4F2","(4,4,3,3) (4,4,4,2)","ASSEMBLE+INSPECT ASSEMBLE+INSPECT","CUT=36/80;ASSEMBLE+INSPECT=108/200 CUT=36/80;ASSEMBLE+INSPECT=108/200"
P2|N12|F|UNIFORM|d75|p125,0,225,111,"C1A0T0I0F1","(1,0,0,1)","ASSEMBLE+INSPECT","CUT=36/111;ASSEMBLE+INSPECT=108/111"
P2|N12|F|UNIFORM|d75|p125,1,300,67,"C1A1T0I1F0","(1,1,1,0)","INSPECT","CUT=36/67;ASSEMBLE=48/67;INSPECT=60/67"
P2|N12|F|UNIFORM|d75|p125,2,350,60,"C1A0T0I0F2","(1,0,0,2)","ASSEMBLE+INSPECT","CUT=36/60;ASSEMBLE+INSPECT=108/120"
P2|N12|F|UNIFORM|d75|p125,3,400,56,"C1A1T0I2F0","(1,1,2,0)","ASSEMBLE","CUT=36/56;ASSEMBLE=48/56;INSPECT=60/112"
P2|N12|F|UNIFORM|d75|p125,4,425,47,"C1A1T0I1F1","(1,1,1,1)","CUT|ASSEMBLE+INSPECT","CUT=36/47;ASSEMBLE+INSPECT=108/141"
P2|N12|F|UNIFORM|d75|p125,5,450,45,"C1A0T1I2F0","(1,2,2,0)","CUT","CUT=36/45;ASSEMBLE=48/90;INSPECT=60/90"
P2|N12|F|UNIFORM|d75|p125,6,525,44,"C2A1T0I1F1","(2,1,1,1)","ASSEMBLE+INSPECT","CUT=36/88;ASSEMBLE+INSPECT=108/132"
P2|N12|F|UNIFORM|d75|p125,7,550,37,"C2A0T1I2F0","(2,2,2,0)","INSPECT","CUT=36/74;ASSEMBLE=48/74;INSPECT=60/74"
P2|N12|F|UNIFORM|d75|p125,8,650,33,"C2A0T1I3F0","(2,2,3,0)","ASSEMBLE","CUT=36/66;ASSEMBLE=48/66;INSPECT=60/99"
P2|N12|F|UNIFORM|d75|p125,9,675,32,"C2A0T1I2F1","(2,2,2,1)","ASSEMBLE+INSPECT","CUT=36/64;ASSEMBLE+INSPECT=108/160"
P2|N12|F|UNIFORM|d75|p125,10,725,31,"C2A0T1I0F3","(2,2,0,3)","ASSEMBLE+INSPECT","CUT=36/62;ASSEMBLE+INSPECT=108/155"
P2|N12|F|UNIFORM|d75|p125,11,750,30,"C2A1T1I3F0","(2,3,3,0)","INSPECT","CUT=36/60;ASSEMBLE=48/90;INSPECT=60/90"
P2|N12|F|UNIFORM|d75|p125,12,775,29,"C2A0T1I3F1","(2,2,3,1)","CUT|ASSEMBLE+INSPECT","CUT=36/58;ASSEMBLE+INSPECT=108/174"
P2|N12|F|UNIFORM|d75|p125,13,800,28,"C2A0T1I2F2","(2,2,2,2)","CUT|ASSEMBLE+INSPECT","CUT=36/56;ASSEMBLE+INSPECT=108/168"
P2|N12|F|UNIFORM|d75|p125,14,850,27,"C3A1T1I3F0","(3,3,3,0)","INSPECT","CUT=36/81;ASSEMBLE=48/81;INSPECT=60/81"
P2|N12|F|UNIFORM|d75|p125,15,950,26,"C3A1T1I4F0","(3,3,4,0)","ASSEMBLE","CUT=36/78;ASSEMBLE=48/78;INSPECT=60/104"
P2|N12|F|UNIFORM|d75|p125,16,1000,24,"C3A0T1I3F2","(3,2,3,2)","ASSEMBLE+INSPECT","CUT=36/72;ASSEMBLE+INSPECT=108/168"
P2|N12|F|UNIFORM|d75|p125,17,1100,22,"C4A0T2I4F0","(4,4,4,0)","INSPECT","CUT=36/88;ASSEMBLE=48/88;INSPECT=60/88"
P2|N12|F|UNIFORM|d75|p125,18,1325,21,"C4A1T1I3F3","(4,3,3,3)","ASSEMBLE+INSPECT","CUT=36/84;ASSEMBLE+INSPECT=108/189"
P2|N12|F|UNIFORM|d75|p125,19,1350,20,"C4A0T2I4F2","(4,4,4,2)","ASSEMBLE+INSPECT","CUT=36/80;ASSEMBLE+INSPECT=108/200"
P2|N12|F|UNIFORM|d75|p150,0,250,111,"C1A0T0I0F1","(1,0,0,1)","ASSEMBLE+INSPECT","CUT=36/111;ASSEMBLE+INSPECT=108/111"
P2|N12|F|UNIFORM|d75|p150,1,300,67,"C1A1T0I1F0","(1,1,1,0)","INSPECT","CUT=36/67;ASSEMBLE=48/67;INSPECT=60/67"
P2|N12|F|UNIFORM|d75|p150,2,400,56,"C1A1T0I2F0","(1,1,2,0)","ASSEMBLE","CUT=36/56;ASSEMBLE=48/56;INSPECT=60/112"
P2|N12|F|UNIFORM|d75|p150,3,450,45,"C1A0T1I2F0","(1,2,2,0)","CUT","CUT=36/45;ASSEMBLE=48/90;INSPECT=60/90"
P2|N12|F|UNIFORM|d75|p150,4,550,37,"C2A0T1I2F0","(2,2,2,0)","INSPECT","CUT=36/74;ASSEMBLE=48/74;INSPECT=60/74"
P2|N12|F|UNIFORM|d75|p150,5,650,33,"C2A0T1I3F0","(2,2,3,0)","ASSEMBLE","CUT=36/66;ASSEMBLE=48/66;INSPECT=60/99"
P2|N12|F|UNIFORM|d75|p150,6,700,32,"C2A0T1I2F1","(2,2,2,1)","ASSEMBLE+INSPECT","CUT=36/64;ASSEMBLE+INSPECT=108/160"
P2|N12|F|UNIFORM|d75|p150,7,750,30,"C2A1T1I3F0","(2,3,3,0)","INSPECT","CUT=36/60;ASSEMBLE=48/90;INSPECT=60/90"
P2|N12|F|UNIFORM|d75|p150,8,800,29,"C2A0T1I3F1","(2,2,3,1)","CUT|ASSEMBLE+INSPECT","CUT=36/58;ASSEMBLE+INSPECT=108/174"
P2|N12|F|UNIFORM|d75|p150,9,850,27,"C3A1T1I3F0","(3,3,3,0)","INSPECT","CUT=36/81;ASSEMBLE=48/81;INSPECT=60/81"
P2|N12|F|UNIFORM|d75|p150,10,950,26,"C3A1T1I4F0","(3,3,4,0)","ASSEMBLE","CUT=36/78;ASSEMBLE=48/78;INSPECT=60/104"
P2|N12|F|UNIFORM|d75|p150,11,1000,25,"C3A0T2I4F0","(3,4,4,0)","INSPECT","CUT=36/75;ASSEMBLE=48/100;INSPECT=60/100"
P2|N12|F|UNIFORM|d75|p150,12,1050,24,"C3A0T1I3F2","(3,2,3,2)","ASSEMBLE+INSPECT","CUT=36/72;ASSEMBLE+INSPECT=108/168"
P2|N12|F|UNIFORM|d75|p150,13,1100,22,"C4A0T2I4F0","(4,4,4,0)","INSPECT","CUT=36/88;ASSEMBLE=48/88;INSPECT=60/88"
P2|N12|F|UNIFORM|d75|p150,14,1400,20,"C4A0T2I4F2","(4,4,4,2)","ASSEMBLE+INSPECT","CUT=36/80;ASSEMBLE+INSPECT=108/200"
P2|N12|F|UNIFORM|d75|p200,0,300,67,"C1A1T0I1F0","(1,1,1,0)","INSPECT","CUT=36/67;ASSEMBLE=48/67;INSPECT=60/67"
P2|N12|F|UNIFORM|d75|p200,1,400,56,"C1A1T0I2F0","(1,1,2,0)","ASSEMBLE","CUT=36/56;ASSEMBLE=48/56;INSPECT=60/112"
P2|N12|F|UNIFORM|d75|p200,2,450,45,"C1A0T1I2F0","(1,2,2,0)","CUT","CUT=36/45;ASSEMBLE=48/90;INSPECT=60/90"
P2|N12|F|UNIFORM|d75|p200,3,550,37,"C2A0T1I2F0","(2,2,2,0)","INSPECT","CUT=36/74;ASSEMBLE=48/74;INSPECT=60/74"
P2|N12|F|UNIFORM|d75|p200,4,650,33,"C2A0T1I3F0","(2,2,3,0)","ASSEMBLE","CUT=36/66;ASSEMBLE=48/66;INSPECT=60/99"
P2|N12|F|UNIFORM|d75|p200,5,750,30,"C2A1T1I3F0","(2,3,3,0)","INSPECT","CUT=36/60;ASSEMBLE=48/90;INSPECT=60/90"
P2|N12|F|UNIFORM|d75|p200,6,850,27,"C3A1T1I3F0","(3,3,3,0)","INSPECT","CUT=36/81;ASSEMBLE=48/81;INSPECT=60/81"
P2|N12|F|UNIFORM|d75|p200,7,950,26,"C3A1T1I4F0","(3,3,4,0)","ASSEMBLE","CUT=36/78;ASSEMBLE=48/78;INSPECT=60/104"
P2|N12|F|UNIFORM|d75|p200,8,1000,25,"C3A0T2I4F0","(3,4,4,0)","INSPECT","CUT=36/75;ASSEMBLE=48/100;INSPECT=60/100"
P2|N12|F|UNIFORM|d75|p200,9,1100,22,"C4A0T2I4F0","(4,4,4,0)","INSPECT","CUT=36/88;ASSEMBLE=48/88;INSPECT=60/88"
P2|N12|F|UNIFORM|d75|p200,10,1500,20,"C4A0T2I4F2","(4,4,4,2)","ASSEMBLE+INSPECT","CUT=36/80;ASSEMBLE+INSPECT=108/200"
P2|N12|F|UNIFORM|d90|p100,0,200,111,"C1A0T0I0F1","(1,0,0,1)","ASSEMBLE+INSPECT","CUT=36/111;ASSEMBLE+INSPECT=108/111"
P2|N12|F|UNIFORM|d90|p100,1,300,60,"C1A0T0I0F2","(1,0,0,2)","ASSEMBLE+INSPECT","CUT=36/60;ASSEMBLE+INSPECT=108/120"
P2|N12|F|UNIFORM|d90|p100,2,400,45,"C1A0T0I0F3","(1,0,0,3)","CUT|ASSEMBLE+INSPECT","CUT=36/45;ASSEMBLE+INSPECT=108/135"
P2|N12|F|UNIFORM|d90|p100,3,500,42,"C2A0T0I0F3","(2,0,0,3)","ASSEMBLE+INSPECT","CUT=36/84;ASSEMBLE+INSPECT=108/126"
P2|N12|F|UNIFORM|d90|p100,4,580,37,"C2A0T1I2F0","(2,2,2,0)","INSPECT","CUT=36/74;ASSEMBLE=48/74;INSPECT=60/74"
P2|N12|F|UNIFORM|d90|p100,5,600,35,"C2A1T0I1F2","(2,1,1,2)","ASSEMBLE+INSPECT","CUT=36/70;ASSEMBLE+INSPECT=108/140"
P2|N12|F|UNIFORM|d90|p100,6,680,31,"C2A0T1I0F3","(2,2,0,3)","ASSEMBLE+INSPECT","CUT=36/62;ASSEMBLE+INSPECT=108/155"
P2|N12|F|UNIFORM|d90|p100,7,700,30,"C2A1T0I1F3","(2,1,1,3)","ASSEMBLE+INSPECT","CUT=36/60;ASSEMBLE+INSPECT=108/150"
P2|N12|F|UNIFORM|d90|p100,8,780,28,"C2A0T1I1F3 C2A0T1I2F2","(2,2,1,3) (2,2,2,2)","CUT|ASSEMBLE+INSPECT CUT|ASSEMBLE+INSPECT","CUT=36/56;ASSEMBLE+INSPECT=108/168 CUT=36/56;ASSEMBLE+INSPECT=108/168"
P2|N12|F|UNIFORM|d90|p100,9,880,27,"C3A0T1I1F3 C3A0T1I2F2 C3A1T1I3F0","(3,2,1,3) (3,2,2,2) (3,3,3,0)","ASSEMBLE+INSPECT ASSEMBLE+INSPECT INSPECT","CUT=36/81;ASSEMBLE+INSPECT=108/162 CUT=36/81;ASSEMBLE+INSPECT=108/162 CUT=36/81;ASSEMBLE=48/81;INSPECT=60/81"
P2|N12|F|UNIFORM|d90|p100,10,980,24,"C3A0T1I2F3 C3A0T1I3F2","(3,2,2,3) (3,2,3,2)","ASSEMBLE+INSPECT ASSEMBLE+INSPECT","CUT=36/72;ASSEMBLE+INSPECT=108/168 CUT=36/72;ASSEMBLE+INSPECT=108/168"
P2|N12|F|UNIFORM|d90|p100,11,1080,23,"C3A1T1I2F3","(3,3,2,3)","ASSEMBLE+INSPECT","CUT=36/69;ASSEMBLE+INSPECT=108/184"
P2|N12|F|UNIFORM|d90|p100,12,1160,22,"C4A0T2I4F0","(4,4,4,0)","INSPECT","CUT=36/88;ASSEMBLE=48/88;INSPECT=60/88"
P2|N12|F|UNIFORM|d90|p100,13,1280,21,"C4A1T1I3F3","(4,3,3,3)","ASSEMBLE+INSPECT","CUT=36/84;ASSEMBLE+INSPECT=108/189"
P2|N12|F|UNIFORM|d90|p100,14,1360,20,"C4A0T2I3F3 C4A0T2I4F2","(4,4,3,3) (4,4,4,2)","ASSEMBLE+INSPECT ASSEMBLE+INSPECT","CUT=36/80;ASSEMBLE+INSPECT=108/200 CUT=36/80;ASSEMBLE+INSPECT=108/200"
P2|N12|F|UNIFORM|d90|p125,0,225,111,"C1A0T0I0F1","(1,0,0,1)","ASSEMBLE+INSPECT","CUT=36/111;ASSEMBLE+INSPECT=108/111"
P2|N12|F|UNIFORM|d90|p125,1,300,67,"C1A1T0I1F0","(1,1,1,0)","INSPECT","CUT=36/67;ASSEMBLE=48/67;INSPECT=60/67"
P2|N12|F|UNIFORM|d90|p125,2,350,60,"C1A0T0I0F2","(1,0,0,2)","ASSEMBLE+INSPECT","CUT=36/60;ASSEMBLE+INSPECT=108/120"
P2|N12|F|UNIFORM|d90|p125,3,400,56,"C1A1T0I2F0","(1,1,2,0)","ASSEMBLE","CUT=36/56;ASSEMBLE=48/56;INSPECT=60/112"
P2|N12|F|UNIFORM|d90|p125,4,425,47,"C1A1T0I1F1","(1,1,1,1)","CUT|ASSEMBLE+INSPECT","CUT=36/47;ASSEMBLE+INSPECT=108/141"
P2|N12|F|UNIFORM|d90|p125,5,450,46,"C1A1T0I0F2","(1,1,0,2)","CUT|ASSEMBLE+INSPECT","CUT=36/46;ASSEMBLE+INSPECT=108/138"
P2|N12|F|UNIFORM|d90|p125,6,475,45,"C1A0T0I0F3","(1,0,0,3)","CUT|ASSEMBLE+INSPECT","CUT=36/45;ASSEMBLE+INSPECT=108/135"
P2|N12|F|UNIFORM|d90|p125,7,525,44,"C2A1T0I1F1","(2,1,1,1)","ASSEMBLE+INSPECT","CUT=36/88;ASSEMBLE+INSPECT=108/132"
P2|N12|F|UNIFORM|d90|p125,8,575,42,"C2A0T0I0F3","(2,0,0,3)","ASSEMBLE+INSPECT","CUT=36/84;ASSEMBLE+INSPECT=108/126"
P2|N12|F|UNIFORM|d90|p125,9,580,37,"C2A0T1I2F0","(2,2,2,0)","INSPECT","CUT=36/74;ASSEMBLE=48/74;INSPECT=60/74"
P2|N12|F|UNIFORM|d90|p125,10,650,35,"C2A1T0I1F2","(2,1,1,2)","ASSEMBLE+INSPECT","CUT=36/70;ASSEMBLE+INSPECT=108/140"
P2|N12|F|UNIFORM|d90|p125,11,680,33,"C2A0T1I3F0","(2,2,3,0)","ASSEMBLE","CUT=36/66;ASSEMBLE=48/66;INSPECT=60/99"
P2|N12|F|UNIFORM|d90|p125,12,705,32,"C2A0T1I2F1","(2,2,2,1)","ASSEMBLE+INSPECT","CUT=36/64;ASSEMBLE+INSPECT=108/160"
P2|N12|F|UNIFORM|d90|p125,13,750,31,"C2A1T0I2F2","(2,1,2,2)","ASSEMBLE+INSPECT","CUT=36/62;ASSEMBLE+INSPECT=108/155"
P2|N12|F|UNIFORM|d90|p125,14,775,30,"C2A1T0I1F3","(2,1,1,3)","ASSEMBLE+INSPECT","CUT=36/60;ASSEMBLE+INSPECT=108/150"
P2|N12|F|UNIFORM|d90|p125,15,805,29,"C2A0T1I3F1","(2,2,3,1)","CUT|ASSEMBLE+INSPECT","CUT=36/58;ASSEMBLE+INSPECT=108/174"
P2|N12|F|UNIFORM|d90|p125,16,830,28,"C2A0T1I2F2","(2,2,2,2)","CUT|ASSEMBLE+INSPECT","CUT=36/56;ASSEMBLE+INSPECT=108/168"
P2|N12|F|UNIFORM|d90|p125,17,880,27,"C3A1T1I3F0","(3,3,3,0)","INSPECT","CUT=36/81;ASSEMBLE=48/81;INSPECT=60/81"
P2|N12|F|UNIFORM|d90|p125,18,980,26,"C3A1T1I4F0","(3,3,4,0)","ASSEMBLE","CUT=36/78;ASSEMBLE=48/78;INSPECT=60/104"
P2|N12|F|UNIFORM|d90|p125,19,1030,24,"C3A0T1I3F2","(3,2,3,2)","ASSEMBLE+INSPECT","CUT=36/72;ASSEMBLE+INSPECT=108/168"
P2|N12|F|UNIFORM|d90|p125,20,1155,23,"C3A1T1I2F3","(3,3,2,3)","ASSEMBLE+INSPECT","CUT=36/69;ASSEMBLE+INSPECT=108/184"
P2|N12|F|UNIFORM|d90|p125,21,1160,22,"C4A0T2I4F0","(4,4,4,0)","INSPECT","CUT=36/88;ASSEMBLE=48/88;INSPECT=60/88"
P2|N12|F|UNIFORM|d90|p125,22,1355,21,"C4A1T1I3F3","(4,3,3,3)","ASSEMBLE+INSPECT","CUT=36/84;ASSEMBLE+INSPECT=108/189"
P2|N12|F|UNIFORM|d90|p125,23,1410,20,"C4A0T2I4F2","(4,4,4,2)","ASSEMBLE+INSPECT","CUT=36/80;ASSEMBLE+INSPECT=108/200"
P2|N12|F|UNIFORM|d90|p150,0,250,111,"C1A0T0I0F1","(1,0,0,1)","ASSEMBLE+INSPECT","CUT=36/111;ASSEMBLE+INSPECT=108/111"
P2|N12|F|UNIFORM|d90|p150,1,300,67,"C1A1T0I1F0","(1,1,1,0)","INSPECT","CUT=36/67;ASSEMBLE=48/67;INSPECT=60/67"
P2|N12|F|UNIFORM|d90|p150,2,400,56,"C1A1T0I2F0","(1,1,2,0)","ASSEMBLE","CUT=36/56;ASSEMBLE=48/56;INSPECT=60/112"
P2|N12|F|UNIFORM|d90|p150,3,450,47,"C1A1T0I1F1","(1,1,1,1)","CUT|ASSEMBLE+INSPECT","CUT=36/47;ASSEMBLE+INSPECT=108/141"
P2|N12|F|UNIFORM|d90|p150,4,480,45,"C1A0T1I2F0","(1,2,2,0)","CUT","CUT=36/45;ASSEMBLE=48/90;INSPECT=60/90"
P2|N12|F|UNIFORM|d90|p150,5,550,44,"C2A1T0I1F1","(2,1,1,1)","ASSEMBLE+INSPECT","CUT=36/88;ASSEMBLE+INSPECT=108/132"
P2|N12|F|UNIFORM|d90|p150,6,580,37,"C2A0T1I2F0","(2,2,2,0)","INSPECT","CUT=36/74;ASSEMBLE=48/74;INSPECT=60/74"
P2|N12|F|UNIFORM|d90|p150,7,680,33,"C2A0T1I3F0","(2,2,3,0)","ASSEMBLE","CUT=36/66;ASSEMBLE=48/66;INSPECT=60/99"
P2|N12|F|UNIFORM|d90|p150,8,730,32,"C2A0T1I2F1","(2,2,2,1)","ASSEMBLE+INSPECT","CUT=36/64;ASSEMBLE+INSPECT=108/160"
P2|N12|F|UNIFORM|d90|p150,9,780,30,"C2A1T1I3F0","(2,3,3,0)","INSPECT","CUT=36/60;ASSEMBLE=48/90;INSPECT=60/90"
P2|N12|F|UNIFORM|d90|p150,10,830,29,"C2A0T1I3F1","(2,2,3,1)","CUT|ASSEMBLE+INSPECT","CUT=36/58;ASSEMBLE+INSPECT=108/174"
P2|N12|F|UNIFORM|d90|p150,11,880,27,"C3A1T1I3F0","(3,3,3,0)","INSPECT","CUT=36/81;ASSEMBLE=48/81;INSPECT=60/81"
P2|N12|F|UNIFORM|d90|p150,12,980,26,"C3A1T1I4F0","(3,3,4,0)","ASSEMBLE","CUT=36/78;ASSEMBLE=48/78;INSPECT=60/104"
P2|N12|F|UNIFORM|d90|p150,13,1060,25,"C3A0T2I4F0","(3,4,4,0)","INSPECT","CUT=36/75;ASSEMBLE=48/100;INSPECT=60/100"
P2|N12|F|UNIFORM|d90|p150,14,1080,24,"C3A0T1I3F2","(3,2,3,2)","ASSEMBLE+INSPECT","CUT=36/72;ASSEMBLE+INSPECT=108/168"
P2|N12|F|UNIFORM|d90|p150,15,1160,22,"C4A0T2I4F0","(4,4,4,0)","INSPECT","CUT=36/88;ASSEMBLE=48/88;INSPECT=60/88"
P2|N12|F|UNIFORM|d90|p150,16,1430,21,"C4A1T1I3F3","(4,3,3,3)","ASSEMBLE+INSPECT","CUT=36/84;ASSEMBLE+INSPECT=108/189"
P2|N12|F|UNIFORM|d90|p150,17,1460,20,"C4A0T2I4F2","(4,4,4,2)","ASSEMBLE+INSPECT","CUT=36/80;ASSEMBLE+INSPECT=108/200"
P2|N12|F|UNIFORM|d90|p200,0,300,67,"C1A1T0I1F0","(1,1,1,0)","INSPECT","CUT=36/67;ASSEMBLE=48/67;INSPECT=60/67"
P2|N12|F|UNIFORM|d90|p200,1,400,56,"C1A1T0I2F0","(1,1,2,0)","ASSEMBLE","CUT=36/56;ASSEMBLE=48/56;INSPECT=60/112"
P2|N12|F|UNIFORM|d90|p200,2,480,45,"C1A0T1I2F0","(1,2,2,0)","CUT","CUT=36/45;ASSEMBLE=48/90;INSPECT=60/90"
P2|N12|F|UNIFORM|d90|p200,3,580,37,"C2A0T1I2F0","(2,2,2,0)","INSPECT","CUT=36/74;ASSEMBLE=48/74;INSPECT=60/74"
P2|N12|F|UNIFORM|d90|p200,4,680,33,"C2A0T1I3F0","(2,2,3,0)","ASSEMBLE","CUT=36/66;ASSEMBLE=48/66;INSPECT=60/99"
P2|N12|F|UNIFORM|d90|p200,5,780,30,"C2A1T1I3F0","(2,3,3,0)","INSPECT","CUT=36/60;ASSEMBLE=48/90;INSPECT=60/90"
P2|N12|F|UNIFORM|d90|p200,6,880,27,"C3A1T1I3F0","(3,3,3,0)","INSPECT","CUT=36/81;ASSEMBLE=48/81;INSPECT=60/81"
P2|N12|F|UNIFORM|d90|p200,7,980,26,"C3A1T1I4F0","(3,3,4,0)","ASSEMBLE","CUT=36/78;ASSEMBLE=48/78;INSPECT=60/104"
P2|N12|F|UNIFORM|d90|p200,8,1060,25,"C3A0T2I4F0","(3,4,4,0)","INSPECT","CUT=36/75;ASSEMBLE=48/100;INSPECT=60/100"
P2|N12|F|UNIFORM|d90|p200,9,1160,22,"C4A0T2I4F0","(4,4,4,0)","INSPECT","CUT=36/88;ASSEMBLE=48/88;INSPECT=60/88"
P2|N12|F|UNIFORM|d90|p200,10,1560,20,"C4A0T2I4F2","(4,4,4,2)","ASSEMBLE+INSPECT","CUT=36/80;ASSEMBLE+INSPECT=108/200"
P2|N12|F|UNIFORM|d100|p100,0,200,111,"C1A0T0I0F1","(1,0,0,1)","ASSEMBLE+INSPECT","CUT=36/111;ASSEMBLE+INSPECT=108/111"
P2|N12|F|UNIFORM|d100|p100,1,300,60,"C1A0T0I0F2","(1,0,0,2)","ASSEMBLE+INSPECT","CUT=36/60;ASSEMBLE+INSPECT=108/120"
P2|N12|F|UNIFORM|d100|p100,2,400,45,"C1A0T0I0F3","(1,0,0,3)","CUT|ASSEMBLE+INSPECT","CUT=36/45;ASSEMBLE+INSPECT=108/135"
P2|N12|F|UNIFORM|d100|p100,3,500,42,"C2A0T0I0F3","(2,0,0,3)","ASSEMBLE+INSPECT","CUT=36/84;ASSEMBLE+INSPECT=108/126"
P2|N12|F|UNIFORM|d100|p100,4,600,35,"C2A1T0I1F2","(2,1,1,2)","ASSEMBLE+INSPECT","CUT=36/70;ASSEMBLE+INSPECT=108/140"
P2|N12|F|UNIFORM|d100|p100,5,700,30,"C2A1T0I1F3","(2,1,1,3)","ASSEMBLE+INSPECT","CUT=36/60;ASSEMBLE+INSPECT=108/150"
P2|N12|F|UNIFORM|d100|p100,6,800,28,"C2A0T1I1F3 C2A0T1I2F2 C2A1T0I2F3 C2A2T0I1F3 C2A2T0I2F2","(2,2,1,3) (2,2,2,2) (2,1,2,3) (2,2,1,3) (2,2,2,2)","CUT|ASSEMBLE+INSPECT CUT|ASSEMBLE+INSPECT CUT|ASSEMBLE+INSPECT CUT|ASSEMBLE+INSPECT CUT|ASSEMBLE+INSPECT","CUT=36/56;ASSEMBLE+INSPECT=108/168 CUT=36/56;ASSEMBLE+INSPECT=108/168 CUT=36/56;ASSEMBLE+INSPECT=108/168 CUT=36/56;ASSEMBLE+INSPECT=108/168 CUT=36/56;ASSEMBLE+INSPECT=108/168"
P2|N12|F|UNIFORM|d100|p100,7,900,27,"C3A0T1I1F3 C3A0T1I2F2 C3A1T1I3F0 C3A2T0I1F3 C3A2T0I2F2 C3A3T0I3F0","(3,2,1,3) (3,2,2,2) (3,3,3,0) (3,2,1,3) (3,2,2,2) (3,3,3,0)","ASSEMBLE+INSPECT ASSEMBLE+INSPECT INSPECT ASSEMBLE+INSPECT ASSEMBLE+INSPECT INSPECT","CUT=36/81;ASSEMBLE+INSPECT=108/162 CUT=36/81;ASSEMBLE+INSPECT=108/162 CUT=36/81;ASSEMBLE=48/81;INSPECT=60/81 CUT=36/81;ASSEMBLE+INSPECT=108/162 CUT=36/81;ASSEMBLE+INSPECT=108/162 CUT=36/81;ASSEMBLE=48/81;INSPECT=60/81"
P2|N12|F|UNIFORM|d100|p100,8,1000,24,"C3A0T1I2F3 C3A0T1I3F2 C3A2T0I2F3 C3A2T0I3F2","(3,2,2,3) (3,2,3,2) (3,2,2,3) (3,2,3,2)","ASSEMBLE+INSPECT ASSEMBLE+INSPECT ASSEMBLE+INSPECT ASSEMBLE+INSPECT","CUT=36/72;ASSEMBLE+INSPECT=108/168 CUT=36/72;ASSEMBLE+INSPECT=108/168 CUT=36/72;ASSEMBLE+INSPECT=108/168 CUT=36/72;ASSEMBLE+INSPECT=108/168"
P2|N12|F|UNIFORM|d100|p100,9,1100,23,"C3A1T1I2F3 C3A3T0I2F3","(3,3,2,3) (3,3,2,3)","ASSEMBLE+INSPECT ASSEMBLE+INSPECT","CUT=36/69;ASSEMBLE+INSPECT=108/184 CUT=36/69;ASSEMBLE+INSPECT=108/184"
P2|N12|F|UNIFORM|d100|p100,10,1200,22,"C3A0T1I4F3 C3A1T1I3F3 C3A1T1I4F2 C3A2T0I4F3 C3A3T0I3F3 C3A3T0I4F2 C4A0T2I4F0 C4A1T1I2F3 C4A1T1I3F2 C4A2T1I4F0 C4A3T0I2F3 C4A3T0I3F2 C4A4T0I4F0","(3,2,4,3) (3,3,3,3) (3,3,4,2) (3,2,4,3) (3,3,3,3) (3,3,4,2) (4,4,4,0) (4,3,2,3) (4,3,3,2) (4,4,4,0) (4,3,2,3) (4,3,3,2) (4,4,4,0)","CUT|ASSEMBLE+INSPECT CUT|ASSEMBLE+INSPECT CUT|ASSEMBLE+INSPECT CUT|ASSEMBLE+INSPECT CUT|ASSEMBLE+INSPECT CUT|ASSEMBLE+INSPECT INSPECT ASSEMBLE+INSPECT ASSEMBLE+INSPECT INSPECT ASSEMBLE+INSPECT ASSEMBLE+INSPECT INSPECT","CUT=36/66;ASSEMBLE+INSPECT=108/198 CUT=36/66;ASSEMBLE+INSPECT=108/198 CUT=36/66;ASSEMBLE+INSPECT=108/198 CUT=36/66;ASSEMBLE+INSPECT=108/198 CUT=36/66;ASSEMBLE+INSPECT=108/198 CUT=36/66;ASSEMBLE+INSPECT=108/198 CUT=36/88;ASSEMBLE=48/88;INSPECT=60/88 CUT=36/88;ASSEMBLE+INSPECT=108/176 CUT=36/88;ASSEMBLE+INSPECT=108/176 CUT=36/88;ASSEMBLE=48/88;INSPECT=60/88 CUT=36/88;ASSEMBLE+INSPECT=108/176 CUT=36/88;ASSEMBLE+INSPECT=108/176 CUT=36/88;ASSEMBLE=48/88;INSPECT=60/88"
P2|N12|F|UNIFORM|d100|p100,11,1300,21,"C4A1T1I3F3 C4A3T0I3F3","(4,3,3,3) (4,3,3,3)","ASSEMBLE+INSPECT ASSEMBLE+INSPECT","CUT=36/84;ASSEMBLE+INSPECT=108/189 CUT=36/84;ASSEMBLE+INSPECT=108/189"
P2|N12|F|UNIFORM|d100|p100,12,1400,20,"C4A0T2I3F3 C4A0T2I4F2 C4A1T1I4F3 C4A2T1I3F3 C4A2T1I4F2 C4A3T0I4F3 C4A4T0I3F3 C4A4T0I4F2","(4,4,3,3) (4,4,4,2) (4,3,4,3) (4,4,3,3) (4,4,4,2) (4,3,4,3) (4,4,3,3) (4,4,4,2)","ASSEMBLE+INSPECT ASSEMBLE+INSPECT ASSEMBLE+INSPECT ASSEMBLE+INSPECT ASSEMBLE+INSPECT ASSEMBLE+INSPECT ASSEMBLE+INSPECT ASSEMBLE+INSPECT","CUT=36/80;ASSEMBLE+INSPECT=108/200 CUT=36/80;ASSEMBLE+INSPECT=108/200 CUT=36/80;ASSEMBLE+INSPECT=108/200 CUT=36/80;ASSEMBLE+INSPECT=108/200 CUT=36/80;ASSEMBLE+INSPECT=108/200 CUT=36/80;ASSEMBLE+INSPECT=108/200 CUT=36/80;ASSEMBLE+INSPECT=108/200 CUT=36/80;ASSEMBLE+INSPECT=108/200"
P2|N12|F|UNIFORM|d100|p125,0,225,111,"C1A0T0I0F1","(1,0,0,1)","ASSEMBLE+INSPECT","CUT=36/111;ASSEMBLE+INSPECT=108/111"
P2|N12|F|UNIFORM|d100|p125,1,300,67,"C1A1T0I1F0","(1,1,1,0)","INSPECT","CUT=36/67;ASSEMBLE=48/67;INSPECT=60/67"
P2|N12|F|UNIFORM|d100|p125,2,350,60,"C1A0T0I0F2","(1,0,0,2)","ASSEMBLE+INSPECT","CUT=36/60;ASSEMBLE+INSPECT=108/120"
P2|N12|F|UNIFORM|d100|p125,3,400,56,"C1A1T0I2F0","(1,1,2,0)","ASSEMBLE","CUT=36/56;ASSEMBLE=48/56;INSPECT=60/112"
P2|N12|F|UNIFORM|d100|p125,4,425,47,"C1A1T0I1F1","(1,1,1,1)","CUT|ASSEMBLE+INSPECT","CUT=36/47;ASSEMBLE+INSPECT=108/141"
P2|N12|F|UNIFORM|d100|p125,5,450,46,"C1A1T0I0F2","(1,1,0,2)","CUT|ASSEMBLE+INSPECT","CUT=36/46;ASSEMBLE+INSPECT=108/138"
P2|N12|F|UNIFORM|d100|p125,6,475,45,"C1A0T0I0F3","(1,0,0,3)","CUT|ASSEMBLE+INSPECT","CUT=36/45;ASSEMBLE+INSPECT=108/135"
P2|N12|F|UNIFORM|d100|p125,7,525,44,"C2A1T0I1F1","(2,1,1,1)","ASSEMBLE+INSPECT","CUT=36/88;ASSEMBLE+INSPECT=108/132"
P2|N12|F|UNIFORM|d100|p125,8,575,42,"C2A0T0I0F3","(2,0,0,3)","ASSEMBLE+INSPECT","CUT=36/84;ASSEMBLE+INSPECT=108/126"
P2|N12|F|UNIFORM|d100|p125,9,600,37,"C2A0T1I2F0 C2A2T0I2F0","(2,2,2,0) (2,2,2,0)","INSPECT INSPECT","CUT=36/74;ASSEMBLE=48/74;INSPECT=60/74 CUT=36/74;ASSEMBLE=48/74;INSPECT=60/74"
P2|N12|F|UNIFORM|d100|p125,10,650,35,"C2A1T0I1F2","(2,1,1,2)","ASSEMBLE+INSPECT","CUT=36/70;ASSEMBLE+INSPECT=108/140"
P2|N12|F|UNIFORM|d100|p125,11,700,33,"C2A0T1I3F0 C2A2T0I3F0","(2,2,3,0) (2,2,3,0)","ASSEMBLE ASSEMBLE","CUT=36/66;ASSEMBLE=48/66;INSPECT=60/99 CUT=36/66;ASSEMBLE=48/66;INSPECT=60/99"
P2|N12|F|UNIFORM|d100|p125,12,725,32,"C2A0T1I2F1 C2A2T0I2F1","(2,2,2,1) (2,2,2,1)","ASSEMBLE+INSPECT ASSEMBLE+INSPECT","CUT=36/64;ASSEMBLE+INSPECT=108/160 CUT=36/64;ASSEMBLE+INSPECT=108/160"
P2|N12|F|UNIFORM|d100|p125,13,750,31,"C2A1T0I2F2","(2,1,2,2)","ASSEMBLE+INSPECT","CUT=36/62;ASSEMBLE+INSPECT=108/155"
P2|N12|F|UNIFORM|d100|p125,14,775,30,"C2A1T0I1F3","(2,1,1,3)","ASSEMBLE+INSPECT","CUT=36/60;ASSEMBLE+INSPECT=108/150"
P2|N12|F|UNIFORM|d100|p125,15,825,29,"C2A0T1I3F1 C2A2T0I3F1","(2,2,3,1) (2,2,3,1)","CUT|ASSEMBLE+INSPECT CUT|ASSEMBLE+INSPECT","CUT=36/58;ASSEMBLE+INSPECT=108/174 CUT=36/58;ASSEMBLE+INSPECT=108/174"
P2|N12|F|UNIFORM|d100|p125,16,850,28,"C2A0T1I2F2 C2A2T0I2F2","(2,2,2,2) (2,2,2,2)","CUT|ASSEMBLE+INSPECT CUT|ASSEMBLE+INSPECT","CUT=36/56;ASSEMBLE+INSPECT=108/168 CUT=36/56;ASSEMBLE+INSPECT=108/168"
P2|N12|F|UNIFORM|d100|p125,17,900,27,"C3A1T1I3F0 C3A3T0I3F0","(3,3,3,0) (3,3,3,0)","INSPECT INSPECT","CUT=36/81;ASSEMBLE=48/81;INSPECT=60/81 CUT=36/81;ASSEMBLE=48/81;INSPECT=60/81"
P2|N12|F|UNIFORM|d100|p125,18,1000,26,"C3A1T1I4F0 C3A3T0I4F0","(3,3,4,0) (3,3,4,0)","ASSEMBLE ASSEMBLE","CUT=36/78;ASSEMBLE=48/78;INSPECT=60/104 CUT=36/78;ASSEMBLE=48/78;INSPECT=60/104"
P2|N12|F|UNIFORM|d100|p125,19,1050,24,"C3A0T1I3F2 C3A2T0I3F2","(3,2,3,2) (3,2,3,2)","ASSEMBLE+INSPECT ASSEMBLE+INSPECT","CUT=36/72;ASSEMBLE+INSPECT=108/168 CUT=36/72;ASSEMBLE+INSPECT=108/168"
P2|N12|F|UNIFORM|d100|p125,20,1175,23,"C3A1T1I2F3 C3A3T0I2F3","(3,3,2,3) (3,3,2,3)","ASSEMBLE+INSPECT ASSEMBLE+INSPECT","CUT=36/69;ASSEMBLE+INSPECT=108/184 CUT=36/69;ASSEMBLE+INSPECT=108/184"
P2|N12|F|UNIFORM|d100|p125,21,1200,22,"C4A0T2I4F0 C4A2T1I4F0 C4A4T0I4F0","(4,4,4,0) (4,4,4,0) (4,4,4,0)","INSPECT INSPECT INSPECT","CUT=36/88;ASSEMBLE=48/88;INSPECT=60/88 CUT=36/88;ASSEMBLE=48/88;INSPECT=60/88 CUT=36/88;ASSEMBLE=48/88;INSPECT=60/88"
P2|N12|F|UNIFORM|d100|p125,22,1375,21,"C4A1T1I3F3 C4A3T0I3F3","(4,3,3,3) (4,3,3,3)","ASSEMBLE+INSPECT ASSEMBLE+INSPECT","CUT=36/84;ASSEMBLE+INSPECT=108/189 CUT=36/84;ASSEMBLE+INSPECT=108/189"
P2|N12|F|UNIFORM|d100|p125,23,1450,20,"C4A0T2I4F2 C4A2T1I4F2 C4A4T0I4F2","(4,4,4,2) (4,4,4,2) (4,4,4,2)","ASSEMBLE+INSPECT ASSEMBLE+INSPECT ASSEMBLE+INSPECT","CUT=36/80;ASSEMBLE+INSPECT=108/200 CUT=36/80;ASSEMBLE+INSPECT=108/200 CUT=36/80;ASSEMBLE+INSPECT=108/200"
P2|N12|F|UNIFORM|d100|p150,0,250,111,"C1A0T0I0F1","(1,0,0,1)","ASSEMBLE+INSPECT","CUT=36/111;ASSEMBLE+INSPECT=108/111"
P2|N12|F|UNIFORM|d100|p150,1,300,67,"C1A1T0I1F0","(1,1,1,0)","INSPECT","CUT=36/67;ASSEMBLE=48/67;INSPECT=60/67"
P2|N12|F|UNIFORM|d100|p150,2,400,56,"C1A1T0I2F0","(1,1,2,0)","ASSEMBLE","CUT=36/56;ASSEMBLE=48/56;INSPECT=60/112"
P2|N12|F|UNIFORM|d100|p150,3,450,47,"C1A1T0I1F1","(1,1,1,1)","CUT|ASSEMBLE+INSPECT","CUT=36/47;ASSEMBLE+INSPECT=108/141"
P2|N12|F|UNIFORM|d100|p150,4,500,45,"C1A0T1I2F0 C1A2T0I2F0","(1,2,2,0) (1,2,2,0)","CUT CUT","CUT=36/45;ASSEMBLE=48/90;INSPECT=60/90 CUT=36/45;ASSEMBLE=48/90;INSPECT=60/90"
P2|N12|F|UNIFORM|d100|p150,5,550,44,"C2A1T0I1F1","(2,1,1,1)","ASSEMBLE+INSPECT","CUT=36/88;ASSEMBLE+INSPECT=108/132"
P2|N12|F|UNIFORM|d100|p150,6,600,37,"C2A0T1I2F0 C2A2T0I2F0","(2,2,2,0) (2,2,2,0)","INSPECT INSPECT","CUT=36/74;ASSEMBLE=48/74;INSPECT=60/74 CUT=36/74;ASSEMBLE=48/74;INSPECT=60/74"
P2|N12|F|UNIFORM|d100|p150,7,700,33,"C2A0T1I3F0 C2A2T0I3F0","(2,2,3,0) (2,2,3,0)","ASSEMBLE ASSEMBLE","CUT=36/66;ASSEMBLE=48/66;INSPECT=60/99 CUT=36/66;ASSEMBLE=48/66;INSPECT=60/99"
P2|N12|F|UNIFORM|d100|p150,8,750,32,"C2A0T1I2F1 C2A2T0I2F1","(2,2,2,1) (2,2,2,1)","ASSEMBLE+INSPECT ASSEMBLE+INSPECT","CUT=36/64;ASSEMBLE+INSPECT=108/160 CUT=36/64;ASSEMBLE+INSPECT=108/160"
P2|N12|F|UNIFORM|d100|p150,9,800,30,"C2A1T1I3F0 C2A3T0I3F0","(2,3,3,0) (2,3,3,0)","INSPECT INSPECT","CUT=36/60;ASSEMBLE=48/90;INSPECT=60/90 CUT=36/60;ASSEMBLE=48/90;INSPECT=60/90"
P2|N12|F|UNIFORM|d100|p150,10,850,29,"C2A0T1I3F1 C2A2T0I3F1","(2,2,3,1) (2,2,3,1)","CUT|ASSEMBLE+INSPECT CUT|ASSEMBLE+INSPECT","CUT=36/58;ASSEMBLE+INSPECT=108/174 CUT=36/58;ASSEMBLE+INSPECT=108/174"
P2|N12|F|UNIFORM|d100|p150,11,900,27,"C3A1T1I3F0 C3A3T0I3F0","(3,3,3,0) (3,3,3,0)","INSPECT INSPECT","CUT=36/81;ASSEMBLE=48/81;INSPECT=60/81 CUT=36/81;ASSEMBLE=48/81;INSPECT=60/81"
P2|N12|F|UNIFORM|d100|p150,12,1000,26,"C3A1T1I4F0 C3A3T0I4F0","(3,3,4,0) (3,3,4,0)","ASSEMBLE ASSEMBLE","CUT=36/78;ASSEMBLE=48/78;INSPECT=60/104 CUT=36/78;ASSEMBLE=48/78;INSPECT=60/104"
P2|N12|F|UNIFORM|d100|p150,13,1100,24,"C3A0T1I3F2 C3A2T0I3F2","(3,2,3,2) (3,2,3,2)","ASSEMBLE+INSPECT ASSEMBLE+INSPECT","CUT=36/72;ASSEMBLE+INSPECT=108/168 CUT=36/72;ASSEMBLE+INSPECT=108/168"
P2|N12|F|UNIFORM|d100|p150,14,1200,22,"C4A0T2I4F0 C4A2T1I4F0 C4A4T0I4F0","(4,4,4,0) (4,4,4,0) (4,4,4,0)","INSPECT INSPECT INSPECT","CUT=36/88;ASSEMBLE=48/88;INSPECT=60/88 CUT=36/88;ASSEMBLE=48/88;INSPECT=60/88 CUT=36/88;ASSEMBLE=48/88;INSPECT=60/88"
P2|N12|F|UNIFORM|d100|p150,15,1450,21,"C4A1T1I3F3 C4A3T0I3F3","(4,3,3,3) (4,3,3,3)","ASSEMBLE+INSPECT ASSEMBLE+INSPECT","CUT=36/84;ASSEMBLE+INSPECT=108/189 CUT=36/84;ASSEMBLE+INSPECT=108/189"
P2|N12|F|UNIFORM|d100|p150,16,1500,20,"C4A0T2I4F2 C4A2T1I4F2 C4A4T0I4F2","(4,4,4,2) (4,4,4,2) (4,4,4,2)","ASSEMBLE+INSPECT ASSEMBLE+INSPECT ASSEMBLE+INSPECT","CUT=36/80;ASSEMBLE+INSPECT=108/200 CUT=36/80;ASSEMBLE+INSPECT=108/200 CUT=36/80;ASSEMBLE+INSPECT=108/200"
P2|N12|F|UNIFORM|d100|p200,0,300,67,"C1A1T0I1F0","(1,1,1,0)","INSPECT","CUT=36/67;ASSEMBLE=48/67;INSPECT=60/67"
P2|N12|F|UNIFORM|d100|p200,1,400,56,"C1A1T0I2F0","(1,1,2,0)","ASSEMBLE","CUT=36/56;ASSEMBLE=48/56;INSPECT=60/112"
P2|N12|F|UNIFORM|d100|p200,2,500,45,"C1A0T1I2F0 C1A2T0I2F0","(1,2,2,0) (1,2,2,0)","CUT CUT","CUT=36/45;ASSEMBLE=48/90;INSPECT=60/90 CUT=36/45;ASSEMBLE=48/90;INSPECT=60/90"
P2|N12|F|UNIFORM|d100|p200,3,600,37,"C2A0T1I2F0 C2A2T0I2F0","(2,2,2,0) (2,2,2,0)","INSPECT INSPECT","CUT=36/74;ASSEMBLE=48/74;INSPECT=60/74 CUT=36/74;ASSEMBLE=48/74;INSPECT=60/74"
P2|N12|F|UNIFORM|d100|p200,4,700,33,"C2A0T1I3F0 C2A2T0I3F0","(2,2,3,0) (2,2,3,0)","ASSEMBLE ASSEMBLE","CUT=36/66;ASSEMBLE=48/66;INSPECT=60/99 CUT=36/66;ASSEMBLE=48/66;INSPECT=60/99"
P2|N12|F|UNIFORM|d100|p200,5,800,30,"C2A1T1I3F0 C2A3T0I3F0","(2,3,3,0) (2,3,3,0)","INSPECT INSPECT","CUT=36/60;ASSEMBLE=48/90;INSPECT=60/90 CUT=36/60;ASSEMBLE=48/90;INSPECT=60/90"
P2|N12|F|UNIFORM|d100|p200,6,900,27,"C3A1T1I3F0 C3A3T0I3F0","(3,3,3,0) (3,3,3,0)","INSPECT INSPECT","CUT=36/81;ASSEMBLE=48/81;INSPECT=60/81 CUT=36/81;ASSEMBLE=48/81;INSPECT=60/81"
P2|N12|F|UNIFORM|d100|p200,7,1000,26,"C3A1T1I4F0 C3A3T0I4F0","(3,3,4,0) (3,3,4,0)","ASSEMBLE ASSEMBLE","CUT=36/78;ASSEMBLE=48/78;INSPECT=60/104 CUT=36/78;ASSEMBLE=48/78;INSPECT=60/104"
P2|N12|F|UNIFORM|d100|p200,8,1100,25,"C3A0T2I4F0 C3A2T1I4F0 C3A4T0I4F0","(3,4,4,0) (3,4,4,0) (3,4,4,0)","INSPECT INSPECT INSPECT","CUT=36/75;ASSEMBLE=48/100;INSPECT=60/100 CUT=36/75;ASSEMBLE=48/100;INSPECT=60/100 CUT=36/75;ASSEMBLE=48/100;INSPECT=60/100"
P2|N12|F|UNIFORM|d100|p200,9,1200,22,"C4A0T2I4F0 C4A2T1I4F0 C4A4T0I4F0","(4,4,4,0) (4,4,4,0) (4,4,4,0)","INSPECT INSPECT INSPECT","CUT=36/88;ASSEMBLE=48/88;INSPECT=60/88 CUT=36/88;ASSEMBLE=48/88;INSPECT=60/88 CUT=36/88;ASSEMBLE=48/88;INSPECT=60/88"
P2|N12|F|UNIFORM|d100|p200,10,1600,20,"C4A0T2I4F2 C4A2T1I4F2 C4A4T0I4F2","(4,4,4,2) (4,4,4,2) (4,4,4,2)","ASSEMBLE+INSPECT ASSEMBLE+INSPECT ASSEMBLE+INSPECT","CUT=36/80;ASSEMBLE+INSPECT=108/200 CUT=36/80;ASSEMBLE+INSPECT=108/200 CUT=36/80;ASSEMBLE+INSPECT=108/200"
P2|N12|F|WORK|d75|p100,0,400,111,"C1A0T0I0F1","(1,0,0,1)","ASSEMBLE+INSPECT","CUT=36/111;ASSEMBLE+INSPECT=108/111"
P2|N12|F|WORK|d75|p100,1,600,67,"C1A1T0I1F0","(1,1,1,0)","INSPECT","CUT=36/67;ASSEMBLE=48/67;INSPECT=60/67"
P2|N12|F|WORK|d75|p100,2,650,60,"C1A0T0I0F2","(1,0,0,2)","ASSEMBLE+INSPECT","CUT=36/60;ASSEMBLE+INSPECT=108/120"
P2|N12|F|WORK|d75|p100,3,800,57,"C2A0T0I0F2","(2,0,0,2)","ASSEMBLE+INSPECT","CUT=36/114;ASSEMBLE+INSPECT=108/114"
P2|N12|F|WORK|d75|p100,4,850,46,"C1A1T0I0F2","(1,1,0,2)","CUT|ASSEMBLE+INSPECT","CUT=36/46;ASSEMBLE+INSPECT=108/138"
P2|N12|F|WORK|d75|p100,5,900,45,"C1A0T0I0F3","(1,0,0,3)","CUT|ASSEMBLE+INSPECT","CUT=36/45;ASSEMBLE+INSPECT=108/135"
P2|N12|F|WORK|d75|p100,6,1000,44,"C2A1T0I1F1","(2,1,1,1)","ASSEMBLE+INSPECT","CUT=36/88;ASSEMBLE+INSPECT=108/132"
P2|N12|F|WORK|d75|p100,7,1050,42,"C2A0T0I0F3","(2,0,0,3)","ASSEMBLE+INSPECT","CUT=36/84;ASSEMBLE+INSPECT=108/126"
P2|N12|F|WORK|d75|p100,8,1100,37,"C2A0T1I2F0","(2,2,2,0)","INSPECT","CUT=36/74;ASSEMBLE=48/74;INSPECT=60/74"
P2|N12|F|WORK|d75|p100,9,1250,35,"C2A1T0I1F2","(2,1,1,2)","ASSEMBLE+INSPECT","CUT=36/70;ASSEMBLE+INSPECT=108/140"
P2|N12|F|WORK|d75|p100,10,1350,31,"C2A0T1I0F3","(2,2,0,3)","ASSEMBLE+INSPECT","CUT=36/62;ASSEMBLE+INSPECT=108/155"
P2|N12|F|WORK|d75|p100,11,1500,30,"C2A1T0I1F3","(2,1,1,3)","ASSEMBLE+INSPECT","CUT=36/60;ASSEMBLE+INSPECT=108/150"
P2|N12|F|WORK|d75|p100,12,1600,28,"C2A0T1I1F3 C2A0T1I2F2","(2,2,1,3) (2,2,2,2)","CUT|ASSEMBLE+INSPECT CUT|ASSEMBLE+INSPECT","CUT=36/56;ASSEMBLE+INSPECT=108/168 CUT=36/56;ASSEMBLE+INSPECT=108/168"
P2|N12|F|WORK|d75|p100,13,1700,27,"C3A1T1I3F0","(3,3,3,0)","INSPECT","CUT=36/81;ASSEMBLE=48/81;INSPECT=60/81"
P2|N12|F|WORK|d75|p100,14,1900,26,"C4A0T1I2F2","(4,2,2,2)","ASSEMBLE+INSPECT","CUT=36/104;ASSEMBLE+INSPECT=108/156"
P2|N12|F|WORK|d75|p100,15,1950,25,"C3A1T1I1F3","(3,3,1,3)","ASSEMBLE+INSPECT","CUT=36/75;ASSEMBLE+INSPECT=108/175"
P2|N12|F|WORK|d75|p100,16,2000,24,"C3A0T1I2F3 C3A0T1I3F2","(3,2,2,3) (3,2,3,2)","ASSEMBLE+INSPECT ASSEMBLE+INSPECT","CUT=36/72;ASSEMBLE+INSPECT=108/168 CUT=36/72;ASSEMBLE+INSPECT=108/168"
P2|N12|F|WORK|d75|p100,17,2200,22,"C4A0T2I4F0","(4,4,4,0)","INSPECT","CUT=36/88;ASSEMBLE=48/88;INSPECT=60/88"
P2|N12|F|WORK|d75|p100,18,2600,21,"C4A1T1I3F3","(4,3,3,3)","ASSEMBLE+INSPECT","CUT=36/84;ASSEMBLE+INSPECT=108/189"
P2|N12|F|WORK|d75|p100,19,2700,20,"C4A0T2I3F3 C4A0T2I4F2","(4,4,3,3) (4,4,4,2)","ASSEMBLE+INSPECT ASSEMBLE+INSPECT","CUT=36/80;ASSEMBLE+INSPECT=108/200 CUT=36/80;ASSEMBLE+INSPECT=108/200"
P2|N12|F|WORK|d75|p125,0,463,111,"C1A0T0I0F1","(1,0,0,1)","ASSEMBLE+INSPECT","CUT=36/111;ASSEMBLE+INSPECT=108/111"
P2|N12|F|WORK|d75|p125,1,600,67,"C1A1T0I1F0","(1,1,1,0)","INSPECT","CUT=36/67;ASSEMBLE=48/67;INSPECT=60/67"
P2|N12|F|WORK|d75|p125,2,776,60,"C1A0T0I0F2","(1,0,0,2)","ASSEMBLE+INSPECT","CUT=36/60;ASSEMBLE+INSPECT=108/120"
P2|N12|F|WORK|d75|p125,3,850,56,"C1A1T0I2F0","(1,1,2,0)","ASSEMBLE","CUT=36/56;ASSEMBLE=48/56;INSPECT=60/112"
P2|N12|F|WORK|d75|p125,4,913,47,"C1A1T0I1F1","(1,1,1,1)","CUT|ASSEMBLE+INSPECT","CUT=36/47;ASSEMBLE+INSPECT=108/141"
P2|N12|F|WORK|d75|p125,5,950,45,"C1A0T1I2F0","(1,2,2,0)","CUT","CUT=36/45;ASSEMBLE=48/90;INSPECT=60/90"
P2|N12|F|WORK|d75|p125,6,1063,44,"C2A1T0I1F1","(2,1,1,1)","ASSEMBLE+INSPECT","CUT=36/88;ASSEMBLE+INSPECT=108/132"
P2|N12|F|WORK|d75|p125,7,1100,37,"C2A0T1I2F0","(2,2,2,0)","INSPECT","CUT=36/74;ASSEMBLE=48/74;INSPECT=60/74"
P2|N12|F|WORK|d75|p125,8,1350,33,"C2A0T1I3F0","(2,2,3,0)","ASSEMBLE","CUT=36/66;ASSEMBLE=48/66;INSPECT=60/99"
P2|N12|F|WORK|d75|p125,9,1413,32,"C2A0T1I2F1","(2,2,2,1)","ASSEMBLE+INSPECT","CUT=36/64;ASSEMBLE+INSPECT=108/160"
P2|N12|F|WORK|d75|p125,10,1539,31,"C2A0T1I0F3","(2,2,0,3)","ASSEMBLE+INSPECT","CUT=36/62;ASSEMBLE+INSPECT=108/155"
P2|N12|F|WORK|d75|p125,11,1550,30,"C2A1T1I3F0","(2,3,3,0)","INSPECT","CUT=36/60;ASSEMBLE=48/90;INSPECT=60/90"
P2|N12|F|WORK|d75|p125,12,1663,29,"C2A0T1I3F1","(2,2,3,1)","CUT|ASSEMBLE+INSPECT","CUT=36/58;ASSEMBLE+INSPECT=108/174"
P2|N12|F|WORK|d75|p125,13,1700,27,"C3A1T1I3F0","(3,3,3,0)","INSPECT","CUT=36/81;ASSEMBLE=48/81;INSPECT=60/81"
P2|N12|F|WORK|d75|p125,14,1950,26,"C3A1T1I4F0","(3,3,4,0)","ASSEMBLE","CUT=36/78;ASSEMBLE=48/78;INSPECT=60/104"
P2|N12|F|WORK|d75|p125,15,2050,25,"C3A0T2I4F0","(3,4,4,0)","INSPECT","CUT=36/75;ASSEMBLE=48/100;INSPECT=60/100"
P2|N12|F|WORK|d75|p125,16,2126,24,"C3A0T1I3F2","(3,2,3,2)","ASSEMBLE+INSPECT","CUT=36/72;ASSEMBLE+INSPECT=108/168"
P2|N12|F|WORK|d75|p125,17,2200,22,"C4A0T2I4F0","(4,4,4,0)","INSPECT","CUT=36/88;ASSEMBLE=48/88;INSPECT=60/88"
P2|N12|F|WORK|d75|p125,18,2789,21,"C4A1T1I3F3","(4,3,3,3)","ASSEMBLE+INSPECT","CUT=36/84;ASSEMBLE+INSPECT=108/189"
P2|N12|F|WORK|d75|p125,19,2826,20,"C4A0T2I4F2","(4,4,4,2)","ASSEMBLE+INSPECT","CUT=36/80;ASSEMBLE+INSPECT=108/200"
P2|N12|F|WORK|d75|p150,0,525,111,"C1A0T0I0F1","(1,0,0,1)","ASSEMBLE+INSPECT","CUT=36/111;ASSEMBLE+INSPECT=108/111"
P2|N12|F|WORK|d75|p150,1,600,67,"C1A1T0I1F0","(1,1,1,0)","INSPECT","CUT=36/67;ASSEMBLE=48/67;INSPECT=60/67"
P2|N12|F|WORK|d75|p150,2,850,56,"C1A1T0I2F0","(1,1,2,0)","ASSEMBLE","CUT=36/56;ASSEMBLE=48/56;INSPECT=60/112"
P2|N12|F|WORK|d75|p150,3,950,45,"C1A0T1I2F0","(1,2,2,0)","CUT","CUT=36/45;ASSEMBLE=48/90;INSPECT=60/90"
P2|N12|F|WORK|d75|p150,4,1100,37,"C2A0T1I2F0","(2,2,2,0)","INSPECT","CUT=36/74;ASSEMBLE=48/74;INSPECT=60/74"
P2|N12|F|WORK|d75|p150,5,1350,33,"C2A0T1I3F0","(2,2,3,0)","ASSEMBLE","CUT=36/66;ASSEMBLE=48/66;INSPECT=60/99"
P2|N12|F|WORK|d75|p150,6,1475,32,"C2A0T1I2F1","(2,2,2,1)","ASSEMBLE+INSPECT","CUT=36/64;ASSEMBLE+INSPECT=108/160"
P2|N12|F|WORK|d75|p150,7,1550,30,"C2A1T1I3F0","(2,3,3,0)","INSPECT","CUT=36/60;ASSEMBLE=48/90;INSPECT=60/90"
P2|N12|F|WORK|d75|p150,8,1700,27,"C3A1T1I3F0","(3,3,3,0)","INSPECT","CUT=36/81;ASSEMBLE=48/81;INSPECT=60/81"
P2|N12|F|WORK|d75|p150,9,1950,26,"C3A1T1I4F0","(3,3,4,0)","ASSEMBLE","CUT=36/78;ASSEMBLE=48/78;INSPECT=60/104"
P2|N12|F|WORK|d75|p150,10,2050,25,"C3A0T2I4F0","(3,4,4,0)","INSPECT","CUT=36/75;ASSEMBLE=48/100;INSPECT=60/100"
P2|N12|F|WORK|d75|p150,11,2200,22,"C4A0T2I4F0","(4,4,4,0)","INSPECT","CUT=36/88;ASSEMBLE=48/88;INSPECT=60/88"
P2|N12|F|WORK|d75|p150,12,2950,20,"C4A0T2I4F2","(4,4,4,2)","ASSEMBLE+INSPECT","CUT=36/80;ASSEMBLE+INSPECT=108/200"
P2|N12|F|WORK|d75|p200,0,600,67,"C1A1T0I1F0","(1,1,1,0)","INSPECT","CUT=36/67;ASSEMBLE=48/67;INSPECT=60/67"
P2|N12|F|WORK|d75|p200,1,850,56,"C1A1T0I2F0","(1,1,2,0)","ASSEMBLE","CUT=36/56;ASSEMBLE=48/56;INSPECT=60/112"
P2|N12|F|WORK|d75|p200,2,950,45,"C1A0T1I2F0","(1,2,2,0)","CUT","CUT=36/45;ASSEMBLE=48/90;INSPECT=60/90"
P2|N12|F|WORK|d75|p200,3,1100,37,"C2A0T1I2F0","(2,2,2,0)","INSPECT","CUT=36/74;ASSEMBLE=48/74;INSPECT=60/74"
P2|N12|F|WORK|d75|p200,4,1350,33,"C2A0T1I3F0","(2,2,3,0)","ASSEMBLE","CUT=36/66;ASSEMBLE=48/66;INSPECT=60/99"
P2|N12|F|WORK|d75|p200,5,1550,30,"C2A1T1I3F0","(2,3,3,0)","INSPECT","CUT=36/60;ASSEMBLE=48/90;INSPECT=60/90"
P2|N12|F|WORK|d75|p200,6,1700,27,"C3A1T1I3F0","(3,3,3,0)","INSPECT","CUT=36/81;ASSEMBLE=48/81;INSPECT=60/81"
P2|N12|F|WORK|d75|p200,7,1950,26,"C3A1T1I4F0","(3,3,4,0)","ASSEMBLE","CUT=36/78;ASSEMBLE=48/78;INSPECT=60/104"
P2|N12|F|WORK|d75|p200,8,2050,25,"C3A0T2I4F0","(3,4,4,0)","INSPECT","CUT=36/75;ASSEMBLE=48/100;INSPECT=60/100"
P2|N12|F|WORK|d75|p200,9,2200,22,"C4A0T2I4F0","(4,4,4,0)","INSPECT","CUT=36/88;ASSEMBLE=48/88;INSPECT=60/88"
P2|N12|F|WORK|d75|p200,10,3200,20,"C4A0T2I4F2","(4,4,4,2)","ASSEMBLE+INSPECT","CUT=36/80;ASSEMBLE+INSPECT=108/200"
P2|N12|F|WORK|d90|p100,0,400,111,"C1A0T0I0F1","(1,0,0,1)","ASSEMBLE+INSPECT","CUT=36/111;ASSEMBLE+INSPECT=108/111"
P2|N12|F|WORK|d90|p100,1,600,67,"C1A1T0I1F0","(1,1,1,0)","INSPECT","CUT=36/67;ASSEMBLE=48/67;INSPECT=60/67"
P2|N12|F|WORK|d90|p100,2,650,60,"C1A0T0I0F2","(1,0,0,2)","ASSEMBLE+INSPECT","CUT=36/60;ASSEMBLE+INSPECT=108/120"
P2|N12|F|WORK|d90|p100,3,800,57,"C2A0T0I0F2","(2,0,0,2)","ASSEMBLE+INSPECT","CUT=36/114;ASSEMBLE+INSPECT=108/114"
P2|N12|F|WORK|d90|p100,4,850,46,"C1A1T0I0F2","(1,1,0,2)","CUT|ASSEMBLE+INSPECT","CUT=36/46;ASSEMBLE+INSPECT=108/138"
P2|N12|F|WORK|d90|p100,5,900,45,"C1A0T0I0F3","(1,0,0,3)","CUT|ASSEMBLE+INSPECT","CUT=36/45;ASSEMBLE+INSPECT=108/135"
P2|N12|F|WORK|d90|p100,6,1000,44,"C2A1T0I1F1","(2,1,1,1)","ASSEMBLE+INSPECT","CUT=36/88;ASSEMBLE+INSPECT=108/132"
P2|N12|F|WORK|d90|p100,7,1050,42,"C2A0T0I0F3","(2,0,0,3)","ASSEMBLE+INSPECT","CUT=36/84;ASSEMBLE+INSPECT=108/126"
P2|N12|F|WORK|d90|p100,8,1160,37,"C2A0T1I2F0","(2,2,2,0)","INSPECT","CUT=36/74;ASSEMBLE=48/74;INSPECT=60/74"
P2|N12|F|WORK|d90|p100,9,1250,35,"C2A1T0I1F2","(2,1,1,2)","ASSEMBLE+INSPECT","CUT=36/70;ASSEMBLE+INSPECT=108/140"
P2|N12|F|WORK|d90|p100,10,1410,31,"C2A0T1I0F3","(2,2,0,3)","ASSEMBLE+INSPECT","CUT=36/62;ASSEMBLE+INSPECT=108/155"
P2|N12|F|WORK|d90|p100,11,1500,30,"C2A1T0I1F3","(2,1,1,3)","ASSEMBLE+INSPECT","CUT=36/60;ASSEMBLE+INSPECT=108/150"
P2|N12|F|WORK|d90|p100,12,1660,28,"C2A0T1I1F3 C2A0T1I2F2","(2,2,1,3) (2,2,2,2)","CUT|ASSEMBLE+INSPECT CUT|ASSEMBLE+INSPECT","CUT=36/56;ASSEMBLE+INSPECT=108/168 CUT=36/56;ASSEMBLE+INSPECT=108/168"
P2|N12|F|WORK|d90|p100,13,1760,27,"C3A1T1I3F0","(3,3,3,0)","INSPECT","CUT=36/81;ASSEMBLE=48/81;INSPECT=60/81"
P2|N12|F|WORK|d90|p100,14,1960,26,"C4A0T1I2F2","(4,2,2,2)","ASSEMBLE+INSPECT","CUT=36/104;ASSEMBLE+INSPECT=108/156"
P2|N12|F|WORK|d90|p100,15,2010,25,"C3A1T1I1F3","(3,3,1,3)","ASSEMBLE+INSPECT","CUT=36/75;ASSEMBLE+INSPECT=108/175"
P2|N12|F|WORK|d90|p100,16,2060,24,"C3A0T1I2F3 C3A0T1I3F2","(3,2,2,3) (3,2,3,2)","ASSEMBLE+INSPECT ASSEMBLE+INSPECT","CUT=36/72;ASSEMBLE+INSPECT=108/168 CUT=36/72;ASSEMBLE+INSPECT=108/168"
P2|N12|F|WORK|d90|p100,17,2260,23,"C3A1T1I2F3","(3,3,2,3)","ASSEMBLE+INSPECT","CUT=36/69;ASSEMBLE+INSPECT=108/184"
P2|N12|F|WORK|d90|p100,18,2320,22,"C4A0T2I4F0","(4,4,4,0)","INSPECT","CUT=36/88;ASSEMBLE=48/88;INSPECT=60/88"
P2|N12|F|WORK|d90|p100,19,2660,21,"C4A1T1I3F3","(4,3,3,3)","ASSEMBLE+INSPECT","CUT=36/84;ASSEMBLE+INSPECT=108/189"
P2|N12|F|WORK|d90|p100,20,2820,20,"C4A0T2I3F3 C4A0T2I4F2","(4,4,3,3) (4,4,4,2)","ASSEMBLE+INSPECT ASSEMBLE+INSPECT","CUT=36/80;ASSEMBLE+INSPECT=108/200 CUT=36/80;ASSEMBLE+INSPECT=108/200"
P2|N12|F|WORK|d90|p125,0,463,111,"C1A0T0I0F1","(1,0,0,1)","ASSEMBLE+INSPECT","CUT=36/111;ASSEMBLE+INSPECT=108/111"
P2|N12|F|WORK|d90|p125,1,600,67,"C1A1T0I1F0","(1,1,1,0)","INSPECT","CUT=36/67;ASSEMBLE=48/67;INSPECT=60/67"
P2|N12|F|WORK|d90|p125,2,776,60,"C1A0T0I0F2","(1,0,0,2)","ASSEMBLE+INSPECT","CUT=36/60;ASSEMBLE+INSPECT=108/120"
P2|N12|F|WORK|d90|p125,3,850,56,"C1A1T0I2F0","(1,1,2,0)","ASSEMBLE","CUT=36/56;ASSEMBLE=48/56;INSPECT=60/112"
P2|N12|F|WORK|d90|p125,4,913,47,"C1A1T0I1F1","(1,1,1,1)","CUT|ASSEMBLE+INSPECT","CUT=36/47;ASSEMBLE+INSPECT=108/141"
P2|N12|F|WORK|d90|p125,5,976,46,"C1A1T0I0F2","(1,1,0,2)","CUT|ASSEMBLE+INSPECT","CUT=36/46;ASSEMBLE+INSPECT=108/138"
P2|N12|F|WORK|d90|p125,6,1010,45,"C1A0T1I2F0","(1,2,2,0)","CUT","CUT=36/45;ASSEMBLE=48/90;INSPECT=60/90"
P2|N12|F|WORK|d90|p125,7,1063,44,"C2A1T0I1F1","(2,1,1,1)","ASSEMBLE+INSPECT","CUT=36/88;ASSEMBLE+INSPECT=108/132"
P2|N12|F|WORK|d90|p125,8,1160,37,"C2A0T1I2F0","(2,2,2,0)","INSPECT","CUT=36/74;ASSEMBLE=48/74;INSPECT=60/74"
P2|N12|F|WORK|d90|p125,9,1376,35,"C2A1T0I1F2","(2,1,1,2)","ASSEMBLE+INSPECT","CUT=36/70;ASSEMBLE+INSPECT=108/140"
P2|N12|F|WORK|d90|p125,10,1410,33,"C2A0T1I3F0","(2,2,3,0)","ASSEMBLE","CUT=36/66;ASSEMBLE=48/66;INSPECT=60/99"
P2|N12|F|WORK|d90|p125,11,1473,32,"C2A0T1I2F1","(2,2,2,1)","ASSEMBLE+INSPECT","CUT=36/64;ASSEMBLE+INSPECT=108/160"
P2|N12|F|WORK|d90|p125,12,1599,31,"C2A0T1I0F3","(2,2,0,3)","ASSEMBLE+INSPECT","CUT=36/62;ASSEMBLE+INSPECT=108/155"
P2|N12|F|WORK|d90|p125,13,1610,30,"C2A1T1I3F0","(2,3,3,0)","INSPECT","CUT=36/60;ASSEMBLE=48/90;INSPECT=60/90"
P2|N12|F|WORK|d90|p125,14,1723,29,"C2A0T1I3F1","(2,2,3,1)","CUT|ASSEMBLE+INSPECT","CUT=36/58;ASSEMBLE+INSPECT=108/174"
P2|N12|F|WORK|d90|p125,15,1760,27,"C3A1T1I3F0","(3,3,3,0)","INSPECT","CUT=36/81;ASSEMBLE=48/81;INSPECT=60/81"
P2|N12|F|WORK|d90|p125,16,2010,26,"C3A1T1I4F0","(3,3,4,0)","ASSEMBLE","CUT=36/78;ASSEMBLE=48/78;INSPECT=60/104"
P2|N12|F|WORK|d90|p125,17,2170,25,"C3A0T2I4F0","(3,4,4,0)","INSPECT","CUT=36/75;ASSEMBLE=48/100;INSPECT=60/100"
P2|N12|F|WORK|d90|p125,18,2186,24,"C3A0T1I3F2","(3,2,3,2)","ASSEMBLE+INSPECT","CUT=36/72;ASSEMBLE+INSPECT=108/168"
P2|N12|F|WORK|d90|p125,19,2320,22,"C4A0T2I4F0","(4,4,4,0)","INSPECT","CUT=36/88;ASSEMBLE=48/88;INSPECT=60/88"
P2|N12|F|WORK|d90|p125,20,2849,21,"C4A1T1I3F3","(4,3,3,3)","ASSEMBLE+INSPECT","CUT=36/84;ASSEMBLE+INSPECT=108/189"
P2|N12|F|WORK|d90|p125,21,2946,20,"C4A0T2I4F2","(4,4,4,2)","ASSEMBLE+INSPECT","CUT=36/80;ASSEMBLE+INSPECT=108/200"
P2|N12|F|WORK|d90|p150,0,525,111,"C1A0T0I0F1","(1,0,0,1)","ASSEMBLE+INSPECT","CUT=36/111;ASSEMBLE+INSPECT=108/111"
P2|N12|F|WORK|d90|p150,1,600,67,"C1A1T0I1F0","(1,1,1,0)","INSPECT","CUT=36/67;ASSEMBLE=48/67;INSPECT=60/67"
P2|N12|F|WORK|d90|p150,2,850,56,"C1A1T0I2F0","(1,1,2,0)","ASSEMBLE","CUT=36/56;ASSEMBLE=48/56;INSPECT=60/112"
P2|N12|F|WORK|d90|p150,3,975,47,"C1A1T0I1F1","(1,1,1,1)","CUT|ASSEMBLE+INSPECT","CUT=36/47;ASSEMBLE+INSPECT=108/141"
P2|N12|F|WORK|d90|p150,4,1010,45,"C1A0T1I2F0","(1,2,2,0)","CUT","CUT=36/45;ASSEMBLE=48/90;INSPECT=60/90"
P2|N12|F|WORK|d90|p150,5,1125,44,"C2A1T0I1F1","(2,1,1,1)","ASSEMBLE+INSPECT","CUT=36/88;ASSEMBLE+INSPECT=108/132"
P2|N12|F|WORK|d90|p150,6,1160,37,"C2A0T1I2F0","(2,2,2,0)","INSPECT","CUT=36/74;ASSEMBLE=48/74;INSPECT=60/74"
P2|N12|F|WORK|d90|p150,7,1410,33,"C2A0T1I3F0","(2,2,3,0)","ASSEMBLE","CUT=36/66;ASSEMBLE=48/66;INSPECT=60/99"
P2|N12|F|WORK|d90|p150,8,1535,32,"C2A0T1I2F1","(2,2,2,1)","ASSEMBLE+INSPECT","CUT=36/64;ASSEMBLE+INSPECT=108/160"
P2|N12|F|WORK|d90|p150,9,1610,30,"C2A1T1I3F0","(2,3,3,0)","INSPECT","CUT=36/60;ASSEMBLE=48/90;INSPECT=60/90"
P2|N12|F|WORK|d90|p150,10,1760,27,"C3A1T1I3F0","(3,3,3,0)","INSPECT","CUT=36/81;ASSEMBLE=48/81;INSPECT=60/81"
P2|N12|F|WORK|d90|p150,11,2010,26,"C3A1T1I4F0","(3,3,4,0)","ASSEMBLE","CUT=36/78;ASSEMBLE=48/78;INSPECT=60/104"
P2|N12|F|WORK|d90|p150,12,2170,25,"C3A0T2I4F0","(3,4,4,0)","INSPECT","CUT=36/75;ASSEMBLE=48/100;INSPECT=60/100"
P2|N12|F|WORK|d90|p150,13,2310,24,"C3A0T1I3F2","(3,2,3,2)","ASSEMBLE+INSPECT","CUT=36/72;ASSEMBLE+INSPECT=108/168"
P2|N12|F|WORK|d90|p150,14,2320,22,"C4A0T2I4F0","(4,4,4,0)","INSPECT","CUT=36/88;ASSEMBLE=48/88;INSPECT=60/88"
P2|N12|F|WORK|d90|p150,15,3035,21,"C4A1T1I3F3","(4,3,3,3)","ASSEMBLE+INSPECT","CUT=36/84;ASSEMBLE+INSPECT=108/189"
P2|N12|F|WORK|d90|p150,16,3070,20,"C4A0T2I4F2","(4,4,4,2)","ASSEMBLE+INSPECT","CUT=36/80;ASSEMBLE+INSPECT=108/200"
P2|N12|F|WORK|d90|p200,0,600,67,"C1A1T0I1F0","(1,1,1,0)","INSPECT","CUT=36/67;ASSEMBLE=48/67;INSPECT=60/67"
P2|N12|F|WORK|d90|p200,1,850,56,"C1A1T0I2F0","(1,1,2,0)","ASSEMBLE","CUT=36/56;ASSEMBLE=48/56;INSPECT=60/112"
P2|N12|F|WORK|d90|p200,2,1010,45,"C1A0T1I2F0","(1,2,2,0)","CUT","CUT=36/45;ASSEMBLE=48/90;INSPECT=60/90"
P2|N12|F|WORK|d90|p200,3,1160,37,"C2A0T1I2F0","(2,2,2,0)","INSPECT","CUT=36/74;ASSEMBLE=48/74;INSPECT=60/74"
P2|N12|F|WORK|d90|p200,4,1410,33,"C2A0T1I3F0","(2,2,3,0)","ASSEMBLE","CUT=36/66;ASSEMBLE=48/66;INSPECT=60/99"
P2|N12|F|WORK|d90|p200,5,1610,30,"C2A1T1I3F0","(2,3,3,0)","INSPECT","CUT=36/60;ASSEMBLE=48/90;INSPECT=60/90"
P2|N12|F|WORK|d90|p200,6,1760,27,"C3A1T1I3F0","(3,3,3,0)","INSPECT","CUT=36/81;ASSEMBLE=48/81;INSPECT=60/81"
P2|N12|F|WORK|d90|p200,7,2010,26,"C3A1T1I4F0","(3,3,4,0)","ASSEMBLE","CUT=36/78;ASSEMBLE=48/78;INSPECT=60/104"
P2|N12|F|WORK|d90|p200,8,2170,25,"C3A0T2I4F0","(3,4,4,0)","INSPECT","CUT=36/75;ASSEMBLE=48/100;INSPECT=60/100"
P2|N12|F|WORK|d90|p200,9,2320,22,"C4A0T2I4F0","(4,4,4,0)","INSPECT","CUT=36/88;ASSEMBLE=48/88;INSPECT=60/88"
P2|N12|F|WORK|d90|p200,10,3320,20,"C4A0T2I4F2","(4,4,4,2)","ASSEMBLE+INSPECT","CUT=36/80;ASSEMBLE+INSPECT=108/200"
P2|N12|F|WORK|d100|p100,0,400,111,"C1A0T0I0F1","(1,0,0,1)","ASSEMBLE+INSPECT","CUT=36/111;ASSEMBLE+INSPECT=108/111"
P2|N12|F|WORK|d100|p100,1,600,67,"C1A1T0I1F0","(1,1,1,0)","INSPECT","CUT=36/67;ASSEMBLE=48/67;INSPECT=60/67"
P2|N12|F|WORK|d100|p100,2,650,60,"C1A0T0I0F2","(1,0,0,2)","ASSEMBLE+INSPECT","CUT=36/60;ASSEMBLE+INSPECT=108/120"
P2|N12|F|WORK|d100|p100,3,800,57,"C2A0T0I0F2","(2,0,0,2)","ASSEMBLE+INSPECT","CUT=36/114;ASSEMBLE+INSPECT=108/114"
P2|N12|F|WORK|d100|p100,4,850,46,"C1A1T0I0F2","(1,1,0,2)","CUT|ASSEMBLE+INSPECT","CUT=36/46;ASSEMBLE+INSPECT=108/138"
P2|N12|F|WORK|d100|p100,5,900,45,"C1A0T0I0F3","(1,0,0,3)","CUT|ASSEMBLE+INSPECT","CUT=36/45;ASSEMBLE+INSPECT=108/135"
P2|N12|F|WORK|d100|p100,6,1000,44,"C2A1T0I1F1","(2,1,1,1)","ASSEMBLE+INSPECT","CUT=36/88;ASSEMBLE+INSPECT=108/132"
P2|N12|F|WORK|d100|p100,7,1050,42,"C2A0T0I0F3","(2,0,0,3)","ASSEMBLE+INSPECT","CUT=36/84;ASSEMBLE+INSPECT=108/126"
P2|N12|F|WORK|d100|p100,8,1200,37,"C2A0T1I2F0 C2A2T0I2F0","(2,2,2,0) (2,2,2,0)","INSPECT INSPECT","CUT=36/74;ASSEMBLE=48/74;INSPECT=60/74 CUT=36/74;ASSEMBLE=48/74;INSPECT=60/74"
P2|N12|F|WORK|d100|p100,9,1250,35,"C2A1T0I1F2","(2,1,1,2)","ASSEMBLE+INSPECT","CUT=36/70;ASSEMBLE+INSPECT=108/140"
P2|N12|F|WORK|d100|p100,10,1450,31,"C2A0T1I0F3 C2A2T0I0F3","(2,2,0,3) (2,2,0,3)","ASSEMBLE+INSPECT ASSEMBLE+INSPECT","CUT=36/62;ASSEMBLE+INSPECT=108/155 CUT=36/62;ASSEMBLE+INSPECT=108/155"
P2|N12|F|WORK|d100|p100,11,1500,30,"C2A1T0I1F3","(2,1,1,3)","ASSEMBLE+INSPECT","CUT=36/60;ASSEMBLE+INSPECT=108/150"
P2|N12|F|WORK|d100|p100,12,1700,28,"C2A0T1I1F3 C2A0T1I2F2 C2A2T0I1F3 C2A2T0I2F2","(2,2,1,3) (2,2,2,2) (2,2,1,3) (2,2,2,2)","CUT|ASSEMBLE+INSPECT CUT|ASSEMBLE+INSPECT CUT|ASSEMBLE+INSPECT CUT|ASSEMBLE+INSPECT","CUT=36/56;ASSEMBLE+INSPECT=108/168 CUT=36/56;ASSEMBLE+INSPECT=108/168 CUT=36/56;ASSEMBLE+INSPECT=108/168 CUT=36/56;ASSEMBLE+INSPECT=108/168"
P2|N12|F|WORK|d100|p100,13,1800,27,"C3A1T1I3F0 C3A3T0I3F0","(3,3,3,0) (3,3,3,0)","INSPECT INSPECT","CUT=36/81;ASSEMBLE=48/81;INSPECT=60/81 CUT=36/81;ASSEMBLE=48/81;INSPECT=60/81"
P2|N12|F|WORK|d100|p100,14,2000,26,"C4A0T1I2F2 C4A2T0I2F2","(4,2,2,2) (4,2,2,2)","ASSEMBLE+INSPECT ASSEMBLE+INSPECT","CUT=36/104;ASSEMBLE+INSPECT=108/156 CUT=36/104;ASSEMBLE+INSPECT=108/156"
P2|N12|F|WORK|d100|p100,15,2050,25,"C3A1T1I1F3 C3A3T0I1F3","(3,3,1,3) (3,3,1,3)","ASSEMBLE+INSPECT ASSEMBLE+INSPECT","CUT=36/75;ASSEMBLE+INSPECT=108/175 CUT=36/75;ASSEMBLE+INSPECT=108/175"
P2|N12|F|WORK|d100|p100,16,2100,24,"C3A0T1I2F3 C3A0T1I3F2 C3A2T0I2F3 C3A2T0I3F2","(3,2,2,3) (3,2,3,2) (3,2,2,3) (3,2,3,2)","ASSEMBLE+INSPECT ASSEMBLE+INSPECT ASSEMBLE+INSPECT ASSEMBLE+INSPECT","CUT=36/72;ASSEMBLE+INSPECT=108/168 CUT=36/72;ASSEMBLE+INSPECT=108/168 CUT=36/72;ASSEMBLE+INSPECT=108/168 CUT=36/72;ASSEMBLE+INSPECT=108/168"
P2|N12|F|WORK|d100|p100,17,2300,23,"C3A1T1I2F3 C3A3T0I2F3","(3,3,2,3) (3,3,2,3)","ASSEMBLE+INSPECT ASSEMBLE+INSPECT","CUT=36/69;ASSEMBLE+INSPECT=108/184 CUT=36/69;ASSEMBLE+INSPECT=108/184"
P2|N12|F|WORK|d100|p100,18,2400,22,"C4A0T2I4F0 C4A2T1I4F0 C4A4T0I4F0","(4,4,4,0) (4,4,4,0) (4,4,4,0)","INSPECT INSPECT INSPECT","CUT=36/88;ASSEMBLE=48/88;INSPECT=60/88 CUT=36/88;ASSEMBLE=48/88;INSPECT=60/88 CUT=36/88;ASSEMBLE=48/88;INSPECT=60/88"
P2|N12|F|WORK|d100|p100,19,2700,21,"C4A1T1I3F3 C4A3T0I3F3","(4,3,3,3) (4,3,3,3)","ASSEMBLE+INSPECT ASSEMBLE+INSPECT","CUT=36/84;ASSEMBLE+INSPECT=108/189 CUT=36/84;ASSEMBLE+INSPECT=108/189"
P2|N12|F|WORK|d100|p100,20,2900,20,"C4A0T2I3F3 C4A0T2I4F2 C4A2T1I3F3 C4A2T1I4F2 C4A4T0I3F3 C4A4T0I4F2","(4,4,3,3) (4,4,4,2) (4,4,3,3) (4,4,4,2) (4,4,3,3) (4,4,4,2)","ASSEMBLE+INSPECT ASSEMBLE+INSPECT ASSEMBLE+INSPECT ASSEMBLE+INSPECT ASSEMBLE+INSPECT ASSEMBLE+INSPECT","CUT=36/80;ASSEMBLE+INSPECT=108/200 CUT=36/80;ASSEMBLE+INSPECT=108/200 CUT=36/80;ASSEMBLE+INSPECT=108/200 CUT=36/80;ASSEMBLE+INSPECT=108/200 CUT=36/80;ASSEMBLE+INSPECT=108/200 CUT=36/80;ASSEMBLE+INSPECT=108/200"
P2|N12|F|WORK|d100|p125,0,463,111,"C1A0T0I0F1","(1,0,0,1)","ASSEMBLE+INSPECT","CUT=36/111;ASSEMBLE+INSPECT=108/111"
P2|N12|F|WORK|d100|p125,1,600,67,"C1A1T0I1F0","(1,1,1,0)","INSPECT","CUT=36/67;ASSEMBLE=48/67;INSPECT=60/67"
P2|N12|F|WORK|d100|p125,2,776,60,"C1A0T0I0F2","(1,0,0,2)","ASSEMBLE+INSPECT","CUT=36/60;ASSEMBLE+INSPECT=108/120"
P2|N12|F|WORK|d100|p125,3,850,56,"C1A1T0I2F0","(1,1,2,0)","ASSEMBLE","CUT=36/56;ASSEMBLE=48/56;INSPECT=60/112"
P2|N12|F|WORK|d100|p125,4,913,47,"C1A1T0I1F1","(1,1,1,1)","CUT|ASSEMBLE+INSPECT","CUT=36/47;ASSEMBLE+INSPECT=108/141"
P2|N12|F|WORK|d100|p125,5,976,46,"C1A1T0I0F2","(1,1,0,2)","CUT|ASSEMBLE+INSPECT","CUT=36/46;ASSEMBLE+INSPECT=108/138"
P2|N12|F|WORK|d100|p125,6,1050,45,"C1A0T1I2F0 C1A2T0I2F0","(1,2,2,0) (1,2,2,0)","CUT CUT","CUT=36/45;ASSEMBLE=48/90;INSPECT=60/90 CUT=36/45;ASSEMBLE=48/90;INSPECT=60/90"
P2|N12|F|WORK|d100|p125,7,1063,44,"C2A1T0I1F1","(2,1,1,1)","ASSEMBLE+INSPECT","CUT=36/88;ASSEMBLE+INSPECT=108/132"
P2|N12|F|WORK|d100|p125,8,1200,37,"C2A0T1I2F0 C2A2T0I2F0","(2,2,2,0) (2,2,2,0)","INSPECT INSPECT","CUT=36/74;ASSEMBLE=48/74;INSPECT=60/74 CUT=36/74;ASSEMBLE=48/74;INSPECT=60/74"
P2|N12|F|WORK|d100|p125,9,1376,35,"C2A1T0I1F2","(2,1,1,2)","ASSEMBLE+INSPECT","CUT=36/70;ASSEMBLE+INSPECT=108/140"
P2|N12|F|WORK|d100|p125,10,1450,33,"C2A0T1I3F0 C2A2T0I3F0","(2,2,3,0) (2,2,3,0)","ASSEMBLE ASSEMBLE","CUT=36/66;ASSEMBLE=48/66;INSPECT=60/99 CUT=36/66;ASSEMBLE=48/66;INSPECT=60/99"
P2|N12|F|WORK|d100|p125,11,1513,32,"C2A0T1I2F1 C2A2T0I2F1","(2,2,2,1) (2,2,2,1)","ASSEMBLE+INSPECT ASSEMBLE+INSPECT","CUT=36/64;ASSEMBLE+INSPECT=108/160 CUT=36/64;ASSEMBLE+INSPECT=108/160"
P2|N12|F|WORK|d100|p125,12,1626,31,"C2A1T0I2F2","(2,1,2,2)","ASSEMBLE+INSPECT","CUT=36/62;ASSEMBLE+INSPECT=108/155"
P2|N12|F|WORK|d100|p125,13,1650,30,"C2A1T1I3F0 C2A3T0I3F0","(2,3,3,0) (2,3,3,0)","INSPECT INSPECT","CUT=36/60;ASSEMBLE=48/90;INSPECT=60/90 CUT=36/60;ASSEMBLE=48/90;INSPECT=60/90"
P2|N12|F|WORK|d100|p125,14,1763,29,"C2A0T1I3F1 C2A2T0I3F1","(2,2,3,1) (2,2,3,1)","CUT|ASSEMBLE+INSPECT CUT|ASSEMBLE+INSPECT","CUT=36/58;ASSEMBLE+INSPECT=108/174 CUT=36/58;ASSEMBLE+INSPECT=108/174"
P2|N12|F|WORK|d100|p125,15,1800,27,"C3A1T1I3F0 C3A3T0I3F0","(3,3,3,0) (3,3,3,0)","INSPECT INSPECT","CUT=36/81;ASSEMBLE=48/81;INSPECT=60/81 CUT=36/81;ASSEMBLE=48/81;INSPECT=60/81"
P2|N12|F|WORK|d100|p125,16,2050,26,"C3A1T1I4F0 C3A3T0I4F0","(3,3,4,0) (3,3,4,0)","ASSEMBLE ASSEMBLE","CUT=36/78;ASSEMBLE=48/78;INSPECT=60/104 CUT=36/78;ASSEMBLE=48/78;INSPECT=60/104"
P2|N12|F|WORK|d100|p125,17,2226,24,"C3A0T1I3F2 C3A2T0I3F2","(3,2,3,2) (3,2,3,2)","ASSEMBLE+INSPECT ASSEMBLE+INSPECT","CUT=36/72;ASSEMBLE+INSPECT=108/168 CUT=36/72;ASSEMBLE+INSPECT=108/168"
P2|N12|F|WORK|d100|p125,18,2400,22,"C4A0T2I4F0 C4A2T1I4F0 C4A4T0I4F0","(4,4,4,0) (4,4,4,0) (4,4,4,0)","INSPECT INSPECT INSPECT","CUT=36/88;ASSEMBLE=48/88;INSPECT=60/88 CUT=36/88;ASSEMBLE=48/88;INSPECT=60/88 CUT=36/88;ASSEMBLE=48/88;INSPECT=60/88"
P2|N12|F|WORK|d100|p125,19,2889,21,"C4A1T1I3F3 C4A3T0I3F3","(4,3,3,3) (4,3,3,3)","ASSEMBLE+INSPECT ASSEMBLE+INSPECT","CUT=36/84;ASSEMBLE+INSPECT=108/189 CUT=36/84;ASSEMBLE+INSPECT=108/189"
P2|N12|F|WORK|d100|p125,20,3026,20,"C4A0T2I4F2 C4A2T1I4F2 C4A4T0I4F2","(4,4,4,2) (4,4,4,2) (4,4,4,2)","ASSEMBLE+INSPECT ASSEMBLE+INSPECT ASSEMBLE+INSPECT","CUT=36/80;ASSEMBLE+INSPECT=108/200 CUT=36/80;ASSEMBLE+INSPECT=108/200 CUT=36/80;ASSEMBLE+INSPECT=108/200"
P2|N12|F|WORK|d100|p150,0,525,111,"C1A0T0I0F1","(1,0,0,1)","ASSEMBLE+INSPECT","CUT=36/111;ASSEMBLE+INSPECT=108/111"
P2|N12|F|WORK|d100|p150,1,600,67,"C1A1T0I1F0","(1,1,1,0)","INSPECT","CUT=36/67;ASSEMBLE=48/67;INSPECT=60/67"
P2|N12|F|WORK|d100|p150,2,850,56,"C1A1T0I2F0","(1,1,2,0)","ASSEMBLE","CUT=36/56;ASSEMBLE=48/56;INSPECT=60/112"
P2|N12|F|WORK|d100|p150,3,975,47,"C1A1T0I1F1","(1,1,1,1)","CUT|ASSEMBLE+INSPECT","CUT=36/47;ASSEMBLE+INSPECT=108/141"
P2|N12|F|WORK|d100|p150,4,1050,45,"C1A0T1I2F0 C1A2T0I2F0","(1,2,2,0) (1,2,2,0)","CUT CUT","CUT=36/45;ASSEMBLE=48/90;INSPECT=60/90 CUT=36/45;ASSEMBLE=48/90;INSPECT=60/90"
P2|N12|F|WORK|d100|p150,5,1125,44,"C2A1T0I1F1","(2,1,1,1)","ASSEMBLE+INSPECT","CUT=36/88;ASSEMBLE+INSPECT=108/132"
P2|N12|F|WORK|d100|p150,6,1200,37,"C2A0T1I2F0 C2A2T0I2F0","(2,2,2,0) (2,2,2,0)","INSPECT INSPECT","CUT=36/74;ASSEMBLE=48/74;INSPECT=60/74 CUT=36/74;ASSEMBLE=48/74;INSPECT=60/74"
P2|N12|F|WORK|d100|p150,7,1450,33,"C2A0T1I3F0 C2A2T0I3F0","(2,2,3,0) (2,2,3,0)","ASSEMBLE ASSEMBLE","CUT=36/66;ASSEMBLE=48/66;INSPECT=60/99 CUT=36/66;ASSEMBLE=48/66;INSPECT=60/99"
P2|N12|F|WORK|d100|p150,8,1575,32,"C2A0T1I2F1 C2A2T0I2F1","(2,2,2,1) (2,2,2,1)","ASSEMBLE+INSPECT ASSEMBLE+INSPECT","CUT=36/64;ASSEMBLE+INSPECT=108/160 CUT=36/64;ASSEMBLE+INSPECT=108/160"
P2|N12|F|WORK|d100|p150,9,1650,30,"C2A1T1I3F0 C2A3T0I3F0","(2,3,3,0) (2,3,3,0)","INSPECT INSPECT","CUT=36/60;ASSEMBLE=48/90;INSPECT=60/90 CUT=36/60;ASSEMBLE=48/90;INSPECT=60/90"
P2|N12|F|WORK|d100|p150,10,1800,27,"C3A1T1I3F0 C3A3T0I3F0","(3,3,3,0) (3,3,3,0)","INSPECT INSPECT","CUT=36/81;ASSEMBLE=48/81;INSPECT=60/81 CUT=36/81;ASSEMBLE=48/81;INSPECT=60/81"
P2|N12|F|WORK|d100|p150,11,2050,26,"C3A1T1I4F0 C3A3T0I4F0","(3,3,4,0) (3,3,4,0)","ASSEMBLE ASSEMBLE","CUT=36/78;ASSEMBLE=48/78;INSPECT=60/104 CUT=36/78;ASSEMBLE=48/78;INSPECT=60/104"
P2|N12|F|WORK|d100|p150,12,2250,25,"C3A0T2I4F0 C3A2T1I4F0 C3A4T0I4F0","(3,4,4,0) (3,4,4,0) (3,4,4,0)","INSPECT INSPECT INSPECT","CUT=36/75;ASSEMBLE=48/100;INSPECT=60/100 CUT=36/75;ASSEMBLE=48/100;INSPECT=60/100 CUT=36/75;ASSEMBLE=48/100;INSPECT=60/100"
P2|N12|F|WORK|d100|p150,13,2350,24,"C3A0T1I3F2 C3A2T0I3F2","(3,2,3,2) (3,2,3,2)","ASSEMBLE+INSPECT ASSEMBLE+INSPECT","CUT=36/72;ASSEMBLE+INSPECT=108/168 CUT=36/72;ASSEMBLE+INSPECT=108/168"
P2|N12|F|WORK|d100|p150,14,2400,22,"C4A0T2I4F0 C4A2T1I4F0 C4A4T0I4F0","(4,4,4,0) (4,4,4,0) (4,4,4,0)","INSPECT INSPECT INSPECT","CUT=36/88;ASSEMBLE=48/88;INSPECT=60/88 CUT=36/88;ASSEMBLE=48/88;INSPECT=60/88 CUT=36/88;ASSEMBLE=48/88;INSPECT=60/88"
P2|N12|F|WORK|d100|p150,15,3075,21,"C4A1T1I3F3 C4A3T0I3F3","(4,3,3,3) (4,3,3,3)","ASSEMBLE+INSPECT ASSEMBLE+INSPECT","CUT=36/84;ASSEMBLE+INSPECT=108/189 CUT=36/84;ASSEMBLE+INSPECT=108/189"
P2|N12|F|WORK|d100|p150,16,3150,20,"C4A0T2I4F2 C4A2T1I4F2 C4A4T0I4F2","(4,4,4,2) (4,4,4,2) (4,4,4,2)","ASSEMBLE+INSPECT ASSEMBLE+INSPECT ASSEMBLE+INSPECT","CUT=36/80;ASSEMBLE+INSPECT=108/200 CUT=36/80;ASSEMBLE+INSPECT=108/200 CUT=36/80;ASSEMBLE+INSPECT=108/200"
P2|N12|F|WORK|d100|p200,0,600,67,"C1A1T0I1F0","(1,1,1,0)","INSPECT","CUT=36/67;ASSEMBLE=48/67;INSPECT=60/67"
P2|N12|F|WORK|d100|p200,1,850,56,"C1A1T0I2F0","(1,1,2,0)","ASSEMBLE","CUT=36/56;ASSEMBLE=48/56;INSPECT=60/112"
P2|N12|F|WORK|d100|p200,2,1050,45,"C1A0T1I2F0 C1A2T0I2F0","(1,2,2,0) (1,2,2,0)","CUT CUT","CUT=36/45;ASSEMBLE=48/90;INSPECT=60/90 CUT=36/45;ASSEMBLE=48/90;INSPECT=60/90"
P2|N12|F|WORK|d100|p200,3,1200,37,"C2A0T1I2F0 C2A2T0I2F0","(2,2,2,0) (2,2,2,0)","INSPECT INSPECT","CUT=36/74;ASSEMBLE=48/74;INSPECT=60/74 CUT=36/74;ASSEMBLE=48/74;INSPECT=60/74"
P2|N12|F|WORK|d100|p200,4,1450,33,"C2A0T1I3F0 C2A2T0I3F0","(2,2,3,0) (2,2,3,0)","ASSEMBLE ASSEMBLE","CUT=36/66;ASSEMBLE=48/66;INSPECT=60/99 CUT=36/66;ASSEMBLE=48/66;INSPECT=60/99"
P2|N12|F|WORK|d100|p200,5,1650,30,"C2A1T1I3F0 C2A3T0I3F0","(2,3,3,0) (2,3,3,0)","INSPECT INSPECT","CUT=36/60;ASSEMBLE=48/90;INSPECT=60/90 CUT=36/60;ASSEMBLE=48/90;INSPECT=60/90"
P2|N12|F|WORK|d100|p200,6,1800,27,"C3A1T1I3F0 C3A3T0I3F0","(3,3,3,0) (3,3,3,0)","INSPECT INSPECT","CUT=36/81;ASSEMBLE=48/81;INSPECT=60/81 CUT=36/81;ASSEMBLE=48/81;INSPECT=60/81"
P2|N12|F|WORK|d100|p200,7,2050,26,"C3A1T1I4F0 C3A3T0I4F0","(3,3,4,0) (3,3,4,0)","ASSEMBLE ASSEMBLE","CUT=36/78;ASSEMBLE=48/78;INSPECT=60/104 CUT=36/78;ASSEMBLE=48/78;INSPECT=60/104"
P2|N12|F|WORK|d100|p200,8,2250,25,"C3A0T2I4F0 C3A2T1I4F0 C3A4T0I4F0","(3,4,4,0) (3,4,4,0) (3,4,4,0)","INSPECT INSPECT INSPECT","CUT=36/75;ASSEMBLE=48/100;INSPECT=60/100 CUT=36/75;ASSEMBLE=48/100;INSPECT=60/100 CUT=36/75;ASSEMBLE=48/100;INSPECT=60/100"
P2|N12|F|WORK|d100|p200,9,2400,22,"C4A0T2I4F0 C4A2T1I4F0 C4A4T0I4F0","(4,4,4,0) (4,4,4,0) (4,4,4,0)","INSPECT INSPECT INSPECT","CUT=36/88;ASSEMBLE=48/88;INSPECT=60/88 CUT=36/88;ASSEMBLE=48/88;INSPECT=60/88 CUT=36/88;ASSEMBLE=48/88;INSPECT=60/88"
P2|N12|F|WORK|d100|p200,10,3400,20,"C4A0T2I4F2 C4A2T1I4F2 C4A4T0I4F2","(4,4,4,2) (4,4,4,2) (4,4,4,2)","ASSEMBLE+INSPECT ASSEMBLE+INSPECT ASSEMBLE+INSPECT","CUT=36/80;ASSEMBLE+INSPECT=108/200 CUT=36/80;ASSEMBLE+INSPECT=108/200 CUT=36/80;ASSEMBLE+INSPECT=108/200"
P2|N24|D|UNIFORM|d75|p0,0,300,127,"C1A1T0I1F0","(1,1,1,0)","INSPECT","CUT=72/127;ASSEMBLE=96/127;INSPECT=120/127"
P2|N24|D|UNIFORM|d75|p0,1,400,104,"C1A1T0I2F0","(1,1,2,0)","ASSEMBLE","CUT=72/104;ASSEMBLE=96/104;INSPECT=120/208"
P2|N24|D|UNIFORM|d75|p0,2,450,81,"C1A0T1I2F0","(1,2,2,0)","CUT","CUT=72/81;ASSEMBLE=96/162;INSPECT=120/162"
P2|N24|D|UNIFORM|d75|p0,3,550,67,"C2A0T1I2F0","(2,2,2,0)","INSPECT","CUT=72/134;ASSEMBLE=96/134;INSPECT=120/134"
P2|N24|D|UNIFORM|d75|p0,4,650,57,"C2A0T1I3F0","(2,2,3,0)","ASSEMBLE","CUT=72/114;ASSEMBLE=96/114;INSPECT=120/171"
P2|N24|D|UNIFORM|d75|p0,5,750,50,"C2A1T1I3F0","(2,3,3,0)","INSPECT","CUT=72/100;ASSEMBLE=96/150;INSPECT=120/150"
P2|N24|D|UNIFORM|d75|p0,6,850,46,"C2A1T1I4F0","(2,3,4,0)","CUT","CUT=72/92;ASSEMBLE=96/138;INSPECT=120/184"
P2|N24|D|UNIFORM|d75|p0,7,900,45,"C2A0T2I4F0","(2,4,4,0)","CUT","CUT=72/90;ASSEMBLE=96/180;INSPECT=120/180"
P2|N24|D|UNIFORM|d75|p0,8,950,42,"C3A1T1I4F0","(3,3,4,0)","ASSEMBLE","CUT=72/126;ASSEMBLE=96/126;INSPECT=120/168"
P2|N24|D|UNIFORM|d75|p0,9,1000,40,"C3A0T2I4F0","(3,4,4,0)","INSPECT","CUT=72/120;ASSEMBLE=96/160;INSPECT=120/160"
P2|N24|D|UNIFORM|d75|p0,10,1100,37,"C4A0T2I4F0","(4,4,4,0)","INSPECT","CUT=72/148;ASSEMBLE=96/148;INSPECT=120/148"
P2|N24|D|UNIFORM|d90|p0,0,300,127,"C1A1T0I1F0","(1,1,1,0)","INSPECT","CUT=72/127;ASSEMBLE=96/127;INSPECT=120/127"
P2|N24|D|UNIFORM|d90|p0,1,400,104,"C1A1T0I2F0","(1,1,2,0)","ASSEMBLE","CUT=72/104;ASSEMBLE=96/104;INSPECT=120/208"
P2|N24|D|UNIFORM|d90|p0,2,480,81,"C1A0T1I2F0","(1,2,2,0)","CUT","CUT=72/81;ASSEMBLE=96/162;INSPECT=120/162"
P2|N24|D|UNIFORM|d90|p0,3,580,67,"C2A0T1I2F0","(2,2,2,0)","INSPECT","CUT=72/134;ASSEMBLE=96/134;INSPECT=120/134"
P2|N24|D|UNIFORM|d90|p0,4,680,57,"C2A0T1I3F0","(2,2,3,0)","ASSEMBLE","CUT=72/114;ASSEMBLE=96/114;INSPECT=120/171"
P2|N24|D|UNIFORM|d90|p0,5,780,50,"C2A1T1I3F0","(2,3,3,0)","INSPECT","CUT=72/100;ASSEMBLE=96/150;INSPECT=120/150"
P2|N24|D|UNIFORM|d90|p0,6,880,46,"C2A1T1I4F0","(2,3,4,0)","CUT","CUT=72/92;ASSEMBLE=96/138;INSPECT=120/184"
P2|N24|D|UNIFORM|d90|p0,7,960,45,"C2A0T2I4F0","(2,4,4,0)","CUT","CUT=72/90;ASSEMBLE=96/180;INSPECT=120/180"
P2|N24|D|UNIFORM|d90|p0,8,980,42,"C3A1T1I4F0","(3,3,4,0)","ASSEMBLE","CUT=72/126;ASSEMBLE=96/126;INSPECT=120/168"
P2|N24|D|UNIFORM|d90|p0,9,1060,40,"C3A0T2I4F0","(3,4,4,0)","INSPECT","CUT=72/120;ASSEMBLE=96/160;INSPECT=120/160"
P2|N24|D|UNIFORM|d90|p0,10,1160,37,"C4A0T2I4F0","(4,4,4,0)","INSPECT","CUT=72/148;ASSEMBLE=96/148;INSPECT=120/148"
P2|N24|D|UNIFORM|d100|p0,0,300,127,"C1A1T0I1F0","(1,1,1,0)","INSPECT","CUT=72/127;ASSEMBLE=96/127;INSPECT=120/127"
P2|N24|D|UNIFORM|d100|p0,1,400,104,"C1A1T0I2F0","(1,1,2,0)","ASSEMBLE","CUT=72/104;ASSEMBLE=96/104;INSPECT=120/208"
P2|N24|D|UNIFORM|d100|p0,2,500,81,"C1A0T1I2F0 C1A2T0I2F0","(1,2,2,0) (1,2,2,0)","CUT CUT","CUT=72/81;ASSEMBLE=96/162;INSPECT=120/162 CUT=72/81;ASSEMBLE=96/162;INSPECT=120/162"
P2|N24|D|UNIFORM|d100|p0,3,600,67,"C2A0T1I2F0 C2A2T0I2F0","(2,2,2,0) (2,2,2,0)","INSPECT INSPECT","CUT=72/134;ASSEMBLE=96/134;INSPECT=120/134 CUT=72/134;ASSEMBLE=96/134;INSPECT=120/134"
P2|N24|D|UNIFORM|d100|p0,4,700,57,"C2A0T1I3F0 C2A2T0I3F0","(2,2,3,0) (2,2,3,0)","ASSEMBLE ASSEMBLE","CUT=72/114;ASSEMBLE=96/114;INSPECT=120/171 CUT=72/114;ASSEMBLE=96/114;INSPECT=120/171"
P2|N24|D|UNIFORM|d100|p0,5,800,50,"C2A1T1I3F0 C2A3T0I3F0","(2,3,3,0) (2,3,3,0)","INSPECT INSPECT","CUT=72/100;ASSEMBLE=96/150;INSPECT=120/150 CUT=72/100;ASSEMBLE=96/150;INSPECT=120/150"
P2|N24|D|UNIFORM|d100|p0,6,900,46,"C2A1T1I4F0 C2A3T0I4F0","(2,3,4,0) (2,3,4,0)","CUT CUT","CUT=72/92;ASSEMBLE=96/138;INSPECT=120/184 CUT=72/92;ASSEMBLE=96/138;INSPECT=120/184"
P2|N24|D|UNIFORM|d100|p0,7,1000,42,"C3A1T1I4F0 C3A3T0I4F0","(3,3,4,0) (3,3,4,0)","ASSEMBLE ASSEMBLE","CUT=72/126;ASSEMBLE=96/126;INSPECT=120/168 CUT=72/126;ASSEMBLE=96/126;INSPECT=120/168"
P2|N24|D|UNIFORM|d100|p0,8,1100,40,"C3A0T2I4F0 C3A2T1I4F0 C3A4T0I4F0","(3,4,4,0) (3,4,4,0) (3,4,4,0)","INSPECT INSPECT INSPECT","CUT=72/120;ASSEMBLE=96/160;INSPECT=120/160 CUT=72/120;ASSEMBLE=96/160;INSPECT=120/160 CUT=72/120;ASSEMBLE=96/160;INSPECT=120/160"
P2|N24|D|UNIFORM|d100|p0,9,1200,37,"C4A0T2I4F0 C4A2T1I4F0 C4A4T0I4F0","(4,4,4,0) (4,4,4,0) (4,4,4,0)","INSPECT INSPECT INSPECT","CUT=72/148;ASSEMBLE=96/148;INSPECT=120/148 CUT=72/148;ASSEMBLE=96/148;INSPECT=120/148 CUT=72/148;ASSEMBLE=96/148;INSPECT=120/148"
P2|N24|D|WORK|d75|p0,0,600,127,"C1A1T0I1F0","(1,1,1,0)","INSPECT","CUT=72/127;ASSEMBLE=96/127;INSPECT=120/127"
P2|N24|D|WORK|d75|p0,1,850,104,"C1A1T0I2F0","(1,1,2,0)","ASSEMBLE","CUT=72/104;ASSEMBLE=96/104;INSPECT=120/208"
P2|N24|D|WORK|d75|p0,2,950,81,"C1A0T1I2F0","(1,2,2,0)","CUT","CUT=72/81;ASSEMBLE=96/162;INSPECT=120/162"
P2|N24|D|WORK|d75|p0,3,1100,67,"C2A0T1I2F0","(2,2,2,0)","INSPECT","CUT=72/134;ASSEMBLE=96/134;INSPECT=120/134"
P2|N24|D|WORK|d75|p0,4,1350,57,"C2A0T1I3F0","(2,2,3,0)","ASSEMBLE","CUT=72/114;ASSEMBLE=96/114;INSPECT=120/171"
P2|N24|D|WORK|d75|p0,5,1550,50,"C2A1T1I3F0","(2,3,3,0)","INSPECT","CUT=72/100;ASSEMBLE=96/150;INSPECT=120/150"
P2|N24|D|WORK|d75|p0,6,1700,47,"C3A1T1I3F0","(3,3,3,0)","INSPECT","CUT=72/141;ASSEMBLE=96/141;INSPECT=120/141"
P2|N24|D|WORK|d75|p0,7,1800,46,"C2A1T1I4F0","(2,3,4,0)","CUT","CUT=72/92;ASSEMBLE=96/138;INSPECT=120/184"
P2|N24|D|WORK|d75|p0,8,1900,45,"C2A0T2I4F0","(2,4,4,0)","CUT","CUT=72/90;ASSEMBLE=96/180;INSPECT=120/180"
P2|N24|D|WORK|d75|p0,9,1950,42,"C3A1T1I4F0","(3,3,4,0)","ASSEMBLE","CUT=72/126;ASSEMBLE=96/126;INSPECT=120/168"
P2|N24|D|WORK|d75|p0,10,2050,40,"C3A0T2I4F0","(3,4,4,0)","INSPECT","CUT=72/120;ASSEMBLE=96/160;INSPECT=120/160"
P2|N24|D|WORK|d75|p0,11,2200,37,"C4A0T2I4F0","(4,4,4,0)","INSPECT","CUT=72/148;ASSEMBLE=96/148;INSPECT=120/148"
P2|N24|D|WORK|d90|p0,0,600,127,"C1A1T0I1F0","(1,1,1,0)","INSPECT","CUT=72/127;ASSEMBLE=96/127;INSPECT=120/127"
P2|N24|D|WORK|d90|p0,1,850,104,"C1A1T0I2F0","(1,1,2,0)","ASSEMBLE","CUT=72/104;ASSEMBLE=96/104;INSPECT=120/208"
P2|N24|D|WORK|d90|p0,2,1010,81,"C1A0T1I2F0","(1,2,2,0)","CUT","CUT=72/81;ASSEMBLE=96/162;INSPECT=120/162"
P2|N24|D|WORK|d90|p0,3,1160,67,"C2A0T1I2F0","(2,2,2,0)","INSPECT","CUT=72/134;ASSEMBLE=96/134;INSPECT=120/134"
P2|N24|D|WORK|d90|p0,4,1410,57,"C2A0T1I3F0","(2,2,3,0)","ASSEMBLE","CUT=72/114;ASSEMBLE=96/114;INSPECT=120/171"
P2|N24|D|WORK|d90|p0,5,1610,50,"C2A1T1I3F0","(2,3,3,0)","INSPECT","CUT=72/100;ASSEMBLE=96/150;INSPECT=120/150"
P2|N24|D|WORK|d90|p0,6,1760,47,"C3A1T1I3F0","(3,3,3,0)","INSPECT","CUT=72/141;ASSEMBLE=96/141;INSPECT=120/141"
P2|N24|D|WORK|d90|p0,7,1860,46,"C2A1T1I4F0","(2,3,4,0)","CUT","CUT=72/92;ASSEMBLE=96/138;INSPECT=120/184"
P2|N24|D|WORK|d90|p0,8,2010,42,"C3A1T1I4F0","(3,3,4,0)","ASSEMBLE","CUT=72/126;ASSEMBLE=96/126;INSPECT=120/168"
P2|N24|D|WORK|d90|p0,9,2170,40,"C3A0T2I4F0","(3,4,4,0)","INSPECT","CUT=72/120;ASSEMBLE=96/160;INSPECT=120/160"
P2|N24|D|WORK|d90|p0,10,2320,37,"C4A0T2I4F0","(4,4,4,0)","INSPECT","CUT=72/148;ASSEMBLE=96/148;INSPECT=120/148"
P2|N24|D|WORK|d100|p0,0,600,127,"C1A1T0I1F0","(1,1,1,0)","INSPECT","CUT=72/127;ASSEMBLE=96/127;INSPECT=120/127"
P2|N24|D|WORK|d100|p0,1,850,104,"C1A1T0I2F0","(1,1,2,0)","ASSEMBLE","CUT=72/104;ASSEMBLE=96/104;INSPECT=120/208"
P2|N24|D|WORK|d100|p0,2,1050,81,"C1A0T1I2F0 C1A2T0I2F0","(1,2,2,0) (1,2,2,0)","CUT CUT","CUT=72/81;ASSEMBLE=96/162;INSPECT=120/162 CUT=72/81;ASSEMBLE=96/162;INSPECT=120/162"
P2|N24|D|WORK|d100|p0,3,1200,67,"C2A0T1I2F0 C2A2T0I2F0","(2,2,2,0) (2,2,2,0)","INSPECT INSPECT","CUT=72/134;ASSEMBLE=96/134;INSPECT=120/134 CUT=72/134;ASSEMBLE=96/134;INSPECT=120/134"
P2|N24|D|WORK|d100|p0,4,1450,57,"C2A0T1I3F0 C2A2T0I3F0","(2,2,3,0) (2,2,3,0)","ASSEMBLE ASSEMBLE","CUT=72/114;ASSEMBLE=96/114;INSPECT=120/171 CUT=72/114;ASSEMBLE=96/114;INSPECT=120/171"
P2|N24|D|WORK|d100|p0,5,1650,50,"C2A1T1I3F0 C2A3T0I3F0","(2,3,3,0) (2,3,3,0)","INSPECT INSPECT","CUT=72/100;ASSEMBLE=96/150;INSPECT=120/150 CUT=72/100;ASSEMBLE=96/150;INSPECT=120/150"
P2|N24|D|WORK|d100|p0,6,1800,47,"C3A1T1I3F0 C3A3T0I3F0","(3,3,3,0) (3,3,3,0)","INSPECT INSPECT","CUT=72/141;ASSEMBLE=96/141;INSPECT=120/141 CUT=72/141;ASSEMBLE=96/141;INSPECT=120/141"
P2|N24|D|WORK|d100|p0,7,1900,46,"C2A1T1I4F0 C2A3T0I4F0","(2,3,4,0) (2,3,4,0)","CUT CUT","CUT=72/92;ASSEMBLE=96/138;INSPECT=120/184 CUT=72/92;ASSEMBLE=96/138;INSPECT=120/184"
P2|N24|D|WORK|d100|p0,8,2050,42,"C3A1T1I4F0 C3A3T0I4F0","(3,3,4,0) (3,3,4,0)","ASSEMBLE ASSEMBLE","CUT=72/126;ASSEMBLE=96/126;INSPECT=120/168 CUT=72/126;ASSEMBLE=96/126;INSPECT=120/168"
P2|N24|D|WORK|d100|p0,9,2250,40,"C3A0T2I4F0 C3A2T1I4F0 C3A4T0I4F0","(3,4,4,0) (3,4,4,0) (3,4,4,0)","INSPECT INSPECT INSPECT","CUT=72/120;ASSEMBLE=96/160;INSPECT=120/160 CUT=72/120;ASSEMBLE=96/160;INSPECT=120/160 CUT=72/120;ASSEMBLE=96/160;INSPECT=120/160"
P2|N24|D|WORK|d100|p0,10,2400,37,"C4A0T2I4F0 C4A2T1I4F0 C4A4T0I4F0","(4,4,4,0) (4,4,4,0) (4,4,4,0)","INSPECT INSPECT INSPECT","CUT=72/148;ASSEMBLE=96/148;INSPECT=120/148 CUT=72/148;ASSEMBLE=96/148;INSPECT=120/148 CUT=72/148;ASSEMBLE=96/148;INSPECT=120/148"
P2|N24|F|UNIFORM|d75|p100,0,200,219,"C1A0T0I0F1","(1,0,0,1)","ASSEMBLE+INSPECT","CUT=72/219;ASSEMBLE+INSPECT=216/219"
P2|N24|F|UNIFORM|d75|p100,1,300,114,"C1A0T0I0F2","(1,0,0,2)","ASSEMBLE+INSPECT","CUT=72/114;ASSEMBLE+INSPECT=216/228"
P2|N24|F|UNIFORM|d75|p100,2,400,81,"C1A0T0I0F3","(1,0,0,3)","CUT|ASSEMBLE+INSPECT","CUT=72/81;ASSEMBLE+INSPECT=216/243"
P2|N24|F|UNIFORM|d75|p100,3,500,78,"C2A0T0I0F3","(2,0,0,3)","ASSEMBLE+INSPECT","CUT=72/156;ASSEMBLE+INSPECT=216/234"
P2|N24|F|UNIFORM|d75|p100,4,550,67,"C2A0T1I2F0","(2,2,2,0)","INSPECT","CUT=72/134;ASSEMBLE=96/134;INSPECT=120/134"
P2|N24|F|UNIFORM|d75|p100,5,600,62,"C2A1T0I0F3 C2A1T0I1F2","(2,1,0,3) (2,1,1,2)","ASSEMBLE+INSPECT ASSEMBLE+INSPECT","CUT=72/124;ASSEMBLE+INSPECT=216/248 CUT=72/124;ASSEMBLE+INSPECT=216/248"
P2|N24|F|UNIFORM|d75|p100,6,650,53,"C2A0T1I2F1","(2,2,2,1)","ASSEMBLE+INSPECT","CUT=72/106;ASSEMBLE+INSPECT=216/265"
P2|N24|F|UNIFORM|d75|p100,7,700,52,"C2A1T0I1F3","(2,1,1,3)","ASSEMBLE+INSPECT","CUT=72/104;ASSEMBLE+INSPECT=216/260"
P2|N24|F|UNIFORM|d75|p100,8,750,47,"C2A0T1I2F2 C2A0T1I3F1","(2,2,2,2) (2,2,3,1)","CUT|ASSEMBLE+INSPECT CUT|ASSEMBLE+INSPECT","CUT=72/94;ASSEMBLE+INSPECT=216/282 CUT=72/94;ASSEMBLE+INSPECT=216/282"
P2|N24|F|UNIFORM|d75|p100,9,800,46,"C2A1T0I2F3","(2,1,2,3)","CUT|ASSEMBLE+INSPECT","CUT=72/92;ASSEMBLE+INSPECT=216/276"
P2|N24|F|UNIFORM|d75|p100,10,850,45,"C2A0T1I2F3 C2A1T1I1F3 C2A1T1I2F2","(2,2,2,3) (2,3,1,3) (2,3,2,2)","CUT CUT CUT","CUT=72/90;ASSEMBLE+INSPECT=216/315 CUT=72/90;ASSEMBLE+INSPECT=216/315 CUT=72/90;ASSEMBLE+INSPECT=216/315"
P2|N24|F|UNIFORM|d75|p100,11,950,39,"C3A0T1I2F3","(3,2,2,3)","ASSEMBLE+INSPECT","CUT=72/117;ASSEMBLE+INSPECT=216/273"
P2|N24|F|UNIFORM|d75|p100,12,1050,37,"C3A0T1I3F3 C3A0T1I4F2 C3A1T1I4F1","(3,2,3,3) (3,2,4,2) (3,3,4,1)","ASSEMBLE+INSPECT ASSEMBLE+INSPECT ASSEMBLE+INSPECT","CUT=72/111;ASSEMBLE+INSPECT=216/296 CUT=72/111;ASSEMBLE+INSPECT=216/296 CUT=72/111;ASSEMBLE+INSPECT=216/296"
P2|N24|F|UNIFORM|d75|p100,13,1100,35,"C3A0T2I4F1","(3,4,4,1)","CUT|ASSEMBLE+INSPECT","CUT=72/105;ASSEMBLE+INSPECT=216/315"
P2|N24|F|UNIFORM|d75|p100,14,1150,33,"C3A1T1I3F3","(3,3,3,3)","CUT|ASSEMBLE+INSPECT","CUT=72/99;ASSEMBLE+INSPECT=216/297"
P2|N24|F|UNIFORM|d75|p100,15,1300,32,"C4A0T2I3F3 C4A0T2I4F2","(4,4,3,3) (4,4,4,2)","ASSEMBLE+INSPECT ASSEMBLE+INSPECT","CUT=72/128;ASSEMBLE+INSPECT=216/320 CUT=72/128;ASSEMBLE+INSPECT=216/320"
P2|N24|F|UNIFORM|d75|p100,16,1400,29,"C4A0T2I4F3","(4,4,4,3)","ASSEMBLE+INSPECT","CUT=72/116;ASSEMBLE+INSPECT=216/319"
P2|N24|F|UNIFORM|d75|p125,0,225,219,"C1A0T0I0F1","(1,0,0,1)","ASSEMBLE+INSPECT","CUT=72/219;ASSEMBLE+INSPECT=216/219"
P2|N24|F|UNIFORM|d75|p125,1,300,127,"C1A1T0I1F0","(1,1,1,0)","INSPECT","CUT=72/127;ASSEMBLE=96/127;INSPECT=120/127"
P2|N24|F|UNIFORM|d75|p125,2,350,114,"C1A0T0I0F2","(1,0,0,2)","ASSEMBLE+INSPECT","CUT=72/114;ASSEMBLE+INSPECT=216/228"
P2|N24|F|UNIFORM|d75|p125,3,400,104,"C1A1T0I2F0","(1,1,2,0)","ASSEMBLE","CUT=72/104;ASSEMBLE=96/104;INSPECT=120/208"
P2|N24|F|UNIFORM|d75|p125,4,425,84,"C1A1T0I1F1","(1,1,1,1)","CUT|ASSEMBLE+INSPECT","CUT=72/84;ASSEMBLE+INSPECT=216/252"
P2|N24|F|UNIFORM|d75|p125,5,450,81,"C1A0T1I2F0","(1,2,2,0)","CUT","CUT=72/81;ASSEMBLE=96/162;INSPECT=120/162"
P2|N24|F|UNIFORM|d75|p125,6,550,67,"C2A0T1I2F0","(2,2,2,0)","INSPECT","CUT=72/134;ASSEMBLE=96/134;INSPECT=120/134"
P2|N24|F|UNIFORM|d75|p125,7,650,57,"C2A0T1I3F0","(2,2,3,0)","ASSEMBLE","CUT=72/114;ASSEMBLE=96/114;INSPECT=120/171"
P2|N24|F|UNIFORM|d75|p125,8,675,53,"C2A0T1I2F1","(2,2,2,1)","ASSEMBLE+INSPECT","CUT=72/106;ASSEMBLE+INSPECT=216/265"
P2|N24|F|UNIFORM|d75|p125,9,750,50,"C2A1T1I3F0","(2,3,3,0)","INSPECT","CUT=72/100;ASSEMBLE=96/150;INSPECT=120/150"
P2|N24|F|UNIFORM|d75|p125,10,775,47,"C2A0T1I3F1","(2,2,3,1)","CUT|ASSEMBLE+INSPECT","CUT=72/94;ASSEMBLE+INSPECT=216/282"
P2|N24|F|UNIFORM|d75|p125,11,850,46,"C2A1T1I4F0","(2,3,4,0)","CUT","CUT=72/92;ASSEMBLE=96/138;INSPECT=120/184"
P2|N24|F|UNIFORM|d75|p125,12,900,45,"C2A0T2I4F0 C2A1T1I2F2","(2,4,4,0) (2,3,2,2)","CUT CUT","CUT=72/90;ASSEMBLE=96/180;INSPECT=120/180 CUT=72/90;ASSEMBLE+INSPECT=216/315"
P2|N24|F|UNIFORM|d75|p125,13,950,42,"C3A1T1I4F0","(3,3,4,0)","ASSEMBLE","CUT=72/126;ASSEMBLE=96/126;INSPECT=120/168"
P2|N24|F|UNIFORM|d75|p125,14,1000,40,"C3A0T1I3F2 C3A0T2I4F0","(3,2,3,2) (3,4,4,0)","ASSEMBLE+INSPECT INSPECT","CUT=72/120;ASSEMBLE+INSPECT=216/280 CUT=72/120;ASSEMBLE=96/160;INSPECT=120/160"
P2|N24|F|UNIFORM|d75|p125,15,1025,39,"C3A0T1I2F3","(3,2,2,3)","ASSEMBLE+INSPECT","CUT=72/117;ASSEMBLE+INSPECT=216/273"
P2|N24|F|UNIFORM|d75|p125,16,1075,37,"C3A1T1I4F1","(3,3,4,1)","ASSEMBLE+INSPECT","CUT=72/111;ASSEMBLE+INSPECT=216/296"
P2|N24|F|UNIFORM|d75|p125,17,1125,35,"C3A0T2I4F1","(3,4,4,1)","CUT|ASSEMBLE+INSPECT","CUT=72/105;ASSEMBLE+INSPECT=216/315"
P2|N24|F|UNIFORM|d75|p125,18,1225,33,"C3A1T1I3F3","(3,3,3,3)","CUT|ASSEMBLE+INSPECT","CUT=72/99;ASSEMBLE+INSPECT=216/297"
P2|N24|F|UNIFORM|d75|p125,19,1350,32,"C4A0T2I4F2","(4,4,4,2)","ASSEMBLE+INSPECT","CUT=72/128;ASSEMBLE+INSPECT=216/320"
P2|N24|F|UNIFORM|d75|p125,20,1475,29,"C4A0T2I4F3","(4,4,4,3)","ASSEMBLE+INSPECT","CUT=72/116;ASSEMBLE+INSPECT=216/319"
P2|N24|F|UNIFORM|d75|p150,0,250,219,"C1A0T0I0F1","(1,0,0,1)","ASSEMBLE+INSPECT","CUT=72/219;ASSEMBLE+INSPECT=216/219"
P2|N24|F|UNIFORM|d75|p150,1,300,127,"C1A1T0I1F0","(1,1,1,0)","INSPECT","CUT=72/127;ASSEMBLE=96/127;INSPECT=120/127"
P2|N24|F|UNIFORM|d75|p150,2,400,104,"C1A1T0I2F0","(1,1,2,0)","ASSEMBLE","CUT=72/104;ASSEMBLE=96/104;INSPECT=120/208"
P2|N24|F|UNIFORM|d75|p150,3,450,81,"C1A0T1I2F0","(1,2,2,0)","CUT","CUT=72/81;ASSEMBLE=96/162;INSPECT=120/162"
P2|N24|F|UNIFORM|d75|p150,4,550,67,"C2A0T1I2F0","(2,2,2,0)","INSPECT","CUT=72/134;ASSEMBLE=96/134;INSPECT=120/134"
P2|N24|F|UNIFORM|d75|p150,5,650,57,"C2A0T1I3F0","(2,2,3,0)","ASSEMBLE","CUT=72/114;ASSEMBLE=96/114;INSPECT=120/171"
P2|N24|F|UNIFORM|d75|p150,6,700,53,"C2A0T1I2F1","(2,2,2,1)","ASSEMBLE+INSPECT","CUT=72/106;ASSEMBLE+INSPECT=216/265"
P2|N24|F|UNIFORM|d75|p150,7,750,50,"C2A1T1I3F0","(2,3,3,0)","INSPECT","CUT=72/100;ASSEMBLE=96/150;INSPECT=120/150"
P2|N24|F|UNIFORM|d75|p150,8,800,47,"C2A0T1I3F1","(2,2,3,1)","CUT|ASSEMBLE+INSPECT","CUT=72/94;ASSEMBLE+INSPECT=216/282"
P2|N24|F|UNIFORM|d75|p150,9,850,46,"C2A1T1I4F0","(2,3,4,0)","CUT","CUT=72/92;ASSEMBLE=96/138;INSPECT=120/184"
P2|N24|F|UNIFORM|d75|p150,10,900,45,"C2A0T2I4F0","(2,4,4,0)","CUT","CUT=72/90;ASSEMBLE=96/180;INSPECT=120/180"
P2|N24|F|UNIFORM|d75|p150,11,950,42,"C3A1T1I4F0","(3,3,4,0)","ASSEMBLE","CUT=72/126;ASSEMBLE=96/126;INSPECT=120/168"
P2|N24|F|UNIFORM|d75|p150,12,1000,40,"C3A0T2I4F0","(3,4,4,0)","INSPECT","CUT=72/120;ASSEMBLE=96/160;INSPECT=120/160"
P2|N24|F|UNIFORM|d75|p150,13,1100,37,"C3A1T1I4F1 C4A0T2I4F0","(3,3,4,1) (4,4,4,0)","ASSEMBLE+INSPECT INSPECT","CUT=72/111;ASSEMBLE+INSPECT=216/296 CUT=72/148;ASSEMBLE=96/148;INSPECT=120/148"
P2|N24|F|UNIFORM|d75|p150,14,1150,35,"C3A0T2I4F1","(3,4,4,1)","CUT|ASSEMBLE+INSPECT","CUT=72/105;ASSEMBLE+INSPECT=216/315"
P2|N24|F|UNIFORM|d75|p150,15,1250,34,"C4A0T2I4F1","(4,4,4,1)","ASSEMBLE+INSPECT","CUT=72/136;ASSEMBLE+INSPECT=216/306"
P2|N24|F|UNIFORM|d75|p150,16,1300,33,"C3A0T2I4F2 C3A1T1I3F3","(3,4,4,2) (3,3,3,3)","CUT CUT|ASSEMBLE+INSPECT","CUT=72/99;ASSEMBLE+INSPECT=216/330 CUT=72/99;ASSEMBLE+INSPECT=216/297"
P2|N24|F|UNIFORM|d75|p150,17,1400,32,"C4A0T2I4F2","(4,4,4,2)","ASSEMBLE+INSPECT","CUT=72/128;ASSEMBLE+INSPECT=216/320"
P2|N24|F|UNIFORM|d75|p150,18,1550,29,"C4A0T2I4F3","(4,4,4,3)","ASSEMBLE+INSPECT","CUT=72/116;ASSEMBLE+INSPECT=216/319"
P2|N24|F|UNIFORM|d75|p200,0,300,127,"C1A1T0I1F0","(1,1,1,0)","INSPECT","CUT=72/127;ASSEMBLE=96/127;INSPECT=120/127"
P2|N24|F|UNIFORM|d75|p200,1,400,104,"C1A1T0I2F0","(1,1,2,0)","ASSEMBLE","CUT=72/104;ASSEMBLE=96/104;INSPECT=120/208"
P2|N24|F|UNIFORM|d75|p200,2,450,81,"C1A0T1I2F0","(1,2,2,0)","CUT","CUT=72/81;ASSEMBLE=96/162;INSPECT=120/162"
P2|N24|F|UNIFORM|d75|p200,3,550,67,"C2A0T1I2F0","(2,2,2,0)","INSPECT","CUT=72/134;ASSEMBLE=96/134;INSPECT=120/134"
P2|N24|F|UNIFORM|d75|p200,4,650,57,"C2A0T1I3F0","(2,2,3,0)","ASSEMBLE","CUT=72/114;ASSEMBLE=96/114;INSPECT=120/171"
P2|N24|F|UNIFORM|d75|p200,5,750,50,"C2A1T1I3F0","(2,3,3,0)","INSPECT","CUT=72/100;ASSEMBLE=96/150;INSPECT=120/150"
P2|N24|F|UNIFORM|d75|p200,6,850,46,"C2A1T1I4F0","(2,3,4,0)","CUT","CUT=72/92;ASSEMBLE=96/138;INSPECT=120/184"
P2|N24|F|UNIFORM|d75|p200,7,900,45,"C2A0T2I4F0","(2,4,4,0)","CUT","CUT=72/90;ASSEMBLE=96/180;INSPECT=120/180"
P2|N24|F|UNIFORM|d75|p200,8,950,42,"C3A1T1I4F0","(3,3,4,0)","ASSEMBLE","CUT=72/126;ASSEMBLE=96/126;INSPECT=120/168"
P2|N24|F|UNIFORM|d75|p200,9,1000,40,"C3A0T2I4F0","(3,4,4,0)","INSPECT","CUT=72/120;ASSEMBLE=96/160;INSPECT=120/160"
P2|N24|F|UNIFORM|d75|p200,10,1100,37,"C4A0T2I4F0","(4,4,4,0)","INSPECT","CUT=72/148;ASSEMBLE=96/148;INSPECT=120/148"
P2|N24|F|UNIFORM|d75|p200,11,1200,35,"C3A0T2I4F1","(3,4,4,1)","CUT|ASSEMBLE+INSPECT","CUT=72/105;ASSEMBLE+INSPECT=216/315"
P2|N24|F|UNIFORM|d75|p200,12,1300,34,"C4A0T2I4F1","(4,4,4,1)","ASSEMBLE+INSPECT","CUT=72/136;ASSEMBLE+INSPECT=216/306"
P2|N24|F|UNIFORM|d75|p200,13,1400,33,"C3A0T2I4F2 C4A1T2I4F1","(3,4,4,2) (4,5,4,1)","CUT ASSEMBLE+INSPECT","CUT=72/99;ASSEMBLE+INSPECT=216/330 CUT=72/132;ASSEMBLE+INSPECT=216/330"
P2|N24|F|UNIFORM|d75|p200,14,1500,32,"C4A0T2I4F2","(4,4,4,2)","ASSEMBLE+INSPECT","CUT=72/128;ASSEMBLE+INSPECT=216/320"
P2|N24|F|UNIFORM|d75|p200,15,1650,30,"C4A0T3I4F2","(4,6,4,2)","CUT|ASSEMBLE+INSPECT","CUT=72/120;ASSEMBLE+INSPECT=216/360"
P2|N24|F|UNIFORM|d75|p200,16,1700,29,"C4A0T2I4F3","(4,4,4,3)","ASSEMBLE+INSPECT","CUT=72/116;ASSEMBLE+INSPECT=216/319"
P2|N24|F|UNIFORM|d90|p100,0,200,219,"C1A0T0I0F1","(1,0,0,1)","ASSEMBLE+INSPECT","CUT=72/219;ASSEMBLE+INSPECT=216/219"
P2|N24|F|UNIFORM|d90|p100,1,300,114,"C1A0T0I0F2","(1,0,0,2)","ASSEMBLE+INSPECT","CUT=72/114;ASSEMBLE+INSPECT=216/228"
P2|N24|F|UNIFORM|d90|p100,2,400,81,"C1A0T0I0F3","(1,0,0,3)","CUT|ASSEMBLE+INSPECT","CUT=72/81;ASSEMBLE+INSPECT=216/243"
P2|N24|F|UNIFORM|d90|p100,3,500,78,"C2A0T0I0F3","(2,0,0,3)","ASSEMBLE+INSPECT","CUT=72/156;ASSEMBLE+INSPECT=216/234"
P2|N24|F|UNIFORM|d90|p100,4,580,67,"C2A0T1I2F0","(2,2,2,0)","INSPECT","CUT=72/134;ASSEMBLE=96/134;INSPECT=120/134"
P2|N24|F|UNIFORM|d90|p100,5,600,62,"C2A1T0I0F3 C2A1T0I1F2","(2,1,0,3) (2,1,1,2)","ASSEMBLE+INSPECT ASSEMBLE+INSPECT","CUT=72/124;ASSEMBLE+INSPECT=216/248 CUT=72/124;ASSEMBLE+INSPECT=216/248"
P2|N24|F|UNIFORM|d90|p100,6,680,53,"C2A0T1I2F1","(2,2,2,1)","ASSEMBLE+INSPECT","CUT=72/106;ASSEMBLE+INSPECT=216/265"
P2|N24|F|UNIFORM|d90|p100,7,700,52,"C2A1T0I1F3","(2,1,1,3)","ASSEMBLE+INSPECT","CUT=72/104;ASSEMBLE+INSPECT=216/260"
P2|N24|F|UNIFORM|d90|p100,8,780,47,"C2A0T1I2F2 C2A0T1I3F1","(2,2,2,2) (2,2,3,1)","CUT|ASSEMBLE+INSPECT CUT|ASSEMBLE+INSPECT","CUT=72/94;ASSEMBLE+INSPECT=216/282 CUT=72/94;ASSEMBLE+INSPECT=216/282"
P2|N24|F|UNIFORM|d90|p100,9,800,46,"C2A1T0I2F3","(2,1,2,3)","CUT|ASSEMBLE+INSPECT","CUT=72/92;ASSEMBLE+INSPECT=216/276"
P2|N24|F|UNIFORM|d90|p100,10,880,45,"C2A0T1I2F3 C2A1T1I1F3 C2A1T1I2F2","(2,2,2,3) (2,3,1,3) (2,3,2,2)","CUT CUT CUT","CUT=72/90;ASSEMBLE+INSPECT=216/315 CUT=72/90;ASSEMBLE+INSPECT=216/315 CUT=72/90;ASSEMBLE+INSPECT=216/315"
P2|N24|F|UNIFORM|d90|p100,11,980,39,"C3A0T1I2F3","(3,2,2,3)","ASSEMBLE+INSPECT","CUT=72/117;ASSEMBLE+INSPECT=216/273"
P2|N24|F|UNIFORM|d90|p100,12,1080,37,"C3A0T1I3F3 C3A0T1I4F2 C3A1T1I4F1","(3,2,3,3) (3,2,4,2) (3,3,4,1)","ASSEMBLE+INSPECT ASSEMBLE+INSPECT ASSEMBLE+INSPECT","CUT=72/111;ASSEMBLE+INSPECT=216/296 CUT=72/111;ASSEMBLE+INSPECT=216/296 CUT=72/111;ASSEMBLE+INSPECT=216/296"
P2|N24|F|UNIFORM|d90|p100,13,1160,35,"C3A0T2I4F1","(3,4,4,1)","CUT|ASSEMBLE+INSPECT","CUT=72/105;ASSEMBLE+INSPECT=216/315"
P2|N24|F|UNIFORM|d90|p100,14,1180,33,"C3A1T1I3F3","(3,3,3,3)","CUT|ASSEMBLE+INSPECT","CUT=72/99;ASSEMBLE+INSPECT=216/297"
P2|N24|F|UNIFORM|d90|p100,15,1360,32,"C4A0T2I3F3 C4A0T2I4F2","(4,4,3,3) (4,4,4,2)","ASSEMBLE+INSPECT ASSEMBLE+INSPECT","CUT=72/128;ASSEMBLE+INSPECT=216/320 CUT=72/128;ASSEMBLE+INSPECT=216/320"
P2|N24|F|UNIFORM|d90|p100,16,1460,29,"C4A0T2I4F3","(4,4,4,3)","ASSEMBLE+INSPECT","CUT=72/116;ASSEMBLE+INSPECT=216/319"
P2|N24|F|UNIFORM|d90|p125,0,225,219,"C1A0T0I0F1","(1,0,0,1)","ASSEMBLE+INSPECT","CUT=72/219;ASSEMBLE+INSPECT=216/219"
P2|N24|F|UNIFORM|d90|p125,1,300,127,"C1A1T0I1F0","(1,1,1,0)","INSPECT","CUT=72/127;ASSEMBLE=96/127;INSPECT=120/127"
P2|N24|F|UNIFORM|d90|p125,2,350,114,"C1A0T0I0F2","(1,0,0,2)","ASSEMBLE+INSPECT","CUT=72/114;ASSEMBLE+INSPECT=216/228"
P2|N24|F|UNIFORM|d90|p125,3,400,104,"C1A1T0I2F0","(1,1,2,0)","ASSEMBLE","CUT=72/104;ASSEMBLE=96/104;INSPECT=120/208"
P2|N24|F|UNIFORM|d90|p125,4,425,84,"C1A1T0I1F1","(1,1,1,1)","CUT|ASSEMBLE+INSPECT","CUT=72/84;ASSEMBLE+INSPECT=216/252"
P2|N24|F|UNIFORM|d90|p125,5,450,83,"C1A1T0I0F2","(1,1,0,2)","CUT|ASSEMBLE+INSPECT","CUT=72/83;ASSEMBLE+INSPECT=216/249"
P2|N24|F|UNIFORM|d90|p125,6,475,81,"C1A0T0I0F3","(1,0,0,3)","CUT|ASSEMBLE+INSPECT","CUT=72/81;ASSEMBLE+INSPECT=216/243"
P2|N24|F|UNIFORM|d90|p125,7,575,78,"C2A0T0I0F3","(2,0,0,3)","ASSEMBLE+INSPECT","CUT=72/156;ASSEMBLE+INSPECT=216/234"
P2|N24|F|UNIFORM|d90|p125,8,580,67,"C2A0T1I2F0","(2,2,2,0)","INSPECT","CUT=72/134;ASSEMBLE=96/134;INSPECT=120/134"
P2|N24|F|UNIFORM|d90|p125,9,650,62,"C2A1T0I1F2","(2,1,1,2)","ASSEMBLE+INSPECT","CUT=72/124;ASSEMBLE+INSPECT=216/248"
P2|N24|F|UNIFORM|d90|p125,10,680,57,"C2A0T1I3F0","(2,2,3,0)","ASSEMBLE","CUT=72/114;ASSEMBLE=96/114;INSPECT=120/171"
P2|N24|F|UNIFORM|d90|p125,11,705,53,"C2A0T1I2F1","(2,2,2,1)","ASSEMBLE+INSPECT","CUT=72/106;ASSEMBLE+INSPECT=216/265"
P2|N24|F|UNIFORM|d90|p125,12,775,52,"C2A1T0I1F3","(2,1,1,3)","ASSEMBLE+INSPECT","CUT=72/104;ASSEMBLE+INSPECT=216/260"
P2|N24|F|UNIFORM|d90|p125,13,780,50,"C2A1T1I3F0","(2,3,3,0)","INSPECT","CUT=72/100;ASSEMBLE=96/150;INSPECT=120/150"
P2|N24|F|UNIFORM|d90|p125,14,805,47,"C2A0T1I3F1","(2,2,3,1)","CUT|ASSEMBLE+INSPECT","CUT=72/94;ASSEMBLE+INSPECT=216/282"
P2|N24|F|UNIFORM|d90|p125,15,875,46,"C2A1T0I2F3","(2,1,2,3)","CUT|ASSEMBLE+INSPECT","CUT=72/92;ASSEMBLE+INSPECT=216/276"
P2|N24|F|UNIFORM|d90|p125,16,930,45,"C2A1T1I2F2","(2,3,2,2)","CUT","CUT=72/90;ASSEMBLE+INSPECT=216/315"
P2|N24|F|UNIFORM|d90|p125,17,980,42,"C3A1T1I4F0","(3,3,4,0)","ASSEMBLE","CUT=72/126;ASSEMBLE=96/126;INSPECT=120/168"
P2|N24|F|UNIFORM|d90|p125,18,1030,40,"C3A0T1I3F2","(3,2,3,2)","ASSEMBLE+INSPECT","CUT=72/120;ASSEMBLE+INSPECT=216/280"
P2|N24|F|UNIFORM|d90|p125,19,1055,39,"C3A0T1I2F3","(3,2,2,3)","ASSEMBLE+INSPECT","CUT=72/117;ASSEMBLE+INSPECT=216/273"
P2|N24|F|UNIFORM|d90|p125,20,1105,37,"C3A1T1I4F1","(3,3,4,1)","ASSEMBLE+INSPECT","CUT=72/111;ASSEMBLE+INSPECT=216/296"
P2|N24|F|UNIFORM|d90|p125,21,1185,35,"C3A0T2I4F1","(3,4,4,1)","CUT|ASSEMBLE+INSPECT","CUT=72/105;ASSEMBLE+INSPECT=216/315"
P2|N24|F|UNIFORM|d90|p125,22,1255,33,"C3A1T1I3F3","(3,3,3,3)","CUT|ASSEMBLE+INSPECT","CUT=72/99;ASSEMBLE+INSPECT=216/297"
P2|N24|F|UNIFORM|d90|p125,23,1410,32,"C4A0T2I4F2","(4,4,4,2)","ASSEMBLE+INSPECT","CUT=72/128;ASSEMBLE+INSPECT=216/320"
P2|N24|F|UNIFORM|d90|p125,24,1535,29,"C4A0T2I4F3","(4,4,4,3)","ASSEMBLE+INSPECT","CUT=72/116;ASSEMBLE+INSPECT=216/319"
P2|N24|F|UNIFORM|d90|p150,0,250,219,"C1A0T0I0F1","(1,0,0,1)","ASSEMBLE+INSPECT","CUT=72/219;ASSEMBLE+INSPECT=216/219"
P2|N24|F|UNIFORM|d90|p150,1,300,127,"C1A1T0I1F0","(1,1,1,0)","INSPECT","CUT=72/127;ASSEMBLE=96/127;INSPECT=120/127"
P2|N24|F|UNIFORM|d90|p150,2,400,104,"C1A1T0I2F0","(1,1,2,0)","ASSEMBLE","CUT=72/104;ASSEMBLE=96/104;INSPECT=120/208"
P2|N24|F|UNIFORM|d90|p150,3,450,84,"C1A1T0I1F1","(1,1,1,1)","CUT|ASSEMBLE+INSPECT","CUT=72/84;ASSEMBLE+INSPECT=216/252"
P2|N24|F|UNIFORM|d90|p150,4,480,81,"C1A0T1I2F0","(1,2,2,0)","CUT","CUT=72/81;ASSEMBLE=96/162;INSPECT=120/162"
P2|N24|F|UNIFORM|d90|p150,5,580,67,"C2A0T1I2F0","(2,2,2,0)","INSPECT","CUT=72/134;ASSEMBLE=96/134;INSPECT=120/134"
P2|N24|F|UNIFORM|d90|p150,6,680,57,"C2A0T1I3F0","(2,2,3,0)","ASSEMBLE","CUT=72/114;ASSEMBLE=96/114;INSPECT=120/171"
P2|N24|F|UNIFORM|d90|p150,7,730,53,"C2A0T1I2F1","(2,2,2,1)","ASSEMBLE+INSPECT","CUT=72/106;ASSEMBLE+INSPECT=216/265"
P2|N24|F|UNIFORM|d90|p150,8,780,50,"C2A1T1I3F0","(2,3,3,0)","INSPECT","CUT=72/100;ASSEMBLE=96/150;INSPECT=120/150"
P2|N24|F|UNIFORM|d90|p150,9,830,47,"C2A0T1I3F1","(2,2,3,1)","CUT|ASSEMBLE+INSPECT","CUT=72/94;ASSEMBLE+INSPECT=216/282"
P2|N24|F|UNIFORM|d90|p150,10,880,46,"C2A1T1I4F0","(2,3,4,0)","CUT","CUT=72/92;ASSEMBLE=96/138;INSPECT=120/184"
P2|N24|F|UNIFORM|d90|p150,11,960,45,"C2A0T2I4F0","(2,4,4,0)","CUT","CUT=72/90;ASSEMBLE=96/180;INSPECT=120/180"
P2|N24|F|UNIFORM|d90|p150,12,980,42,"C3A1T1I4F0","(3,3,4,0)","ASSEMBLE","CUT=72/126;ASSEMBLE=96/126;INSPECT=120/168"
P2|N24|F|UNIFORM|d90|p150,13,1060,40,"C3A0T2I4F0","(3,4,4,0)","INSPECT","CUT=72/120;ASSEMBLE=96/160;INSPECT=120/160"
P2|N24|F|UNIFORM|d90|p150,14,1130,37,"C3A1T1I4F1","(3,3,4,1)","ASSEMBLE+INSPECT","CUT=72/111;ASSEMBLE+INSPECT=216/296"
P2|N24|F|UNIFORM|d90|p150,15,1210,35,"C3A0T2I4F1","(3,4,4,1)","CUT|ASSEMBLE+INSPECT","CUT=72/105;ASSEMBLE+INSPECT=216/315"
P2|N24|F|UNIFORM|d90|p150,16,1310,34,"C4A0T2I4F1","(4,4,4,1)","ASSEMBLE+INSPECT","CUT=72/136;ASSEMBLE+INSPECT=216/306"
P2|N24|F|UNIFORM|d90|p150,17,1330,33,"C3A1T1I3F3","(3,3,3,3)","CUT|ASSEMBLE+INSPECT","CUT=72/99;ASSEMBLE+INSPECT=216/297"
P2|N24|F|UNIFORM|d90|p150,18,1460,32,"C4A0T2I4F2","(4,4,4,2)","ASSEMBLE+INSPECT","CUT=72/128;ASSEMBLE+INSPECT=216/320"
P2|N24|F|UNIFORM|d90|p150,19,1610,29,"C4A0T2I4F3","(4,4,4,3)","ASSEMBLE+INSPECT","CUT=72/116;ASSEMBLE+INSPECT=216/319"
P2|N24|F|UNIFORM|d90|p200,0,300,127,"C1A1T0I1F0","(1,1,1,0)","INSPECT","CUT=72/127;ASSEMBLE=96/127;INSPECT=120/127"
P2|N24|F|UNIFORM|d90|p200,1,400,104,"C1A1T0I2F0","(1,1,2,0)","ASSEMBLE","CUT=72/104;ASSEMBLE=96/104;INSPECT=120/208"
P2|N24|F|UNIFORM|d90|p200,2,480,81,"C1A0T1I2F0","(1,2,2,0)","CUT","CUT=72/81;ASSEMBLE=96/162;INSPECT=120/162"
P2|N24|F|UNIFORM|d90|p200,3,580,67,"C2A0T1I2F0","(2,2,2,0)","INSPECT","CUT=72/134;ASSEMBLE=96/134;INSPECT=120/134"
P2|N24|F|UNIFORM|d90|p200,4,680,57,"C2A0T1I3F0","(2,2,3,0)","ASSEMBLE","CUT=72/114;ASSEMBLE=96/114;INSPECT=120/171"
P2|N24|F|UNIFORM|d90|p200,5,780,50,"C2A1T1I3F0","(2,3,3,0)","INSPECT","CUT=72/100;ASSEMBLE=96/150;INSPECT=120/150"
P2|N24|F|UNIFORM|d90|p200,6,880,46,"C2A1T1I4F0","(2,3,4,0)","CUT","CUT=72/92;ASSEMBLE=96/138;INSPECT=120/184"
P2|N24|F|UNIFORM|d90|p200,7,960,45,"C2A0T2I4F0","(2,4,4,0)","CUT","CUT=72/90;ASSEMBLE=96/180;INSPECT=120/180"
P2|N24|F|UNIFORM|d90|p200,8,980,42,"C3A1T1I4F0","(3,3,4,0)","ASSEMBLE","CUT=72/126;ASSEMBLE=96/126;INSPECT=120/168"
P2|N24|F|UNIFORM|d90|p200,9,1060,40,"C3A0T2I4F0","(3,4,4,0)","INSPECT","CUT=72/120;ASSEMBLE=96/160;INSPECT=120/160"
P2|N24|F|UNIFORM|d90|p200,10,1160,37,"C4A0T2I4F0","(4,4,4,0)","INSPECT","CUT=72/148;ASSEMBLE=96/148;INSPECT=120/148"
P2|N24|F|UNIFORM|d90|p200,11,1260,35,"C3A0T2I4F1","(3,4,4,1)","CUT|ASSEMBLE+INSPECT","CUT=72/105;ASSEMBLE+INSPECT=216/315"
P2|N24|F|UNIFORM|d90|p200,12,1360,34,"C4A0T2I4F1","(4,4,4,1)","ASSEMBLE+INSPECT","CUT=72/136;ASSEMBLE+INSPECT=216/306"
P2|N24|F|UNIFORM|d90|p200,13,1460,33,"C3A0T2I4F2 C4A1T2I4F1","(3,4,4,2) (4,5,4,1)","CUT ASSEMBLE+INSPECT","CUT=72/99;ASSEMBLE+INSPECT=216/330 CUT=72/132;ASSEMBLE+INSPECT=216/330"
P2|N24|F|UNIFORM|d90|p200,14,1560,32,"C4A0T2I4F2","(4,4,4,2)","ASSEMBLE+INSPECT","CUT=72/128;ASSEMBLE+INSPECT=216/320"
P2|N24|F|UNIFORM|d90|p200,15,1740,30,"C4A0T3I4F2","(4,6,4,2)","CUT|ASSEMBLE+INSPECT","CUT=72/120;ASSEMBLE+INSPECT=216/360"
P2|N24|F|UNIFORM|d90|p200,16,1760,29,"C4A0T2I4F3","(4,4,4,3)","ASSEMBLE+INSPECT","CUT=72/116;ASSEMBLE+INSPECT=216/319"
P2|N24|F|UNIFORM|d100|p100,0,200,219,"C1A0T0I0F1","(1,0,0,1)","ASSEMBLE+INSPECT","CUT=72/219;ASSEMBLE+INSPECT=216/219"
P2|N24|F|UNIFORM|d100|p100,1,300,114,"C1A0T0I0F2","(1,0,0,2)","ASSEMBLE+INSPECT","CUT=72/114;ASSEMBLE+INSPECT=216/228"
P2|N24|F|UNIFORM|d100|p100,2,400,81,"C1A0T0I0F3","(1,0,0,3)","CUT|ASSEMBLE+INSPECT","CUT=72/81;ASSEMBLE+INSPECT=216/243"
P2|N24|F|UNIFORM|d100|p100,3,500,78,"C2A0T0I0F3","(2,0,0,3)","ASSEMBLE+INSPECT","CUT=72/156;ASSEMBLE+INSPECT=216/234"
P2|N24|F|UNIFORM|d100|p100,4,600,62,"C2A1T0I0F3 C2A1T0I1F2","(2,1,0,3) (2,1,1,2)","ASSEMBLE+INSPECT ASSEMBLE+INSPECT","CUT=72/124;ASSEMBLE+INSPECT=216/248 CUT=72/124;ASSEMBLE+INSPECT=216/248"
P2|N24|F|UNIFORM|d100|p100,5,700,52,"C2A1T0I1F3","(2,1,1,3)","ASSEMBLE+INSPECT","CUT=72/104;ASSEMBLE+INSPECT=216/260"
P2|N24|F|UNIFORM|d100|p100,6,800,46,"C2A1T0I2F3","(2,1,2,3)","CUT|ASSEMBLE+INSPECT","CUT=72/92;ASSEMBLE+INSPECT=216/276"
P2|N24|F|UNIFORM|d100|p100,7,900,45,"C2A0T1I2F3 C2A1T1I1F3 C2A1T1I2F2 C2A2T0I2F3 C2A3T0I1F3 C2A3T0I2F2","(2,2,2,3) (2,3,1,3) (2,3,2,2) (2,2,2,3) (2,3,1,3) (2,3,2,2)","CUT CUT CUT CUT CUT CUT","CUT=72/90;ASSEMBLE+INSPECT=216/315 CUT=72/90;ASSEMBLE+INSPECT=216/315 CUT=72/90;ASSEMBLE+INSPECT=216/315 CUT=72/90;ASSEMBLE+INSPECT=216/315 CUT=72/90;ASSEMBLE+INSPECT=216/315 CUT=72/90;ASSEMBLE+INSPECT=216/315"
P2|N24|F|UNIFORM|d100|p100,8,1000,39,"C3A0T1I2F3 C3A2T0I2F3","(3,2,2,3) (3,2,2,3)","ASSEMBLE+INSPECT ASSEMBLE+INSPECT","CUT=72/117;ASSEMBLE+INSPECT=216/273 CUT=72/117;ASSEMBLE+INSPECT=216/273"
P2|N24|F|UNIFORM|d100|p100,9,1100,37,"C3A0T1I3F3 C3A0T1I4F2 C3A1T0I4F3 C3A1T1I4F1 C3A2T0I3F3 C3A2T0I4F2 C3A3T0I4F1","(3,2,3,3) (3,2,4,2) (3,1,4,3) (3,3,4,1) (3,2,3,3) (3,2,4,2) (3,3,4,1)","ASSEMBLE+INSPECT ASSEMBLE+INSPECT ASSEMBLE+INSPECT ASSEMBLE+INSPECT ASSEMBLE+INSPECT ASSEMBLE+INSPECT ASSEMBLE+INSPECT","CUT=72/111;ASSEMBLE+INSPECT=216/296 CUT=72/111;ASSEMBLE+INSPECT=216/296 CUT=72/111;ASSEMBLE+INSPECT=216/296 CUT=72/111;ASSEMBLE+INSPECT=216/296 CUT=72/111;ASSEMBLE+INSPECT=216/296 CUT=72/111;ASSEMBLE+INSPECT=216/296 CUT=72/111;ASSEMBLE+INSPECT=216/296"
P2|N24|F|UNIFORM|d100|p100,10,1200,33,"C3A1T1I3F3 C3A3T0I3F3","(3,3,3,3) (3,3,3,3)","CUT|ASSEMBLE+INSPECT CUT|ASSEMBLE+INSPECT","CUT=72/99;ASSEMBLE+INSPECT=216/297 CUT=72/99;ASSEMBLE+INSPECT=216/297"
P2|N24|F|UNIFORM|d100|p100,11,1400,32,"C4A0T2I3F3 C4A0T2I4F2 C4A1T1I4F3 C4A2T1I3F3 C4A2T1I4F2 C4A3T0I4F3 C4A4T0I3F3 C4A4T0I4F2","(4,4,3,3) (4,4,4,2) (4,3,4,3) (4,4,3,3) (4,4,4,2) (4,3,4,3) (4,4,3,3) (4,4,4,2)","ASSEMBLE+INSPECT ASSEMBLE+INSPECT ASSEMBLE+INSPECT ASSEMBLE+INSPECT ASSEMBLE+INSPECT ASSEMBLE+INSPECT ASSEMBLE+INSPECT ASSEMBLE+INSPECT","CUT=72/128;ASSEMBLE+INSPECT=216/320 CUT=72/128;ASSEMBLE+INSPECT=216/320 CUT=72/128;ASSEMBLE+INSPECT=216/320 CUT=72/128;ASSEMBLE+INSPECT=216/320 CUT=72/128;ASSEMBLE+INSPECT=216/320 CUT=72/128;ASSEMBLE+INSPECT=216/320 CUT=72/128;ASSEMBLE+INSPECT=216/320 CUT=72/128;ASSEMBLE+INSPECT=216/320"
P2|N24|F|UNIFORM|d100|p100,12,1500,29,"C4A0T2I4F3 C4A2T1I4F3 C4A4T0I4F3","(4,4,4,3) (4,4,4,3) (4,4,4,3)","ASSEMBLE+INSPECT ASSEMBLE+INSPECT ASSEMBLE+INSPECT","CUT=72/116;ASSEMBLE+INSPECT=216/319 CUT=72/116;ASSEMBLE+INSPECT=216/319 CUT=72/116;ASSEMBLE+INSPECT=216/319"
P2|N24|F|UNIFORM|d100|p125,0,225,219,"C1A0T0I0F1","(1,0,0,1)","ASSEMBLE+INSPECT","CUT=72/219;ASSEMBLE+INSPECT=216/219"
P2|N24|F|UNIFORM|d100|p125,1,300,127,"C1A1T0I1F0","(1,1,1,0)","INSPECT","CUT=72/127;ASSEMBLE=96/127;INSPECT=120/127"
P2|N24|F|UNIFORM|d100|p125,2,350,114,"C1A0T0I0F2","(1,0,0,2)","ASSEMBLE+INSPECT","CUT=72/114;ASSEMBLE+INSPECT=216/228"
P2|N24|F|UNIFORM|d100|p125,3,400,104,"C1A1T0I2F0","(1,1,2,0)","ASSEMBLE","CUT=72/104;ASSEMBLE=96/104;INSPECT=120/208"
P2|N24|F|UNIFORM|d100|p125,4,425,84,"C1A1T0I1F1","(1,1,1,1)","CUT|ASSEMBLE+INSPECT","CUT=72/84;ASSEMBLE+INSPECT=216/252"
P2|N24|F|UNIFORM|d100|p125,5,450,83,"C1A1T0I0F2","(1,1,0,2)","CUT|ASSEMBLE+INSPECT","CUT=72/83;ASSEMBLE+INSPECT=216/249"
P2|N24|F|UNIFORM|d100|p125,6,475,81,"C1A0T0I0F3","(1,0,0,3)","CUT|ASSEMBLE+INSPECT","CUT=72/81;ASSEMBLE+INSPECT=216/243"
P2|N24|F|UNIFORM|d100|p125,7,575,78,"C2A0T0I0F3","(2,0,0,3)","ASSEMBLE+INSPECT","CUT=72/156;ASSEMBLE+INSPECT=216/234"
P2|N24|F|UNIFORM|d100|p125,8,600,67,"C2A0T1I2F0 C2A2T0I2F0","(2,2,2,0) (2,2,2,0)","INSPECT INSPECT","CUT=72/134;ASSEMBLE=96/134;INSPECT=120/134 CUT=72/134;ASSEMBLE=96/134;INSPECT=120/134"
P2|N24|F|UNIFORM|d100|p125,9,650,62,"C2A1T0I1F2","(2,1,1,2)","ASSEMBLE+INSPECT","CUT=72/124;ASSEMBLE+INSPECT=216/248"
P2|N24|F|UNIFORM|d100|p125,10,700,57,"C2A0T1I3F0 C2A2T0I3F0","(2,2,3,0) (2,2,3,0)","ASSEMBLE ASSEMBLE","CUT=72/114;ASSEMBLE=96/114;INSPECT=120/171 CUT=72/114;ASSEMBLE=96/114;INSPECT=120/171"
P2|N24|F|UNIFORM|d100|p125,11,725,53,"C2A0T1I2F1 C2A2T0I2F1","(2,2,2,1) (2,2,2,1)","ASSEMBLE+INSPECT ASSEMBLE+INSPECT","CUT=72/106;ASSEMBLE+INSPECT=216/265 CUT=72/106;ASSEMBLE+INSPECT=216/265"
P2|N24|F|UNIFORM|d100|p125,12,775,52,"C2A1T0I1F3","(2,1,1,3)","ASSEMBLE+INSPECT","CUT=72/104;ASSEMBLE+INSPECT=216/260"
P2|N24|F|UNIFORM|d100|p125,13,800,50,"C2A1T1I3F0 C2A3T0I3F0","(2,3,3,0) (2,3,3,0)","INSPECT INSPECT","CUT=72/100;ASSEMBLE=96/150;INSPECT=120/150 CUT=72/100;ASSEMBLE=96/150;INSPECT=120/150"
P2|N24|F|UNIFORM|d100|p125,14,825,47,"C2A0T1I3F1 C2A2T0I3F1","(2,2,3,1) (2,2,3,1)","CUT|ASSEMBLE+INSPECT CUT|ASSEMBLE+INSPECT","CUT=72/94;ASSEMBLE+INSPECT=216/282 CUT=72/94;ASSEMBLE+INSPECT=216/282"
P2|N24|F|UNIFORM|d100|p125,15,875,46,"C2A1T0I2F3","(2,1,2,3)","CUT|ASSEMBLE+INSPECT","CUT=72/92;ASSEMBLE+INSPECT=216/276"
P2|N24|F|UNIFORM|d100|p125,16,950,45,"C2A1T1I2F2 C2A3T0I2F2","(2,3,2,2) (2,3,2,2)","CUT CUT","CUT=72/90;ASSEMBLE+INSPECT=216/315 CUT=72/90;ASSEMBLE+INSPECT=216/315"
P2|N24|F|UNIFORM|d100|p125,17,1000,42,"C3A1T1I4F0 C3A3T0I4F0","(3,3,4,0) (3,3,4,0)","ASSEMBLE ASSEMBLE","CUT=72/126;ASSEMBLE=96/126;INSPECT=120/168 CUT=72/126;ASSEMBLE=96/126;INSPECT=120/168"
P2|N24|F|UNIFORM|d100|p125,18,1050,40,"C3A0T1I3F2 C3A2T0I3F2","(3,2,3,2) (3,2,3,2)","ASSEMBLE+INSPECT ASSEMBLE+INSPECT","CUT=72/120;ASSEMBLE+INSPECT=216/280 CUT=72/120;ASSEMBLE+INSPECT=216/280"
P2|N24|F|UNIFORM|d100|p125,19,1075,39,"C3A0T1I2F3 C3A2T0I2F3","(3,2,2,3) (3,2,2,3)","ASSEMBLE+INSPECT ASSEMBLE+INSPECT","CUT=72/117;ASSEMBLE+INSPECT=216/273 CUT=72/117;ASSEMBLE+INSPECT=216/273"
P2|N24|F|UNIFORM|d100|p125,20,1125,37,"C3A1T1I4F1 C3A3T0I4F1","(3,3,4,1) (3,3,4,1)","ASSEMBLE+INSPECT ASSEMBLE+INSPECT","CUT=72/111;ASSEMBLE+INSPECT=216/296 CUT=72/111;ASSEMBLE+INSPECT=216/296"
P2|N24|F|UNIFORM|d100|p125,21,1225,35,"C3A0T2I4F1 C3A2T1I4F1 C3A4T0I4F1","(3,4,4,1) (3,4,4,1) (3,4,4,1)","CUT|ASSEMBLE+INSPECT CUT|ASSEMBLE+INSPECT CUT|ASSEMBLE+INSPECT","CUT=72/105;ASSEMBLE+INSPECT=216/315 CUT=72/105;ASSEMBLE+INSPECT=216/315 CUT=72/105;ASSEMBLE+INSPECT=216/315"
P2|N24|F|UNIFORM|d100|p125,22,1275,33,"C3A1T1I3F3 C3A3T0I3F3","(3,3,3,3) (3,3,3,3)","CUT|ASSEMBLE+INSPECT CUT|ASSEMBLE+INSPECT","CUT=72/99;ASSEMBLE+INSPECT=216/297 CUT=72/99;ASSEMBLE+INSPECT=216/297"
P2|N24|F|UNIFORM|d100|p125,23,1450,32,"C4A0T2I4F2 C4A2T1I4F2 C4A4T0I4F2","(4,4,4,2) (4,4,4,2) (4,4,4,2)","ASSEMBLE+INSPECT ASSEMBLE+INSPECT ASSEMBLE+INSPECT","CUT=72/128;ASSEMBLE+INSPECT=216/320 CUT=72/128;ASSEMBLE+INSPECT=216/320 CUT=72/128;ASSEMBLE+INSPECT=216/320"
P2|N24|F|UNIFORM|d100|p125,24,1575,29,"C4A0T2I4F3 C4A2T1I4F3 C4A4T0I4F3","(4,4,4,3) (4,4,4,3) (4,4,4,3)","ASSEMBLE+INSPECT ASSEMBLE+INSPECT ASSEMBLE+INSPECT","CUT=72/116;ASSEMBLE+INSPECT=216/319 CUT=72/116;ASSEMBLE+INSPECT=216/319 CUT=72/116;ASSEMBLE+INSPECT=216/319"
P2|N24|F|UNIFORM|d100|p150,0,250,219,"C1A0T0I0F1","(1,0,0,1)","ASSEMBLE+INSPECT","CUT=72/219;ASSEMBLE+INSPECT=216/219"
P2|N24|F|UNIFORM|d100|p150,1,300,127,"C1A1T0I1F0","(1,1,1,0)","INSPECT","CUT=72/127;ASSEMBLE=96/127;INSPECT=120/127"
P2|N24|F|UNIFORM|d100|p150,2,400,104,"C1A1T0I2F0","(1,1,2,0)","ASSEMBLE","CUT=72/104;ASSEMBLE=96/104;INSPECT=120/208"
P2|N24|F|UNIFORM|d100|p150,3,450,84,"C1A1T0I1F1","(1,1,1,1)","CUT|ASSEMBLE+INSPECT","CUT=72/84;ASSEMBLE+INSPECT=216/252"
P2|N24|F|UNIFORM|d100|p150,4,500,81,"C1A0T1I2F0 C1A2T0I2F0","(1,2,2,0) (1,2,2,0)","CUT CUT","CUT=72/81;ASSEMBLE=96/162;INSPECT=120/162 CUT=72/81;ASSEMBLE=96/162;INSPECT=120/162"
P2|N24|F|UNIFORM|d100|p150,5,600,67,"C2A0T1I2F0 C2A2T0I2F0","(2,2,2,0) (2,2,2,0)","INSPECT INSPECT","CUT=72/134;ASSEMBLE=96/134;INSPECT=120/134 CUT=72/134;ASSEMBLE=96/134;INSPECT=120/134"
P2|N24|F|UNIFORM|d100|p150,6,700,57,"C2A0T1I3F0 C2A2T0I3F0","(2,2,3,0) (2,2,3,0)","ASSEMBLE ASSEMBLE","CUT=72/114;ASSEMBLE=96/114;INSPECT=120/171 CUT=72/114;ASSEMBLE=96/114;INSPECT=120/171"
P2|N24|F|UNIFORM|d100|p150,7,750,53,"C2A0T1I2F1 C2A2T0I2F1","(2,2,2,1) (2,2,2,1)","ASSEMBLE+INSPECT ASSEMBLE+INSPECT","CUT=72/106;ASSEMBLE+INSPECT=216/265 CUT=72/106;ASSEMBLE+INSPECT=216/265"
P2|N24|F|UNIFORM|d100|p150,8,800,50,"C2A1T1I3F0 C2A3T0I3F0","(2,3,3,0) (2,3,3,0)","INSPECT INSPECT","CUT=72/100;ASSEMBLE=96/150;INSPECT=120/150 CUT=72/100;ASSEMBLE=96/150;INSPECT=120/150"
P2|N24|F|UNIFORM|d100|p150,9,850,47,"C2A0T1I3F1 C2A2T0I3F1","(2,2,3,1) (2,2,3,1)","CUT|ASSEMBLE+INSPECT CUT|ASSEMBLE+INSPECT","CUT=72/94;ASSEMBLE+INSPECT=216/282 CUT=72/94;ASSEMBLE+INSPECT=216/282"
P2|N24|F|UNIFORM|d100|p150,10,900,46,"C2A1T1I4F0 C2A3T0I4F0","(2,3,4,0) (2,3,4,0)","CUT CUT","CUT=72/92;ASSEMBLE=96/138;INSPECT=120/184 CUT=72/92;ASSEMBLE=96/138;INSPECT=120/184"
P2|N24|F|UNIFORM|d100|p150,11,1000,42,"C3A1T1I4F0 C3A3T0I4F0","(3,3,4,0) (3,3,4,0)","ASSEMBLE ASSEMBLE","CUT=72/126;ASSEMBLE=96/126;INSPECT=120/168 CUT=72/126;ASSEMBLE=96/126;INSPECT=120/168"
P2|N24|F|UNIFORM|d100|p150,12,1100,40,"C3A0T1I3F2 C3A0T2I4F0 C3A2T0I3F2 C3A2T1I4F0 C3A4T0I4F0","(3,2,3,2) (3,4,4,0) (3,2,3,2) (3,4,4,0) (3,4,4,0)","ASSEMBLE+INSPECT INSPECT ASSEMBLE+INSPECT INSPECT INSPECT","CUT=72/120;ASSEMBLE+INSPECT=216/280 CUT=72/120;ASSEMBLE=96/160;INSPECT=120/160 CUT=72/120;ASSEMBLE+INSPECT=216/280 CUT=72/120;ASSEMBLE=96/160;INSPECT=120/160 CUT=72/120;ASSEMBLE=96/160;INSPECT=120/160"
P2|N24|F|UNIFORM|d100|p150,13,1150,37,"C3A1T1I4F1 C3A3T0I4F1","(3,3,4,1) (3,3,4,1)","ASSEMBLE+INSPECT ASSEMBLE+INSPECT","CUT=72/111;ASSEMBLE+INSPECT=216/296 CUT=72/111;ASSEMBLE+INSPECT=216/296"
P2|N24|F|UNIFORM|d100|p150,14,1250,35,"C3A0T2I4F1 C3A2T1I4F1 C3A4T0I4F1","(3,4,4,1) (3,4,4,1) (3,4,4,1)","CUT|ASSEMBLE+INSPECT CUT|ASSEMBLE+INSPECT CUT|ASSEMBLE+INSPECT","CUT=72/105;ASSEMBLE+INSPECT=216/315 CUT=72/105;ASSEMBLE+INSPECT=216/315 CUT=72/105;ASSEMBLE+INSPECT=216/315"
P2|N24|F|UNIFORM|d100|p150,15,1350,33,"C3A1T1I3F3 C3A3T0I3F3","(3,3,3,3) (3,3,3,3)","CUT|ASSEMBLE+INSPECT CUT|ASSEMBLE+INSPECT","CUT=72/99;ASSEMBLE+INSPECT=216/297 CUT=72/99;ASSEMBLE+INSPECT=216/297"
P2|N24|F|UNIFORM|d100|p150,16,1500,32,"C4A0T2I4F2 C4A2T1I4F2 C4A4T0I4F2","(4,4,4,2) (4,4,4,2) (4,4,4,2)","ASSEMBLE+INSPECT ASSEMBLE+INSPECT ASSEMBLE+INSPECT","CUT=72/128;ASSEMBLE+INSPECT=216/320 CUT=72/128;ASSEMBLE+INSPECT=216/320 CUT=72/128;ASSEMBLE+INSPECT=216/320"
P2|N24|F|UNIFORM|d100|p150,17,1650,29,"C4A0T2I4F3 C4A2T1I4F3 C4A4T0I4F3","(4,4,4,3) (4,4,4,3) (4,4,4,3)","ASSEMBLE+INSPECT ASSEMBLE+INSPECT ASSEMBLE+INSPECT","CUT=72/116;ASSEMBLE+INSPECT=216/319 CUT=72/116;ASSEMBLE+INSPECT=216/319 CUT=72/116;ASSEMBLE+INSPECT=216/319"
P2|N24|F|UNIFORM|d100|p200,0,300,127,"C1A1T0I1F0","(1,1,1,0)","INSPECT","CUT=72/127;ASSEMBLE=96/127;INSPECT=120/127"
P2|N24|F|UNIFORM|d100|p200,1,400,104,"C1A1T0I2F0","(1,1,2,0)","ASSEMBLE","CUT=72/104;ASSEMBLE=96/104;INSPECT=120/208"
P2|N24|F|UNIFORM|d100|p200,2,500,81,"C1A0T1I2F0 C1A2T0I2F0","(1,2,2,0) (1,2,2,0)","CUT CUT","CUT=72/81;ASSEMBLE=96/162;INSPECT=120/162 CUT=72/81;ASSEMBLE=96/162;INSPECT=120/162"
P2|N24|F|UNIFORM|d100|p200,3,600,67,"C2A0T1I2F0 C2A2T0I2F0","(2,2,2,0) (2,2,2,0)","INSPECT INSPECT","CUT=72/134;ASSEMBLE=96/134;INSPECT=120/134 CUT=72/134;ASSEMBLE=96/134;INSPECT=120/134"
P2|N24|F|UNIFORM|d100|p200,4,700,57,"C2A0T1I3F0 C2A2T0I3F0","(2,2,3,0) (2,2,3,0)","ASSEMBLE ASSEMBLE","CUT=72/114;ASSEMBLE=96/114;INSPECT=120/171 CUT=72/114;ASSEMBLE=96/114;INSPECT=120/171"
P2|N24|F|UNIFORM|d100|p200,5,800,50,"C2A1T1I3F0 C2A3T0I3F0","(2,3,3,0) (2,3,3,0)","INSPECT INSPECT","CUT=72/100;ASSEMBLE=96/150;INSPECT=120/150 CUT=72/100;ASSEMBLE=96/150;INSPECT=120/150"
P2|N24|F|UNIFORM|d100|p200,6,900,46,"C2A1T1I4F0 C2A3T0I4F0","(2,3,4,0) (2,3,4,0)","CUT CUT","CUT=72/92;ASSEMBLE=96/138;INSPECT=120/184 CUT=72/92;ASSEMBLE=96/138;INSPECT=120/184"
P2|N24|F|UNIFORM|d100|p200,7,1000,42,"C3A1T1I4F0 C3A3T0I4F0","(3,3,4,0) (3,3,4,0)","ASSEMBLE ASSEMBLE","CUT=72/126;ASSEMBLE=96/126;INSPECT=120/168 CUT=72/126;ASSEMBLE=96/126;INSPECT=120/168"
P2|N24|F|UNIFORM|d100|p200,8,1100,40,"C3A0T2I4F0 C3A2T1I4F0 C3A4T0I4F0","(3,4,4,0) (3,4,4,0) (3,4,4,0)","INSPECT INSPECT INSPECT","CUT=72/120;ASSEMBLE=96/160;INSPECT=120/160 CUT=72/120;ASSEMBLE=96/160;INSPECT=120/160 CUT=72/120;ASSEMBLE=96/160;INSPECT=120/160"
P2|N24|F|UNIFORM|d100|p200,9,1200,37,"C3A1T1I4F1 C3A3T0I4F1 C4A0T2I4F0 C4A2T1I4F0 C4A4T0I4F0","(3,3,4,1) (3,3,4,1) (4,4,4,0) (4,4,4,0) (4,4,4,0)","ASSEMBLE+INSPECT ASSEMBLE+INSPECT INSPECT INSPECT INSPECT","CUT=72/111;ASSEMBLE+INSPECT=216/296 CUT=72/111;ASSEMBLE+INSPECT=216/296 CUT=72/148;ASSEMBLE=96/148;INSPECT=120/148 CUT=72/148;ASSEMBLE=96/148;INSPECT=120/148 CUT=72/148;ASSEMBLE=96/148;INSPECT=120/148"
P2|N24|F|UNIFORM|d100|p200,10,1300,35,"C3A0T2I4F1 C3A2T1I4F1 C3A4T0I4F1","(3,4,4,1) (3,4,4,1) (3,4,4,1)","CUT|ASSEMBLE+INSPECT CUT|ASSEMBLE+INSPECT CUT|ASSEMBLE+INSPECT","CUT=72/105;ASSEMBLE+INSPECT=216/315 CUT=72/105;ASSEMBLE+INSPECT=216/315 CUT=72/105;ASSEMBLE+INSPECT=216/315"
P2|N24|F|UNIFORM|d100|p200,11,1400,34,"C4A0T2I4F1 C4A2T1I4F1 C4A4T0I4F1","(4,4,4,1) (4,4,4,1) (4,4,4,1)","ASSEMBLE+INSPECT ASSEMBLE+INSPECT ASSEMBLE+INSPECT","CUT=72/136;ASSEMBLE+INSPECT=216/306 CUT=72/136;ASSEMBLE+INSPECT=216/306 CUT=72/136;ASSEMBLE+INSPECT=216/306"
P2|N24|F|UNIFORM|d100|p200,12,1500,33,"C3A0T2I4F2 C3A1T1I3F3 C3A2T1I4F2 C3A3T0I3F3 C3A4T0I4F2 C4A1T1I4F2 C4A1T2I4F1 C4A3T0I4F2 C4A3T1I4F1 C4A5T0I4F1","(3,4,4,2) (3,3,3,3) (3,4,4,2) (3,3,3,3) (3,4,4,2) (4,3,4,2) (4,5,4,1) (4,3,4,2) (4,5,4,1) (4,5,4,1)","CUT CUT|ASSEMBLE+INSPECT CUT CUT|ASSEMBLE+INSPECT CUT ASSEMBLE+INSPECT ASSEMBLE+INSPECT ASSEMBLE+INSPECT ASSEMBLE+INSPECT ASSEMBLE+INSPECT","CUT=72/99;ASSEMBLE+INSPECT=216/330 CUT=72/99;ASSEMBLE+INSPECT=216/297 CUT=72/99;ASSEMBLE+INSPECT=216/330 CUT=72/99;ASSEMBLE+INSPECT=216/297 CUT=72/99;ASSEMBLE+INSPECT=216/330 CUT=72/132;ASSEMBLE+INSPECT=216/297 CUT=72/132;ASSEMBLE+INSPECT=216/330 CUT=72/132;ASSEMBLE+INSPECT=216/297 CUT=72/132;ASSEMBLE+INSPECT=216/330 CUT=72/132;ASSEMBLE+INSPECT=216/330"
P2|N24|F|UNIFORM|d100|p200,13,1600,32,"C4A0T2I4F2 C4A2T1I4F2 C4A4T0I4F2","(4,4,4,2) (4,4,4,2) (4,4,4,2)","ASSEMBLE+INSPECT ASSEMBLE+INSPECT ASSEMBLE+INSPECT","CUT=72/128;ASSEMBLE+INSPECT=216/320 CUT=72/128;ASSEMBLE+INSPECT=216/320 CUT=72/128;ASSEMBLE+INSPECT=216/320"
P2|N24|F|UNIFORM|d100|p200,14,1800,29,"C4A0T2I4F3 C4A2T1I4F3 C4A4T0I4F3","(4,4,4,3) (4,4,4,3) (4,4,4,3)","ASSEMBLE+INSPECT ASSEMBLE+INSPECT ASSEMBLE+INSPECT","CUT=72/116;ASSEMBLE+INSPECT=216/319 CUT=72/116;ASSEMBLE+INSPECT=216/319 CUT=72/116;ASSEMBLE+INSPECT=216/319"
P2|N24|F|WORK|d75|p100,0,400,219,"C1A0T0I0F1","(1,0,0,1)","ASSEMBLE+INSPECT","CUT=72/219;ASSEMBLE+INSPECT=216/219"
P2|N24|F|WORK|d75|p100,1,600,127,"C1A1T0I1F0","(1,1,1,0)","INSPECT","CUT=72/127;ASSEMBLE=96/127;INSPECT=120/127"
P2|N24|F|WORK|d75|p100,2,650,114,"C1A0T0I0F2","(1,0,0,2)","ASSEMBLE+INSPECT","CUT=72/114;ASSEMBLE+INSPECT=216/228"
P2|N24|F|WORK|d75|p100,3,800,111,"C2A0T0I0F2","(2,0,0,2)","ASSEMBLE+INSPECT","CUT=72/222;ASSEMBLE+INSPECT=216/222"
P2|N24|F|WORK|d75|p100,4,850,83,"C1A1T0I0F2","(1,1,0,2)","CUT|ASSEMBLE+INSPECT","CUT=72/83;ASSEMBLE+INSPECT=216/249"
P2|N24|F|WORK|d75|p100,5,900,81,"C1A0T0I0F3","(1,0,0,3)","CUT|ASSEMBLE+INSPECT","CUT=72/81;ASSEMBLE+INSPECT=216/243"
P2|N24|F|WORK|d75|p100,6,1050,78,"C2A0T0I0F3","(2,0,0,3)","ASSEMBLE+INSPECT","CUT=72/156;ASSEMBLE+INSPECT=216/234"
P2|N24|F|WORK|d75|p100,7,1100,67,"C2A0T1I2F0","(2,2,2,0)","INSPECT","CUT=72/134;ASSEMBLE=96/134;INSPECT=120/134"
P2|N24|F|WORK|d75|p100,8,1250,62,"C2A1T0I0F3 C2A1T0I1F2","(2,1,0,3) (2,1,1,2)","ASSEMBLE+INSPECT ASSEMBLE+INSPECT","CUT=72/124;ASSEMBLE+INSPECT=216/248 CUT=72/124;ASSEMBLE+INSPECT=216/248"
P2|N24|F|WORK|d75|p100,9,1350,53,"C2A0T1I2F1","(2,2,2,1)","ASSEMBLE+INSPECT","CUT=72/106;ASSEMBLE+INSPECT=216/265"
P2|N24|F|WORK|d75|p100,10,1500,52,"C2A1T0I1F3","(2,1,1,3)","ASSEMBLE+INSPECT","CUT=72/104;ASSEMBLE+INSPECT=216/260"
P2|N24|F|WORK|d75|p100,11,1550,50,"C2A1T1I2F1 C2A1T1I3F0","(2,3,2,1) (2,3,3,0)","CUT|ASSEMBLE+INSPECT INSPECT","CUT=72/100;ASSEMBLE+INSPECT=216/300 CUT=72/100;ASSEMBLE=96/150;INSPECT=120/150"
P2|N24|F|WORK|d75|p100,12,1600,47,"C2A0T1I2F2 C2A0T1I3F1","(2,2,2,2) (2,2,3,1)","CUT|ASSEMBLE+INSPECT CUT|ASSEMBLE+INSPECT","CUT=72/94;ASSEMBLE+INSPECT=216/282 CUT=72/94;ASSEMBLE+INSPECT=216/282"
P2|N24|F|WORK|d75|p100,13,1750,46,"C2A1T0I2F3","(2,1,2,3)","CUT|ASSEMBLE+INSPECT","CUT=72/92;ASSEMBLE+INSPECT=216/276"
P2|N24|F|WORK|d75|p100,14,1800,45,"C2A1T1I1F3 C2A1T1I2F2","(2,3,1,3) (2,3,2,2)","CUT CUT","CUT=72/90;ASSEMBLE+INSPECT=216/315 CUT=72/90;ASSEMBLE+INSPECT=216/315"
P2|N24|F|WORK|d75|p100,15,1900,44,"C4A0T1I2F2","(4,2,2,2)","ASSEMBLE+INSPECT","CUT=72/176;ASSEMBLE+INSPECT=216/264"
P2|N24|F|WORK|d75|p100,16,1950,42,"C3A1T1I1F3 C3A1T1I2F2 C3A1T1I3F1 C3A1T1I4F0","(3,3,1,3) (3,3,2,2) (3,3,3,1) (3,3,4,0)","ASSEMBLE+INSPECT ASSEMBLE+INSPECT ASSEMBLE+INSPECT ASSEMBLE","CUT=72/126;ASSEMBLE+INSPECT=216/294 CUT=72/126;ASSEMBLE+INSPECT=216/294 CUT=72/126;ASSEMBLE+INSPECT=216/294 CUT=72/126;ASSEMBLE=96/126;INSPECT=120/168"
P2|N24|F|WORK|d75|p100,17,2000,39,"C3A0T1I2F3","(3,2,2,3)","ASSEMBLE+INSPECT","CUT=72/117;ASSEMBLE+INSPECT=216/273"
P2|N24|F|WORK|d75|p100,18,2200,37,"C3A1T1I4F1 C4A0T2I4F0","(3,3,4,1) (4,4,4,0)","ASSEMBLE+INSPECT INSPECT","CUT=72/111;ASSEMBLE+INSPECT=216/296 CUT=72/148;ASSEMBLE=96/148;INSPECT=120/148"
P2|N24|F|WORK|d75|p100,19,2300,35,"C3A0T2I4F1","(3,4,4,1)","CUT|ASSEMBLE+INSPECT","CUT=72/105;ASSEMBLE+INSPECT=216/315"
P2|N24|F|WORK|d75|p100,20,2450,33,"C3A1T1I3F3","(3,3,3,3)","CUT|ASSEMBLE+INSPECT","CUT=72/99;ASSEMBLE+INSPECT=216/297"
P2|N24|F|WORK|d75|p100,21,2700,32,"C4A0T2I3F3 C4A0T2I4F2","(4,4,3,3) (4,4,4,2)","ASSEMBLE+INSPECT ASSEMBLE+INSPECT","CUT=72/128;ASSEMBLE+INSPECT=216/320 CUT=72/128;ASSEMBLE+INSPECT=216/320"
P2|N24|F|WORK|d75|p100,22,2950,29,"C4A0T2I4F3","(4,4,4,3)","ASSEMBLE+INSPECT","CUT=72/116;ASSEMBLE+INSPECT=216/319"
P2|N24|F|WORK|d75|p125,0,463,219,"C1A0T0I0F1","(1,0,0,1)","ASSEMBLE+INSPECT","CUT=72/219;ASSEMBLE+INSPECT=216/219"
P2|N24|F|WORK|d75|p125,1,600,127,"C1A1T0I1F0","(1,1,1,0)","INSPECT","CUT=72/127;ASSEMBLE=96/127;INSPECT=120/127"
P2|N24|F|WORK|d75|p125,2,776,114,"C1A0T0I0F2","(1,0,0,2)","ASSEMBLE+INSPECT","CUT=72/114;ASSEMBLE+INSPECT=216/228"
P2|N24|F|WORK|d75|p125,3,850,104,"C1A1T0I2F0","(1,1,2,0)","ASSEMBLE","CUT=72/104;ASSEMBLE=96/104;INSPECT=120/208"
P2|N24|F|WORK|d75|p125,4,913,84,"C1A1T0I1F1","(1,1,1,1)","CUT|ASSEMBLE+INSPECT","CUT=72/84;ASSEMBLE+INSPECT=216/252"
P2|N24|F|WORK|d75|p125,5,950,81,"C1A0T1I2F0","(1,2,2,0)","CUT","CUT=72/81;ASSEMBLE=96/162;INSPECT=120/162"
P2|N24|F|WORK|d75|p125,6,1100,67,"C2A0T1I2F0","(2,2,2,0)","INSPECT","CUT=72/134;ASSEMBLE=96/134;INSPECT=120/134"
P2|N24|F|WORK|d75|p125,7,1350,57,"C2A0T1I3F0","(2,2,3,0)","ASSEMBLE","CUT=72/114;ASSEMBLE=96/114;INSPECT=120/171"
P2|N24|F|WORK|d75|p125,8,1413,53,"C2A0T1I2F1","(2,2,2,1)","ASSEMBLE+INSPECT","CUT=72/106;ASSEMBLE+INSPECT=216/265"
P2|N24|F|WORK|d75|p125,9,1550,50,"C2A1T1I3F0","(2,3,3,0)","INSPECT","CUT=72/100;ASSEMBLE=96/150;INSPECT=120/150"
P2|N24|F|WORK|d75|p125,10,1663,47,"C2A0T1I3F1","(2,2,3,1)","CUT|ASSEMBLE+INSPECT","CUT=72/94;ASSEMBLE+INSPECT=216/282"
P2|N24|F|WORK|d75|p125,11,1800,46,"C2A1T1I4F0","(2,3,4,0)","CUT","CUT=72/92;ASSEMBLE=96/138;INSPECT=120/184"
P2|N24|F|WORK|d75|p125,12,1900,45,"C2A0T2I4F0","(2,4,4,0)","CUT","CUT=72/90;ASSEMBLE=96/180;INSPECT=120/180"
P2|N24|F|WORK|d75|p125,13,1950,42,"C3A1T1I4F0","(3,3,4,0)","ASSEMBLE","CUT=72/126;ASSEMBLE=96/126;INSPECT=120/168"
P2|N24|F|WORK|d75|p125,14,2050,40,"C3A0T2I4F0","(3,4,4,0)","INSPECT","CUT=72/120;ASSEMBLE=96/160;INSPECT=120/160"
P2|N24|F|WORK|d75|p125,15,2189,39,"C3A0T1I2F3","(3,2,2,3)","ASSEMBLE+INSPECT","CUT=72/117;ASSEMBLE+INSPECT=216/273"
P2|N24|F|WORK|d75|p125,16,2200,37,"C4A0T2I4F0","(4,4,4,0)","INSPECT","CUT=72/148;ASSEMBLE=96/148;INSPECT=120/148"
P2|N24|F|WORK|d75|p125,17,2363,35,"C3A0T2I4F1","(3,4,4,1)","CUT|ASSEMBLE+INSPECT","CUT=72/105;ASSEMBLE+INSPECT=216/315"
P2|N24|F|WORK|d75|p125,18,2513,34,"C4A0T2I4F1","(4,4,4,1)","ASSEMBLE+INSPECT","CUT=72/136;ASSEMBLE+INSPECT=216/306"
P2|N24|F|WORK|d75|p125,19,2639,33,"C3A1T1I3F3","(3,3,3,3)","CUT|ASSEMBLE+INSPECT","CUT=72/99;ASSEMBLE+INSPECT=216/297"
P2|N24|F|WORK|d75|p125,20,2826,32,"C4A0T2I4F2","(4,4,4,2)","ASSEMBLE+INSPECT","CUT=72/128;ASSEMBLE+INSPECT=216/320"
P2|N24|F|WORK|d75|p125,21,3126,30,"C4A0T3I4F2","(4,6,4,2)","CUT|ASSEMBLE+INSPECT","CUT=72/120;ASSEMBLE+INSPECT=216/360"
P2|N24|F|WORK|d75|p125,22,3139,29,"C4A0T2I4F3","(4,4,4,3)","ASSEMBLE+INSPECT","CUT=72/116;ASSEMBLE+INSPECT=216/319"
P2|N24|F|WORK|d75|p150,0,525,219,"C1A0T0I0F1","(1,0,0,1)","ASSEMBLE+INSPECT","CUT=72/219;ASSEMBLE+INSPECT=216/219"
P2|N24|F|WORK|d75|p150,1,600,127,"C1A1T0I1F0","(1,1,1,0)","INSPECT","CUT=72/127;ASSEMBLE=96/127;INSPECT=120/127"
P2|N24|F|WORK|d75|p150,2,850,104,"C1A1T0I2F0","(1,1,2,0)","ASSEMBLE","CUT=72/104;ASSEMBLE=96/104;INSPECT=120/208"
P2|N24|F|WORK|d75|p150,3,950,81,"C1A0T1I2F0","(1,2,2,0)","CUT","CUT=72/81;ASSEMBLE=96/162;INSPECT=120/162"
P2|N24|F|WORK|d75|p150,4,1100,67,"C2A0T1I2F0","(2,2,2,0)","INSPECT","CUT=72/134;ASSEMBLE=96/134;INSPECT=120/134"
P2|N24|F|WORK|d75|p150,5,1350,57,"C2A0T1I3F0","(2,2,3,0)","ASSEMBLE","CUT=72/114;ASSEMBLE=96/114;INSPECT=120/171"
P2|N24|F|WORK|d75|p150,6,1475,53,"C2A0T1I2F1","(2,2,2,1)","ASSEMBLE+INSPECT","CUT=72/106;ASSEMBLE+INSPECT=216/265"
P2|N24|F|WORK|d75|p150,7,1550,50,"C2A1T1I3F0","(2,3,3,0)","INSPECT","CUT=72/100;ASSEMBLE=96/150;INSPECT=120/150"
P2|N24|F|WORK|d75|p150,8,1700,47,"C3A1T1I3F0","(3,3,3,0)","INSPECT","CUT=72/141;ASSEMBLE=96/141;INSPECT=120/141"
P2|N24|F|WORK|d75|p150,9,1800,46,"C2A1T1I4F0","(2,3,4,0)","CUT","CUT=72/92;ASSEMBLE=96/138;INSPECT=120/184"
P2|N24|F|WORK|d75|p150,10,1900,45,"C2A0T2I4F0","(2,4,4,0)","CUT","CUT=72/90;ASSEMBLE=96/180;INSPECT=120/180"
P2|N24|F|WORK|d75|p150,11,1950,42,"C3A1T1I4F0","(3,3,4,0)","ASSEMBLE","CUT=72/126;ASSEMBLE=96/126;INSPECT=120/168"
P2|N24|F|WORK|d75|p150,12,2050,40,"C3A0T2I4F0","(3,4,4,0)","INSPECT","CUT=72/120;ASSEMBLE=96/160;INSPECT=120/160"
P2|N24|F|WORK|d75|p150,13,2200,37,"C4A0T2I4F0","(4,4,4,0)","INSPECT","CUT=72/148;ASSEMBLE=96/148;INSPECT=120/148"
P2|N24|F|WORK|d75|p150,14,2425,35,"C3A0T2I4F1","(3,4,4,1)","CUT|ASSEMBLE+INSPECT","CUT=72/105;ASSEMBLE+INSPECT=216/315"
P2|N24|F|WORK|d75|p150,15,2575,34,"C4A0T2I4F1","(4,4,4,1)","ASSEMBLE+INSPECT","CUT=72/136;ASSEMBLE+INSPECT=216/306"
P2|N24|F|WORK|d75|p150,16,2775,33,"C4A1T2I4F1","(4,5,4,1)","ASSEMBLE+INSPECT","CUT=72/132;ASSEMBLE+INSPECT=216/330"
P2|N24|F|WORK|d75|p150,17,2950,32,"C4A0T2I4F2","(4,4,4,2)","ASSEMBLE+INSPECT","CUT=72/128;ASSEMBLE+INSPECT=216/320"
P2|N24|F|WORK|d75|p150,18,3250,30,"C4A0T3I4F2","(4,6,4,2)","CUT|ASSEMBLE+INSPECT","CUT=72/120;ASSEMBLE+INSPECT=216/360"
P2|N24|F|WORK|d75|p150,19,3325,29,"C4A0T2I4F3","(4,4,4,3)","ASSEMBLE+INSPECT","CUT=72/116;ASSEMBLE+INSPECT=216/319"
P2|N24|F|WORK|d75|p200,0,600,127,"C1A1T0I1F0","(1,1,1,0)","INSPECT","CUT=72/127;ASSEMBLE=96/127;INSPECT=120/127"
P2|N24|F|WORK|d75|p200,1,850,104,"C1A1T0I2F0","(1,1,2,0)","ASSEMBLE","CUT=72/104;ASSEMBLE=96/104;INSPECT=120/208"
P2|N24|F|WORK|d75|p200,2,950,81,"C1A0T1I2F0","(1,2,2,0)","CUT","CUT=72/81;ASSEMBLE=96/162;INSPECT=120/162"
P2|N24|F|WORK|d75|p200,3,1100,67,"C2A0T1I2F0","(2,2,2,0)","INSPECT","CUT=72/134;ASSEMBLE=96/134;INSPECT=120/134"
P2|N24|F|WORK|d75|p200,4,1350,57,"C2A0T1I3F0","(2,2,3,0)","ASSEMBLE","CUT=72/114;ASSEMBLE=96/114;INSPECT=120/171"
P2|N24|F|WORK|d75|p200,5,1550,50,"C2A1T1I3F0","(2,3,3,0)","INSPECT","CUT=72/100;ASSEMBLE=96/150;INSPECT=120/150"
P2|N24|F|WORK|d75|p200,6,1700,47,"C3A1T1I3F0","(3,3,3,0)","INSPECT","CUT=72/141;ASSEMBLE=96/141;INSPECT=120/141"
P2|N24|F|WORK|d75|p200,7,1800,46,"C2A1T1I4F0","(2,3,4,0)","CUT","CUT=72/92;ASSEMBLE=96/138;INSPECT=120/184"
P2|N24|F|WORK|d75|p200,8,1900,45,"C2A0T2I4F0","(2,4,4,0)","CUT","CUT=72/90;ASSEMBLE=96/180;INSPECT=120/180"
P2|N24|F|WORK|d75|p200,9,1950,42,"C3A1T1I4F0","(3,3,4,0)","ASSEMBLE","CUT=72/126;ASSEMBLE=96/126;INSPECT=120/168"
P2|N24|F|WORK|d75|p200,10,2050,40,"C3A0T2I4F0","(3,4,4,0)","INSPECT","CUT=72/120;ASSEMBLE=96/160;INSPECT=120/160"
P2|N24|F|WORK|d75|p200,11,2200,37,"C4A0T2I4F0","(4,4,4,0)","INSPECT","CUT=72/148;ASSEMBLE=96/148;INSPECT=120/148"
P2|N24|F|WORK|d75|p200,12,2550,35,"C3A0T2I4F1","(3,4,4,1)","CUT|ASSEMBLE+INSPECT","CUT=72/105;ASSEMBLE+INSPECT=216/315"
P2|N24|F|WORK|d75|p200,13,2700,34,"C4A0T2I4F1","(4,4,4,1)","ASSEMBLE+INSPECT","CUT=72/136;ASSEMBLE+INSPECT=216/306"
P2|N24|F|WORK|d75|p200,14,2900,33,"C4A1T2I4F1","(4,5,4,1)","ASSEMBLE+INSPECT","CUT=72/132;ASSEMBLE+INSPECT=216/330"
P2|N24|F|WORK|d75|p200,15,3200,32,"C4A0T2I4F2","(4,4,4,2)","ASSEMBLE+INSPECT","CUT=72/128;ASSEMBLE+INSPECT=216/320"
P2|N24|F|WORK|d75|p200,16,3500,30,"C4A0T3I4F2","(4,6,4,2)","CUT|ASSEMBLE+INSPECT","CUT=72/120;ASSEMBLE+INSPECT=216/360"
P2|N24|F|WORK|d75|p200,17,3700,29,"C4A0T2I4F3","(4,4,4,3)","ASSEMBLE+INSPECT","CUT=72/116;ASSEMBLE+INSPECT=216/319"
P2|N24|F|WORK|d90|p100,0,400,219,"C1A0T0I0F1","(1,0,0,1)","ASSEMBLE+INSPECT","CUT=72/219;ASSEMBLE+INSPECT=216/219"
P2|N24|F|WORK|d90|p100,1,600,127,"C1A1T0I1F0","(1,1,1,0)","INSPECT","CUT=72/127;ASSEMBLE=96/127;INSPECT=120/127"
P2|N24|F|WORK|d90|p100,2,650,114,"C1A0T0I0F2","(1,0,0,2)","ASSEMBLE+INSPECT","CUT=72/114;ASSEMBLE+INSPECT=216/228"
P2|N24|F|WORK|d90|p100,3,800,111,"C2A0T0I0F2","(2,0,0,2)","ASSEMBLE+INSPECT","CUT=72/222;ASSEMBLE+INSPECT=216/222"
P2|N24|F|WORK|d90|p100,4,850,83,"C1A1T0I0F2","(1,1,0,2)","CUT|ASSEMBLE+INSPECT","CUT=72/83;ASSEMBLE+INSPECT=216/249"
P2|N24|F|WORK|d90|p100,5,900,81,"C1A0T0I0F3","(1,0,0,3)","CUT|ASSEMBLE+INSPECT","CUT=72/81;ASSEMBLE+INSPECT=216/243"
P2|N24|F|WORK|d90|p100,6,1050,78,"C2A0T0I0F3","(2,0,0,3)","ASSEMBLE+INSPECT","CUT=72/156;ASSEMBLE+INSPECT=216/234"
P2|N24|F|WORK|d90|p100,7,1160,67,"C2A0T1I2F0","(2,2,2,0)","INSPECT","CUT=72/134;ASSEMBLE=96/134;INSPECT=120/134"
P2|N24|F|WORK|d90|p100,8,1250,62,"C2A1T0I0F3 C2A1T0I1F2","(2,1,0,3) (2,1,1,2)","ASSEMBLE+INSPECT ASSEMBLE+INSPECT","CUT=72/124;ASSEMBLE+INSPECT=216/248 CUT=72/124;ASSEMBLE+INSPECT=216/248"
P2|N24|F|WORK|d90|p100,9,1410,53,"C2A0T1I2F1","(2,2,2,1)","ASSEMBLE+INSPECT","CUT=72/106;ASSEMBLE+INSPECT=216/265"
P2|N24|F|WORK|d90|p100,10,1500,52,"C2A1T0I1F3","(2,1,1,3)","ASSEMBLE+INSPECT","CUT=72/104;ASSEMBLE+INSPECT=216/260"
P2|N24|F|WORK|d90|p100,11,1610,50,"C2A1T1I2F1 C2A1T1I3F0","(2,3,2,1) (2,3,3,0)","CUT|ASSEMBLE+INSPECT INSPECT","CUT=72/100;ASSEMBLE+INSPECT=216/300 CUT=72/100;ASSEMBLE=96/150;INSPECT=120/150"
P2|N24|F|WORK|d90|p100,12,1660,47,"C2A0T1I2F2 C2A0T1I3F1","(2,2,2,2) (2,2,3,1)","CUT|ASSEMBLE+INSPECT CUT|ASSEMBLE+INSPECT","CUT=72/94;ASSEMBLE+INSPECT=216/282 CUT=72/94;ASSEMBLE+INSPECT=216/282"
P2|N24|F|WORK|d90|p100,13,1750,46,"C2A1T0I2F3","(2,1,2,3)","CUT|ASSEMBLE+INSPECT","CUT=72/92;ASSEMBLE+INSPECT=216/276"
P2|N24|F|WORK|d90|p100,14,1860,45,"C2A1T1I1F3 C2A1T1I2F2","(2,3,1,3) (2,3,2,2)","CUT CUT","CUT=72/90;ASSEMBLE+INSPECT=216/315 CUT=72/90;ASSEMBLE+INSPECT=216/315"
P2|N24|F|WORK|d90|p100,15,1960,44,"C4A0T1I2F2","(4,2,2,2)","ASSEMBLE+INSPECT","CUT=72/176;ASSEMBLE+INSPECT=216/264"
P2|N24|F|WORK|d90|p100,16,2010,42,"C3A1T1I1F3 C3A1T1I2F2 C3A1T1I3F1 C3A1T1I4F0","(3,3,1,3) (3,3,2,2) (3,3,3,1) (3,3,4,0)","ASSEMBLE+INSPECT ASSEMBLE+INSPECT ASSEMBLE+INSPECT ASSEMBLE","CUT=72/126;ASSEMBLE+INSPECT=216/294 CUT=72/126;ASSEMBLE+INSPECT=216/294 CUT=72/126;ASSEMBLE+INSPECT=216/294 CUT=72/126;ASSEMBLE=96/126;INSPECT=120/168"
P2|N24|F|WORK|d90|p100,17,2060,39,"C3A0T1I2F3","(3,2,2,3)","ASSEMBLE+INSPECT","CUT=72/117;ASSEMBLE+INSPECT=216/273"
P2|N24|F|WORK|d90|p100,18,2260,37,"C3A1T1I4F1","(3,3,4,1)","ASSEMBLE+INSPECT","CUT=72/111;ASSEMBLE+INSPECT=216/296"
P2|N24|F|WORK|d90|p100,19,2420,35,"C3A0T2I4F1","(3,4,4,1)","CUT|ASSEMBLE+INSPECT","CUT=72/105;ASSEMBLE+INSPECT=216/315"
P2|N24|F|WORK|d90|p100,20,2510,33,"C3A1T1I3F3","(3,3,3,3)","CUT|ASSEMBLE+INSPECT","CUT=72/99;ASSEMBLE+INSPECT=216/297"
P2|N24|F|WORK|d90|p100,21,2820,32,"C4A0T2I3F3 C4A0T2I4F2","(4,4,3,3) (4,4,4,2)","ASSEMBLE+INSPECT ASSEMBLE+INSPECT","CUT=72/128;ASSEMBLE+INSPECT=216/320 CUT=72/128;ASSEMBLE+INSPECT=216/320"
P2|N24|F|WORK|d90|p100,22,3070,29,"C4A0T2I4F3","(4,4,4,3)","ASSEMBLE+INSPECT","CUT=72/116;ASSEMBLE+INSPECT=216/319"
P2|N24|F|WORK|d90|p125,0,463,219,"C1A0T0I0F1","(1,0,0,1)","ASSEMBLE+INSPECT","CUT=72/219;ASSEMBLE+INSPECT=216/219"
P2|N24|F|WORK|d90|p125,1,600,127,"C1A1T0I1F0","(1,1,1,0)","INSPECT","CUT=72/127;ASSEMBLE=96/127;INSPECT=120/127"
P2|N24|F|WORK|d90|p125,2,776,114,"C1A0T0I0F2","(1,0,0,2)","ASSEMBLE+INSPECT","CUT=72/114;ASSEMBLE+INSPECT=216/228"
P2|N24|F|WORK|d90|p125,3,850,104,"C1A1T0I2F0","(1,1,2,0)","ASSEMBLE","CUT=72/104;ASSEMBLE=96/104;INSPECT=120/208"
P2|N24|F|WORK|d90|p125,4,913,84,"C1A1T0I1F1","(1,1,1,1)","CUT|ASSEMBLE+INSPECT","CUT=72/84;ASSEMBLE+INSPECT=216/252"
P2|N24|F|WORK|d90|p125,5,976,83,"C1A1T0I0F2","(1,1,0,2)","CUT|ASSEMBLE+INSPECT","CUT=72/83;ASSEMBLE+INSPECT=216/249"
P2|N24|F|WORK|d90|p125,6,1010,81,"C1A0T1I2F0","(1,2,2,0)","CUT","CUT=72/81;ASSEMBLE=96/162;INSPECT=120/162"
P2|N24|F|WORK|d90|p125,7,1160,67,"C2A0T1I2F0","(2,2,2,0)","INSPECT","CUT=72/134;ASSEMBLE=96/134;INSPECT=120/134"
P2|N24|F|WORK|d90|p125,8,1376,62,"C2A1T0I1F2","(2,1,1,2)","ASSEMBLE+INSPECT","CUT=72/124;ASSEMBLE+INSPECT=216/248"
P2|N24|F|WORK|d90|p125,9,1410,57,"C2A0T1I3F0","(2,2,3,0)","ASSEMBLE","CUT=72/114;ASSEMBLE=96/114;INSPECT=120/171"
P2|N24|F|WORK|d90|p125,10,1473,53,"C2A0T1I2F1","(2,2,2,1)","ASSEMBLE+INSPECT","CUT=72/106;ASSEMBLE+INSPECT=216/265"
P2|N24|F|WORK|d90|p125,11,1610,50,"C2A1T1I3F0","(2,3,3,0)","INSPECT","CUT=72/100;ASSEMBLE=96/150;INSPECT=120/150"
P2|N24|F|WORK|d90|p125,12,1723,47,"C2A0T1I3F1","(2,2,3,1)","CUT|ASSEMBLE+INSPECT","CUT=72/94;ASSEMBLE+INSPECT=216/282"
P2|N24|F|WORK|d90|p125,13,1860,46,"C2A1T1I4F0","(2,3,4,0)","CUT","CUT=72/92;ASSEMBLE=96/138;INSPECT=120/184"
P2|N24|F|WORK|d90|p125,14,1986,45,"C2A1T1I2F2","(2,3,2,2)","CUT","CUT=72/90;ASSEMBLE+INSPECT=216/315"
P2|N24|F|WORK|d90|p125,15,2010,42,"C3A1T1I4F0","(3,3,4,0)","ASSEMBLE","CUT=72/126;ASSEMBLE=96/126;INSPECT=120/168"
P2|N24|F|WORK|d90|p125,16,2170,40,"C3A0T2I4F0","(3,4,4,0)","INSPECT","CUT=72/120;ASSEMBLE=96/160;INSPECT=120/160"
P2|N24|F|WORK|d90|p125,17,2249,39,"C3A0T1I2F3","(3,2,2,3)","ASSEMBLE+INSPECT","CUT=72/117;ASSEMBLE+INSPECT=216/273"
P2|N24|F|WORK|d90|p125,18,2320,37,"C4A0T2I4F0","(4,4,4,0)","INSPECT","CUT=72/148;ASSEMBLE=96/148;INSPECT=120/148"
P2|N24|F|WORK|d90|p125,19,2483,35,"C3A0T2I4F1","(3,4,4,1)","CUT|ASSEMBLE+INSPECT","CUT=72/105;ASSEMBLE+INSPECT=216/315"
P2|N24|F|WORK|d90|p125,20,2633,34,"C4A0T2I4F1","(4,4,4,1)","ASSEMBLE+INSPECT","CUT=72/136;ASSEMBLE+INSPECT=216/306"
P2|N24|F|WORK|d90|p125,21,2699,33,"C3A1T1I3F3","(3,3,3,3)","CUT|ASSEMBLE+INSPECT","CUT=72/99;ASSEMBLE+INSPECT=216/297"
P2|N24|F|WORK|d90|p125,22,2946,32,"C4A0T2I4F2","(4,4,4,2)","ASSEMBLE+INSPECT","CUT=72/128;ASSEMBLE+INSPECT=216/320"
P2|N24|F|WORK|d90|p125,23,3259,29,"C4A0T2I4F3","(4,4,4,3)","ASSEMBLE+INSPECT","CUT=72/116;ASSEMBLE+INSPECT=216/319"
P2|N24|F|WORK|d90|p150,0,525,219,"C1A0T0I0F1","(1,0,0,1)","ASSEMBLE+INSPECT","CUT=72/219;ASSEMBLE+INSPECT=216/219"
P2|N24|F|WORK|d90|p150,1,600,127,"C1A1T0I1F0","(1,1,1,0)","INSPECT","CUT=72/127;ASSEMBLE=96/127;INSPECT=120/127"
P2|N24|F|WORK|d90|p150,2,850,104,"C1A1T0I2F0","(1,1,2,0)","ASSEMBLE","CUT=72/104;ASSEMBLE=96/104;INSPECT=120/208"
P2|N24|F|WORK|d90|p150,3,975,84,"C1A1T0I1F1","(1,1,1,1)","CUT|ASSEMBLE+INSPECT","CUT=72/84;ASSEMBLE+INSPECT=216/252"
P2|N24|F|WORK|d90|p150,4,1010,81,"C1A0T1I2F0","(1,2,2,0)","CUT","CUT=72/81;ASSEMBLE=96/162;INSPECT=120/162"
P2|N24|F|WORK|d90|p150,5,1160,67,"C2A0T1I2F0","(2,2,2,0)","INSPECT","CUT=72/134;ASSEMBLE=96/134;INSPECT=120/134"
P2|N24|F|WORK|d90|p150,6,1410,57,"C2A0T1I3F0","(2,2,3,0)","ASSEMBLE","CUT=72/114;ASSEMBLE=96/114;INSPECT=120/171"
P2|N24|F|WORK|d90|p150,7,1535,53,"C2A0T1I2F1","(2,2,2,1)","ASSEMBLE+INSPECT","CUT=72/106;ASSEMBLE+INSPECT=216/265"
P2|N24|F|WORK|d90|p150,8,1610,50,"C2A1T1I3F0","(2,3,3,0)","INSPECT","CUT=72/100;ASSEMBLE=96/150;INSPECT=120/150"
P2|N24|F|WORK|d90|p150,9,1760,47,"C3A1T1I3F0","(3,3,3,0)","INSPECT","CUT=72/141;ASSEMBLE=96/141;INSPECT=120/141"
P2|N24|F|WORK|d90|p150,10,1860,46,"C2A1T1I4F0","(2,3,4,0)","CUT","CUT=72/92;ASSEMBLE=96/138;INSPECT=120/184"
P2|N24|F|WORK|d90|p150,11,2010,42,"C3A1T1I4F0","(3,3,4,0)","ASSEMBLE","CUT=72/126;ASSEMBLE=96/126;INSPECT=120/168"
P2|N24|F|WORK|d90|p150,12,2170,40,"C3A0T2I4F0","(3,4,4,0)","INSPECT","CUT=72/120;ASSEMBLE=96/160;INSPECT=120/160"
P2|N24|F|WORK|d90|p150,13,2320,37,"C4A0T2I4F0","(4,4,4,0)","INSPECT","CUT=72/148;ASSEMBLE=96/148;INSPECT=120/148"
P2|N24|F|WORK|d90|p150,14,2545,35,"C3A0T2I4F1","(3,4,4,1)","CUT|ASSEMBLE+INSPECT","CUT=72/105;ASSEMBLE+INSPECT=216/315"
P2|N24|F|WORK|d90|p150,15,2695,34,"C4A0T2I4F1","(4,4,4,1)","ASSEMBLE+INSPECT","CUT=72/136;ASSEMBLE+INSPECT=216/306"
P2|N24|F|WORK|d90|p150,16,2885,33,"C3A1T1I3F3","(3,3,3,3)","CUT|ASSEMBLE+INSPECT","CUT=72/99;ASSEMBLE+INSPECT=216/297"
P2|N24|F|WORK|d90|p150,17,3070,32,"C4A0T2I4F2","(4,4,4,2)","ASSEMBLE+INSPECT","CUT=72/128;ASSEMBLE+INSPECT=216/320"
P2|N24|F|WORK|d90|p150,18,3430,30,"C4A0T3I4F2","(4,6,4,2)","CUT|ASSEMBLE+INSPECT","CUT=72/120;ASSEMBLE+INSPECT=216/360"
P2|N24|F|WORK|d90|p150,19,3445,29,"C4A0T2I4F3","(4,4,4,3)","ASSEMBLE+INSPECT","CUT=72/116;ASSEMBLE+INSPECT=216/319"
P2|N24|F|WORK|d90|p200,0,600,127,"C1A1T0I1F0","(1,1,1,0)","INSPECT","CUT=72/127;ASSEMBLE=96/127;INSPECT=120/127"
P2|N24|F|WORK|d90|p200,1,850,104,"C1A1T0I2F0","(1,1,2,0)","ASSEMBLE","CUT=72/104;ASSEMBLE=96/104;INSPECT=120/208"
P2|N24|F|WORK|d90|p200,2,1010,81,"C1A0T1I2F0","(1,2,2,0)","CUT","CUT=72/81;ASSEMBLE=96/162;INSPECT=120/162"
P2|N24|F|WORK|d90|p200,3,1160,67,"C2A0T1I2F0","(2,2,2,0)","INSPECT","CUT=72/134;ASSEMBLE=96/134;INSPECT=120/134"
P2|N24|F|WORK|d90|p200,4,1410,57,"C2A0T1I3F0","(2,2,3,0)","ASSEMBLE","CUT=72/114;ASSEMBLE=96/114;INSPECT=120/171"
P2|N24|F|WORK|d90|p200,5,1610,50,"C2A1T1I3F0","(2,3,3,0)","INSPECT","CUT=72/100;ASSEMBLE=96/150;INSPECT=120/150"
P2|N24|F|WORK|d90|p200,6,1760,47,"C3A1T1I3F0","(3,3,3,0)","INSPECT","CUT=72/141;ASSEMBLE=96/141;INSPECT=120/141"
P2|N24|F|WORK|d90|p200,7,1860,46,"C2A1T1I4F0","(2,3,4,0)","CUT","CUT=72/92;ASSEMBLE=96/138;INSPECT=120/184"
P2|N24|F|WORK|d90|p200,8,2010,42,"C3A1T1I4F0","(3,3,4,0)","ASSEMBLE","CUT=72/126;ASSEMBLE=96/126;INSPECT=120/168"
P2|N24|F|WORK|d90|p200,9,2170,40,"C3A0T2I4F0","(3,4,4,0)","INSPECT","CUT=72/120;ASSEMBLE=96/160;INSPECT=120/160"
P2|N24|F|WORK|d90|p200,10,2320,37,"C4A0T2I4F0","(4,4,4,0)","INSPECT","CUT=72/148;ASSEMBLE=96/148;INSPECT=120/148"
P2|N24|F|WORK|d90|p200,11,2670,35,"C3A0T2I4F1","(3,4,4,1)","CUT|ASSEMBLE+INSPECT","CUT=72/105;ASSEMBLE+INSPECT=216/315"
P2|N24|F|WORK|d90|p200,12,2820,34,"C4A0T2I4F1","(4,4,4,1)","ASSEMBLE+INSPECT","CUT=72/136;ASSEMBLE+INSPECT=216/306"
P2|N24|F|WORK|d90|p200,13,3020,33,"C4A1T2I4F1","(4,5,4,1)","ASSEMBLE+INSPECT","CUT=72/132;ASSEMBLE+INSPECT=216/330"
P2|N24|F|WORK|d90|p200,14,3320,32,"C4A0T2I4F2","(4,4,4,2)","ASSEMBLE+INSPECT","CUT=72/128;ASSEMBLE+INSPECT=216/320"
P2|N24|F|WORK|d90|p200,15,3680,30,"C4A0T3I4F2","(4,6,4,2)","CUT|ASSEMBLE+INSPECT","CUT=72/120;ASSEMBLE+INSPECT=216/360"
P2|N24|F|WORK|d90|p200,16,3820,29,"C4A0T2I4F3","(4,4,4,3)","ASSEMBLE+INSPECT","CUT=72/116;ASSEMBLE+INSPECT=216/319"
P2|N24|F|WORK|d100|p100,0,400,219,"C1A0T0I0F1","(1,0,0,1)","ASSEMBLE+INSPECT","CUT=72/219;ASSEMBLE+INSPECT=216/219"
P2|N24|F|WORK|d100|p100,1,600,127,"C1A1T0I1F0","(1,1,1,0)","INSPECT","CUT=72/127;ASSEMBLE=96/127;INSPECT=120/127"
P2|N24|F|WORK|d100|p100,2,650,114,"C1A0T0I0F2","(1,0,0,2)","ASSEMBLE+INSPECT","CUT=72/114;ASSEMBLE+INSPECT=216/228"
P2|N24|F|WORK|d100|p100,3,800,111,"C2A0T0I0F2","(2,0,0,2)","ASSEMBLE+INSPECT","CUT=72/222;ASSEMBLE+INSPECT=216/222"
P2|N24|F|WORK|d100|p100,4,850,83,"C1A1T0I0F2","(1,1,0,2)","CUT|ASSEMBLE+INSPECT","CUT=72/83;ASSEMBLE+INSPECT=216/249"
P2|N24|F|WORK|d100|p100,5,900,81,"C1A0T0I0F3","(1,0,0,3)","CUT|ASSEMBLE+INSPECT","CUT=72/81;ASSEMBLE+INSPECT=216/243"
P2|N24|F|WORK|d100|p100,6,1050,78,"C2A0T0I0F3","(2,0,0,3)","ASSEMBLE+INSPECT","CUT=72/156;ASSEMBLE+INSPECT=216/234"
P2|N24|F|WORK|d100|p100,7,1200,67,"C2A0T1I2F0 C2A2T0I2F0","(2,2,2,0) (2,2,2,0)","INSPECT INSPECT","CUT=72/134;ASSEMBLE=96/134;INSPECT=120/134 CUT=72/134;ASSEMBLE=96/134;INSPECT=120/134"
P2|N24|F|WORK|d100|p100,8,1250,62,"C2A1T0I0F3 C2A1T0I1F2","(2,1,0,3) (2,1,1,2)","ASSEMBLE+INSPECT ASSEMBLE+INSPECT","CUT=72/124;ASSEMBLE+INSPECT=216/248 CUT=72/124;ASSEMBLE+INSPECT=216/248"
P2|N24|F|WORK|d100|p100,9,1450,53,"C2A0T1I2F1 C2A2T0I2F1","(2,2,2,1) (2,2,2,1)","ASSEMBLE+INSPECT ASSEMBLE+INSPECT","CUT=72/106;ASSEMBLE+INSPECT=216/265 CUT=72/106;ASSEMBLE+INSPECT=216/265"
P2|N24|F|WORK|d100|p100,10,1500,52,"C2A1T0I1F3","(2,1,1,3)","ASSEMBLE+INSPECT","CUT=72/104;ASSEMBLE+INSPECT=216/260"
P2|N24|F|WORK|d100|p100,11,1650,50,"C2A1T1I2F1 C2A1T1I3F0 C2A3T0I2F1 C2A3T0I3F0","(2,3,2,1) (2,3,3,0) (2,3,2,1) (2,3,3,0)","CUT|ASSEMBLE+INSPECT INSPECT CUT|ASSEMBLE+INSPECT INSPECT","CUT=72/100;ASSEMBLE+INSPECT=216/300 CUT=72/100;ASSEMBLE=96/150;INSPECT=120/150 CUT=72/100;ASSEMBLE+INSPECT=216/300 CUT=72/100;ASSEMBLE=96/150;INSPECT=120/150"
P2|N24|F|WORK|d100|p100,12,1700,47,"C2A0T1I2F2 C2A0T1I3F1 C2A2T0I2F2 C2A2T0I3F1","(2,2,2,2) (2,2,3,1) (2,2,2,2) (2,2,3,1)","CUT|ASSEMBLE+INSPECT CUT|ASSEMBLE+INSPECT CUT|ASSEMBLE+INSPECT CUT|ASSEMBLE+INSPECT","CUT=72/94;ASSEMBLE+INSPECT=216/282 CUT=72/94;ASSEMBLE+INSPECT=216/282 CUT=72/94;ASSEMBLE+INSPECT=216/282 CUT=72/94;ASSEMBLE+INSPECT=216/282"
P2|N24|F|WORK|d100|p100,13,1750,46,"C2A1T0I2F3","(2,1,2,3)","CUT|ASSEMBLE+INSPECT","CUT=72/92;ASSEMBLE+INSPECT=216/276"
P2|N24|F|WORK|d100|p100,14,1900,45,"C2A1T1I1F3 C2A1T1I2F2 C2A3T0I1F3 C2A3T0I2F2","(2,3,1,3) (2,3,2,2) (2,3,1,3) (2,3,2,2)","CUT CUT CUT CUT","CUT=72/90;ASSEMBLE+INSPECT=216/315 CUT=72/90;ASSEMBLE+INSPECT=216/315 CUT=72/90;ASSEMBLE+INSPECT=216/315 CUT=72/90;ASSEMBLE+INSPECT=216/315"
P2|N24|F|WORK|d100|p100,15,2000,44,"C4A0T1I2F2 C4A2T0I2F2","(4,2,2,2) (4,2,2,2)","ASSEMBLE+INSPECT ASSEMBLE+INSPECT","CUT=72/176;ASSEMBLE+INSPECT=216/264 CUT=72/176;ASSEMBLE+INSPECT=216/264"
P2|N24|F|WORK|d100|p100,16,2050,42,"C3A1T1I1F3 C3A1T1I2F2 C3A1T1I3F1 C3A1T1I4F0 C3A3T0I1F3 C3A3T0I2F2 C3A3T0I3F1 C3A3T0I4F0","(3,3,1,3) (3,3,2,2) (3,3,3,1) (3,3,4,0) (3,3,1,3) (3,3,2,2) (3,3,3,1) (3,3,4,0)","ASSEMBLE+INSPECT ASSEMBLE+INSPECT ASSEMBLE+INSPECT ASSEMBLE ASSEMBLE+INSPECT ASSEMBLE+INSPECT ASSEMBLE+INSPECT ASSEMBLE","CUT=72/126;ASSEMBLE+INSPECT=216/294 CUT=72/126;ASSEMBLE+INSPECT=216/294 CUT=72/126;ASSEMBLE+INSPECT=216/294 CUT=72/126;ASSEMBLE=96/126;INSPECT=120/168 CUT=72/126;ASSEMBLE+INSPECT=216/294 CUT=72/126;ASSEMBLE+INSPECT=216/294 CUT=72/126;ASSEMBLE+INSPECT=216/294 CUT=72/126;ASSEMBLE=96/126;INSPECT=120/168"
P2|N24|F|WORK|d100|p100,17,2100,39,"C3A0T1I2F3 C3A2T0I2F3","(3,2,2,3) (3,2,2,3)","ASSEMBLE+INSPECT ASSEMBLE+INSPECT","CUT=72/117;ASSEMBLE+INSPECT=216/273 CUT=72/117;ASSEMBLE+INSPECT=216/273"
P2|N24|F|WORK|d100|p100,18,2300,37,"C3A1T1I4F1 C3A3T0I4F1","(3,3,4,1) (3,3,4,1)","ASSEMBLE+INSPECT ASSEMBLE+INSPECT","CUT=72/111;ASSEMBLE+INSPECT=216/296 CUT=72/111;ASSEMBLE+INSPECT=216/296"
P2|N24|F|WORK|d100|p100,19,2500,35,"C3A0T2I4F1 C3A2T1I4F1 C3A4T0I4F1","(3,4,4,1) (3,4,4,1) (3,4,4,1)","CUT|ASSEMBLE+INSPECT CUT|ASSEMBLE+INSPECT CUT|ASSEMBLE+INSPECT","CUT=72/105;ASSEMBLE+INSPECT=216/315 CUT=72/105;ASSEMBLE+INSPECT=216/315 CUT=72/105;ASSEMBLE+INSPECT=216/315"
P2|N24|F|WORK|d100|p100,20,2550,33,"C3A1T1I3F3 C3A3T0I3F3","(3,3,3,3) (3,3,3,3)","CUT|ASSEMBLE+INSPECT CUT|ASSEMBLE+INSPECT","CUT=72/99;ASSEMBLE+INSPECT=216/297 CUT=72/99;ASSEMBLE+INSPECT=216/297"
P2|N24|F|WORK|d100|p100,21,2900,32,"C4A0T2I3F3 C4A0T2I4F2 C4A2T1I3F3 C4A2T1I4F2 C4A4T0I3F3 C4A4T0I4F2","(4,4,3,3) (4,4,4,2) (4,4,3,3) (4,4,4,2) (4,4,3,3) (4,4,4,2)","ASSEMBLE+INSPECT ASSEMBLE+INSPECT ASSEMBLE+INSPECT ASSEMBLE+INSPECT ASSEMBLE+INSPECT ASSEMBLE+INSPECT","CUT=72/128;ASSEMBLE+INSPECT=216/320 CUT=72/128;ASSEMBLE+INSPECT=216/320 CUT=72/128;ASSEMBLE+INSPECT=216/320 CUT=72/128;ASSEMBLE+INSPECT=216/320 CUT=72/128;ASSEMBLE+INSPECT=216/320 CUT=72/128;ASSEMBLE+INSPECT=216/320"
P2|N24|F|WORK|d100|p100,22,3150,29,"C4A0T2I4F3 C4A2T1I4F3 C4A4T0I4F3","(4,4,4,3) (4,4,4,3) (4,4,4,3)","ASSEMBLE+INSPECT ASSEMBLE+INSPECT ASSEMBLE+INSPECT","CUT=72/116;ASSEMBLE+INSPECT=216/319 CUT=72/116;ASSEMBLE+INSPECT=216/319 CUT=72/116;ASSEMBLE+INSPECT=216/319"
P2|N24|F|WORK|d100|p125,0,463,219,"C1A0T0I0F1","(1,0,0,1)","ASSEMBLE+INSPECT","CUT=72/219;ASSEMBLE+INSPECT=216/219"
P2|N24|F|WORK|d100|p125,1,600,127,"C1A1T0I1F0","(1,1,1,0)","INSPECT","CUT=72/127;ASSEMBLE=96/127;INSPECT=120/127"
P2|N24|F|WORK|d100|p125,2,776,114,"C1A0T0I0F2","(1,0,0,2)","ASSEMBLE+INSPECT","CUT=72/114;ASSEMBLE+INSPECT=216/228"
P2|N24|F|WORK|d100|p125,3,850,104,"C1A1T0I2F0","(1,1,2,0)","ASSEMBLE","CUT=72/104;ASSEMBLE=96/104;INSPECT=120/208"
P2|N24|F|WORK|d100|p125,4,913,84,"C1A1T0I1F1","(1,1,1,1)","CUT|ASSEMBLE+INSPECT","CUT=72/84;ASSEMBLE+INSPECT=216/252"
P2|N24|F|WORK|d100|p125,5,976,83,"C1A1T0I0F2","(1,1,0,2)","CUT|ASSEMBLE+INSPECT","CUT=72/83;ASSEMBLE+INSPECT=216/249"
P2|N24|F|WORK|d100|p125,6,1050,81,"C1A0T1I2F0 C1A2T0I2F0","(1,2,2,0) (1,2,2,0)","CUT CUT","CUT=72/81;ASSEMBLE=96/162;INSPECT=120/162 CUT=72/81;ASSEMBLE=96/162;INSPECT=120/162"
P2|N24|F|WORK|d100|p125,7,1200,67,"C2A0T1I2F0 C2A2T0I2F0","(2,2,2,0) (2,2,2,0)","INSPECT INSPECT","CUT=72/134;ASSEMBLE=96/134;INSPECT=120/134 CUT=72/134;ASSEMBLE=96/134;INSPECT=120/134"
P2|N24|F|WORK|d100|p125,8,1376,62,"C2A1T0I1F2","(2,1,1,2)","ASSEMBLE+INSPECT","CUT=72/124;ASSEMBLE+INSPECT=216/248"
P2|N24|F|WORK|d100|p125,9,1450,57,"C2A0T1I3F0 C2A2T0I3F0","(2,2,3,0) (2,2,3,0)","ASSEMBLE ASSEMBLE","CUT=72/114;ASSEMBLE=96/114;INSPECT=120/171 CUT=72/114;ASSEMBLE=96/114;INSPECT=120/171"
P2|N24|F|WORK|d100|p125,10,1513,53,"C2A0T1I2F1 C2A2T0I2F1","(2,2,2,1) (2,2,2,1)","ASSEMBLE+INSPECT ASSEMBLE+INSPECT","CUT=72/106;ASSEMBLE+INSPECT=216/265 CUT=72/106;ASSEMBLE+INSPECT=216/265"
P2|N24|F|WORK|d100|p125,11,1650,50,"C2A1T1I3F0 C2A3T0I3F0","(2,3,3,0) (2,3,3,0)","INSPECT INSPECT","CUT=72/100;ASSEMBLE=96/150;INSPECT=120/150 CUT=72/100;ASSEMBLE=96/150;INSPECT=120/150"
P2|N24|F|WORK|d100|p125,12,1763,47,"C2A0T1I3F1 C2A2T0I3F1","(2,2,3,1) (2,2,3,1)","CUT|ASSEMBLE+INSPECT CUT|ASSEMBLE+INSPECT","CUT=72/94;ASSEMBLE+INSPECT=216/282 CUT=72/94;ASSEMBLE+INSPECT=216/282"
P2|N24|F|WORK|d100|p125,13,1900,46,"C2A1T1I4F0 C2A3T0I4F0","(2,3,4,0) (2,3,4,0)","CUT CUT","CUT=72/92;ASSEMBLE=96/138;INSPECT=120/184 CUT=72/92;ASSEMBLE=96/138;INSPECT=120/184"
P2|N24|F|WORK|d100|p125,14,2026,45,"C2A1T1I2F2 C2A3T0I2F2","(2,3,2,2) (2,3,2,2)","CUT CUT","CUT=72/90;ASSEMBLE+INSPECT=216/315 CUT=72/90;ASSEMBLE+INSPECT=216/315"
P2|N24|F|WORK|d100|p125,15,2050,42,"C3A1T1I4F0 C3A3T0I4F0","(3,3,4,0) (3,3,4,0)","ASSEMBLE ASSEMBLE","CUT=72/126;ASSEMBLE=96/126;INSPECT=120/168 CUT=72/126;ASSEMBLE=96/126;INSPECT=120/168"
P2|N24|F|WORK|d100|p125,16,2226,40,"C3A0T1I3F2 C3A2T0I3F2","(3,2,3,2) (3,2,3,2)","ASSEMBLE+INSPECT ASSEMBLE+INSPECT","CUT=72/120;ASSEMBLE+INSPECT=216/280 CUT=72/120;ASSEMBLE+INSPECT=216/280"
P2|N24|F|WORK|d100|p125,17,2289,39,"C3A0T1I2F3 C3A2T0I2F3","(3,2,2,3) (3,2,2,3)","ASSEMBLE+INSPECT ASSEMBLE+INSPECT","CUT=72/117;ASSEMBLE+INSPECT=216/273 CUT=72/117;ASSEMBLE+INSPECT=216/273"
P2|N24|F|WORK|d100|p125,18,2363,37,"C3A1T1I4F1 C3A3T0I4F1","(3,3,4,1) (3,3,4,1)","ASSEMBLE+INSPECT ASSEMBLE+INSPECT","CUT=72/111;ASSEMBLE+INSPECT=216/296 CUT=72/111;ASSEMBLE+INSPECT=216/296"
P2|N24|F|WORK|d100|p125,19,2563,35,"C3A0T2I4F1 C3A2T1I4F1 C3A4T0I4F1","(3,4,4,1) (3,4,4,1) (3,4,4,1)","CUT|ASSEMBLE+INSPECT CUT|ASSEMBLE+INSPECT CUT|ASSEMBLE+INSPECT","CUT=72/105;ASSEMBLE+INSPECT=216/315 CUT=72/105;ASSEMBLE+INSPECT=216/315 CUT=72/105;ASSEMBLE+INSPECT=216/315"
P2|N24|F|WORK|d100|p125,20,2713,34,"C4A0T2I4F1 C4A2T1I4F1 C4A4T0I4F1","(4,4,4,1) (4,4,4,1) (4,4,4,1)","ASSEMBLE+INSPECT ASSEMBLE+INSPECT ASSEMBLE+INSPECT","CUT=72/136;ASSEMBLE+INSPECT=216/306 CUT=72/136;ASSEMBLE+INSPECT=216/306 CUT=72/136;ASSEMBLE+INSPECT=216/306"
P2|N24|F|WORK|d100|p125,21,2739,33,"C3A1T1I3F3 C3A3T0I3F3","(3,3,3,3) (3,3,3,3)","CUT|ASSEMBLE+INSPECT CUT|ASSEMBLE+INSPECT","CUT=72/99;ASSEMBLE+INSPECT=216/297 CUT=72/99;ASSEMBLE+INSPECT=216/297"
P2|N24|F|WORK|d100|p125,22,3026,32,"C4A0T2I4F2 C4A2T1I4F2 C4A4T0I4F2","(4,4,4,2) (4,4,4,2) (4,4,4,2)","ASSEMBLE+INSPECT ASSEMBLE+INSPECT ASSEMBLE+INSPECT","CUT=72/128;ASSEMBLE+INSPECT=216/320 CUT=72/128;ASSEMBLE+INSPECT=216/320 CUT=72/128;ASSEMBLE+INSPECT=216/320"
P2|N24|F|WORK|d100|p125,23,3339,29,"C4A0T2I4F3 C4A2T1I4F3 C4A4T0I4F3","(4,4,4,3) (4,4,4,3) (4,4,4,3)","ASSEMBLE+INSPECT ASSEMBLE+INSPECT ASSEMBLE+INSPECT","CUT=72/116;ASSEMBLE+INSPECT=216/319 CUT=72/116;ASSEMBLE+INSPECT=216/319 CUT=72/116;ASSEMBLE+INSPECT=216/319"
P2|N24|F|WORK|d100|p150,0,525,219,"C1A0T0I0F1","(1,0,0,1)","ASSEMBLE+INSPECT","CUT=72/219;ASSEMBLE+INSPECT=216/219"
P2|N24|F|WORK|d100|p150,1,600,127,"C1A1T0I1F0","(1,1,1,0)","INSPECT","CUT=72/127;ASSEMBLE=96/127;INSPECT=120/127"
P2|N24|F|WORK|d100|p150,2,850,104,"C1A1T0I2F0","(1,1,2,0)","ASSEMBLE","CUT=72/104;ASSEMBLE=96/104;INSPECT=120/208"
P2|N24|F|WORK|d100|p150,3,975,84,"C1A1T0I1F1","(1,1,1,1)","CUT|ASSEMBLE+INSPECT","CUT=72/84;ASSEMBLE+INSPECT=216/252"
P2|N24|F|WORK|d100|p150,4,1050,81,"C1A0T1I2F0 C1A2T0I2F0","(1,2,2,0) (1,2,2,0)","CUT CUT","CUT=72/81;ASSEMBLE=96/162;INSPECT=120/162 CUT=72/81;ASSEMBLE=96/162;INSPECT=120/162"
P2|N24|F|WORK|d100|p150,5,1200,67,"C2A0T1I2F0 C2A2T0I2F0","(2,2,2,0) (2,2,2,0)","INSPECT INSPECT","CUT=72/134;ASSEMBLE=96/134;INSPECT=120/134 CUT=72/134;ASSEMBLE=96/134;INSPECT=120/134"
P2|N24|F|WORK|d100|p150,6,1450,57,"C2A0T1I3F0 C2A2T0I3F0","(2,2,3,0) (2,2,3,0)","ASSEMBLE ASSEMBLE","CUT=72/114;ASSEMBLE=96/114;INSPECT=120/171 CUT=72/114;ASSEMBLE=96/114;INSPECT=120/171"
P2|N24|F|WORK|d100|p150,7,1575,53,"C2A0T1I2F1 C2A2T0I2F1","(2,2,2,1) (2,2,2,1)","ASSEMBLE+INSPECT ASSEMBLE+INSPECT","CUT=72/106;ASSEMBLE+INSPECT=216/265 CUT=72/106;ASSEMBLE+INSPECT=216/265"
P2|N24|F|WORK|d100|p150,8,1650,50,"C2A1T1I3F0 C2A3T0I3F0","(2,3,3,0) (2,3,3,0)","INSPECT INSPECT","CUT=72/100;ASSEMBLE=96/150;INSPECT=120/150 CUT=72/100;ASSEMBLE=96/150;INSPECT=120/150"
P2|N24|F|WORK|d100|p150,9,1800,47,"C3A1T1I3F0 C3A3T0I3F0","(3,3,3,0) (3,3,3,0)","INSPECT INSPECT","CUT=72/141;ASSEMBLE=96/141;INSPECT=120/141 CUT=72/141;ASSEMBLE=96/141;INSPECT=120/141"
P2|N24|F|WORK|d100|p150,10,1900,46,"C2A1T1I4F0 C2A3T0I4F0","(2,3,4,0) (2,3,4,0)","CUT CUT","CUT=72/92;ASSEMBLE=96/138;INSPECT=120/184 CUT=72/92;ASSEMBLE=96/138;INSPECT=120/184"
P2|N24|F|WORK|d100|p150,11,2050,42,"C3A1T1I4F0 C3A3T0I4F0","(3,3,4,0) (3,3,4,0)","ASSEMBLE ASSEMBLE","CUT=72/126;ASSEMBLE=96/126;INSPECT=120/168 CUT=72/126;ASSEMBLE=96/126;INSPECT=120/168"
P2|N24|F|WORK|d100|p150,12,2250,40,"C3A0T2I4F0 C3A2T1I4F0 C3A4T0I4F0","(3,4,4,0) (3,4,4,0) (3,4,4,0)","INSPECT INSPECT INSPECT","CUT=72/120;ASSEMBLE=96/160;INSPECT=120/160 CUT=72/120;ASSEMBLE=96/160;INSPECT=120/160 CUT=72/120;ASSEMBLE=96/160;INSPECT=120/160"
P2|N24|F|WORK|d100|p150,13,2400,37,"C4A0T2I4F0 C4A2T1I4F0 C4A4T0I4F0","(4,4,4,0) (4,4,4,0) (4,4,4,0)","INSPECT INSPECT INSPECT","CUT=72/148;ASSEMBLE=96/148;INSPECT=120/148 CUT=72/148;ASSEMBLE=96/148;INSPECT=120/148 CUT=72/148;ASSEMBLE=96/148;INSPECT=120/148"
P2|N24|F|WORK|d100|p150,14,2625,35,"C3A0T2I4F1 C3A2T1I4F1 C3A4T0I4F1","(3,4,4,1) (3,4,4,1) (3,4,4,1)","CUT|ASSEMBLE+INSPECT CUT|ASSEMBLE+INSPECT CUT|ASSEMBLE+INSPECT","CUT=72/105;ASSEMBLE+INSPECT=216/315 CUT=72/105;ASSEMBLE+INSPECT=216/315 CUT=72/105;ASSEMBLE+INSPECT=216/315"
P2|N24|F|WORK|d100|p150,15,2775,34,"C4A0T2I4F1 C4A2T1I4F1 C4A4T0I4F1","(4,4,4,1) (4,4,4,1) (4,4,4,1)","ASSEMBLE+INSPECT ASSEMBLE+INSPECT ASSEMBLE+INSPECT","CUT=72/136;ASSEMBLE+INSPECT=216/306 CUT=72/136;ASSEMBLE+INSPECT=216/306 CUT=72/136;ASSEMBLE+INSPECT=216/306"
P2|N24|F|WORK|d100|p150,16,2925,33,"C3A1T1I3F3 C3A3T0I3F3","(3,3,3,3) (3,3,3,3)","CUT|ASSEMBLE+INSPECT CUT|ASSEMBLE+INSPECT","CUT=72/99;ASSEMBLE+INSPECT=216/297 CUT=72/99;ASSEMBLE+INSPECT=216/297"
P2|N24|F|WORK|d100|p150,17,3150,32,"C4A0T2I4F2 C4A2T1I4F2 C4A4T0I4F2","(4,4,4,2) (4,4,4,2) (4,4,4,2)","ASSEMBLE+INSPECT ASSEMBLE+INSPECT ASSEMBLE+INSPECT","CUT=72/128;ASSEMBLE+INSPECT=216/320 CUT=72/128;ASSEMBLE+INSPECT=216/320 CUT=72/128;ASSEMBLE+INSPECT=216/320"
P2|N24|F|WORK|d100|p150,18,3525,29,"C4A0T2I4F3 C4A2T1I4F3 C4A4T0I4F3","(4,4,4,3) (4,4,4,3) (4,4,4,3)","ASSEMBLE+INSPECT ASSEMBLE+INSPECT ASSEMBLE+INSPECT","CUT=72/116;ASSEMBLE+INSPECT=216/319 CUT=72/116;ASSEMBLE+INSPECT=216/319 CUT=72/116;ASSEMBLE+INSPECT=216/319"
P2|N24|F|WORK|d100|p200,0,600,127,"C1A1T0I1F0","(1,1,1,0)","INSPECT","CUT=72/127;ASSEMBLE=96/127;INSPECT=120/127"
P2|N24|F|WORK|d100|p200,1,850,104,"C1A1T0I2F0","(1,1,2,0)","ASSEMBLE","CUT=72/104;ASSEMBLE=96/104;INSPECT=120/208"
P2|N24|F|WORK|d100|p200,2,1050,81,"C1A0T1I2F0 C1A2T0I2F0","(1,2,2,0) (1,2,2,0)","CUT CUT","CUT=72/81;ASSEMBLE=96/162;INSPECT=120/162 CUT=72/81;ASSEMBLE=96/162;INSPECT=120/162"
P2|N24|F|WORK|d100|p200,3,1200,67,"C2A0T1I2F0 C2A2T0I2F0","(2,2,2,0) (2,2,2,0)","INSPECT INSPECT","CUT=72/134;ASSEMBLE=96/134;INSPECT=120/134 CUT=72/134;ASSEMBLE=96/134;INSPECT=120/134"
P2|N24|F|WORK|d100|p200,4,1450,57,"C2A0T1I3F0 C2A2T0I3F0","(2,2,3,0) (2,2,3,0)","ASSEMBLE ASSEMBLE","CUT=72/114;ASSEMBLE=96/114;INSPECT=120/171 CUT=72/114;ASSEMBLE=96/114;INSPECT=120/171"
P2|N24|F|WORK|d100|p200,5,1650,50,"C2A1T1I3F0 C2A3T0I3F0","(2,3,3,0) (2,3,3,0)","INSPECT INSPECT","CUT=72/100;ASSEMBLE=96/150;INSPECT=120/150 CUT=72/100;ASSEMBLE=96/150;INSPECT=120/150"
P2|N24|F|WORK|d100|p200,6,1800,47,"C3A1T1I3F0 C3A3T0I3F0","(3,3,3,0) (3,3,3,0)","INSPECT INSPECT","CUT=72/141;ASSEMBLE=96/141;INSPECT=120/141 CUT=72/141;ASSEMBLE=96/141;INSPECT=120/141"
P2|N24|F|WORK|d100|p200,7,1900,46,"C2A1T1I4F0 C2A3T0I4F0","(2,3,4,0) (2,3,4,0)","CUT CUT","CUT=72/92;ASSEMBLE=96/138;INSPECT=120/184 CUT=72/92;ASSEMBLE=96/138;INSPECT=120/184"
P2|N24|F|WORK|d100|p200,8,2050,42,"C3A1T1I4F0 C3A3T0I4F0","(3,3,4,0) (3,3,4,0)","ASSEMBLE ASSEMBLE","CUT=72/126;ASSEMBLE=96/126;INSPECT=120/168 CUT=72/126;ASSEMBLE=96/126;INSPECT=120/168"
P2|N24|F|WORK|d100|p200,9,2250,40,"C3A0T2I4F0 C3A2T1I4F0 C3A4T0I4F0","(3,4,4,0) (3,4,4,0) (3,4,4,0)","INSPECT INSPECT INSPECT","CUT=72/120;ASSEMBLE=96/160;INSPECT=120/160 CUT=72/120;ASSEMBLE=96/160;INSPECT=120/160 CUT=72/120;ASSEMBLE=96/160;INSPECT=120/160"
P2|N24|F|WORK|d100|p200,10,2400,37,"C4A0T2I4F0 C4A2T1I4F0 C4A4T0I4F0","(4,4,4,0) (4,4,4,0) (4,4,4,0)","INSPECT INSPECT INSPECT","CUT=72/148;ASSEMBLE=96/148;INSPECT=120/148 CUT=72/148;ASSEMBLE=96/148;INSPECT=120/148 CUT=72/148;ASSEMBLE=96/148;INSPECT=120/148"
P2|N24|F|WORK|d100|p200,11,2750,35,"C3A0T2I4F1 C3A2T1I4F1 C3A4T0I4F1","(3,4,4,1) (3,4,4,1) (3,4,4,1)","CUT|ASSEMBLE+INSPECT CUT|ASSEMBLE+INSPECT CUT|ASSEMBLE+INSPECT","CUT=72/105;ASSEMBLE+INSPECT=216/315 CUT=72/105;ASSEMBLE+INSPECT=216/315 CUT=72/105;ASSEMBLE+INSPECT=216/315"
P2|N24|F|WORK|d100|p200,12,2900,34,"C4A0T2I4F1 C4A2T1I4F1 C4A4T0I4F1","(4,4,4,1) (4,4,4,1) (4,4,4,1)","ASSEMBLE+INSPECT ASSEMBLE+INSPECT ASSEMBLE+INSPECT","CUT=72/136;ASSEMBLE+INSPECT=216/306 CUT=72/136;ASSEMBLE+INSPECT=216/306 CUT=72/136;ASSEMBLE+INSPECT=216/306"
P2|N24|F|WORK|d100|p200,13,3100,33,"C4A1T2I4F1 C4A3T1I4F1 C4A5T0I4F1","(4,5,4,1) (4,5,4,1) (4,5,4,1)","ASSEMBLE+INSPECT ASSEMBLE+INSPECT ASSEMBLE+INSPECT","CUT=72/132;ASSEMBLE+INSPECT=216/330 CUT=72/132;ASSEMBLE+INSPECT=216/330 CUT=72/132;ASSEMBLE+INSPECT=216/330"
P2|N24|F|WORK|d100|p200,14,3400,32,"C4A0T2I4F2 C4A2T1I4F2 C4A4T0I4F2","(4,4,4,2) (4,4,4,2) (4,4,4,2)","ASSEMBLE+INSPECT ASSEMBLE+INSPECT ASSEMBLE+INSPECT","CUT=72/128;ASSEMBLE+INSPECT=216/320 CUT=72/128;ASSEMBLE+INSPECT=216/320 CUT=72/128;ASSEMBLE+INSPECT=216/320"
P2|N24|F|WORK|d100|p200,15,3800,30,"C4A0T3I4F2 C4A2T2I4F2 C4A4T1I4F2 C4A6T0I4F2","(4,6,4,2) (4,6,4,2) (4,6,4,2) (4,6,4,2)","CUT|ASSEMBLE+INSPECT CUT|ASSEMBLE+INSPECT CUT|ASSEMBLE+INSPECT CUT|ASSEMBLE+INSPECT","CUT=72/120;ASSEMBLE+INSPECT=216/360 CUT=72/120;ASSEMBLE+INSPECT=216/360 CUT=72/120;ASSEMBLE+INSPECT=216/360 CUT=72/120;ASSEMBLE+INSPECT=216/360"
P2|N24|F|WORK|d100|p200,16,3900,29,"C4A0T2I4F3 C4A2T1I4F3 C4A4T0I4F3","(4,4,4,3) (4,4,4,3) (4,4,4,3)","ASSEMBLE+INSPECT ASSEMBLE+INSPECT ASSEMBLE+INSPECT","CUT=72/116;ASSEMBLE+INSPECT=216/319 CUT=72/116;ASSEMBLE+INSPECT=216/319 CUT=72/116;ASSEMBLE+INSPECT=216/319"
