cell,profile,N,family,rule,delta,phi,f,beta,target,budget,starterT,floorT,frontierClasses,feasibleClasses,weak,strong,strongPair,incomparableUnexplained,monotone,tieClasses,provisionDistinctTies,capitalBinding,base,baseT,active,bestAt,bestDelta,material,irrelevant,migrationUnits,migratedTo,positive
P1|N6|D|UNIFORM|d75|p0|f20|b0,P1,6,D,UNIFORM,75,0,20,0,19,700,41,14,8,1,false,false,"",0,true,0,0,true,C2A0T2I2F0,17,ASSEMBLE|INSPECT,ASSEMBLER,0,false,false,0,,false
P1|N6|D|UNIFORM|d75|p0|f20|b10,P1,6,D,UNIFORM,75,0,20,10,19,770,41,14,8,1,false,false,"",0,true,0,0,true,C2A0T2I2F0,17,ASSEMBLE|INSPECT,ASSEMBLER,0,false,false,0,,false
P1|N6|D|UNIFORM|d75|p0|f20|b25,P1,6,D,UNIFORM,75,0,20,25,19,875,41,14,8,1,false,false,"",0,true,0,0,true,C2A0T2I2F0,17,ASSEMBLE|INSPECT,ASSEMBLER,0,false,false,0,,false
P1|N6|D|UNIFORM|d75|p0|f20|b50,P1,6,D,UNIFORM,75,0,20,50,19,1050,41,14,8,3,true,false,"",0,true,0,0,false,C2A0T2I2F0,17,ASSEMBLE|INSPECT,ASSEMBLER,0,false,false,0,,false
P1|N6|D|UNIFORM|d75|p0|f40|b0,P1,6,D,UNIFORM,75,0,40,0,24,550,41,14,8,1,false,false,"",0,true,0,0,true,C1A1T1I2F0,21,CUT|ASSEMBLE,CUTTER,1,false,false,0,,false
P1|N6|D|UNIFORM|d75|p0|f40|b10,P1,6,D,UNIFORM,75,0,40,10,24,605,41,14,8,1,false,false,"",0,true,0,0,true,C1A1T1I2F0,21,CUT|ASSEMBLE,CUTTER,1,false,false,0,,false
P1|N6|D|UNIFORM|d75|p0|f40|b25,P1,6,D,UNIFORM,75,0,40,25,24,687,41,14,8,2,true,false,"",0,true,0,0,true,C1A1T1I2F0,21,CUT|ASSEMBLE,CUTTER,1,false,false,0,,false
P1|N6|D|UNIFORM|d75|p0|f40|b50,P1,6,D,UNIFORM,75,0,40,50,24,825,41,14,8,3,true,false,"",0,true,0,0,true,C1A1T1I2F0,21,CUT|ASSEMBLE,CUTTER,1,false,false,0,,false
P1|N6|D|UNIFORM|d75|p0|f60|b0,P1,6,D,UNIFORM,75,0,60,0,30,350,41,14,8,1,false,false,"",0,true,0,0,true,C1A0T1I1F0,26,ASSEMBLE|INSPECT,INSPECTOR,1,false,false,0,,false
P1|N6|D|UNIFORM|d75|p0|f60|b10,P1,6,D,UNIFORM,75,0,60,10,30,385,41,14,8,1,false,false,"",0,true,0,0,true,C1A0T1I1F0,26,ASSEMBLE|INSPECT,INSPECTOR,1,false,false,0,,false
P1|N6|D|UNIFORM|d75|p0|f60|b25,P1,6,D,UNIFORM,75,0,60,25,30,437,41,14,8,1,false,false,"",0,true,0,0,true,C1A0T1I1F0,26,ASSEMBLE|INSPECT,INSPECTOR,1,false,false,0,,false
P1|N6|D|UNIFORM|d75|p0|f60|b50,P1,6,D,UNIFORM,75,0,60,50,30,525,41,14,8,2,true,false,"",0,true,0,0,true,C1A0T1I1F0,26,ASSEMBLE|INSPECT,INSPECTOR,1,false,false,0,,false
P1|N6|D|UNIFORM|d75|p0|f80|b0,P1,6,D,UNIFORM,75,0,80,0,35,350,41,14,8,1,false,false,"",0,true,0,0,true,C1A0T1I1F0,26,ASSEMBLE|INSPECT,INSPECTOR,1,false,false,0,,false
P1|N6|D|UNIFORM|d75|p0|f80|b10,P1,6,D,UNIFORM,75,0,80,10,35,385,41,14,8,1,false,false,"",0,true,0,0,true,C1A0T1I1F0,26,ASSEMBLE|INSPECT,INSPECTOR,1,false,false,0,,false
P1|N6|D|UNIFORM|d75|p0|f80|b25,P1,6,D,UNIFORM,75,0,80,25,35,437,41,14,8,1,false,false,"",0,true,0,0,true,C1A0T1I1F0,26,ASSEMBLE|INSPECT,INSPECTOR,1,false,false,0,,false
P1|N6|D|UNIFORM|d75|p0|f80|b50,P1,6,D,UNIFORM,75,0,80,50,35,525,41,14,8,2,true,false,"",0,true,0,0,true,C1A0T1I1F0,26,ASSEMBLE|INSPECT,INSPECTOR,1,false,false,0,,false
P1|N6|D|UNIFORM|d90|p0|f20|b0,P1,6,D,UNIFORM,90,0,20,0,19,760,41,14,8,1,false,false,"",0,true,0,0,true,C2A0T2I2F0,17,ASSEMBLE|INSPECT,ASSEMBLER,0,false,false,0,,false
P1|N6|D|UNIFORM|d90|p0|f20|b10,P1,6,D,UNIFORM,90,0,20,10,19,836,41,14,8,1,false,false,"",0,true,0,0,true,C2A0T2I2F0,17,ASSEMBLE|INSPECT,ASSEMBLER,0,false,false,0,,false
P1|N6|D|UNIFORM|d90|p0|f20|b25,P1,6,D,UNIFORM,90,0,20,25,19,950,41,14,8,1,false,false,"",0,true,0,0,true,C2A0T2I2F0,17,ASSEMBLE|INSPECT,ASSEMBLER,0,false,false,0,,false
P1|N6|D|UNIFORM|d90|p0|f20|b50,P1,6,D,UNIFORM,90,0,20,50,19,1140,41,14,8,3,true,false,"",0,true,0,0,false,C2A0T2I2F0,17,ASSEMBLE|INSPECT,ASSEMBLER,0,false,false,0,,false
P1|N6|D|UNIFORM|d90|p0|f40|b0,P1,6,D,UNIFORM,90,0,40,0,24,580,41,14,8,1,false,false,"",0,true,0,0,true,C1A1T1I2F0,21,CUT|ASSEMBLE,CUTTER,1,false,false,0,,false
P1|N6|D|UNIFORM|d90|p0|f40|b10,P1,6,D,UNIFORM,90,0,40,10,24,638,41,14,8,1,false,false,"",0,true,0,0,true,C1A1T1I2F0,21,CUT|ASSEMBLE,CUTTER,1,false,false,0,,false
P1|N6|D|UNIFORM|d90|p0|f40|b25,P1,6,D,UNIFORM,90,0,40,25,24,725,41,14,8,2,true,false,"",0,true,0,0,true,C1A1T1I2F0,21,CUT|ASSEMBLE,CUTTER,1,false,false,0,,false
P1|N6|D|UNIFORM|d90|p0|f40|b50,P1,6,D,UNIFORM,90,0,40,50,24,870,41,14,8,3,true,false,"",0,true,0,0,true,C1A1T1I2F0,21,CUT|ASSEMBLE,CUTTER,1,false,false,0,,false
P1|N6|D|UNIFORM|d90|p0|f60|b0,P1,6,D,UNIFORM,90,0,60,0,30,380,41,14,8,1,false,false,"",0,true,0,0,true,C1A0T1I1F0,26,ASSEMBLE|INSPECT,INSPECTOR,1,false,false,0,,false
P1|N6|D|UNIFORM|d90|p0|f60|b10,P1,6,D,UNIFORM,90,0,60,10,30,418,41,14,8,1,false,false,"",0,true,0,0,true,C1A0T1I1F0,26,ASSEMBLE|INSPECT,INSPECTOR,1,false,false,0,,false
P1|N6|D|UNIFORM|d90|p0|f60|b25,P1,6,D,UNIFORM,90,0,60,25,30,475,41,14,8,1,false,false,"",0,true,0,0,true,C1A0T1I1F0,26,ASSEMBLE|INSPECT,INSPECTOR,1,false,false,0,,false
P1|N6|D|UNIFORM|d90|p0|f60|b50,P1,6,D,UNIFORM,90,0,60,50,30,570,41,14,8,2,true,false,"",0,true,0,0,true,C1A0T1I1F0,26,ASSEMBLE|INSPECT,INSPECTOR,1,false,false,0,,false
P1|N6|D|UNIFORM|d90|p0|f80|b0,P1,6,D,UNIFORM,90,0,80,0,35,380,41,14,8,1,false,false,"",0,true,0,0,true,C1A0T1I1F0,26,ASSEMBLE|INSPECT,INSPECTOR,1,false,false,0,,false
P1|N6|D|UNIFORM|d90|p0|f80|b10,P1,6,D,UNIFORM,90,0,80,10,35,418,41,14,8,1,false,false,"",0,true,0,0,true,C1A0T1I1F0,26,ASSEMBLE|INSPECT,INSPECTOR,1,false,false,0,,false
P1|N6|D|UNIFORM|d90|p0|f80|b25,P1,6,D,UNIFORM,90,0,80,25,35,475,41,14,8,1,false,false,"",0,true,0,0,true,C1A0T1I1F0,26,ASSEMBLE|INSPECT,INSPECTOR,1,false,false,0,,false
P1|N6|D|UNIFORM|d90|p0|f80|b50,P1,6,D,UNIFORM,90,0,80,50,35,570,41,14,8,2,true,false,"",0,true,0,0,true,C1A0T1I1F0,26,ASSEMBLE|INSPECT,INSPECTOR,1,false,false,0,,false
P1|N6|D|UNIFORM|d100|p0|f20|b0,P1,6,D,UNIFORM,100,0,20,0,19,800,41,14,8,1,false,false,"",0,true,1,0,true,C2A0T2I2F0,17,ASSEMBLE|INSPECT,ASSEMBLER,0,false,false,0,,false
P1|N6|D|UNIFORM|d100|p0|f20|b10,P1,6,D,UNIFORM,100,0,20,10,19,880,41,14,8,1,false,false,"",0,true,1,0,true,C2A0T2I2F0,17,ASSEMBLE|INSPECT,ASSEMBLER,0,false,false,0,,false
P1|N6|D|UNIFORM|d100|p0|f20|b25,P1,6,D,UNIFORM,100,0,20,25,19,1000,41,14,8,1,false,false,"",0,true,1,0,true,C2A0T2I2F0,17,ASSEMBLE|INSPECT,ASSEMBLER,0,false,false,0,,false
P1|N6|D|UNIFORM|d100|p0|f20|b50,P1,6,D,UNIFORM,100,0,20,50,19,1200,41,14,8,3,true,false,"",0,true,3,0,false,C2A0T2I2F0,17,ASSEMBLE|INSPECT,ASSEMBLER,0,false,false,0,,false
P1|N6|D|UNIFORM|d100|p0|f40|b0,P1,6,D,UNIFORM,100,0,40,0,24,600,41,14,8,1,false,false,"",0,true,1,0,true,C1A1T1I2F0,21,CUT|ASSEMBLE,CUTTER,1,false,false,0,,false
P1|N6|D|UNIFORM|d100|p0|f40|b10,P1,6,D,UNIFORM,100,0,40,10,24,660,41,14,8,1,false,false,"",0,true,1,0,true,C1A1T1I2F0,21,CUT|ASSEMBLE,CUTTER,1,false,false,0,,false
P1|N6|D|UNIFORM|d100|p0|f40|b25,P1,6,D,UNIFORM,100,0,40,25,24,750,41,14,8,2,true,false,"",0,true,2,0,true,C1A1T1I2F0,21,CUT|ASSEMBLE,CUTTER,1,false,false,0,,false
P1|N6|D|UNIFORM|d100|p0|f40|b50,P1,6,D,UNIFORM,100,0,40,50,24,900,41,14,8,3,true,false,"",0,true,3,0,true,C1A1T1I2F0,21,CUT|ASSEMBLE,CUTTER,1,false,false,0,,false
P1|N6|D|UNIFORM|d100|p0|f60|b0,P1,6,D,UNIFORM,100,0,60,0,30,400,41,14,8,1,false,false,"",0,true,1,0,true,C1A0T1I1F0,26,ASSEMBLE|INSPECT,INSPECTOR,1,false,false,0,,false
P1|N6|D|UNIFORM|d100|p0|f60|b10,P1,6,D,UNIFORM,100,0,60,10,30,440,41,14,8,1,false,false,"",0,true,1,0,true,C1A0T1I1F0,26,ASSEMBLE|INSPECT,INSPECTOR,1,false,false,0,,false
P1|N6|D|UNIFORM|d100|p0|f60|b25,P1,6,D,UNIFORM,100,0,60,25,30,500,41,14,8,2,true,false,"",0,true,2,0,true,C1A0T1I1F0,26,ASSEMBLE|INSPECT,INSPECTOR,1,false,false,0,,false
P1|N6|D|UNIFORM|d100|p0|f60|b50,P1,6,D,UNIFORM,100,0,60,50,30,600,41,14,8,3,true,false,"",0,true,3,0,true,C1A0T1I1F0,26,ASSEMBLE|INSPECT,INSPECTOR,1,false,false,0,,false
P1|N6|D|UNIFORM|d100|p0|f80|b0,P1,6,D,UNIFORM,100,0,80,0,35,400,41,14,8,1,false,false,"",0,true,1,0,true,C1A0T1I1F0,26,ASSEMBLE|INSPECT,INSPECTOR,1,false,false,0,,false
P1|N6|D|UNIFORM|d100|p0|f80|b10,P1,6,D,UNIFORM,100,0,80,10,35,440,41,14,8,1,false,false,"",0,true,1,0,true,C1A0T1I1F0,26,ASSEMBLE|INSPECT,INSPECTOR,1,false,false,0,,false
P1|N6|D|UNIFORM|d100|p0|f80|b25,P1,6,D,UNIFORM,100,0,80,25,35,500,41,14,8,2,true,false,"",0,true,2,0,true,C1A0T1I1F0,26,ASSEMBLE|INSPECT,INSPECTOR,1,false,false,0,,false
P1|N6|D|UNIFORM|d100|p0|f80|b50,P1,6,D,UNIFORM,100,0,80,50,35,600,41,14,8,3,true,false,"",0,true,3,0,true,C1A0T1I1F0,26,ASSEMBLE|INSPECT,INSPECTOR,1,false,false,0,,false
P1|N6|D|WORK|d75|p0|f20|b0,P1,6,D,WORK,75,0,20,0,19,1400,41,14,9,1,false,false,"",0,true,0,0,true,C2A0T2I2F0,17,ASSEMBLE|INSPECT,ASSEMBLER,0,false,false,0,,false
P1|N6|D|WORK|d75|p0|f20|b10,P1,6,D,WORK,75,0,20,10,19,1540,41,14,9,1,false,false,"",0,true,0,0,true,C2A0T2I2F0,17,ASSEMBLE|INSPECT,ASSEMBLER,0,false,false,0,,false
P1|N6|D|WORK|d75|p0|f20|b25,P1,6,D,WORK,75,0,20,25,19,1750,41,14,9,1,false,false,"",0,true,0,0,true,C2A0T2I2F0,17,ASSEMBLE|INSPECT,ASSEMBLER,0,false,false,0,,false
P1|N6|D|WORK|d75|p0|f20|b50,P1,6,D,WORK,75,0,20,50,19,2100,41,14,9,3,true,false,"",0,true,0,0,false,C2A0T2I2F0,17,ASSEMBLE|INSPECT,ASSEMBLER,0,false,false,0,,false
P1|N6|D|WORK|d75|p0|f40|b0,P1,6,D,WORK,75,0,40,0,24,950,41,14,9,1,false,false,"",0,true,0,0,true,C2A0T1I2F0,23,ASSEMBLE,ASSEMBLER,3,true,true,2,ASSEMBLE|INSPECT,false
P1|N6|D|WORK|d75|p0|f40|b10,P1,6,D,WORK,75,0,40,10,24,1045,41,14,9,1,false,false,"",0,true,0,0,true,C2A0T1I2F0,23,ASSEMBLE,ASSEMBLER,3,true,true,2,ASSEMBLE|INSPECT,false
P1|N6|D|WORK|d75|p0|f40|b25,P1,6,D,WORK,75,0,40,25,24,1187,41,14,9,2,true,true,"C2A0T1I2F0[950,23,ASSEMBLE] vs C1A1T1I2F0[1150,21,CUT|ASSEMBLE]",0,false,0,0,true,C2A0T1I2F0,23,ASSEMBLE,ASSEMBLER,3,true,true,2,ASSEMBLE|INSPECT,true
P1|N6|D|WORK|d75|p0|f40|b50,P1,6,D,WORK,75,0,40,50,24,1425,41,14,9,4,true,true,"C2A0T1I2F0[950,23,ASSEMBLE] vs C1A1T1I2F0[1150,21,CUT|ASSEMBLE]",0,false,0,0,true,C2A0T1I2F0,23,ASSEMBLE,ASSEMBLER,3,true,true,2,ASSEMBLE|INSPECT,true
P1|N6|D|WORK|d75|p0|f60|b0,P1,6,D,WORK,75,0,60,0,30,700,41,14,9,1,false,false,"",0,true,0,0,true,C1A0T1I1F0,26,ASSEMBLE|INSPECT,INSPECTOR,1,false,false,0,,false
P1|N6|D|WORK|d75|p0|f60|b10,P1,6,D,WORK,75,0,60,10,30,770,41,14,9,1,false,false,"",0,true,0,0,true,C1A0T1I1F0,26,ASSEMBLE|INSPECT,INSPECTOR,1,false,false,0,,false
P1|N6|D|WORK|d75|p0|f60|b25,P1,6,D,WORK,75,0,60,25,30,875,41,14,9,2,true,false,"",0,true,0,0,true,C1A0T1I1F0,26,ASSEMBLE|INSPECT,INSPECTOR,1,false,false,0,,false
P1|N6|D|WORK|d75|p0|f60|b50,P1,6,D,WORK,75,0,60,50,30,1050,41,14,9,3,true,false,"",0,false,0,0,true,C1A0T1I1F0,26,ASSEMBLE|INSPECT,INSPECTOR,1,false,false,0,,false
P1|N6|D|WORK|d75|p0|f80|b0,P1,6,D,WORK,75,0,80,0,35,700,41,14,9,1,false,false,"",0,true,0,0,true,C1A0T1I1F0,26,ASSEMBLE|INSPECT,INSPECTOR,1,false,false,0,,false
P1|N6|D|WORK|d75|p0|f80|b10,P1,6,D,WORK,75,0,80,10,35,770,41,14,9,1,false,false,"",0,true,0,0,true,C1A0T1I1F0,26,ASSEMBLE|INSPECT,INSPECTOR,1,false,false,0,,false
P1|N6|D|WORK|d75|p0|f80|b25,P1,6,D,WORK,75,0,80,25,35,875,41,14,9,2,true,false,"",0,true,0,0,true,C1A0T1I1F0,26,ASSEMBLE|INSPECT,INSPECTOR,1,false,false,0,,false
P1|N6|D|WORK|d75|p0|f80|b50,P1,6,D,WORK,75,0,80,50,35,1050,41,14,9,3,true,false,"",0,false,0,0,true,C1A0T1I1F0,26,ASSEMBLE|INSPECT,INSPECTOR,1,false,false,0,,false
P1|N6|D|WORK|d90|p0|f20|b0,P1,6,D,WORK,90,0,20,0,19,1490,41,14,10,1,false,false,"",0,true,0,0,true,C2A1T1I3F0,19,ASSEMBLE,ASSEMBLER,2,true,false,3,CUT|ASSEMBLE|INSPECT,false
P1|N6|D|WORK|d90|p0|f20|b10,P1,6,D,WORK,90,0,20,10,19,1639,41,14,10,2,true,true,"C2A1T1I3F0[1490,19,ASSEMBLE] vs C2A0T2I2F0[1580,17,ASSEMBLE|INSPECT]",0,false,0,0,true,C2A1T1I3F0,19,ASSEMBLE,ASSEMBLER,2,true,false,3,CUT|ASSEMBLE|INSPECT,false
P1|N6|D|WORK|d90|p0|f20|b25,P1,6,D,WORK,90,0,20,25,19,1862,41,14,10,2,true,true,"C2A1T1I3F0[1490,19,ASSEMBLE] vs C2A0T2I2F0[1580,17,ASSEMBLE|INSPECT]",0,false,0,0,true,C2A1T1I3F0,19,ASSEMBLE,ASSEMBLER,2,true,false,3,CUT|ASSEMBLE|INSPECT,false
P1|N6|D|WORK|d90|p0|f20|b50,P1,6,D,WORK,90,0,20,50,19,2235,41,14,10,2,true,true,"C2A1T1I3F0[1490,19,ASSEMBLE] vs C2A0T2I2F0[1580,17,ASSEMBLE|INSPECT]",0,false,0,0,true,C2A1T1I3F0,19,ASSEMBLE,ASSEMBLER,2,true,false,3,CUT|ASSEMBLE|INSPECT,false
P1|N6|D|WORK|d90|p0|f40|b0,P1,6,D,WORK,90,0,40,0,24,1040,41,14,10,1,false,false,"",0,true,0,0,true,C2A0T1I2F0,23,ASSEMBLE,ASSEMBLER,3,true,true,2,ASSEMBLE|INSPECT,false
P1|N6|D|WORK|d90|p0|f40|b10,P1,6,D,WORK,90,0,40,10,24,1144,41,14,10,1,false,false,"",0,true,0,0,true,C2A0T1I2F0,23,ASSEMBLE,ASSEMBLER,3,true,true,2,ASSEMBLE|INSPECT,false
P1|N6|D|WORK|d90|p0|f40|b25,P1,6,D,WORK,90,0,40,25,24,1300,41,14,10,2,true,true,"C2A0T1I2F0[1040,23,ASSEMBLE] vs C1A1T1I2F0[1240,21,CUT|ASSEMBLE]",0,false,0,0,true,C2A0T1I2F0,23,ASSEMBLE,ASSEMBLER,3,true,true,2,ASSEMBLE|INSPECT,true
P1|N6|D|WORK|d90|p0|f40|b50,P1,6,D,WORK,90,0,40,50,24,1560,41,14,10,4,true,true,"C2A0T1I2F0[1040,23,ASSEMBLE] vs C1A1T1I2F0[1240,21,CUT|ASSEMBLE]",0,false,0,0,true,C2A0T1I2F0,23,ASSEMBLE,ASSEMBLER,3,true,true,2,ASSEMBLE|INSPECT,true
P1|N6|D|WORK|d90|p0|f60|b0,P1,6,D,WORK,90,0,60,0,30,790,41,14,10,1,false,false,"",0,true,0,0,true,C1A0T1I1F0,26,ASSEMBLE|INSPECT,INSPECTOR,1,false,false,0,,false
P1|N6|D|WORK|d90|p0|f60|b10,P1,6,D,WORK,90,0,60,10,30,869,41,14,10,1,false,false,"",0,true,0,0,true,C1A0T1I1F0,26,ASSEMBLE|INSPECT,INSPECTOR,1,false,false,0,,false
P1|N6|D|WORK|d90|p0|f60|b25,P1,6,D,WORK,90,0,60,25,30,987,41,14,10,2,true,false,"",0,true,0,0,true,C1A0T1I1F0,26,ASSEMBLE|INSPECT,INSPECTOR,1,false,false,0,,false
P1|N6|D|WORK|d90|p0|f60|b50,P1,6,D,WORK,90,0,60,50,30,1185,41,14,10,3,true,false,"",0,false,0,0,true,C1A0T1I1F0,26,ASSEMBLE|INSPECT,INSPECTOR,1,false,false,0,,false
P1|N6|D|WORK|d90|p0|f80|b0,P1,6,D,WORK,90,0,80,0,35,790,41,14,10,1,false,false,"",0,true,0,0,true,C1A0T1I1F0,26,ASSEMBLE|INSPECT,INSPECTOR,1,false,false,0,,false
P1|N6|D|WORK|d90|p0|f80|b10,P1,6,D,WORK,90,0,80,10,35,869,41,14,10,1,false,false,"",0,true,0,0,true,C1A0T1I1F0,26,ASSEMBLE|INSPECT,INSPECTOR,1,false,false,0,,false
P1|N6|D|WORK|d90|p0|f80|b25,P1,6,D,WORK,90,0,80,25,35,987,41,14,10,2,true,false,"",0,true,0,0,true,C1A0T1I1F0,26,ASSEMBLE|INSPECT,INSPECTOR,1,false,false,0,,false
P1|N6|D|WORK|d90|p0|f80|b50,P1,6,D,WORK,90,0,80,50,35,1185,41,14,10,3,true,false,"",0,false,0,0,true,C1A0T1I1F0,26,ASSEMBLE|INSPECT,INSPECTOR,1,false,false,0,,false
P1|N6|D|WORK|d100|p0|f20|b0,P1,6,D,WORK,100,0,20,0,19,1550,41,14,10,1,false,false,"",0,true,1,0,true,C2A1T1I3F0,19,ASSEMBLE,ASSEMBLER,2,true,false,3,CUT|ASSEMBLE|INSPECT,false
P1|N6|D|WORK|d100|p0|f20|b10,P1,6,D,WORK,100,0,20,10,19,1705,41,14,10,2,true,false,"",0,false,2,0,true,C2A1T1I3F0,19,ASSEMBLE,ASSEMBLER,2,true,false,3,CUT|ASSEMBLE|INSPECT,false
P1|N6|D|WORK|d100|p0|f20|b25,P1,6,D,WORK,100,0,20,25,19,1937,41,14,10,2,true,false,"",0,false,2,0,true,C2A1T1I3F0,19,ASSEMBLE,ASSEMBLER,2,true,false,3,CUT|ASSEMBLE|INSPECT,false
P1|N6|D|WORK|d100|p0|f20|b50,P1,6,D,WORK,100,0,20,50,19,2325,41,14,10,2,true,false,"",0,false,2,0,true,C2A1T1I3F0,19,ASSEMBLE,ASSEMBLER,2,true,false,3,CUT|ASSEMBLE|INSPECT,false
P1|N6|D|WORK|d100|p0|f40|b0,P1,6,D,WORK,100,0,40,0,24,1100,41,14,10,1,false,false,"",0,true,1,0,true,C2A0T1I2F0,23,ASSEMBLE,ASSEMBLER,3,true,true,2,ASSEMBLE|INSPECT,false
P1|N6|D|WORK|d100|p0|f40|b10,P1,6,D,WORK,100,0,40,10,24,1210,41,14,10,1,false,false,"",0,true,1,0,true,C2A0T1I2F0,23,ASSEMBLE,ASSEMBLER,3,true,true,2,ASSEMBLE|INSPECT,false
P1|N6|D|WORK|d100|p0|f40|b25,P1,6,D,WORK,100,0,40,25,24,1375,41,14,10,2,true,true,"C2A0T1I2F0[1100,23,ASSEMBLE] vs C1A1T1I2F0[1300,21,CUT|ASSEMBLE]",0,false,2,0,true,C2A0T1I2F0,23,ASSEMBLE,ASSEMBLER,3,true,true,2,ASSEMBLE|INSPECT,true
P1|N6|D|WORK|d100|p0|f40|b50,P1,6,D,WORK,100,0,40,50,24,1650,41,14,10,5,true,true,"C2A0T1I2F0[1100,23,ASSEMBLE] vs C1A1T1I2F0[1300,21,CUT|ASSEMBLE]",0,false,5,0,true,C2A0T1I2F0,23,ASSEMBLE,ASSEMBLER,3,true,true,2,ASSEMBLE|INSPECT,true
P1|N6|D|WORK|d100|p0|f60|b0,P1,6,D,WORK,100,0,60,0,30,850,41,14,10,1,false,false,"",0,true,1,0,true,C1A0T1I1F0,26,ASSEMBLE|INSPECT,INSPECTOR,1,false,false,0,,false
P1|N6|D|WORK|d100|p0|f60|b10,P1,6,D,WORK,100,0,60,10,30,935,41,14,10,1,false,false,"",0,true,1,0,true,C1A0T1I1F0,26,ASSEMBLE|INSPECT,INSPECTOR,1,false,false,0,,false
P1|N6|D|WORK|d100|p0|f60|b25,P1,6,D,WORK,100,0,60,25,30,1062,41,14,10,2,true,false,"",0,true,2,0,true,C1A0T1I1F0,26,ASSEMBLE|INSPECT,INSPECTOR,1,false,false,0,,false
P1|N6|D|WORK|d100|p0|f60|b50,P1,6,D,WORK,100,0,60,50,30,1275,41,14,10,3,true,false,"",0,false,3,0,true,C1A0T1I1F0,26,ASSEMBLE|INSPECT,INSPECTOR,1,false,false,0,,false
P1|N6|D|WORK|d100|p0|f80|b0,P1,6,D,WORK,100,0,80,0,35,850,41,14,10,1,false,false,"",0,true,1,0,true,C1A0T1I1F0,26,ASSEMBLE|INSPECT,INSPECTOR,1,false,false,0,,false
P1|N6|D|WORK|d100|p0|f80|b10,P1,6,D,WORK,100,0,80,10,35,935,41,14,10,1,false,false,"",0,true,1,0,true,C1A0T1I1F0,26,ASSEMBLE|INSPECT,INSPECTOR,1,false,false,0,,false
P1|N6|D|WORK|d100|p0|f80|b25,P1,6,D,WORK,100,0,80,25,35,1062,41,14,10,2,true,false,"",0,true,2,0,true,C1A0T1I1F0,26,ASSEMBLE|INSPECT,INSPECTOR,1,false,false,0,,false
P1|N6|D|WORK|d100|p0|f80|b50,P1,6,D,WORK,100,0,80,50,35,1275,41,14,10,3,true,false,"",0,false,3,0,true,C1A0T1I1F0,26,ASSEMBLE|INSPECT,INSPECTOR,1,false,false,0,,false
P1|N6|F|UNIFORM|d75|p100|f20|b0,P1,6,F,UNIFORM,75,100,20,0,18,700,41,13,11,1,false,false,"",0,true,1,1,true,C2A0T2I0F2,17,ASSEMBLE+INSPECT,INSPECTOR,1,true,true,3,CUT|ASSEMBLE+INSPECT,false
P1|N6|F|UNIFORM|d75|p100|f20|b10,P1,6,F,UNIFORM,75,100,20,10,18,770,41,13,11,2,true,false,"",2,false,1,1,true,C2A0T2I0F2,17,ASSEMBLE+INSPECT,INSPECTOR,1,true,true,3,CUT|ASSEMBLE+INSPECT,false
P1|N6|F|UNIFORM|d75|p100|f20|b25,P1,6,F,UNIFORM,75,100,20,25,18,875,41,13,11,3,true,false,"",4,false,1,1,true,C2A0T2I0F2,17,ASSEMBLE+INSPECT,INSPECTOR,1,true,true,3,CUT|ASSEMBLE+INSPECT,false
P1|N6|F|UNIFORM|d75|p100|f20|b50,P1,6,F,UNIFORM,75,100,20,50,18,1050,41,13,11,3,true,false,"",4,false,1,1,true,C2A0T2I0F2,17,ASSEMBLE+INSPECT,INSPECTOR,1,true,true,3,CUT|ASSEMBLE+INSPECT,false
P1|N6|F|UNIFORM|d75|p100|f40|b0,P1,6,F,UNIFORM,75,100,40,0,24,400,41,13,11,1,false,false,"",0,true,0,0,true,C1A0T0I0F3,24,ASSEMBLE+INSPECT,ASSEMBLER,2,true,false,2,CUT,false
P1|N6|F|UNIFORM|d75|p100|f40|b10,P1,6,F,UNIFORM,75,100,40,10,24,440,41,13,11,1,false,false,"",0,true,0,0,true,C1A0T0I0F3,24,ASSEMBLE+INSPECT,ASSEMBLER,2,true,false,2,CUT,false
P1|N6|F|UNIFORM|d75|p100|f40|b25,P1,6,F,UNIFORM,75,100,40,25,24,500,41,13,11,3,true,true,"C1A0T0I0F3[400,24,ASSEMBLE+INSPECT] vs C1A0T1I0F2[450,22,ASSEMBLE+INSPECT]",2,false,1,1,true,C1A0T0I0F3,24,ASSEMBLE+INSPECT,ASSEMBLER,2,true,false,2,CUT,false
P1|N6|F|UNIFORM|d75|p100|f40|b50,P1,6,F,UNIFORM,75,100,40,50,24,600,41,13,11,4,true,true,"C1A0T0I0F3[400,24,ASSEMBLE+INSPECT] vs C1A0T1I0F2[450,22,ASSEMBLE+INSPECT]",4,false,1,1,true,C1A0T0I0F3,24,ASSEMBLE+INSPECT,ASSEMBLER,2,true,false,2,CUT,false
P1|N6|F|UNIFORM|d75|p100|f60|b0,P1,6,F,UNIFORM,75,100,60,0,29,350,41,13,11,1,false,false,"",0,true,1,1,true,C1A0T1I0F1,26,ASSEMBLE+INSPECT,INSPECTOR,4,true,true,2,CUT,false
P1|N6|F|UNIFORM|d75|p100|f60|b10,P1,6,F,UNIFORM,75,100,60,10,29,385,41,13,11,1,false,false,"",0,true,1,1,true,C1A0T1I0F1,26,ASSEMBLE+INSPECT,INSPECTOR,4,true,true,2,CUT,false
P1|N6|F|UNIFORM|d75|p100|f60|b25,P1,6,F,UNIFORM,75,100,60,25,29,437,41,13,11,2,true,false,"",2,false,1,1,true,C1A0T1I0F1,26,ASSEMBLE+INSPECT,INSPECTOR,4,true,true,2,CUT,false
P1|N6|F|UNIFORM|d75|p100|f60|b50,P1,6,F,UNIFORM,75,100,60,50,29,525,41,13,11,4,true,true,"C1A0T1I1F0[350,26,ASSEMBLE|INSPECT] vs C1A0T1I0F2[450,22,ASSEMBLE+INSPECT]",4,false,2,2,true,C1A0T1I0F1,26,ASSEMBLE+INSPECT,INSPECTOR,4,true,true,2,CUT,true
P1|N6|F|UNIFORM|d75|p100|f80|b0,P1,6,F,UNIFORM,75,100,80,0,35,300,41,13,11,1,false,false,"",0,true,0,0,true,C1A0T0I0F2,31,ASSEMBLE+INSPECT,FLEX_CELL,7,true,false,3,CUT,false
P1|N6|F|UNIFORM|d75|p100|f80|b10,P1,6,F,UNIFORM,75,100,80,10,35,330,41,13,11,1,false,false,"",0,true,0,0,true,C1A0T0I0F2,31,ASSEMBLE+INSPECT,FLEX_CELL,7,true,false,3,CUT,false
P1|N6|F|UNIFORM|d75|p100|f80|b25,P1,6,F,UNIFORM,75,100,80,25,35,375,41,13,11,2,true,true,"C1A0T0I0F2[300,31,ASSEMBLE+INSPECT] vs C1A0T1I0F1[350,26,ASSEMBLE+INSPECT]",0,false,1,1,true,C1A0T0I0F2,31,ASSEMBLE+INSPECT,FLEX_CELL,7,true,false,3,CUT,false
P1|N6|F|UNIFORM|d75|p100|f80|b50,P1,6,F,UNIFORM,75,100,80,50,35,450,41,13,11,4,true,true,"C1A0T0I0F2[300,31,ASSEMBLE+INSPECT] vs C1A0T1I0F1[350,26,ASSEMBLE+INSPECT]",2,false,2,2,true,C1A0T0I0F2,31,ASSEMBLE+INSPECT,FLEX_CELL,7,true,false,3,CUT,false
P1|N6|F|UNIFORM|d75|p125|f20|b0,P1,6,F,UNIFORM,75,125,20,0,18,700,41,13,13,1,false,false,"",0,true,0,0,true,C2A0T2I2F0,17,ASSEMBLE|INSPECT,ASSEMBLER,0,false,false,0,,false
P1|N6|F|UNIFORM|d75|p125|f20|b10,P1,6,F,UNIFORM,75,125,20,10,18,770,41,13,13,1,false,false,"",0,true,0,0,true,C2A0T2I2F0,17,ASSEMBLE|INSPECT,ASSEMBLER,0,false,false,0,,false
P1|N6|F|UNIFORM|d75|p125|f20|b25,P1,6,F,UNIFORM,75,125,20,25,18,875,41,13,13,2,true,false,"",1,false,0,0,true,C2A0T2I2F0,17,ASSEMBLE|INSPECT,ASSEMBLER,0,false,false,0,,false
P1|N6|F|UNIFORM|d75|p125|f20|b50,P1,6,F,UNIFORM,75,125,20,50,18,1050,41,13,13,3,true,false,"",2,false,0,0,true,C2A0T2I2F0,17,ASSEMBLE|INSPECT,ASSEMBLER,0,false,false,0,,false
P1|N6|F|UNIFORM|d75|p125|f40|b0,P1,6,F,UNIFORM,75,125,40,0,24,475,41,13,13,1,false,false,"",0,true,0,0,true,C1A0T1I1F1,22,ASSEMBLE+INSPECT,ASSEMBLER,1,false,false,1,CUT,false
P1|N6|F|UNIFORM|d75|p125|f40|b10,P1,6,F,UNIFORM,75,125,40,10,24,522,41,13,13,1,false,false,"",0,true,0,0,true,C1A0T1I1F1,22,ASSEMBLE+INSPECT,ASSEMBLER,1,false,false,1,CUT,false
P1|N6|F|UNIFORM|d75|p125|f40|b25,P1,6,F,UNIFORM,75,125,40,25,24,593,41,13,13,3,true,true,"C1A0T1I1F1[475,22,ASSEMBLE+INSPECT] vs C1A1T1I2F0[550,21,CUT|ASSEMBLE]",2,false,1,1,true,C1A0T1I1F1,22,ASSEMBLE+INSPECT,ASSEMBLER,1,false,false,1,CUT,false
P1|N6|F|UNIFORM|d75|p125|f40|b50,P1,6,F,UNIFORM,75,125,40,50,24,712,41,13,13,5,true,true,"C1A0T1I1F1[475,22,ASSEMBLE+INSPECT] vs C1A1T1I2F0[550,21,CUT|ASSEMBLE]",5,false,1,1,true,C1A0T1I1F1,22,ASSEMBLE+INSPECT,ASSEMBLER,1,false,false,1,CUT,false
P1|N6|F|UNIFORM|d75|p125|f60|b0,P1,6,F,UNIFORM,75,125,60,0,29,350,41,13,13,1,false,false,"",0,true,0,0,true,C1A0T1I1F0,26,ASSEMBLE|INSPECT,INSPECTOR,1,false,false,0,,false
P1|N6|F|UNIFORM|d75|p125|f60|b10,P1,6,F,UNIFORM,75,125,60,10,29,385,41,13,13,1,false,false,"",0,true,0,0,true,C1A0T1I1F0,26,ASSEMBLE|INSPECT,INSPECTOR,1,false,false,0,,false
P1|N6|F|UNIFORM|d75|p125|f60|b25,P1,6,F,UNIFORM,75,125,60,25,29,437,41,13,13,1,false,false,"",0,true,0,0,true,C1A0T1I1F0,26,ASSEMBLE|INSPECT,INSPECTOR,1,false,false,0,,false
P1|N6|F|UNIFORM|d75|p125|f60|b50,P1,6,F,UNIFORM,75,125,60,50,29,525,41,13,13,3,true,true,"C1A0T1I2F0[450,25,ASSEMBLE] vs C1A0T1I1F1[475,22,ASSEMBLE+INSPECT]",1,false,1,1,true,C1A0T1I1F0,26,ASSEMBLE|INSPECT,INSPECTOR,1,false,false,0,,false
P1|N6|F|UNIFORM|d75|p125|f80|b0,P1,6,F,UNIFORM,75,125,80,0,35,325,41,13,13,1,false,false,"",0,true,0,0,true,C1A1T0I0F1,32,ASSEMBLE+INSPECT,FLEX_CELL,7,true,true,3,CUT,false
P1|N6|F|UNIFORM|d75|p125|f80|b10,P1,6,F,UNIFORM,75,125,80,10,35,357,41,13,13,2,true,true,"C1A1T0I0F1[325,32,ASSEMBLE+INSPECT] vs C1A0T1I1F0[350,26,ASSEMBLE|INSPECT]",0,false,0,0,true,C1A1T0I0F1,32,ASSEMBLE+INSPECT,FLEX_CELL,7,true,true,3,CUT,true
P1|N6|F|UNIFORM|d75|p125|f80|b25,P1,6,F,UNIFORM,75,125,80,25,35,406,41,13,13,2,true,true,"C1A1T0I0F1[325,32,ASSEMBLE+INSPECT] vs C1A0T1I1F0[350,26,ASSEMBLE|INSPECT]",0,false,0,0,true,C1A1T0I0F1,32,ASSEMBLE+INSPECT,FLEX_CELL,7,true,true,3,CUT,true
P1|N6|F|UNIFORM|d75|p125|f80|b50,P1,6,F,UNIFORM,75,125,80,50,35,487,41,13,13,4,true,true,"C1A1T0I0F1[325,32,ASSEMBLE+INSPECT] vs C1A0T1I1F0[350,26,ASSEMBLE|INSPECT]",1,false,1,1,true,C1A1T0I0F1,32,ASSEMBLE+INSPECT,FLEX_CELL,7,true,true,3,CUT,true
P1|N6|F|UNIFORM|d75|p150|f20|b0,P1,6,F,UNIFORM,75,150,20,0,18,700,41,13,12,1,false,false,"",0,true,0,0,true,C2A0T2I2F0,17,ASSEMBLE|INSPECT,ASSEMBLER,0,false,false,0,,false
P1|N6|F|UNIFORM|d75|p150|f20|b10,P1,6,F,UNIFORM,75,150,20,10,18,770,41,13,12,1,false,false,"",0,true,0,0,true,C2A0T2I2F0,17,ASSEMBLE|INSPECT,ASSEMBLER,0,false,false,0,,false
P1|N6|F|UNIFORM|d75|p150|f20|b25,P1,6,F,UNIFORM,75,150,20,25,18,875,41,13,12,1,false,false,"",0,true,0,0,true,C2A0T2I2F0,17,ASSEMBLE|INSPECT,ASSEMBLER,0,false,false,0,,false
P1|N6|F|UNIFORM|d75|p150|f20|b50,P1,6,F,UNIFORM,75,150,20,50,18,1050,41,13,12,3,true,true,"C2A0T2I2F0[700,17,ASSEMBLE|INSPECT] vs C2A0T2I1F2[900,16,ASSEMBLE+INSPECT]",3,false,2,2,true,C2A0T2I2F0,17,ASSEMBLE|INSPECT,ASSEMBLER,0,false,false,0,,false
P1|N6|F|UNIFORM|d75|p150|f40|b0,P1,6,F,UNIFORM,75,150,40,0,24,500,41,13,12,1,false,false,"",0,true,0,0,true,C1A0T1I1F1,22,ASSEMBLE+INSPECT,ASSEMBLER,1,false,false,1,CUT,false
P1|N6|F|UNIFORM|d75|p150|f40|b10,P1,6,F,UNIFORM,75,150,40,10,24,550,41,13,12,2,true,true,"C1A0T1I1F1[500,22,ASSEMBLE+INSPECT] vs C1A1T1I2F0[550,21,CUT|ASSEMBLE]",0,false,0,0,true,C1A0T1I1F1,22,ASSEMBLE+INSPECT,ASSEMBLER,1,false,false,1,CUT,false
P1|N6|F|UNIFORM|d75|p150|f40|b25,P1,6,F,UNIFORM,75,150,40,25,24,625,41,13,12,3,true,true,"C1A0T1I1F1[500,22,ASSEMBLE+INSPECT] vs C1A1T1I2F0[550,21,CUT|ASSEMBLE]",0,false,0,0,true,C1A0T1I1F1,22,ASSEMBLE+INSPECT,ASSEMBLER,1,false,false,1,CUT,false
P1|N6|F|UNIFORM|d75|p150|f40|b50,P1,6,F,UNIFORM,75,150,40,50,24,750,41,13,12,5,true,true,"C1A0T1I1F1[500,22,ASSEMBLE+INSPECT] vs C1A1T1I2F0[550,21,CUT|ASSEMBLE]",2,false,0,0,true,C1A0T1I1F1,22,ASSEMBLE+INSPECT,ASSEMBLER,1,false,false,1,CUT,false
P1|N6|F|UNIFORM|d75|p150|f60|b0,P1,6,F,UNIFORM,75,150,60,0,29,350,41,13,12,1,false,false,"",0,true,0,0,true,C1A0T1I1F0,26,ASSEMBLE|INSPECT,INSPECTOR,1,false,false,0,,false
P1|N6|F|UNIFORM|d75|p150|f60|b10,P1,6,F,UNIFORM,75,150,60,10,29,385,41,13,12,1,false,false,"",0,true,0,0,true,C1A0T1I1F0,26,ASSEMBLE|INSPECT,INSPECTOR,1,false,false,0,,false
P1|N6|F|UNIFORM|d75|p150|f60|b25,P1,6,F,UNIFORM,75,150,60,25,29,437,41,13,12,1,false,false,"",0,true,0,0,true,C1A0T1I1F0,26,ASSEMBLE|INSPECT,INSPECTOR,1,false,false,0,,false
P1|N6|F|UNIFORM|d75|p150|f60|b50,P1,6,F,UNIFORM,75,150,60,50,29,525,41,13,12,3,true,true,"C1A0T1I2F0[450,25,ASSEMBLE] vs C1A0T1I1F1[500,22,ASSEMBLE+INSPECT]",0,false,0,0,true,C1A0T1I1F0,26,ASSEMBLE|INSPECT,INSPECTOR,1,false,false,0,,false
P1|N6|F|UNIFORM|d75|p150|f80|b0,P1,6,F,UNIFORM,75,150,80,0,35,350,41,13,12,1,false,false,"",0,true,0,0,true,C1A0T1I1F0,26,ASSEMBLE|INSPECT,INSPECTOR,1,false,false,0,,false
P1|N6|F|UNIFORM|d75|p150|f80|b10,P1,6,F,UNIFORM,75,150,80,10,35,385,41,13,12,1,false,false,"",0,true,0,0,true,C1A0T1I1F0,26,ASSEMBLE|INSPECT,INSPECTOR,1,false,false,0,,false
P1|N6|F|UNIFORM|d75|p150|f80|b25,P1,6,F,UNIFORM,75,150,80,25,35,437,41,13,12,1,false,false,"",0,true,0,0,true,C1A0T1I1F0,26,ASSEMBLE|INSPECT,INSPECTOR,1,false,false,0,,false
P1|N6|F|UNIFORM|d75|p150|f80|b50,P1,6,F,UNIFORM,75,150,80,50,35,525,41,13,12,3,true,true,"C1A0T1I2F0[450,25,ASSEMBLE] vs C1A0T1I1F1[500,22,ASSEMBLE+INSPECT]",0,false,0,0,true,C1A0T1I1F0,26,ASSEMBLE|INSPECT,INSPECTOR,1,false,false,0,,false
P1|N6|F|UNIFORM|d75|p200|f20|b0,P1,6,F,UNIFORM,75,200,20,0,18,700,41,13,9,1,false,false,"",0,true,0,0,true,C2A0T2I2F0,17,ASSEMBLE|INSPECT,ASSEMBLER,0,false,false,0,,false
P1|N6|F|UNIFORM|d75|p200|f20|b10,P1,6,F,UNIFORM,75,200,20,10,18,770,41,13,9,1,false,false,"",0,true,0,0,true,C2A0T2I2F0,17,ASSEMBLE|INSPECT,ASSEMBLER,0,false,false,0,,false
P1|N6|F|UNIFORM|d75|p200|f20|b25,P1,6,F,UNIFORM,75,200,20,25,18,875,41,13,9,1,false,false,"",0,true,0,0,true,C2A0T2I2F0,17,ASSEMBLE|INSPECT,ASSEMBLER,0,false,false,0,,false
P1|N6|F|UNIFORM|d75|p200|f20|b50,P1,6,F,UNIFORM,75,200,20,50,18,1050,41,13,9,3,true,false,"",0,true,0,0,true,C2A0T2I2F0,17,ASSEMBLE|INSPECT,ASSEMBLER,0,false,false,0,,false
P1|N6|F|UNIFORM|d75|p200|f40|b0,P1,6,F,UNIFORM,75,200,40,0,24,550,41,13,9,1,false,false,"",0,true,0,0,true,C1A1T1I2F0,21,CUT|ASSEMBLE,CUTTER,1,false,false,0,,false
P1|N6|F|UNIFORM|d75|p200|f40|b10,P1,6,F,UNIFORM,75,200,40,10,24,605,41,13,9,1,false,false,"",0,true,0,0,true,C1A1T1I2F0,21,CUT|ASSEMBLE,CUTTER,1,false,false,0,,false
P1|N6|F|UNIFORM|d75|p200|f40|b25,P1,6,F,UNIFORM,75,200,40,25,24,687,41,13,9,2,true,true,"C1A1T1I2F0[550,21,CUT|ASSEMBLE] vs C2A0T1I1F1[650,20,ASSEMBLE+INSPECT]",0,false,1,1,true,C1A1T1I2F0,21,CUT|ASSEMBLE,CUTTER,1,false,false,0,,false
P1|N6|F|UNIFORM|d75|p200|f40|b50,P1,6,F,UNIFORM,75,200,40,50,24,825,41,13,9,3,true,true,"C1A1T1I2F0[550,21,CUT|ASSEMBLE] vs C2A0T1I1F1[650,20,ASSEMBLE+INSPECT]",0,false,1,1,true,C1A1T1I2F0,21,CUT|ASSEMBLE,CUTTER,1,false,false,0,,false
P1|N6|F|UNIFORM|d75|p200|f60|b0,P1,6,F,UNIFORM,75,200,60,0,29,350,41,13,9,1,false,false,"",0,true,0,0,true,C1A0T1I1F0,26,ASSEMBLE|INSPECT,INSPECTOR,1,false,false,0,,false
P1|N6|F|UNIFORM|d75|p200|f60|b10,P1,6,F,UNIFORM,75,200,60,10,29,385,41,13,9,1,false,false,"",0,true,0,0,true,C1A0T1I1F0,26,ASSEMBLE|INSPECT,INSPECTOR,1,false,false,0,,false
P1|N6|F|UNIFORM|d75|p200|f60|b25,P1,6,F,UNIFORM,75,200,60,25,29,437,41,13,9,1,false,false,"",0,true,0,0,true,C1A0T1I1F0,26,ASSEMBLE|INSPECT,INSPECTOR,1,false,false,0,,false
P1|N6|F|UNIFORM|d75|p200|f60|b50,P1,6,F,UNIFORM,75,200,60,50,29,525,41,13,9,2,true,false,"",0,true,0,0,true,C1A0T1I1F0,26,ASSEMBLE|INSPECT,INSPECTOR,1,false,false,0,,false
P1|N6|F|UNIFORM|d75|p200|f80|b0,P1,6,F,UNIFORM,75,200,80,0,35,350,41,13,9,1,false,false,"",0,true,0,0,true,C1A0T1I1F0,26,ASSEMBLE|INSPECT,INSPECTOR,1,false,false,0,,false
P1|N6|F|UNIFORM|d75|p200|f80|b10,P1,6,F,UNIFORM,75,200,80,10,35,385,41,13,9,1,false,false,"",0,true,0,0,true,C1A0T1I1F0,26,ASSEMBLE|INSPECT,INSPECTOR,1,false,false,0,,false
P1|N6|F|UNIFORM|d75|p200|f80|b25,P1,6,F,UNIFORM,75,200,80,25,35,437,41,13,9,1,false,false,"",0,true,0,0,true,C1A0T1I1F0,26,ASSEMBLE|INSPECT,INSPECTOR,1,false,false,0,,false
P1|N6|F|UNIFORM|d75|p200|f80|b50,P1,6,F,UNIFORM,75,200,80,50,35,525,41,13,9,2,true,false,"",0,true,0,0,true,C1A0T1I1F0,26,ASSEMBLE|INSPECT,INSPECTOR,1,false,false,0,,false
P1|N6|F|UNIFORM|d90|p100|f20|b0,P1,6,F,UNIFORM,90,100,20,0,18,760,41,13,11,1,false,false,"",0,true,1,1,true,C2A0T2I0F2,17,ASSEMBLE+INSPECT,INSPECTOR,1,true,true,3,CUT|ASSEMBLE+INSPECT,false
P1|N6|F|UNIFORM|d90|p100|f20|b10,P1,6,F,UNIFORM,90,100,20,10,18,836,41,13,11,2,true,false,"",2,false,1,1,true,C2A0T2I0F2,17,ASSEMBLE+INSPECT,INSPECTOR,1,true,true,3,CUT|ASSEMBLE+INSPECT,false
P1|N6|F|UNIFORM|d90|p100|f20|b25,P1,6,F,UNIFORM,90,100,20,25,18,950,41,13,11,3,true,false,"",4,false,1,1,true,C2A0T2I0F2,17,ASSEMBLE+INSPECT,INSPECTOR,1,true,true,3,CUT|ASSEMBLE+INSPECT,false
P1|N6|F|UNIFORM|d90|p100|f20|b50,P1,6,F,UNIFORM,90,100,20,50,18,1140,41,13,11,3,true,false,"",4,false,1,1,true,C2A0T2I0F2,17,ASSEMBLE+INSPECT,INSPECTOR,1,true,true,3,CUT|ASSEMBLE+INSPECT,false
P1|N6|F|UNIFORM|d90|p100|f40|b0,P1,6,F,UNIFORM,90,100,40,0,24,400,41,13,11,1,false,false,"",0,true,0,0,true,C1A0T0I0F3,24,ASSEMBLE+INSPECT,ASSEMBLER,2,true,false,2,CUT,false
P1|N6|F|UNIFORM|d90|p100|f40|b10,P1,6,F,UNIFORM,90,100,40,10,24,440,41,13,11,1,false,false,"",0,true,0,0,true,C1A0T0I0F3,24,ASSEMBLE+INSPECT,ASSEMBLER,2,true,false,2,CUT,false
P1|N6|F|UNIFORM|d90|p100|f40|b25,P1,6,F,UNIFORM,90,100,40,25,24,500,41,13,11,3,true,true,"C1A0T0I0F3[400,24,ASSEMBLE+INSPECT] vs C1A0T1I0F2[480,22,ASSEMBLE+INSPECT]",2,false,1,1,true,C1A0T0I0F3,24,ASSEMBLE+INSPECT,ASSEMBLER,2,true,false,2,CUT,false
P1|N6|F|UNIFORM|d90|p100|f40|b50,P1,6,F,UNIFORM,90,100,40,50,24,600,41,13,11,4,true,true,"C1A0T0I0F3[400,24,ASSEMBLE+INSPECT] vs C1A0T1I0F2[480,22,ASSEMBLE+INSPECT]",4,false,1,1,true,C1A0T0I0F3,24,ASSEMBLE+INSPECT,ASSEMBLER,2,true,false,2,CUT,false
P1|N6|F|UNIFORM|d90|p100|f60|b0,P1,6,F,UNIFORM,90,100,60,0,29,380,41,13,11,1,false,false,"",0,true,1,1,true,C1A0T1I0F1,26,ASSEMBLE+INSPECT,INSPECTOR,4,true,true,2,CUT,false
P1|N6|F|UNIFORM|d90|p100|f60|b10,P1,6,F,UNIFORM,90,100,60,10,29,418,41,13,11,2,true,false,"",2,false,1,1,true,C1A0T1I0F1,26,ASSEMBLE+INSPECT,INSPECTOR,4,true,true,2,CUT,false
P1|N6|F|UNIFORM|d90|p100|f60|b25,P1,6,F,UNIFORM,90,100,60,25,29,475,41,13,11,2,true,false,"",2,false,1,1,true,C1A0T1I0F1,26,ASSEMBLE+INSPECT,INSPECTOR,4,true,true,2,CUT,false
P1|N6|F|UNIFORM|d90|p100|f60|b50,P1,6,F,UNIFORM,90,100,60,50,29,570,41,13,11,4,true,true,"C1A0T1I1F0[380,26,ASSEMBLE|INSPECT] vs C1A0T1I0F2[480,22,ASSEMBLE+INSPECT]",4,false,2,2,true,C1A0T1I0F1,26,ASSEMBLE+INSPECT,INSPECTOR,4,true,true,2,CUT,true
P1|N6|F|UNIFORM|d90|p100|f80|b0,P1,6,F,UNIFORM,90,100,80,0,35,300,41,13,11,1,false,false,"",0,true,0,0,true,C1A0T0I0F2,31,ASSEMBLE+INSPECT,FLEX_CELL,7,true,false,3,CUT,false
P1|N6|F|UNIFORM|d90|p100|f80|b10,P1,6,F,UNIFORM,90,100,80,10,35,330,41,13,11,1,false,false,"",0,true,0,0,true,C1A0T0I0F2,31,ASSEMBLE+INSPECT,FLEX_CELL,7,true,false,3,CUT,false
P1|N6|F|UNIFORM|d90|p100|f80|b25,P1,6,F,UNIFORM,90,100,80,25,35,375,41,13,11,1,false,false,"",0,true,0,0,true,C1A0T0I0F2,31,ASSEMBLE+INSPECT,FLEX_CELL,7,true,false,3,CUT,false
P1|N6|F|UNIFORM|d90|p100|f80|b50,P1,6,F,UNIFORM,90,100,80,50,35,450,41,13,11,3,true,true,"C1A0T0I0F2[300,31,ASSEMBLE+INSPECT] vs C1A0T1I0F1[380,26,ASSEMBLE+INSPECT]",2,false,1,1,true,C1A0T0I0F2,31,ASSEMBLE+INSPECT,FLEX_CELL,7,true,false,3,CUT,false
P1|N6|F|UNIFORM|d90|p125|f20|b0,P1,6,F,UNIFORM,90,125,20,0,18,760,41,13,15,1,false,false,"",0,true,0,0,true,C2A0T2I2F0,17,ASSEMBLE|INSPECT,ASSEMBLER,0,false,false,0,,false
P1|N6|F|UNIFORM|d90|p125|f20|b10,P1,6,F,UNIFORM,90,125,20,10,18,836,41,13,15,1,false,false,"",0,true,0,0,true,C2A0T2I2F0,17,ASSEMBLE|INSPECT,ASSEMBLER,0,false,false,0,,false
P1|N6|F|UNIFORM|d90|p125|f20|b25,P1,6,F,UNIFORM,90,125,20,25,18,950,41,13,15,2,true,false,"",1,false,0,0,true,C2A0T2I2F0,17,ASSEMBLE|INSPECT,ASSEMBLER,0,false,false,0,,false
P1|N6|F|UNIFORM|d90|p125|f20|b50,P1,6,F,UNIFORM,90,125,20,50,18,1140,41,13,15,3,true,false,"",2,false,0,0,true,C2A0T2I2F0,17,ASSEMBLE|INSPECT,ASSEMBLER,0,false,false,0,,false
P1|N6|F|UNIFORM|d90|p125|f40|b0,P1,6,F,UNIFORM,90,125,40,0,24,475,41,13,15,1,false,false,"",0,true,0,0,true,C1A0T0I0F3,24,ASSEMBLE+INSPECT,ASSEMBLER,2,true,false,2,CUT,false
P1|N6|F|UNIFORM|d90|p125|f40|b10,P1,6,F,UNIFORM,90,125,40,10,24,522,41,13,15,2,true,true,"C1A0T0I0F3[475,24,ASSEMBLE+INSPECT] vs C1A0T1I1F1[505,22,ASSEMBLE+INSPECT]",0,false,0,0,true,C1A0T0I0F3,24,ASSEMBLE+INSPECT,ASSEMBLER,2,true,false,2,CUT,false
P1|N6|F|UNIFORM|d90|p125|f40|b25,P1,6,F,UNIFORM,90,125,40,25,24,593,41,13,15,3,true,true,"C1A0T0I0F3[475,24,ASSEMBLE+INSPECT] vs C1A0T1I1F1[505,22,ASSEMBLE+INSPECT]",1,false,0,0,true,C1A0T0I0F3,24,ASSEMBLE+INSPECT,ASSEMBLER,2,true,false,2,CUT,false
P1|N6|F|UNIFORM|d90|p125|f40|b50,P1,6,F,UNIFORM,90,125,40,50,24,712,41,13,15,5,true,true,"C1A0T0I0F3[475,24,ASSEMBLE+INSPECT] vs C1A0T1I1F1[505,22,ASSEMBLE+INSPECT]",5,false,0,0,true,C1A0T0I0F3,24,ASSEMBLE+INSPECT,ASSEMBLER,2,true,false,2,CUT,false
P1|N6|F|UNIFORM|d90|p125|f60|b0,P1,6,F,UNIFORM,90,125,60,0,29,380,41,13,15,1,false,false,"",0,true,0,0,true,C1A0T1I1F0,26,ASSEMBLE|INSPECT,INSPECTOR,1,false,false,0,,false
P1|N6|F|UNIFORM|d90|p125|f60|b10,P1,6,F,UNIFORM,90,125,60,10,29,418,41,13,15,1,false,false,"",0,true,0,0,true,C1A0T1I1F0,26,ASSEMBLE|INSPECT,INSPECTOR,1,false,false,0,,false
P1|N6|F|UNIFORM|d90|p125|f60|b25,P1,6,F,UNIFORM,90,125,60,25,29,475,41,13,15,3,true,false,"",3,false,0,0,true,C1A0T1I1F0,26,ASSEMBLE|INSPECT,INSPECTOR,1,false,false,0,,false
P1|N6|F|UNIFORM|d90|p125|f60|b50,P1,6,F,UNIFORM,90,125,60,50,29,570,41,13,15,5,true,true,"C1A0T1I1F0[380,26,ASSEMBLE|INSPECT] vs C1A1T0I1F2[550,21,ASSEMBLE+INSPECT]",4,false,0,0,true,C1A0T1I1F0,26,ASSEMBLE|INSPECT,INSPECTOR,1,false,false,0,,false
P1|N6|F|UNIFORM|d90|p125|f80|b0,P1,6,F,UNIFORM,90,125,80,0,35,325,41,13,15,1,false,false,"",0,true,0,0,true,C1A1T0I0F1,32,ASSEMBLE+INSPECT,FLEX_CELL,7,true,true,3,CUT,false
P1|N6|F|UNIFORM|d90|p125|f80|b10,P1,6,F,UNIFORM,90,125,80,10,35,357,41,13,15,2,true,false,"",1,false,0,0,true,C1A1T0I0F1,32,ASSEMBLE+INSPECT,FLEX_CELL,7,true,true,3,CUT,false
P1|N6|F|UNIFORM|d90|p125|f80|b25,P1,6,F,UNIFORM,90,125,80,25,35,406,41,13,15,3,true,true,"C1A1T0I0F1[325,32,ASSEMBLE+INSPECT] vs C1A0T1I1F0[380,26,ASSEMBLE|INSPECT]",1,false,0,0,true,C1A1T0I0F1,32,ASSEMBLE+INSPECT,FLEX_CELL,7,true,true,3,CUT,true
P1|N6|F|UNIFORM|d90|p125|f80|b50,P1,6,F,UNIFORM,90,125,80,50,35,487,41,13,15,5,true,true,"C1A1T0I0F1[325,32,ASSEMBLE+INSPECT] vs C1A0T1I1F0[380,26,ASSEMBLE|INSPECT]",4,false,0,0,true,C1A1T0I0F1,32,ASSEMBLE+INSPECT,FLEX_CELL,7,true,true,3,CUT,true
P1|N6|F|UNIFORM|d90|p150|f20|b0,P1,6,F,UNIFORM,90,150,20,0,18,760,41,13,13,1,false,false,"",0,true,0,0,true,C2A0T2I2F0,17,ASSEMBLE|INSPECT,ASSEMBLER,0,false,false,0,,false
P1|N6|F|UNIFORM|d90|p150|f20|b10,P1,6,F,UNIFORM,90,150,20,10,18,836,41,13,13,1,false,false,"",0,true,0,0,true,C2A0T2I2F0,17,ASSEMBLE|INSPECT,ASSEMBLER,0,false,false,0,,false
P1|N6|F|UNIFORM|d90|p150|f20|b25,P1,6,F,UNIFORM,90,150,20,25,18,950,41,13,13,2,true,false,"",1,false,0,0,true,C2A0T2I2F0,17,ASSEMBLE|INSPECT,ASSEMBLER,0,false,false,0,,false
P1|N6|F|UNIFORM|d90|p150|f20|b50,P1,6,F,UNIFORM,90,150,20,50,18,1140,41,13,13,3,true,false,"",2,false,0,0,true,C2A0T2I2F0,17,ASSEMBLE|INSPECT,ASSEMBLER,0,false,false,0,,false
P1|N6|F|UNIFORM|d90|p150|f40|b0,P1,6,F,UNIFORM,90,150,40,0,24,530,41,13,13,1,false,false,"",0,true,0,0,true,C1A0T1I1F1,22,ASSEMBLE+INSPECT,ASSEMBLER,1,false,false,1,CUT,false
P1|N6|F|UNIFORM|d90|p150|f40|b10,P1,6,F,UNIFORM,90,150,40,10,24,583,41,13,13,2,true,true,"C1A0T1I1F1[530,22,ASSEMBLE+INSPECT] vs C1A1T1I2F0[580,21,CUT|ASSEMBLE]",0,false,0,0,true,C1A0T1I1F1,22,ASSEMBLE+INSPECT,ASSEMBLER,1,false,false,1,CUT,false
P1|N6|F|UNIFORM|d90|p150|f40|b25,P1,6,F,UNIFORM,90,150,40,25,24,662,41,13,13,3,true,true,"C1A0T1I1F1[530,22,ASSEMBLE+INSPECT] vs C1A1T1I2F0[580,21,CUT|ASSEMBLE]",0,false,0,0,true,C1A0T1I1F1,22,ASSEMBLE+INSPECT,ASSEMBLER,1,false,false,1,CUT,false
P1|N6|F|UNIFORM|d90|p150|f40|b50,P1,6,F,UNIFORM,90,150,40,50,24,795,41,13,13,5,true,true,"C1A0T1I1F1[530,22,ASSEMBLE+INSPECT] vs C1A1T1I2F0[580,21,CUT|ASSEMBLE]",2,false,0,0,true,C1A0T1I1F1,22,ASSEMBLE+INSPECT,ASSEMBLER,1,false,false,1,CUT,false
P1|N6|F|UNIFORM|d90|p150|f60|b0,P1,6,F,UNIFORM,90,150,60,0,29,380,41,13,13,1,false,false,"",0,true,0,0,true,C1A0T1I1F0,26,ASSEMBLE|INSPECT,INSPECTOR,1,false,false,0,,false
P1|N6|F|UNIFORM|d90|p150|f60|b10,P1,6,F,UNIFORM,90,150,60,10,29,418,41,13,13,1,false,false,"",0,true,0,0,true,C1A0T1I1F0,26,ASSEMBLE|INSPECT,INSPECTOR,1,false,false,0,,false
P1|N6|F|UNIFORM|d90|p150|f60|b25,P1,6,F,UNIFORM,90,150,60,25,29,475,41,13,13,1,false,false,"",0,true,0,0,true,C1A0T1I1F0,26,ASSEMBLE|INSPECT,INSPECTOR,1,false,false,0,,false
P1|N6|F|UNIFORM|d90|p150|f60|b50,P1,6,F,UNIFORM,90,150,60,50,29,570,41,13,13,3,true,true,"C1A0T1I2F0[480,25,ASSEMBLE] vs C1A0T1I1F1[530,22,ASSEMBLE+INSPECT]",0,false,0,0,true,C1A0T1I1F0,26,ASSEMBLE|INSPECT,INSPECTOR,1,false,false,0,,false
P1|N6|F|UNIFORM|d90|p150|f80|b0,P1,6,F,UNIFORM,90,150,80,0,35,350,41,13,13,1,false,false,"",0,true,0,0,true,C1A1T0I0F1,32,ASSEMBLE+INSPECT,FLEX_CELL,7,true,true,3,CUT,false
P1|N6|F|UNIFORM|d90|p150|f80|b10,P1,6,F,UNIFORM,90,150,80,10,35,385,41,13,13,2,true,true,"C1A1T0I0F1[350,32,ASSEMBLE+INSPECT] vs C1A0T1I1F0[380,26,ASSEMBLE|INSPECT]",0,false,0,0,true,C1A1T0I0F1,32,ASSEMBLE+INSPECT,FLEX_CELL,7,true,true,3,CUT,true
P1|N6|F|UNIFORM|d90|p150|f80|b25,P1,6,F,UNIFORM,90,150,80,25,35,437,41,13,13,2,true,true,"C1A1T0I0F1[350,32,ASSEMBLE+INSPECT] vs C1A0T1I1F0[380,26,ASSEMBLE|INSPECT]",0,false,0,0,true,C1A1T0I0F1,32,ASSEMBLE+INSPECT,FLEX_CELL,7,true,true,3,CUT,true
P1|N6|F|UNIFORM|d90|p150|f80|b50,P1,6,F,UNIFORM,90,150,80,50,35,525,41,13,13,3,true,true,"C1A1T0I0F1[350,32,ASSEMBLE+INSPECT] vs C1A0T1I1F0[380,26,ASSEMBLE|INSPECT]",0,false,0,0,true,C1A1T0I0F1,32,ASSEMBLE+INSPECT,FLEX_CELL,7,true,true,3,CUT,true
P1|N6|F|UNIFORM|d90|p200|f20|b0,P1,6,F,UNIFORM,90,200,20,0,18,760,41,13,9,1,false,false,"",0,true,0,0,true,C2A0T2I2F0,17,ASSEMBLE|INSPECT,ASSEMBLER,0,false,false,0,,false
P1|N6|F|UNIFORM|d90|p200|f20|b10,P1,6,F,UNIFORM,90,200,20,10,18,836,41,13,9,1,false,false,"",0,true,0,0,true,C2A0T2I2F0,17,ASSEMBLE|INSPECT,ASSEMBLER,0,false,false,0,,false
P1|N6|F|UNIFORM|d90|p200|f20|b25,P1,6,F,UNIFORM,90,200,20,25,18,950,41,13,9,1,false,false,"",0,true,0,0,true,C2A0T2I2F0,17,ASSEMBLE|INSPECT,ASSEMBLER,0,false,false,0,,false
P1|N6|F|UNIFORM|d90|p200|f20|b50,P1,6,F,UNIFORM,90,200,20,50,18,1140,41,13,9,3,true,false,"",0,true,0,0,true,C2A0T2I2F0,17,ASSEMBLE|INSPECT,ASSEMBLER,0,false,false,0,,false
P1|N6|F|UNIFORM|d90|p200|f40|b0,P1,6,F,UNIFORM,90,200,40,0,24,580,41,13,9,1,false,false,"",0,true,0,0,true,C1A1T1I2F0,21,CUT|ASSEMBLE,CUTTER,1,false,false,0,,false
P1|N6|F|UNIFORM|d90|p200|f40|b10,P1,6,F,UNIFORM,90,200,40,10,24,638,41,13,9,1,false,false,"",0,true,0,0,true,C1A1T1I2F0,21,CUT|ASSEMBLE,CUTTER,1,false,false,0,,false
P1|N6|F|UNIFORM|d90|p200|f40|b25,P1,6,F,UNIFORM,90,200,40,25,24,725,41,13,9,2,true,true,"C1A1T1I2F0[580,21,CUT|ASSEMBLE] vs C2A0T1I1F1[680,20,ASSEMBLE+INSPECT]",0,false,1,1,true,C1A1T1I2F0,21,CUT|ASSEMBLE,CUTTER,1,false,false,0,,false
P1|N6|F|UNIFORM|d90|p200|f40|b50,P1,6,F,UNIFORM,90,200,40,50,24,870,41,13,9,3,true,true,"C1A1T1I2F0[580,21,CUT|ASSEMBLE] vs C2A0T1I1F1[680,20,ASSEMBLE+INSPECT]",0,false,1,1,true,C1A1T1I2F0,21,CUT|ASSEMBLE,CUTTER,1,false,false,0,,false
P1|N6|F|UNIFORM|d90|p200|f60|b0,P1,6,F,UNIFORM,90,200,60,0,29,380,41,13,9,1,false,false,"",0,true,0,0,true,C1A0T1I1F0,26,ASSEMBLE|INSPECT,INSPECTOR,1,false,false,0,,false
P1|N6|F|UNIFORM|d90|p200|f60|b10,P1,6,F,UNIFORM,90,200,60,10,29,418,41,13,9,1,false,false,"",0,true,0,0,true,C1A0T1I1F0,26,ASSEMBLE|INSPECT,INSPECTOR,1,false,false,0,,false
P1|N6|F|UNIFORM|d90|p200|f60|b25,P1,6,F,UNIFORM,90,200,60,25,29,475,41,13,9,1,false,false,"",0,true,0,0,true,C1A0T1I1F0,26,ASSEMBLE|INSPECT,INSPECTOR,1,false,false,0,,false
P1|N6|F|UNIFORM|d90|p200|f60|b50,P1,6,F,UNIFORM,90,200,60,50,29,570,41,13,9,2,true,false,"",0,true,0,0,true,C1A0T1I1F0,26,ASSEMBLE|INSPECT,INSPECTOR,1,false,false,0,,false
P1|N6|F|UNIFORM|d90|p200|f80|b0,P1,6,F,UNIFORM,90,200,80,0,35,380,41,13,9,1,false,false,"",0,true,0,0,true,C1A0T1I1F0,26,ASSEMBLE|INSPECT,INSPECTOR,1,false,false,0,,false
P1|N6|F|UNIFORM|d90|p200|f80|b10,P1,6,F,UNIFORM,90,200,80,10,35,418,41,13,9,1,false,false,"",0,true,0,0,true,C1A0T1I1F0,26,ASSEMBLE|INSPECT,INSPECTOR,1,false,false,0,,false
P1|N6|F|UNIFORM|d90|p200|f80|b25,P1,6,F,UNIFORM,90,200,80,25,35,475,41,13,9,1,false,false,"",0,true,0,0,true,C1A0T1I1F0,26,ASSEMBLE|INSPECT,INSPECTOR,1,false,false,0,,false
P1|N6|F|UNIFORM|d90|p200|f80|b50,P1,6,F,UNIFORM,90,200,80,50,35,570,41,13,9,2,true,false,"",0,true,0,0,true,C1A0T1I1F0,26,ASSEMBLE|INSPECT,INSPECTOR,1,false,false,0,,false
P1|N6|F|UNIFORM|d100|p100|f20|b0,P1,6,F,UNIFORM,100,100,20,0,18,800,41,13,8,1,false,false,"",0,true,1,0,true,C2A1T1I0F3,16,ASSEMBLE+INSPECT,INSPECTOR,1,true,false,3,CUT|ASSEMBLE+INSPECT,false
P1|N6|F|UNIFORM|d100|p100|f20|b10,P1,6,F,UNIFORM,100,100,20,10,18,880,41,13,8,1,false,false,"",0,true,1,0,true,C2A1T1I0F3,16,ASSEMBLE+INSPECT,INSPECTOR,1,true,false,3,CUT|ASSEMBLE+INSPECT,false
P1|N6|F|UNIFORM|d100|p100|f20|b25,P1,6,F,UNIFORM,100,100,20,25,18,1000,41,13,8,2,true,false,"",0,false,2,0,true,C2A1T1I0F3,16,ASSEMBLE+INSPECT,INSPECTOR,1,true,false,3,CUT|ASSEMBLE+INSPECT,false
P1|N6|F|UNIFORM|d100|p100|f20|b50,P1,6,F,UNIFORM,100,100,20,50,18,1200,41,13,8,3,true,false,"",0,false,3,0,false,C2A1T1I0F3,16,ASSEMBLE+INSPECT,INSPECTOR,1,true,false,3,CUT|ASSEMBLE+INSPECT,false
P1|N6|F|UNIFORM|d100|p100|f40|b0,P1,6,F,UNIFORM,100,100,40,0,24,400,41,13,8,1,false,false,"",0,true,0,0,true,C1A0T0I0F3,24,ASSEMBLE+INSPECT,ASSEMBLER,2,true,false,2,CUT,false
P1|N6|F|UNIFORM|d100|p100|f40|b10,P1,6,F,UNIFORM,100,100,40,10,24,440,41,13,8,1,false,false,"",0,true,0,0,true,C1A0T0I0F3,24,ASSEMBLE+INSPECT,ASSEMBLER,2,true,false,2,CUT,false
P1|N6|F|UNIFORM|d100|p100|f40|b25,P1,6,F,UNIFORM,100,100,40,25,24,500,41,13,8,2,true,true,"C1A0T0I0F3[400,24,ASSEMBLE+INSPECT] vs C1A1T0I1F2[500,21,ASSEMBLE+INSPECT]",0,false,0,0,true,C1A0T0I0F3,24,ASSEMBLE+INSPECT,ASSEMBLER,2,true,false,2,CUT,false
P1|N6|F|UNIFORM|d100|p100|f40|b50,P1,6,F,UNIFORM,100,100,40,50,24,600,41,13,8,3,true,true,"C1A0T0I0F3[400,24,ASSEMBLE+INSPECT] vs C1A1T0I1F2[500,21,ASSEMBLE+INSPECT]",2,false,1,0,true,C1A0T0I0F3,24,ASSEMBLE+INSPECT,ASSEMBLER,2,true,false,2,CUT,false
P1|N6|F|UNIFORM|d100|p100|f60|b0,P1,6,F,UNIFORM,100,100,60,0,29,400,41,13,8,1,false,false,"",0,true,0,0,true,C1A0T0I0F3,24,ASSEMBLE+INSPECT,ASSEMBLER,2,true,false,2,CUT,false
P1|N6|F|UNIFORM|d100|p100|f60|b10,P1,6,F,UNIFORM,100,100,60,10,29,440,41,13,8,1,false,false,"",0,true,0,0,true,C1A0T0I0F3,24,ASSEMBLE+INSPECT,ASSEMBLER,2,true,false,2,CUT,false
P1|N6|F|UNIFORM|d100|p100|f60|b25,P1,6,F,UNIFORM,100,100,60,25,29,500,41,13,8,2,true,true,"C1A0T0I0F3[400,24,ASSEMBLE+INSPECT] vs C1A1T0I1F2[500,21,ASSEMBLE+INSPECT]",0,false,0,0,true,C1A0T0I0F3,24,ASSEMBLE+INSPECT,ASSEMBLER,2,true,false,2,CUT,false
P1|N6|F|UNIFORM|d100|p100|f60|b50,P1,6,F,UNIFORM,100,100,60,50,29,600,41,13,8,3,true,true,"C1A0T0I0F3[400,24,ASSEMBLE+INSPECT] vs C1A1T0I1F2[500,21,ASSEMBLE+INSPECT]",2,false,1,0,true,C1A0T0I0F3,24,ASSEMBLE+INSPECT,ASSEMBLER,2,true,false,2,CUT,false
P1|N6|F|UNIFORM|d100|p100|f80|b0,P1,6,F,UNIFORM,100,100,80,0,35,300,41,13,8,1,false,false,"",0,true,0,0,true,C1A0T0I0F2,31,ASSEMBLE+INSPECT,FLEX_CELL,7,true,false,3,CUT,false
P1|N6|F|UNIFORM|d100|p100|f80|b10,P1,6,F,UNIFORM,100,100,80,10,35,330,41,13,8,1,false,false,"",0,true,0,0,true,C1A0T0I0F2,31,ASSEMBLE+INSPECT,FLEX_CELL,7,true,false,3,CUT,false
P1|N6|F|UNIFORM|d100|p100|f80|b25,P1,6,F,UNIFORM,100,100,80,25,35,375,41,13,8,1,false,false,"",0,true,0,0,true,C1A0T0I0F2,31,ASSEMBLE+INSPECT,FLEX_CELL,7,true,false,3,CUT,false
P1|N6|F|UNIFORM|d100|p100|f80|b50,P1,6,F,UNIFORM,100,100,80,50,35,450,41,13,8,2,true,false,"",0,true,0,0,true,C1A0T0I0F2,31,ASSEMBLE+INSPECT,FLEX_CELL,7,true,false,3,CUT,false
P1|N6|F|UNIFORM|d100|p125|f20|b0,P1,6,F,UNIFORM,100,125,20,0,18,800,41,13,15,1,false,false,"",0,true,1,0,true,C2A0T2I2F0,17,ASSEMBLE|INSPECT,ASSEMBLER,0,false,false,0,,false
P1|N6|F|UNIFORM|d100|p125|f20|b10,P1,6,F,UNIFORM,100,125,20,10,18,880,41,13,15,2,true,false,"",6,false,2,0,true,C2A0T2I2F0,17,ASSEMBLE|INSPECT,ASSEMBLER,0,false,false,0,,false
P1|N6|F|UNIFORM|d100|p125|f20|b25,P1,6,F,UNIFORM,100,125,20,25,18,1000,41,13,15,3,true,false,"",12,false,3,0,true,C2A0T2I2F0,17,ASSEMBLE|INSPECT,ASSEMBLER,0,false,false,0,,false
P1|N6|F|UNIFORM|d100|p125|f20|b50,P1,6,F,UNIFORM,100,125,20,50,18,1200,41,13,15,3,true,false,"",12,false,3,0,true,C2A0T2I2F0,17,ASSEMBLE|INSPECT,ASSEMBLER,0,false,false,0,,false
P1|N6|F|UNIFORM|d100|p125|f40|b0,P1,6,F,UNIFORM,100,125,40,0,24,475,41,13,15,1,false,false,"",0,true,0,0,true,C1A0T0I0F3,24,ASSEMBLE+INSPECT,ASSEMBLER,2,true,false,2,CUT,false
P1|N6|F|UNIFORM|d100|p125|f40|b10,P1,6,F,UNIFORM,100,125,40,10,24,522,41,13,15,1,false,false,"",0,true,0,0,true,C1A0T0I0F3,24,ASSEMBLE+INSPECT,ASSEMBLER,2,true,false,2,CUT,false
P1|N6|F|UNIFORM|d100|p125|f40|b25,P1,6,F,UNIFORM,100,125,40,25,24,593,41,13,15,3,true,true,"C1A0T0I0F3[475,24,ASSEMBLE+INSPECT] vs C1A0T1I1F1[525,22,ASSEMBLE+INSPECT]",2,false,1,0,true,C1A0T0I0F3,24,ASSEMBLE+INSPECT,ASSEMBLER,2,true,false,2,CUT,false
P1|N6|F|UNIFORM|d100|p125|f40|b50,P1,6,F,UNIFORM,100,125,40,50,24,712,41,13,15,5,true,true,"C1A0T0I0F3[475,24,ASSEMBLE+INSPECT] vs C1A0T1I1F1[525,22,ASSEMBLE+INSPECT]",14,false,3,0,true,C1A0T0I0F3,24,ASSEMBLE+INSPECT,ASSEMBLER,2,true,false,2,CUT,false
P1|N6|F|UNIFORM|d100|p125|f60|b0,P1,6,F,UNIFORM,100,125,60,0,29,400,41,13,15,1,false,false,"",0,true,1,0,true,C1A0T1I1F0,26,ASSEMBLE|INSPECT,INSPECTOR,1,false,false,0,,false
P1|N6|F|UNIFORM|d100|p125|f60|b10,P1,6,F,UNIFORM,100,125,60,10,29,440,41,13,15,1,false,false,"",0,true,1,0,true,C1A0T1I1F0,26,ASSEMBLE|INSPECT,INSPECTOR,1,false,false,0,,false
P1|N6|F|UNIFORM|d100|p125|f60|b25,P1,6,F,UNIFORM,100,125,60,25,29,500,41,13,15,3,true,false,"",5,false,1,0,true,C1A0T1I1F0,26,ASSEMBLE|INSPECT,INSPECTOR,1,false,false,0,,false
P1|N6|F|UNIFORM|d100|p125|f60|b50,P1,6,F,UNIFORM,100,125,60,50,29,600,41,13,15,5,true,true,"C1A0T1I1F0[400,26,ASSEMBLE|INSPECT] vs C1A1T0I1F2[550,21,ASSEMBLE+INSPECT]",7,false,2,0,true,C1A0T1I1F0,26,ASSEMBLE|INSPECT,INSPECTOR,1,false,false,0,,false
P1|N6|F|UNIFORM|d100|p125|f80|b0,P1,6,F,UNIFORM,100,125,80,0,35,325,41,13,15,1,false,false,"",0,true,0,0,true,C1A1T0I0F1,32,ASSEMBLE+INSPECT,FLEX_CELL,7,true,true,3,CUT,false
P1|N6|F|UNIFORM|d100|p125|f80|b10,P1,6,F,UNIFORM,100,125,80,10,35,357,41,13,15,2,true,false,"",1,false,0,0,true,C1A1T0I0F1,32,ASSEMBLE+INSPECT,FLEX_CELL,7,true,true,3,CUT,false
P1|N6|F|UNIFORM|d100|p125|f80|b25,P1,6,F,UNIFORM,100,125,80,25,35,406,41,13,15,3,true,true,"C1A1T0I0F1[325,32,ASSEMBLE+INSPECT] vs C1A0T1I1F0[400,26,ASSEMBLE|INSPECT]",1,false,1,0,true,C1A1T0I0F1,32,ASSEMBLE+INSPECT,FLEX_CELL,7,true,true,3,CUT,true
P1|N6|F|UNIFORM|d100|p125|f80|b50,P1,6,F,UNIFORM,100,125,80,50,35,487,41,13,15,5,true,true,"C1A1T0I0F1[325,32,ASSEMBLE+INSPECT] vs C1A0T1I1F0[400,26,ASSEMBLE|INSPECT]",6,false,1,0,true,C1A1T0I0F1,32,ASSEMBLE+INSPECT,FLEX_CELL,7,true,true,3,CUT,true
P1|N6|F|UNIFORM|d100|p150|f20|b0,P1,6,F,UNIFORM,100,150,20,0,18,800,41,13,13,1,false,false,"",0,true,1,0,true,C2A0T2I2F0,17,ASSEMBLE|INSPECT,ASSEMBLER,0,false,false,0,,false
P1|N6|F|UNIFORM|d100|p150|f20|b10,P1,6,F,UNIFORM,100,150,20,10,18,880,41,13,13,1,false,false,"",0,true,1,0,true,C2A0T2I2F0,17,ASSEMBLE|INSPECT,ASSEMBLER,0,false,false,0,,false
P1|N6|F|UNIFORM|d100|p150|f20|b25,P1,6,F,UNIFORM,100,150,20,25,18,1000,41,13,13,2,true,false,"",6,false,2,0,true,C2A0T2I2F0,17,ASSEMBLE|INSPECT,ASSEMBLER,0,false,false,0,,false
P1|N6|F|UNIFORM|d100|p150|f20|b50,P1,6,F,UNIFORM,100,150,20,50,18,1200,41,13,13,3,true,false,"",12,false,3,0,true,C2A0T2I2F0,17,ASSEMBLE|INSPECT,ASSEMBLER,0,false,false,0,,false
P1|N6|F|UNIFORM|d100|p150|f40|b0,P1,6,F,UNIFORM,100,150,40,0,24,550,41,13,13,1,false,false,"",0,true,1,0,true,C1A0T1I1F1,22,ASSEMBLE+INSPECT,ASSEMBLER,1,false,false,1,CUT,false
P1|N6|F|UNIFORM|d100|p150|f40|b10,P1,6,F,UNIFORM,100,150,40,10,24,605,41,13,13,2,true,true,"C1A0T1I1F1[550,22,ASSEMBLE+INSPECT] vs C1A1T1I2F0[600,21,CUT|ASSEMBLE]",2,false,2,1,true,C1A0T1I1F1,22,ASSEMBLE+INSPECT,ASSEMBLER,1,false,false,1,CUT,false
P1|N6|F|UNIFORM|d100|p150|f40|b25,P1,6,F,UNIFORM,100,150,40,25,24,687,41,13,13,3,true,true,"C1A0T1I1F1[550,22,ASSEMBLE+INSPECT] vs C1A1T1I2F0[600,21,CUT|ASSEMBLE]",4,false,3,1,true,C1A0T1I1F1,22,ASSEMBLE+INSPECT,ASSEMBLER,1,false,false,1,CUT,false
P1|N6|F|UNIFORM|d100|p150|f40|b50,P1,6,F,UNIFORM,100,150,40,50,24,825,41,13,13,5,true,true,"C1A0T1I1F1[550,22,ASSEMBLE+INSPECT] vs C1A1T1I2F0[600,21,CUT|ASSEMBLE]",14,false,5,1,true,C1A0T1I1F1,22,ASSEMBLE+INSPECT,ASSEMBLER,1,false,false,1,CUT,false
P1|N6|F|UNIFORM|d100|p150|f60|b0,P1,6,F,UNIFORM,100,150,60,0,29,400,41,13,13,1,false,false,"",0,true,1,0,true,C1A0T1I1F0,26,ASSEMBLE|INSPECT,INSPECTOR,1,false,false,0,,false
P1|N6|F|UNIFORM|d100|p150|f60|b10,P1,6,F,UNIFORM,100,150,60,10,29,440,41,13,13,1,false,false,"",0,true,1,0,true,C1A0T1I1F0,26,ASSEMBLE|INSPECT,INSPECTOR,1,false,false,0,,false
P1|N6|F|UNIFORM|d100|p150|f60|b25,P1,6,F,UNIFORM,100,150,60,25,29,500,41,13,13,2,true,false,"",2,false,2,1,true,C1A0T1I1F0,26,ASSEMBLE|INSPECT,INSPECTOR,1,false,false,0,,false
P1|N6|F|UNIFORM|d100|p150|f60|b50,P1,6,F,UNIFORM,100,150,60,50,29,600,41,13,13,4,true,true,"C1A0T1I1F0[400,26,ASSEMBLE|INSPECT] vs C1A1T0I1F2[600,21,ASSEMBLE+INSPECT]",4,false,4,2,true,C1A0T1I1F0,26,ASSEMBLE|INSPECT,INSPECTOR,1,false,false,0,,false
P1|N6|F|UNIFORM|d100|p150|f80|b0,P1,6,F,UNIFORM,100,150,80,0,35,350,41,13,13,1,false,false,"",0,true,0,0,true,C1A1T0I0F1,32,ASSEMBLE+INSPECT,FLEX_CELL,7,true,true,3,CUT,false
P1|N6|F|UNIFORM|d100|p150|f80|b10,P1,6,F,UNIFORM,100,150,80,10,35,385,41,13,13,1,false,false,"",0,true,0,0,true,C1A1T0I0F1,32,ASSEMBLE+INSPECT,FLEX_CELL,7,true,true,3,CUT,false
P1|N6|F|UNIFORM|d100|p150|f80|b25,P1,6,F,UNIFORM,100,150,80,25,35,437,41,13,13,2,true,true,"C1A1T0I0F1[350,32,ASSEMBLE+INSPECT] vs C1A0T1I1F0[400,26,ASSEMBLE|INSPECT]",0,false,1,0,true,C1A1T0I0F1,32,ASSEMBLE+INSPECT,FLEX_CELL,7,true,true,3,CUT,true
P1|N6|F|UNIFORM|d100|p150|f80|b50,P1,6,F,UNIFORM,100,150,80,50,35,525,41,13,13,3,true,true,"C1A1T0I0F1[350,32,ASSEMBLE+INSPECT] vs C1A0T1I1F0[400,26,ASSEMBLE|INSPECT]",2,false,2,1,true,C1A1T0I0F1,32,ASSEMBLE+INSPECT,FLEX_CELL,7,true,true,3,CUT,true
P1|N6|F|UNIFORM|d100|p200|f20|b0,P1,6,F,UNIFORM,100,200,20,0,18,800,41,13,9,1,false,false,"",0,true,1,0,true,C2A0T2I2F0,17,ASSEMBLE|INSPECT,ASSEMBLER,0,false,false,0,,false
P1|N6|F|UNIFORM|d100|p200|f20|b10,P1,6,F,UNIFORM,100,200,20,10,18,880,41,13,9,1,false,false,"",0,true,1,0,true,C2A0T2I2F0,17,ASSEMBLE|INSPECT,ASSEMBLER,0,false,false,0,,false
P1|N6|F|UNIFORM|d100|p200|f20|b25,P1,6,F,UNIFORM,100,200,20,25,18,1000,41,13,9,1,false,false,"",0,true,1,0,true,C2A0T2I2F0,17,ASSEMBLE|INSPECT,ASSEMBLER,0,false,false,0,,false
P1|N6|F|UNIFORM|d100|p200|f20|b50,P1,6,F,UNIFORM,100,200,20,50,18,1200,41,13,9,3,true,true,"C2A0T2I2F0[800,17,ASSEMBLE|INSPECT] vs C2A0T2I1F2[1100,16,ASSEMBLE+INSPECT]",65,false,3,2,true,C2A0T2I2F0,17,ASSEMBLE|INSPECT,ASSEMBLER,0,false,false,0,,false
P1|N6|F|UNIFORM|d100|p200|f40|b0,P1,6,F,UNIFORM,100,200,40,0,24,600,41,13,9,1,false,false,"",0,true,1,0,true,C1A1T1I2F0,21,CUT|ASSEMBLE,CUTTER,1,false,false,0,,false
P1|N6|F|UNIFORM|d100|p200|f40|b10,P1,6,F,UNIFORM,100,200,40,10,24,660,41,13,9,1,false,false,"",0,true,1,0,true,C1A1T1I2F0,21,CUT|ASSEMBLE,CUTTER,1,false,false,0,,false
P1|N6|F|UNIFORM|d100|p200|f40|b25,P1,6,F,UNIFORM,100,200,40,25,24,750,41,13,9,2,true,true,"C1A1T1I2F0[600,21,CUT|ASSEMBLE] vs C2A0T1I1F1[700,20,ASSEMBLE+INSPECT]",0,false,2,1,true,C1A1T1I2F0,21,CUT|ASSEMBLE,CUTTER,1,false,false,0,,false
P1|N6|F|UNIFORM|d100|p200|f40|b50,P1,6,F,UNIFORM,100,200,40,50,24,900,41,13,9,3,true,true,"C1A1T1I2F0[600,21,CUT|ASSEMBLE] vs C2A0T1I1F1[700,20,ASSEMBLE+INSPECT]",0,false,3,1,true,C1A1T1I2F0,21,CUT|ASSEMBLE,CUTTER,1,false,false,0,,false
P1|N6|F|UNIFORM|d100|p200|f60|b0,P1,6,F,UNIFORM,100,200,60,0,29,400,41,13,9,1,false,false,"",0,true,1,0,true,C1A0T1I1F0,26,ASSEMBLE|INSPECT,INSPECTOR,1,false,false,0,,false
P1|N6|F|UNIFORM|d100|p200|f60|b10,P1,6,F,UNIFORM,100,200,60,10,29,440,41,13,9,1,false,false,"",0,true,1,0,true,C1A0T1I1F0,26,ASSEMBLE|INSPECT,INSPECTOR,1,false,false,0,,false
P1|N6|F|UNIFORM|d100|p200|f60|b25,P1,6,F,UNIFORM,100,200,60,25,29,500,41,13,9,2,true,false,"",0,true,2,0,true,C1A0T1I1F0,26,ASSEMBLE|INSPECT,INSPECTOR,1,false,false,0,,false
P1|N6|F|UNIFORM|d100|p200|f60|b50,P1,6,F,UNIFORM,100,200,60,50,29,600,41,13,9,3,true,false,"",0,true,3,0,true,C1A0T1I1F0,26,ASSEMBLE|INSPECT,INSPECTOR,1,false,false,0,,false
P1|N6|F|UNIFORM|d100|p200|f80|b0,P1,6,F,UNIFORM,100,200,80,0,35,400,41,13,9,1,false,false,"",0,true,1,0,true,C1A0T1I1F0,26,ASSEMBLE|INSPECT,INSPECTOR,1,false,false,0,,false
P1|N6|F|UNIFORM|d100|p200|f80|b10,P1,6,F,UNIFORM,100,200,80,10,35,440,41,13,9,1,false,false,"",0,true,1,0,true,C1A0T1I1F0,26,ASSEMBLE|INSPECT,INSPECTOR,1,false,false,0,,false
P1|N6|F|UNIFORM|d100|p200|f80|b25,P1,6,F,UNIFORM,100,200,80,25,35,500,41,13,9,2,true,false,"",0,true,2,0,true,C1A0T1I1F0,26,ASSEMBLE|INSPECT,INSPECTOR,1,false,false,0,,false
P1|N6|F|UNIFORM|d100|p200|f80|b50,P1,6,F,UNIFORM,100,200,80,50,35,600,41,13,9,3,true,false,"",0,true,3,0,true,C1A0T1I1F0,26,ASSEMBLE|INSPECT,INSPECTOR,1,false,false,0,,false
P1|N6|F|WORK|d75|p100|f20|b0,P1,6,F,WORK,75,100,20,0,18,1350,41,13,12,1,false,false,"",0,true,0,0,true,C3A0T1I2F1,17,ASSEMBLE+INSPECT,ASSEMBLER,0,false,false,0,,false
P1|N6|F|WORK|d75|p100|f20|b10,P1,6,F,WORK,75,100,20,10,18,1485,41,13,12,1,false,false,"",0,true,0,0,true,C3A0T1I2F1,17,ASSEMBLE+INSPECT,ASSEMBLER,0,false,false,0,,false
P1|N6|F|WORK|d75|p100|f20|b25,P1,6,F,WORK,75,100,20,25,18,1687,41,13,12,1,false,false,"",0,true,0,0,true,C3A0T1I2F1,17,ASSEMBLE+INSPECT,ASSEMBLER,0,false,false,0,,false
P1|N6|F|WORK|d75|p100|f20|b50,P1,6,F,WORK,75,100,20,50,18,2025,41,13,12,3,true,true,"C3A0T1I2F1[1350,17,ASSEMBLE+INSPECT] vs C2A0T2I1F2[1850,16,ASSEMBLE+INSPECT]",1,false,2,2,true,C3A0T1I2F1,17,ASSEMBLE+INSPECT,ASSEMBLER,0,false,false,0,,false
P1|N6|F|WORK|d75|p100|f40|b0,P1,6,F,WORK,75,100,40,0,24,950,41,13,12,1,false,false,"",0,true,0,0,true,C2A0T1I2F0,23,ASSEMBLE,ASSEMBLER,3,true,true,2,ASSEMBLE|INSPECT,false
P1|N6|F|WORK|d75|p100|f40|b10,P1,6,F,WORK,75,100,40,10,24,1045,41,13,12,2,true,true,"C2A0T1I2F0[950,23,ASSEMBLE] vs C1A0T1I1F1[1000,22,ASSEMBLE+INSPECT]",0,false,0,0,true,C2A0T1I2F0,23,ASSEMBLE,ASSEMBLER,3,true,true,2,ASSEMBLE|INSPECT,true
P1|N6|F|WORK|d75|p100|f40|b25,P1,6,F,WORK,75,100,40,25,24,1187,41,13,12,3,true,true,"C2A0T1I2F0[950,23,ASSEMBLE] vs C1A0T1I1F1[1000,22,ASSEMBLE+INSPECT]",0,false,0,0,true,C2A0T1I2F0,23,ASSEMBLE,ASSEMBLER,3,true,true,2,ASSEMBLE|INSPECT,true
P1|N6|F|WORK|d75|p100|f40|b50,P1,6,F,WORK,75,100,40,50,24,1425,41,13,12,5,true,true,"C2A0T1I2F0[950,23,ASSEMBLE] vs C1A0T1I1F1[1000,22,ASSEMBLE+INSPECT]",2,false,1,1,true,C2A0T1I2F0,23,ASSEMBLE,ASSEMBLER,3,true,true,2,ASSEMBLE|INSPECT,true
P1|N6|F|WORK|d75|p100|f60|b0,P1,6,F,WORK,75,100,60,0,29,700,41,13,12,1,false,false,"",0,true,0,0,true,C1A0T1I1F0,26,ASSEMBLE|INSPECT,INSPECTOR,1,false,false,0,,false
P1|N6|F|WORK|d75|p100|f60|b10,P1,6,F,WORK,75,100,60,10,29,770,41,13,12,1,false,false,"",0,true,0,0,true,C1A0T1I1F0,26,ASSEMBLE|INSPECT,INSPECTOR,1,false,false,0,,false
P1|N6|F|WORK|d75|p100|f60|b25,P1,6,F,WORK,75,100,60,25,29,875,41,13,12,2,true,false,"",0,true,0,0,true,C1A0T1I1F0,26,ASSEMBLE|INSPECT,INSPECTOR,1,false,false,0,,false
P1|N6|F|WORK|d75|p100|f60|b50,P1,6,F,WORK,75,100,60,50,29,1050,41,13,12,4,true,true,"C1A0T1I2F0[850,25,ASSEMBLE] vs C1A0T1I1F1[1000,22,ASSEMBLE+INSPECT]",0,false,0,0,true,C1A0T1I1F0,26,ASSEMBLE|INSPECT,INSPECTOR,1,false,false,0,,false
P1|N6|F|WORK|d75|p100|f80|b0,P1,6,F,WORK,75,100,80,0,35,700,41,13,12,1,false,false,"",0,true,0,0,true,C1A0T1I1F0,26,ASSEMBLE|INSPECT,INSPECTOR,1,false,false,0,,false
P1|N6|F|WORK|d75|p100|f80|b10,P1,6,F,WORK,75,100,80,10,35,770,41,13,12,1,false,false,"",0,true,0,0,true,C1A0T1I1F0,26,ASSEMBLE|INSPECT,INSPECTOR,1,false,false,0,,false
P1|N6|F|WORK|d75|p100|f80|b25,P1,6,F,WORK,75,100,80,25,35,875,41,13,12,2,true,false,"",0,true,0,0,true,C1A0T1I1F0,26,ASSEMBLE|INSPECT,INSPECTOR,1,false,false,0,,false
P1|N6|F|WORK|d75|p100|f80|b50,P1,6,F,WORK,75,100,80,50,35,1050,41,13,12,4,true,true,"C1A0T1I2F0[850,25,ASSEMBLE] vs C1A0T1I1F1[1000,22,ASSEMBLE+INSPECT]",0,false,0,0,true,C1A0T1I1F0,26,ASSEMBLE|INSPECT,INSPECTOR,1,false,false,0,,false
P1|N6|F|WORK|d75|p125|f20|b0,P1,6,F,WORK,75,125,20,0,18,1400,41,13,13,1,false,false,"",0,true,0,0,true,C2A0T2I2F0,17,ASSEMBLE|INSPECT,ASSEMBLER,0,false,false,0,,false
P1|N6|F|WORK|d75|p125|f20|b10,P1,6,F,WORK,75,125,20,10,18,1540,41,13,13,1,false,false,"",0,true,0,0,true,C2A0T2I2F0,17,ASSEMBLE|INSPECT,ASSEMBLER,0,false,false,0,,false
P1|N6|F|WORK|d75|p125|f20|b25,P1,6,F,WORK,75,125,20,25,18,1750,41,13,13,1,false,false,"",0,true,0,0,true,C2A0T2I2F0,17,ASSEMBLE|INSPECT,ASSEMBLER,0,false,false,0,,false
P1|N6|F|WORK|d75|p125|f20|b50,P1,6,F,WORK,75,125,20,50,18,2100,41,13,13,3,true,true,"C2A0T2I2F0[1400,17,ASSEMBLE|INSPECT] vs C2A0T2I1F2[2000,16,ASSEMBLE+INSPECT]",1,false,2,2,true,C2A0T2I2F0,17,ASSEMBLE|INSPECT,ASSEMBLER,0,false,false,0,,false
P1|N6|F|WORK|d75|p125|f40|b0,P1,6,F,WORK,75,125,40,0,24,950,41,13,13,1,false,false,"",0,true,0,0,true,C2A0T1I2F0,23,ASSEMBLE,ASSEMBLER,3,true,true,2,ASSEMBLE|INSPECT,false
P1|N6|F|WORK|d75|p125|f40|b10,P1,6,F,WORK,75,125,40,10,24,1045,41,13,13,1,false,false,"",0,true,0,0,true,C2A0T1I2F0,23,ASSEMBLE,ASSEMBLER,3,true,true,2,ASSEMBLE|INSPECT,false
P1|N6|F|WORK|d75|p125|f40|b25,P1,6,F,WORK,75,125,40,25,24,1187,41,13,13,4,true,true,"C2A0T1I2F0[950,23,ASSEMBLE] vs C1A0T1I1F1[1075,22,ASSEMBLE+INSPECT]",0,false,0,0,true,C2A0T1I2F0,23,ASSEMBLE,ASSEMBLER,3,true,true,2,ASSEMBLE|INSPECT,true
P1|N6|F|WORK|d75|p125|f40|b50,P1,6,F,WORK,75,125,40,50,24,1425,41,13,13,6,true,true,"C2A0T1I2F0[950,23,ASSEMBLE] vs C1A0T1I1F1[1075,22,ASSEMBLE+INSPECT]",0,false,0,0,true,C2A0T1I2F0,23,ASSEMBLE,ASSEMBLER,3,true,true,2,ASSEMBLE|INSPECT,true
P1|N6|F|WORK|d75|p125|f60|b0,P1,6,F,WORK,75,125,60,0,29,700,41,13,13,1,false,false,"",0,true,0,0,true,C1A0T1I1F0,26,ASSEMBLE|INSPECT,INSPECTOR,1,false,false,0,,false
P1|N6|F|WORK|d75|p125|f60|b10,P1,6,F,WORK,75,125,60,10,29,770,41,13,13,1,false,false,"",0,true,0,0,true,C1A0T1I1F0,26,ASSEMBLE|INSPECT,INSPECTOR,1,false,false,0,,false
P1|N6|F|WORK|d75|p125|f60|b25,P1,6,F,WORK,75,125,60,25,29,875,41,13,13,2,true,false,"",0,true,0,0,true,C1A0T1I1F0,26,ASSEMBLE|INSPECT,INSPECTOR,1,false,false,0,,false
P1|N6|F|WORK|d75|p125|f60|b50,P1,6,F,WORK,75,125,60,50,29,1050,41,13,13,3,true,false,"",0,false,0,0,true,C1A0T1I1F0,26,ASSEMBLE|INSPECT,INSPECTOR,1,false,false,0,,false
P1|N6|F|WORK|d75|p125|f80|b0,P1,6,F,WORK,75,125,80,0,35,700,41,13,13,1,false,false,"",0,true,0,0,true,C1A0T1I1F0,26,ASSEMBLE|INSPECT,INSPECTOR,1,false,false,0,,false
P1|N6|F|WORK|d75|p125|f80|b10,P1,6,F,WORK,75,125,80,10,35,770,41,13,13,1,false,false,"",0,true,0,0,true,C1A0T1I1F0,26,ASSEMBLE|INSPECT,INSPECTOR,1,false,false,0,,false
P1|N6|F|WORK|d75|p125|f80|b25,P1,6,F,WORK,75,125,80,25,35,875,41,13,13,2,true,false,"",0,true,0,0,true,C1A0T1I1F0,26,ASSEMBLE|INSPECT,INSPECTOR,1,false,false,0,,false
P1|N6|F|WORK|d75|p125|f80|b50,P1,6,F,WORK,75,125,80,50,35,1050,41,13,13,3,true,false,"",0,false,0,0,true,C1A0T1I1F0,26,ASSEMBLE|INSPECT,INSPECTOR,1,false,false,0,,false
P1|N6|F|WORK|d75|p150|f20|b0,P1,6,F,WORK,75,150,20,0,18,1400,41,13,10,1,false,false,"",0,true,0,0,true,C2A0T2I2F0,17,ASSEMBLE|INSPECT,ASSEMBLER,0,false,false,0,,false
P1|N6|F|WORK|d75|p150|f20|b10,P1,6,F,WORK,75,150,20,10,18,1540,41,13,10,1,false,false,"",0,true,0,0,true,C2A0T2I2F0,17,ASSEMBLE|INSPECT,ASSEMBLER,0,false,false,0,,false
P1|N6|F|WORK|d75|p150|f20|b25,P1,6,F,WORK,75,150,20,25,18,1750,41,13,10,1,false,false,"",0,true,0,0,true,C2A0T2I2F0,17,ASSEMBLE|INSPECT,ASSEMBLER,0,false,false,0,,false
P1|N6|F|WORK|d75|p150|f20|b50,P1,6,F,WORK,75,150,20,50,18,2100,41,13,10,3,true,false,"",0,true,0,0,true,C2A0T2I2F0,17,ASSEMBLE|INSPECT,ASSEMBLER,0,false,false,0,,false
P1|N6|F|WORK|d75|p150|f40|b0,P1,6,F,WORK,75,150,40,0,24,950,41,13,10,1,false,false,"",0,true,0,0,true,C2A0T1I2F0,23,ASSEMBLE,ASSEMBLER,3,true,true,2,ASSEMBLE|INSPECT,false
P1|N6|F|WORK|d75|p150|f40|b10,P1,6,F,WORK,75,150,40,10,24,1045,41,13,10,1,false,false,"",0,true,0,0,true,C2A0T1I2F0,23,ASSEMBLE,ASSEMBLER,3,true,true,2,ASSEMBLE|INSPECT,false
P1|N6|F|WORK|d75|p150|f40|b25,P1,6,F,WORK,75,150,40,25,24,1187,41,13,10,2,true,true,"C2A0T1I2F0[950,23,ASSEMBLE] vs C1A1T1I2F0[1150,21,CUT|ASSEMBLE]",0,false,0,0,true,C2A0T1I2F0,23,ASSEMBLE,ASSEMBLER,3,true,true,2,ASSEMBLE|INSPECT,true
P1|N6|F|WORK|d75|p150|f40|b50,P1,6,F,WORK,75,150,40,50,24,1425,41,13,10,4,true,true,"C2A0T1I2F0[950,23,ASSEMBLE] vs C1A1T1I2F0[1150,21,CUT|ASSEMBLE]",0,false,1,1,true,C2A0T1I2F0,23,ASSEMBLE,ASSEMBLER,3,true,true,2,ASSEMBLE|INSPECT,true
P1|N6|F|WORK|d75|p150|f60|b0,P1,6,F,WORK,75,150,60,0,29,700,41,13,10,1,false,false,"",0,true,0,0,true,C1A0T1I1F0,26,ASSEMBLE|INSPECT,INSPECTOR,1,false,false,0,,false
P1|N6|F|WORK|d75|p150|f60|b10,P1,6,F,WORK,75,150,60,10,29,770,41,13,10,1,false,false,"",0,true,0,0,true,C1A0T1I1F0,26,ASSEMBLE|INSPECT,INSPECTOR,1,false,false,0,,false
P1|N6|F|WORK|d75|p150|f60|b25,P1,6,F,WORK,75,150,60,25,29,875,41,13,10,2,true,false,"",0,true,0,0,true,C1A0T1I1F0,26,ASSEMBLE|INSPECT,INSPECTOR,1,false,false,0,,false
P1|N6|F|WORK|d75|p150|f60|b50,P1,6,F,WORK,75,150,60,50,29,1050,41,13,10,3,true,false,"",0,false,0,0,true,C1A0T1I1F0,26,ASSEMBLE|INSPECT,INSPECTOR,1,false,false,0,,false
P1|N6|F|WORK|d75|p150|f80|b0,P1,6,F,WORK,75,150,80,0,35,700,41,13,10,1,false,false,"",0,true,0,0,true,C1A0T1I1F0,26,ASSEMBLE|INSPECT,INSPECTOR,1,false,false,0,,false
P1|N6|F|WORK|d75|p150|f80|b10,P1,6,F,WORK,75,150,80,10,35,770,41,13,10,1,false,false,"",0,true,0,0,true,C1A0T1I1F0,26,ASSEMBLE|INSPECT,INSPECTOR,1,false,false,0,,false
P1|N6|F|WORK|d75|p150|f80|b25,P1,6,F,WORK,75,150,80,25,35,875,41,13,10,2,true,false,"",0,true,0,0,true,C1A0T1I1F0,26,ASSEMBLE|INSPECT,INSPECTOR,1,false,false,0,,false
P1|N6|F|WORK|d75|p150|f80|b50,P1,6,F,WORK,75,150,80,50,35,1050,41,13,10,3,true,false,"",0,false,0,0,true,C1A0T1I1F0,26,ASSEMBLE|INSPECT,INSPECTOR,1,false,false,0,,false
P1|N6|F|WORK|d75|p200|f20|b0,P1,6,F,WORK,75,200,20,0,18,1400,41,13,10,1,false,false,"",0,true,0,0,true,C2A0T2I2F0,17,ASSEMBLE|INSPECT,ASSEMBLER,0,false,false,0,,false
P1|N6|F|WORK|d75|p200|f20|b10,P1,6,F,WORK,75,200,20,10,18,1540,41,13,10,1,false,false,"",0,true,0,0,true,C2A0T2I2F0,17,ASSEMBLE|INSPECT,ASSEMBLER,0,false,false,0,,false
P1|N6|F|WORK|d75|p200|f20|b25,P1,6,F,WORK,75,200,20,25,18,1750,41,13,10,1,false,false,"",0,true,0,0,true,C2A0T2I2F0,17,ASSEMBLE|INSPECT,ASSEMBLER,0,false,false,0,,false
P1|N6|F|WORK|d75|p200|f20|b50,P1,6,F,WORK,75,200,20,50,18,2100,41,13,10,3,true,false,"",0,true,0,0,true,C2A0T2I2F0,17,ASSEMBLE|INSPECT,ASSEMBLER,0,false,false,0,,false
P1|N6|F|WORK|d75|p200|f40|b0,P1,6,F,WORK,75,200,40,0,24,950,41,13,10,1,false,false,"",0,true,0,0,true,C2A0T1I2F0,23,ASSEMBLE,ASSEMBLER,3,true,true,2,ASSEMBLE|INSPECT,false
P1|N6|F|WORK|d75|p200|f40|b10,P1,6,F,WORK,75,200,40,10,24,1045,41,13,10,1,false,false,"",0,true,0,0,true,C2A0T1I2F0,23,ASSEMBLE,ASSEMBLER,3,true,true,2,ASSEMBLE|INSPECT,false
P1|N6|F|WORK|d75|p200|f40|b25,P1,6,F,WORK,75,200,40,25,24,1187,41,13,10,2,true,true,"C2A0T1I2F0[950,23,ASSEMBLE] vs C1A1T1I2F0[1150,21,CUT|ASSEMBLE]",0,false,0,0,true,C2A0T1I2F0,23,ASSEMBLE,ASSEMBLER,3,true,true,2,ASSEMBLE|INSPECT,true
P1|N6|F|WORK|d75|p200|f40|b50,P1,6,F,WORK,75,200,40,50,24,1425,41,13,10,4,true,true,"C2A0T1I2F0[950,23,ASSEMBLE] vs C1A1T1I2F0[1150,21,CUT|ASSEMBLE]",0,false,0,0,true,C2A0T1I2F0,23,ASSEMBLE,ASSEMBLER,3,true,true,2,ASSEMBLE|INSPECT,true
P1|N6|F|WORK|d75|p200|f60|b0,P1,6,F,WORK,75,200,60,0,29,700,41,13,10,1,false,false,"",0,true,0,0,true,C1A0T1I1F0,26,ASSEMBLE|INSPECT,INSPECTOR,1,false,false,0,,false
P1|N6|F|WORK|d75|p200|f60|b10,P1,6,F,WORK,75,200,60,10,29,770,41,13,10,1,false,false,"",0,true,0,0,true,C1A0T1I1F0,26,ASSEMBLE|INSPECT,INSPECTOR,1,false,false,0,,false
P1|N6|F|WORK|d75|p200|f60|b25,P1,6,F,WORK,75,200,60,25,29,875,41,13,10,2,true,false,"",0,true,0,0,true,C1A0T1I1F0,26,ASSEMBLE|INSPECT,INSPECTOR,1,false,false,0,,false
P1|N6|F|WORK|d75|p200|f60|b50,P1,6,F,WORK,75,200,60,50,29,1050,41,13,10,3,true,false,"",0,false,0,0,true,C1A0T1I1F0,26,ASSEMBLE|INSPECT,INSPECTOR,1,false,false,0,,false
P1|N6|F|WORK|d75|p200|f80|b0,P1,6,F,WORK,75,200,80,0,35,700,41,13,10,1,false,false,"",0,true,0,0,true,C1A0T1I1F0,26,ASSEMBLE|INSPECT,INSPECTOR,1,false,false,0,,false
P1|N6|F|WORK|d75|p200|f80|b10,P1,6,F,WORK,75,200,80,10,35,770,41,13,10,1,false,false,"",0,true,0,0,true,C1A0T1I1F0,26,ASSEMBLE|INSPECT,INSPECTOR,1,false,false,0,,false
P1|N6|F|WORK|d75|p200|f80|b25,P1,6,F,WORK,75,200,80,25,35,875,41,13,10,2,true,false,"",0,true,0,0,true,C1A0T1I1F0,26,ASSEMBLE|INSPECT,INSPECTOR,1,false,false,0,,false
P1|N6|F|WORK|d75|p200|f80|b50,P1,6,F,WORK,75,200,80,50,35,1050,41,13,10,3,true,false,"",0,false,0,0,true,C1A0T1I1F0,26,ASSEMBLE|INSPECT,INSPECTOR,1,false,false,0,,false
P1|N6|F|WORK|d90|p100|f20|b0,P1,6,F,WORK,90,100,20,0,18,1440,41,13,15,1,false,false,"",0,true,0,0,true,C3A0T1I2F1,17,ASSEMBLE+INSPECT,ASSEMBLER,0,false,false,0,,false
P1|N6|F|WORK|d90|p100|f20|b10,P1,6,F,WORK,90,100,20,10,18,1584,41,13,15,1,false,false,"",0,true,0,0,true,C3A0T1I2F1,17,ASSEMBLE+INSPECT,ASSEMBLER,0,false,false,0,,false
P1|N6|F|WORK|d90|p100|f20|b25,P1,6,F,WORK,90,100,20,25,18,1800,41,13,15,1,false,false,"",0,true,0,0,true,C3A0T1I2F1,17,ASSEMBLE+INSPECT,ASSEMBLER,0,false,false,0,,false
P1|N6|F|WORK|d90|p100|f20|b50,P1,6,F,WORK,90,100,20,50,18,2160,41,13,15,3,true,true,"C3A0T1I2F1[1440,17,ASSEMBLE+INSPECT] vs C2A1T1I0F3[1940,16,ASSEMBLE+INSPECT]",0,false,0,0,true,C3A0T1I2F1,17,ASSEMBLE+INSPECT,ASSEMBLER,0,false,false,0,,false
P1|N6|F|WORK|d90|p100|f40|b0,P1,6,F,WORK,90,100,40,0,24,1000,41,13,15,1,false,false,"",0,true,0,0,true,C1A0T0I0F3,24,ASSEMBLE+INSPECT,ASSEMBLER,2,true,false,2,CUT,false
P1|N6|F|WORK|d90|p100|f40|b10,P1,6,F,WORK,90,100,40,10,24,1100,41,13,15,3,true,true,"C1A0T0I0F3[1000,24,ASSEMBLE+INSPECT] vs C2A0T1I2F0[1040,23,ASSEMBLE]",0,false,0,0,true,C1A0T0I0F3,24,ASSEMBLE+INSPECT,ASSEMBLER,2,true,false,2,CUT,false
P1|N6|F|WORK|d90|p100|f40|b25,P1,6,F,WORK,90,100,40,25,24,1250,41,13,15,5,true,true,"C1A0T0I0F3[1000,24,ASSEMBLE+INSPECT] vs C2A0T1I2F0[1040,23,ASSEMBLE]",2,false,0,0,true,C1A0T0I0F3,24,ASSEMBLE+INSPECT,ASSEMBLER,2,true,false,2,CUT,false
P1|N6|F|WORK|d90|p100|f40|b50,P1,6,F,WORK,90,100,40,50,24,1500,41,13,15,7,true,true,"C1A0T0I0F3[1000,24,ASSEMBLE+INSPECT] vs C2A0T1I2F0[1040,23,ASSEMBLE]",5,false,1,1,true,C1A0T0I0F3,24,ASSEMBLE+INSPECT,ASSEMBLER,2,true,false,2,CUT,false
P1|N6|F|WORK|d90|p100|f60|b0,P1,6,F,WORK,90,100,60,0,29,790,41,13,15,1,false,false,"",0,true,0,0,true,C1A0T1I1F0,26,ASSEMBLE|INSPECT,INSPECTOR,1,false,false,0,,false
P1|N6|F|WORK|d90|p100|f60|b10,P1,6,F,WORK,90,100,60,10,29,869,41,13,15,1,false,false,"",0,true,0,0,true,C1A0T1I1F0,26,ASSEMBLE|INSPECT,INSPECTOR,1,false,false,0,,false
P1|N6|F|WORK|d90|p100|f60|b25,P1,6,F,WORK,90,100,60,25,29,987,41,13,15,2,true,false,"",0,true,0,0,true,C1A0T1I1F0,26,ASSEMBLE|INSPECT,INSPECTOR,1,false,false,0,,false
P1|N6|F|WORK|d90|p100|f60|b50,P1,6,F,WORK,90,100,60,50,29,1185,41,13,15,6,true,true,"C1A0T1I1F0[790,26,ASSEMBLE|INSPECT] vs C1A1T0I1F2[1150,21,ASSEMBLE+INSPECT]",2,false,0,0,true,C1A0T1I1F0,26,ASSEMBLE|INSPECT,INSPECTOR,1,false,false,0,,false
P1|N6|F|WORK|d90|p100|f80|b0,P1,6,F,WORK,90,100,80,0,35,700,41,13,15,1,false,false,"",0,true,0,0,true,C1A0T0I0F2,31,ASSEMBLE+INSPECT,FLEX_CELL,7,true,false,3,CUT,false
P1|N6|F|WORK|d90|p100|f80|b10,P1,6,F,WORK,90,100,80,10,35,770,41,13,15,1,false,false,"",0,true,0,0,true,C1A0T0I0F2,31,ASSEMBLE+INSPECT,FLEX_CELL,7,true,false,3,CUT,false
P1|N6|F|WORK|d90|p100|f80|b25,P1,6,F,WORK,90,100,80,25,35,875,41,13,15,2,true,true,"C1A0T0I0F2[700,31,ASSEMBLE+INSPECT] vs C1A0T1I1F0[790,26,ASSEMBLE|INSPECT]",0,false,0,0,true,C1A0T0I0F2,31,ASSEMBLE+INSPECT,FLEX_CELL,7,true,false,3,CUT,false
P1|N6|F|WORK|d90|p100|f80|b50,P1,6,F,WORK,90,100,80,50,35,1050,41,13,15,5,true,true,"C1A0T0I0F2[700,31,ASSEMBLE+INSPECT] vs C1A0T1I1F0[790,26,ASSEMBLE|INSPECT]",1,false,0,0,true,C1A0T0I0F2,31,ASSEMBLE+INSPECT,FLEX_CELL,7,true,false,3,CUT,false
P1|N6|F|WORK|d90|p125|f20|b0,P1,6,F,WORK,90,125,20,0,18,1515,41,13,14,1,false,false,"",0,true,0,0,true,C3A0T1I2F1,17,ASSEMBLE+INSPECT,ASSEMBLER,0,false,false,0,,false
P1|N6|F|WORK|d90|p125|f20|b10,P1,6,F,WORK,90,125,20,10,18,1666,41,13,14,1,false,false,"",0,true,0,0,true,C3A0T1I2F1,17,ASSEMBLE+INSPECT,ASSEMBLER,0,false,false,0,,false
P1|N6|F|WORK|d90|p125|f20|b25,P1,6,F,WORK,90,125,20,25,18,1893,41,13,14,1,false,false,"",0,true,0,0,true,C3A0T1I2F1,17,ASSEMBLE+INSPECT,ASSEMBLER,0,false,false,0,,false
P1|N6|F|WORK|d90|p125|f20|b50,P1,6,F,WORK,90,125,20,50,18,2272,41,13,14,3,true,true,"C3A0T1I2F1[1515,17,ASSEMBLE+INSPECT] vs C2A1T1I0F3[2165,16,ASSEMBLE+INSPECT]",0,false,0,0,true,C3A0T1I2F1,17,ASSEMBLE+INSPECT,ASSEMBLER,0,false,false,0,,false
P1|N6|F|WORK|d90|p125|f40|b0,P1,6,F,WORK,90,125,40,0,24,1040,41,13,14,1,false,false,"",0,true,0,0,true,C2A0T1I2F0,23,ASSEMBLE,ASSEMBLER,3,true,true,2,ASSEMBLE|INSPECT,false
P1|N6|F|WORK|d90|p125|f40|b10,P1,6,F,WORK,90,125,40,10,24,1144,41,13,14,1,false,false,"",0,true,0,0,true,C2A0T1I2F0,23,ASSEMBLE,ASSEMBLER,3,true,true,2,ASSEMBLE|INSPECT,false
P1|N6|F|WORK|d90|p125|f40|b25,P1,6,F,WORK,90,125,40,25,24,1300,41,13,14,4,true,true,"C2A0T1I2F0[1040,23,ASSEMBLE] vs C1A0T1I1F1[1165,22,ASSEMBLE+INSPECT]",0,false,0,0,true,C2A0T1I2F0,23,ASSEMBLE,ASSEMBLER,3,true,true,2,ASSEMBLE|INSPECT,true
P1|N6|F|WORK|d90|p125|f40|b50,P1,6,F,WORK,90,125,40,50,24,1560,41,13,14,6,true,true,"C2A0T1I2F0[1040,23,ASSEMBLE] vs C1A0T1I1F1[1165,22,ASSEMBLE+INSPECT]",0,false,0,0,true,C2A0T1I2F0,23,ASSEMBLE,ASSEMBLER,3,true,true,2,ASSEMBLE|INSPECT,true
P1|N6|F|WORK|d90|p125|f60|b0,P1,6,F,WORK,90,125,60,0,29,790,41,13,14,1,false,false,"",0,true,0,0,true,C1A0T1I1F0,26,ASSEMBLE|INSPECT,INSPECTOR,1,false,false,0,,false
P1|N6|F|WORK|d90|p125|f60|b10,P1,6,F,WORK,90,125,60,10,29,869,41,13,14,1,false,false,"",0,true,0,0,true,C1A0T1I1F0,26,ASSEMBLE|INSPECT,INSPECTOR,1,false,false,0,,false
P1|N6|F|WORK|d90|p125|f60|b25,P1,6,F,WORK,90,125,60,25,29,987,41,13,14,2,true,false,"",0,true,0,0,true,C1A0T1I1F0,26,ASSEMBLE|INSPECT,INSPECTOR,1,false,false,0,,false
P1|N6|F|WORK|d90|p125|f60|b50,P1,6,F,WORK,90,125,60,50,29,1185,41,13,14,4,true,true,"C1A0T1I2F0[940,25,ASSEMBLE] vs C1A0T1I1F1[1165,22,ASSEMBLE+INSPECT]",0,false,0,0,true,C1A0T1I1F0,26,ASSEMBLE|INSPECT,INSPECTOR,1,false,false,0,,false
P1|N6|F|WORK|d90|p125|f80|b0,P1,6,F,WORK,90,125,80,0,35,775,41,13,14,1,false,false,"",0,true,0,0,true,C1A1T0I0F1,32,ASSEMBLE+INSPECT,FLEX_CELL,7,true,true,3,CUT,false
P1|N6|F|WORK|d90|p125|f80|b10,P1,6,F,WORK,90,125,80,10,35,852,41,13,14,2,true,true,"C1A1T0I0F1[775,32,ASSEMBLE+INSPECT] vs C1A0T1I1F0[790,26,ASSEMBLE|INSPECT]",0,false,0,0,true,C1A1T0I0F1,32,ASSEMBLE+INSPECT,FLEX_CELL,7,true,true,3,CUT,true
P1|N6|F|WORK|d90|p125|f80|b25,P1,6,F,WORK,90,125,80,25,35,968,41,13,14,3,true,true,"C1A1T0I0F1[775,32,ASSEMBLE+INSPECT] vs C1A0T1I1F0[790,26,ASSEMBLE|INSPECT]",0,false,0,0,true,C1A1T0I0F1,32,ASSEMBLE+INSPECT,FLEX_CELL,7,true,true,3,CUT,true
P1|N6|F|WORK|d90|p125|f80|b50,P1,6,F,WORK,90,125,80,50,35,1162,41,13,14,4,true,true,"C1A1T0I0F1[775,32,ASSEMBLE+INSPECT] vs C1A0T1I1F0[790,26,ASSEMBLE|INSPECT]",0,false,0,0,true,C1A1T0I0F1,32,ASSEMBLE+INSPECT,FLEX_CELL,7,true,true,3,CUT,true
P1|N6|F|WORK|d90|p150|f20|b0,P1,6,F,WORK,90,150,20,0,18,1580,41,13,11,1,false,false,"",0,true,0,0,true,C2A0T2I2F0,17,ASSEMBLE|INSPECT,ASSEMBLER,0,false,false,0,,false
P1|N6|F|WORK|d90|p150|f20|b10,P1,6,F,WORK,90,150,20,10,18,1738,41,13,11,1,false,false,"",0,true,0,0,true,C2A0T2I2F0,17,ASSEMBLE|INSPECT,ASSEMBLER,0,false,false,0,,false
P1|N6|F|WORK|d90|p150|f20|b25,P1,6,F,WORK,90,150,20,25,18,1975,41,13,11,1,false,false,"",0,true,0,0,true,C2A0T2I2F0,17,ASSEMBLE|INSPECT,ASSEMBLER,0,false,false,0,,false
P1|N6|F|WORK|d90|p150|f20|b50,P1,6,F,WORK,90,150,20,50,18,2370,41,13,11,3,true,false,"",0,true,0,0,true,C2A0T2I2F0,17,ASSEMBLE|INSPECT,ASSEMBLER,0,false,false,0,,false
P1|N6|F|WORK|d90|p150|f40|b0,P1,6,F,WORK,90,150,40,0,24,1040,41,13,11,1,false,false,"",0,true,0,0,true,C2A0T1I2F0,23,ASSEMBLE,ASSEMBLER,3,true,true,2,ASSEMBLE|INSPECT,false
P1|N6|F|WORK|d90|p150|f40|b10,P1,6,F,WORK,90,150,40,10,24,1144,41,13,11,1,false,false,"",0,true,0,0,true,C2A0T1I2F0,23,ASSEMBLE,ASSEMBLER,3,true,true,2,ASSEMBLE|INSPECT,false
P1|N6|F|WORK|d90|p150|f40|b25,P1,6,F,WORK,90,150,40,25,24,1300,41,13,11,2,true,true,"C2A0T1I2F0[1040,23,ASSEMBLE] vs C1A1T1I2F0[1240,21,CUT|ASSEMBLE]",0,false,0,0,true,C2A0T1I2F0,23,ASSEMBLE,ASSEMBLER,3,true,true,2,ASSEMBLE|INSPECT,true
P1|N6|F|WORK|d90|p150|f40|b50,P1,6,F,WORK,90,150,40,50,24,1560,41,13,11,4,true,true,"C2A0T1I2F0[1040,23,ASSEMBLE] vs C1A1T1I2F0[1240,21,CUT|ASSEMBLE]",1,false,2,2,true,C2A0T1I2F0,23,ASSEMBLE,ASSEMBLER,3,true,true,2,ASSEMBLE|INSPECT,true
P1|N6|F|WORK|d90|p150|f60|b0,P1,6,F,WORK,90,150,60,0,29,790,41,13,11,1,false,false,"",0,true,0,0,true,C1A0T1I1F0,26,ASSEMBLE|INSPECT,INSPECTOR,1,false,false,0,,false
P1|N6|F|WORK|d90|p150|f60|b10,P1,6,F,WORK,90,150,60,10,29,869,41,13,11,1,false,false,"",0,true,0,0,true,C1A0T1I1F0,26,ASSEMBLE|INSPECT,INSPECTOR,1,false,false,0,,false
P1|N6|F|WORK|d90|p150|f60|b25,P1,6,F,WORK,90,150,60,25,29,987,41,13,11,2,true,false,"",0,true,0,0,true,C1A0T1I1F0,26,ASSEMBLE|INSPECT,INSPECTOR,1,false,false,0,,false
P1|N6|F|WORK|d90|p150|f60|b50,P1,6,F,WORK,90,150,60,50,29,1185,41,13,11,3,true,false,"",0,false,0,0,true,C1A0T1I1F0,26,ASSEMBLE|INSPECT,INSPECTOR,1,false,false,0,,false
P1|N6|F|WORK|d90|p150|f80|b0,P1,6,F,WORK,90,150,80,0,35,790,41,13,11,1,false,false,"",0,true,0,0,true,C1A0T1I1F0,26,ASSEMBLE|INSPECT,INSPECTOR,1,false,false,0,,false
P1|N6|F|WORK|d90|p150|f80|b10,P1,6,F,WORK,90,150,80,10,35,869,41,13,11,1,false,false,"",0,true,0,0,true,C1A0T1I1F0,26,ASSEMBLE|INSPECT,INSPECTOR,1,false,false,0,,false
P1|N6|F|WORK|d90|p150|f80|b25,P1,6,F,WORK,90,150,80,25,35,987,41,13,11,2,true,false,"",0,true,0,0,true,C1A0T1I1F0,26,ASSEMBLE|INSPECT,INSPECTOR,1,false,false,0,,false
P1|N6|F|WORK|d90|p150|f80|b50,P1,6,F,WORK,90,150,80,50,35,1185,41,13,11,3,true,false,"",0,false,0,0,true,C1A0T1I1F0,26,ASSEMBLE|INSPECT,INSPECTOR,1,false,false,0,,false
P1|N6|F|WORK|d90|p200|f20|b0,P1,6,F,WORK,90,200,20,0,18,1580,41,13,11,1,false,false,"",0,true,0,0,true,C2A0T2I2F0,17,ASSEMBLE|INSPECT,ASSEMBLER,0,false,false,0,,false
P1|N6|F|WORK|d90|p200|f20|b10,P1,6,F,WORK,90,200,20,10,18,1738,41,13,11,1,false,false,"",0,true,0,0,true,C2A0T2I2F0,17,ASSEMBLE|INSPECT,ASSEMBLER,0,false,false,0,,false
P1|N6|F|WORK|d90|p200|f20|b25,P1,6,F,WORK,90,200,20,25,18,1975,41,13,11,1,false,false,"",0,true,0,0,true,C2A0T2I2F0,17,ASSEMBLE|INSPECT,ASSEMBLER,0,false,false,0,,false
P1|N6|F|WORK|d90|p200|f20|b50,P1,6,F,WORK,90,200,20,50,18,2370,41,13,11,3,true,false,"",0,true,0,0,true,C2A0T2I2F0,17,ASSEMBLE|INSPECT,ASSEMBLER,0,false,false,0,,false
P1|N6|F|WORK|d90|p200|f40|b0,P1,6,F,WORK,90,200,40,0,24,1040,41,13,11,1,false,false,"",0,true,0,0,true,C2A0T1I2F0,23,ASSEMBLE,ASSEMBLER,3,true,true,2,ASSEMBLE|INSPECT,false
P1|N6|F|WORK|d90|p200|f40|b10,P1,6,F,WORK,90,200,40,10,24,1144,41,13,11,1,false,false,"",0,true,0,0,true,C2A0T1I2F0,23,ASSEMBLE,ASSEMBLER,3,true,true,2,ASSEMBLE|INSPECT,false
P1|N6|F|WORK|d90|p200|f40|b25,P1,6,F,WORK,90,200,40,25,24,1300,41,13,11,2,true,true,"C2A0T1I2F0[1040,23,ASSEMBLE] vs C1A1T1I2F0[1240,21,CUT|ASSEMBLE]",0,false,0,0,true,C2A0T1I2F0,23,ASSEMBLE,ASSEMBLER,3,true,true,2,ASSEMBLE|INSPECT,true
P1|N6|F|WORK|d90|p200|f40|b50,P1,6,F,WORK,90,200,40,50,24,1560,41,13,11,4,true,true,"C2A0T1I2F0[1040,23,ASSEMBLE] vs C1A1T1I2F0[1240,21,CUT|ASSEMBLE]",0,false,0,0,true,C2A0T1I2F0,23,ASSEMBLE,ASSEMBLER,3,true,true,2,ASSEMBLE|INSPECT,true
P1|N6|F|WORK|d90|p200|f60|b0,P1,6,F,WORK,90,200,60,0,29,790,41,13,11,1,false,false,"",0,true,0,0,true,C1A0T1I1F0,26,ASSEMBLE|INSPECT,INSPECTOR,1,false,false,0,,false
P1|N6|F|WORK|d90|p200|f60|b10,P1,6,F,WORK,90,200,60,10,29,869,41,13,11,1,false,false,"",0,true,0,0,true,C1A0T1I1F0,26,ASSEMBLE|INSPECT,INSPECTOR,1,false,false,0,,false
P1|N6|F|WORK|d90|p200|f60|b25,P1,6,F,WORK,90,200,60,25,29,987,41,13,11,2,true,false,"",0,true,0,0,true,C1A0T1I1F0,26,ASSEMBLE|INSPECT,INSPECTOR,1,false,false,0,,false
P1|N6|F|WORK|d90|p200|f60|b50,P1,6,F,WORK,90,200,60,50,29,1185,41,13,11,3,true,false,"",0,false,0,0,true,C1A0T1I1F0,26,ASSEMBLE|INSPECT,INSPECTOR,1,false,false,0,,false
P1|N6|F|WORK|d90|p200|f80|b0,P1,6,F,WORK,90,200,80,0,35,790,41,13,11,1,false,false,"",0,true,0,0,true,C1A0T1I1F0,26,ASSEMBLE|INSPECT,INSPECTOR,1,false,false,0,,false
P1|N6|F|WORK|d90|p200|f80|b10,P1,6,F,WORK,90,200,80,10,35,869,41,13,11,1,false,false,"",0,true,0,0,true,C1A0T1I1F0,26,ASSEMBLE|INSPECT,INSPECTOR,1,false,false,0,,false
P1|N6|F|WORK|d90|p200|f80|b25,P1,6,F,WORK,90,200,80,25,35,987,41,13,11,2,true,false,"",0,true,0,0,true,C1A0T1I1F0,26,ASSEMBLE|INSPECT,INSPECTOR,1,false,false,0,,false
P1|N6|F|WORK|d90|p200|f80|b50,P1,6,F,WORK,90,200,80,50,35,1185,41,13,11,3,true,false,"",0,false,0,0,true,C1A0T1I1F0,26,ASSEMBLE|INSPECT,INSPECTOR,1,false,false,0,,false
P1|N6|F|WORK|d100|p100|f20|b0,P1,6,F,WORK,100,100,20,0,18,1500,41,13,14,1,false,false,"",0,true,1,1,true,C3A0T1I2F1,17,ASSEMBLE+INSPECT,ASSEMBLER,0,false,false,0,,false
P1|N6|F|WORK|d100|p100|f20|b10,P1,6,F,WORK,100,100,20,10,18,1650,41,13,14,1,false,false,"",0,true,1,1,true,C3A0T1I2F1,17,ASSEMBLE+INSPECT,ASSEMBLER,0,false,false,0,,false
P1|N6|F|WORK|d100|p100|f20|b25,P1,6,F,WORK,100,100,20,25,18,1875,41,13,14,1,false,false,"",0,true,1,1,true,C3A0T1I2F1,17,ASSEMBLE+INSPECT,ASSEMBLER,0,false,false,0,,false
P1|N6|F|WORK|d100|p100|f20|b50,P1,6,F,WORK,100,100,20,50,18,2250,41,13,14,3,true,true,"C3A0T1I2F1[1500,17,ASSEMBLE+INSPECT] vs C2A1T1I0F3[2000,16,ASSEMBLE+INSPECT]",0,false,3,1,true,C3A0T1I2F1,17,ASSEMBLE+INSPECT,ASSEMBLER,0,false,false,0,,false
P1|N6|F|WORK|d100|p100|f40|b0,P1,6,F,WORK,100,100,40,0,24,1000,41,13,14,1,false,false,"",0,true,0,0,true,C1A0T0I0F3,24,ASSEMBLE+INSPECT,ASSEMBLER,2,true,false,2,CUT,false
P1|N6|F|WORK|d100|p100|f40|b10,P1,6,F,WORK,100,100,40,10,24,1100,41,13,14,2,true,false,"",0,false,0,0,true,C1A0T0I0F3,24,ASSEMBLE+INSPECT,ASSEMBLER,2,true,false,2,CUT,false
P1|N6|F|WORK|d100|p100|f40|b25,P1,6,F,WORK,100,100,40,25,24,1250,41,13,14,4,true,true,"C1A0T0I0F3[1000,24,ASSEMBLE+INSPECT] vs C1A1T0I1F2[1150,21,ASSEMBLE+INSPECT]",1,false,0,0,true,C1A0T0I0F3,24,ASSEMBLE+INSPECT,ASSEMBLER,2,true,false,2,CUT,false
P1|N6|F|WORK|d100|p100|f40|b50,P1,6,F,WORK,100,100,40,50,24,1500,41,13,14,6,true,true,"C1A0T0I0F3[1000,24,ASSEMBLE+INSPECT] vs C1A1T0I1F2[1150,21,ASSEMBLE+INSPECT]",7,false,2,2,true,C1A0T0I0F3,24,ASSEMBLE+INSPECT,ASSEMBLER,2,true,false,2,CUT,false
P1|N6|F|WORK|d100|p100|f60|b0,P1,6,F,WORK,100,100,60,0,29,800,41,13,14,1,false,false,"",0,true,0,0,true,C2A0T0I0F2,29,ASSEMBLE+INSPECT,FLEX_CELL,7,true,true,0,,false
P1|N6|F|WORK|d100|p100|f60|b10,P1,6,F,WORK,100,100,60,10,29,880,41,13,14,2,true,true,"C2A0T0I0F2[800,29,ASSEMBLE+INSPECT] vs C1A0T1I1F0[850,26,ASSEMBLE|INSPECT]",0,false,1,1,true,C2A0T0I0F2,29,ASSEMBLE+INSPECT,FLEX_CELL,7,true,true,0,,false
P1|N6|F|WORK|d100|p100|f60|b25,P1,6,F,WORK,100,100,60,25,29,1000,41,13,14,3,true,true,"C2A0T0I0F2[800,29,ASSEMBLE+INSPECT] vs C1A0T1I1F0[850,26,ASSEMBLE|INSPECT]",3,false,1,1,true,C2A0T0I0F2,29,ASSEMBLE+INSPECT,FLEX_CELL,7,true,true,0,,false
P1|N6|F|WORK|d100|p100|f60|b50,P1,6,F,WORK,100,100,60,50,29,1200,41,13,14,6,true,true,"C2A0T0I0F2[800,29,ASSEMBLE+INSPECT] vs C1A0T1I1F0[850,26,ASSEMBLE|INSPECT]",10,false,1,1,true,C2A0T0I0F2,29,ASSEMBLE+INSPECT,FLEX_CELL,7,true,true,0,,false
P1|N6|F|WORK|d100|p100|f80|b0,P1,6,F,WORK,100,100,80,0,35,700,41,13,14,1,false,false,"",0,true,0,0,true,C1A0T0I0F2,31,ASSEMBLE+INSPECT,FLEX_CELL,7,true,false,3,CUT,false
P1|N6|F|WORK|d100|p100|f80|b10,P1,6,F,WORK,100,100,80,10,35,770,41,13,14,1,false,false,"",0,true,0,0,true,C1A0T0I0F2,31,ASSEMBLE+INSPECT,FLEX_CELL,7,true,false,3,CUT,false
P1|N6|F|WORK|d100|p100|f80|b25,P1,6,F,WORK,100,100,80,25,35,875,41,13,14,3,true,true,"C1A0T0I0F2[700,31,ASSEMBLE+INSPECT] vs C1A0T1I1F0[850,26,ASSEMBLE|INSPECT]",0,false,1,1,true,C1A0T0I0F2,31,ASSEMBLE+INSPECT,FLEX_CELL,7,true,false,3,CUT,false
P1|N6|F|WORK|d100|p100|f80|b50,P1,6,F,WORK,100,100,80,50,35,1050,41,13,14,4,true,true,"C1A0T0I0F2[700,31,ASSEMBLE+INSPECT] vs C1A0T1I1F0[850,26,ASSEMBLE|INSPECT]",3,false,1,1,true,C1A0T0I0F2,31,ASSEMBLE+INSPECT,FLEX_CELL,7,true,false,3,CUT,false
P1|N6|F|WORK|d100|p125|f20|b0,P1,6,F,WORK,100,125,20,0,18,1575,41,13,14,1,false,false,"",0,true,1,0,true,C3A0T1I2F1,17,ASSEMBLE+INSPECT,ASSEMBLER,0,false,false,0,,false
P1|N6|F|WORK|d100|p125|f20|b10,P1,6,F,WORK,100,125,20,10,18,1732,41,13,14,1,false,false,"",0,true,1,0,true,C3A0T1I2F1,17,ASSEMBLE+INSPECT,ASSEMBLER,0,false,false,0,,false
P1|N6|F|WORK|d100|p125|f20|b25,P1,6,F,WORK,100,125,20,25,18,1968,41,13,14,1,false,false,"",0,true,1,0,true,C3A0T1I2F1,17,ASSEMBLE+INSPECT,ASSEMBLER,0,false,false,0,,false
P1|N6|F|WORK|d100|p125|f20|b50,P1,6,F,WORK,100,125,20,50,18,2362,41,13,14,3,true,true,"C3A0T1I2F1[1575,17,ASSEMBLE+INSPECT] vs C2A1T1I0F3[2225,16,ASSEMBLE+INSPECT]",0,false,3,0,true,C3A0T1I2F1,17,ASSEMBLE+INSPECT,ASSEMBLER,0,false,false,0,,false
P1|N6|F|WORK|d100|p125|f40|b0,P1,6,F,WORK,100,125,40,0,24,1100,41,13,14,1,false,false,"",0,true,1,0,true,C2A0T1I2F0,23,ASSEMBLE,ASSEMBLER,3,true,true,2,ASSEMBLE|INSPECT,false
P1|N6|F|WORK|d100|p125|f40|b10,P1,6,F,WORK,100,125,40,10,24,1210,41,13,14,1,false,false,"",0,true,1,0,true,C2A0T1I2F0,23,ASSEMBLE,ASSEMBLER,3,true,true,2,ASSEMBLE|INSPECT,false
P1|N6|F|WORK|d100|p125|f40|b25,P1,6,F,WORK,100,125,40,25,24,1375,41,13,14,4,true,true,"C2A0T1I2F0[1100,23,ASSEMBLE] vs C1A0T1I1F1[1225,22,ASSEMBLE+INSPECT]",4,false,4,1,true,C2A0T1I2F0,23,ASSEMBLE,ASSEMBLER,3,true,true,2,ASSEMBLE|INSPECT,true
P1|N6|F|WORK|d100|p125|f40|b50,P1,6,F,WORK,100,125,40,50,24,1650,41,13,14,6,true,true,"C2A0T1I2F0[1100,23,ASSEMBLE] vs C1A0T1I1F1[1225,22,ASSEMBLE+INSPECT]",4,false,6,1,true,C2A0T1I2F0,23,ASSEMBLE,ASSEMBLER,3,true,true,2,ASSEMBLE|INSPECT,true
P1|N6|F|WORK|d100|p125|f60|b0,P1,6,F,WORK,100,125,60,0,29,850,41,13,14,1,false,false,"",0,true,1,0,true,C1A0T1I1F0,26,ASSEMBLE|INSPECT,INSPECTOR,1,false,false,0,,false
P1|N6|F|WORK|d100|p125|f60|b10,P1,6,F,WORK,100,125,60,10,29,935,41,13,14,1,false,false,"",0,true,1,0,true,C1A0T1I1F0,26,ASSEMBLE|INSPECT,INSPECTOR,1,false,false,0,,false
P1|N6|F|WORK|d100|p125|f60|b25,P1,6,F,WORK,100,125,60,25,29,1062,41,13,14,2,true,false,"",0,true,2,0,true,C1A0T1I1F0,26,ASSEMBLE|INSPECT,INSPECTOR,1,false,false,0,,false
P1|N6|F|WORK|d100|p125|f60|b50,P1,6,F,WORK,100,125,60,50,29,1275,41,13,14,4,true,true,"C1A0T1I2F0[1000,25,ASSEMBLE] vs C1A0T1I1F1[1225,22,ASSEMBLE+INSPECT]",0,false,4,0,true,C1A0T1I1F0,26,ASSEMBLE|INSPECT,INSPECTOR,1,false,false,0,,false
P1|N6|F|WORK|d100|p125|f80|b0,P1,6,F,WORK,100,125,80,0,35,775,41,13,14,1,false,false,"",0,true,0,0,true,C1A1T0I0F1,32,ASSEMBLE+INSPECT,FLEX_CELL,7,true,true,3,CUT,false
P1|N6|F|WORK|d100|p125|f80|b10,P1,6,F,WORK,100,125,80,10,35,852,41,13,14,2,true,true,"C1A1T0I0F1[775,32,ASSEMBLE+INSPECT] vs C1A0T1I1F0[850,26,ASSEMBLE|INSPECT]",0,false,1,0,true,C1A1T0I0F1,32,ASSEMBLE+INSPECT,FLEX_CELL,7,true,true,3,CUT,true
P1|N6|F|WORK|d100|p125|f80|b25,P1,6,F,WORK,100,125,80,25,35,968,41,13,14,2,true,true,"C1A1T0I0F1[775,32,ASSEMBLE+INSPECT] vs C1A0T1I1F0[850,26,ASSEMBLE|INSPECT]",0,false,1,0,true,C1A1T0I0F1,32,ASSEMBLE+INSPECT,FLEX_CELL,7,true,true,3,CUT,true
P1|N6|F|WORK|d100|p125|f80|b50,P1,6,F,WORK,100,125,80,50,35,1162,41,13,14,4,true,true,"C1A1T0I0F1[775,32,ASSEMBLE+INSPECT] vs C1A0T1I1F0[850,26,ASSEMBLE|INSPECT]",0,false,3,0,true,C1A1T0I0F1,32,ASSEMBLE+INSPECT,FLEX_CELL,7,true,true,3,CUT,true
P1|N6|F|WORK|d100|p150|f20|b0,P1,6,F,WORK,100,150,20,0,18,1650,41,13,11,1,false,false,"",0,true,1,1,true,C3A0T1I2F1,17,ASSEMBLE+INSPECT,ASSEMBLER,0,false,false,0,,false
P1|N6|F|WORK|d100|p150|f20|b10,P1,6,F,WORK,100,150,20,10,18,1815,41,13,11,1,false,false,"",0,true,1,1,true,C3A0T1I2F1,17,ASSEMBLE+INSPECT,ASSEMBLER,0,false,false,0,,false
P1|N6|F|WORK|d100|p150|f20|b25,P1,6,F,WORK,100,150,20,25,18,2062,41,13,11,1,false,false,"",0,true,1,1,true,C3A0T1I2F1,17,ASSEMBLE+INSPECT,ASSEMBLER,0,false,false,0,,false
P1|N6|F|WORK|d100|p150|f20|b50,P1,6,F,WORK,100,150,20,50,18,2475,41,13,11,2,true,true,"C3A0T1I2F1[1650,17,ASSEMBLE+INSPECT] vs C2A0T2I1F2[2450,16,ASSEMBLE+INSPECT]",0,false,2,2,true,C3A0T1I2F1,17,ASSEMBLE+INSPECT,ASSEMBLER,0,false,false,0,,false
P1|N6|F|WORK|d100|p150|f40|b0,P1,6,F,WORK,100,150,40,0,24,1100,41,13,11,1,false,false,"",0,true,1,0,true,C2A0T1I2F0,23,ASSEMBLE,ASSEMBLER,3,true,true,2,ASSEMBLE|INSPECT,false
P1|N6|F|WORK|d100|p150|f40|b10,P1,6,F,WORK,100,150,40,10,24,1210,41,13,11,1,false,false,"",0,true,1,0,true,C2A0T1I2F0,23,ASSEMBLE,ASSEMBLER,3,true,true,2,ASSEMBLE|INSPECT,false
P1|N6|F|WORK|d100|p150|f40|b25,P1,6,F,WORK,100,150,40,25,24,1375,41,13,11,2,true,true,"C2A0T1I2F0[1100,23,ASSEMBLE] vs C1A1T1I2F0[1300,21,CUT|ASSEMBLE]",0,false,2,0,true,C2A0T1I2F0,23,ASSEMBLE,ASSEMBLER,3,true,true,2,ASSEMBLE|INSPECT,true
P1|N6|F|WORK|d100|p150|f40|b50,P1,6,F,WORK,100,150,40,50,24,1650,41,13,11,5,true,true,"C2A0T1I2F0[1100,23,ASSEMBLE] vs C1A1T1I2F0[1300,21,CUT|ASSEMBLE]",12,false,5,3,true,C2A0T1I2F0,23,ASSEMBLE,ASSEMBLER,3,true,true,2,ASSEMBLE|INSPECT,true
P1|N6|F|WORK|d100|p150|f60|b0,P1,6,F,WORK,100,150,60,0,29,850,41,13,11,1,false,false,"",0,true,1,0,true,C1A0T1I1F0,26,ASSEMBLE|INSPECT,INSPECTOR,1,false,false,0,,false
P1|N6|F|WORK|d100|p150|f60|b10,P1,6,F,WORK,100,150,60,10,29,935,41,13,11,1,false,false,"",0,true,1,0,true,C1A0T1I1F0,26,ASSEMBLE|INSPECT,INSPECTOR,1,false,false,0,,false
P1|N6|F|WORK|d100|p150|f60|b25,P1,6,F,WORK,100,150,60,25,29,1062,41,13,11,2,true,false,"",0,true,2,0,true,C1A0T1I1F0,26,ASSEMBLE|INSPECT,INSPECTOR,1,false,false,0,,false
P1|N6|F|WORK|d100|p150|f60|b50,P1,6,F,WORK,100,150,60,50,29,1275,41,13,11,3,true,false,"",0,false,3,0,true,C1A0T1I1F0,26,ASSEMBLE|INSPECT,INSPECTOR,1,false,false,0,,false
P1|N6|F|WORK|d100|p150|f80|b0,P1,6,F,WORK,100,150,80,0,35,850,41,13,11,1,false,false,"",0,true,1,0,true,C1A0T1I1F0,26,ASSEMBLE|INSPECT,INSPECTOR,1,false,false,0,,false
P1|N6|F|WORK|d100|p150|f80|b10,P1,6,F,WORK,100,150,80,10,35,935,41,13,11,1,false,false,"",0,true,1,0,true,C1A0T1I1F0,26,ASSEMBLE|INSPECT,INSPECTOR,1,false,false,0,,false
P1|N6|F|WORK|d100|p150|f80|b25,P1,6,F,WORK,100,150,80,25,35,1062,41,13,11,2,true,false,"",0,true,2,0,true,C1A0T1I1F0,26,ASSEMBLE|INSPECT,INSPECTOR,1,false,false,0,,false
P1|N6|F|WORK|d100|p150|f80|b50,P1,6,F,WORK,100,150,80,50,35,1275,41,13,11,3,true,false,"",0,false,3,0,true,C1A0T1I1F0,26,ASSEMBLE|INSPECT,INSPECTOR,1,false,false,0,,false
P1|N6|F|WORK|d100|p200|f20|b0,P1,6,F,WORK,100,200,20,0,18,1650,41,13,11,1,false,false,"",0,true,1,0,true,C3A1T1I3F0,17,ASSEMBLE,ASSEMBLER,0,false,false,3,ASSEMBLE|INSPECT,false
P1|N6|F|WORK|d100|p200|f20|b10,P1,6,F,WORK,100,200,20,10,18,1815,41,13,11,1,false,false,"",0,true,1,0,true,C3A1T1I3F0,17,ASSEMBLE,ASSEMBLER,0,false,false,3,ASSEMBLE|INSPECT,false
P1|N6|F|WORK|d100|p200|f20|b25,P1,6,F,WORK,100,200,20,25,18,2062,41,13,11,1,false,false,"",0,true,1,0,true,C3A1T1I3F0,17,ASSEMBLE,ASSEMBLER,0,false,false,3,ASSEMBLE|INSPECT,false
P1|N6|F|WORK|d100|p200|f20|b50,P1,6,F,WORK,100,200,20,50,18,2475,41,13,11,2,true,true,"C3A1T1I3F0[1650,17,ASSEMBLE] vs C2A0T3I3F0[2450,16,CUT|ASSEMBLE|INSPECT]",0,false,2,0,true,C3A1T1I3F0,17,ASSEMBLE,ASSEMBLER,0,false,false,3,ASSEMBLE|INSPECT,false
P1|N6|F|WORK|d100|p200|f40|b0,P1,6,F,WORK,100,200,40,0,24,1100,41,13,11,1,false,false,"",0,true,1,0,true,C2A0T1I2F0,23,ASSEMBLE,ASSEMBLER,3,true,true,2,ASSEMBLE|INSPECT,false
P1|N6|F|WORK|d100|p200|f40|b10,P1,6,F,WORK,100,200,40,10,24,1210,41,13,11,1,false,false,"",0,true,1,0,true,C2A0T1I2F0,23,ASSEMBLE,ASSEMBLER,3,true,true,2,ASSEMBLE|INSPECT,false
P1|N6|F|WORK|d100|p200|f40|b25,P1,6,F,WORK,100,200,40,25,24,1375,41,13,11,2,true,true,"C2A0T1I2F0[1100,23,ASSEMBLE] vs C1A1T1I2F0[1300,21,CUT|ASSEMBLE]",0,false,2,0,true,C2A0T1I2F0,23,ASSEMBLE,ASSEMBLER,3,true,true,2,ASSEMBLE|INSPECT,true
P1|N6|F|WORK|d100|p200|f40|b50,P1,6,F,WORK,100,200,40,50,24,1650,41,13,11,5,true,true,"C2A0T1I2F0[1100,23,ASSEMBLE] vs C1A1T1I2F0[1300,21,CUT|ASSEMBLE]",0,false,5,0,true,C2A0T1I2F0,23,ASSEMBLE,ASSEMBLER,3,true,true,2,ASSEMBLE|INSPECT,true
P1|N6|F|WORK|d100|p200|f60|b0,P1,6,F,WORK,100,200,60,0,29,850,41,13,11,1,false,false,"",0,true,1,0,true,C1A0T1I1F0,26,ASSEMBLE|INSPECT,INSPECTOR,1,false,false,0,,false
P1|N6|F|WORK|d100|p200|f60|b10,P1,6,F,WORK,100,200,60,10,29,935,41,13,11,1,false,false,"",0,true,1,0,true,C1A0T1I1F0,26,ASSEMBLE|INSPECT,INSPECTOR,1,false,false,0,,false
P1|N6|F|WORK|d100|p200|f60|b25,P1,6,F,WORK,100,200,60,25,29,1062,41,13,11,2,true,false,"",0,true,2,0,true,C1A0T1I1F0,26,ASSEMBLE|INSPECT,INSPECTOR,1,false,false,0,,false
P1|N6|F|WORK|d100|p200|f60|b50,P1,6,F,WORK,100,200,60,50,29,1275,41,13,11,3,true,false,"",0,false,3,0,true,C1A0T1I1F0,26,ASSEMBLE|INSPECT,INSPECTOR,1,false,false,0,,false
P1|N6|F|WORK|d100|p200|f80|b0,P1,6,F,WORK,100,200,80,0,35,850,41,13,11,1,false,false,"",0,true,1,0,true,C1A0T1I1F0,26,ASSEMBLE|INSPECT,INSPECTOR,1,false,false,0,,false
P1|N6|F|WORK|d100|p200|f80|b10,P1,6,F,WORK,100,200,80,10,35,935,41,13,11,1,false,false,"",0,true,1,0,true,C1A0T1I1F0,26,ASSEMBLE|INSPECT,INSPECTOR,1,false,false,0,,false
P1|N6|F|WORK|d100|p200|f80|b25,P1,6,F,WORK,100,200,80,25,35,1062,41,13,11,2,true,false,"",0,true,2,0,true,C1A0T1I1F0,26,ASSEMBLE|INSPECT,INSPECTOR,1,false,false,0,,false
P1|N6|F|WORK|d100|p200|f80|b50,P1,6,F,WORK,100,200,80,50,35,1275,41,13,11,3,true,false,"",0,false,3,0,true,C1A0T1I1F0,26,ASSEMBLE|INSPECT,INSPECTOR,1,false,false,0,,false
P1|N12|D|UNIFORM|d75|p0|f20|b0,P1,12,D,UNIFORM,75,0,20,0,29,700,77,17,11,1,false,false,"",0,true,0,0,true,C2A0T2I2F0,26,ASSEMBLE|INSPECT,ASSEMBLER,0,false,false,0,,false
P1|N12|D|UNIFORM|d75|p0|f20|b10,P1,12,D,UNIFORM,75,0,20,10,29,770,77,17,11,1,false,false,"",0,true,0,0,true,C2A0T2I2F0,26,ASSEMBLE|INSPECT,ASSEMBLER,0,false,false,0,,false
P1|N12|D|UNIFORM|d75|p0|f20|b25,P1,12,D,UNIFORM,75,0,20,25,29,875,77,17,11,1,false,false,"",0,true,0,0,true,C2A0T2I2F0,26,ASSEMBLE|INSPECT,ASSEMBLER,0,false,false,0,,false
P1|N12|D|UNIFORM|d75|p0|f20|b50,P1,12,D,UNIFORM,75,0,20,50,29,1050,77,17,11,4,true,false,"",0,true,0,0,true,C2A0T2I2F0,26,ASSEMBLE|INSPECT,ASSEMBLER,0,false,false,0,,false
P1|N12|D|UNIFORM|d75|p0|f40|b0,P1,12,D,UNIFORM,75,0,40,0,41,550,77,17,11,1,false,false,"",0,true,0,0,true,C1A1T1I2F0,33,CUT|ASSEMBLE,CUTTER,1,false,false,0,,false
P1|N12|D|UNIFORM|d75|p0|f40|b10,P1,12,D,UNIFORM,75,0,40,10,41,605,77,17,11,1,false,false,"",0,true,0,0,true,C1A1T1I2F0,33,CUT|ASSEMBLE,CUTTER,1,false,false,0,,false
P1|N12|D|UNIFORM|d75|p0|f40|b25,P1,12,D,UNIFORM,75,0,40,25,41,687,77,17,11,2,true,false,"",0,true,0,0,true,C1A1T1I2F0,33,CUT|ASSEMBLE,CUTTER,1,false,false,0,,false
P1|N12|D|UNIFORM|d75|p0|f40|b50,P1,12,D,UNIFORM,75,0,40,50,41,825,77,17,11,3,true,false,"",0,true,0,0,true,C1A1T1I2F0,33,CUT|ASSEMBLE,CUTTER,1,false,false,0,,false
P1|N12|D|UNIFORM|d75|p0|f60|b0,P1,12,D,UNIFORM,75,0,60,0,53,350,77,17,11,1,false,false,"",0,true,0,0,true,C1A0T1I1F0,44,ASSEMBLE|INSPECT,INSPECTOR,1,false,false,0,,false
P1|N12|D|UNIFORM|d75|p0|f60|b10,P1,12,D,UNIFORM,75,0,60,10,53,385,77,17,11,1,false,false,"",0,true,0,0,true,C1A0T1I1F0,44,ASSEMBLE|INSPECT,INSPECTOR,1,false,false,0,,false
P1|N12|D|UNIFORM|d75|p0|f60|b25,P1,12,D,UNIFORM,75,0,60,25,53,437,77,17,11,1,false,false,"",0,true,0,0,true,C1A0T1I1F0,44,ASSEMBLE|INSPECT,INSPECTOR,1,false,false,0,,false
P1|N12|D|UNIFORM|d75|p0|f60|b50,P1,12,D,UNIFORM,75,0,60,50,53,525,77,17,11,2,true,false,"",0,true,0,0,true,C1A0T1I1F0,44,ASSEMBLE|INSPECT,INSPECTOR,1,false,false,0,,false
P1|N12|D|UNIFORM|d75|p0|f80|b0,P1,12,D,UNIFORM,75,0,80,0,65,350,77,17,11,1,false,false,"",0,true,0,0,true,C1A0T1I1F0,44,ASSEMBLE|INSPECT,INSPECTOR,1,false,false,0,,false
P1|N12|D|UNIFORM|d75|p0|f80|b10,P1,12,D,UNIFORM,75,0,80,10,65,385,77,17,11,1,false,false,"",0,true,0,0,true,C1A0T1I1F0,44,ASSEMBLE|INSPECT,INSPECTOR,1,false,false,0,,false
P1|N12|D|UNIFORM|d75|p0|f80|b25,P1,12,D,UNIFORM,75,0,80,25,65,437,77,17,11,1,false,false,"",0,true,0,0,true,C1A0T1I1F0,44,ASSEMBLE|INSPECT,INSPECTOR,1,false,false,0,,false
P1|N12|D|UNIFORM|d75|p0|f80|b50,P1,12,D,UNIFORM,75,0,80,50,65,525,77,17,11,2,true,false,"",0,true,0,0,true,C1A0T1I1F0,44,ASSEMBLE|INSPECT,INSPECTOR,1,false,false,0,,false
P1|N12|D|UNIFORM|d90|p0|f20|b0,P1,12,D,UNIFORM,90,0,20,0,29,760,77,17,11,1,false,false,"",0,true,0,0,true,C2A0T2I2F0,26,ASSEMBLE|INSPECT,ASSEMBLER,0,false,false,0,,false
P1|N12|D|UNIFORM|d90|p0|f20|b10,P1,12,D,UNIFORM,90,0,20,10,29,836,77,17,11,1,false,false,"",0,true,0,0,true,C2A0T2I2F0,26,ASSEMBLE|INSPECT,ASSEMBLER,0,false,false,0,,false
P1|N12|D|UNIFORM|d90|p0|f20|b25,P1,12,D,UNIFORM,90,0,20,25,29,950,77,17,11,1,false,false,"",0,true,0,0,true,C2A0T2I2F0,26,ASSEMBLE|INSPECT,ASSEMBLER,0,false,false,0,,false
P1|N12|D|UNIFORM|d90|p0|f20|b50,P1,12,D,UNIFORM,90,0,20,50,29,1140,77,17,11,4,true,false,"",0,true,0,0,true,C2A0T2I2F0,26,ASSEMBLE|INSPECT,ASSEMBLER,0,false,false,0,,false
P1|N12|D|UNIFORM|d90|p0|f40|b0,P1,12,D,UNIFORM,90,0,40,0,41,580,77,17,11,1,false,false,"",0,true,0,0,true,C1A1T1I2F0,33,CUT|ASSEMBLE,CUTTER,1,false,false,0,,false
P1|N12|D|UNIFORM|d90|p0|f40|b10,P1,12,D,UNIFORM,90,0,40,10,41,638,77,17,11,1,false,false,"",0,true,0,0,true,C1A1T1I2F0,33,CUT|ASSEMBLE,CUTTER,1,false,false,0,,false
P1|N12|D|UNIFORM|d90|p0|f40|b25,P1,12,D,UNIFORM,90,0,40,25,41,725,77,17,11,2,true,false,"",0,true,0,0,true,C1A1T1I2F0,33,CUT|ASSEMBLE,CUTTER,1,false,false,0,,false
P1|N12|D|UNIFORM|d90|p0|f40|b50,P1,12,D,UNIFORM,90,0,40,50,41,870,77,17,11,3,true,false,"",0,true,0,0,true,C1A1T1I2F0,33,CUT|ASSEMBLE,CUTTER,1,false,false,0,,false
P1|N12|D|UNIFORM|d90|p0|f60|b0,P1,12,D,UNIFORM,90,0,60,0,53,380,77,17,11,1,false,false,"",0,true,0,0,true,C1A0T1I1F0,44,ASSEMBLE|INSPECT,INSPECTOR,1,false,false,0,,false
P1|N12|D|UNIFORM|d90|p0|f60|b10,P1,12,D,UNIFORM,90,0,60,10,53,418,77,17,11,1,false,false,"",0,true,0,0,true,C1A0T1I1F0,44,ASSEMBLE|INSPECT,INSPECTOR,1,false,false,0,,false
P1|N12|D|UNIFORM|d90|p0|f60|b25,P1,12,D,UNIFORM,90,0,60,25,53,475,77,17,11,1,false,false,"",0,true,0,0,true,C1A0T1I1F0,44,ASSEMBLE|INSPECT,INSPECTOR,1,false,false,0,,false
P1|N12|D|UNIFORM|d90|p0|f60|b50,P1,12,D,UNIFORM,90,0,60,50,53,570,77,17,11,2,true,false,"",0,true,0,0,true,C1A0T1I1F0,44,ASSEMBLE|INSPECT,INSPECTOR,1,false,false,0,,false
P1|N12|D|UNIFORM|d90|p0|f80|b0,P1,12,D,UNIFORM,90,0,80,0,65,380,77,17,11,1,false,false,"",0,true,0,0,true,C1A0T1I1F0,44,ASSEMBLE|INSPECT,INSPECTOR,1,false,false,0,,false
P1|N12|D|UNIFORM|d90|p0|f80|b10,P1,12,D,UNIFORM,90,0,80,10,65,418,77,17,11,1,false,false,"",0,true,0,0,true,C1A0T1I1F0,44,ASSEMBLE|INSPECT,INSPECTOR,1,false,false,0,,false
P1|N12|D|UNIFORM|d90|p0|f80|b25,P1,12,D,UNIFORM,90,0,80,25,65,475,77,17,11,1,false,false,"",0,true,0,0,true,C1A0T1I1F0,44,ASSEMBLE|INSPECT,INSPECTOR,1,false,false,0,,false
P1|N12|D|UNIFORM|d90|p0|f80|b50,P1,12,D,UNIFORM,90,0,80,50,65,570,77,17,11,2,true,false,"",0,true,0,0,true,C1A0T1I1F0,44,ASSEMBLE|INSPECT,INSPECTOR,1,false,false,0,,false
P1|N12|D|UNIFORM|d100|p0|f20|b0,P1,12,D,UNIFORM,100,0,20,0,29,800,77,17,11,1,false,false,"",0,true,1,0,true,C2A0T2I2F0,26,ASSEMBLE|INSPECT,ASSEMBLER,0,false,false,0,,false
P1|N12|D|UNIFORM|d100|p0|f20|b10,P1,12,D,UNIFORM,100,0,20,10,29,880,77,17,11,1,false,false,"",0,true,1,0,true,C2A0T2I2F0,26,ASSEMBLE|INSPECT,ASSEMBLER,0,false,false,0,,false
P1|N12|D|UNIFORM|d100|p0|f20|b25,P1,12,D,UNIFORM,100,0,20,25,29,1000,77,17,11,2,true,false,"",0,true,2,0,true,C2A0T2I2F0,26,ASSEMBLE|INSPECT,ASSEMBLER,0,false,false,0,,false
P1|N12|D|UNIFORM|d100|p0|f20|b50,P1,12,D,UNIFORM,100,0,20,50,29,1200,77,17,11,4,true,false,"",0,true,4,0,true,C2A0T2I2F0,26,ASSEMBLE|INSPECT,ASSEMBLER,0,false,false,0,,false
P1|N12|D|UNIFORM|d100|p0|f40|b0,P1,12,D,UNIFORM,100,0,40,0,41,600,77,17,11,1,false,false,"",0,true,1,0,true,C1A1T1I2F0,33,CUT|ASSEMBLE,CUTTER,1,false,false,0,,false
P1|N12|D|UNIFORM|d100|p0|f40|b10,P1,12,D,UNIFORM,100,0,40,10,41,660,77,17,11,1,false,false,"",0,true,1,0,true,C1A1T1I2F0,33,CUT|ASSEMBLE,CUTTER,1,false,false,0,,false
P1|N12|D|UNIFORM|d100|p0|f40|b25,P1,12,D,UNIFORM,100,0,40,25,41,750,77,17,11,2,true,false,"",0,true,2,0,true,C1A1T1I2F0,33,CUT|ASSEMBLE,CUTTER,1,false,false,0,,false
P1|N12|D|UNIFORM|d100|p0|f40|b50,P1,12,D,UNIFORM,100,0,40,50,41,900,77,17,11,3,true,false,"",0,true,3,0,true,C1A1T1I2F0,33,CUT|ASSEMBLE,CUTTER,1,false,false,0,,false
P1|N12|D|UNIFORM|d100|p0|f60|b0,P1,12,D,UNIFORM,100,0,60,0,53,400,77,17,11,1,false,false,"",0,true,1,0,true,C1A0T1I1F0,44,ASSEMBLE|INSPECT,INSPECTOR,1,false,false,0,,false
P1|N12|D|UNIFORM|d100|p0|f60|b10,P1,12,D,UNIFORM,100,0,60,10,53,440,77,17,11,1,false,false,"",0,true,1,0,true,C1A0T1I1F0,44,ASSEMBLE|INSPECT,INSPECTOR,1,false,false,0,,false
P1|N12|D|UNIFORM|d100|p0|f60|b25,P1,12,D,UNIFORM,100,0,60,25,53,500,77,17,11,2,true,false,"",0,true,2,0,true,C1A0T1I1F0,44,ASSEMBLE|INSPECT,INSPECTOR,1,false,false,0,,false
P1|N12|D|UNIFORM|d100|p0|f60|b50,P1,12,D,UNIFORM,100,0,60,50,53,600,77,17,11,3,true,false,"",0,true,3,0,true,C1A0T1I1F0,44,ASSEMBLE|INSPECT,INSPECTOR,1,false,false,0,,false
P1|N12|D|UNIFORM|d100|p0|f80|b0,P1,12,D,UNIFORM,100,0,80,0,65,400,77,17,11,1,false,false,"",0,true,1,0,true,C1A0T1I1F0,44,ASSEMBLE|INSPECT,INSPECTOR,1,false,false,0,,false
P1|N12|D|UNIFORM|d100|p0|f80|b10,P1,12,D,UNIFORM,100,0,80,10,65,440,77,17,11,1,false,false,"",0,true,1,0,true,C1A0T1I1F0,44,ASSEMBLE|INSPECT,INSPECTOR,1,false,false,0,,false
P1|N12|D|UNIFORM|d100|p0|f80|b25,P1,12,D,UNIFORM,100,0,80,25,65,500,77,17,11,2,true,false,"",0,true,2,0,true,C1A0T1I1F0,44,ASSEMBLE|INSPECT,INSPECTOR,1,false,false,0,,false
P1|N12|D|UNIFORM|d100|p0|f80|b50,P1,12,D,UNIFORM,100,0,80,50,65,600,77,17,11,3,true,false,"",0,true,3,0,true,C1A0T1I1F0,44,ASSEMBLE|INSPECT,INSPECTOR,1,false,false,0,,false
P1|N12|D|WORK|d75|p0|f20|b0,P1,12,D,WORK,75,0,20,0,29,1400,77,17,13,1,false,false,"",0,true,0,0,true,C2A0T2I2F0,26,ASSEMBLE|INSPECT,ASSEMBLER,0,false,false,0,,false
P1|N12|D|WORK|d75|p0|f20|b10,P1,12,D,WORK,75,0,20,10,29,1540,77,17,13,1,false,false,"",0,true,0,0,true,C2A0T2I2F0,26,ASSEMBLE|INSPECT,ASSEMBLER,0,false,false,0,,false
P1|N12|D|WORK|d75|p0|f20|b25,P1,12,D,WORK,75,0,20,25,29,1750,77,17,13,2,true,false,"",0,true,0,0,true,C2A0T2I2F0,26,ASSEMBLE|INSPECT,ASSEMBLER,0,false,false,0,,false
P1|N12|D|WORK|d75|p0|f20|b50,P1,12,D,WORK,75,0,20,50,29,2100,77,17,13,5,true,true,"C2A0T2I4F0[1700,25,ASSEMBLE] vs C2A1T2I3F0[1850,23,ASSEMBLE]",0,false,0,0,true,C2A0T2I2F0,26,ASSEMBLE|INSPECT,ASSEMBLER,0,false,false,0,,false
P1|N12|D|WORK|d75|p0|f40|b0,P1,12,D,WORK,75,0,40,0,41,950,77,17,13,1,false,false,"",0,true,0,0,true,C2A0T1I2F0,41,ASSEMBLE,ASSEMBLER,9,true,true,2,ASSEMBLE|INSPECT,false
P1|N12|D|WORK|d75|p0|f40|b10,P1,12,D,WORK,75,0,40,10,41,1045,77,17,13,1,false,false,"",0,true,0,0,true,C2A0T1I2F0,41,ASSEMBLE,ASSEMBLER,9,true,true,2,ASSEMBLE|INSPECT,false
P1|N12|D|WORK|d75|p0|f40|b25,P1,12,D,WORK,75,0,40,25,41,1187,77,17,13,2,true,true,"C2A0T1I2F0[950,41,ASSEMBLE] vs C1A1T1I2F0[1150,33,CUT|ASSEMBLE]",0,false,0,0,true,C2A0T1I2F0,41,ASSEMBLE,ASSEMBLER,9,true,true,2,ASSEMBLE|INSPECT,true
P1|N12|D|WORK|d75|p0|f40|b50,P1,12,D,WORK,75,0,40,50,41,1425,77,17,13,4,true,true,"C2A0T1I2F0[950,41,ASSEMBLE] vs C1A1T1I2F0[1150,33,CUT|ASSEMBLE]",0,false,0,0,true,C2A0T1I2F0,41,ASSEMBLE,ASSEMBLER,9,true,true,2,ASSEMBLE|INSPECT,true
P1|N12|D|WORK|d75|p0|f60|b0,P1,12,D,WORK,75,0,60,0,53,700,77,17,13,1,false,false,"",0,true,0,0,true,C1A0T1I1F0,44,ASSEMBLE|INSPECT,INSPECTOR,1,false,false,0,,false
P1|N12|D|WORK|d75|p0|f60|b10,P1,12,D,WORK,75,0,60,10,53,770,77,17,13,1,false,false,"",0,true,0,0,true,C1A0T1I1F0,44,ASSEMBLE|INSPECT,INSPECTOR,1,false,false,0,,false
P1|N12|D|WORK|d75|p0|f60|b25,P1,12,D,WORK,75,0,60,25,53,875,77,17,13,2,true,false,"",0,true,0,0,true,C1A0T1I1F0,44,ASSEMBLE|INSPECT,INSPECTOR,1,false,false,0,,false
P1|N12|D|WORK|d75|p0|f60|b50,P1,12,D,WORK,75,0,60,50,53,1050,77,17,13,3,true,false,"",0,false,0,0,true,C1A0T1I1F0,44,ASSEMBLE|INSPECT,INSPECTOR,1,false,false,0,,false
P1|N12|D|WORK|d75|p0|f80|b0,P1,12,D,WORK,75,0,80,0,65,700,77,17,13,1,false,false,"",0,true,0,0,true,C1A0T1I1F0,44,ASSEMBLE|INSPECT,INSPECTOR,1,false,false,0,,false
P1|N12|D|WORK|d75|p0|f80|b10,P1,12,D,WORK,75,0,80,10,65,770,77,17,13,1,false,false,"",0,true,0,0,true,C1A0T1I1F0,44,ASSEMBLE|INSPECT,INSPECTOR,1,false,false,0,,false
P1|N12|D|WORK|d75|p0|f80|b25,P1,12,D,WORK,75,0,80,25,65,875,77,17,13,2,true,false,"",0,true,0,0,true,C1A0T1I1F0,44,ASSEMBLE|INSPECT,INSPECTOR,1,false,false,0,,false
P1|N12|D|WORK|d75|p0|f80|b50,P1,12,D,WORK,75,0,80,50,65,1050,77,17,13,3,true,false,"",0,false,0,0,true,C1A0T1I1F0,44,ASSEMBLE|INSPECT,INSPECTOR,1,false,false,0,,false
P1|N12|D|WORK|d90|p0|f20|b0,P1,12,D,WORK,90,0,20,0,29,1580,77,17,14,1,false,false,"",0,true,0,0,true,C2A0T2I2F0,26,ASSEMBLE|INSPECT,ASSEMBLER,0,false,false,0,,false
P1|N12|D|WORK|d90|p0|f20|b10,P1,12,D,WORK,90,0,20,10,29,1738,77,17,14,1,false,false,"",0,true,0,0,true,C2A0T2I2F0,26,ASSEMBLE|INSPECT,ASSEMBLER,0,false,false,0,,false
P1|N12|D|WORK|d90|p0|f20|b25,P1,12,D,WORK,90,0,20,25,29,1975,77,17,14,2,true,false,"",0,true,0,0,true,C2A0T2I2F0,26,ASSEMBLE|INSPECT,ASSEMBLER,0,false,false,0,,false
P1|N12|D|WORK|d90|p0|f20|b50,P1,12,D,WORK,90,0,20,50,29,2370,77,17,14,5,true,true,"C2A0T2I4F0[1880,25,ASSEMBLE] vs C2A1T2I3F0[2030,23,ASSEMBLE]",0,false,0,0,true,C2A0T2I2F0,26,ASSEMBLE|INSPECT,ASSEMBLER,0,false,false,0,,false
P1|N12|D|WORK|d90|p0|f40|b0,P1,12,D,WORK,90,0,40,0,41,1040,77,17,14,1,false,false,"",0,true,0,0,true,C2A0T1I2F0,41,ASSEMBLE,ASSEMBLER,9,true,true,2,ASSEMBLE|INSPECT,false
P1|N12|D|WORK|d90|p0|f40|b10,P1,12,D,WORK,90,0,40,10,41,1144,77,17,14,1,false,false,"",0,true,0,0,true,C2A0T1I2F0,41,ASSEMBLE,ASSEMBLER,9,true,true,2,ASSEMBLE|INSPECT,false
P1|N12|D|WORK|d90|p0|f40|b25,P1,12,D,WORK,90,0,40,25,41,1300,77,17,14,2,true,true,"C2A0T1I2F0[1040,41,ASSEMBLE] vs C1A1T1I2F0[1240,33,CUT|ASSEMBLE]",0,false,0,0,true,C2A0T1I2F0,41,ASSEMBLE,ASSEMBLER,9,true,true,2,ASSEMBLE|INSPECT,true
P1|N12|D|WORK|d90|p0|f40|b50,P1,12,D,WORK,90,0,40,50,41,1560,77,17,14,4,true,true,"C2A0T1I2F0[1040,41,ASSEMBLE] vs C1A1T1I2F0[1240,33,CUT|ASSEMBLE]",0,false,0,0,true,C2A0T1I2F0,41,ASSEMBLE,ASSEMBLER,9,true,true,2,ASSEMBLE|INSPECT,true
P1|N12|D|WORK|d90|p0|f60|b0,P1,12,D,WORK,90,0,60,0,53,790,77,17,14,1,false,false,"",0,true,0,0,true,C1A0T1I1F0,44,ASSEMBLE|INSPECT,INSPECTOR,1,false,false,0,,false
P1|N12|D|WORK|d90|p0|f60|b10,P1,12,D,WORK,90,0,60,10,53,869,77,17,14,1,false,false,"",0,true,0,0,true,C1A0T1I1F0,44,ASSEMBLE|INSPECT,INSPECTOR,1,false,false,0,,false
P1|N12|D|WORK|d90|p0|f60|b25,P1,12,D,WORK,90,0,60,25,53,987,77,17,14,2,true,false,"",0,true,0,0,true,C1A0T1I1F0,44,ASSEMBLE|INSPECT,INSPECTOR,1,false,false,0,,false
P1|N12|D|WORK|d90|p0|f60|b50,P1,12,D,WORK,90,0,60,50,53,1185,77,17,14,3,true,false,"",0,false,0,0,true,C1A0T1I1F0,44,ASSEMBLE|INSPECT,INSPECTOR,1,false,false,0,,false
P1|N12|D|WORK|d90|p0|f80|b0,P1,12,D,WORK,90,0,80,0,65,790,77,17,14,1,false,false,"",0,true,0,0,true,C1A0T1I1F0,44,ASSEMBLE|INSPECT,INSPECTOR,1,false,false,0,,false
P1|N12|D|WORK|d90|p0|f80|b10,P1,12,D,WORK,90,0,80,10,65,869,77,17,14,1,false,false,"",0,true,0,0,true,C1A0T1I1F0,44,ASSEMBLE|INSPECT,INSPECTOR,1,false,false,0,,false
P1|N12|D|WORK|d90|p0|f80|b25,P1,12,D,WORK,90,0,80,25,65,987,77,17,14,2,true,false,"",0,true,0,0,true,C1A0T1I1F0,44,ASSEMBLE|INSPECT,INSPECTOR,1,false,false,0,,false
P1|N12|D|WORK|d90|p0|f80|b50,P1,12,D,WORK,90,0,80,50,65,1185,77,17,14,3,true,false,"",0,false,0,0,true,C1A0T1I1F0,44,ASSEMBLE|INSPECT,INSPECTOR,1,false,false,0,,false
P1|N12|D|WORK|d100|p0|f20|b0,P1,12,D,WORK,100,0,20,0,29,1650,77,17,15,1,false,false,"",0,true,1,0,true,C3A1T1I3F0,29,ASSEMBLE,ASSEMBLER,3,true,true,3,ASSEMBLE|INSPECT,false
P1|N12|D|WORK|d100|p0|f20|b10,P1,12,D,WORK,100,0,20,10,29,1815,77,17,15,2,true,true,"C3A1T1I3F0[1650,29,ASSEMBLE] vs C2A0T2I2F0[1700,26,ASSEMBLE|INSPECT]",0,false,2,0,true,C3A1T1I3F0,29,ASSEMBLE,ASSEMBLER,3,true,true,3,ASSEMBLE|INSPECT,true
P1|N12|D|WORK|d100|p0|f20|b25,P1,12,D,WORK,100,0,20,25,29,2062,77,17,15,3,true,true,"C3A1T1I3F0[1650,29,ASSEMBLE] vs C2A0T2I2F0[1700,26,ASSEMBLE|INSPECT]",0,false,3,0,true,C3A1T1I3F0,29,ASSEMBLE,ASSEMBLER,3,true,true,3,ASSEMBLE|INSPECT,true
P1|N12|D|WORK|d100|p0|f20|b50,P1,12,D,WORK,100,0,20,50,29,2475,77,17,15,5,true,true,"C3A1T1I3F0[1650,29,ASSEMBLE] vs C2A0T2I2F0[1700,26,ASSEMBLE|INSPECT]",0,false,5,0,true,C3A1T1I3F0,29,ASSEMBLE,ASSEMBLER,3,true,true,3,ASSEMBLE|INSPECT,true
P1|N12|D|WORK|d100|p0|f40|b0,P1,12,D,WORK,100,0,40,0,41,1100,77,17,15,1,false,false,"",0,true,1,0,true,C2A0T1I2F0,41,ASSEMBLE,ASSEMBLER,9,true,true,2,ASSEMBLE|INSPECT,false
P1|N12|D|WORK|d100|p0|f40|b10,P1,12,D,WORK,100,0,40,10,41,1210,77,17,15,1,false,false,"",0,true,1,0,true,C2A0T1I2F0,41,ASSEMBLE,ASSEMBLER,9,true,true,2,ASSEMBLE|INSPECT,false
P1|N12|D|WORK|d100|p0|f40|b25,P1,12,D,WORK,100,0,40,25,41,1375,77,17,15,2,true,true,"C2A0T1I2F0[1100,41,ASSEMBLE] vs C1A1T1I2F0[1300,33,CUT|ASSEMBLE]",0,false,2,0,true,C2A0T1I2F0,41,ASSEMBLE,ASSEMBLER,9,true,true,2,ASSEMBLE|INSPECT,true
P1|N12|D|WORK|d100|p0|f40|b50,P1,12,D,WORK,100,0,40,50,41,1650,77,17,15,5,true,true,"C2A0T1I2F0[1100,41,ASSEMBLE] vs C1A1T1I2F0[1300,33,CUT|ASSEMBLE]",0,false,5,0,true,C2A0T1I2F0,41,ASSEMBLE,ASSEMBLER,9,true,true,2,ASSEMBLE|INSPECT,true
P1|N12|D|WORK|d100|p0|f60|b0,P1,12,D,WORK,100,0,60,0,53,850,77,17,15,1,false,false,"",0,true,1,0,true,C1A0T1I1F0,44,ASSEMBLE|INSPECT,INSPECTOR,1,false,false,0,,false
P1|N12|D|WORK|d100|p0|f60|b10,P1,12,D,WORK,100,0,60,10,53,935,77,17,15,1,false,false,"",0,true,1,0,true,C1A0T1I1F0,44,ASSEMBLE|INSPECT,INSPECTOR,1,false,false,0,,false
P1|N12|D|WORK|d100|p0|f60|b25,P1,12,D,WORK,100,0,60,25,53,1062,77,17,15,2,true,false,"",0,true,2,0,true,C1A0T1I1F0,44,ASSEMBLE|INSPECT,INSPECTOR,1,false,false,0,,false
P1|N12|D|WORK|d100|p0|f60|b50,P1,12,D,WORK,100,0,60,50,53,1275,77,17,15,3,true,false,"",0,false,3,0,true,C1A0T1I1F0,44,ASSEMBLE|INSPECT,INSPECTOR,1,false,false,0,,false
P1|N12|D|WORK|d100|p0|f80|b0,P1,12,D,WORK,100,0,80,0,65,850,77,17,15,1,false,false,"",0,true,1,0,true,C1A0T1I1F0,44,ASSEMBLE|INSPECT,INSPECTOR,1,false,false,0,,false
P1|N12|D|WORK|d100|p0|f80|b10,P1,12,D,WORK,100,0,80,10,65,935,77,17,15,1,false,false,"",0,true,1,0,true,C1A0T1I1F0,44,ASSEMBLE|INSPECT,INSPECTOR,1,false,false,0,,false
P1|N12|D|WORK|d100|p0|f80|b25,P1,12,D,WORK,100,0,80,25,65,1062,77,17,15,2,true,false,"",0,true,2,0,true,C1A0T1I1F0,44,ASSEMBLE|INSPECT,INSPECTOR,1,false,false,0,,false
P1|N12|D|WORK|d100|p0|f80|b50,P1,12,D,WORK,100,0,80,50,65,1275,77,17,15,3,true,false,"",0,false,3,0,true,C1A0T1I1F0,44,ASSEMBLE|INSPECT,INSPECTOR,1,false,false,0,,false
P1|N12|F|UNIFORM|d75|p100|f20|b0,P1,12,F,UNIFORM,75,100,20,0,28,650,77,16,15,1,false,false,"",0,true,0,0,true,C2A0T1I0F3,28,ASSEMBLE+INSPECT,FLEX_CELL,3,true,false,4,CUT|ASSEMBLE+INSPECT,false
P1|N12|F|UNIFORM|d75|p100|f20|b10,P1,12,F,UNIFORM,75,100,20,10,28,715,77,16,15,2,true,true,"C2A0T1I0F3[650,28,ASSEMBLE+INSPECT] vs C2A0T2I0F2[700,26,ASSEMBLE+INSPECT]",0,false,1,1,true,C2A0T1I0F3,28,ASSEMBLE+INSPECT,FLEX_CELL,3,true,false,4,CUT|ASSEMBLE+INSPECT,false
P1|N12|F|UNIFORM|d75|p100|f20|b25,P1,12,F,UNIFORM,75,100,20,25,28,812,77,16,15,3,true,true,"C2A0T1I0F3[650,28,ASSEMBLE+INSPECT] vs C2A0T2I0F2[700,26,ASSEMBLE+INSPECT]",0,false,1,1,true,C2A0T1I0F3,28,ASSEMBLE+INSPECT,FLEX_CELL,3,true,false,4,CUT|ASSEMBLE+INSPECT,false
P1|N12|F|UNIFORM|d75|p100|f20|b50,P1,12,F,UNIFORM,75,100,20,50,28,975,77,16,15,4,true,true,"C2A0T1I0F3[650,28,ASSEMBLE+INSPECT] vs C2A0T2I0F2[700,26,ASSEMBLE+INSPECT]",0,false,2,2,true,C2A0T1I0F3,28,ASSEMBLE+INSPECT,FLEX_CELL,3,true,false,4,CUT|ASSEMBLE+INSPECT,false
P1|N12|F|UNIFORM|d75|p100|f40|b0,P1,12,F,UNIFORM,75,100,40,0,40,450,77,16,15,1,false,false,"",0,true,1,1,true,C1A0T1I0F2,37,ASSEMBLE+INSPECT,ASSEMBLER,4,true,false,1,CUT,false
P1|N12|F|UNIFORM|d75|p100|f40|b10,P1,12,F,UNIFORM,75,100,40,10,40,495,77,16,15,1,false,false,"",0,true,1,1,true,C1A0T1I0F2,37,ASSEMBLE+INSPECT,ASSEMBLER,4,true,false,1,CUT,false
P1|N12|F|UNIFORM|d75|p100|f40|b25,P1,12,F,UNIFORM,75,100,40,25,40,562,77,16,15,3,true,false,"",4,false,1,1,true,C1A0T1I0F2,37,ASSEMBLE+INSPECT,ASSEMBLER,4,true,false,1,CUT,false
P1|N12|F|UNIFORM|d75|p100|f40|b50,P1,12,F,UNIFORM,75,100,40,50,40,675,77,16,15,4,true,true,"C1A0T1I1F1[450,37,ASSEMBLE+INSPECT] vs C2A0T1I0F3[650,28,ASSEMBLE+INSPECT]",4,false,1,1,true,C1A0T1I0F2,37,ASSEMBLE+INSPECT,ASSEMBLER,4,true,false,1,CUT,false
P1|N12|F|UNIFORM|d75|p100|f60|b0,P1,12,F,UNIFORM,75,100,60,0,52,350,77,16,15,1,false,false,"",0,true,1,1,true,C1A0T1I0F1,44,ASSEMBLE+INSPECT,INSPECTOR,7,true,true,2,CUT,false
P1|N12|F|UNIFORM|d75|p100|f60|b10,P1,12,F,UNIFORM,75,100,60,10,52,385,77,16,15,1,false,false,"",0,true,1,1,true,C1A0T1I0F1,44,ASSEMBLE+INSPECT,INSPECTOR,7,true,true,2,CUT,false
P1|N12|F|UNIFORM|d75|p100|f60|b25,P1,12,F,UNIFORM,75,100,60,25,52,437,77,16,15,2,true,false,"",2,false,1,1,true,C1A0T1I0F1,44,ASSEMBLE+INSPECT,INSPECTOR,7,true,true,2,CUT,false
P1|N12|F|UNIFORM|d75|p100|f60|b50,P1,12,F,UNIFORM,75,100,60,50,52,525,77,16,15,4,true,true,"C1A0T1I1F0[350,44,ASSEMBLE|INSPECT] vs C1A0T1I0F2[450,37,ASSEMBLE+INSPECT]",4,false,2,2,true,C1A0T1I0F1,44,ASSEMBLE+INSPECT,INSPECTOR,7,true,true,2,CUT,true
P1|N12|F|UNIFORM|d75|p100|f80|b0,P1,12,F,UNIFORM,75,100,80,0,64,300,77,16,15,1,false,false,"",0,true,0,0,true,C1A0T0I0F2,58,ASSEMBLE+INSPECT,FLEX_CELL,16,true,true,3,CUT,false
P1|N12|F|UNIFORM|d75|p100|f80|b10,P1,12,F,UNIFORM,75,100,80,10,64,330,77,16,15,1,false,false,"",0,true,0,0,true,C1A0T0I0F2,58,ASSEMBLE+INSPECT,FLEX_CELL,16,true,true,3,CUT,false
P1|N12|F|UNIFORM|d75|p100|f80|b25,P1,12,F,UNIFORM,75,100,80,25,64,375,77,16,15,2,true,true,"C1A0T0I0F2[300,58,ASSEMBLE+INSPECT] vs C1A0T1I0F1[350,44,ASSEMBLE+INSPECT]",0,false,1,1,true,C1A0T0I0F2,58,ASSEMBLE+INSPECT,FLEX_CELL,16,true,true,3,CUT,true
P1|N12|F|UNIFORM|d75|p100|f80|b50,P1,12,F,UNIFORM,75,100,80,50,64,450,77,16,15,4,true,true,"C1A0T0I0F2[300,58,ASSEMBLE+INSPECT] vs C1A0T1I0F1[350,44,ASSEMBLE+INSPECT]",2,false,2,2,true,C1A0T0I0F2,58,ASSEMBLE+INSPECT,FLEX_CELL,16,true,true,3,CUT,true
P1|N12|F|UNIFORM|d75|p125|f20|b0,P1,12,F,UNIFORM,75,125,20,0,28,700,77,16,17,1,false,false,"",0,true,0,0,true,C2A0T2I2F0,26,ASSEMBLE|INSPECT,ASSEMBLER,0,false,false,0,,false
P1|N12|F|UNIFORM|d75|p125|f20|b10,P1,12,F,UNIFORM,75,125,20,10,28,770,77,16,17,1,false,false,"",0,true,0,0,true,C2A0T2I2F0,26,ASSEMBLE|INSPECT,ASSEMBLER,0,false,false,0,,false
P1|N12|F|UNIFORM|d75|p125|f20|b25,P1,12,F,UNIFORM,75,125,20,25,28,875,77,16,17,3,true,true,"C2A0T2I2F0[700,26,ASSEMBLE|INSPECT] vs C2A0T2I0F3[875,23,ASSEMBLE+INSPECT]",1,false,0,0,true,C2A0T2I2F0,26,ASSEMBLE|INSPECT,ASSEMBLER,0,false,false,0,,false
P1|N12|F|UNIFORM|d75|p125|f20|b50,P1,12,F,UNIFORM,75,125,20,50,28,1050,77,16,17,5,true,true,"C2A0T2I2F0[700,26,ASSEMBLE|INSPECT] vs C2A0T2I0F3[875,23,ASSEMBLE+INSPECT]",2,false,2,2,true,C2A0T2I2F0,26,ASSEMBLE|INSPECT,ASSEMBLER,0,false,false,0,,false
P1|N12|F|UNIFORM|d75|p125|f40|b0,P1,12,F,UNIFORM,75,125,40,0,40,475,77,16,17,1,false,false,"",0,true,0,0,true,C1A0T1I1F1,37,ASSEMBLE+INSPECT,ASSEMBLER,4,true,false,1,CUT,false
P1|N12|F|UNIFORM|d75|p125|f40|b10,P1,12,F,UNIFORM,75,125,40,10,40,522,77,16,17,1,false,false,"",0,true,0,0,true,C1A0T1I1F1,37,ASSEMBLE+INSPECT,ASSEMBLER,4,true,false,1,CUT,false
P1|N12|F|UNIFORM|d75|p125|f40|b25,P1,12,F,UNIFORM,75,125,40,25,40,593,77,16,17,2,true,true,"C1A0T1I1F1[475,37,ASSEMBLE+INSPECT] vs C1A1T1I2F0[550,33,CUT|ASSEMBLE]",0,false,0,0,true,C1A0T1I1F1,37,ASSEMBLE+INSPECT,ASSEMBLER,4,true,false,1,CUT,false
P1|N12|F|UNIFORM|d75|p125|f40|b50,P1,12,F,UNIFORM,75,125,40,50,40,712,77,16,17,5,true,true,"C1A0T1I1F1[475,37,ASSEMBLE+INSPECT] vs C1A1T1I2F0[550,33,CUT|ASSEMBLE]",1,false,0,0,true,C1A0T1I1F1,37,ASSEMBLE+INSPECT,ASSEMBLER,4,true,false,1,CUT,false
P1|N12|F|UNIFORM|d75|p125|f60|b0,P1,12,F,UNIFORM,75,125,60,0,52,350,77,16,17,1,false,false,"",0,true,0,0,true,C1A0T1I1F0,44,ASSEMBLE|INSPECT,INSPECTOR,1,false,false,0,,false
P1|N12|F|UNIFORM|d75|p125|f60|b10,P1,12,F,UNIFORM,75,125,60,10,52,385,77,16,17,1,false,false,"",0,true,0,0,true,C1A0T1I1F0,44,ASSEMBLE|INSPECT,INSPECTOR,1,false,false,0,,false
P1|N12|F|UNIFORM|d75|p125|f60|b25,P1,12,F,UNIFORM,75,125,60,25,52,437,77,16,17,1,false,false,"",0,true,0,0,true,C1A0T1I1F0,44,ASSEMBLE|INSPECT,INSPECTOR,1,false,false,0,,false
P1|N12|F|UNIFORM|d75|p125|f60|b50,P1,12,F,UNIFORM,75,125,60,50,52,525,77,16,17,3,true,true,"C1A0T1I2F0[450,43,ASSEMBLE] vs C1A0T1I1F1[475,37,ASSEMBLE+INSPECT]",1,false,1,1,true,C1A0T1I1F0,44,ASSEMBLE|INSPECT,INSPECTOR,1,false,false,0,,false
P1|N12|F|UNIFORM|d75|p125|f80|b0,P1,12,F,UNIFORM,75,125,80,0,64,325,77,16,17,1,false,false,"",0,true,0,0,true,C1A1T0I0F1,62,ASSEMBLE+INSPECT,FLEX_CELL,19,true,true,3,CUT,false
P1|N12|F|UNIFORM|d75|p125|f80|b10,P1,12,F,UNIFORM,75,125,80,10,64,357,77,16,17,2,true,true,"C1A1T0I0F1[325,62,ASSEMBLE+INSPECT] vs C1A0T1I1F0[350,44,ASSEMBLE|INSPECT]",0,false,0,0,true,C1A1T0I0F1,62,ASSEMBLE+INSPECT,FLEX_CELL,19,true,true,3,CUT,true
P1|N12|F|UNIFORM|d75|p125|f80|b25,P1,12,F,UNIFORM,75,125,80,25,64,406,77,16,17,2,true,true,"C1A1T0I0F1[325,62,ASSEMBLE+INSPECT] vs C1A0T1I1F0[350,44,ASSEMBLE|INSPECT]",0,false,0,0,true,C1A1T0I0F1,62,ASSEMBLE+INSPECT,FLEX_CELL,19,true,true,3,CUT,true
P1|N12|F|UNIFORM|d75|p125|f80|b50,P1,12,F,UNIFORM,75,125,80,50,64,487,77,16,17,4,true,true,"C1A1T0I0F1[325,62,ASSEMBLE+INSPECT] vs C1A0T1I1F0[350,44,ASSEMBLE|INSPECT]",1,false,1,1,true,C1A1T0I0F1,62,ASSEMBLE+INSPECT,FLEX_CELL,19,true,true,3,CUT,true
P1|N12|F|UNIFORM|d75|p150|f20|b0,P1,12,F,UNIFORM,75,150,20,0,28,700,77,16,15,1,false,false,"",0,true,0,0,true,C2A0T2I2F0,26,ASSEMBLE|INSPECT,ASSEMBLER,0,false,false,0,,false
P1|N12|F|UNIFORM|d75|p150|f20|b10,P1,12,F,UNIFORM,75,150,20,10,28,770,77,16,15,1,false,false,"",0,true,0,0,true,C2A0T2I2F0,26,ASSEMBLE|INSPECT,ASSEMBLER,0,false,false,0,,false
P1|N12|F|UNIFORM|d75|p150|f20|b25,P1,12,F,UNIFORM,75,150,20,25,28,875,77,16,15,2,true,false,"",0,true,0,0,true,C2A0T2I2F0,26,ASSEMBLE|INSPECT,ASSEMBLER,0,false,false,0,,false
P1|N12|F|UNIFORM|d75|p150|f20|b50,P1,12,F,UNIFORM,75,150,20,50,28,1050,77,16,15,5,true,true,"C2A0T2I2F1[850,25,ASSEMBLE+INSPECT] vs C2A1T2I3F0[900,23,ASSEMBLE]",0,false,0,0,true,C2A0T2I2F0,26,ASSEMBLE|INSPECT,ASSEMBLER,0,false,false,0,,false
P1|N12|F|UNIFORM|d75|p150|f40|b0,P1,12,F,UNIFORM,75,150,40,0,40,500,77,16,15,1,false,false,"",0,true,0,0,true,C1A0T1I1F1,37,ASSEMBLE+INSPECT,ASSEMBLER,4,true,false,1,CUT,false
P1|N12|F|UNIFORM|d75|p150|f40|b10,P1,12,F,UNIFORM,75,150,40,10,40,550,77,16,15,2,true,true,"C1A0T1I1F1[500,37,ASSEMBLE+INSPECT] vs C1A1T1I2F0[550,33,CUT|ASSEMBLE]",0,false,0,0,true,C1A0T1I1F1,37,ASSEMBLE+INSPECT,ASSEMBLER,4,true,false,1,CUT,false
P1|N12|F|UNIFORM|d75|p150|f40|b25,P1,12,F,UNIFORM,75,150,40,25,40,625,77,16,15,2,true,true,"C1A0T1I1F1[500,37,ASSEMBLE+INSPECT] vs C1A1T1I2F0[550,33,CUT|ASSEMBLE]",0,false,0,0,true,C1A0T1I1F1,37,ASSEMBLE+INSPECT,ASSEMBLER,4,true,false,1,CUT,false
P1|N12|F|UNIFORM|d75|p150|f40|b50,P1,12,F,UNIFORM,75,150,40,50,40,750,77,16,15,4,true,true,"C1A0T1I1F1[500,37,ASSEMBLE+INSPECT] vs C1A1T1I2F0[550,33,CUT|ASSEMBLE]",1,false,1,1,true,C1A0T1I1F1,37,ASSEMBLE+INSPECT,ASSEMBLER,4,true,false,1,CUT,false
P1|N12|F|UNIFORM|d75|p150|f60|b0,P1,12,F,UNIFORM,75,150,60,0,52,350,77,16,15,1,false,false,"",0,true,0,0,true,C1A0T1I1F0,44,ASSEMBLE|INSPECT,INSPECTOR,1,false,false,0,,false
P1|N12|F|UNIFORM|d75|p150|f60|b10,P1,12,F,UNIFORM,75,150,60,10,52,385,77,16,15,1,false,false,"",0,true,0,0,true,C1A0T1I1F0,44,ASSEMBLE|INSPECT,INSPECTOR,1,false,false,0,,false
P1|N12|F|UNIFORM|d75|p150|f60|b25,P1,12,F,UNIFORM,75,150,60,25,52,437,77,16,15,1,false,false,"",0,true,0,0,true,C1A0T1I1F0,44,ASSEMBLE|INSPECT,INSPECTOR,1,false,false,0,,false
P1|N12|F|UNIFORM|d75|p150|f60|b50,P1,12,F,UNIFORM,75,150,60,50,52,525,77,16,15,3,true,true,"C1A0T1I2F0[450,43,ASSEMBLE] vs C1A0T1I1F1[500,37,ASSEMBLE+INSPECT]",0,false,0,0,true,C1A0T1I1F0,44,ASSEMBLE|INSPECT,INSPECTOR,1,false,false,0,,false
P1|N12|F|UNIFORM|d75|p150|f80|b0,P1,12,F,UNIFORM,75,150,80,0,64,350,77,16,15,1,false,false,"",0,true,0,0,true,C1A0T1I1F0,44,ASSEMBLE|INSPECT,INSPECTOR,1,false,false,0,,false
P1|N12|F|UNIFORM|d75|p150|f80|b10,P1,12,F,UNIFORM,75,150,80,10,64,385,77,16,15,1,false,false,"",0,true,0,0,true,C1A0T1I1F0,44,ASSEMBLE|INSPECT,INSPECTOR,1,false,false,0,,false
P1|N12|F|UNIFORM|d75|p150|f80|b25,P1,12,F,UNIFORM,75,150,80,25,64,437,77,16,15,1,false,false,"",0,true,0,0,true,C1A0T1I1F0,44,ASSEMBLE|INSPECT,INSPECTOR,1,false,false,0,,false
P1|N12|F|UNIFORM|d75|p150|f80|b50,P1,12,F,UNIFORM,75,150,80,50,64,525,77,16,15,3,true,true,"C1A0T1I2F0[450,43,ASSEMBLE] vs C1A0T1I1F1[500,37,ASSEMBLE+INSPECT]",0,false,0,0,true,C1A0T1I1F0,44,ASSEMBLE|INSPECT,INSPECTOR,1,false,false,0,,false
P1|N12|F|UNIFORM|d75|p200|f20|b0,P1,12,F,UNIFORM,75,200,20,0,28,700,77,16,12,1,false,false,"",0,true,0,0,true,C2A0T2I2F0,26,ASSEMBLE|INSPECT,ASSEMBLER,0,false,false,0,,false
P1|N12|F|UNIFORM|d75|p200|f20|b10,P1,12,F,UNIFORM,75,200,20,10,28,770,77,16,12,1,false,false,"",0,true,0,0,true,C2A0T2I2F0,26,ASSEMBLE|INSPECT,ASSEMBLER,0,false,false,0,,false
P1|N12|F|UNIFORM|d75|p200|f20|b25,P1,12,F,UNIFORM,75,200,20,25,28,875,77,16,12,1,false,false,"",0,true,0,0,true,C2A0T2I2F0,26,ASSEMBLE|INSPECT,ASSEMBLER,0,false,false,0,,false
P1|N12|F|UNIFORM|d75|p200|f20|b50,P1,12,F,UNIFORM,75,200,20,50,28,1050,77,16,12,4,true,false,"",0,true,0,0,true,C2A0T2I2F0,26,ASSEMBLE|INSPECT,ASSEMBLER,0,false,false,0,,false
P1|N12|F|UNIFORM|d75|p200|f40|b0,P1,12,F,UNIFORM,75,200,40,0,40,550,77,16,12,1,false,false,"",0,true,0,0,true,C1A1T1I2F0,33,CUT|ASSEMBLE,CUTTER,1,false,false,0,,false
P1|N12|F|UNIFORM|d75|p200|f40|b10,P1,12,F,UNIFORM,75,200,40,10,40,605,77,16,12,1,false,false,"",0,true,0,0,true,C1A1T1I2F0,33,CUT|ASSEMBLE,CUTTER,1,false,false,0,,false
P1|N12|F|UNIFORM|d75|p200|f40|b25,P1,12,F,UNIFORM,75,200,40,25,40,687,77,16,12,2,true,false,"",0,true,0,0,true,C1A1T1I2F0,33,CUT|ASSEMBLE,CUTTER,1,false,false,0,,false
P1|N12|F|UNIFORM|d75|p200|f40|b50,P1,12,F,UNIFORM,75,200,40,50,40,825,77,16,12,3,true,false,"",0,true,0,0,true,C1A1T1I2F0,33,CUT|ASSEMBLE,CUTTER,1,false,false,0,,false
P1|N12|F|UNIFORM|d75|p200|f60|b0,P1,12,F,UNIFORM,75,200,60,0,52,350,77,16,12,1,false,false,"",0,true,0,0,true,C1A0T1I1F0,44,ASSEMBLE|INSPECT,INSPECTOR,1,false,false,0,,false
P1|N12|F|UNIFORM|d75|p200|f60|b10,P1,12,F,UNIFORM,75,200,60,10,52,385,77,16,12,1,false,false,"",0,true,0,0,true,C1A0T1I1F0,44,ASSEMBLE|INSPECT,INSPECTOR,1,false,false,0,,false
P1|N12|F|UNIFORM|d75|p200|f60|b25,P1,12,F,UNIFORM,75,200,60,25,52,437,77,16,12,1,false,false,"",0,true,0,0,true,C1A0T1I1F0,44,ASSEMBLE|INSPECT,INSPECTOR,1,false,false,0,,false
P1|N12|F|UNIFORM|d75|p200|f60|b50,P1,12,F,UNIFORM,75,200,60,50,52,525,77,16,12,2,true,false,"",0,true,0,0,true,C1A0T1I1F0,44,ASSEMBLE|INSPECT,INSPECTOR,1,false,false,0,,false
P1|N12|F|UNIFORM|d75|p200|f80|b0,P1,12,F,UNIFORM,75,200,80,0,64,350,77,16,12,1,false,false,"",0,true,0,0,true,C1A0T1I1F0,44,ASSEMBLE|INSPECT,INSPECTOR,1,false,false,0,,false
P1|N12|F|UNIFORM|d75|p200|f80|b10,P1,12,F,UNIFORM,75,200,80,10,64,385,77,16,12,1,false,false,"",0,true,0,0,true,C1A0T1I1F0,44,ASSEMBLE|INSPECT,INSPECTOR,1,false,false,0,,false
P1|N12|F|UNIFORM|d75|p200|f80|b25,P1,12,F,UNIFORM,75,200,80,25,64,437,77,16,12,1,false,false,"",0,true,0,0,true,C1A0T1I1F0,44,ASSEMBLE|INSPECT,INSPECTOR,1,false,false,0,,false
P1|N12|F|UNIFORM|d75|p200|f80|b50,P1,12,F,UNIFORM,75,200,80,50,64,525,77,16,12,2,true,false,"",0,true,0,0,true,C1A0T1I1F0,44,ASSEMBLE|INSPECT,INSPECTOR,1,false,false,0,,false
P1|N12|F|UNIFORM|d90|p100|f20|b0,P1,12,F,UNIFORM,90,100,20,0,28,680,77,16,15,1,false,false,"",0,true,0,0,true,C2A0T1I0F3,28,ASSEMBLE+INSPECT,FLEX_CELL,3,true,false,4,CUT|ASSEMBLE+INSPECT,false
P1|N12|F|UNIFORM|d90|p100|f20|b10,P1,12,F,UNIFORM,90,100,20,10,28,748,77,16,15,1,false,false,"",0,true,0,0,true,C2A0T1I0F3,28,ASSEMBLE+INSPECT,FLEX_CELL,3,true,false,4,CUT|ASSEMBLE+INSPECT,false
P1|N12|F|UNIFORM|d90|p100|f20|b25,P1,12,F,UNIFORM,90,100,20,25,28,850,77,16,15,2,true,true,"C2A0T1I0F3[680,28,ASSEMBLE+INSPECT] vs C2A0T2I0F2[760,26,ASSEMBLE+INSPECT]",0,false,1,1,true,C2A0T1I0F3,28,ASSEMBLE+INSPECT,FLEX_CELL,3,true,false,4,CUT|ASSEMBLE+INSPECT,false
P1|N12|F|UNIFORM|d90|p100|f20|b50,P1,12,F,UNIFORM,90,100,20,50,28,1020,77,16,15,4,true,true,"C2A0T1I0F3[680,28,ASSEMBLE+INSPECT] vs C2A0T2I0F2[760,26,ASSEMBLE+INSPECT]",0,false,2,2,true,C2A0T1I0F3,28,ASSEMBLE+INSPECT,FLEX_CELL,3,true,false,4,CUT|ASSEMBLE+INSPECT,false
P1|N12|F|UNIFORM|d90|p100|f40|b0,P1,12,F,UNIFORM,90,100,40,0,40,480,77,16,15,1,false,false,"",0,true,1,1,true,C1A0T1I0F2,37,ASSEMBLE+INSPECT,ASSEMBLER,4,true,false,1,CUT,false
P1|N12|F|UNIFORM|d90|p100|f40|b10,P1,12,F,UNIFORM,90,100,40,10,40,528,77,16,15,2,true,false,"",2,false,1,1,true,C1A0T1I0F2,37,ASSEMBLE+INSPECT,ASSEMBLER,4,true,false,1,CUT,false
P1|N12|F|UNIFORM|d90|p100|f40|b25,P1,12,F,UNIFORM,90,100,40,25,40,600,77,16,15,3,true,false,"",4,false,1,1,true,C1A0T1I0F2,37,ASSEMBLE+INSPECT,ASSEMBLER,4,true,false,1,CUT,false
P1|N12|F|UNIFORM|d90|p100|f40|b50,P1,12,F,UNIFORM,90,100,40,50,40,720,77,16,15,4,true,true,"C1A0T1I1F1[480,37,ASSEMBLE+INSPECT] vs C2A0T1I0F3[680,28,ASSEMBLE+INSPECT]",4,false,1,1,true,C1A0T1I0F2,37,ASSEMBLE+INSPECT,ASSEMBLER,4,true,false,1,CUT,false
P1|N12|F|UNIFORM|d90|p100|f60|b0,P1,12,F,UNIFORM,90,100,60,0,52,380,77,16,15,1,false,false,"",0,true,1,1,true,C1A0T1I0F1,44,ASSEMBLE+INSPECT,INSPECTOR,7,true,true,2,CUT,false
P1|N12|F|UNIFORM|d90|p100|f60|b10,P1,12,F,UNIFORM,90,100,60,10,52,418,77,16,15,2,true,false,"",2,false,1,1,true,C1A0T1I0F1,44,ASSEMBLE+INSPECT,INSPECTOR,7,true,true,2,CUT,false
P1|N12|F|UNIFORM|d90|p100|f60|b25,P1,12,F,UNIFORM,90,100,60,25,52,475,77,16,15,2,true,false,"",2,false,1,1,true,C1A0T1I0F1,44,ASSEMBLE+INSPECT,INSPECTOR,7,true,true,2,CUT,false
P1|N12|F|UNIFORM|d90|p100|f60|b50,P1,12,F,UNIFORM,90,100,60,50,52,570,77,16,15,4,true,true,"C1A0T1I1F0[380,44,ASSEMBLE|INSPECT] vs C1A0T1I0F2[480,37,ASSEMBLE+INSPECT]",4,false,2,2,true,C1A0T1I0F1,44,ASSEMBLE+INSPECT,INSPECTOR,7,true,true,2,CUT,true
P1|N12|F|UNIFORM|d90|p100|f80|b0,P1,12,F,UNIFORM,90,100,80,0,64,300,77,16,15,1,false,false,"",0,true,0,0,true,C1A0T0I0F2,58,ASSEMBLE+INSPECT,FLEX_CELL,16,true,true,3,CUT,false
P1|N12|F|UNIFORM|d90|p100|f80|b10,P1,12,F,UNIFORM,90,100,80,10,64,330,77,16,15,1,false,false,"",0,true,0,0,true,C1A0T0I0F2,58,ASSEMBLE+INSPECT,FLEX_CELL,16,true,true,3,CUT,false
P1|N12|F|UNIFORM|d90|p100|f80|b25,P1,12,F,UNIFORM,90,100,80,25,64,375,77,16,15,1,false,false,"",0,true,0,0,true,C1A0T0I0F2,58,ASSEMBLE+INSPECT,FLEX_CELL,16,true,true,3,CUT,false
P1|N12|F|UNIFORM|d90|p100|f80|b50,P1,12,F,UNIFORM,90,100,80,50,64,450,77,16,15,3,true,true,"C1A0T0I0F2[300,58,ASSEMBLE+INSPECT] vs C1A0T1I0F1[380,44,ASSEMBLE+INSPECT]",2,false,1,1,true,C1A0T0I0F2,58,ASSEMBLE+INSPECT,FLEX_CELL,16,true,true,3,CUT,true
P1|N12|F|UNIFORM|d90|p125|f20|b0,P1,12,F,UNIFORM,90,125,20,0,28,755,77,16,21,1,false,false,"",0,true,0,0,true,C2A0T1I0F3,28,ASSEMBLE+INSPECT,FLEX_CELL,3,true,false,4,CUT|ASSEMBLE+INSPECT,false
P1|N12|F|UNIFORM|d90|p125|f20|b10,P1,12,F,UNIFORM,90,125,20,10,28,830,77,16,21,2,true,true,"C2A0T1I0F3[755,28,ASSEMBLE+INSPECT] vs C2A0T2I2F0[760,26,ASSEMBLE|INSPECT]",0,false,0,0,true,C2A0T1I0F3,28,ASSEMBLE+INSPECT,FLEX_CELL,3,true,false,4,CUT|ASSEMBLE+INSPECT,false
P1|N12|F|UNIFORM|d90|p125|f20|b25,P1,12,F,UNIFORM,90,125,20,25,28,943,77,16,21,4,true,true,"C2A0T1I0F3[755,28,ASSEMBLE+INSPECT] vs C2A0T2I2F0[760,26,ASSEMBLE|INSPECT]",1,false,0,0,true,C2A0T1I0F3,28,ASSEMBLE+INSPECT,FLEX_CELL,3,true,false,4,CUT|ASSEMBLE+INSPECT,false
P1|N12|F|UNIFORM|d90|p125|f20|b50,P1,12,F,UNIFORM,90,125,20,50,28,1132,77,16,21,6,true,true,"C2A0T1I0F3[755,28,ASSEMBLE+INSPECT] vs C2A0T2I2F0[760,26,ASSEMBLE|INSPECT]",1,false,0,0,true,C2A0T1I0F3,28,ASSEMBLE+INSPECT,FLEX_CELL,3,true,false,4,CUT|ASSEMBLE+INSPECT,false
P1|N12|F|UNIFORM|d90|p125|f40|b0,P1,12,F,UNIFORM,90,125,40,0,40,505,77,16,21,1,false,false,"",0,true,0,0,true,C1A0T1I1F1,37,ASSEMBLE+INSPECT,ASSEMBLER,4,true,false,1,CUT,false
P1|N12|F|UNIFORM|d90|p125|f40|b10,P1,12,F,UNIFORM,90,125,40,10,40,555,77,16,21,1,false,false,"",0,true,0,0,true,C1A0T1I1F1,37,ASSEMBLE+INSPECT,ASSEMBLER,4,true,false,1,CUT,false
P1|N12|F|UNIFORM|d90|p125|f40|b25,P1,12,F,UNIFORM,90,125,40,25,40,631,77,16,21,4,true,true,"C1A0T1I1F1[505,37,ASSEMBLE+INSPECT] vs C1A1T1I2F0[580,33,CUT|ASSEMBLE]",3,false,0,0,true,C1A0T1I1F1,37,ASSEMBLE+INSPECT,ASSEMBLER,4,true,false,1,CUT,false
P1|N12|F|UNIFORM|d90|p125|f40|b50,P1,12,F,UNIFORM,90,125,40,50,40,757,77,16,21,6,true,true,"C1A0T1I1F1[505,37,ASSEMBLE+INSPECT] vs C1A1T1I2F0[580,33,CUT|ASSEMBLE]",4,false,0,0,true,C1A0T1I1F1,37,ASSEMBLE+INSPECT,ASSEMBLER,4,true,false,1,CUT,false
P1|N12|F|UNIFORM|d90|p125|f60|b0,P1,12,F,UNIFORM,90,125,60,0,52,380,77,16,21,1,false,false,"",0,true,0,0,true,C1A0T1I1F0,44,ASSEMBLE|INSPECT,INSPECTOR,1,false,false,0,,false
P1|N12|F|UNIFORM|d90|p125|f60|b10,P1,12,F,UNIFORM,90,125,60,10,52,418,77,16,21,1,false,false,"",0,true,0,0,true,C1A0T1I1F0,44,ASSEMBLE|INSPECT,INSPECTOR,1,false,false,0,,false
P1|N12|F|UNIFORM|d90|p125|f60|b25,P1,12,F,UNIFORM,90,125,60,25,52,475,77,16,21,3,true,false,"",3,false,0,0,true,C1A0T1I1F0,44,ASSEMBLE|INSPECT,INSPECTOR,1,false,false,0,,false
P1|N12|F|UNIFORM|d90|p125|f60|b50,P1,12,F,UNIFORM,90,125,60,50,52,570,77,16,21,4,true,true,"C1A1T0I0F2[450,43,ASSEMBLE+INSPECT] vs C1A0T1I1F1[505,37,ASSEMBLE+INSPECT]",3,false,0,0,true,C1A0T1I1F0,44,ASSEMBLE|INSPECT,INSPECTOR,1,false,false,0,,false
P1|N12|F|UNIFORM|d90|p125|f80|b0,P1,12,F,UNIFORM,90,125,80,0,64,325,77,16,21,1,false,false,"",0,true,0,0,true,C1A1T0I0F1,62,ASSEMBLE+INSPECT,FLEX_CELL,19,true,true,3,CUT,false
P1|N12|F|UNIFORM|d90|p125|f80|b10,P1,12,F,UNIFORM,90,125,80,10,64,357,77,16,21,2,true,false,"",1,false,0,0,true,C1A1T0I0F1,62,ASSEMBLE+INSPECT,FLEX_CELL,19,true,true,3,CUT,false
P1|N12|F|UNIFORM|d90|p125|f80|b25,P1,12,F,UNIFORM,90,125,80,25,64,406,77,16,21,3,true,true,"C1A1T0I0F1[325,62,ASSEMBLE+INSPECT] vs C1A0T1I1F0[380,44,ASSEMBLE|INSPECT]",1,false,0,0,true,C1A1T0I0F1,62,ASSEMBLE+INSPECT,FLEX_CELL,19,true,true,3,CUT,true
P1|N12|F|UNIFORM|d90|p125|f80|b50,P1,12,F,UNIFORM,90,125,80,50,64,487,77,16,21,5,true,true,"C1A1T0I0F1[325,62,ASSEMBLE+INSPECT] vs C1A0T1I1F0[380,44,ASSEMBLE|INSPECT]",4,false,0,0,true,C1A1T0I0F1,62,ASSEMBLE+INSPECT,FLEX_CELL,19,true,true,3,CUT,true
P1|N12|F|UNIFORM|d90|p150|f20|b0,P1,12,F,UNIFORM,90,150,20,0,28,760,77,16,17,1,false,false,"",0,true,0,0,true,C2A0T2I2F0,26,ASSEMBLE|INSPECT,ASSEMBLER,0,false,false,0,,false
P1|N12|F|UNIFORM|d90|p150|f20|b10,P1,12,F,UNIFORM,90,150,20,10,28,836,77,16,17,1,false,false,"",0,true,0,0,true,C2A0T2I2F0,26,ASSEMBLE|INSPECT,ASSEMBLER,0,false,false,0,,false
P1|N12|F|UNIFORM|d90|p150|f20|b25,P1,12,F,UNIFORM,90,150,20,25,28,950,77,16,17,2,true,false,"",0,true,0,0,true,C2A0T2I2F0,26,ASSEMBLE|INSPECT,ASSEMBLER,0,false,false,0,,false
P1|N12|F|UNIFORM|d90|p150|f20|b50,P1,12,F,UNIFORM,90,150,20,50,28,1140,77,16,17,5,true,true,"C2A0T2I2F1[910,25,ASSEMBLE+INSPECT] vs C2A1T2I3F0[960,23,ASSEMBLE]",0,false,0,0,true,C2A0T2I2F0,26,ASSEMBLE|INSPECT,ASSEMBLER,0,false,false,0,,false
P1|N12|F|UNIFORM|d90|p150|f40|b0,P1,12,F,UNIFORM,90,150,40,0,40,530,77,16,17,1,false,false,"",0,true,0,0,true,C1A0T1I1F1,37,ASSEMBLE+INSPECT,ASSEMBLER,4,true,false,1,CUT,false
P1|N12|F|UNIFORM|d90|p150|f40|b10,P1,12,F,UNIFORM,90,150,40,10,40,583,77,16,17,2,true,true,"C1A0T1I1F1[530,37,ASSEMBLE+INSPECT] vs C1A1T1I2F0[580,33,CUT|ASSEMBLE]",0,false,0,0,true,C1A0T1I1F1,37,ASSEMBLE+INSPECT,ASSEMBLER,4,true,false,1,CUT,false
P1|N12|F|UNIFORM|d90|p150|f40|b25,P1,12,F,UNIFORM,90,150,40,25,40,662,77,16,17,2,true,true,"C1A0T1I1F1[530,37,ASSEMBLE+INSPECT] vs C1A1T1I2F0[580,33,CUT|ASSEMBLE]",0,false,0,0,true,C1A0T1I1F1,37,ASSEMBLE+INSPECT,ASSEMBLER,4,true,false,1,CUT,false
P1|N12|F|UNIFORM|d90|p150|f40|b50,P1,12,F,UNIFORM,90,150,40,50,40,795,77,16,17,5,true,true,"C1A0T1I1F1[530,37,ASSEMBLE+INSPECT] vs C1A1T1I2F0[580,33,CUT|ASSEMBLE]",1,false,1,1,true,C1A0T1I1F1,37,ASSEMBLE+INSPECT,ASSEMBLER,4,true,false,1,CUT,false
P1|N12|F|UNIFORM|d90|p150|f60|b0,P1,12,F,UNIFORM,90,150,60,0,52,380,77,16,17,1,false,false,"",0,true,0,0,true,C1A0T1I1F0,44,ASSEMBLE|INSPECT,INSPECTOR,1,false,false,0,,false
P1|N12|F|UNIFORM|d90|p150|f60|b10,P1,12,F,UNIFORM,90,150,60,10,52,418,77,16,17,1,false,false,"",0,true,0,0,true,C1A0T1I1F0,44,ASSEMBLE|INSPECT,INSPECTOR,1,false,false,0,,false
P1|N12|F|UNIFORM|d90|p150|f60|b25,P1,12,F,UNIFORM,90,150,60,25,52,475,77,16,17,1,false,false,"",0,true,0,0,true,C1A0T1I1F0,44,ASSEMBLE|INSPECT,INSPECTOR,1,false,false,0,,false
P1|N12|F|UNIFORM|d90|p150|f60|b50,P1,12,F,UNIFORM,90,150,60,50,52,570,77,16,17,3,true,true,"C1A0T1I2F0[480,43,ASSEMBLE] vs C1A0T1I1F1[530,37,ASSEMBLE+INSPECT]",0,false,0,0,true,C1A0T1I1F0,44,ASSEMBLE|INSPECT,INSPECTOR,1,false,false,0,,false
P1|N12|F|UNIFORM|d90|p150|f80|b0,P1,12,F,UNIFORM,90,150,80,0,64,350,77,16,17,1,false,false,"",0,true,0,0,true,C1A1T0I0F1,62,ASSEMBLE+INSPECT,FLEX_CELL,19,true,true,3,CUT,false
P1|N12|F|UNIFORM|d90|p150|f80|b10,P1,12,F,UNIFORM,90,150,80,10,64,385,77,16,17,2,true,true,"C1A1T0I0F1[350,62,ASSEMBLE+INSPECT] vs C1A0T1I1F0[380,44,ASSEMBLE|INSPECT]",0,false,0,0,true,C1A1T0I0F1,62,ASSEMBLE+INSPECT,FLEX_CELL,19,true,true,3,CUT,true
P1|N12|F|UNIFORM|d90|p150|f80|b25,P1,12,F,UNIFORM,90,150,80,25,64,437,77,16,17,2,true,true,"C1A1T0I0F1[350,62,ASSEMBLE+INSPECT] vs C1A0T1I1F0[380,44,ASSEMBLE|INSPECT]",0,false,0,0,true,C1A1T0I0F1,62,ASSEMBLE+INSPECT,FLEX_CELL,19,true,true,3,CUT,true
P1|N12|F|UNIFORM|d90|p150|f80|b50,P1,12,F,UNIFORM,90,150,80,50,64,525,77,16,17,3,true,true,"C1A1T0I0F1[350,62,ASSEMBLE+INSPECT] vs C1A0T1I1F0[380,44,ASSEMBLE|INSPECT]",0,false,0,0,true,C1A1T0I0F1,62,ASSEMBLE+INSPECT,FLEX_CELL,19,true,true,3,CUT,true
P1|N12|F|UNIFORM|d90|p200|f20|b0,P1,12,F,UNIFORM,90,200,20,0,28,760,77,16,12,1,false,false,"",0,true,0,0,true,C2A0T2I2F0,26,ASSEMBLE|INSPECT,ASSEMBLER,0,false,false,0,,false
P1|N12|F|UNIFORM|d90|p200|f20|b10,P1,12,F,UNIFORM,90,200,20,10,28,836,77,16,12,1,false,false,"",0,true,0,0,true,C2A0T2I2F0,26,ASSEMBLE|INSPECT,ASSEMBLER,0,false,false,0,,false
P1|N12|F|UNIFORM|d90|p200|f20|b25,P1,12,F,UNIFORM,90,200,20,25,28,950,77,16,12,1,false,false,"",0,true,0,0,true,C2A0T2I2F0,26,ASSEMBLE|INSPECT,ASSEMBLER,0,false,false,0,,false
P1|N12|F|UNIFORM|d90|p200|f20|b50,P1,12,F,UNIFORM,90,200,20,50,28,1140,77,16,12,4,true,false,"",0,true,0,0,true,C2A0T2I2F0,26,ASSEMBLE|INSPECT,ASSEMBLER,0,false,false,0,,false
P1|N12|F|UNIFORM|d90|p200|f40|b0,P1,12,F,UNIFORM,90,200,40,0,40,580,77,16,12,1,false,false,"",0,true,0,0,true,C1A1T1I2F0,33,CUT|ASSEMBLE,CUTTER,1,false,false,0,,false
P1|N12|F|UNIFORM|d90|p200|f40|b10,P1,12,F,UNIFORM,90,200,40,10,40,638,77,16,12,1,false,false,"",0,true,0,0,true,C1A1T1I2F0,33,CUT|ASSEMBLE,CUTTER,1,false,false,0,,false
P1|N12|F|UNIFORM|d90|p200|f40|b25,P1,12,F,UNIFORM,90,200,40,25,40,725,77,16,12,2,true,false,"",0,true,0,0,true,C1A1T1I2F0,33,CUT|ASSEMBLE,CUTTER,1,false,false,0,,false
P1|N12|F|UNIFORM|d90|p200|f40|b50,P1,12,F,UNIFORM,90,200,40,50,40,870,77,16,12,3,true,false,"",0,true,0,0,true,C1A1T1I2F0,33,CUT|ASSEMBLE,CUTTER,1,false,false,0,,false
P1|N12|F|UNIFORM|d90|p200|f60|b0,P1,12,F,UNIFORM,90,200,60,0,52,380,77,16,12,1,false,false,"",0,true,0,0,true,C1A0T1I1F0,44,ASSEMBLE|INSPECT,INSPECTOR,1,false,false,0,,false
P1|N12|F|UNIFORM|d90|p200|f60|b10,P1,12,F,UNIFORM,90,200,60,10,52,418,77,16,12,1,false,false,"",0,true,0,0,true,C1A0T1I1F0,44,ASSEMBLE|INSPECT,INSPECTOR,1,false,false,0,,false
P1|N12|F|UNIFORM|d90|p200|f60|b25,P1,12,F,UNIFORM,90,200,60,25,52,475,77,16,12,1,false,false,"",0,true,0,0,true,C1A0T1I1F0,44,ASSEMBLE|INSPECT,INSPECTOR,1,false,false,0,,false
P1|N12|F|UNIFORM|d90|p200|f60|b50,P1,12,F,UNIFORM,90,200,60,50,52,570,77,16,12,2,true,false,"",0,true,0,0,true,C1A0T1I1F0,44,ASSEMBLE|INSPECT,INSPECTOR,1,false,false,0,,false
P1|N12|F|UNIFORM|d90|p200|f80|b0,P1,12,F,UNIFORM,90,200,80,0,64,380,77,16,12,1,false,false,"",0,true,0,0,true,C1A0T1I1F0,44,ASSEMBLE|INSPECT,INSPECTOR,1,false,false,0,,false
P1|N12|F|UNIFORM|d90|p200|f80|b10,P1,12,F,UNIFORM,90,200,80,10,64,418,77,16,12,1,false,false,"",0,true,0,0,true,C1A0T1I1F0,44,ASSEMBLE|INSPECT,INSPECTOR,1,false,false,0,,false
P1|N12|F|UNIFORM|d90|p200|f80|b25,P1,12,F,UNIFORM,90,200,80,25,64,475,77,16,12,1,false,false,"",0,true,0,0,true,C1A0T1I1F0,44,ASSEMBLE|INSPECT,INSPECTOR,1,false,false,0,,false
P1|N12|F|UNIFORM|d90|p200|f80|b50,P1,12,F,UNIFORM,90,200,80,50,64,570,77,16,12,2,true,false,"",0,true,0,0,true,C1A0T1I1F0,44,ASSEMBLE|INSPECT,INSPECTOR,1,false,false,0,,false
P1|N12|F|UNIFORM|d100|p100|f20|b0,P1,12,F,UNIFORM,100,100,20,0,28,700,77,16,13,1,false,false,"",0,true,1,0,true,C2A0T1I0F3,28,ASSEMBLE+INSPECT,FLEX_CELL,3,true,false,4,CUT|ASSEMBLE+INSPECT,false
P1|N12|F|UNIFORM|d100|p100|f20|b10,P1,12,F,UNIFORM,100,100,20,10,28,770,77,16,13,1,false,false,"",0,true,1,0,true,C2A0T1I0F3,28,ASSEMBLE+INSPECT,FLEX_CELL,3,true,false,4,CUT|ASSEMBLE+INSPECT,false
P1|N12|F|UNIFORM|d100|p100|f20|b25,P1,12,F,UNIFORM,100,100,20,25,28,875,77,16,13,2,true,true,"C2A0T1I0F3[700,28,ASSEMBLE+INSPECT] vs C2A0T1I2F2[800,26,ASSEMBLE+INSPECT]",0,false,2,1,true,C2A0T1I0F3,28,ASSEMBLE+INSPECT,FLEX_CELL,3,true,false,4,CUT|ASSEMBLE+INSPECT,false
P1|N12|F|UNIFORM|d100|p100|f20|b50,P1,12,F,UNIFORM,100,100,20,50,28,1050,77,16,13,4,true,true,"C2A0T1I0F3[700,28,ASSEMBLE+INSPECT] vs C2A0T1I2F2[800,26,ASSEMBLE+INSPECT]",0,false,4,2,true,C2A0T1I0F3,28,ASSEMBLE+INSPECT,FLEX_CELL,3,true,false,4,CUT|ASSEMBLE+INSPECT,false
P1|N12|F|UNIFORM|d100|p100|f40|b0,P1,12,F,UNIFORM,100,100,40,0,40,500,77,16,13,1,false,false,"",0,true,0,0,true,C1A1T0I0F3,35,ASSEMBLE+INSPECT,ASSEMBLER,2,true,false,1,CUT,false
P1|N12|F|UNIFORM|d100|p100|f40|b10,P1,12,F,UNIFORM,100,100,40,10,40,550,77,16,13,1,false,false,"",0,true,0,0,true,C1A1T0I0F3,35,ASSEMBLE+INSPECT,ASSEMBLER,2,true,false,1,CUT,false
P1|N12|F|UNIFORM|d100|p100|f40|b25,P1,12,F,UNIFORM,100,100,40,25,40,625,77,16,13,2,true,false,"",2,false,1,1,true,C1A1T0I0F3,35,ASSEMBLE+INSPECT,ASSEMBLER,2,true,false,1,CUT,false
P1|N12|F|UNIFORM|d100|p100|f40|b50,P1,12,F,UNIFORM,100,100,40,50,40,750,77,16,13,3,true,false,"",2,false,2,1,true,C1A1T0I0F3,35,ASSEMBLE+INSPECT,ASSEMBLER,2,true,false,1,CUT,false
P1|N12|F|UNIFORM|d100|p100|f60|b0,P1,12,F,UNIFORM,100,100,60,0,52,400,77,16,13,1,false,false,"",0,true,0,0,true,C1A0T0I0F3,42,ASSEMBLE+INSPECT,ASSEMBLER,7,true,false,2,CUT,false
P1|N12|F|UNIFORM|d100|p100|f60|b10,P1,12,F,UNIFORM,100,100,60,10,52,440,77,16,13,1,false,false,"",0,true,0,0,true,C1A0T0I0F3,42,ASSEMBLE+INSPECT,ASSEMBLER,7,true,false,2,CUT,false
P1|N12|F|UNIFORM|d100|p100|f60|b25,P1,12,F,UNIFORM,100,100,60,25,52,500,77,16,13,2,true,false,"",0,true,0,0,true,C1A0T0I0F3,42,ASSEMBLE+INSPECT,ASSEMBLER,7,true,false,2,CUT,false
P1|N12|F|UNIFORM|d100|p100|f60|b50,P1,12,F,UNIFORM,100,100,60,50,52,600,77,16,13,3,true,true,"C1A0T0I0F3[400,42,ASSEMBLE+INSPECT] vs C2A0T1I0F2[600,32,ASSEMBLE+INSPECT]",2,false,1,1,true,C1A0T0I0F3,42,ASSEMBLE+INSPECT,ASSEMBLER,7,true,false,2,CUT,false
P1|N12|F|UNIFORM|d100|p100|f80|b0,P1,12,F,UNIFORM,100,100,80,0,64,300,77,16,13,1,false,false,"",0,true,0,0,true,C1A0T0I0F2,58,ASSEMBLE+INSPECT,FLEX_CELL,16,true,true,3,CUT,false
P1|N12|F|UNIFORM|d100|p100|f80|b10,P1,12,F,UNIFORM,100,100,80,10,64,330,77,16,13,1,false,false,"",0,true,0,0,true,C1A0T0I0F2,58,ASSEMBLE+INSPECT,FLEX_CELL,16,true,true,3,CUT,false
P1|N12|F|UNIFORM|d100|p100|f80|b25,P1,12,F,UNIFORM,100,100,80,25,64,375,77,16,13,1,false,false,"",0,true,0,0,true,C1A0T0I0F2,58,ASSEMBLE+INSPECT,FLEX_CELL,16,true,true,3,CUT,false
P1|N12|F|UNIFORM|d100|p100|f80|b50,P1,12,F,UNIFORM,100,100,80,50,64,450,77,16,13,2,true,false,"",0,true,0,0,true,C1A0T0I0F2,58,ASSEMBLE+INSPECT,FLEX_CELL,16,true,true,3,CUT,false
P1|N12|F|UNIFORM|d100|p125|f20|b0,P1,12,F,UNIFORM,100,125,20,0,28,775,77,16,21,1,false,false,"",0,true,1,0,true,C2A0T1I0F3,28,ASSEMBLE+INSPECT,FLEX_CELL,3,true,false,4,CUT|ASSEMBLE+INSPECT,false
P1|N12|F|UNIFORM|d100|p125|f20|b10,P1,12,F,UNIFORM,100,125,20,10,28,852,77,16,21,2,true,true,"C2A0T1I0F3[775,28,ASSEMBLE+INSPECT] vs C2A0T2I2F0[800,26,ASSEMBLE|INSPECT]",0,false,2,0,true,C2A0T1I0F3,28,ASSEMBLE+INSPECT,FLEX_CELL,3,true,false,4,CUT|ASSEMBLE+INSPECT,false
P1|N12|F|UNIFORM|d100|p125|f20|b25,P1,12,F,UNIFORM,100,125,20,25,28,968,77,16,21,3,true,true,"C2A0T1I0F3[775,28,ASSEMBLE+INSPECT] vs C2A0T2I2F0[800,26,ASSEMBLE|INSPECT]",0,false,3,1,true,C2A0T1I0F3,28,ASSEMBLE+INSPECT,FLEX_CELL,3,true,false,4,CUT|ASSEMBLE+INSPECT,false
P1|N12|F|UNIFORM|d100|p125|f20|b50,P1,12,F,UNIFORM,100,125,20,50,28,1162,77,16,21,6,true,true,"C2A0T1I0F3[775,28,ASSEMBLE+INSPECT] vs C2A0T2I2F0[800,26,ASSEMBLE|INSPECT]",15,false,6,1,true,C2A0T1I0F3,28,ASSEMBLE+INSPECT,FLEX_CELL,3,true,false,4,CUT|ASSEMBLE+INSPECT,false
P1|N12|F|UNIFORM|d100|p125|f40|b0,P1,12,F,UNIFORM,100,125,40,0,40,525,77,16,21,1,false,false,"",0,true,1,0,true,C1A0T1I1F1,37,ASSEMBLE+INSPECT,ASSEMBLER,4,true,false,1,CUT,false
P1|N12|F|UNIFORM|d100|p125|f40|b10,P1,12,F,UNIFORM,100,125,40,10,40,577,77,16,21,2,true,false,"",2,false,1,0,true,C1A0T1I1F1,37,ASSEMBLE+INSPECT,ASSEMBLER,4,true,false,1,CUT,false
P1|N12|F|UNIFORM|d100|p125|f40|b25,P1,12,F,UNIFORM,100,125,40,25,40,656,77,16,21,4,true,true,"C1A0T1I1F1[525,37,ASSEMBLE+INSPECT] vs C1A1T1I2F0[600,33,CUT|ASSEMBLE]",8,false,3,0,true,C1A0T1I1F1,37,ASSEMBLE+INSPECT,ASSEMBLER,4,true,false,1,CUT,false
P1|N12|F|UNIFORM|d100|p125|f40|b50,P1,12,F,UNIFORM,100,125,40,50,40,787,77,16,21,6,true,true,"C1A0T1I1F1[525,37,ASSEMBLE+INSPECT] vs C1A1T1I2F0[600,33,CUT|ASSEMBLE]",12,false,5,0,true,C1A0T1I1F1,37,ASSEMBLE+INSPECT,ASSEMBLER,4,true,false,1,CUT,false
P1|N12|F|UNIFORM|d100|p125|f60|b0,P1,12,F,UNIFORM,100,125,60,0,52,400,77,16,21,1,false,false,"",0,true,1,0,true,C1A0T1I1F0,44,ASSEMBLE|INSPECT,INSPECTOR,1,false,false,0,,false
P1|N12|F|UNIFORM|d100|p125|f60|b10,P1,12,F,UNIFORM,100,125,60,10,52,440,77,16,21,1,false,false,"",0,true,1,0,true,C1A0T1I1F0,44,ASSEMBLE|INSPECT,INSPECTOR,1,false,false,0,,false
P1|N12|F|UNIFORM|d100|p125|f60|b25,P1,12,F,UNIFORM,100,125,60,25,52,500,77,16,21,3,true,false,"",5,false,1,0,true,C1A0T1I1F0,44,ASSEMBLE|INSPECT,INSPECTOR,1,false,false,0,,false
P1|N12|F|UNIFORM|d100|p125|f60|b50,P1,12,F,UNIFORM,100,125,60,50,52,600,77,16,21,6,true,true,"C1A0T1I1F0[400,44,ASSEMBLE|INSPECT] vs C1A1T0I0F3[575,35,ASSEMBLE+INSPECT]",7,false,3,0,true,C1A0T1I1F0,44,ASSEMBLE|INSPECT,INSPECTOR,1,false,false,0,,false
P1|N12|F|UNIFORM|d100|p125|f80|b0,P1,12,F,UNIFORM,100,125,80,0,64,325,77,16,21,1,false,false,"",0,true,0,0,true,C1A1T0I0F1,62,ASSEMBLE+INSPECT,FLEX_CELL,19,true,true,3,CUT,false
P1|N12|F|UNIFORM|d100|p125|f80|b10,P1,12,F,UNIFORM,100,125,80,10,64,357,77,16,21,2,true,false,"",1,false,0,0,true,C1A1T0I0F1,62,ASSEMBLE+INSPECT,FLEX_CELL,19,true,true,3,CUT,false
P1|N12|F|UNIFORM|d100|p125|f80|b25,P1,12,F,UNIFORM,100,125,80,25,64,406,77,16,21,3,true,true,"C1A1T0I0F1[325,62,ASSEMBLE+INSPECT] vs C1A0T1I1F0[400,44,ASSEMBLE|INSPECT]",1,false,1,0,true,C1A1T0I0F1,62,ASSEMBLE+INSPECT,FLEX_CELL,19,true,true,3,CUT,true
P1|N12|F|UNIFORM|d100|p125|f80|b50,P1,12,F,UNIFORM,100,125,80,50,64,487,77,16,21,5,true,true,"C1A1T0I0F1[325,62,ASSEMBLE+INSPECT] vs C1A0T1I1F0[400,44,ASSEMBLE|INSPECT]",6,false,1,0,true,C1A1T0I0F1,62,ASSEMBLE+INSPECT,FLEX_CELL,19,true,true,3,CUT,true
P1|N12|F|UNIFORM|d100|p150|f20|b0,P1,12,F,UNIFORM,100,150,20,0,28,800,77,16,17,1,false,false,"",0,true,1,0,true,C2A0T2I2F0,26,ASSEMBLE|INSPECT,ASSEMBLER,0,false,false,0,,false
P1|N12|F|UNIFORM|d100|p150|f20|b10,P1,12,F,UNIFORM,100,150,20,10,28,880,77,16,17,1,false,false,"",0,true,1,0,true,C2A0T2I2F0,26,ASSEMBLE|INSPECT,ASSEMBLER,0,false,false,0,,false
P1|N12|F|UNIFORM|d100|p150|f20|b25,P1,12,F,UNIFORM,100,150,20,25,28,1000,77,16,17,3,true,true,"C2A0T2I2F0[800,26,ASSEMBLE|INSPECT] vs C2A1T1I3F1[950,25,ASSEMBLE+INSPECT]",0,false,3,1,true,C2A0T2I2F0,26,ASSEMBLE|INSPECT,ASSEMBLER,0,false,false,0,,false
P1|N12|F|UNIFORM|d100|p150|f20|b50,P1,12,F,UNIFORM,100,150,20,50,28,1200,77,16,17,5,true,true,"C2A0T2I2F0[800,26,ASSEMBLE|INSPECT] vs C2A1T1I3F1[950,25,ASSEMBLE+INSPECT]",12,false,5,3,true,C2A0T2I2F0,26,ASSEMBLE|INSPECT,ASSEMBLER,0,false,false,0,,false
P1|N12|F|UNIFORM|d100|p150|f40|b0,P1,12,F,UNIFORM,100,150,40,0,40,550,77,16,17,1,false,false,"",0,true,1,0,true,C1A0T1I1F1,37,ASSEMBLE+INSPECT,ASSEMBLER,4,true,false,1,CUT,false
P1|N12|F|UNIFORM|d100|p150|f40|b10,P1,12,F,UNIFORM,100,150,40,10,40,605,77,16,17,2,true,true,"C1A0T1I1F1[550,37,ASSEMBLE+INSPECT] vs C1A1T1I2F0[600,33,CUT|ASSEMBLE]",0,false,2,0,true,C1A0T1I1F1,37,ASSEMBLE+INSPECT,ASSEMBLER,4,true,false,1,CUT,false
P1|N12|F|UNIFORM|d100|p150|f40|b25,P1,12,F,UNIFORM,100,150,40,25,40,687,77,16,17,2,true,true,"C1A0T1I1F1[550,37,ASSEMBLE+INSPECT] vs C1A1T1I2F0[600,33,CUT|ASSEMBLE]",0,false,2,0,true,C1A0T1I1F1,37,ASSEMBLE+INSPECT,ASSEMBLER,4,true,false,1,CUT,false
P1|N12|F|UNIFORM|d100|p150|f40|b50,P1,12,F,UNIFORM,100,150,40,50,40,825,77,16,17,5,true,true,"C1A0T1I1F1[550,37,ASSEMBLE+INSPECT] vs C1A1T1I2F0[600,33,CUT|ASSEMBLE]",4,false,5,1,true,C1A0T1I1F1,37,ASSEMBLE+INSPECT,ASSEMBLER,4,true,false,1,CUT,false
P1|N12|F|UNIFORM|d100|p150|f60|b0,P1,12,F,UNIFORM,100,150,60,0,52,400,77,16,17,1,false,false,"",0,true,1,0,true,C1A0T1I1F0,44,ASSEMBLE|INSPECT,INSPECTOR,1,false,false,0,,false
P1|N12|F|UNIFORM|d100|p150|f60|b10,P1,12,F,UNIFORM,100,150,60,10,52,440,77,16,17,1,false,false,"",0,true,1,0,true,C1A0T1I1F0,44,ASSEMBLE|INSPECT,INSPECTOR,1,false,false,0,,false
P1|N12|F|UNIFORM|d100|p150|f60|b25,P1,12,F,UNIFORM,100,150,60,25,52,500,77,16,17,2,true,false,"",2,false,2,1,true,C1A0T1I1F0,44,ASSEMBLE|INSPECT,INSPECTOR,1,false,false,0,,false
P1|N12|F|UNIFORM|d100|p150|f60|b50,P1,12,F,UNIFORM,100,150,60,50,52,600,77,16,17,4,true,true,"C1A0T1I2F0[500,43,ASSEMBLE] vs C1A0T1I1F1[550,37,ASSEMBLE+INSPECT]",2,false,4,1,true,C1A0T1I1F0,44,ASSEMBLE|INSPECT,INSPECTOR,1,false,false,0,,false
P1|N12|F|UNIFORM|d100|p150|f80|b0,P1,12,F,UNIFORM,100,150,80,0,64,350,77,16,17,1,false,false,"",0,true,0,0,true,C1A1T0I0F1,62,ASSEMBLE+INSPECT,FLEX_CELL,19,true,true,3,CUT,false
P1|N12|F|UNIFORM|d100|p150|f80|b10,P1,12,F,UNIFORM,100,150,80,10,64,385,77,16,17,1,false,false,"",0,true,0,0,true,C1A1T0I0F1,62,ASSEMBLE+INSPECT,FLEX_CELL,19,true,true,3,CUT,false
P1|N12|F|UNIFORM|d100|p150|f80|b25,P1,12,F,UNIFORM,100,150,80,25,64,437,77,16,17,2,true,true,"C1A1T0I0F1[350,62,ASSEMBLE+INSPECT] vs C1A0T1I1F0[400,44,ASSEMBLE|INSPECT]",0,false,1,0,true,C1A1T0I0F1,62,ASSEMBLE+INSPECT,FLEX_CELL,19,true,true,3,CUT,true
P1|N12|F|UNIFORM|d100|p150|f80|b50,P1,12,F,UNIFORM,100,150,80,50,64,525,77,16,17,3,true,true,"C1A1T0I0F1[350,62,ASSEMBLE+INSPECT] vs C1A0T1I1F0[400,44,ASSEMBLE|INSPECT]",2,false,2,1,true,C1A1T0I0F1,62,ASSEMBLE+INSPECT,FLEX_CELL,19,true,true,3,CUT,true
P1|N12|F|UNIFORM|d100|p200|f20|b0,P1,12,F,UNIFORM,100,200,20,0,28,800,77,16,12,1,false,false,"",0,true,1,0,true,C2A0T2I2F0,26,ASSEMBLE|INSPECT,ASSEMBLER,0,false,false,0,,false
P1|N12|F|UNIFORM|d100|p200|f20|b10,P1,12,F,UNIFORM,100,200,20,10,28,880,77,16,12,1,false,false,"",0,true,1,0,true,C2A0T2I2F0,26,ASSEMBLE|INSPECT,ASSEMBLER,0,false,false,0,,false
P1|N12|F|UNIFORM|d100|p200|f20|b25,P1,12,F,UNIFORM,100,200,20,25,28,1000,77,16,12,2,true,false,"",0,true,2,0,true,C2A0T2I2F0,26,ASSEMBLE|INSPECT,ASSEMBLER,0,false,false,0,,false
P1|N12|F|UNIFORM|d100|p200|f20|b50,P1,12,F,UNIFORM,100,200,20,50,28,1200,77,16,12,4,true,false,"",0,true,4,0,true,C2A0T2I2F0,26,ASSEMBLE|INSPECT,ASSEMBLER,0,false,false,0,,false
P1|N12|F|UNIFORM|d100|p200|f40|b0,P1,12,F,UNIFORM,100,200,40,0,40,600,77,16,12,1,false,false,"",0,true,1,0,true,C1A1T1I2F0,33,CUT|ASSEMBLE,CUTTER,1,false,false,0,,false
P1|N12|F|UNIFORM|d100|p200|f40|b10,P1,12,F,UNIFORM,100,200,40,10,40,660,77,16,12,1,false,false,"",0,true,1,0,true,C1A1T1I2F0,33,CUT|ASSEMBLE,CUTTER,1,false,false,0,,false
P1|N12|F|UNIFORM|d100|p200|f40|b25,P1,12,F,UNIFORM,100,200,40,25,40,750,77,16,12,2,true,false,"",0,true,2,0,true,C1A1T1I2F0,33,CUT|ASSEMBLE,CUTTER,1,false,false,0,,false
P1|N12|F|UNIFORM|d100|p200|f40|b50,P1,12,F,UNIFORM,100,200,40,50,40,900,77,16,12,3,true,false,"",0,true,3,0,true,C1A1T1I2F0,33,CUT|ASSEMBLE,CUTTER,1,false,false,0,,false
P1|N12|F|UNIFORM|d100|p200|f60|b0,P1,12,F,UNIFORM,100,200,60,0,52,400,77,16,12,1,false,false,"",0,true,1,0,true,C1A0T1I1F0,44,ASSEMBLE|INSPECT,INSPECTOR,1,false,false,0,,false
P1|N12|F|UNIFORM|d100|p200|f60|b10,P1,12,F,UNIFORM,100,200,60,10,52,440,77,16,12,1,false,false,"",0,true,1,0,true,C1A0T1I1F0,44,ASSEMBLE|INSPECT,INSPECTOR,1,false,false,0,,false
P1|N12|F|UNIFORM|d100|p200|f60|b25,P1,12,F,UNIFORM,100,200,60,25,52,500,77,16,12,2,true,false,"",0,true,2,0,true,C1A0T1I1F0,44,ASSEMBLE|INSPECT,INSPECTOR,1,false,false,0,,false
P1|N12|F|UNIFORM|d100|p200|f60|b50,P1,12,F,UNIFORM,100,200,60,50,52,600,77,16,12,3,true,false,"",0,true,3,0,true,C1A0T1I1F0,44,ASSEMBLE|INSPECT,INSPECTOR,1,false,false,0,,false
P1|N12|F|UNIFORM|d100|p200|f80|b0,P1,12,F,UNIFORM,100,200,80,0,64,400,77,16,12,1,false,false,"",0,true,1,0,true,C1A0T1I1F0,44,ASSEMBLE|INSPECT,INSPECTOR,1,false,false,0,,false
P1|N12|F|UNIFORM|d100|p200|f80|b10,P1,12,F,UNIFORM,100,200,80,10,64,440,77,16,12,1,false,false,"",0,true,1,0,true,C1A0T1I1F0,44,ASSEMBLE|INSPECT,INSPECTOR,1,false,false,0,,false
P1|N12|F|UNIFORM|d100|p200|f80|b25,P1,12,F,UNIFORM,100,200,80,25,64,500,77,16,12,2,true,false,"",0,true,2,0,true,C1A0T1I1F0,44,ASSEMBLE|INSPECT,INSPECTOR,1,false,false,0,,false
P1|N12|F|UNIFORM|d100|p200|f80|b50,P1,12,F,UNIFORM,100,200,80,50,64,600,77,16,12,3,true,false,"",0,true,3,0,true,C1A0T1I1F0,44,ASSEMBLE|INSPECT,INSPECTOR,1,false,false,0,,false
P1|N12|F|WORK|d75|p100|f20|b0,P1,12,F,WORK,75,100,20,0,28,1400,77,16,18,1,false,false,"",0,true,0,0,true,C2A0T2I2F0,26,ASSEMBLE|INSPECT,ASSEMBLER,0,false,false,0,,false
P1|N12|F|WORK|d75|p100|f20|b10,P1,12,F,WORK,75,100,20,10,28,1540,77,16,18,1,false,false,"",0,true,0,0,true,C2A0T2I2F0,26,ASSEMBLE|INSPECT,ASSEMBLER,0,false,false,0,,false
P1|N12|F|WORK|d75|p100|f20|b25,P1,12,F,WORK,75,100,20,25,28,1750,77,16,18,2,true,true,"C2A0T2I2F0[1400,26,ASSEMBLE|INSPECT] vs C2A0T1I3F2[1700,25,ASSEMBLE+INSPECT]",0,false,1,1,true,C2A0T2I2F0,26,ASSEMBLE|INSPECT,ASSEMBLER,0,false,false,0,,false
P1|N12|F|WORK|d75|p100|f20|b50,P1,12,F,WORK,75,100,20,50,28,2100,77,16,18,5,true,true,"C2A0T2I2F0[1400,26,ASSEMBLE|INSPECT] vs C2A0T1I3F2[1700,25,ASSEMBLE+INSPECT]",3,false,3,3,true,C2A0T2I2F0,26,ASSEMBLE|INSPECT,ASSEMBLER,0,false,false,0,,false
P1|N12|F|WORK|d75|p100|f40|b0,P1,12,F,WORK,75,100,40,0,40,1000,77,16,18,1,false,false,"",0,true,0,0,true,C1A0T1I1F1,37,ASSEMBLE+INSPECT,ASSEMBLER,4,true,false,1,CUT,false
P1|N12|F|WORK|d75|p100|f40|b10,P1,12,F,WORK,75,100,40,10,40,1100,77,16,18,2,true,false,"",0,false,0,0,true,C1A0T1I1F1,37,ASSEMBLE+INSPECT,ASSEMBLER,4,true,false,1,CUT,false
P1|N12|F|WORK|d75|p100|f40|b25,P1,12,F,WORK,75,100,40,25,40,1250,77,16,18,4,true,true,"C1A0T1I1F1[1000,37,ASSEMBLE+INSPECT] vs C1A1T1I2F0[1150,33,CUT|ASSEMBLE]",0,false,1,1,true,C1A0T1I1F1,37,ASSEMBLE+INSPECT,ASSEMBLER,4,true,false,1,CUT,false
P1|N12|F|WORK|d75|p100|f40|b50,P1,12,F,WORK,75,100,40,50,40,1500,77,16,18,6,true,true,"C1A0T1I1F1[1000,37,ASSEMBLE+INSPECT] vs C1A1T1I2F0[1150,33,CUT|ASSEMBLE]",0,false,1,1,true,C1A0T1I1F1,37,ASSEMBLE+INSPECT,ASSEMBLER,4,true,false,1,CUT,false
P1|N12|F|WORK|d75|p100|f60|b0,P1,12,F,WORK,75,100,60,0,52,700,77,16,18,1,false,false,"",0,true,0,0,true,C1A0T1I1F0,44,ASSEMBLE|INSPECT,INSPECTOR,1,false,false,0,,false
P1|N12|F|WORK|d75|p100|f60|b10,P1,12,F,WORK,75,100,60,10,52,770,77,16,18,1,false,false,"",0,true,0,0,true,C1A0T1I1F0,44,ASSEMBLE|INSPECT,INSPECTOR,1,false,false,0,,false
P1|N12|F|WORK|d75|p100|f60|b25,P1,12,F,WORK,75,100,60,25,52,875,77,16,18,2,true,false,"",0,true,0,0,true,C1A0T1I1F0,44,ASSEMBLE|INSPECT,INSPECTOR,1,false,false,0,,false
P1|N12|F|WORK|d75|p100|f60|b50,P1,12,F,WORK,75,100,60,50,52,1050,77,16,18,4,true,true,"C1A0T1I2F0[850,43,ASSEMBLE] vs C1A0T1I1F1[1000,37,ASSEMBLE+INSPECT]",0,false,0,0,true,C1A0T1I1F0,44,ASSEMBLE|INSPECT,INSPECTOR,1,false,false,0,,false
P1|N12|F|WORK|d75|p100|f80|b0,P1,12,F,WORK,75,100,80,0,64,700,77,16,18,1,false,false,"",0,true,0,0,true,C1A0T1I1F0,44,ASSEMBLE|INSPECT,INSPECTOR,1,false,false,0,,false
P1|N12|F|WORK|d75|p100|f80|b10,P1,12,F,WORK,75,100,80,10,64,770,77,16,18,1,false,false,"",0,true,0,0,true,C1A0T1I1F0,44,ASSEMBLE|INSPECT,INSPECTOR,1,false,false,0,,false
P1|N12|F|WORK|d75|p100|f80|b25,P1,12,F,WORK,75,100,80,25,64,875,77,16,18,2,true,false,"",0,true,0,0,true,C1A0T1I1F0,44,ASSEMBLE|INSPECT,INSPECTOR,1,false,false,0,,false
P1|N12|F|WORK|d75|p100|f80|b50,P1,12,F,WORK,75,100,80,50,64,1050,77,16,18,4,true,true,"C1A0T1I2F0[850,43,ASSEMBLE] vs C1A0T1I1F1[1000,37,ASSEMBLE+INSPECT]",0,false,0,0,true,C1A0T1I1F0,44,ASSEMBLE|INSPECT,INSPECTOR,1,false,false,0,,false
P1|N12|F|WORK|d75|p125|f20|b0,P1,12,F,WORK,75,125,20,0,28,1400,77,16,17,1,false,false,"",0,true,0,0,true,C2A0T2I2F0,26,ASSEMBLE|INSPECT,ASSEMBLER,0,false,false,0,,false
P1|N12|F|WORK|d75|p125|f20|b10,P1,12,F,WORK,75,125,20,10,28,1540,77,16,17,1,false,false,"",0,true,0,0,true,C2A0T2I2F0,26,ASSEMBLE|INSPECT,ASSEMBLER,0,false,false,0,,false
P1|N12|F|WORK|d75|p125|f20|b25,P1,12,F,WORK,75,125,20,25,28,1750,77,16,17,2,true,false,"",0,true,0,0,true,C2A0T2I2F0,26,ASSEMBLE|INSPECT,ASSEMBLER,0,false,false,0,,false
P1|N12|F|WORK|d75|p125|f20|b50,P1,12,F,WORK,75,125,20,50,28,2100,77,16,17,5,true,true,"C2A0T2I4F0[1700,25,ASSEMBLE] vs C2A1T2I3F0[1850,23,ASSEMBLE]",0,false,0,0,true,C2A0T2I2F0,26,ASSEMBLE|INSPECT,ASSEMBLER,0,false,false,0,,false
P1|N12|F|WORK|d75|p125|f40|b0,P1,12,F,WORK,75,125,40,0,40,1075,77,16,17,1,false,false,"",0,true,0,0,true,C1A0T1I1F1,37,ASSEMBLE+INSPECT,ASSEMBLER,4,true,false,1,CUT,false
P1|N12|F|WORK|d75|p125|f40|b10,P1,12,F,WORK,75,125,40,10,40,1182,77,16,17,2,true,true,"C1A0T1I1F1[1075,37,ASSEMBLE+INSPECT] vs C1A1T1I2F0[1150,33,CUT|ASSEMBLE]",0,false,0,0,true,C1A0T1I1F1,37,ASSEMBLE+INSPECT,ASSEMBLER,4,true,false,1,CUT,false
P1|N12|F|WORK|d75|p125|f40|b25,P1,12,F,WORK,75,125,40,25,40,1343,77,16,17,4,true,true,"C1A0T1I1F1[1075,37,ASSEMBLE+INSPECT] vs C1A1T1I2F0[1150,33,CUT|ASSEMBLE]",1,false,0,0,true,C1A0T1I1F1,37,ASSEMBLE+INSPECT,ASSEMBLER,4,true,false,1,CUT,false
P1|N12|F|WORK|d75|p125|f40|b50,P1,12,F,WORK,75,125,40,50,40,1612,77,16,17,5,true,true,"C1A0T1I1F1[1075,37,ASSEMBLE+INSPECT] vs C1A1T1I2F0[1150,33,CUT|ASSEMBLE]",1,false,0,0,true,C1A0T1I1F1,37,ASSEMBLE+INSPECT,ASSEMBLER,4,true,false,1,CUT,false
P1|N12|F|WORK|d75|p125|f60|b0,P1,12,F,WORK,75,125,60,0,52,700,77,16,17,1,false,false,"",0,true,0,0,true,C1A0T1I1F0,44,ASSEMBLE|INSPECT,INSPECTOR,1,false,false,0,,false
P1|N12|F|WORK|d75|p125|f60|b10,P1,12,F,WORK,75,125,60,10,52,770,77,16,17,1,false,false,"",0,true,0,0,true,C1A0T1I1F0,44,ASSEMBLE|INSPECT,INSPECTOR,1,false,false,0,,false
P1|N12|F|WORK|d75|p125|f60|b25,P1,12,F,WORK,75,125,60,25,52,875,77,16,17,2,true,false,"",0,true,0,0,true,C1A0T1I1F0,44,ASSEMBLE|INSPECT,INSPECTOR,1,false,false,0,,false
P1|N12|F|WORK|d75|p125|f60|b50,P1,12,F,WORK,75,125,60,50,52,1050,77,16,17,3,true,false,"",0,false,0,0,true,C1A0T1I1F0,44,ASSEMBLE|INSPECT,INSPECTOR,1,false,false,0,,false
P1|N12|F|WORK|d75|p125|f80|b0,P1,12,F,WORK,75,125,80,0,64,700,77,16,17,1,false,false,"",0,true,0,0,true,C1A0T1I1F0,44,ASSEMBLE|INSPECT,INSPECTOR,1,false,false,0,,false
P1|N12|F|WORK|d75|p125|f80|b10,P1,12,F,WORK,75,125,80,10,64,770,77,16,17,1,false,false,"",0,true,0,0,true,C1A0T1I1F0,44,ASSEMBLE|INSPECT,INSPECTOR,1,false,false,0,,false
P1|N12|F|WORK|d75|p125|f80|b25,P1,12,F,WORK,75,125,80,25,64,875,77,16,17,2,true,false,"",0,true,0,0,true,C1A0T1I1F0,44,ASSEMBLE|INSPECT,INSPECTOR,1,false,false,0,,false
P1|N12|F|WORK|d75|p125|f80|b50,P1,12,F,WORK,75,125,80,50,64,1050,77,16,17,3,true,false,"",0,false,0,0,true,C1A0T1I1F0,44,ASSEMBLE|INSPECT,INSPECTOR,1,false,false,0,,false
P1|N12|F|WORK|d75|p150|f20|b0,P1,12,F,WORK,75,150,20,0,28,1400,77,16,14,1,false,false,"",0,true,0,0,true,C2A0T2I2F0,26,ASSEMBLE|INSPECT,ASSEMBLER,0,false,false,0,,false
P1|N12|F|WORK|d75|p150|f20|b10,P1,12,F,WORK,75,150,20,10,28,1540,77,16,14,1,false,false,"",0,true,0,0,true,C2A0T2I2F0,26,ASSEMBLE|INSPECT,ASSEMBLER,0,false,false,0,,false
P1|N12|F|WORK|d75|p150|f20|b25,P1,12,F,WORK,75,150,20,25,28,1750,77,16,14,2,true,false,"",0,true,0,0,true,C2A0T2I2F0,26,ASSEMBLE|INSPECT,ASSEMBLER,0,false,false,0,,false
P1|N12|F|WORK|d75|p150|f20|b50,P1,12,F,WORK,75,150,20,50,28,2100,77,16,14,5,true,true,"C2A0T2I4F0[1700,25,ASSEMBLE] vs C2A1T2I3F0[1850,23,ASSEMBLE]",0,false,0,0,true,C2A0T2I2F0,26,ASSEMBLE|INSPECT,ASSEMBLER,0,false,false,0,,false
P1|N12|F|WORK|d75|p150|f40|b0,P1,12,F,WORK,75,150,40,0,40,1150,77,16,14,1,false,false,"",0,true,0,0,true,C1A1T1I2F0,33,CUT|ASSEMBLE,CUTTER,1,false,false,0,,false
P1|N12|F|WORK|d75|p150|f40|b10,P1,12,F,WORK,75,150,40,10,40,1265,77,16,14,2,true,false,"",0,true,0,0,true,C1A1T1I2F0,33,CUT|ASSEMBLE,CUTTER,1,false,false,0,,false
P1|N12|F|WORK|d75|p150|f40|b25,P1,12,F,WORK,75,150,40,25,40,1437,77,16,14,3,true,false,"",0,true,0,0,true,C1A1T1I2F0,33,CUT|ASSEMBLE,CUTTER,1,false,false,0,,false
P1|N12|F|WORK|d75|p150|f40|b50,P1,12,F,WORK,75,150,40,50,40,1725,77,16,14,4,true,false,"",0,true,0,0,true,C1A1T1I2F0,33,CUT|ASSEMBLE,CUTTER,1,false,false,0,,false
P1|N12|F|WORK|d75|p150|f60|b0,P1,12,F,WORK,75,150,60,0,52,700,77,16,14,1,false,false,"",0,true,0,0,true,C1A0T1I1F0,44,ASSEMBLE|INSPECT,INSPECTOR,1,false,false,0,,false
P1|N12|F|WORK|d75|p150|f60|b10,P1,12,F,WORK,75,150,60,10,52,770,77,16,14,1,false,false,"",0,true,0,0,true,C1A0T1I1F0,44,ASSEMBLE|INSPECT,INSPECTOR,1,false,false,0,,false
P1|N12|F|WORK|d75|p150|f60|b25,P1,12,F,WORK,75,150,60,25,52,875,77,16,14,2,true,false,"",0,true,0,0,true,C1A0T1I1F0,44,ASSEMBLE|INSPECT,INSPECTOR,1,false,false,0,,false
P1|N12|F|WORK|d75|p150|f60|b50,P1,12,F,WORK,75,150,60,50,52,1050,77,16,14,3,true,false,"",0,false,0,0,true,C1A0T1I1F0,44,ASSEMBLE|INSPECT,INSPECTOR,1,false,false,0,,false
P1|N12|F|WORK|d75|p150|f80|b0,P1,12,F,WORK,75,150,80,0,64,700,77,16,14,1,false,false,"",0,true,0,0,true,C1A0T1I1F0,44,ASSEMBLE|INSPECT,INSPECTOR,1,false,false,0,,false
P1|N12|F|WORK|d75|p150|f80|b10,P1,12,F,WORK,75,150,80,10,64,770,77,16,14,1,false,false,"",0,true,0,0,true,C1A0T1I1F0,44,ASSEMBLE|INSPECT,INSPECTOR,1,false,false,0,,false
P1|N12|F|WORK|d75|p150|f80|b25,P1,12,F,WORK,75,150,80,25,64,875,77,16,14,2,true,false,"",0,true,0,0,true,C1A0T1I1F0,44,ASSEMBLE|INSPECT,INSPECTOR,1,false,false,0,,false
P1|N12|F|WORK|d75|p150|f80|b50,P1,12,F,WORK,75,150,80,50,64,1050,77,16,14,3,true,false,"",0,false,0,0,true,C1A0T1I1F0,44,ASSEMBLE|INSPECT,INSPECTOR,1,false,false,0,,false
P1|N12|F|WORK|d75|p200|f20|b0,P1,12,F,WORK,75,200,20,0,28,1400,77,16,14,1,false,false,"",0,true,0,0,true,C2A0T2I2F0,26,ASSEMBLE|INSPECT,ASSEMBLER,0,false,false,0,,false
P1|N12|F|WORK|d75|p200|f20|b10,P1,12,F,WORK,75,200,20,10,28,1540,77,16,14,1,false,false,"",0,true,0,0,true,C2A0T2I2F0,26,ASSEMBLE|INSPECT,ASSEMBLER,0,false,false,0,,false
P1|N12|F|WORK|d75|p200|f20|b25,P1,12,F,WORK,75,200,20,25,28,1750,77,16,14,2,true,false,"",0,true,0,0,true,C2A0T2I2F0,26,ASSEMBLE|INSPECT,ASSEMBLER,0,false,false,0,,false
P1|N12|F|WORK|d75|p200|f20|b50,P1,12,F,WORK,75,200,20,50,28,2100,77,16,14,5,true,true,"C2A0T2I4F0[1700,25,ASSEMBLE] vs C2A1T2I3F0[1850,23,ASSEMBLE]",0,false,0,0,true,C2A0T2I2F0,26,ASSEMBLE|INSPECT,ASSEMBLER,0,false,false,0,,false
P1|N12|F|WORK|d75|p200|f40|b0,P1,12,F,WORK,75,200,40,0,40,1150,77,16,14,1,false,false,"",0,true,0,0,true,C1A1T1I2F0,33,CUT|ASSEMBLE,CUTTER,1,false,false,0,,false
P1|N12|F|WORK|d75|p200|f40|b10,P1,12,F,WORK,75,200,40,10,40,1265,77,16,14,2,true,false,"",0,true,0,0,true,C1A1T1I2F0,33,CUT|ASSEMBLE,CUTTER,1,false,false,0,,false
P1|N12|F|WORK|d75|p200|f40|b25,P1,12,F,WORK,75,200,40,25,40,1437,77,16,14,3,true,false,"",0,true,0,0,true,C1A1T1I2F0,33,CUT|ASSEMBLE,CUTTER,1,false,false,0,,false
P1|N12|F|WORK|d75|p200|f40|b50,P1,12,F,WORK,75,200,40,50,40,1725,77,16,14,4,true,false,"",0,true,0,0,true,C1A1T1I2F0,33,CUT|ASSEMBLE,CUTTER,1,false,false,0,,false
P1|N12|F|WORK|d75|p200|f60|b0,P1,12,F,WORK,75,200,60,0,52,700,77,16,14,1,false,false,"",0,true,0,0,true,C1A0T1I1F0,44,ASSEMBLE|INSPECT,INSPECTOR,1,false,false,0,,false
P1|N12|F|WORK|d75|p200|f60|b10,P1,12,F,WORK,75,200,60,10,52,770,77,16,14,1,false,false,"",0,true,0,0,true,C1A0T1I1F0,44,ASSEMBLE|INSPECT,INSPECTOR,1,false,false,0,,false
P1|N12|F|WORK|d75|p200|f60|b25,P1,12,F,WORK,75,200,60,25,52,875,77,16,14,2,true,false,"",0,true,0,0,true,C1A0T1I1F0,44,ASSEMBLE|INSPECT,INSPECTOR,1,false,false,0,,false
P1|N12|F|WORK|d75|p200|f60|b50,P1,12,F,WORK,75,200,60,50,52,1050,77,16,14,3,true,false,"",0,false,0,0,true,C1A0T1I1F0,44,ASSEMBLE|INSPECT,INSPECTOR,1,false,false,0,,false
P1|N12|F|WORK|d75|p200|f80|b0,P1,12,F,WORK,75,200,80,0,64,700,77,16,14,1,false,false,"",0,true,0,0,true,C1A0T1I1F0,44,ASSEMBLE|INSPECT,INSPECTOR,1,false,false,0,,false
P1|N12|F|WORK|d75|p200|f80|b10,P1,12,F,WORK,75,200,80,10,64,770,77,16,14,1,false,false,"",0,true,0,0,true,C1A0T1I1F0,44,ASSEMBLE|INSPECT,INSPECTOR,1,false,false,0,,false
P1|N12|F|WORK|d75|p200|f80|b25,P1,12,F,WORK,75,200,80,25,64,875,77,16,14,2,true,false,"",0,true,0,0,true,C1A0T1I1F0,44,ASSEMBLE|INSPECT,INSPECTOR,1,false,false,0,,false
P1|N12|F|WORK|d75|p200|f80|b50,P1,12,F,WORK,75,200,80,50,64,1050,77,16,14,3,true,false,"",0,false,0,0,true,C1A0T1I1F0,44,ASSEMBLE|INSPECT,INSPECTOR,1,false,false,0,,false
P1|N12|F|WORK|d90|p100|f20|b0,P1,12,F,WORK,90,100,20,0,28,1580,77,16,20,1,false,false,"",0,true,0,0,true,C2A0T2I2F0,26,ASSEMBLE|INSPECT,ASSEMBLER,0,false,false,0,,false
P1|N12|F|WORK|d90|p100|f20|b10,P1,12,F,WORK,90,100,20,10,28,1738,77,16,20,1,false,false,"",0,true,0,0,true,C2A0T2I2F0,26,ASSEMBLE|INSPECT,ASSEMBLER,0,false,false,0,,false
P1|N12|F|WORK|d90|p100|f20|b25,P1,12,F,WORK,90,100,20,25,28,1975,77,16,20,2,true,true,"C2A0T2I2F0[1580,26,ASSEMBLE|INSPECT] vs C2A0T1I3F2[1790,25,ASSEMBLE+INSPECT]",0,false,1,1,true,C2A0T2I2F0,26,ASSEMBLE|INSPECT,ASSEMBLER,0,false,false,0,,false
P1|N12|F|WORK|d90|p100|f20|b50,P1,12,F,WORK,90,100,20,50,28,2370,77,16,20,5,true,true,"C2A0T2I2F0[1580,26,ASSEMBLE|INSPECT] vs C2A0T1I3F2[1790,25,ASSEMBLE+INSPECT]",2,false,1,1,true,C2A0T2I2F0,26,ASSEMBLE|INSPECT,ASSEMBLER,0,false,false,0,,false
P1|N12|F|WORK|d90|p100|f40|b0,P1,12,F,WORK,90,100,40,0,40,1090,77,16,20,1,false,false,"",0,true,0,0,true,C1A0T1I1F1,37,ASSEMBLE+INSPECT,ASSEMBLER,4,true,false,1,CUT,false
P1|N12|F|WORK|d90|p100|f40|b10,P1,12,F,WORK,90,100,40,10,40,1199,77,16,20,2,true,false,"",0,false,0,0,true,C1A0T1I1F1,37,ASSEMBLE+INSPECT,ASSEMBLER,4,true,false,1,CUT,false
P1|N12|F|WORK|d90|p100|f40|b25,P1,12,F,WORK,90,100,40,25,40,1362,77,16,20,4,true,true,"C1A0T1I1F1[1090,37,ASSEMBLE+INSPECT] vs C1A1T1I2F0[1240,33,CUT|ASSEMBLE]",0,false,1,1,true,C1A0T1I1F1,37,ASSEMBLE+INSPECT,ASSEMBLER,4,true,false,1,CUT,false
P1|N12|F|WORK|d90|p100|f40|b50,P1,12,F,WORK,90,100,40,50,40,1635,77,16,20,6,true,true,"C1A0T1I1F1[1090,37,ASSEMBLE+INSPECT] vs C1A1T1I2F0[1240,33,CUT|ASSEMBLE]",0,false,1,1,true,C1A0T1I1F1,37,ASSEMBLE+INSPECT,ASSEMBLER,4,true,false,1,CUT,false
P1|N12|F|WORK|d90|p100|f60|b0,P1,12,F,WORK,90,100,60,0,52,790,77,16,20,1,false,false,"",0,true,0,0,true,C1A0T1I1F0,44,ASSEMBLE|INSPECT,INSPECTOR,1,false,false,0,,false
P1|N12|F|WORK|d90|p100|f60|b10,P1,12,F,WORK,90,100,60,10,52,869,77,16,20,1,false,false,"",0,true,0,0,true,C1A0T1I1F0,44,ASSEMBLE|INSPECT,INSPECTOR,1,false,false,0,,false
P1|N12|F|WORK|d90|p100|f60|b25,P1,12,F,WORK,90,100,60,25,52,987,77,16,20,2,true,false,"",0,true,0,0,true,C1A0T1I1F0,44,ASSEMBLE|INSPECT,INSPECTOR,1,false,false,0,,false
P1|N12|F|WORK|d90|p100|f60|b50,P1,12,F,WORK,90,100,60,50,52,1185,77,16,20,5,true,true,"C1A0T1I2F0[940,43,ASSEMBLE] vs C1A0T0I0F3[1000,42,ASSEMBLE+INSPECT]",1,false,0,0,true,C1A0T1I1F0,44,ASSEMBLE|INSPECT,INSPECTOR,1,false,false,0,,false
P1|N12|F|WORK|d90|p100|f80|b0,P1,12,F,WORK,90,100,80,0,64,700,77,16,20,1,false,false,"",0,true,0,0,true,C1A0T0I0F2,58,ASSEMBLE+INSPECT,FLEX_CELL,16,true,true,3,CUT,false
P1|N12|F|WORK|d90|p100|f80|b10,P1,12,F,WORK,90,100,80,10,64,770,77,16,20,1,false,false,"",0,true,0,0,true,C1A0T0I0F2,58,ASSEMBLE+INSPECT,FLEX_CELL,16,true,true,3,CUT,false
P1|N12|F|WORK|d90|p100|f80|b25,P1,12,F,WORK,90,100,80,25,64,875,77,16,20,2,true,true,"C1A0T0I0F2[700,58,ASSEMBLE+INSPECT] vs C1A0T1I1F0[790,44,ASSEMBLE|INSPECT]",0,false,0,0,true,C1A0T0I0F2,58,ASSEMBLE+INSPECT,FLEX_CELL,16,true,true,3,CUT,true
P1|N12|F|WORK|d90|p100|f80|b50,P1,12,F,WORK,90,100,80,50,64,1050,77,16,20,5,true,true,"C1A0T0I0F2[700,58,ASSEMBLE+INSPECT] vs C1A0T1I1F0[790,44,ASSEMBLE|INSPECT]",1,false,0,0,true,C1A0T0I0F2,58,ASSEMBLE+INSPECT,FLEX_CELL,16,true,true,3,CUT,true
P1|N12|F|WORK|d90|p125|f20|b0,P1,12,F,WORK,90,125,20,0,28,1580,77,16,19,1,false,false,"",0,true,0,0,true,C2A0T2I2F0,26,ASSEMBLE|INSPECT,ASSEMBLER,0,false,false,0,,false
P1|N12|F|WORK|d90|p125|f20|b10,P1,12,F,WORK,90,125,20,10,28,1738,77,16,19,1,false,false,"",0,true,0,0,true,C2A0T2I2F0,26,ASSEMBLE|INSPECT,ASSEMBLER,0,false,false,0,,false
P1|N12|F|WORK|d90|p125|f20|b25,P1,12,F,WORK,90,125,20,25,28,1975,77,16,19,2,true,true,"C2A0T2I2F0[1580,26,ASSEMBLE|INSPECT] vs C2A1T1I3F1[1865,25,ASSEMBLE+INSPECT]",0,false,0,0,true,C2A0T2I2F0,26,ASSEMBLE|INSPECT,ASSEMBLER,0,false,false,0,,false
P1|N12|F|WORK|d90|p125|f20|b50,P1,12,F,WORK,90,125,20,50,28,2370,77,16,19,5,true,true,"C2A0T2I2F0[1580,26,ASSEMBLE|INSPECT] vs C2A1T1I3F1[1865,25,ASSEMBLE+INSPECT]",0,false,0,0,true,C2A0T2I2F0,26,ASSEMBLE|INSPECT,ASSEMBLER,0,false,false,0,,false
P1|N12|F|WORK|d90|p125|f40|b0,P1,12,F,WORK,90,125,40,0,40,1165,77,16,19,1,false,false,"",0,true,0,0,true,C1A0T1I1F1,37,ASSEMBLE+INSPECT,ASSEMBLER,4,true,false,1,CUT,false
P1|N12|F|WORK|d90|p125|f40|b10,P1,12,F,WORK,90,125,40,10,40,1281,77,16,19,2,true,true,"C1A0T1I1F1[1165,37,ASSEMBLE+INSPECT] vs C1A1T1I2F0[1240,33,CUT|ASSEMBLE]",0,false,0,0,true,C1A0T1I1F1,37,ASSEMBLE+INSPECT,ASSEMBLER,4,true,false,1,CUT,false
P1|N12|F|WORK|d90|p125|f40|b25,P1,12,F,WORK,90,125,40,25,40,1456,77,16,19,4,true,true,"C1A0T1I1F1[1165,37,ASSEMBLE+INSPECT] vs C1A1T1I2F0[1240,33,CUT|ASSEMBLE]",1,false,0,0,true,C1A0T1I1F1,37,ASSEMBLE+INSPECT,ASSEMBLER,4,true,false,1,CUT,false
P1|N12|F|WORK|d90|p125|f40|b50,P1,12,F,WORK,90,125,40,50,40,1747,77,16,19,6,true,true,"C1A0T1I1F1[1165,37,ASSEMBLE+INSPECT] vs C1A1T1I2F0[1240,33,CUT|ASSEMBLE]",2,false,0,0,true,C1A0T1I1F1,37,ASSEMBLE+INSPECT,ASSEMBLER,4,true,false,1,CUT,false
P1|N12|F|WORK|d90|p125|f60|b0,P1,12,F,WORK,90,125,60,0,52,790,77,16,19,1,false,false,"",0,true,0,0,true,C1A0T1I1F0,44,ASSEMBLE|INSPECT,INSPECTOR,1,false,false,0,,false
P1|N12|F|WORK|d90|p125|f60|b10,P1,12,F,WORK,90,125,60,10,52,869,77,16,19,1,false,false,"",0,true,0,0,true,C1A0T1I1F0,44,ASSEMBLE|INSPECT,INSPECTOR,1,false,false,0,,false
P1|N12|F|WORK|d90|p125|f60|b25,P1,12,F,WORK,90,125,60,25,52,987,77,16,19,2,true,false,"",0,true,0,0,true,C1A0T1I1F0,44,ASSEMBLE|INSPECT,INSPECTOR,1,false,false,0,,false
P1|N12|F|WORK|d90|p125|f60|b50,P1,12,F,WORK,90,125,60,50,52,1185,77,16,19,4,true,true,"C1A0T1I2F0[940,43,ASSEMBLE] vs C1A0T1I1F1[1165,37,ASSEMBLE+INSPECT]",0,false,0,0,true,C1A0T1I1F0,44,ASSEMBLE|INSPECT,INSPECTOR,1,false,false,0,,false
P1|N12|F|WORK|d90|p125|f80|b0,P1,12,F,WORK,90,125,80,0,64,775,77,16,19,1,false,false,"",0,true,0,0,true,C1A1T0I0F1,62,ASSEMBLE+INSPECT,FLEX_CELL,19,true,true,3,CUT,false
P1|N12|F|WORK|d90|p125|f80|b10,P1,12,F,WORK,90,125,80,10,64,852,77,16,19,2,true,true,"C1A1T0I0F1[775,62,ASSEMBLE+INSPECT] vs C1A0T1I1F0[790,44,ASSEMBLE|INSPECT]",0,false,0,0,true,C1A1T0I0F1,62,ASSEMBLE+INSPECT,FLEX_CELL,19,true,true,3,CUT,true
P1|N12|F|WORK|d90|p125|f80|b25,P1,12,F,WORK,90,125,80,25,64,968,77,16,19,3,true,true,"C1A1T0I0F1[775,62,ASSEMBLE+INSPECT] vs C1A0T1I1F0[790,44,ASSEMBLE|INSPECT]",0,false,0,0,true,C1A1T0I0F1,62,ASSEMBLE+INSPECT,FLEX_CELL,19,true,true,3,CUT,true
P1|N12|F|WORK|d90|p125|f80|b50,P1,12,F,WORK,90,125,80,50,64,1162,77,16,19,4,true,true,"C1A1T0I0F1[775,62,ASSEMBLE+INSPECT] vs C1A0T1I1F0[790,44,ASSEMBLE|INSPECT]",0,false,0,0,true,C1A1T0I0F1,62,ASSEMBLE+INSPECT,FLEX_CELL,19,true,true,3,CUT,true
P1|N12|F|WORK|d90|p150|f20|b0,P1,12,F,WORK,90,150,20,0,28,1580,77,16,15,1,false,false,"",0,true,0,0,true,C2A0T2I2F0,26,ASSEMBLE|INSPECT,ASSEMBLER,0,false,false,0,,false
P1|N12|F|WORK|d90|p150|f20|b10,P1,12,F,WORK,90,150,20,10,28,1738,77,16,15,1,false,false,"",0,true,0,0,true,C2A0T2I2F0,26,ASSEMBLE|INSPECT,ASSEMBLER,0,false,false,0,,false
P1|N12|F|WORK|d90|p150|f20|b25,P1,12,F,WORK,90,150,20,25,28,1975,77,16,15,2,true,false,"",0,true,0,0,true,C2A0T2I2F0,26,ASSEMBLE|INSPECT,ASSEMBLER,0,false,false,0,,false
P1|N12|F|WORK|d90|p150|f20|b50,P1,12,F,WORK,90,150,20,50,28,2370,77,16,15,5,true,true,"C2A0T2I4F0[1880,25,ASSEMBLE] vs C2A1T2I3F0[2030,23,ASSEMBLE]",0,false,0,0,true,C2A0T2I2F0,26,ASSEMBLE|INSPECT,ASSEMBLER,0,false,false,0,,false
P1|N12|F|WORK|d90|p150|f40|b0,P1,12,F,WORK,90,150,40,0,40,1240,77,16,15,1,false,false,"",0,true,0,0,true,C1A1T1I2F0,33,CUT|ASSEMBLE,CUTTER,1,false,false,0,,false
P1|N12|F|WORK|d90|p150|f40|b10,P1,12,F,WORK,90,150,40,10,40,1364,77,16,15,2,true,false,"",0,true,0,0,true,C1A1T1I2F0,33,CUT|ASSEMBLE,CUTTER,1,false,false,0,,false
P1|N12|F|WORK|d90|p150|f40|b25,P1,12,F,WORK,90,150,40,25,40,1550,77,16,15,3,true,true,"C1A1T1I2F0[1240,33,CUT|ASSEMBLE] vs C2A0T1I2F1[1490,31,ASSEMBLE+INSPECT]",1,false,1,1,true,C1A1T1I2F0,33,CUT|ASSEMBLE,CUTTER,1,false,false,0,,false
P1|N12|F|WORK|d90|p150|f40|b50,P1,12,F,WORK,90,150,40,50,40,1860,77,16,15,4,true,true,"C1A1T1I2F0[1240,33,CUT|ASSEMBLE] vs C2A0T1I2F1[1490,31,ASSEMBLE+INSPECT]",1,false,1,1,true,C1A1T1I2F0,33,CUT|ASSEMBLE,CUTTER,1,false,false,0,,false
P1|N12|F|WORK|d90|p150|f60|b0,P1,12,F,WORK,90,150,60,0,52,790,77,16,15,1,false,false,"",0,true,0,0,true,C1A0T1I1F0,44,ASSEMBLE|INSPECT,INSPECTOR,1,false,false,0,,false
P1|N12|F|WORK|d90|p150|f60|b10,P1,12,F,WORK,90,150,60,10,52,869,77,16,15,1,false,false,"",0,true,0,0,true,C1A0T1I1F0,44,ASSEMBLE|INSPECT,INSPECTOR,1,false,false,0,,false
P1|N12|F|WORK|d90|p150|f60|b25,P1,12,F,WORK,90,150,60,25,52,987,77,16,15,2,true,false,"",0,true,0,0,true,C1A0T1I1F0,44,ASSEMBLE|INSPECT,INSPECTOR,1,false,false,0,,false
P1|N12|F|WORK|d90|p150|f60|b50,P1,12,F,WORK,90,150,60,50,52,1185,77,16,15,3,true,false,"",0,false,0,0,true,C1A0T1I1F0,44,ASSEMBLE|INSPECT,INSPECTOR,1,false,false,0,,false
P1|N12|F|WORK|d90|p150|f80|b0,P1,12,F,WORK,90,150,80,0,64,790,77,16,15,1,false,false,"",0,true,0,0,true,C1A0T1I1F0,44,ASSEMBLE|INSPECT,INSPECTOR,1,false,false,0,,false
P1|N12|F|WORK|d90|p150|f80|b10,P1,12,F,WORK,90,150,80,10,64,869,77,16,15,1,false,false,"",0,true,0,0,true,C1A0T1I1F0,44,ASSEMBLE|INSPECT,INSPECTOR,1,false,false,0,,false
P1|N12|F|WORK|d90|p150|f80|b25,P1,12,F,WORK,90,150,80,25,64,987,77,16,15,2,true,false,"",0,true,0,0,true,C1A0T1I1F0,44,ASSEMBLE|INSPECT,INSPECTOR,1,false,false,0,,false
P1|N12|F|WORK|d90|p150|f80|b50,P1,12,F,WORK,90,150,80,50,64,1185,77,16,15,3,true,false,"",0,false,0,0,true,C1A0T1I1F0,44,ASSEMBLE|INSPECT,INSPECTOR,1,false,false,0,,false
P1|N12|F|WORK|d90|p200|f20|b0,P1,12,F,WORK,90,200,20,0,28,1580,77,16,15,1,false,false,"",0,true,0,0,true,C2A0T2I2F0,26,ASSEMBLE|INSPECT,ASSEMBLER,0,false,false,0,,false
P1|N12|F|WORK|d90|p200|f20|b10,P1,12,F,WORK,90,200,20,10,28,1738,77,16,15,1,false,false,"",0,true,0,0,true,C2A0T2I2F0,26,ASSEMBLE|INSPECT,ASSEMBLER,0,false,false,0,,false
P1|N12|F|WORK|d90|p200|f20|b25,P1,12,F,WORK,90,200,20,25,28,1975,77,16,15,2,true,false,"",0,true,0,0,true,C2A0T2I2F0,26,ASSEMBLE|INSPECT,ASSEMBLER,0,false,false,0,,false
P1|N12|F|WORK|d90|p200|f20|b50,P1,12,F,WORK,90,200,20,50,28,2370,77,16,15,5,true,true,"C2A0T2I4F0[1880,25,ASSEMBLE] vs C2A1T2I3F0[2030,23,ASSEMBLE]",0,false,0,0,true,C2A0T2I2F0,26,ASSEMBLE|INSPECT,ASSEMBLER,0,false,false,0,,false
P1|N12|F|WORK|d90|p200|f40|b0,P1,12,F,WORK,90,200,40,0,40,1240,77,16,15,1,false,false,"",0,true,0,0,true,C1A1T1I2F0,33,CUT|ASSEMBLE,CUTTER,1,false,false,0,,false
P1|N12|F|WORK|d90|p200|f40|b10,P1,12,F,WORK,90,200,40,10,40,1364,77,16,15,2,true,false,"",0,true,0,0,true,C1A1T1I2F0,33,CUT|ASSEMBLE,CUTTER,1,false,false,0,,false
P1|N12|F|WORK|d90|p200|f40|b25,P1,12,F,WORK,90,200,40,25,40,1550,77,16,15,3,true,false,"",0,false,0,0,true,C1A1T1I2F0,33,CUT|ASSEMBLE,CUTTER,1,false,false,0,,false
P1|N12|F|WORK|d90|p200|f40|b50,P1,12,F,WORK,90,200,40,50,40,1860,77,16,15,4,true,true,"C2A1T1I3F0[1490,31,ASSEMBLE] vs C2A0T2I2F0[1580,26,ASSEMBLE|INSPECT]",0,false,0,0,true,C1A1T1I2F0,33,CUT|ASSEMBLE,CUTTER,1,false,false,0,,false
P1|N12|F|WORK|d90|p200|f60|b0,P1,12,F,WORK,90,200,60,0,52,790,77,16,15,1,false,false,"",0,true,0,0,true,C1A0T1I1F0,44,ASSEMBLE|INSPECT,INSPECTOR,1,false,false,0,,false
P1|N12|F|WORK|d90|p200|f60|b10,P1,12,F,WORK,90,200,60,10,52,869,77,16,15,1,false,false,"",0,true,0,0,true,C1A0T1I1F0,44,ASSEMBLE|INSPECT,INSPECTOR,1,false,false,0,,false
P1|N12|F|WORK|d90|p200|f60|b25,P1,12,F,WORK,90,200,60,25,52,987,77,16,15,2,true,false,"",0,true,0,0,true,C1A0T1I1F0,44,ASSEMBLE|INSPECT,INSPECTOR,1,false,false,0,,false
P1|N12|F|WORK|d90|p200|f60|b50,P1,12,F,WORK,90,200,60,50,52,1185,77,16,15,3,true,false,"",0,false,0,0,true,C1A0T1I1F0,44,ASSEMBLE|INSPECT,INSPECTOR,1,false,false,0,,false
P1|N12|F|WORK|d90|p200|f80|b0,P1,12,F,WORK,90,200,80,0,64,790,77,16,15,1,false,false,"",0,true,0,0,true,C1A0T1I1F0,44,ASSEMBLE|INSPECT,INSPECTOR,1,false,false,0,,false
P1|N12|F|WORK|d90|p200|f80|b10,P1,12,F,WORK,90,200,80,10,64,869,77,16,15,1,false,false,"",0,true,0,0,true,C1A0T1I1F0,44,ASSEMBLE|INSPECT,INSPECTOR,1,false,false,0,,false
P1|N12|F|WORK|d90|p200|f80|b25,P1,12,F,WORK,90,200,80,25,64,987,77,16,15,2,true,false,"",0,true,0,0,true,C1A0T1I1F0,44,ASSEMBLE|INSPECT,INSPECTOR,1,false,false,0,,false
P1|N12|F|WORK|d90|p200|f80|b50,P1,12,F,WORK,90,200,80,50,64,1185,77,16,15,3,true,false,"",0,false,0,0,true,C1A0T1I1F0,44,ASSEMBLE|INSPECT,INSPECTOR,1,false,false,0,,false
P1|N12|F|WORK|d100|p100|f20|b0,P1,12,F,WORK,100,100,20,0,28,1700,77,16,20,1,false,false,"",0,true,1,1,true,C2A0T1I2F2,26,ASSEMBLE+INSPECT,ASSEMBLER,1,false,false,3,CUT|ASSEMBLE+INSPECT,false
P1|N12|F|WORK|d100|p100|f20|b10,P1,12,F,WORK,100,100,20,10,28,1870,77,16,20,2,true,true,"C2A0T1I2F2[1700,26,ASSEMBLE+INSPECT] vs C2A1T0I3F3[1850,25,ASSEMBLE+INSPECT]",0,false,2,2,true,C2A0T1I2F2,26,ASSEMBLE+INSPECT,ASSEMBLER,1,false,false,3,CUT|ASSEMBLE+INSPECT,false
P1|N12|F|WORK|d100|p100|f20|b25,P1,12,F,WORK,100,100,20,25,28,2125,77,16,20,3,true,true,"C2A0T1I2F2[1700,26,ASSEMBLE+INSPECT] vs C2A1T0I3F3[1850,25,ASSEMBLE+INSPECT]",12,false,3,3,true,C2A0T1I2F2,26,ASSEMBLE+INSPECT,ASSEMBLER,1,false,false,3,CUT|ASSEMBLE+INSPECT,false
P1|N12|F|WORK|d100|p100|f20|b50,P1,12,F,WORK,100,100,20,50,28,2550,77,16,20,6,true,true,"C2A0T1I2F2[1700,26,ASSEMBLE+INSPECT] vs C2A1T0I3F3[1850,25,ASSEMBLE+INSPECT]",24,false,6,5,true,C2A0T1I2F2,26,ASSEMBLE+INSPECT,ASSEMBLER,1,false,false,3,CUT|ASSEMBLE+INSPECT,false
P1|N12|F|WORK|d100|p100|f40|b0,P1,12,F,WORK,100,100,40,0,40,1100,77,16,20,1,false,false,"",0,true,0,0,true,C2A0T0I0F3,40,ASSEMBLE+INSPECT,FLEX_CELL,9,true,true,0,,false
P1|N12|F|WORK|d100|p100|f40|b10,P1,12,F,WORK,100,100,40,10,40,1210,77,16,20,2,true,true,"C2A0T0I0F3[1100,40,ASSEMBLE+INSPECT] vs C1A0T1I1F1[1150,37,ASSEMBLE+INSPECT]",0,false,1,0,true,C2A0T0I0F3,40,ASSEMBLE+INSPECT,FLEX_CELL,9,true,true,0,,false
P1|N12|F|WORK|d100|p100|f40|b25,P1,12,F,WORK,100,100,40,25,40,1375,77,16,20,4,true,true,"C2A0T0I0F3[1100,40,ASSEMBLE+INSPECT] vs C1A0T1I1F1[1150,37,ASSEMBLE+INSPECT]",2,false,3,2,true,C2A0T0I0F3,40,ASSEMBLE+INSPECT,FLEX_CELL,9,true,true,0,,false
P1|N12|F|WORK|d100|p100|f40|b50,P1,12,F,WORK,100,100,40,50,40,1650,77,16,20,6,true,true,"C2A0T0I0F3[1100,40,ASSEMBLE+INSPECT] vs C1A0T1I1F1[1150,37,ASSEMBLE+INSPECT]",2,false,5,2,true,C2A0T0I0F3,40,ASSEMBLE+INSPECT,FLEX_CELL,9,true,true,0,,false
P1|N12|F|WORK|d100|p100|f60|b0,P1,12,F,WORK,100,100,60,0,52,850,77,16,20,1,false,false,"",0,true,1,0,true,C1A0T1I1F0,44,ASSEMBLE|INSPECT,INSPECTOR,1,false,false,0,,false
P1|N12|F|WORK|d100|p100|f60|b10,P1,12,F,WORK,100,100,60,10,52,935,77,16,20,1,false,false,"",0,true,1,0,true,C1A0T1I1F0,44,ASSEMBLE|INSPECT,INSPECTOR,1,false,false,0,,false
P1|N12|F|WORK|d100|p100|f60|b25,P1,12,F,WORK,100,100,60,25,52,1062,77,16,20,2,true,false,"",2,false,1,0,true,C1A0T1I1F0,44,ASSEMBLE|INSPECT,INSPECTOR,1,false,false,0,,false
P1|N12|F|WORK|d100|p100|f60|b50,P1,12,F,WORK,100,100,60,50,52,1275,77,16,20,5,true,true,"C1A0T1I1F0[850,44,ASSEMBLE|INSPECT] vs C2A1T0I1F2[1250,35,ASSEMBLE+INSPECT]",6,false,3,1,true,C1A0T1I1F0,44,ASSEMBLE|INSPECT,INSPECTOR,1,false,false,0,,false
P1|N12|F|WORK|d100|p100|f80|b0,P1,12,F,WORK,100,100,80,0,64,700,77,16,20,1,false,false,"",0,true,0,0,true,C1A0T0I0F2,58,ASSEMBLE+INSPECT,FLEX_CELL,16,true,true,3,CUT,false
P1|N12|F|WORK|d100|p100|f80|b10,P1,12,F,WORK,100,100,80,10,64,770,77,16,20,1,false,false,"",0,true,0,0,true,C1A0T0I0F2,58,ASSEMBLE+INSPECT,FLEX_CELL,16,true,true,3,CUT,false
P1|N12|F|WORK|d100|p100|f80|b25,P1,12,F,WORK,100,100,80,25,64,875,77,16,20,3,true,true,"C1A0T0I0F2[700,58,ASSEMBLE+INSPECT] vs C1A0T1I1F0[850,44,ASSEMBLE|INSPECT]",0,false,1,0,true,C1A0T0I0F2,58,ASSEMBLE+INSPECT,FLEX_CELL,16,true,true,3,CUT,true
P1|N12|F|WORK|d100|p100|f80|b50,P1,12,F,WORK,100,100,80,50,64,1050,77,16,20,4,true,true,"C1A0T0I0F2[700,58,ASSEMBLE+INSPECT] vs C1A0T1I1F0[850,44,ASSEMBLE|INSPECT]",2,false,1,0,true,C1A0T0I0F2,58,ASSEMBLE+INSPECT,FLEX_CELL,16,true,true,3,CUT,true
P1|N12|F|WORK|d100|p125|f20|b0,P1,12,F,WORK,100,125,20,0,28,1700,77,16,19,1,false,false,"",0,true,1,0,true,C2A0T2I2F0,26,ASSEMBLE|INSPECT,ASSEMBLER,0,false,false,0,,false
P1|N12|F|WORK|d100|p125|f20|b10,P1,12,F,WORK,100,125,20,10,28,1870,77,16,19,1,false,false,"",0,true,1,0,true,C2A0T2I2F0,26,ASSEMBLE|INSPECT,ASSEMBLER,0,false,false,0,,false
P1|N12|F|WORK|d100|p125|f20|b25,P1,12,F,WORK,100,125,20,25,28,2125,77,16,19,3,true,true,"C2A0T2I2F0[1700,26,ASSEMBLE|INSPECT] vs C2A1T1I3F1[1925,25,ASSEMBLE+INSPECT]",0,false,3,0,true,C2A0T2I2F0,26,ASSEMBLE|INSPECT,ASSEMBLER,0,false,false,0,,false
P1|N12|F|WORK|d100|p125|f20|b50,P1,12,F,WORK,100,125,20,50,28,2550,77,16,19,5,true,true,"C2A0T2I2F0[1700,26,ASSEMBLE|INSPECT] vs C2A1T1I3F1[1925,25,ASSEMBLE+INSPECT]",12,false,5,2,true,C2A0T2I2F0,26,ASSEMBLE|INSPECT,ASSEMBLER,0,false,false,0,,false
P1|N12|F|WORK|d100|p125|f40|b0,P1,12,F,WORK,100,125,40,0,40,1225,77,16,19,1,false,false,"",0,true,1,0,true,C1A0T1I1F1,37,ASSEMBLE+INSPECT,ASSEMBLER,4,true,false,1,CUT,false
P1|N12|F|WORK|d100|p125|f40|b10,P1,12,F,WORK,100,125,40,10,40,1347,77,16,19,2,true,true,"C1A0T1I1F1[1225,37,ASSEMBLE+INSPECT] vs C1A1T1I2F0[1300,33,CUT|ASSEMBLE]",0,false,2,0,true,C1A0T1I1F1,37,ASSEMBLE+INSPECT,ASSEMBLER,4,true,false,1,CUT,false
P1|N12|F|WORK|d100|p125|f40|b25,P1,12,F,WORK,100,125,40,25,40,1531,77,16,19,4,true,true,"C1A0T1I1F1[1225,37,ASSEMBLE+INSPECT] vs C1A1T1I2F0[1300,33,CUT|ASSEMBLE]",4,false,4,0,true,C1A0T1I1F1,37,ASSEMBLE+INSPECT,ASSEMBLER,4,true,false,1,CUT,false
P1|N12|F|WORK|d100|p125|f40|b50,P1,12,F,WORK,100,125,40,50,40,1837,77,16,19,6,true,true,"C1A0T1I1F1[1225,37,ASSEMBLE+INSPECT] vs C1A1T1I2F0[1300,33,CUT|ASSEMBLE]",8,false,6,0,true,C1A0T1I1F1,37,ASSEMBLE+INSPECT,ASSEMBLER,4,true,false,1,CUT,false
P1|N12|F|WORK|d100|p125|f60|b0,P1,12,F,WORK,100,125,60,0,52,850,77,16,19,1,false,false,"",0,true,1,0,true,C1A0T1I1F0,44,ASSEMBLE|INSPECT,INSPECTOR,1,false,false,0,,false
P1|N12|F|WORK|d100|p125|f60|b10,P1,12,F,WORK,100,125,60,10,52,935,77,16,19,1,false,false,"",0,true,1,0,true,C1A0T1I1F0,44,ASSEMBLE|INSPECT,INSPECTOR,1,false,false,0,,false
P1|N12|F|WORK|d100|p125|f60|b25,P1,12,F,WORK,100,125,60,25,52,1062,77,16,19,2,true,false,"",0,true,2,0,true,C1A0T1I1F0,44,ASSEMBLE|INSPECT,INSPECTOR,1,false,false,0,,false
P1|N12|F|WORK|d100|p125|f60|b50,P1,12,F,WORK,100,125,60,50,52,1275,77,16,19,4,true,true,"C1A0T1I2F0[1000,43,ASSEMBLE] vs C1A0T1I1F1[1225,37,ASSEMBLE+INSPECT]",0,false,4,0,true,C1A0T1I1F0,44,ASSEMBLE|INSPECT,INSPECTOR,1,false,false,0,,false
P1|N12|F|WORK|d100|p125|f80|b0,P1,12,F,WORK,100,125,80,0,64,775,77,16,19,1,false,false,"",0,true,0,0,true,C1A1T0I0F1,62,ASSEMBLE+INSPECT,FLEX_CELL,19,true,true,3,CUT,false
P1|N12|F|WORK|d100|p125|f80|b10,P1,12,F,WORK,100,125,80,10,64,852,77,16,19,2,true,true,"C1A1T0I0F1[775,62,ASSEMBLE+INSPECT] vs C1A0T1I1F0[850,44,ASSEMBLE|INSPECT]",0,false,1,0,true,C1A1T0I0F1,62,ASSEMBLE+INSPECT,FLEX_CELL,19,true,true,3,CUT,true
P1|N12|F|WORK|d100|p125|f80|b25,P1,12,F,WORK,100,125,80,25,64,968,77,16,19,2,true,true,"C1A1T0I0F1[775,62,ASSEMBLE+INSPECT] vs C1A0T1I1F0[850,44,ASSEMBLE|INSPECT]",0,false,1,0,true,C1A1T0I0F1,62,ASSEMBLE+INSPECT,FLEX_CELL,19,true,true,3,CUT,true
P1|N12|F|WORK|d100|p125|f80|b50,P1,12,F,WORK,100,125,80,50,64,1162,77,16,19,4,true,true,"C1A1T0I0F1[775,62,ASSEMBLE+INSPECT] vs C1A0T1I1F0[850,44,ASSEMBLE|INSPECT]",0,false,3,0,true,C1A1T0I0F1,62,ASSEMBLE+INSPECT,FLEX_CELL,19,true,true,3,CUT,true
P1|N12|F|WORK|d100|p150|f20|b0,P1,12,F,WORK,100,150,20,0,28,1700,77,16,16,1,false,false,"",0,true,1,0,true,C2A0T2I2F0,26,ASSEMBLE|INSPECT,ASSEMBLER,0,false,false,0,,false
P1|N12|F|WORK|d100|p150|f20|b10,P1,12,F,WORK,100,150,20,10,28,1870,77,16,16,1,false,false,"",0,true,1,0,true,C2A0T2I2F0,26,ASSEMBLE|INSPECT,ASSEMBLER,0,false,false,0,,false
P1|N12|F|WORK|d100|p150|f20|b25,P1,12,F,WORK,100,150,20,25,28,2125,77,16,16,2,true,true,"C2A0T2I2F0[1700,26,ASSEMBLE|INSPECT] vs C2A1T1I3F1[2000,25,ASSEMBLE+INSPECT]",0,false,2,1,true,C2A0T2I2F0,26,ASSEMBLE|INSPECT,ASSEMBLER,0,false,false,0,,false
P1|N12|F|WORK|d100|p150|f20|b50,P1,12,F,WORK,100,150,20,50,28,2550,77,16,16,5,true,true,"C2A0T2I2F0[1700,26,ASSEMBLE|INSPECT] vs C2A1T1I3F1[2000,25,ASSEMBLE+INSPECT]",0,false,5,1,true,C2A0T2I2F0,26,ASSEMBLE|INSPECT,ASSEMBLER,0,false,false,0,,false
P1|N12|F|WORK|d100|p150|f40|b0,P1,12,F,WORK,100,150,40,0,40,1300,77,16,16,1,false,false,"",0,true,1,0,true,C1A1T1I2F0,33,CUT|ASSEMBLE,CUTTER,1,false,false,0,,false
P1|N12|F|WORK|d100|p150|f40|b10,P1,12,F,WORK,100,150,40,10,40,1430,77,16,16,2,true,false,"",0,true,2,0,true,C1A1T1I2F0,33,CUT|ASSEMBLE,CUTTER,1,false,false,0,,false
P1|N12|F|WORK|d100|p150|f40|b25,P1,12,F,WORK,100,150,40,25,40,1625,77,16,16,3,true,true,"C1A1T1I2F0[1300,33,CUT|ASSEMBLE] vs C2A0T1I2F1[1550,31,ASSEMBLE+INSPECT]",4,false,3,1,true,C1A1T1I2F0,33,CUT|ASSEMBLE,CUTTER,1,false,false,0,,false
P1|N12|F|WORK|d100|p150|f40|b50,P1,12,F,WORK,100,150,40,50,40,1950,77,16,16,5,true,true,"C1A1T1I2F0[1300,33,CUT|ASSEMBLE] vs C2A0T1I2F1[1550,31,ASSEMBLE+INSPECT]",12,false,5,2,true,C1A1T1I2F0,33,CUT|ASSEMBLE,CUTTER,1,false,false,0,,false
P1|N12|F|WORK|d100|p150|f60|b0,P1,12,F,WORK,100,150,60,0,52,850,77,16,16,1,false,false,"",0,true,1,0,true,C1A0T1I1F0,44,ASSEMBLE|INSPECT,INSPECTOR,1,false,false,0,,false
P1|N12|F|WORK|d100|p150|f60|b10,P1,12,F,WORK,100,150,60,10,52,935,77,16,16,1,false,false,"",0,true,1,0,true,C1A0T1I1F0,44,ASSEMBLE|INSPECT,INSPECTOR,1,false,false,0,,false
P1|N12|F|WORK|d100|p150|f60|b25,P1,12,F,WORK,100,150,60,25,52,1062,77,16,16,2,true,false,"",0,true,2,0,true,C1A0T1I1F0,44,ASSEMBLE|INSPECT,INSPECTOR,1,false,false,0,,false
P1|N12|F|WORK|d100|p150|f60|b50,P1,12,F,WORK,100,150,60,50,52,1275,77,16,16,3,true,false,"",0,false,3,0,true,C1A0T1I1F0,44,ASSEMBLE|INSPECT,INSPECTOR,1,false,false,0,,false
P1|N12|F|WORK|d100|p150|f80|b0,P1,12,F,WORK,100,150,80,0,64,850,77,16,16,1,false,false,"",0,true,1,0,true,C1A0T1I1F0,44,ASSEMBLE|INSPECT,INSPECTOR,1,false,false,0,,false
P1|N12|F|WORK|d100|p150|f80|b10,P1,12,F,WORK,100,150,80,10,64,935,77,16,16,1,false,false,"",0,true,1,0,true,C1A0T1I1F0,44,ASSEMBLE|INSPECT,INSPECTOR,1,false,false,0,,false
P1|N12|F|WORK|d100|p150|f80|b25,P1,12,F,WORK,100,150,80,25,64,1062,77,16,16,2,true,false,"",0,true,2,0,true,C1A0T1I1F0,44,ASSEMBLE|INSPECT,INSPECTOR,1,false,false,0,,false
P1|N12|F|WORK|d100|p150|f80|b50,P1,12,F,WORK,100,150,80,50,64,1275,77,16,16,3,true,false,"",0,false,3,0,true,C1A0T1I1F0,44,ASSEMBLE|INSPECT,INSPECTOR,1,false,false,0,,false
P1|N12|F|WORK|d100|p200|f20|b0,P1,12,F,WORK,100,200,20,0,28,1700,77,16,16,1,false,false,"",0,true,1,0,true,C2A0T2I2F0,26,ASSEMBLE|INSPECT,ASSEMBLER,0,false,false,0,,false
P1|N12|F|WORK|d100|p200|f20|b10,P1,12,F,WORK,100,200,20,10,28,1870,77,16,16,1,false,false,"",0,true,1,0,true,C2A0T2I2F0,26,ASSEMBLE|INSPECT,ASSEMBLER,0,false,false,0,,false
P1|N12|F|WORK|d100|p200|f20|b25,P1,12,F,WORK,100,200,20,25,28,2125,77,16,16,2,true,false,"",0,true,2,0,true,C2A0T2I2F0,26,ASSEMBLE|INSPECT,ASSEMBLER,0,false,false,0,,false
P1|N12|F|WORK|d100|p200|f20|b50,P1,12,F,WORK,100,200,20,50,28,2550,77,16,16,5,true,true,"C2A0T2I4F0[2000,25,ASSEMBLE] vs C2A1T2I3F0[2150,23,ASSEMBLE]",0,false,5,0,true,C2A0T2I2F0,26,ASSEMBLE|INSPECT,ASSEMBLER,0,false,false,0,,false
P1|N12|F|WORK|d100|p200|f40|b0,P1,12,F,WORK,100,200,40,0,40,1300,77,16,16,1,false,false,"",0,true,1,0,true,C1A1T1I2F0,33,CUT|ASSEMBLE,CUTTER,1,false,false,0,,false
P1|N12|F|WORK|d100|p200|f40|b10,P1,12,F,WORK,100,200,40,10,40,1430,77,16,16,2,true,false,"",0,true,2,0,true,C1A1T1I2F0,33,CUT|ASSEMBLE,CUTTER,1,false,false,0,,false
P1|N12|F|WORK|d100|p200|f40|b25,P1,12,F,WORK,100,200,40,25,40,1625,77,16,16,3,true,false,"",0,false,3,0,true,C1A1T1I2F0,33,CUT|ASSEMBLE,CUTTER,1,false,false,0,,false
P1|N12|F|WORK|d100|p200|f40|b50,P1,12,F,WORK,100,200,40,50,40,1950,77,16,16,5,true,true,"C2A1T1I3F0[1550,31,ASSEMBLE] vs C2A0T2I2F0[1700,26,ASSEMBLE|INSPECT]",0,false,5,0,true,C1A1T1I2F0,33,CUT|ASSEMBLE,CUTTER,1,false,false,0,,false
P1|N12|F|WORK|d100|p200|f60|b0,P1,12,F,WORK,100,200,60,0,52,850,77,16,16,1,false,false,"",0,true,1,0,true,C1A0T1I1F0,44,ASSEMBLE|INSPECT,INSPECTOR,1,false,false,0,,false
P1|N12|F|WORK|d100|p200|f60|b10,P1,12,F,WORK,100,200,60,10,52,935,77,16,16,1,false,false,"",0,true,1,0,true,C1A0T1I1F0,44,ASSEMBLE|INSPECT,INSPECTOR,1,false,false,0,,false
P1|N12|F|WORK|d100|p200|f60|b25,P1,12,F,WORK,100,200,60,25,52,1062,77,16,16,2,true,false,"",0,true,2,0,true,C1A0T1I1F0,44,ASSEMBLE|INSPECT,INSPECTOR,1,false,false,0,,false
P1|N12|F|WORK|d100|p200|f60|b50,P1,12,F,WORK,100,200,60,50,52,1275,77,16,16,3,true,false,"",0,false,3,0,true,C1A0T1I1F0,44,ASSEMBLE|INSPECT,INSPECTOR,1,false,false,0,,false
P1|N12|F|WORK|d100|p200|f80|b0,P1,12,F,WORK,100,200,80,0,64,850,77,16,16,1,false,false,"",0,true,1,0,true,C1A0T1I1F0,44,ASSEMBLE|INSPECT,INSPECTOR,1,false,false,0,,false
P1|N12|F|WORK|d100|p200|f80|b10,P1,12,F,WORK,100,200,80,10,64,935,77,16,16,1,false,false,"",0,true,1,0,true,C1A0T1I1F0,44,ASSEMBLE|INSPECT,INSPECTOR,1,false,false,0,,false
P1|N12|F|WORK|d100|p200|f80|b25,P1,12,F,WORK,100,200,80,25,64,1062,77,16,16,2,true,false,"",0,true,2,0,true,C1A0T1I1F0,44,ASSEMBLE|INSPECT,INSPECTOR,1,false,false,0,,false
P1|N12|F|WORK|d100|p200|f80|b50,P1,12,F,WORK,100,200,80,50,64,1275,77,16,16,3,true,false,"",0,false,3,0,true,C1A0T1I1F0,44,ASSEMBLE|INSPECT,INSPECTOR,1,false,false,0,,false
P1|N24|D|UNIFORM|d75|p0|f20|b0,P1,24,D,UNIFORM,75,0,20,0,50,700,149,26,12,1,false,false,"",0,true,0,0,true,C2A0T2I2F0,44,ASSEMBLE|INSPECT,ASSEMBLER,0,false,false,0,,false
P1|N24|D|UNIFORM|d75|p0|f20|b10,P1,24,D,UNIFORM,75,0,20,10,50,770,149,26,12,1,false,false,"",0,true,0,0,true,C2A0T2I2F0,44,ASSEMBLE|INSPECT,ASSEMBLER,0,false,false,0,,false
P1|N24|D|UNIFORM|d75|p0|f20|b25,P1,24,D,UNIFORM,75,0,20,25,50,875,149,26,12,1,false,false,"",0,true,0,0,true,C2A0T2I2F0,44,ASSEMBLE|INSPECT,ASSEMBLER,0,false,false,0,,false
P1|N24|D|UNIFORM|d75|p0|f20|b50,P1,24,D,UNIFORM,75,0,20,50,50,1050,149,26,12,4,true,false,"",0,true,0,0,true,C2A0T2I2F0,44,ASSEMBLE|INSPECT,ASSEMBLER,0,false,false,0,,false
P1|N24|D|UNIFORM|d75|p0|f40|b0,P1,24,D,UNIFORM,75,0,40,0,75,550,149,26,12,1,false,false,"",0,true,0,0,true,C1A1T1I2F0,57,CUT|ASSEMBLE,CUTTER,1,false,false,0,,false
P1|N24|D|UNIFORM|d75|p0|f40|b10,P1,24,D,UNIFORM,75,0,40,10,75,605,149,26,12,1,false,false,"",0,true,0,0,true,C1A1T1I2F0,57,CUT|ASSEMBLE,CUTTER,1,false,false,0,,false
P1|N24|D|UNIFORM|d75|p0|f40|b25,P1,24,D,UNIFORM,75,0,40,25,75,687,149,26,12,2,true,false,"",0,true,0,0,true,C1A1T1I2F0,57,CUT|ASSEMBLE,CUTTER,1,false,false,0,,false
P1|N24|D|UNIFORM|d75|p0|f40|b50,P1,24,D,UNIFORM,75,0,40,50,75,825,149,26,12,3,true,false,"",0,true,0,0,true,C1A1T1I2F0,57,CUT|ASSEMBLE,CUTTER,1,false,false,0,,false
P1|N24|D|UNIFORM|d75|p0|f60|b0,P1,24,D,UNIFORM,75,0,60,0,99,350,149,26,12,1,false,false,"",0,true,0,0,true,C1A0T1I1F0,80,ASSEMBLE|INSPECT,INSPECTOR,1,false,false,0,,false
P1|N24|D|UNIFORM|d75|p0|f60|b10,P1,24,D,UNIFORM,75,0,60,10,99,385,149,26,12,1,false,false,"",0,true,0,0,true,C1A0T1I1F0,80,ASSEMBLE|INSPECT,INSPECTOR,1,false,false,0,,false
P1|N24|D|UNIFORM|d75|p0|f60|b25,P1,24,D,UNIFORM,75,0,60,25,99,437,149,26,12,1,false,false,"",0,true,0,0,true,C1A0T1I1F0,80,ASSEMBLE|INSPECT,INSPECTOR,1,false,false,0,,false
P1|N24|D|UNIFORM|d75|p0|f60|b50,P1,24,D,UNIFORM,75,0,60,50,99,525,149,26,12,2,true,false,"",0,true,0,0,true,C1A0T1I1F0,80,ASSEMBLE|INSPECT,INSPECTOR,1,false,false,0,,false
P1|N24|D|UNIFORM|d75|p0|f80|b0,P1,24,D,UNIFORM,75,0,80,0,124,350,149,26,12,1,false,false,"",0,true,0,0,true,C1A0T1I1F0,80,ASSEMBLE|INSPECT,INSPECTOR,1,false,false,0,,false
P1|N24|D|UNIFORM|d75|p0|f80|b10,P1,24,D,UNIFORM,75,0,80,10,124,385,149,26,12,1,false,false,"",0,true,0,0,true,C1A0T1I1F0,80,ASSEMBLE|INSPECT,INSPECTOR,1,false,false,0,,false
P1|N24|D|UNIFORM|d75|p0|f80|b25,P1,24,D,UNIFORM,75,0,80,25,124,437,149,26,12,1,false,false,"",0,true,0,0,true,C1A0T1I1F0,80,ASSEMBLE|INSPECT,INSPECTOR,1,false,false,0,,false
P1|N24|D|UNIFORM|d75|p0|f80|b50,P1,24,D,UNIFORM,75,0,80,50,124,525,149,26,12,2,true,false,"",0,true,0,0,true,C1A0T1I1F0,80,ASSEMBLE|INSPECT,INSPECTOR,1,false,false,0,,false
P1|N24|D|UNIFORM|d90|p0|f20|b0,P1,24,D,UNIFORM,90,0,20,0,50,760,149,26,12,1,false,false,"",0,true,0,0,true,C2A0T2I2F0,44,ASSEMBLE|INSPECT,ASSEMBLER,0,false,false,0,,false
P1|N24|D|UNIFORM|d90|p0|f20|b10,P1,24,D,UNIFORM,90,0,20,10,50,836,149,26,12,1,false,false,"",0,true,0,0,true,C2A0T2I2F0,44,ASSEMBLE|INSPECT,ASSEMBLER,0,false,false,0,,false
P1|N24|D|UNIFORM|d90|p0|f20|b25,P1,24,D,UNIFORM,90,0,20,25,50,950,149,26,12,1,false,false,"",0,true,0,0,true,C2A0T2I2F0,44,ASSEMBLE|INSPECT,ASSEMBLER,0,false,false,0,,false
P1|N24|D|UNIFORM|d90|p0|f20|b50,P1,24,D,UNIFORM,90,0,20,50,50,1140,149,26,12,4,true,false,"",0,true,0,0,true,C2A0T2I2F0,44,ASSEMBLE|INSPECT,ASSEMBLER,0,false,false,0,,false
P1|N24|D|UNIFORM|d90|p0|f40|b0,P1,24,D,UNIFORM,90,0,40,0,75,580,149,26,12,1,false,false,"",0,true,0,0,true,C1A1T1I2F0,57,CUT|ASSEMBLE,CUTTER,1,false,false,0,,false
P1|N24|D|UNIFORM|d90|p0|f40|b10,P1,24,D,UNIFORM,90,0,40,10,75,638,149,26,12,1,false,false,"",0,true,0,0,true,C1A1T1I2F0,57,CUT|ASSEMBLE,CUTTER,1,false,false,0,,false
P1|N24|D|UNIFORM|d90|p0|f40|b25,P1,24,D,UNIFORM,90,0,40,25,75,725,149,26,12,2,true,false,"",0,true,0,0,true,C1A1T1I2F0,57,CUT|ASSEMBLE,CUTTER,1,false,false,0,,false
P1|N24|D|UNIFORM|d90|p0|f40|b50,P1,24,D,UNIFORM,90,0,40,50,75,870,149,26,12,3,true,false,"",0,true,0,0,true,C1A1T1I2F0,57,CUT|ASSEMBLE,CUTTER,1,false,false,0,,false
P1|N24|D|UNIFORM|d90|p0|f60|b0,P1,24,D,UNIFORM,90,0,60,0,99,380,149,26,12,1,false,false,"",0,true,0,0,true,C1A0T1I1F0,80,ASSEMBLE|INSPECT,INSPECTOR,1,false,false,0,,false
P1|N24|D|UNIFORM|d90|p0|f60|b10,P1,24,D,UNIFORM,90,0,60,10,99,418,149,26,12,1,false,false,"",0,true,0,0,true,C1A0T1I1F0,80,ASSEMBLE|INSPECT,INSPECTOR,1,false,false,0,,false
P1|N24|D|UNIFORM|d90|p0|f60|b25,P1,24,D,UNIFORM,90,0,60,25,99,475,149,26,12,1,false,false,"",0,true,0,0,true,C1A0T1I1F0,80,ASSEMBLE|INSPECT,INSPECTOR,1,false,false,0,,false
P1|N24|D|UNIFORM|d90|p0|f60|b50,P1,24,D,UNIFORM,90,0,60,50,99,570,149,26,12,2,true,false,"",0,true,0,0,true,C1A0T1I1F0,80,ASSEMBLE|INSPECT,INSPECTOR,1,false,false,0,,false
P1|N24|D|UNIFORM|d90|p0|f80|b0,P1,24,D,UNIFORM,90,0,80,0,124,380,149,26,12,1,false,false,"",0,true,0,0,true,C1A0T1I1F0,80,ASSEMBLE|INSPECT,INSPECTOR,1,false,false,0,,false
P1|N24|D|UNIFORM|d90|p0|f80|b10,P1,24,D,UNIFORM,90,0,80,10,124,418,149,26,12,1,false,false,"",0,true,0,0,true,C1A0T1I1F0,80,ASSEMBLE|INSPECT,INSPECTOR,1,false,false,0,,false
P1|N24|D|UNIFORM|d90|p0|f80|b25,P1,24,D,UNIFORM,90,0,80,25,124,475,149,26,12,1,false,false,"",0,true,0,0,true,C1A0T1I1F0,80,ASSEMBLE|INSPECT,INSPECTOR,1,false,false,0,,false
P1|N24|D|UNIFORM|d90|p0|f80|b50,P1,24,D,UNIFORM,90,0,80,50,124,570,149,26,12,2,true,false,"",0,true,0,0,true,C1A0T1I1F0,80,ASSEMBLE|INSPECT,INSPECTOR,1,false,false,0,,false
P1|N24|D|UNIFORM|d100|p0|f20|b0,P1,24,D,UNIFORM,100,0,20,0,50,800,149,26,12,1,false,false,"",0,true,1,0,true,C2A0T2I2F0,44,ASSEMBLE|INSPECT,ASSEMBLER,0,false,false,0,,false
P1|N24|D|UNIFORM|d100|p0|f20|b10,P1,24,D,UNIFORM,100,0,20,10,50,880,149,26,12,1,false,false,"",0,true,1,0,true,C2A0T2I2F0,44,ASSEMBLE|INSPECT,ASSEMBLER,0,false,false,0,,false
P1|N24|D|UNIFORM|d100|p0|f20|b25,P1,24,D,UNIFORM,100,0,20,25,50,1000,149,26,12,2,true,false,"",0,true,2,0,true,C2A0T2I2F0,44,ASSEMBLE|INSPECT,ASSEMBLER,0,false,false,0,,false
P1|N24|D|UNIFORM|d100|p0|f20|b50,P1,24,D,UNIFORM,100,0,20,50,50,1200,149,26,12,4,true,false,"",0,true,4,0,true,C2A0T2I2F0,44,ASSEMBLE|INSPECT,ASSEMBLER,0,false,false,0,,false
P1|N24|D|UNIFORM|d100|p0|f40|b0,P1,24,D,UNIFORM,100,0,40,0,75,600,149,26,12,1,false,false,"",0,true,1,0,true,C1A1T1I2F0,57,CUT|ASSEMBLE,CUTTER,1,false,false,0,,false
P1|N24|D|UNIFORM|d100|p0|f40|b10,P1,24,D,UNIFORM,100,0,40,10,75,660,149,26,12,1,false,false,"",0,true,1,0,true,C1A1T1I2F0,57,CUT|ASSEMBLE,CUTTER,1,false,false,0,,false
P1|N24|D|UNIFORM|d100|p0|f40|b25,P1,24,D,UNIFORM,100,0,40,25,75,750,149,26,12,2,true,false,"",0,true,2,0,true,C1A1T1I2F0,57,CUT|ASSEMBLE,CUTTER,1,false,false,0,,false
P1|N24|D|UNIFORM|d100|p0|f40|b50,P1,24,D,UNIFORM,100,0,40,50,75,900,149,26,12,3,true,false,"",0,true,3,0,true,C1A1T1I2F0,57,CUT|ASSEMBLE,CUTTER,1,false,false,0,,false
P1|N24|D|UNIFORM|d100|p0|f60|b0,P1,24,D,UNIFORM,100,0,60,0,99,400,149,26,12,1,false,false,"",0,true,1,0,true,C1A0T1I1F0,80,ASSEMBLE|INSPECT,INSPECTOR,1,false,false,0,,false
P1|N24|D|UNIFORM|d100|p0|f60|b10,P1,24,D,UNIFORM,100,0,60,10,99,440,149,26,12,1,false,false,"",0,true,1,0,true,C1A0T1I1F0,80,ASSEMBLE|INSPECT,INSPECTOR,1,false,false,0,,false
P1|N24|D|UNIFORM|d100|p0|f60|b25,P1,24,D,UNIFORM,100,0,60,25,99,500,149,26,12,2,true,false,"",0,true,2,0,true,C1A0T1I1F0,80,ASSEMBLE|INSPECT,INSPECTOR,1,false,false,0,,false
P1|N24|D|UNIFORM|d100|p0|f60|b50,P1,24,D,UNIFORM,100,0,60,50,99,600,149,26,12,3,true,false,"",0,true,3,0,true,C1A0T1I1F0,80,ASSEMBLE|INSPECT,INSPECTOR,1,false,false,0,,false
P1|N24|D|UNIFORM|d100|p0|f80|b0,P1,24,D,UNIFORM,100,0,80,0,124,400,149,26,12,1,false,false,"",0,true,1,0,true,C1A0T1I1F0,80,ASSEMBLE|INSPECT,INSPECTOR,1,false,false,0,,false
P1|N24|D|UNIFORM|d100|p0|f80|b10,P1,24,D,UNIFORM,100,0,80,10,124,440,149,26,12,1,false,false,"",0,true,1,0,true,C1A0T1I1F0,80,ASSEMBLE|INSPECT,INSPECTOR,1,false,false,0,,false
P1|N24|D|UNIFORM|d100|p0|f80|b25,P1,24,D,UNIFORM,100,0,80,25,124,500,149,26,12,2,true,false,"",0,true,2,0,true,C1A0T1I1F0,80,ASSEMBLE|INSPECT,INSPECTOR,1,false,false,0,,false
P1|N24|D|UNIFORM|d100|p0|f80|b50,P1,24,D,UNIFORM,100,0,80,50,124,600,149,26,12,3,true,false,"",0,true,3,0,true,C1A0T1I1F0,80,ASSEMBLE|INSPECT,INSPECTOR,1,false,false,0,,false
P1|N24|D|WORK|d75|p0|f20|b0,P1,24,D,WORK,75,0,20,0,50,1400,149,26,14,1,false,false,"",0,true,0,0,true,C2A0T2I2F0,44,ASSEMBLE|INSPECT,ASSEMBLER,0,false,false,0,,false
P1|N24|D|WORK|d75|p0|f20|b10,P1,24,D,WORK,75,0,20,10,50,1540,149,26,14,1,false,false,"",0,true,0,0,true,C2A0T2I2F0,44,ASSEMBLE|INSPECT,ASSEMBLER,0,false,false,0,,false
P1|N24|D|WORK|d75|p0|f20|b25,P1,24,D,WORK,75,0,20,25,50,1750,149,26,14,2,true,false,"",0,true,0,0,true,C2A0T2I2F0,44,ASSEMBLE|INSPECT,ASSEMBLER,0,false,false,0,,false
P1|N24|D|WORK|d75|p0|f20|b50,P1,24,D,WORK,75,0,20,50,50,2100,149,26,14,5,true,true,"C2A0T2I4F0[1700,43,ASSEMBLE] vs C2A1T2I3F0[1850,38,ASSEMBLE]",0,false,0,0,true,C2A0T2I2F0,44,ASSEMBLE|INSPECT,ASSEMBLER,0,false,false,0,,false
P1|N24|D|WORK|d75|p0|f40|b0,P1,24,D,WORK,75,0,40,0,75,1150,149,26,14,1,false,false,"",0,true,0,0,true,C1A1T1I2F0,57,CUT|ASSEMBLE,CUTTER,1,false,false,0,,false
P1|N24|D|WORK|d75|p0|f40|b10,P1,24,D,WORK,75,0,40,10,75,1265,149,26,14,2,true,false,"",0,true,0,0,true,C1A1T1I2F0,57,CUT|ASSEMBLE,CUTTER,1,false,false,0,,false
P1|N24|D|WORK|d75|p0|f40|b25,P1,24,D,WORK,75,0,40,25,75,1437,149,26,14,3,true,false,"",0,true,0,0,true,C1A1T1I2F0,57,CUT|ASSEMBLE,CUTTER,1,false,false,0,,false
P1|N24|D|WORK|d75|p0|f40|b50,P1,24,D,WORK,75,0,40,50,75,1725,149,26,14,4,true,false,"",0,true,0,0,true,C1A1T1I2F0,57,CUT|ASSEMBLE,CUTTER,1,false,false,0,,false
P1|N24|D|WORK|d75|p0|f60|b0,P1,24,D,WORK,75,0,60,0,99,700,149,26,14,1,false,false,"",0,true,0,0,true,C1A0T1I1F0,80,ASSEMBLE|INSPECT,INSPECTOR,1,false,false,0,,false
P1|N24|D|WORK|d75|p0|f60|b10,P1,24,D,WORK,75,0,60,10,99,770,149,26,14,1,false,false,"",0,true,0,0,true,C1A0T1I1F0,80,ASSEMBLE|INSPECT,INSPECTOR,1,false,false,0,,false
P1|N24|D|WORK|d75|p0|f60|b25,P1,24,D,WORK,75,0,60,25,99,875,149,26,14,2,true,false,"",0,true,0,0,true,C1A0T1I1F0,80,ASSEMBLE|INSPECT,INSPECTOR,1,false,false,0,,false
P1|N24|D|WORK|d75|p0|f60|b50,P1,24,D,WORK,75,0,60,50,99,1050,149,26,14,3,true,false,"",0,false,0,0,true,C1A0T1I1F0,80,ASSEMBLE|INSPECT,INSPECTOR,1,false,false,0,,false
P1|N24|D|WORK|d75|p0|f80|b0,P1,24,D,WORK,75,0,80,0,124,700,149,26,14,1,false,false,"",0,true,0,0,true,C1A0T1I1F0,80,ASSEMBLE|INSPECT,INSPECTOR,1,false,false,0,,false
P1|N24|D|WORK|d75|p0|f80|b10,P1,24,D,WORK,75,0,80,10,124,770,149,26,14,1,false,false,"",0,true,0,0,true,C1A0T1I1F0,80,ASSEMBLE|INSPECT,INSPECTOR,1,false,false,0,,false
P1|N24|D|WORK|d75|p0|f80|b25,P1,24,D,WORK,75,0,80,25,124,875,149,26,14,2,true,false,"",0,true,0,0,true,C1A0T1I1F0,80,ASSEMBLE|INSPECT,INSPECTOR,1,false,false,0,,false
P1|N24|D|WORK|d75|p0|f80|b50,P1,24,D,WORK,75,0,80,50,124,1050,149,26,14,3,true,false,"",0,false,0,0,true,C1A0T1I1F0,80,ASSEMBLE|INSPECT,INSPECTOR,1,false,false,0,,false
P1|N24|D|WORK|d90|p0|f20|b0,P1,24,D,WORK,90,0,20,0,50,1580,149,26,16,1,false,false,"",0,true,0,0,true,C2A0T2I2F0,44,ASSEMBLE|INSPECT,ASSEMBLER,0,false,false,0,,false
P1|N24|D|WORK|d90|p0|f20|b10,P1,24,D,WORK,90,0,20,10,50,1738,149,26,16,1,false,false,"",0,true,0,0,true,C2A0T2I2F0,44,ASSEMBLE|INSPECT,ASSEMBLER,0,false,false,0,,false
P1|N24|D|WORK|d90|p0|f20|b25,P1,24,D,WORK,90,0,20,25,50,1975,149,26,16,2,true,false,"",0,true,0,0,true,C2A0T2I2F0,44,ASSEMBLE|INSPECT,ASSEMBLER,0,false,false,0,,false
P1|N24|D|WORK|d90|p0|f20|b50,P1,24,D,WORK,90,0,20,50,50,2370,149,26,16,6,true,true,"C2A0T2I4F0[1880,43,ASSEMBLE] vs C2A1T2I3F0[2030,38,ASSEMBLE]",0,false,0,0,true,C2A0T2I2F0,44,ASSEMBLE|INSPECT,ASSEMBLER,0,false,false,0,,false
P1|N24|D|WORK|d90|p0|f40|b0,P1,24,D,WORK,90,0,40,0,75,1240,149,26,16,1,false,false,"",0,true,0,0,true,C1A1T1I2F0,57,CUT|ASSEMBLE,CUTTER,1,false,false,0,,false
P1|N24|D|WORK|d90|p0|f40|b10,P1,24,D,WORK,90,0,40,10,75,1364,149,26,16,2,true,false,"",0,true,0,0,true,C1A1T1I2F0,57,CUT|ASSEMBLE,CUTTER,1,false,false,0,,false
P1|N24|D|WORK|d90|p0|f40|b25,P1,24,D,WORK,90,0,40,25,75,1550,149,26,16,3,true,false,"",0,false,0,0,true,C1A1T1I2F0,57,CUT|ASSEMBLE,CUTTER,1,false,false,0,,false
P1|N24|D|WORK|d90|p0|f40|b50,P1,24,D,WORK,90,0,40,50,75,1860,149,26,16,4,true,true,"C2A1T1I3F0[1490,55,ASSEMBLE] vs C2A0T2I2F0[1580,44,ASSEMBLE|INSPECT]",0,false,0,0,true,C1A1T1I2F0,57,CUT|ASSEMBLE,CUTTER,1,false,false,0,,false
P1|N24|D|WORK|d90|p0|f60|b0,P1,24,D,WORK,90,0,60,0,99,790,149,26,16,1,false,false,"",0,true,0,0,true,C1A0T1I1F0,80,ASSEMBLE|INSPECT,INSPECTOR,1,false,false,0,,false
P1|N24|D|WORK|d90|p0|f60|b10,P1,24,D,WORK,90,0,60,10,99,869,149,26,16,1,false,false,"",0,true,0,0,true,C1A0T1I1F0,80,ASSEMBLE|INSPECT,INSPECTOR,1,false,false,0,,false
P1|N24|D|WORK|d90|p0|f60|b25,P1,24,D,WORK,90,0,60,25,99,987,149,26,16,2,true,false,"",0,true,0,0,true,C1A0T1I1F0,80,ASSEMBLE|INSPECT,INSPECTOR,1,false,false,0,,false
P1|N24|D|WORK|d90|p0|f60|b50,P1,24,D,WORK,90,0,60,50,99,1185,149,26,16,3,true,false,"",0,false,0,0,true,C1A0T1I1F0,80,ASSEMBLE|INSPECT,INSPECTOR,1,false,false,0,,false
P1|N24|D|WORK|d90|p0|f80|b0,P1,24,D,WORK,90,0,80,0,124,790,149,26,16,1,false,false,"",0,true,0,0,true,C1A0T1I1F0,80,ASSEMBLE|INSPECT,INSPECTOR,1,false,false,0,,false
P1|N24|D|WORK|d90|p0|f80|b10,P1,24,D,WORK,90,0,80,10,124,869,149,26,16,1,false,false,"",0,true,0,0,true,C1A0T1I1F0,80,ASSEMBLE|INSPECT,INSPECTOR,1,false,false,0,,false
P1|N24|D|WORK|d90|p0|f80|b25,P1,24,D,WORK,90,0,80,25,124,987,149,26,16,2,true,false,"",0,true,0,0,true,C1A0T1I1F0,80,ASSEMBLE|INSPECT,INSPECTOR,1,false,false,0,,false
P1|N24|D|WORK|d90|p0|f80|b50,P1,24,D,WORK,90,0,80,50,124,1185,149,26,16,3,true,false,"",0,false,0,0,true,C1A0T1I1F0,80,ASSEMBLE|INSPECT,INSPECTOR,1,false,false,0,,false
P1|N24|D|WORK|d100|p0|f20|b0,P1,24,D,WORK,100,0,20,0,50,1700,149,26,17,1,false,false,"",0,true,1,0,true,C2A0T2I2F0,44,ASSEMBLE|INSPECT,ASSEMBLER,0,false,false,0,,false
P1|N24|D|WORK|d100|p0|f20|b10,P1,24,D,WORK,100,0,20,10,50,1870,149,26,17,1,false,false,"",0,true,1,0,true,C2A0T2I2F0,44,ASSEMBLE|INSPECT,ASSEMBLER,0,false,false,0,,false
P1|N24|D|WORK|d100|p0|f20|b25,P1,24,D,WORK,100,0,20,25,50,2125,149,26,17,2,true,false,"",0,true,2,0,true,C2A0T2I2F0,44,ASSEMBLE|INSPECT,ASSEMBLER,0,false,false,0,,false
P1|N24|D|WORK|d100|p0|f20|b50,P1,24,D,WORK,100,0,20,50,50,2550,149,26,17,6,true,true,"C2A0T2I4F0[2000,43,ASSEMBLE] vs C2A1T2I3F0[2150,38,ASSEMBLE]",0,false,6,0,true,C2A0T2I2F0,44,ASSEMBLE|INSPECT,ASSEMBLER,0,false,false,0,,false
P1|N24|D|WORK|d100|p0|f40|b0,P1,24,D,WORK,100,0,40,0,75,1300,149,26,17,1,false,false,"",0,true,1,0,true,C1A1T1I2F0,57,CUT|ASSEMBLE,CUTTER,1,false,false,0,,false
P1|N24|D|WORK|d100|p0|f40|b10,P1,24,D,WORK,100,0,40,10,75,1430,149,26,17,2,true,false,"",0,true,2,0,true,C1A1T1I2F0,57,CUT|ASSEMBLE,CUTTER,1,false,false,0,,false
P1|N24|D|WORK|d100|p0|f40|b25,P1,24,D,WORK,100,0,40,25,75,1625,149,26,17,3,true,false,"",0,false,3,0,true,C1A1T1I2F0,57,CUT|ASSEMBLE,CUTTER,1,false,false,0,,false
P1|N24|D|WORK|d100|p0|f40|b50,P1,24,D,WORK,100,0,40,50,75,1950,149,26,17,5,true,true,"C2A1T1I3F0[1550,55,ASSEMBLE] vs C2A0T2I2F0[1700,44,ASSEMBLE|INSPECT]",0,false,5,0,true,C1A1T1I2F0,57,CUT|ASSEMBLE,CUTTER,1,false,false,0,,false
P1|N24|D|WORK|d100|p0|f60|b0,P1,24,D,WORK,100,0,60,0,99,850,149,26,17,1,false,false,"",0,true,1,0,true,C1A0T1I1F0,80,ASSEMBLE|INSPECT,INSPECTOR,1,false,false,0,,false
P1|N24|D|WORK|d100|p0|f60|b10,P1,24,D,WORK,100,0,60,10,99,935,149,26,17,1,false,false,"",0,true,1,0,true,C1A0T1I1F0,80,ASSEMBLE|INSPECT,INSPECTOR,1,false,false,0,,false
P1|N24|D|WORK|d100|p0|f60|b25,P1,24,D,WORK,100,0,60,25,99,1062,149,26,17,2,true,false,"",0,true,2,0,true,C1A0T1I1F0,80,ASSEMBLE|INSPECT,INSPECTOR,1,false,false,0,,false
P1|N24|D|WORK|d100|p0|f60|b50,P1,24,D,WORK,100,0,60,50,99,1275,149,26,17,3,true,false,"",0,false,3,0,true,C1A0T1I1F0,80,ASSEMBLE|INSPECT,INSPECTOR,1,false,false,0,,false
P1|N24|D|WORK|d100|p0|f80|b0,P1,24,D,WORK,100,0,80,0,124,850,149,26,17,1,false,false,"",0,true,1,0,true,C1A0T1I1F0,80,ASSEMBLE|INSPECT,INSPECTOR,1,false,false,0,,false
P1|N24|D|WORK|d100|p0|f80|b10,P1,24,D,WORK,100,0,80,10,124,935,149,26,17,1,false,false,"",0,true,1,0,true,C1A0T1I1F0,80,ASSEMBLE|INSPECT,INSPECTOR,1,false,false,0,,false
P1|N24|D|WORK|d100|p0|f80|b25,P1,24,D,WORK,100,0,80,25,124,1062,149,26,17,2,true,false,"",0,true,2,0,true,C1A0T1I1F0,80,ASSEMBLE|INSPECT,INSPECTOR,1,false,false,0,,false
P1|N24|D|WORK|d100|p0|f80|b50,P1,24,D,WORK,100,0,80,50,124,1275,149,26,17,3,true,false,"",0,false,3,0,true,C1A0T1I1F0,80,ASSEMBLE|INSPECT,INSPECTOR,1,false,false,0,,false
P1|N24|F|UNIFORM|d75|p100|f20|b0,P1,24,F,UNIFORM,75,100,20,0,47,700,149,22,20,1,false,false,"",0,true,0,0,true,C2A0T2I2F0,44,ASSEMBLE|INSPECT,ASSEMBLER,0,false,false,0,,false
P1|N24|F|UNIFORM|d75|p100|f20|b10,P1,24,F,UNIFORM,75,100,20,10,47,770,149,22,20,1,false,false,"",0,true,0,0,true,C2A0T2I2F0,44,ASSEMBLE|INSPECT,ASSEMBLER,0,false,false,0,,false
P1|N24|F|UNIFORM|d75|p100|f20|b25,P1,24,F,UNIFORM,75,100,20,25,47,875,149,22,20,2,true,false,"",0,true,0,0,true,C2A0T2I2F0,44,ASSEMBLE|INSPECT,ASSEMBLER,0,false,false,0,,false
P1|N24|F|UNIFORM|d75|p100|f20|b50,P1,24,F,UNIFORM,75,100,20,50,47,1050,149,22,20,5,true,true,"C2A0T2I2F0[700,44,ASSEMBLE|INSPECT] vs C2A0T2I1F3[900,35,ASSEMBLE+INSPECT]",0,false,1,1,true,C2A0T2I2F0,44,ASSEMBLE|INSPECT,ASSEMBLER,0,false,false,0,,false
P1|N24|F|UNIFORM|d75|p100|f40|b0,P1,24,F,UNIFORM,75,100,40,0,72,450,149,22,20,1,false,false,"",0,true,0,0,true,C1A0T1I1F1,63,ASSEMBLE+INSPECT,ASSEMBLER,6,true,false,1,CUT,false
P1|N24|F|UNIFORM|d75|p100|f40|b10,P1,24,F,UNIFORM,75,100,40,10,72,495,149,22,20,1,false,false,"",0,true,0,0,true,C1A0T1I1F1,63,ASSEMBLE+INSPECT,ASSEMBLER,6,true,false,1,CUT,false
P1|N24|F|UNIFORM|d75|p100|f40|b25,P1,24,F,UNIFORM,75,100,40,25,72,562,149,22,20,3,true,true,"C1A0T1I1F1[450,63,ASSEMBLE+INSPECT] vs C1A0T1I0F3[550,57,CUT]",1,false,1,1,true,C1A0T1I1F1,63,ASSEMBLE+INSPECT,ASSEMBLER,6,true,false,1,CUT,false
P1|N24|F|UNIFORM|d75|p100|f40|b50,P1,24,F,UNIFORM,75,100,40,50,72,675,149,22,20,4,true,true,"C1A0T1I1F1[450,63,ASSEMBLE+INSPECT] vs C1A0T1I0F3[550,57,CUT]",1,false,2,2,true,C1A0T1I1F1,63,ASSEMBLE+INSPECT,ASSEMBLER,6,true,false,1,CUT,false
P1|N24|F|UNIFORM|d75|p100|f60|b0,P1,24,F,UNIFORM,75,100,60,0,98,350,149,22,20,1,false,false,"",0,true,1,1,true,C1A0T1I0F1,80,ASSEMBLE+INSPECT,INSPECTOR,17,true,true,2,CUT,false
P1|N24|F|UNIFORM|d75|p100|f60|b10,P1,24,F,UNIFORM,75,100,60,10,98,385,149,22,20,1,false,false,"",0,true,1,1,true,C1A0T1I0F1,80,ASSEMBLE+INSPECT,INSPECTOR,17,true,true,2,CUT,false
P1|N24|F|UNIFORM|d75|p100|f60|b25,P1,24,F,UNIFORM,75,100,60,25,98,437,149,22,20,2,true,false,"",2,false,1,1,true,C1A0T1I0F1,80,ASSEMBLE+INSPECT,INSPECTOR,17,true,true,2,CUT,false
P1|N24|F|UNIFORM|d75|p100|f60|b50,P1,24,F,UNIFORM,75,100,60,50,98,525,149,22,20,4,true,true,"C1A0T1I0F1[350,80,ASSEMBLE+INSPECT] vs C1A1T0I0F3[500,61,ASSEMBLE+INSPECT]",3,false,1,1,true,C1A0T1I0F1,80,ASSEMBLE+INSPECT,INSPECTOR,17,true,true,2,CUT,true
P1|N24|F|UNIFORM|d75|p100|f80|b0,P1,24,F,UNIFORM,75,100,80,0,123,300,149,22,20,1,false,false,"",0,true,0,0,true,C1A0T0I0F2,112,ASSEMBLE+INSPECT,FLEX_CELL,34,true,true,3,CUT,false
P1|N24|F|UNIFORM|d75|p100|f80|b10,P1,24,F,UNIFORM,75,100,80,10,123,330,149,22,20,1,false,false,"",0,true,0,0,true,C1A0T0I0F2,112,ASSEMBLE+INSPECT,FLEX_CELL,34,true,true,3,CUT,false
P1|N24|F|UNIFORM|d75|p100|f80|b25,P1,24,F,UNIFORM,75,100,80,25,123,375,149,22,20,2,true,true,"C1A0T0I0F2[300,112,ASSEMBLE+INSPECT] vs C1A0T1I0F1[350,80,ASSEMBLE+INSPECT]",0,false,1,1,true,C1A0T0I0F2,112,ASSEMBLE+INSPECT,FLEX_CELL,34,true,true,3,CUT,true
P1|N24|F|UNIFORM|d75|p100|f80|b50,P1,24,F,UNIFORM,75,100,80,50,123,450,149,22,20,4,true,true,"C1A0T0I0F2[300,112,ASSEMBLE+INSPECT] vs C1A0T1I0F1[350,80,ASSEMBLE+INSPECT]",2,false,1,1,true,C1A0T0I0F2,112,ASSEMBLE+INSPECT,FLEX_CELL,34,true,true,3,CUT,true
P1|N24|F|UNIFORM|d75|p125|f20|b0,P1,24,F,UNIFORM,75,125,20,0,47,700,149,22,23,1,false,false,"",0,true,0,0,true,C2A0T2I2F0,44,ASSEMBLE|INSPECT,ASSEMBLER,0,false,false,0,,false
P1|N24|F|UNIFORM|d75|p125|f20|b10,P1,24,F,UNIFORM,75,125,20,10,47,770,149,22,23,1,false,false,"",0,true,0,0,true,C2A0T2I2F0,44,ASSEMBLE|INSPECT,ASSEMBLER,0,false,false,0,,false
P1|N24|F|UNIFORM|d75|p125|f20|b25,P1,24,F,UNIFORM,75,125,20,25,47,875,149,22,23,2,true,false,"",0,true,0,0,true,C2A0T2I2F0,44,ASSEMBLE|INSPECT,ASSEMBLER,0,false,false,0,,false
P1|N24|F|UNIFORM|d75|p125|f20|b50,P1,24,F,UNIFORM,75,125,20,50,47,1050,149,22,23,6,true,true,"C2A0T2I2F1[825,39,ASSEMBLE+INSPECT] vs C2A1T2I3F0[900,38,ASSEMBLE]",1,false,1,1,true,C2A0T2I2F0,44,ASSEMBLE|INSPECT,ASSEMBLER,0,false,false,0,,false
P1|N24|F|UNIFORM|d75|p125|f40|b0,P1,24,F,UNIFORM,75,125,40,0,72,475,149,22,23,1,false,false,"",0,true,0,0,true,C1A0T1I1F1,63,ASSEMBLE+INSPECT,ASSEMBLER,6,true,false,1,CUT,false
P1|N24|F|UNIFORM|d75|p125|f40|b10,P1,24,F,UNIFORM,75,125,40,10,72,522,149,22,23,1,false,false,"",0,true,0,0,true,C1A0T1I1F1,63,ASSEMBLE+INSPECT,ASSEMBLER,6,true,false,1,CUT,false
P1|N24|F|UNIFORM|d75|p125|f40|b25,P1,24,F,UNIFORM,75,125,40,25,72,593,149,22,23,2,true,true,"C1A0T1I1F1[475,63,ASSEMBLE+INSPECT] vs C1A1T1I2F0[550,57,CUT|ASSEMBLE]",0,false,0,0,true,C1A0T1I1F1,63,ASSEMBLE+INSPECT,ASSEMBLER,6,true,false,1,CUT,false
P1|N24|F|UNIFORM|d75|p125|f40|b50,P1,24,F,UNIFORM,75,125,40,50,72,712,149,22,23,5,true,true,"C1A0T1I1F1[475,63,ASSEMBLE+INSPECT] vs C1A1T1I2F0[550,57,CUT|ASSEMBLE]",1,false,0,0,true,C1A0T1I1F1,63,ASSEMBLE+INSPECT,ASSEMBLER,6,true,false,1,CUT,false
P1|N24|F|UNIFORM|d75|p125|f60|b0,P1,24,F,UNIFORM,75,125,60,0,98,350,149,22,23,1,false,false,"",0,true,0,0,true,C1A0T1I1F0,80,ASSEMBLE|INSPECT,INSPECTOR,1,false,false,0,,false
P1|N24|F|UNIFORM|d75|p125|f60|b10,P1,24,F,UNIFORM,75,125,60,10,98,385,149,22,23,1,false,false,"",0,true,0,0,true,C1A0T1I1F0,80,ASSEMBLE|INSPECT,INSPECTOR,1,false,false,0,,false
P1|N24|F|UNIFORM|d75|p125|f60|b25,P1,24,F,UNIFORM,75,125,60,25,98,437,149,22,23,1,false,false,"",0,true,0,0,true,C1A0T1I1F0,80,ASSEMBLE|INSPECT,INSPECTOR,1,false,false,0,,false
P1|N24|F|UNIFORM|d75|p125|f60|b50,P1,24,F,UNIFORM,75,125,60,50,98,525,149,22,23,3,true,true,"C1A0T1I2F0[450,79,ASSEMBLE] vs C1A0T1I1F1[475,63,ASSEMBLE+INSPECT]",1,false,1,1,true,C1A0T1I1F0,80,ASSEMBLE|INSPECT,INSPECTOR,1,false,false,0,,false
P1|N24|F|UNIFORM|d75|p125|f80|b0,P1,24,F,UNIFORM,75,125,80,0,123,325,149,22,23,1,false,false,"",0,true,0,0,true,C1A1T0I0F1,116,ASSEMBLE+INSPECT,FLEX_CELL,37,true,true,3,CUT,false
P1|N24|F|UNIFORM|d75|p125|f80|b10,P1,24,F,UNIFORM,75,125,80,10,123,357,149,22,23,2,true,true,"C1A1T0I0F1[325,116,ASSEMBLE+INSPECT] vs C1A0T1I1F0[350,80,ASSEMBLE|INSPECT]",0,false,0,0,true,C1A1T0I0F1,116,ASSEMBLE+INSPECT,FLEX_CELL,37,true,true,3,CUT,true
P1|N24|F|UNIFORM|d75|p125|f80|b25,P1,24,F,UNIFORM,75,125,80,25,123,406,149,22,23,2,true,true,"C1A1T0I0F1[325,116,ASSEMBLE+INSPECT] vs C1A0T1I1F0[350,80,ASSEMBLE|INSPECT]",0,false,0,0,true,C1A1T0I0F1,116,ASSEMBLE+INSPECT,FLEX_CELL,37,true,true,3,CUT,true
P1|N24|F|UNIFORM|d75|p125|f80|b50,P1,24,F,UNIFORM,75,125,80,50,123,487,149,22,23,4,true,true,"C1A1T0I0F1[325,116,ASSEMBLE+INSPECT] vs C1A0T1I1F0[350,80,ASSEMBLE|INSPECT]",1,false,1,1,true,C1A1T0I0F1,116,ASSEMBLE+INSPECT,FLEX_CELL,37,true,true,3,CUT,true
P1|N24|F|UNIFORM|d75|p150|f20|b0,P1,24,F,UNIFORM,75,150,20,0,47,700,149,22,19,1,false,false,"",0,true,0,0,true,C2A0T2I2F0,44,ASSEMBLE|INSPECT,ASSEMBLER,0,false,false,0,,false
P1|N24|F|UNIFORM|d75|p150|f20|b10,P1,24,F,UNIFORM,75,150,20,10,47,770,149,22,19,1,false,false,"",0,true,0,0,true,C2A0T2I2F0,44,ASSEMBLE|INSPECT,ASSEMBLER,0,false,false,0,,false
P1|N24|F|UNIFORM|d75|p150|f20|b25,P1,24,F,UNIFORM,75,150,20,25,47,875,149,22,19,2,true,false,"",0,true,0,0,true,C2A0T2I2F0,44,ASSEMBLE|INSPECT,ASSEMBLER,0,false,false,0,,false
P1|N24|F|UNIFORM|d75|p150|f20|b50,P1,24,F,UNIFORM,75,150,20,50,47,1050,149,22,19,5,true,true,"C2A0T2I2F1[850,39,ASSEMBLE+INSPECT] vs C2A1T2I3F0[900,38,ASSEMBLE]",0,false,0,0,true,C2A0T2I2F0,44,ASSEMBLE|INSPECT,ASSEMBLER,0,false,false,0,,false
P1|N24|F|UNIFORM|d75|p150|f40|b0,P1,24,F,UNIFORM,75,150,40,0,72,500,149,22,19,1,false,false,"",0,true,0,0,true,C1A0T1I1F1,63,ASSEMBLE+INSPECT,ASSEMBLER,6,true,false,1,CUT,false
P1|N24|F|UNIFORM|d75|p150|f40|b10,P1,24,F,UNIFORM,75,150,40,10,72,550,149,22,19,2,true,true,"C1A0T1I1F1[500,63,ASSEMBLE+INSPECT] vs C1A1T1I2F0[550,57,CUT|ASSEMBLE]",0,false,0,0,true,C1A0T1I1F1,63,ASSEMBLE+INSPECT,ASSEMBLER,6,true,false,1,CUT,false
P1|N24|F|UNIFORM|d75|p150|f40|b25,P1,24,F,UNIFORM,75,150,40,25,72,625,149,22,19,2,true,true,"C1A0T1I1F1[500,63,ASSEMBLE+INSPECT] vs C1A1T1I2F0[550,57,CUT|ASSEMBLE]",0,false,0,0,true,C1A0T1I1F1,63,ASSEMBLE+INSPECT,ASSEMBLER,6,true,false,1,CUT,false
P1|N24|F|UNIFORM|d75|p150|f40|b50,P1,24,F,UNIFORM,75,150,40,50,72,750,149,22,19,4,true,true,"C1A0T1I1F1[500,63,ASSEMBLE+INSPECT] vs C1A1T1I2F0[550,57,CUT|ASSEMBLE]",0,false,0,0,true,C1A0T1I1F1,63,ASSEMBLE+INSPECT,ASSEMBLER,6,true,false,1,CUT,false
P1|N24|F|UNIFORM|d75|p150|f60|b0,P1,24,F,UNIFORM,75,150,60,0,98,350,149,22,19,1,false,false,"",0,true,0,0,true,C1A0T1I1F0,80,ASSEMBLE|INSPECT,INSPECTOR,1,false,false,0,,false
P1|N24|F|UNIFORM|d75|p150|f60|b10,P1,24,F,UNIFORM,75,150,60,10,98,385,149,22,19,1,false,false,"",0,true,0,0,true,C1A0T1I1F0,80,ASSEMBLE|INSPECT,INSPECTOR,1,false,false,0,,false
P1|N24|F|UNIFORM|d75|p150|f60|b25,P1,24,F,UNIFORM,75,150,60,25,98,437,149,22,19,1,false,false,"",0,true,0,0,true,C1A0T1I1F0,80,ASSEMBLE|INSPECT,INSPECTOR,1,false,false,0,,false
P1|N24|F|UNIFORM|d75|p150|f60|b50,P1,24,F,UNIFORM,75,150,60,50,98,525,149,22,19,3,true,true,"C1A0T1I2F0[450,79,ASSEMBLE] vs C1A0T1I1F1[500,63,ASSEMBLE+INSPECT]",0,false,0,0,true,C1A0T1I1F0,80,ASSEMBLE|INSPECT,INSPECTOR,1,false,false,0,,false
P1|N24|F|UNIFORM|d75|p150|f80|b0,P1,24,F,UNIFORM,75,150,80,0,123,350,149,22,19,1,false,false,"",0,true,0,0,true,C1A0T1I1F0,80,ASSEMBLE|INSPECT,INSPECTOR,1,false,false,0,,false
P1|N24|F|UNIFORM|d75|p150|f80|b10,P1,24,F,UNIFORM,75,150,80,10,123,385,149,22,19,1,false,false,"",0,true,0,0,true,C1A0T1I1F0,80,ASSEMBLE|INSPECT,INSPECTOR,1,false,false,0,,false
P1|N24|F|UNIFORM|d75|p150|f80|b25,P1,24,F,UNIFORM,75,150,80,25,123,437,149,22,19,1,false,false,"",0,true,0,0,true,C1A0T1I1F0,80,ASSEMBLE|INSPECT,INSPECTOR,1,false,false,0,,false
P1|N24|F|UNIFORM|d75|p150|f80|b50,P1,24,F,UNIFORM,75,150,80,50,123,525,149,22,19,3,true,true,"C1A0T1I2F0[450,79,ASSEMBLE] vs C1A0T1I1F1[500,63,ASSEMBLE+INSPECT]",0,false,0,0,true,C1A0T1I1F0,80,ASSEMBLE|INSPECT,INSPECTOR,1,false,false,0,,false
P1|N24|F|UNIFORM|d75|p200|f20|b0,P1,24,F,UNIFORM,75,200,20,0,47,700,149,22,15,1,false,false,"",0,true,0,0,true,C2A0T2I2F0,44,ASSEMBLE|INSPECT,ASSEMBLER,0,false,false,0,,false
P1|N24|F|UNIFORM|d75|p200|f20|b10,P1,24,F,UNIFORM,75,200,20,10,47,770,149,22,15,1,false,false,"",0,true,0,0,true,C2A0T2I2F0,44,ASSEMBLE|INSPECT,ASSEMBLER,0,false,false,0,,false
P1|N24|F|UNIFORM|d75|p200|f20|b25,P1,24,F,UNIFORM,75,200,20,25,47,875,149,22,15,1,false,false,"",0,true,0,0,true,C2A0T2I2F0,44,ASSEMBLE|INSPECT,ASSEMBLER,0,false,false,0,,false
P1|N24|F|UNIFORM|d75|p200|f20|b50,P1,24,F,UNIFORM,75,200,20,50,47,1050,149,22,15,4,true,false,"",0,true,0,0,true,C2A0T2I2F0,44,ASSEMBLE|INSPECT,ASSEMBLER,0,false,false,0,,false
P1|N24|F|UNIFORM|d75|p200|f40|b0,P1,24,F,UNIFORM,75,200,40,0,72,550,149,22,15,1,false,false,"",0,true,0,0,true,C1A1T1I2F0,57,CUT|ASSEMBLE,CUTTER,1,false,false,0,,false
P1|N24|F|UNIFORM|d75|p200|f40|b10,P1,24,F,UNIFORM,75,200,40,10,72,605,149,22,15,1,false,false,"",0,true,0,0,true,C1A1T1I2F0,57,CUT|ASSEMBLE,CUTTER,1,false,false,0,,false
P1|N24|F|UNIFORM|d75|p200|f40|b25,P1,24,F,UNIFORM,75,200,40,25,72,687,149,22,15,2,true,false,"",0,true,0,0,true,C1A1T1I2F0,57,CUT|ASSEMBLE,CUTTER,1,false,false,0,,false
P1|N24|F|UNIFORM|d75|p200|f40|b50,P1,24,F,UNIFORM,75,200,40,50,72,825,149,22,15,3,true,false,"",0,true,0,0,true,C1A1T1I2F0,57,CUT|ASSEMBLE,CUTTER,1,false,false,0,,false
P1|N24|F|UNIFORM|d75|p200|f60|b0,P1,24,F,UNIFORM,75,200,60,0,98,350,149,22,15,1,false,false,"",0,true,0,0,true,C1A0T1I1F0,80,ASSEMBLE|INSPECT,INSPECTOR,1,false,false,0,,false
P1|N24|F|UNIFORM|d75|p200|f60|b10,P1,24,F,UNIFORM,75,200,60,10,98,385,149,22,15,1,false,false,"",0,true,0,0,true,C1A0T1I1F0,80,ASSEMBLE|INSPECT,INSPECTOR,1,false,false,0,,false
P1|N24|F|UNIFORM|d75|p200|f60|b25,P1,24,F,UNIFORM,75,200,60,25,98,437,149,22,15,1,false,false,"",0,true,0,0,true,C1A0T1I1F0,80,ASSEMBLE|INSPECT,INSPECTOR,1,false,false,0,,false
P1|N24|F|UNIFORM|d75|p200|f60|b50,P1,24,F,UNIFORM,75,200,60,50,98,525,149,22,15,2,true,false,"",0,true,0,0,true,C1A0T1I1F0,80,ASSEMBLE|INSPECT,INSPECTOR,1,false,false,0,,false
P1|N24|F|UNIFORM|d75|p200|f80|b0,P1,24,F,UNIFORM,75,200,80,0,123,350,149,22,15,1,false,false,"",0,true,0,0,true,C1A0T1I1F0,80,ASSEMBLE|INSPECT,INSPECTOR,1,false,false,0,,false
P1|N24|F|UNIFORM|d75|p200|f80|b10,P1,24,F,UNIFORM,75,200,80,10,123,385,149,22,15,1,false,false,"",0,true,0,0,true,C1A0T1I1F0,80,ASSEMBLE|INSPECT,INSPECTOR,1,false,false,0,,false
P1|N24|F|UNIFORM|d75|p200|f80|b25,P1,24,F,UNIFORM,75,200,80,25,123,437,149,22,15,1,false,false,"",0,true,0,0,true,C1A0T1I1F0,80,ASSEMBLE|INSPECT,INSPECTOR,1,false,false,0,,false
P1|N24|F|UNIFORM|d75|p200|f80|b50,P1,24,F,UNIFORM,75,200,80,50,123,525,149,22,15,2,true,false,"",0,true,0,0,true,C1A0T1I1F0,80,ASSEMBLE|INSPECT,INSPECTOR,1,false,false,0,,false
P1|N24|F|UNIFORM|d90|p100|f20|b0,P1,24,F,UNIFORM,90,100,20,0,47,760,149,22,20,1,false,false,"",0,true,0,0,true,C2A0T2I2F0,44,ASSEMBLE|INSPECT,ASSEMBLER,0,false,false,0,,false
P1|N24|F|UNIFORM|d90|p100|f20|b10,P1,24,F,UNIFORM,90,100,20,10,47,836,149,22,20,1,false,false,"",0,true,0,0,true,C2A0T2I2F0,44,ASSEMBLE|INSPECT,ASSEMBLER,0,false,false,0,,false
P1|N24|F|UNIFORM|d90|p100|f20|b25,P1,24,F,UNIFORM,90,100,20,25,47,950,149,22,20,2,true,false,"",0,true,0,0,true,C2A0T2I2F0,44,ASSEMBLE|INSPECT,ASSEMBLER,0,false,false,0,,false
P1|N24|F|UNIFORM|d90|p100|f20|b50,P1,24,F,UNIFORM,90,100,20,50,47,1140,149,22,20,5,true,true,"C2A0T2I2F0[760,44,ASSEMBLE|INSPECT] vs C2A0T2I1F3[960,35,ASSEMBLE+INSPECT]",0,false,1,1,true,C2A0T2I2F0,44,ASSEMBLE|INSPECT,ASSEMBLER,0,false,false,0,,false
P1|N24|F|UNIFORM|d90|p100|f40|b0,P1,24,F,UNIFORM,90,100,40,0,72,480,149,22,20,1,false,false,"",0,true,0,0,true,C1A0T1I1F1,63,ASSEMBLE+INSPECT,ASSEMBLER,6,true,false,1,CUT,false
P1|N24|F|UNIFORM|d90|p100|f40|b10,P1,24,F,UNIFORM,90,100,40,10,72,528,149,22,20,2,true,false,"",1,false,0,0,true,C1A0T1I1F1,63,ASSEMBLE+INSPECT,ASSEMBLER,6,true,false,1,CUT,false
P1|N24|F|UNIFORM|d90|p100|f40|b25,P1,24,F,UNIFORM,90,100,40,25,72,600,149,22,20,3,true,true,"C1A0T1I1F1[480,63,ASSEMBLE+INSPECT] vs C1A0T1I0F3[580,57,CUT]",1,false,1,1,true,C1A0T1I1F1,63,ASSEMBLE+INSPECT,ASSEMBLER,6,true,false,1,CUT,false
P1|N24|F|UNIFORM|d90|p100|f40|b50,P1,24,F,UNIFORM,90,100,40,50,72,720,149,22,20,4,true,true,"C1A0T1I1F1[480,63,ASSEMBLE+INSPECT] vs C1A0T1I0F3[580,57,CUT]",1,false,2,2,true,C1A0T1I1F1,63,ASSEMBLE+INSPECT,ASSEMBLER,6,true,false,1,CUT,false
P1|N24|F|UNIFORM|d90|p100|f60|b0,P1,24,F,UNIFORM,90,100,60,0,98,380,149,22,20,1,false,false,"",0,true,1,1,true,C1A0T1I0F1,80,ASSEMBLE+INSPECT,INSPECTOR,17,true,true,2,CUT,false
P1|N24|F|UNIFORM|d90|p100|f60|b10,P1,24,F,UNIFORM,90,100,60,10,98,418,149,22,20,2,true,false,"",2,false,1,1,true,C1A0T1I0F1,80,ASSEMBLE+INSPECT,INSPECTOR,17,true,true,2,CUT,false
P1|N24|F|UNIFORM|d90|p100|f60|b25,P1,24,F,UNIFORM,90,100,60,25,98,475,149,22,20,2,true,false,"",2,false,1,1,true,C1A0T1I0F1,80,ASSEMBLE+INSPECT,INSPECTOR,17,true,true,2,CUT,false
P1|N24|F|UNIFORM|d90|p100|f60|b50,P1,24,F,UNIFORM,90,100,60,50,98,570,149,22,20,4,true,true,"C1A0T1I0F1[380,80,ASSEMBLE+INSPECT] vs C1A1T0I0F3[500,61,ASSEMBLE+INSPECT]",3,false,1,1,true,C1A0T1I0F1,80,ASSEMBLE+INSPECT,INSPECTOR,17,true,true,2,CUT,true
P1|N24|F|UNIFORM|d90|p100|f80|b0,P1,24,F,UNIFORM,90,100,80,0,123,300,149,22,20,1,false,false,"",0,true,0,0,true,C1A0T0I0F2,112,ASSEMBLE+INSPECT,FLEX_CELL,34,true,true,3,CUT,false
P1|N24|F|UNIFORM|d90|p100|f80|b10,P1,24,F,UNIFORM,90,100,80,10,123,330,149,22,20,1,false,false,"",0,true,0,0,true,C1A0T0I0F2,112,ASSEMBLE+INSPECT,FLEX_CELL,34,true,true,3,CUT,false
P1|N24|F|UNIFORM|d90|p100|f80|b25,P1,24,F,UNIFORM,90,100,80,25,123,375,149,22,20,1,false,false,"",0,true,0,0,true,C1A0T0I0F2,112,ASSEMBLE+INSPECT,FLEX_CELL,34,true,true,3,CUT,false
P1|N24|F|UNIFORM|d90|p100|f80|b50,P1,24,F,UNIFORM,90,100,80,50,123,450,149,22,20,3,true,true,"C1A0T0I0F2[300,112,ASSEMBLE+INSPECT] vs C1A0T1I0F1[380,80,ASSEMBLE+INSPECT]",2,false,1,1,true,C1A0T0I0F2,112,ASSEMBLE+INSPECT,FLEX_CELL,34,true,true,3,CUT,true
P1|N24|F|UNIFORM|d90|p125|f20|b0,P1,24,F,UNIFORM,90,125,20,0,47,760,149,22,28,1,false,false,"",0,true,0,0,true,C2A0T2I2F0,44,ASSEMBLE|INSPECT,ASSEMBLER,0,false,false,0,,false
P1|N24|F|UNIFORM|d90|p125|f20|b10,P1,24,F,UNIFORM,90,125,20,10,47,836,149,22,28,1,false,false,"",0,true,0,0,true,C2A0T2I2F0,44,ASSEMBLE|INSPECT,ASSEMBLER,0,false,false,0,,false
P1|N24|F|UNIFORM|d90|p125|f20|b25,P1,24,F,UNIFORM,90,125,20,25,47,950,149,22,28,2,true,false,"",0,true,0,0,true,C2A0T2I2F0,44,ASSEMBLE|INSPECT,ASSEMBLER,0,false,false,0,,false
P1|N24|F|UNIFORM|d90|p125|f20|b50,P1,24,F,UNIFORM,90,125,20,50,47,1140,149,22,28,7,true,true,"C2A0T2I2F0[760,44,ASSEMBLE|INSPECT] vs C2A0T2I1F3[1035,35,ASSEMBLE+INSPECT]",3,false,1,1,true,C2A0T2I2F0,44,ASSEMBLE|INSPECT,ASSEMBLER,0,false,false,0,,false
P1|N24|F|UNIFORM|d90|p125|f40|b0,P1,24,F,UNIFORM,90,125,40,0,72,505,149,22,28,1,false,false,"",0,true,0,0,true,C1A0T1I1F1,63,ASSEMBLE+INSPECT,ASSEMBLER,6,true,false,1,CUT,false
P1|N24|F|UNIFORM|d90|p125|f40|b10,P1,24,F,UNIFORM,90,125,40,10,72,555,149,22,28,1,false,false,"",0,true,0,0,true,C1A0T1I1F1,63,ASSEMBLE+INSPECT,ASSEMBLER,6,true,false,1,CUT,false
P1|N24|F|UNIFORM|d90|p125|f40|b25,P1,24,F,UNIFORM,90,125,40,25,72,631,149,22,28,3,true,true,"C1A0T1I1F1[505,63,ASSEMBLE+INSPECT] vs C1A1T1I2F0[580,57,CUT|ASSEMBLE]",1,false,0,0,true,C1A0T1I1F1,63,ASSEMBLE+INSPECT,ASSEMBLER,6,true,false,1,CUT,false
P1|N24|F|UNIFORM|d90|p125|f40|b50,P1,24,F,UNIFORM,90,125,40,50,72,757,149,22,28,6,true,true,"C1A0T1I1F1[505,63,ASSEMBLE+INSPECT] vs C1A1T1I2F0[580,57,CUT|ASSEMBLE]",3,false,0,0,true,C1A0T1I1F1,63,ASSEMBLE+INSPECT,ASSEMBLER,6,true,false,1,CUT,false
P1|N24|F|UNIFORM|d90|p125|f60|b0,P1,24,F,UNIFORM,90,125,60,0,98,380,149,22,28,1,false,false,"",0,true,0,0,true,C1A0T1I1F0,80,ASSEMBLE|INSPECT,INSPECTOR,1,false,false,0,,false
P1|N24|F|UNIFORM|d90|p125|f60|b10,P1,24,F,UNIFORM,90,125,60,10,98,418,149,22,28,1,false,false,"",0,true,0,0,true,C1A0T1I1F0,80,ASSEMBLE|INSPECT,INSPECTOR,1,false,false,0,,false
P1|N24|F|UNIFORM|d90|p125|f60|b25,P1,24,F,UNIFORM,90,125,60,25,98,475,149,22,28,3,true,false,"",3,false,0,0,true,C1A0T1I1F0,80,ASSEMBLE|INSPECT,INSPECTOR,1,false,false,0,,false
P1|N24|F|UNIFORM|d90|p125|f60|b50,P1,24,F,UNIFORM,90,125,60,50,98,570,149,22,28,4,true,true,"C1A1T0I0F2[450,79,ASSEMBLE+INSPECT] vs C1A0T1I1F1[505,63,ASSEMBLE+INSPECT]",3,false,0,0,true,C1A0T1I1F0,80,ASSEMBLE|INSPECT,INSPECTOR,1,false,false,0,,false
P1|N24|F|UNIFORM|d90|p125|f80|b0,P1,24,F,UNIFORM,90,125,80,0,123,325,149,22,28,1,false,false,"",0,true,0,0,true,C1A1T0I0F1,116,ASSEMBLE+INSPECT,FLEX_CELL,37,true,true,3,CUT,false
P1|N24|F|UNIFORM|d90|p125|f80|b10,P1,24,F,UNIFORM,90,125,80,10,123,357,149,22,28,2,true,false,"",1,false,0,0,true,C1A1T0I0F1,116,ASSEMBLE+INSPECT,FLEX_CELL,37,true,true,3,CUT,false
P1|N24|F|UNIFORM|d90|p125|f80|b25,P1,24,F,UNIFORM,90,125,80,25,123,406,149,22,28,3,true,true,"C1A1T0I0F1[325,116,ASSEMBLE+INSPECT] vs C1A0T1I1F0[380,80,ASSEMBLE|INSPECT]",1,false,0,0,true,C1A1T0I0F1,116,ASSEMBLE+INSPECT,FLEX_CELL,37,true,true,3,CUT,true
P1|N24|F|UNIFORM|d90|p125|f80|b50,P1,24,F,UNIFORM,90,125,80,50,123,487,149,22,28,5,true,true,"C1A1T0I0F1[325,116,ASSEMBLE+INSPECT] vs C1A0T1I1F0[380,80,ASSEMBLE|INSPECT]",4,false,0,0,true,C1A1T0I0F1,116,ASSEMBLE+INSPECT,FLEX_CELL,37,true,true,3,CUT,true
P1|N24|F|UNIFORM|d90|p150|f20|b0,P1,24,F,UNIFORM,90,150,20,0,47,760,149,22,22,1,false,false,"",0,true,0,0,true,C2A0T2I2F0,44,ASSEMBLE|INSPECT,ASSEMBLER,0,false,false,0,,false
P1|N24|F|UNIFORM|d90|p150|f20|b10,P1,24,F,UNIFORM,90,150,20,10,47,836,149,22,22,1,false,false,"",0,true,0,0,true,C2A0T2I2F0,44,ASSEMBLE|INSPECT,ASSEMBLER,0,false,false,0,,false
P1|N24|F|UNIFORM|d90|p150|f20|b25,P1,24,F,UNIFORM,90,150,20,25,47,950,149,22,22,2,true,false,"",0,true,0,0,true,C2A0T2I2F0,44,ASSEMBLE|INSPECT,ASSEMBLER,0,false,false,0,,false
P1|N24|F|UNIFORM|d90|p150|f20|b50,P1,24,F,UNIFORM,90,150,20,50,47,1140,149,22,22,6,true,true,"C2A0T2I2F1[910,39,ASSEMBLE+INSPECT] vs C2A1T2I3F0[960,38,ASSEMBLE]",1,false,1,1,true,C2A0T2I2F0,44,ASSEMBLE|INSPECT,ASSEMBLER,0,false,false,0,,false
P1|N24|F|UNIFORM|d90|p150|f40|b0,P1,24,F,UNIFORM,90,150,40,0,72,530,149,22,22,1,false,false,"",0,true,0,0,true,C1A0T1I1F1,63,ASSEMBLE+INSPECT,ASSEMBLER,6,true,false,1,CUT,false
P1|N24|F|UNIFORM|d90|p150|f40|b10,P1,24,F,UNIFORM,90,150,40,10,72,583,149,22,22,2,true,true,"C1A0T1I1F1[530,63,ASSEMBLE+INSPECT] vs C1A1T1I2F0[580,57,CUT|ASSEMBLE]",0,false,0,0,true,C1A0T1I1F1,63,ASSEMBLE+INSPECT,ASSEMBLER,6,true,false,1,CUT,false
P1|N24|F|UNIFORM|d90|p150|f40|b25,P1,24,F,UNIFORM,90,150,40,25,72,662,149,22,22,2,true,true,"C1A0T1I1F1[530,63,ASSEMBLE+INSPECT] vs C1A1T1I2F0[580,57,CUT|ASSEMBLE]",0,false,0,0,true,C1A0T1I1F1,63,ASSEMBLE+INSPECT,ASSEMBLER,6,true,false,1,CUT,false
P1|N24|F|UNIFORM|d90|p150|f40|b50,P1,24,F,UNIFORM,90,150,40,50,72,795,149,22,22,5,true,true,"C1A0T1I1F1[530,63,ASSEMBLE+INSPECT] vs C1A1T1I2F0[580,57,CUT|ASSEMBLE]",1,false,0,0,true,C1A0T1I1F1,63,ASSEMBLE+INSPECT,ASSEMBLER,6,true,false,1,CUT,false
P1|N24|F|UNIFORM|d90|p150|f60|b0,P1,24,F,UNIFORM,90,150,60,0,98,380,149,22,22,1,false,false,"",0,true,0,0,true,C1A0T1I1F0,80,ASSEMBLE|INSPECT,INSPECTOR,1,false,false,0,,false
P1|N24|F|UNIFORM|d90|p150|f60|b10,P1,24,F,UNIFORM,90,150,60,10,98,418,149,22,22,1,false,false,"",0,true,0,0,true,C1A0T1I1F0,80,ASSEMBLE|INSPECT,INSPECTOR,1,false,false,0,,false
P1|N24|F|UNIFORM|d90|p150|f60|b25,P1,24,F,UNIFORM,90,150,60,25,98,475,149,22,22,1,false,false,"",0,true,0,0,true,C1A0T1I1F0,80,ASSEMBLE|INSPECT,INSPECTOR,1,false,false,0,,false
P1|N24|F|UNIFORM|d90|p150|f60|b50,P1,24,F,UNIFORM,90,150,60,50,98,570,149,22,22,3,true,true,"C1A0T1I2F0[480,79,ASSEMBLE] vs C1A0T1I1F1[530,63,ASSEMBLE+INSPECT]",0,false,0,0,true,C1A0T1I1F0,80,ASSEMBLE|INSPECT,INSPECTOR,1,false,false,0,,false
P1|N24|F|UNIFORM|d90|p150|f80|b0,P1,24,F,UNIFORM,90,150,80,0,123,350,149,22,22,1,false,false,"",0,true,0,0,true,C1A1T0I0F1,116,ASSEMBLE+INSPECT,FLEX_CELL,37,true,true,3,CUT,false
P1|N24|F|UNIFORM|d90|p150|f80|b10,P1,24,F,UNIFORM,90,150,80,10,123,385,149,22,22,2,true,true,"C1A1T0I0F1[350,116,ASSEMBLE+INSPECT] vs C1A0T1I1F0[380,80,ASSEMBLE|INSPECT]",0,false,0,0,true,C1A1T0I0F1,116,ASSEMBLE+INSPECT,FLEX_CELL,37,true,true,3,CUT,true
P1|N24|F|UNIFORM|d90|p150|f80|b25,P1,24,F,UNIFORM,90,150,80,25,123,437,149,22,22,2,true,true,"C1A1T0I0F1[350,116,ASSEMBLE+INSPECT] vs C1A0T1I1F0[380,80,ASSEMBLE|INSPECT]",0,false,0,0,true,C1A1T0I0F1,116,ASSEMBLE+INSPECT,FLEX_CELL,37,true,true,3,CUT,true
P1|N24|F|UNIFORM|d90|p150|f80|b50,P1,24,F,UNIFORM,90,150,80,50,123,525,149,22,22,3,true,true,"C1A1T0I0F1[350,116,ASSEMBLE+INSPECT] vs C1A0T1I1F0[380,80,ASSEMBLE|INSPECT]",0,false,0,0,true,C1A1T0I0F1,116,ASSEMBLE+INSPECT,FLEX_CELL,37,true,true,3,CUT,true
P1|N24|F|UNIFORM|d90|p200|f20|b0,P1,24,F,UNIFORM,90,200,20,0,47,760,149,22,15,1,false,false,"",0,true,0,0,true,C2A0T2I2F0,44,ASSEMBLE|INSPECT,ASSEMBLER,0,false,false,0,,false
P1|N24|F|UNIFORM|d90|p200|f20|b10,P1,24,F,UNIFORM,90,200,20,10,47,836,149,22,15,1,false,false,"",0,true,0,0,true,C2A0T2I2F0,44,ASSEMBLE|INSPECT,ASSEMBLER,0,false,false,0,,false
P1|N24|F|UNIFORM|d90|p200|f20|b25,P1,24,F,UNIFORM,90,200,20,25,47,950,149,22,15,1,false,false,"",0,true,0,0,true,C2A0T2I2F0,44,ASSEMBLE|INSPECT,ASSEMBLER,0,false,false,0,,false
P1|N24|F|UNIFORM|d90|p200|f20|b50,P1,24,F,UNIFORM,90,200,20,50,47,1140,149,22,15,4,true,false,"",0,true,0,0,true,C2A0T2I2F0,44,ASSEMBLE|INSPECT,ASSEMBLER,0,false,false,0,,false
P1|N24|F|UNIFORM|d90|p200|f40|b0,P1,24,F,UNIFORM,90,200,40,0,72,580,149,22,15,1,false,false,"",0,true,0,0,true,C1A1T1I2F0,57,CUT|ASSEMBLE,CUTTER,1,false,false,0,,false
P1|N24|F|UNIFORM|d90|p200|f40|b10,P1,24,F,UNIFORM,90,200,40,10,72,638,149,22,15,1,false,false,"",0,true,0,0,true,C1A1T1I2F0,57,CUT|ASSEMBLE,CUTTER,1,false,false,0,,false
P1|N24|F|UNIFORM|d90|p200|f40|b25,P1,24,F,UNIFORM,90,200,40,25,72,725,149,22,15,2,true,false,"",0,true,0,0,true,C1A1T1I2F0,57,CUT|ASSEMBLE,CUTTER,1,false,false,0,,false
P1|N24|F|UNIFORM|d90|p200|f40|b50,P1,24,F,UNIFORM,90,200,40,50,72,870,149,22,15,3,true,false,"",0,true,0,0,true,C1A1T1I2F0,57,CUT|ASSEMBLE,CUTTER,1,false,false,0,,false
P1|N24|F|UNIFORM|d90|p200|f60|b0,P1,24,F,UNIFORM,90,200,60,0,98,380,149,22,15,1,false,false,"",0,true,0,0,true,C1A0T1I1F0,80,ASSEMBLE|INSPECT,INSPECTOR,1,false,false,0,,false
P1|N24|F|UNIFORM|d90|p200|f60|b10,P1,24,F,UNIFORM,90,200,60,10,98,418,149,22,15,1,false,false,"",0,true,0,0,true,C1A0T1I1F0,80,ASSEMBLE|INSPECT,INSPECTOR,1,false,false,0,,false
P1|N24|F|UNIFORM|d90|p200|f60|b25,P1,24,F,UNIFORM,90,200,60,25,98,475,149,22,15,1,false,false,"",0,true,0,0,true,C1A0T1I1F0,80,ASSEMBLE|INSPECT,INSPECTOR,1,false,false,0,,false
P1|N24|F|UNIFORM|d90|p200|f60|b50,P1,24,F,UNIFORM,90,200,60,50,98,570,149,22,15,2,true,false,"",0,true,0,0,true,C1A0T1I1F0,80,ASSEMBLE|INSPECT,INSPECTOR,1,false,false,0,,false
P1|N24|F|UNIFORM|d90|p200|f80|b0,P1,24,F,UNIFORM,90,200,80,0,123,380,149,22,15,1,false,false,"",0,true,0,0,true,C1A0T1I1F0,80,ASSEMBLE|INSPECT,INSPECTOR,1,false,false,0,,false
P1|N24|F|UNIFORM|d90|p200|f80|b10,P1,24,F,UNIFORM,90,200,80,10,123,418,149,22,15,1,false,false,"",0,true,0,0,true,C1A0T1I1F0,80,ASSEMBLE|INSPECT,INSPECTOR,1,false,false,0,,false
P1|N24|F|UNIFORM|d90|p200|f80|b25,P1,24,F,UNIFORM,90,200,80,25,123,475,149,22,15,1,false,false,"",0,true,0,0,true,C1A0T1I1F0,80,ASSEMBLE|INSPECT,INSPECTOR,1,false,false,0,,false
P1|N24|F|UNIFORM|d90|p200|f80|b50,P1,24,F,UNIFORM,90,200,80,50,123,570,149,22,15,2,true,false,"",0,true,0,0,true,C1A0T1I1F0,80,ASSEMBLE|INSPECT,INSPECTOR,1,false,false,0,,false
P1|N24|F|UNIFORM|d100|p100|f20|b0,P1,24,F,UNIFORM,100,100,20,0,47,800,149,22,18,1,false,false,"",0,true,1,1,true,C2A0T1I1F3,44,ASSEMBLE+INSPECT,ASSEMBLER,5,true,true,3,CUT|ASSEMBLE+INSPECT,false
P1|N24|F|UNIFORM|d100|p100|f20|b10,P1,24,F,UNIFORM,100,100,20,10,47,880,149,22,18,1,false,false,"",0,true,1,1,true,C2A0T1I1F3,44,ASSEMBLE+INSPECT,ASSEMBLER,5,true,true,3,CUT|ASSEMBLE+INSPECT,false
P1|N24|F|UNIFORM|d100|p100|f20|b25,P1,24,F,UNIFORM,100,100,20,25,47,1000,149,22,18,3,true,true,"C2A0T1I1F3[800,44,ASSEMBLE+INSPECT] vs C2A0T2I2F1[900,39,ASSEMBLE+INSPECT]",0,false,3,2,true,C2A0T1I1F3,44,ASSEMBLE+INSPECT,ASSEMBLER,5,true,true,3,CUT|ASSEMBLE+INSPECT,true
P1|N24|F|UNIFORM|d100|p100|f20|b50,P1,24,F,UNIFORM,100,100,20,50,47,1200,149,22,18,5,true,true,"C2A0T1I1F3[800,44,ASSEMBLE+INSPECT] vs C2A0T2I2F1[900,39,ASSEMBLE+INSPECT]",0,false,5,4,true,C2A0T1I1F3,44,ASSEMBLE+INSPECT,ASSEMBLER,5,true,true,3,CUT|ASSEMBLE+INSPECT,true
P1|N24|F|UNIFORM|d100|p100|f40|b0,P1,24,F,UNIFORM,100,100,40,0,72,500,149,22,18,1,false,false,"",0,true,0,0,true,C1A1T0I0F3,61,ASSEMBLE+INSPECT,ASSEMBLER,4,true,false,1,CUT,false
P1|N24|F|UNIFORM|d100|p100|f40|b10,P1,24,F,UNIFORM,100,100,40,10,72,550,149,22,18,1,false,false,"",0,true,0,0,true,C1A1T0I0F3,61,ASSEMBLE+INSPECT,ASSEMBLER,4,true,false,1,CUT,false
P1|N24|F|UNIFORM|d100|p100|f40|b25,P1,24,F,UNIFORM,100,100,40,25,72,625,149,22,18,2,true,true,"C1A1T0I0F3[500,61,ASSEMBLE+INSPECT] vs C1A0T1I1F2[600,57,CUT]",0,false,1,1,true,C1A1T0I0F3,61,ASSEMBLE+INSPECT,ASSEMBLER,4,true,false,1,CUT,false
P1|N24|F|UNIFORM|d100|p100|f40|b50,P1,24,F,UNIFORM,100,100,40,50,72,750,149,22,18,3,true,true,"C1A1T0I0F3[500,61,ASSEMBLE+INSPECT] vs C1A0T1I1F2[600,57,CUT]",0,false,2,2,true,C1A1T0I0F3,61,ASSEMBLE+INSPECT,ASSEMBLER,4,true,false,1,CUT,false
P1|N24|F|UNIFORM|d100|p100|f60|b0,P1,24,F,UNIFORM,100,100,60,0,98,400,149,22,18,1,false,false,"",0,true,0,0,true,C1A0T0I0F3,78,ASSEMBLE+INSPECT,ASSEMBLER,17,true,true,2,CUT,false
P1|N24|F|UNIFORM|d100|p100|f60|b10,P1,24,F,UNIFORM,100,100,60,10,98,440,149,22,18,1,false,false,"",0,true,0,0,true,C1A0T0I0F3,78,ASSEMBLE+INSPECT,ASSEMBLER,17,true,true,2,CUT,false
P1|N24|F|UNIFORM|d100|p100|f60|b25,P1,24,F,UNIFORM,100,100,60,25,98,500,149,22,18,2,true,false,"",0,true,0,0,true,C1A0T0I0F3,78,ASSEMBLE+INSPECT,ASSEMBLER,17,true,true,2,CUT,false
P1|N24|F|UNIFORM|d100|p100|f60|b50,P1,24,F,UNIFORM,100,100,60,50,98,600,149,22,18,3,true,true,"C1A0T0I0F3[400,78,ASSEMBLE+INSPECT] vs C1A0T1I1F2[600,57,CUT]",0,false,1,1,true,C1A0T0I0F3,78,ASSEMBLE+INSPECT,ASSEMBLER,17,true,true,2,CUT,true
P1|N24|F|UNIFORM|d100|p100|f80|b0,P1,24,F,UNIFORM,100,100,80,0,123,300,149,22,18,1,false,false,"",0,true,0,0,true,C1A0T0I0F2,112,ASSEMBLE+INSPECT,FLEX_CELL,34,true,true,3,CUT,false
P1|N24|F|UNIFORM|d100|p100|f80|b10,P1,24,F,UNIFORM,100,100,80,10,123,330,149,22,18,1,false,false,"",0,true,0,0,true,C1A0T0I0F2,112,ASSEMBLE+INSPECT,FLEX_CELL,34,true,true,3,CUT,false
P1|N24|F|UNIFORM|d100|p100|f80|b25,P1,24,F,UNIFORM,100,100,80,25,123,375,149,22,18,1,false,false,"",0,true,0,0,true,C1A0T0I0F2,112,ASSEMBLE+INSPECT,FLEX_CELL,34,true,true,3,CUT,false
P1|N24|F|UNIFORM|d100|p100|f80|b50,P1,24,F,UNIFORM,100,100,80,50,123,450,149,22,18,2,true,false,"",0,true,0,0,true,C1A0T0I0F2,112,ASSEMBLE+INSPECT,FLEX_CELL,34,true,true,3,CUT,false
P1|N24|F|UNIFORM|d100|p125|f20|b0,P1,24,F,UNIFORM,100,125,20,0,47,800,149,22,28,1,false,false,"",0,true,1,0,true,C2A0T2I2F0,44,ASSEMBLE|INSPECT,ASSEMBLER,0,false,false,0,,false
P1|N24|F|UNIFORM|d100|p125|f20|b10,P1,24,F,UNIFORM,100,125,20,10,47,880,149,22,28,1,false,false,"",0,true,1,0,true,C2A0T2I2F0,44,ASSEMBLE|INSPECT,ASSEMBLER,0,false,false,0,,false
P1|N24|F|UNIFORM|d100|p125|f20|b25,P1,24,F,UNIFORM,100,125,20,25,47,1000,149,22,28,3,true,true,"C2A0T2I2F1[925,39,ASSEMBLE+INSPECT] vs C2A1T2I3F0[1000,38,ASSEMBLE]",0,false,3,0,true,C2A0T2I2F0,44,ASSEMBLE|INSPECT,ASSEMBLER,0,false,false,0,,false
P1|N24|F|UNIFORM|d100|p125|f20|b50,P1,24,F,UNIFORM,100,125,20,50,47,1200,149,22,28,7,true,true,"C2A0T2I2F0[800,44,ASSEMBLE|INSPECT] vs C2A0T2I1F3[1075,35,ASSEMBLE+INSPECT]",27,false,7,1,true,C2A0T2I2F0,44,ASSEMBLE|INSPECT,ASSEMBLER,0,false,false,0,,false
P1|N24|F|UNIFORM|d100|p125|f40|b0,P1,24,F,UNIFORM,100,125,40,0,72,525,149,22,28,1,false,false,"",0,true,1,0,true,C1A0T1I1F1,63,ASSEMBLE+INSPECT,ASSEMBLER,6,true,false,1,CUT,false
P1|N24|F|UNIFORM|d100|p125|f40|b10,P1,24,F,UNIFORM,100,125,40,10,72,577,149,22,28,2,true,false,"",2,false,1,0,true,C1A0T1I1F1,63,ASSEMBLE+INSPECT,ASSEMBLER,6,true,false,1,CUT,false
P1|N24|F|UNIFORM|d100|p125|f40|b25,P1,24,F,UNIFORM,100,125,40,25,72,656,149,22,28,3,true,true,"C1A0T1I1F1[525,63,ASSEMBLE+INSPECT] vs C1A1T1I2F0[600,57,CUT|ASSEMBLE]",2,false,2,0,true,C1A0T1I1F1,63,ASSEMBLE+INSPECT,ASSEMBLER,6,true,false,1,CUT,false
P1|N24|F|UNIFORM|d100|p125|f40|b50,P1,24,F,UNIFORM,100,125,40,50,72,787,149,22,28,6,true,true,"C1A0T1I1F1[525,63,ASSEMBLE+INSPECT] vs C1A1T1I2F0[600,57,CUT|ASSEMBLE]",10,false,5,0,true,C1A0T1I1F1,63,ASSEMBLE+INSPECT,ASSEMBLER,6,true,false,1,CUT,false
P1|N24|F|UNIFORM|d100|p125|f60|b0,P1,24,F,UNIFORM,100,125,60,0,98,400,149,22,28,1,false,false,"",0,true,1,0,true,C1A0T1I1F0,80,ASSEMBLE|INSPECT,INSPECTOR,1,false,false,0,,false
P1|N24|F|UNIFORM|d100|p125|f60|b10,P1,24,F,UNIFORM,100,125,60,10,98,440,149,22,28,1,false,false,"",0,true,1,0,true,C1A0T1I1F0,80,ASSEMBLE|INSPECT,INSPECTOR,1,false,false,0,,false
P1|N24|F|UNIFORM|d100|p125|f60|b25,P1,24,F,UNIFORM,100,125,60,25,98,500,149,22,28,3,true,false,"",5,false,1,0,true,C1A0T1I1F0,80,ASSEMBLE|INSPECT,INSPECTOR,1,false,false,0,,false
P1|N24|F|UNIFORM|d100|p125|f60|b50,P1,24,F,UNIFORM,100,125,60,50,98,600,149,22,28,6,true,true,"C1A0T1I1F0[400,80,ASSEMBLE|INSPECT] vs C1A1T0I0F3[575,61,ASSEMBLE+INSPECT]",7,false,3,0,true,C1A0T1I1F0,80,ASSEMBLE|INSPECT,INSPECTOR,1,false,false,0,,false
P1|N24|F|UNIFORM|d100|p125|f80|b0,P1,24,F,UNIFORM,100,125,80,0,123,325,149,22,28,1,false,false,"",0,true,0,0,true,C1A1T0I0F1,116,ASSEMBLE+INSPECT,FLEX_CELL,37,true,true,3,CUT,false
P1|N24|F|UNIFORM|d100|p125|f80|b10,P1,24,F,UNIFORM,100,125,80,10,123,357,149,22,28,2,true,false,"",1,false,0,0,true,C1A1T0I0F1,116,ASSEMBLE+INSPECT,FLEX_CELL,37,true,true,3,CUT,false
P1|N24|F|UNIFORM|d100|p125|f80|b25,P1,24,F,UNIFORM,100,125,80,25,123,406,149,22,28,3,true,true,"C1A1T0I0F1[325,116,ASSEMBLE+INSPECT] vs C1A0T1I1F0[400,80,ASSEMBLE|INSPECT]",1,false,1,0,true,C1A1T0I0F1,116,ASSEMBLE+INSPECT,FLEX_CELL,37,true,true,3,CUT,true
P1|N24|F|UNIFORM|d100|p125|f80|b50,P1,24,F,UNIFORM,100,125,80,50,123,487,149,22,28,5,true,true,"C1A1T0I0F1[325,116,ASSEMBLE+INSPECT] vs C1A0T1I1F0[400,80,ASSEMBLE|INSPECT]",6,false,1,0,true,C1A1T0I0F1,116,ASSEMBLE+INSPECT,FLEX_CELL,37,true,true,3,CUT,true
P1|N24|F|UNIFORM|d100|p150|f20|b0,P1,24,F,UNIFORM,100,150,20,0,47,800,149,22,22,1,false,false,"",0,true,1,0,true,C2A0T2I2F0,44,ASSEMBLE|INSPECT,ASSEMBLER,0,false,false,0,,false
P1|N24|F|UNIFORM|d100|p150|f20|b10,P1,24,F,UNIFORM,100,150,20,10,47,880,149,22,22,1,false,false,"",0,true,1,0,true,C2A0T2I2F0,44,ASSEMBLE|INSPECT,ASSEMBLER,0,false,false,0,,false
P1|N24|F|UNIFORM|d100|p150|f20|b25,P1,24,F,UNIFORM,100,150,20,25,47,1000,149,22,22,3,true,true,"C2A0T2I2F1[950,39,ASSEMBLE+INSPECT] vs C2A1T2I3F0[1000,38,ASSEMBLE]",0,false,3,0,true,C2A0T2I2F0,44,ASSEMBLE|INSPECT,ASSEMBLER,0,false,false,0,,false
P1|N24|F|UNIFORM|d100|p150|f20|b50,P1,24,F,UNIFORM,100,150,20,50,47,1200,149,22,22,6,true,true,"C2A0T2I2F1[950,39,ASSEMBLE+INSPECT] vs C2A1T2I3F0[1000,38,ASSEMBLE]",9,false,6,1,true,C2A0T2I2F0,44,ASSEMBLE|INSPECT,ASSEMBLER,0,false,false,0,,false
P1|N24|F|UNIFORM|d100|p150|f40|b0,P1,24,F,UNIFORM,100,150,40,0,72,550,149,22,22,1,false,false,"",0,true,1,0,true,C1A0T1I1F1,63,ASSEMBLE+INSPECT,ASSEMBLER,6,true,false,1,CUT,false
P1|N24|F|UNIFORM|d100|p150|f40|b10,P1,24,F,UNIFORM,100,150,40,10,72,605,149,22,22,2,true,true,"C1A0T1I1F1[550,63,ASSEMBLE+INSPECT] vs C1A1T1I2F0[600,57,CUT|ASSEMBLE]",0,false,2,0,true,C1A0T1I1F1,63,ASSEMBLE+INSPECT,ASSEMBLER,6,true,false,1,CUT,false
P1|N24|F|UNIFORM|d100|p150|f40|b25,P1,24,F,UNIFORM,100,150,40,25,72,687,149,22,22,2,true,true,"C1A0T1I1F1[550,63,ASSEMBLE+INSPECT] vs C1A1T1I2F0[600,57,CUT|ASSEMBLE]",0,false,2,0,true,C1A0T1I1F1,63,ASSEMBLE+INSPECT,ASSEMBLER,6,true,false,1,CUT,false
P1|N24|F|UNIFORM|d100|p150|f40|b50,P1,24,F,UNIFORM,100,150,40,50,72,825,149,22,22,5,true,true,"C1A0T1I1F1[550,63,ASSEMBLE+INSPECT] vs C1A1T1I2F0[600,57,CUT|ASSEMBLE]",4,false,5,0,true,C1A0T1I1F1,63,ASSEMBLE+INSPECT,ASSEMBLER,6,true,false,1,CUT,false
P1|N24|F|UNIFORM|d100|p150|f60|b0,P1,24,F,UNIFORM,100,150,60,0,98,400,149,22,22,1,false,false,"",0,true,1,0,true,C1A0T1I1F0,80,ASSEMBLE|INSPECT,INSPECTOR,1,false,false,0,,false
P1|N24|F|UNIFORM|d100|p150|f60|b10,P1,24,F,UNIFORM,100,150,60,10,98,440,149,22,22,1,false,false,"",0,true,1,0,true,C1A0T1I1F0,80,ASSEMBLE|INSPECT,INSPECTOR,1,false,false,0,,false
P1|N24|F|UNIFORM|d100|p150|f60|b25,P1,24,F,UNIFORM,100,150,60,25,98,500,149,22,22,2,true,false,"",2,false,2,1,true,C1A0T1I1F0,80,ASSEMBLE|INSPECT,INSPECTOR,1,false,false,0,,false
P1|N24|F|UNIFORM|d100|p150|f60|b50,P1,24,F,UNIFORM,100,150,60,50,98,600,149,22,22,4,true,true,"C1A0T1I2F0[500,79,ASSEMBLE] vs C1A0T1I1F1[550,63,ASSEMBLE+INSPECT]",2,false,4,1,true,C1A0T1I1F0,80,ASSEMBLE|INSPECT,INSPECTOR,1,false,false,0,,false
P1|N24|F|UNIFORM|d100|p150|f80|b0,P1,24,F,UNIFORM,100,150,80,0,123,350,149,22,22,1,false,false,"",0,true,0,0,true,C1A1T0I0F1,116,ASSEMBLE+INSPECT,FLEX_CELL,37,true,true,3,CUT,false
P1|N24|F|UNIFORM|d100|p150|f80|b10,P1,24,F,UNIFORM,100,150,80,10,123,385,149,22,22,1,false,false,"",0,true,0,0,true,C1A1T0I0F1,116,ASSEMBLE+INSPECT,FLEX_CELL,37,true,true,3,CUT,false
P1|N24|F|UNIFORM|d100|p150|f80|b25,P1,24,F,UNIFORM,100,150,80,25,123,437,149,22,22,2,true,true,"C1A1T0I0F1[350,116,ASSEMBLE+INSPECT] vs C1A0T1I1F0[400,80,ASSEMBLE|INSPECT]",0,false,1,0,true,C1A1T0I0F1,116,ASSEMBLE+INSPECT,FLEX_CELL,37,true,true,3,CUT,true
P1|N24|F|UNIFORM|d100|p150|f80|b50,P1,24,F,UNIFORM,100,150,80,50,123,525,149,22,22,3,true,true,"C1A1T0I0F1[350,116,ASSEMBLE+INSPECT] vs C1A0T1I1F0[400,80,ASSEMBLE|INSPECT]",2,false,2,1,true,C1A1T0I0F1,116,ASSEMBLE+INSPECT,FLEX_CELL,37,true,true,3,CUT,true
P1|N24|F|UNIFORM|d100|p200|f20|b0,P1,24,F,UNIFORM,100,200,20,0,47,800,149,22,15,1,false,false,"",0,true,1,0,true,C2A0T2I2F0,44,ASSEMBLE|INSPECT,ASSEMBLER,0,false,false,0,,false
P1|N24|F|UNIFORM|d100|p200|f20|b10,P1,24,F,UNIFORM,100,200,20,10,47,880,149,22,15,1,false,false,"",0,true,1,0,true,C2A0T2I2F0,44,ASSEMBLE|INSPECT,ASSEMBLER,0,false,false,0,,false
P1|N24|F|UNIFORM|d100|p200|f20|b25,P1,24,F,UNIFORM,100,200,20,25,47,1000,149,22,15,2,true,false,"",0,true,2,0,true,C2A0T2I2F0,44,ASSEMBLE|INSPECT,ASSEMBLER,0,false,false,0,,false
P1|N24|F|UNIFORM|d100|p200|f20|b50,P1,24,F,UNIFORM,100,200,20,50,47,1200,149,22,15,4,true,false,"",0,true,4,0,true,C2A0T2I2F0,44,ASSEMBLE|INSPECT,ASSEMBLER,0,false,false,0,,false
P1|N24|F|UNIFORM|d100|p200|f40|b0,P1,24,F,UNIFORM,100,200,40,0,72,600,149,22,15,1,false,false,"",0,true,1,0,true,C1A1T1I2F0,57,CUT|ASSEMBLE,CUTTER,1,false,false,0,,false
P1|N24|F|UNIFORM|d100|p200|f40|b10,P1,24,F,UNIFORM,100,200,40,10,72,660,149,22,15,1,false,false,"",0,true,1,0,true,C1A1T1I2F0,57,CUT|ASSEMBLE,CUTTER,1,false,false,0,,false
P1|N24|F|UNIFORM|d100|p200|f40|b25,P1,24,F,UNIFORM,100,200,40,25,72,750,149,22,15,2,true,false,"",0,true,2,0,true,C1A1T1I2F0,57,CUT|ASSEMBLE,CUTTER,1,false,false,0,,false
P1|N24|F|UNIFORM|d100|p200|f40|b50,P1,24,F,UNIFORM,100,200,40,50,72,900,149,22,15,3,true,false,"",0,true,3,0,true,C1A1T1I2F0,57,CUT|ASSEMBLE,CUTTER,1,false,false,0,,false
P1|N24|F|UNIFORM|d100|p200|f60|b0,P1,24,F,UNIFORM,100,200,60,0,98,400,149,22,15,1,false,false,"",0,true,1,0,true,C1A0T1I1F0,80,ASSEMBLE|INSPECT,INSPECTOR,1,false,false,0,,false
P1|N24|F|UNIFORM|d100|p200|f60|b10,P1,24,F,UNIFORM,100,200,60,10,98,440,149,22,15,1,false,false,"",0,true,1,0,true,C1A0T1I1F0,80,ASSEMBLE|INSPECT,INSPECTOR,1,false,false,0,,false
P1|N24|F|UNIFORM|d100|p200|f60|b25,P1,24,F,UNIFORM,100,200,60,25,98,500,149,22,15,2,true,false,"",0,true,2,0,true,C1A0T1I1F0,80,ASSEMBLE|INSPECT,INSPECTOR,1,false,false,0,,false
P1|N24|F|UNIFORM|d100|p200|f60|b50,P1,24,F,UNIFORM,100,200,60,50,98,600,149,22,15,3,true,false,"",0,true,3,0,true,C1A0T1I1F0,80,ASSEMBLE|INSPECT,INSPECTOR,1,false,false,0,,false
P1|N24|F|UNIFORM|d100|p200|f80|b0,P1,24,F,UNIFORM,100,200,80,0,123,400,149,22,15,1,false,false,"",0,true,1,0,true,C1A0T1I1F0,80,ASSEMBLE|INSPECT,INSPECTOR,1,false,false,0,,false
P1|N24|F|UNIFORM|d100|p200|f80|b10,P1,24,F,UNIFORM,100,200,80,10,123,440,149,22,15,1,false,false,"",0,true,1,0,true,C1A0T1I1F0,80,ASSEMBLE|INSPECT,INSPECTOR,1,false,false,0,,false
P1|N24|F|UNIFORM|d100|p200|f80|b25,P1,24,F,UNIFORM,100,200,80,25,123,500,149,22,15,2,true,false,"",0,true,2,0,true,C1A0T1I1F0,80,ASSEMBLE|INSPECT,INSPECTOR,1,false,false,0,,false
P1|N24|F|UNIFORM|d100|p200|f80|b50,P1,24,F,UNIFORM,100,200,80,50,123,600,149,22,15,3,true,false,"",0,true,3,0,true,C1A0T1I1F0,80,ASSEMBLE|INSPECT,INSPECTOR,1,false,false,0,,false
P1|N24|F|WORK|d75|p100|f20|b0,P1,24,F,WORK,75,100,20,0,47,1400,149,22,23,1,false,false,"",0,true,0,0,true,C2A0T2I2F0,44,ASSEMBLE|INSPECT,ASSEMBLER,0,false,false,0,,false
P1|N24|F|WORK|d75|p100|f20|b10,P1,24,F,WORK,75,100,20,10,47,1540,149,22,23,1,false,false,"",0,true,0,0,true,C2A0T2I2F0,44,ASSEMBLE|INSPECT,ASSEMBLER,0,false,false,0,,false
P1|N24|F|WORK|d75|p100|f20|b25,P1,24,F,WORK,75,100,20,25,47,1750,149,22,23,2,true,false,"",0,true,0,0,true,C2A0T2I2F0,44,ASSEMBLE|INSPECT,ASSEMBLER,0,false,false,0,,false
P1|N24|F|WORK|d75|p100|f20|b50,P1,24,F,WORK,75,100,20,50,47,2100,149,22,23,6,true,true,"C2A0T2I2F1[1700,39,ASSEMBLE+INSPECT] vs C2A0T3I3F0[2000,34,CUT|ASSEMBLE|INSPECT]",0,false,0,0,true,C2A0T2I2F0,44,ASSEMBLE|INSPECT,ASSEMBLER,0,false,false,0,,false
P1|N24|F|WORK|d75|p100|f40|b0,P1,24,F,WORK,75,100,40,0,72,1000,149,22,23,1,false,false,"",0,true,0,0,true,C1A0T1I1F1,63,ASSEMBLE+INSPECT,ASSEMBLER,6,true,false,1,CUT,false
P1|N24|F|WORK|d75|p100|f40|b10,P1,24,F,WORK,75,100,40,10,72,1100,149,22,23,2,true,false,"",0,false,0,0,true,C1A0T1I1F1,63,ASSEMBLE+INSPECT,ASSEMBLER,6,true,false,1,CUT,false
P1|N24|F|WORK|d75|p100|f40|b25,P1,24,F,WORK,75,100,40,25,72,1250,149,22,23,4,true,true,"C1A0T1I1F1[1000,63,ASSEMBLE+INSPECT] vs C1A1T1I2F0[1150,57,CUT|ASSEMBLE]",0,false,1,1,true,C1A0T1I1F1,63,ASSEMBLE+INSPECT,ASSEMBLER,6,true,false,1,CUT,false
P1|N24|F|WORK|d75|p100|f40|b50,P1,24,F,WORK,75,100,40,50,72,1500,149,22,23,6,true,true,"C1A0T1I1F1[1000,63,ASSEMBLE+INSPECT] vs C1A1T1I2F0[1150,57,CUT|ASSEMBLE]",0,false,1,1,true,C1A0T1I1F1,63,ASSEMBLE+INSPECT,ASSEMBLER,6,true,false,1,CUT,false
P1|N24|F|WORK|d75|p100|f60|b0,P1,24,F,WORK,75,100,60,0,98,700,149,22,23,1,false,false,"",0,true,0,0,true,C1A0T1I1F0,80,ASSEMBLE|INSPECT,INSPECTOR,1,false,false,0,,false
P1|N24|F|WORK|d75|p100|f60|b10,P1,24,F,WORK,75,100,60,10,98,770,149,22,23,1,false,false,"",0,true,0,0,true,C1A0T1I1F0,80,ASSEMBLE|INSPECT,INSPECTOR,1,false,false,0,,false
P1|N24|F|WORK|d75|p100|f60|b25,P1,24,F,WORK,75,100,60,25,98,875,149,22,23,2,true,false,"",0,true,0,0,true,C1A0T1I1F0,80,ASSEMBLE|INSPECT,INSPECTOR,1,false,false,0,,false
P1|N24|F|WORK|d75|p100|f60|b50,P1,24,F,WORK,75,100,60,50,98,1050,149,22,23,4,true,true,"C1A0T1I2F0[850,79,ASSEMBLE] vs C1A0T1I1F1[1000,63,ASSEMBLE+INSPECT]",0,false,0,0,true,C1A0T1I1F0,80,ASSEMBLE|INSPECT,INSPECTOR,1,false,false,0,,false
P1|N24|F|WORK|d75|p100|f80|b0,P1,24,F,WORK,75,100,80,0,123,700,149,22,23,1,false,false,"",0,true,0,0,true,C1A0T1I1F0,80,ASSEMBLE|INSPECT,INSPECTOR,1,false,false,0,,false
P1|N24|F|WORK|d75|p100|f80|b10,P1,24,F,WORK,75,100,80,10,123,770,149,22,23,1,false,false,"",0,true,0,0,true,C1A0T1I1F0,80,ASSEMBLE|INSPECT,INSPECTOR,1,false,false,0,,false
P1|N24|F|WORK|d75|p100|f80|b25,P1,24,F,WORK,75,100,80,25,123,875,149,22,23,2,true,false,"",0,true,0,0,true,C1A0T1I1F0,80,ASSEMBLE|INSPECT,INSPECTOR,1,false,false,0,,false
P1|N24|F|WORK|d75|p100|f80|b50,P1,24,F,WORK,75,100,80,50,123,1050,149,22,23,4,true,true,"C1A0T1I2F0[850,79,ASSEMBLE] vs C1A0T1I1F1[1000,63,ASSEMBLE+INSPECT]",0,false,0,0,true,C1A0T1I1F0,80,ASSEMBLE|INSPECT,INSPECTOR,1,false,false,0,,false
P1|N24|F|WORK|d75|p125|f20|b0,P1,24,F,WORK,75,125,20,0,47,1400,149,22,23,1,false,false,"",0,true,0,0,true,C2A0T2I2F0,44,ASSEMBLE|INSPECT,ASSEMBLER,0,false,false,0,,false
P1|N24|F|WORK|d75|p125|f20|b10,P1,24,F,WORK,75,125,20,10,47,1540,149,22,23,1,false,false,"",0,true,0,0,true,C2A0T2I2F0,44,ASSEMBLE|INSPECT,ASSEMBLER,0,false,false,0,,false
P1|N24|F|WORK|d75|p125|f20|b25,P1,24,F,WORK,75,125,20,25,47,1750,149,22,23,2,true,false,"",0,true,0,0,true,C2A0T2I2F0,44,ASSEMBLE|INSPECT,ASSEMBLER,0,false,false,0,,false
P1|N24|F|WORK|d75|p125|f20|b50,P1,24,F,WORK,75,125,20,50,47,2100,149,22,23,7,true,true,"C2A0T2I4F0[1700,43,ASSEMBLE] vs C2A0T2I2F1[1775,39,ASSEMBLE+INSPECT]",1,false,0,0,true,C2A0T2I2F0,44,ASSEMBLE|INSPECT,ASSEMBLER,0,false,false,0,,false
P1|N24|F|WORK|d75|p125|f40|b0,P1,24,F,WORK,75,125,40,0,72,1075,149,22,23,1,false,false,"",0,true,0,0,true,C1A0T1I1F1,63,ASSEMBLE+INSPECT,ASSEMBLER,6,true,false,1,CUT,false
P1|N24|F|WORK|d75|p125|f40|b10,P1,24,F,WORK,75,125,40,10,72,1182,149,22,23,2,true,true,"C1A0T1I1F1[1075,63,ASSEMBLE+INSPECT] vs C1A1T1I2F0[1150,57,CUT|ASSEMBLE]",0,false,0,0,true,C1A0T1I1F1,63,ASSEMBLE+INSPECT,ASSEMBLER,6,true,false,1,CUT,false
P1|N24|F|WORK|d75|p125|f40|b25,P1,24,F,WORK,75,125,40,25,72,1343,149,22,23,4,true,true,"C1A0T1I1F1[1075,63,ASSEMBLE+INSPECT] vs C1A1T1I2F0[1150,57,CUT|ASSEMBLE]",1,false,0,0,true,C1A0T1I1F1,63,ASSEMBLE+INSPECT,ASSEMBLER,6,true,false,1,CUT,false
P1|N24|F|WORK|d75|p125|f40|b50,P1,24,F,WORK,75,125,40,50,72,1612,149,22,23,5,true,true,"C1A0T1I1F1[1075,63,ASSEMBLE+INSPECT] vs C1A1T1I2F0[1150,57,CUT|ASSEMBLE]",1,false,0,0,true,C1A0T1I1F1,63,ASSEMBLE+INSPECT,ASSEMBLER,6,true,false,1,CUT,false
P1|N24|F|WORK|d75|p125|f60|b0,P1,24,F,WORK,75,125,60,0,98,700,149,22,23,1,false,false,"",0,true,0,0,true,C1A0T1I1F0,80,ASSEMBLE|INSPECT,INSPECTOR,1,false,false,0,,false
P1|N24|F|WORK|d75|p125|f60|b10,P1,24,F,WORK,75,125,60,10,98,770,149,22,23,1,false,false,"",0,true,0,0,true,C1A0T1I1F0,80,ASSEMBLE|INSPECT,INSPECTOR,1,false,false,0,,false
P1|N24|F|WORK|d75|p125|f60|b25,P1,24,F,WORK,75,125,60,25,98,875,149,22,23,2,true,false,"",0,true,0,0,true,C1A0T1I1F0,80,ASSEMBLE|INSPECT,INSPECTOR,1,false,false,0,,false
P1|N24|F|WORK|d75|p125|f60|b50,P1,24,F,WORK,75,125,60,50,98,1050,149,22,23,3,true,false,"",0,false,0,0,true,C1A0T1I1F0,80,ASSEMBLE|INSPECT,INSPECTOR,1,false,false,0,,false
P1|N24|F|WORK|d75|p125|f80|b0,P1,24,F,WORK,75,125,80,0,123,700,149,22,23,1,false,false,"",0,true,0,0,true,C1A0T1I1F0,80,ASSEMBLE|INSPECT,INSPECTOR,1,false,false,0,,false
P1|N24|F|WORK|d75|p125|f80|b10,P1,24,F,WORK,75,125,80,10,123,770,149,22,23,1,false,false,"",0,true,0,0,true,C1A0T1I1F0,80,ASSEMBLE|INSPECT,INSPECTOR,1,false,false,0,,false
P1|N24|F|WORK|d75|p125|f80|b25,P1,24,F,WORK,75,125,80,25,123,875,149,22,23,2,true,false,"",0,true,0,0,true,C1A0T1I1F0,80,ASSEMBLE|INSPECT,INSPECTOR,1,false,false,0,,false
P1|N24|F|WORK|d75|p125|f80|b50,P1,24,F,WORK,75,125,80,50,123,1050,149,22,23,3,true,false,"",0,false,0,0,true,C1A0T1I1F0,80,ASSEMBLE|INSPECT,INSPECTOR,1,false,false,0,,false
P1|N24|F|WORK|d75|p150|f20|b0,P1,24,F,WORK,75,150,20,0,47,1400,149,22,17,1,false,false,"",0,true,0,0,true,C2A0T2I2F0,44,ASSEMBLE|INSPECT,ASSEMBLER,0,false,false,0,,false
P1|N24|F|WORK|d75|p150|f20|b10,P1,24,F,WORK,75,150,20,10,47,1540,149,22,17,1,false,false,"",0,true,0,0,true,C2A0T2I2F0,44,ASSEMBLE|INSPECT,ASSEMBLER,0,false,false,0,,false
P1|N24|F|WORK|d75|p150|f20|b25,P1,24,F,WORK,75,150,20,25,47,1750,149,22,17,2,true,false,"",0,true,0,0,true,C2A0T2I2F0,44,ASSEMBLE|INSPECT,ASSEMBLER,0,false,false,0,,false
P1|N24|F|WORK|d75|p150|f20|b50,P1,24,F,WORK,75,150,20,50,47,2100,149,22,17,5,true,true,"C2A0T2I4F0[1700,43,ASSEMBLE] vs C2A1T2I3F0[1850,38,ASSEMBLE]",0,false,0,0,true,C2A0T2I2F0,44,ASSEMBLE|INSPECT,ASSEMBLER,0,false,false,0,,false
P1|N24|F|WORK|d75|p150|f40|b0,P1,24,F,WORK,75,150,40,0,72,1150,149,22,17,1,false,false,"",0,true,0,0,true,C1A1T1I2F0,57,CUT|ASSEMBLE,CUTTER,1,false,false,0,,false
P1|N24|F|WORK|d75|p150|f40|b10,P1,24,F,WORK,75,150,40,10,72,1265,149,22,17,2,true,false,"",0,true,0,0,true,C1A1T1I2F0,57,CUT|ASSEMBLE,CUTTER,1,false,false,0,,false
P1|N24|F|WORK|d75|p150|f40|b25,P1,24,F,WORK,75,150,40,25,72,1437,149,22,17,3,true,false,"",0,true,0,0,true,C1A1T1I2F0,57,CUT|ASSEMBLE,CUTTER,1,false,false,0,,false
P1|N24|F|WORK|d75|p150|f40|b50,P1,24,F,WORK,75,150,40,50,72,1725,149,22,17,4,true,false,"",0,true,0,0,true,C1A1T1I2F0,57,CUT|ASSEMBLE,CUTTER,1,false,false,0,,false
P1|N24|F|WORK|d75|p150|f60|b0,P1,24,F,WORK,75,150,60,0,98,700,149,22,17,1,false,false,"",0,true,0,0,true,C1A0T1I1F0,80,ASSEMBLE|INSPECT,INSPECTOR,1,false,false,0,,false
P1|N24|F|WORK|d75|p150|f60|b10,P1,24,F,WORK,75,150,60,10,98,770,149,22,17,1,false,false,"",0,true,0,0,true,C1A0T1I1F0,80,ASSEMBLE|INSPECT,INSPECTOR,1,false,false,0,,false
P1|N24|F|WORK|d75|p150|f60|b25,P1,24,F,WORK,75,150,60,25,98,875,149,22,17,2,true,false,"",0,true,0,0,true,C1A0T1I1F0,80,ASSEMBLE|INSPECT,INSPECTOR,1,false,false,0,,false
P1|N24|F|WORK|d75|p150|f60|b50,P1,24,F,WORK,75,150,60,50,98,1050,149,22,17,3,true,false,"",0,false,0,0,true,C1A0T1I1F0,80,ASSEMBLE|INSPECT,INSPECTOR,1,false,false,0,,false
P1|N24|F|WORK|d75|p150|f80|b0,P1,24,F,WORK,75,150,80,0,123,700,149,22,17,1,false,false,"",0,true,0,0,true,C1A0T1I1F0,80,ASSEMBLE|INSPECT,INSPECTOR,1,false,false,0,,false
P1|N24|F|WORK|d75|p150|f80|b10,P1,24,F,WORK,75,150,80,10,123,770,149,22,17,1,false,false,"",0,true,0,0,true,C1A0T1I1F0,80,ASSEMBLE|INSPECT,INSPECTOR,1,false,false,0,,false
P1|N24|F|WORK|d75|p150|f80|b25,P1,24,F,WORK,75,150,80,25,123,875,149,22,17,2,true,false,"",0,true,0,0,true,C1A0T1I1F0,80,ASSEMBLE|INSPECT,INSPECTOR,1,false,false,0,,false
P1|N24|F|WORK|d75|p150|f80|b50,P1,24,F,WORK,75,150,80,50,123,1050,149,22,17,3,true,false,"",0,false,0,0,true,C1A0T1I1F0,80,ASSEMBLE|INSPECT,INSPECTOR,1,false,false,0,,false
P1|N24|F|WORK|d75|p200|f20|b0,P1,24,F,WORK,75,200,20,0,47,1400,149,22,17,1,false,false,"",0,true,0,0,true,C2A0T2I2F0,44,ASSEMBLE|INSPECT,ASSEMBLER,0,false,false,0,,false
P1|N24|F|WORK|d75|p200|f20|b10,P1,24,F,WORK,75,200,20,10,47,1540,149,22,17,1,false,false,"",0,true,0,0,true,C2A0T2I2F0,44,ASSEMBLE|INSPECT,ASSEMBLER,0,false,false,0,,false
P1|N24|F|WORK|d75|p200|f20|b25,P1,24,F,WORK,75,200,20,25,47,1750,149,22,17,2,true,false,"",0,true,0,0,true,C2A0T2I2F0,44,ASSEMBLE|INSPECT,ASSEMBLER,0,false,false,0,,false
P1|N24|F|WORK|d75|p200|f20|b50,P1,24,F,WORK,75,200,20,50,47,2100,149,22,17,5,true,true,"C2A0T2I4F0[1700,43,ASSEMBLE] vs C2A1T2I3F0[1850,38,ASSEMBLE]",0,false,0,0,true,C2A0T2I2F0,44,ASSEMBLE|INSPECT,ASSEMBLER,0,false,false,0,,false
P1|N24|F|WORK|d75|p200|f40|b0,P1,24,F,WORK,75,200,40,0,72,1150,149,22,17,1,false,false,"",0,true,0,0,true,C1A1T1I2F0,57,CUT|ASSEMBLE,CUTTER,1,false,false,0,,false
P1|N24|F|WORK|d75|p200|f40|b10,P1,24,F,WORK,75,200,40,10,72,1265,149,22,17,2,true,false,"",0,true,0,0,true,C1A1T1I2F0,57,CUT|ASSEMBLE,CUTTER,1,false,false,0,,false
P1|N24|F|WORK|d75|p200|f40|b25,P1,24,F,WORK,75,200,40,25,72,1437,149,22,17,3,true,false,"",0,true,0,0,true,C1A1T1I2F0,57,CUT|ASSEMBLE,CUTTER,1,false,false,0,,false
P1|N24|F|WORK|d75|p200|f40|b50,P1,24,F,WORK,75,200,40,50,72,1725,149,22,17,4,true,false,"",0,true,0,0,true,C1A1T1I2F0,57,CUT|ASSEMBLE,CUTTER,1,false,false,0,,false
P1|N24|F|WORK|d75|p200|f60|b0,P1,24,F,WORK,75,200,60,0,98,700,149,22,17,1,false,false,"",0,true,0,0,true,C1A0T1I1F0,80,ASSEMBLE|INSPECT,INSPECTOR,1,false,false,0,,false
P1|N24|F|WORK|d75|p200|f60|b10,P1,24,F,WORK,75,200,60,10,98,770,149,22,17,1,false,false,"",0,true,0,0,true,C1A0T1I1F0,80,ASSEMBLE|INSPECT,INSPECTOR,1,false,false,0,,false
P1|N24|F|WORK|d75|p200|f60|b25,P1,24,F,WORK,75,200,60,25,98,875,149,22,17,2,true,false,"",0,true,0,0,true,C1A0T1I1F0,80,ASSEMBLE|INSPECT,INSPECTOR,1,false,false,0,,false
P1|N24|F|WORK|d75|p200|f60|b50,P1,24,F,WORK,75,200,60,50,98,1050,149,22,17,3,true,false,"",0,false,0,0,true,C1A0T1I1F0,80,ASSEMBLE|INSPECT,INSPECTOR,1,false,false,0,,false
P1|N24|F|WORK|d75|p200|f80|b0,P1,24,F,WORK,75,200,80,0,123,700,149,22,17,1,false,false,"",0,true,0,0,true,C1A0T1I1F0,80,ASSEMBLE|INSPECT,INSPECTOR,1,false,false,0,,false
P1|N24|F|WORK|d75|p200|f80|b10,P1,24,F,WORK,75,200,80,10,123,770,149,22,17,1,false,false,"",0,true,0,0,true,C1A0T1I1F0,80,ASSEMBLE|INSPECT,INSPECTOR,1,false,false,0,,false
P1|N24|F|WORK|d75|p200|f80|b25,P1,24,F,WORK,75,200,80,25,123,875,149,22,17,2,true,false,"",0,true,0,0,true,C1A0T1I1F0,80,ASSEMBLE|INSPECT,INSPECTOR,1,false,false,0,,false
P1|N24|F|WORK|d75|p200|f80|b50,P1,24,F,WORK,75,200,80,50,123,1050,149,22,17,3,true,false,"",0,false,0,0,true,C1A0T1I1F0,80,ASSEMBLE|INSPECT,INSPECTOR,1,false,false,0,,false
P1|N24|F|WORK|d90|p100|f20|b0,P1,24,F,WORK,90,100,20,0,47,1580,149,22,28,1,false,false,"",0,true,0,0,true,C2A0T2I2F0,44,ASSEMBLE|INSPECT,ASSEMBLER,0,false,false,0,,false
P1|N24|F|WORK|d90|p100|f20|b10,P1,24,F,WORK,90,100,20,10,47,1738,149,22,28,1,false,false,"",0,true,0,0,true,C2A0T2I2F0,44,ASSEMBLE|INSPECT,ASSEMBLER,0,false,false,0,,false
P1|N24|F|WORK|d90|p100|f20|b25,P1,24,F,WORK,90,100,20,25,47,1975,149,22,28,3,true,true,"C2A0T2I2F0[1580,44,ASSEMBLE|INSPECT] vs C2A0T1I3F2[1790,43,ASSEMBLE+INSPECT]",2,false,1,1,true,C2A0T2I2F0,44,ASSEMBLE|INSPECT,ASSEMBLER,0,false,false,0,,false
P1|N24|F|WORK|d90|p100|f20|b50,P1,24,F,WORK,90,100,20,50,47,2370,149,22,28,8,true,true,"C2A0T2I2F0[1580,44,ASSEMBLE|INSPECT] vs C2A0T1I3F2[1790,43,ASSEMBLE+INSPECT]",4,false,1,1,true,C2A0T2I2F0,44,ASSEMBLE|INSPECT,ASSEMBLER,0,false,false,0,,false
P1|N24|F|WORK|d90|p100|f40|b0,P1,24,F,WORK,90,100,40,0,72,1090,149,22,28,1,false,false,"",0,true,0,0,true,C1A0T1I1F1,63,ASSEMBLE+INSPECT,ASSEMBLER,6,true,false,1,CUT,false
P1|N24|F|WORK|d90|p100|f40|b10,P1,24,F,WORK,90,100,40,10,72,1199,149,22,28,2,true,false,"",0,false,0,0,true,C1A0T1I1F1,63,ASSEMBLE+INSPECT,ASSEMBLER,6,true,false,1,CUT,false
P1|N24|F|WORK|d90|p100|f40|b25,P1,24,F,WORK,90,100,40,25,72,1362,149,22,28,4,true,true,"C1A0T1I1F1[1090,63,ASSEMBLE+INSPECT] vs C1A1T1I2F0[1240,57,CUT|ASSEMBLE]",0,false,1,1,true,C1A0T1I1F1,63,ASSEMBLE+INSPECT,ASSEMBLER,6,true,false,1,CUT,false
P1|N24|F|WORK|d90|p100|f40|b50,P1,24,F,WORK,90,100,40,50,72,1635,149,22,28,7,true,true,"C1A0T1I1F1[1090,63,ASSEMBLE+INSPECT] vs C1A1T1I2F0[1240,57,CUT|ASSEMBLE]",2,false,1,1,true,C1A0T1I1F1,63,ASSEMBLE+INSPECT,ASSEMBLER,6,true,false,1,CUT,false
P1|N24|F|WORK|d90|p100|f60|b0,P1,24,F,WORK,90,100,60,0,98,790,149,22,28,1,false,false,"",0,true,0,0,true,C1A0T1I1F0,80,ASSEMBLE|INSPECT,INSPECTOR,1,false,false,0,,false
P1|N24|F|WORK|d90|p100|f60|b10,P1,24,F,WORK,90,100,60,10,98,869,149,22,28,1,false,false,"",0,true,0,0,true,C1A0T1I1F0,80,ASSEMBLE|INSPECT,INSPECTOR,1,false,false,0,,false
P1|N24|F|WORK|d90|p100|f60|b25,P1,24,F,WORK,90,100,60,25,98,987,149,22,28,2,true,false,"",0,true,0,0,true,C1A0T1I1F0,80,ASSEMBLE|INSPECT,INSPECTOR,1,false,false,0,,false
P1|N24|F|WORK|d90|p100|f60|b50,P1,24,F,WORK,90,100,60,50,98,1185,149,22,28,5,true,true,"C1A0T1I2F0[940,79,ASSEMBLE] vs C1A0T0I0F3[1000,78,ASSEMBLE+INSPECT]",1,false,0,0,true,C1A0T1I1F0,80,ASSEMBLE|INSPECT,INSPECTOR,1,false,false,0,,false
P1|N24|F|WORK|d90|p100|f80|b0,P1,24,F,WORK,90,100,80,0,123,700,149,22,28,1,false,false,"",0,true,0,0,true,C1A0T0I0F2,112,ASSEMBLE+INSPECT,FLEX_CELL,34,true,true,3,CUT,false
P1|N24|F|WORK|d90|p100|f80|b10,P1,24,F,WORK,90,100,80,10,123,770,149,22,28,1,false,false,"",0,true,0,0,true,C1A0T0I0F2,112,ASSEMBLE+INSPECT,FLEX_CELL,34,true,true,3,CUT,false
P1|N24|F|WORK|d90|p100|f80|b25,P1,24,F,WORK,90,100,80,25,123,875,149,22,28,2,true,true,"C1A0T0I0F2[700,112,ASSEMBLE+INSPECT] vs C1A0T1I1F0[790,80,ASSEMBLE|INSPECT]",0,false,0,0,true,C1A0T0I0F2,112,ASSEMBLE+INSPECT,FLEX_CELL,34,true,true,3,CUT,true
P1|N24|F|WORK|d90|p100|f80|b50,P1,24,F,WORK,90,100,80,50,123,1050,149,22,28,5,true,true,"C1A0T0I0F2[700,112,ASSEMBLE+INSPECT] vs C1A0T1I1F0[790,80,ASSEMBLE|INSPECT]",1,false,0,0,true,C1A0T0I0F2,112,ASSEMBLE+INSPECT,FLEX_CELL,34,true,true,3,CUT,true
P1|N24|F|WORK|d90|p125|f20|b0,P1,24,F,WORK,90,125,20,0,47,1580,149,22,25,1,false,false,"",0,true,0,0,true,C2A0T2I2F0,44,ASSEMBLE|INSPECT,ASSEMBLER,0,false,false,0,,false
P1|N24|F|WORK|d90|p125|f20|b10,P1,24,F,WORK,90,125,20,10,47,1738,149,22,25,1,false,false,"",0,true,0,0,true,C2A0T2I2F0,44,ASSEMBLE|INSPECT,ASSEMBLER,0,false,false,0,,false
P1|N24|F|WORK|d90|p125|f20|b25,P1,24,F,WORK,90,125,20,25,47,1975,149,22,25,3,true,true,"C2A0T2I2F0[1580,44,ASSEMBLE|INSPECT] vs C2A1T1I3F1[1865,43,ASSEMBLE+INSPECT]",1,false,0,0,true,C2A0T2I2F0,44,ASSEMBLE|INSPECT,ASSEMBLER,0,false,false,0,,false
P1|N24|F|WORK|d90|p125|f20|b50,P1,24,F,WORK,90,125,20,50,47,2370,149,22,25,7,true,true,"C2A0T2I2F0[1580,44,ASSEMBLE|INSPECT] vs C2A1T1I3F1[1865,43,ASSEMBLE+INSPECT]",2,false,0,0,true,C2A0T2I2F0,44,ASSEMBLE|INSPECT,ASSEMBLER,0,false,false,0,,false
P1|N24|F|WORK|d90|p125|f40|b0,P1,24,F,WORK,90,125,40,0,72,1165,149,22,25,1,false,false,"",0,true,0,0,true,C1A0T1I1F1,63,ASSEMBLE+INSPECT,ASSEMBLER,6,true,false,1,CUT,false
P1|N24|F|WORK|d90|p125|f40|b10,P1,24,F,WORK,90,125,40,10,72,1281,149,22,25,2,true,true,"C1A0T1I1F1[1165,63,ASSEMBLE+INSPECT] vs C1A1T1I2F0[1240,57,CUT|ASSEMBLE]",0,false,0,0,true,C1A0T1I1F1,63,ASSEMBLE+INSPECT,ASSEMBLER,6,true,false,1,CUT,false
P1|N24|F|WORK|d90|p125|f40|b25,P1,24,F,WORK,90,125,40,25,72,1456,149,22,25,4,true,true,"C1A0T1I1F1[1165,63,ASSEMBLE+INSPECT] vs C1A1T1I2F0[1240,57,CUT|ASSEMBLE]",1,false,0,0,true,C1A0T1I1F1,63,ASSEMBLE+INSPECT,ASSEMBLER,6,true,false,1,CUT,false
P1|N24|F|WORK|d90|p125|f40|b50,P1,24,F,WORK,90,125,40,50,72,1747,149,22,25,6,true,true,"C1A0T1I1F1[1165,63,ASSEMBLE+INSPECT] vs C1A1T1I2F0[1240,57,CUT|ASSEMBLE]",2,false,0,0,true,C1A0T1I1F1,63,ASSEMBLE+INSPECT,ASSEMBLER,6,true,false,1,CUT,false
P1|N24|F|WORK|d90|p125|f60|b0,P1,24,F,WORK,90,125,60,0,98,790,149,22,25,1,false,false,"",0,true,0,0,true,C1A0T1I1F0,80,ASSEMBLE|INSPECT,INSPECTOR,1,false,false,0,,false
P1|N24|F|WORK|d90|p125|f60|b10,P1,24,F,WORK,90,125,60,10,98,869,149,22,25,1,false,false,"",0,true,0,0,true,C1A0T1I1F0,80,ASSEMBLE|INSPECT,INSPECTOR,1,false,false,0,,false
P1|N24|F|WORK|d90|p125|f60|b25,P1,24,F,WORK,90,125,60,25,98,987,149,22,25,2,true,false,"",0,true,0,0,true,C1A0T1I1F0,80,ASSEMBLE|INSPECT,INSPECTOR,1,false,false,0,,false
P1|N24|F|WORK|d90|p125|f60|b50,P1,24,F,WORK,90,125,60,50,98,1185,149,22,25,4,true,true,"C1A0T1I2F0[940,79,ASSEMBLE] vs C1A0T1I1F1[1165,63,ASSEMBLE+INSPECT]",0,false,0,0,true,C1A0T1I1F0,80,ASSEMBLE|INSPECT,INSPECTOR,1,false,false,0,,false
P1|N24|F|WORK|d90|p125|f80|b0,P1,24,F,WORK,90,125,80,0,123,775,149,22,25,1,false,false,"",0,true,0,0,true,C1A1T0I0F1,116,ASSEMBLE+INSPECT,FLEX_CELL,37,true,true,3,CUT,false
P1|N24|F|WORK|d90|p125|f80|b10,P1,24,F,WORK,90,125,80,10,123,852,149,22,25,2,true,true,"C1A1T0I0F1[775,116,ASSEMBLE+INSPECT] vs C1A0T1I1F0[790,80,ASSEMBLE|INSPECT]",0,false,0,0,true,C1A1T0I0F1,116,ASSEMBLE+INSPECT,FLEX_CELL,37,true,true,3,CUT,true
P1|N24|F|WORK|d90|p125|f80|b25,P1,24,F,WORK,90,125,80,25,123,968,149,22,25,3,true,true,"C1A1T0I0F1[775,116,ASSEMBLE+INSPECT] vs C1A0T1I1F0[790,80,ASSEMBLE|INSPECT]",0,false,0,0,true,C1A1T0I0F1,116,ASSEMBLE+INSPECT,FLEX_CELL,37,true,true,3,CUT,true
P1|N24|F|WORK|d90|p125|f80|b50,P1,24,F,WORK,90,125,80,50,123,1162,149,22,25,4,true,true,"C1A1T0I0F1[775,116,ASSEMBLE+INSPECT] vs C1A0T1I1F0[790,80,ASSEMBLE|INSPECT]",0,false,0,0,true,C1A1T0I0F1,116,ASSEMBLE+INSPECT,FLEX_CELL,37,true,true,3,CUT,true
P1|N24|F|WORK|d90|p150|f20|b0,P1,24,F,WORK,90,150,20,0,47,1580,149,22,19,1,false,false,"",0,true,0,0,true,C2A0T2I2F0,44,ASSEMBLE|INSPECT,ASSEMBLER,0,false,false,0,,false
P1|N24|F|WORK|d90|p150|f20|b10,P1,24,F,WORK,90,150,20,10,47,1738,149,22,19,1,false,false,"",0,true,0,0,true,C2A0T2I2F0,44,ASSEMBLE|INSPECT,ASSEMBLER,0,false,false,0,,false
P1|N24|F|WORK|d90|p150|f20|b25,P1,24,F,WORK,90,150,20,25,47,1975,149,22,19,2,true,false,"",0,true,0,0,true,C2A0T2I2F0,44,ASSEMBLE|INSPECT,ASSEMBLER,0,false,false,0,,false
P1|N24|F|WORK|d90|p150|f20|b50,P1,24,F,WORK,90,150,20,50,47,2370,149,22,19,6,true,true,"C2A0T2I4F0[1880,43,ASSEMBLE] vs C2A1T2I3F0[2030,38,ASSEMBLE]",1,false,1,1,true,C2A0T2I2F0,44,ASSEMBLE|INSPECT,ASSEMBLER,0,false,false,0,,false
P1|N24|F|WORK|d90|p150|f40|b0,P1,24,F,WORK,90,150,40,0,72,1240,149,22,19,1,false,false,"",0,true,0,0,true,C1A1T1I2F0,57,CUT|ASSEMBLE,CUTTER,1,false,false,0,,false
P1|N24|F|WORK|d90|p150|f40|b10,P1,24,F,WORK,90,150,40,10,72,1364,149,22,19,2,true,false,"",0,true,0,0,true,C1A1T1I2F0,57,CUT|ASSEMBLE,CUTTER,1,false,false,0,,false
P1|N24|F|WORK|d90|p150|f40|b25,P1,24,F,WORK,90,150,40,25,72,1550,149,22,19,3,true,true,"C1A1T1I2F0[1240,57,CUT|ASSEMBLE] vs C2A0T1I2F1[1490,55,ASSEMBLE+INSPECT]",1,false,1,1,true,C1A1T1I2F0,57,CUT|ASSEMBLE,CUTTER,1,false,false,0,,false
P1|N24|F|WORK|d90|p150|f40|b50,P1,24,F,WORK,90,150,40,50,72,1860,149,22,19,4,true,true,"C1A1T1I2F0[1240,57,CUT|ASSEMBLE] vs C2A0T1I2F1[1490,55,ASSEMBLE+INSPECT]",1,false,1,1,true,C1A1T1I2F0,57,CUT|ASSEMBLE,CUTTER,1,false,false,0,,false
P1|N24|F|WORK|d90|p150|f60|b0,P1,24,F,WORK,90,150,60,0,98,790,149,22,19,1,false,false,"",0,true,0,0,true,C1A0T1I1F0,80,ASSEMBLE|INSPECT,INSPECTOR,1,false,false,0,,false
P1|N24|F|WORK|d90|p150|f60|b10,P1,24,F,WORK,90,150,60,10,98,869,149,22,19,1,false,false,"",0,true,0,0,true,C1A0T1I1F0,80,ASSEMBLE|INSPECT,INSPECTOR,1,false,false,0,,false
P1|N24|F|WORK|d90|p150|f60|b25,P1,24,F,WORK,90,150,60,25,98,987,149,22,19,2,true,false,"",0,true,0,0,true,C1A0T1I1F0,80,ASSEMBLE|INSPECT,INSPECTOR,1,false,false,0,,false
P1|N24|F|WORK|d90|p150|f60|b50,P1,24,F,WORK,90,150,60,50,98,1185,149,22,19,3,true,false,"",0,false,0,0,true,C1A0T1I1F0,80,ASSEMBLE|INSPECT,INSPECTOR,1,false,false,0,,false
P1|N24|F|WORK|d90|p150|f80|b0,P1,24,F,WORK,90,150,80,0,123,790,149,22,19,1,false,false,"",0,true,0,0,true,C1A0T1I1F0,80,ASSEMBLE|INSPECT,INSPECTOR,1,false,false,0,,false
P1|N24|F|WORK|d90|p150|f80|b10,P1,24,F,WORK,90,150,80,10,123,869,149,22,19,1,false,false,"",0,true,0,0,true,C1A0T1I1F0,80,ASSEMBLE|INSPECT,INSPECTOR,1,false,false,0,,false
P1|N24|F|WORK|d90|p150|f80|b25,P1,24,F,WORK,90,150,80,25,123,987,149,22,19,2,true,false,"",0,true,0,0,true,C1A0T1I1F0,80,ASSEMBLE|INSPECT,INSPECTOR,1,false,false,0,,false
P1|N24|F|WORK|d90|p150|f80|b50,P1,24,F,WORK,90,150,80,50,123,1185,149,22,19,3,true,false,"",0,false,0,0,true,C1A0T1I1F0,80,ASSEMBLE|INSPECT,INSPECTOR,1,false,false,0,,false
P1|N24|F|WORK|d90|p200|f20|b0,P1,24,F,WORK,90,200,20,0,47,1580,149,22,19,1,false,false,"",0,true,0,0,true,C2A0T2I2F0,44,ASSEMBLE|INSPECT,ASSEMBLER,0,false,false,0,,false
P1|N24|F|WORK|d90|p200|f20|b10,P1,24,F,WORK,90,200,20,10,47,1738,149,22,19,1,false,false,"",0,true,0,0,true,C2A0T2I2F0,44,ASSEMBLE|INSPECT,ASSEMBLER,0,false,false,0,,false
P1|N24|F|WORK|d90|p200|f20|b25,P1,24,F,WORK,90,200,20,25,47,1975,149,22,19,2,true,false,"",0,true,0,0,true,C2A0T2I2F0,44,ASSEMBLE|INSPECT,ASSEMBLER,0,false,false,0,,false
P1|N24|F|WORK|d90|p200|f20|b50,P1,24,F,WORK,90,200,20,50,47,2370,149,22,19,6,true,true,"C2A0T2I4F0[1880,43,ASSEMBLE] vs C2A1T2I3F0[2030,38,ASSEMBLE]",0,false,0,0,true,C2A0T2I2F0,44,ASSEMBLE|INSPECT,ASSEMBLER,0,false,false,0,,false
P1|N24|F|WORK|d90|p200|f40|b0,P1,24,F,WORK,90,200,40,0,72,1240,149,22,19,1,false,false,"",0,true,0,0,true,C1A1T1I2F0,57,CUT|ASSEMBLE,CUTTER,1,false,false,0,,false
P1|N24|F|WORK|d90|p200|f40|b10,P1,24,F,WORK,90,200,40,10,72,1364,149,22,19,2,true,false,"",0,true,0,0,true,C1A1T1I2F0,57,CUT|ASSEMBLE,CUTTER,1,false,false,0,,false
P1|N24|F|WORK|d90|p200|f40|b25,P1,24,F,WORK,90,200,40,25,72,1550,149,22,19,3,true,false,"",0,false,0,0,true,C1A1T1I2F0,57,CUT|ASSEMBLE,CUTTER,1,false,false,0,,false
P1|N24|F|WORK|d90|p200|f40|b50,P1,24,F,WORK,90,200,40,50,72,1860,149,22,19,4,true,true,"C2A1T1I3F0[1490,55,ASSEMBLE] vs C2A0T2I2F0[1580,44,ASSEMBLE|INSPECT]",0,false,0,0,true,C1A1T1I2F0,57,CUT|ASSEMBLE,CUTTER,1,false,false,0,,false
P1|N24|F|WORK|d90|p200|f60|b0,P1,24,F,WORK,90,200,60,0,98,790,149,22,19,1,false,false,"",0,true,0,0,true,C1A0T1I1F0,80,ASSEMBLE|INSPECT,INSPECTOR,1,false,false,0,,false
P1|N24|F|WORK|d90|p200|f60|b10,P1,24,F,WORK,90,200,60,10,98,869,149,22,19,1,false,false,"",0,true,0,0,true,C1A0T1I1F0,80,ASSEMBLE|INSPECT,INSPECTOR,1,false,false,0,,false
P1|N24|F|WORK|d90|p200|f60|b25,P1,24,F,WORK,90,200,60,25,98,987,149,22,19,2,true,false,"",0,true,0,0,true,C1A0T1I1F0,80,ASSEMBLE|INSPECT,INSPECTOR,1,false,false,0,,false
P1|N24|F|WORK|d90|p200|f60|b50,P1,24,F,WORK,90,200,60,50,98,1185,149,22,19,3,true,false,"",0,false,0,0,true,C1A0T1I1F0,80,ASSEMBLE|INSPECT,INSPECTOR,1,false,false,0,,false
P1|N24|F|WORK|d90|p200|f80|b0,P1,24,F,WORK,90,200,80,0,123,790,149,22,19,1,false,false,"",0,true,0,0,true,C1A0T1I1F0,80,ASSEMBLE|INSPECT,INSPECTOR,1,false,false,0,,false
P1|N24|F|WORK|d90|p200|f80|b10,P1,24,F,WORK,90,200,80,10,123,869,149,22,19,1,false,false,"",0,true,0,0,true,C1A0T1I1F0,80,ASSEMBLE|INSPECT,INSPECTOR,1,false,false,0,,false
P1|N24|F|WORK|d90|p200|f80|b25,P1,24,F,WORK,90,200,80,25,123,987,149,22,19,2,true,false,"",0,true,0,0,true,C1A0T1I1F0,80,ASSEMBLE|INSPECT,INSPECTOR,1,false,false,0,,false
P1|N24|F|WORK|d90|p200|f80|b50,P1,24,F,WORK,90,200,80,50,123,1185,149,22,19,3,true,false,"",0,false,0,0,true,C1A0T1I1F0,80,ASSEMBLE|INSPECT,INSPECTOR,1,false,false,0,,false
P1|N24|F|WORK|d100|p100|f20|b0,P1,24,F,WORK,100,100,20,0,47,1700,149,22,28,1,false,false,"",0,true,1,0,true,C2A0T2I2F0,44,ASSEMBLE|INSPECT,ASSEMBLER,0,false,false,0,,false
P1|N24|F|WORK|d100|p100|f20|b10,P1,24,F,WORK,100,100,20,10,47,1870,149,22,28,2,true,true,"C2A0T2I2F0[1700,44,ASSEMBLE|INSPECT] vs C2A0T1I3F2[1850,43,ASSEMBLE+INSPECT]",0,false,2,1,true,C2A0T2I2F0,44,ASSEMBLE|INSPECT,ASSEMBLER,0,false,false,0,,false
P1|N24|F|WORK|d100|p100|f20|b25,P1,24,F,WORK,100,100,20,25,47,2125,149,22,28,4,true,true,"C2A0T2I2F0[1700,44,ASSEMBLE|INSPECT] vs C2A0T1I3F2[1850,43,ASSEMBLE+INSPECT]",30,false,4,1,true,C2A0T2I2F0,44,ASSEMBLE|INSPECT,ASSEMBLER,0,false,false,0,,false
P1|N24|F|WORK|d100|p100|f20|b50,P1,24,F,WORK,100,100,20,50,47,2550,149,22,28,8,true,true,"C2A0T2I2F0[1700,44,ASSEMBLE|INSPECT] vs C2A0T1I3F2[1850,43,ASSEMBLE+INSPECT]",30,false,8,1,true,C2A0T2I2F0,44,ASSEMBLE|INSPECT,ASSEMBLER,0,false,false,0,,false
P1|N24|F|WORK|d100|p100|f40|b0,P1,24,F,WORK,100,100,40,0,72,1150,149,22,28,1,false,false,"",0,true,1,0,true,C1A0T1I1F1,63,ASSEMBLE+INSPECT,ASSEMBLER,6,true,false,1,CUT,false
P1|N24|F|WORK|d100|p100|f40|b10,P1,24,F,WORK,100,100,40,10,72,1265,149,22,28,2,true,false,"",0,false,2,0,true,C1A0T1I1F1,63,ASSEMBLE+INSPECT,ASSEMBLER,6,true,false,1,CUT,false
P1|N24|F|WORK|d100|p100|f40|b25,P1,24,F,WORK,100,100,40,25,72,1437,149,22,28,4,true,true,"C1A0T1I1F1[1150,63,ASSEMBLE+INSPECT] vs C1A1T0I2F2[1300,57,CUT]",0,false,4,1,true,C1A0T1I1F1,63,ASSEMBLE+INSPECT,ASSEMBLER,6,true,false,1,CUT,false
P1|N24|F|WORK|d100|p100|f40|b50,P1,24,F,WORK,100,100,40,50,72,1725,149,22,28,7,true,true,"C1A0T1I1F1[1150,63,ASSEMBLE+INSPECT] vs C1A1T0I2F2[1300,57,CUT]",8,false,7,1,true,C1A0T1I1F1,63,ASSEMBLE+INSPECT,ASSEMBLER,6,true,false,1,CUT,false
P1|N24|F|WORK|d100|p100|f60|b0,P1,24,F,WORK,100,100,60,0,98,850,149,22,28,1,false,false,"",0,true,1,0,true,C1A0T1I1F0,80,ASSEMBLE|INSPECT,INSPECTOR,1,false,false,0,,false
P1|N24|F|WORK|d100|p100|f60|b10,P1,24,F,WORK,100,100,60,10,98,935,149,22,28,1,false,false,"",0,true,1,0,true,C1A0T1I1F0,80,ASSEMBLE|INSPECT,INSPECTOR,1,false,false,0,,false
P1|N24|F|WORK|d100|p100|f60|b25,P1,24,F,WORK,100,100,60,25,98,1062,149,22,28,2,true,false,"",2,false,1,0,true,C1A0T1I1F0,80,ASSEMBLE|INSPECT,INSPECTOR,1,false,false,0,,false
P1|N24|F|WORK|d100|p100|f60|b50,P1,24,F,WORK,100,100,60,50,98,1275,149,22,28,5,true,true,"C1A0T0I0F3[1000,78,ASSEMBLE+INSPECT] vs C1A0T1I1F1[1150,63,ASSEMBLE+INSPECT]",4,false,3,0,true,C1A0T1I1F0,80,ASSEMBLE|INSPECT,INSPECTOR,1,false,false,0,,false
P1|N24|F|WORK|d100|p100|f80|b0,P1,24,F,WORK,100,100,80,0,123,700,149,22,28,1,false,false,"",0,true,0,0,true,C1A0T0I0F2,112,ASSEMBLE+INSPECT,FLEX_CELL,34,true,true,3,CUT,false
P1|N24|F|WORK|d100|p100|f80|b10,P1,24,F,WORK,100,100,80,10,123,770,149,22,28,1,false,false,"",0,true,0,0,true,C1A0T0I0F2,112,ASSEMBLE+INSPECT,FLEX_CELL,34,true,true,3,CUT,false
P1|N24|F|WORK|d100|p100|f80|b25,P1,24,F,WORK,100,100,80,25,123,875,149,22,28,3,true,true,"C1A0T0I0F2[700,112,ASSEMBLE+INSPECT] vs C1A0T1I1F0[850,80,ASSEMBLE|INSPECT]",0,false,1,0,true,C1A0T0I0F2,112,ASSEMBLE+INSPECT,FLEX_CELL,34,true,true,3,CUT,true
P1|N24|F|WORK|d100|p100|f80|b50,P1,24,F,WORK,100,100,80,50,123,1050,149,22,28,4,true,true,"C1A0T0I0F2[700,112,ASSEMBLE+INSPECT] vs C1A0T1I1F0[850,80,ASSEMBLE|INSPECT]",2,false,1,0,true,C1A0T0I0F2,112,ASSEMBLE+INSPECT,FLEX_CELL,34,true,true,3,CUT,true
P1|N24|F|WORK|d100|p125|f20|b0,P1,24,F,WORK,100,125,20,0,47,1700,149,22,26,1,false,false,"",0,true,1,0,true,C2A0T2I2F0,44,ASSEMBLE|INSPECT,ASSEMBLER,0,false,false,0,,false
P1|N24|F|WORK|d100|p125|f20|b10,P1,24,F,WORK,100,125,20,10,47,1870,149,22,26,1,false,false,"",0,true,1,0,true,C2A0T2I2F0,44,ASSEMBLE|INSPECT,ASSEMBLER,0,false,false,0,,false
P1|N24|F|WORK|d100|p125|f20|b25,P1,24,F,WORK,100,125,20,25,47,2125,149,22,26,3,true,true,"C2A0T2I2F0[1700,44,ASSEMBLE|INSPECT] vs C2A1T1I3F1[1925,43,ASSEMBLE+INSPECT]",6,false,3,0,true,C2A0T2I2F0,44,ASSEMBLE|INSPECT,ASSEMBLER,0,false,false,0,,false
P1|N24|F|WORK|d100|p125|f20|b50,P1,24,F,WORK,100,125,20,50,47,2550,149,22,26,8,true,true,"C2A0T2I2F0[1700,44,ASSEMBLE|INSPECT] vs C2A1T1I3F1[1925,43,ASSEMBLE+INSPECT]",24,false,8,0,true,C2A0T2I2F0,44,ASSEMBLE|INSPECT,ASSEMBLER,0,false,false,0,,false
P1|N24|F|WORK|d100|p125|f40|b0,P1,24,F,WORK,100,125,40,0,72,1225,149,22,26,1,false,false,"",0,true,1,0,true,C1A0T1I1F1,63,ASSEMBLE+INSPECT,ASSEMBLER,6,true,false,1,CUT,false
P1|N24|F|WORK|d100|p125|f40|b10,P1,24,F,WORK,100,125,40,10,72,1347,149,22,26,2,true,true,"C1A0T1I1F1[1225,63,ASSEMBLE+INSPECT] vs C1A1T1I2F0[1300,57,CUT|ASSEMBLE]",0,false,2,0,true,C1A0T1I1F1,63,ASSEMBLE+INSPECT,ASSEMBLER,6,true,false,1,CUT,false
P1|N24|F|WORK|d100|p125|f40|b25,P1,24,F,WORK,100,125,40,25,72,1531,149,22,26,4,true,true,"C1A0T1I1F1[1225,63,ASSEMBLE+INSPECT] vs C1A1T1I2F0[1300,57,CUT|ASSEMBLE]",4,false,4,0,true,C1A0T1I1F1,63,ASSEMBLE+INSPECT,ASSEMBLER,6,true,false,1,CUT,false
P1|N24|F|WORK|d100|p125|f40|b50,P1,24,F,WORK,100,125,40,50,72,1837,149,22,26,6,true,true,"C1A0T1I1F1[1225,63,ASSEMBLE+INSPECT] vs C1A1T1I2F0[1300,57,CUT|ASSEMBLE]",8,false,6,0,true,C1A0T1I1F1,63,ASSEMBLE+INSPECT,ASSEMBLER,6,true,false,1,CUT,false
P1|N24|F|WORK|d100|p125|f60|b0,P1,24,F,WORK,100,125,60,0,98,850,149,22,26,1,false,false,"",0,true,1,0,true,C1A0T1I1F0,80,ASSEMBLE|INSPECT,INSPECTOR,1,false,false,0,,false
P1|N24|F|WORK|d100|p125|f60|b10,P1,24,F,WORK,100,125,60,10,98,935,149,22,26,1,false,false,"",0,true,1,0,true,C1A0T1I1F0,80,ASSEMBLE|INSPECT,INSPECTOR,1,false,false,0,,false
P1|N24|F|WORK|d100|p125|f60|b25,P1,24,F,WORK,100,125,60,25,98,1062,149,22,26,2,true,false,"",0,true,2,0,true,C1A0T1I1F0,80,ASSEMBLE|INSPECT,INSPECTOR,1,false,false,0,,false
P1|N24|F|WORK|d100|p125|f60|b50,P1,24,F,WORK,100,125,60,50,98,1275,149,22,26,4,true,true,"C1A0T1I2F0[1000,79,ASSEMBLE] vs C1A0T1I1F1[1225,63,ASSEMBLE+INSPECT]",0,false,4,0,true,C1A0T1I1F0,80,ASSEMBLE|INSPECT,INSPECTOR,1,false,false,0,,false
P1|N24|F|WORK|d100|p125|f80|b0,P1,24,F,WORK,100,125,80,0,123,775,149,22,26,1,false,false,"",0,true,0,0,true,C1A1T0I0F1,116,ASSEMBLE+INSPECT,FLEX_CELL,37,true,true,3,CUT,false
P1|N24|F|WORK|d100|p125|f80|b10,P1,24,F,WORK,100,125,80,10,123,852,149,22,26,2,true,true,"C1A1T0I0F1[775,116,ASSEMBLE+INSPECT] vs C1A0T1I1F0[850,80,ASSEMBLE|INSPECT]",0,false,1,0,true,C1A1T0I0F1,116,ASSEMBLE+INSPECT,FLEX_CELL,37,true,true,3,CUT,true
P1|N24|F|WORK|d100|p125|f80|b25,P1,24,F,WORK,100,125,80,25,123,968,149,22,26,2,true,true,"C1A1T0I0F1[775,116,ASSEMBLE+INSPECT] vs C1A0T1I1F0[850,80,ASSEMBLE|INSPECT]",0,false,1,0,true,C1A1T0I0F1,116,ASSEMBLE+INSPECT,FLEX_CELL,37,true,true,3,CUT,true
P1|N24|F|WORK|d100|p125|f80|b50,P1,24,F,WORK,100,125,80,50,123,1162,149,22,26,4,true,true,"C1A1T0I0F1[775,116,ASSEMBLE+INSPECT] vs C1A0T1I1F0[850,80,ASSEMBLE|INSPECT]",0,false,3,0,true,C1A1T0I0F1,116,ASSEMBLE+INSPECT,FLEX_CELL,37,true,true,3,CUT,true
P1|N24|F|WORK|d100|p150|f20|b0,P1,24,F,WORK,100,150,20,0,47,1700,149,22,20,1,false,false,"",0,true,1,0,true,C2A0T2I2F0,44,ASSEMBLE|INSPECT,ASSEMBLER,0,false,false,0,,false
P1|N24|F|WORK|d100|p150|f20|b10,P1,24,F,WORK,100,150,20,10,47,1870,149,22,20,1,false,false,"",0,true,1,0,true,C2A0T2I2F0,44,ASSEMBLE|INSPECT,ASSEMBLER,0,false,false,0,,false
P1|N24|F|WORK|d100|p150|f20|b25,P1,24,F,WORK,100,150,20,25,47,2125,149,22,20,2,true,true,"C2A0T2I2F0[1700,44,ASSEMBLE|INSPECT] vs C2A1T1I3F1[2000,43,ASSEMBLE+INSPECT]",0,false,2,1,true,C2A0T2I2F0,44,ASSEMBLE|INSPECT,ASSEMBLER,0,false,false,0,,false
P1|N24|F|WORK|d100|p150|f20|b50,P1,24,F,WORK,100,150,20,50,47,2550,149,22,20,6,true,true,"C2A0T2I2F0[1700,44,ASSEMBLE|INSPECT] vs C2A1T1I3F1[2000,43,ASSEMBLE+INSPECT]",9,false,6,2,true,C2A0T2I2F0,44,ASSEMBLE|INSPECT,ASSEMBLER,0,false,false,0,,false
P1|N24|F|WORK|d100|p150|f40|b0,P1,24,F,WORK,100,150,40,0,72,1300,149,22,20,1,false,false,"",0,true,1,0,true,C1A1T1I2F0,57,CUT|ASSEMBLE,CUTTER,1,false,false,0,,false
P1|N24|F|WORK|d100|p150|f40|b10,P1,24,F,WORK,100,150,40,10,72,1430,149,22,20,2,true,false,"",0,true,2,0,true,C1A1T1I2F0,57,CUT|ASSEMBLE,CUTTER,1,false,false,0,,false
P1|N24|F|WORK|d100|p150|f40|b25,P1,24,F,WORK,100,150,40,25,72,1625,149,22,20,3,true,true,"C1A1T1I2F0[1300,57,CUT|ASSEMBLE] vs C2A0T1I2F1[1550,55,ASSEMBLE+INSPECT]",4,false,3,1,true,C1A1T1I2F0,57,CUT|ASSEMBLE,CUTTER,1,false,false,0,,false
P1|N24|F|WORK|d100|p150|f40|b50,P1,24,F,WORK,100,150,40,50,72,1950,149,22,20,5,true,true,"C1A1T1I2F0[1300,57,CUT|ASSEMBLE] vs C2A0T1I2F1[1550,55,ASSEMBLE+INSPECT]",12,false,5,2,true,C1A1T1I2F0,57,CUT|ASSEMBLE,CUTTER,1,false,false,0,,false
P1|N24|F|WORK|d100|p150|f60|b0,P1,24,F,WORK,100,150,60,0,98,850,149,22,20,1,false,false,"",0,true,1,0,true,C1A0T1I1F0,80,ASSEMBLE|INSPECT,INSPECTOR,1,false,false,0,,false
P1|N24|F|WORK|d100|p150|f60|b10,P1,24,F,WORK,100,150,60,10,98,935,149,22,20,1,false,false,"",0,true,1,0,true,C1A0T1I1F0,80,ASSEMBLE|INSPECT,INSPECTOR,1,false,false,0,,false
P1|N24|F|WORK|d100|p150|f60|b25,P1,24,F,WORK,100,150,60,25,98,1062,149,22,20,2,true,false,"",0,true,2,0,true,C1A0T1I1F0,80,ASSEMBLE|INSPECT,INSPECTOR,1,false,false,0,,false
P1|N24|F|WORK|d100|p150|f60|b50,P1,24,F,WORK,100,150,60,50,98,1275,149,22,20,3,true,false,"",0,false,3,0,true,C1A0T1I1F0,80,ASSEMBLE|INSPECT,INSPECTOR,1,false,false,0,,false
P1|N24|F|WORK|d100|p150|f80|b0,P1,24,F,WORK,100,150,80,0,123,850,149,22,20,1,false,false,"",0,true,1,0,true,C1A0T1I1F0,80,ASSEMBLE|INSPECT,INSPECTOR,1,false,false,0,,false
P1|N24|F|WORK|d100|p150|f80|b10,P1,24,F,WORK,100,150,80,10,123,935,149,22,20,1,false,false,"",0,true,1,0,true,C1A0T1I1F0,80,ASSEMBLE|INSPECT,INSPECTOR,1,false,false,0,,false
P1|N24|F|WORK|d100|p150|f80|b25,P1,24,F,WORK,100,150,80,25,123,1062,149,22,20,2,true,false,"",0,true,2,0,true,C1A0T1I1F0,80,ASSEMBLE|INSPECT,INSPECTOR,1,false,false,0,,false
P1|N24|F|WORK|d100|p150|f80|b50,P1,24,F,WORK,100,150,80,50,123,1275,149,22,20,3,true,false,"",0,false,3,0,true,C1A0T1I1F0,80,ASSEMBLE|INSPECT,INSPECTOR,1,false,false,0,,false
P1|N24|F|WORK|d100|p200|f20|b0,P1,24,F,WORK,100,200,20,0,47,1700,149,22,20,1,false,false,"",0,true,1,0,true,C2A0T2I2F0,44,ASSEMBLE|INSPECT,ASSEMBLER,0,false,false,0,,false
P1|N24|F|WORK|d100|p200|f20|b10,P1,24,F,WORK,100,200,20,10,47,1870,149,22,20,1,false,false,"",0,true,1,0,true,C2A0T2I2F0,44,ASSEMBLE|INSPECT,ASSEMBLER,0,false,false,0,,false
P1|N24|F|WORK|d100|p200|f20|b25,P1,24,F,WORK,100,200,20,25,47,2125,149,22,20,2,true,false,"",0,true,2,0,true,C2A0T2I2F0,44,ASSEMBLE|INSPECT,ASSEMBLER,0,false,false,0,,false
P1|N24|F|WORK|d100|p200|f20|b50,P1,24,F,WORK,100,200,20,50,47,2550,149,22,20,6,true,true,"C2A0T2I4F0[2000,43,ASSEMBLE] vs C2A1T2I3F0[2150,38,ASSEMBLE]",0,false,6,0,true,C2A0T2I2F0,44,ASSEMBLE|INSPECT,ASSEMBLER,0,false,false,0,,false
P1|N24|F|WORK|d100|p200|f40|b0,P1,24,F,WORK,100,200,40,0,72,1300,149,22,20,1,false,false,"",0,true,1,0,true,C1A1T1I2F0,57,CUT|ASSEMBLE,CUTTER,1,false,false,0,,false
P1|N24|F|WORK|d100|p200|f40|b10,P1,24,F,WORK,100,200,40,10,72,1430,149,22,20,2,true,false,"",0,true,2,0,true,C1A1T1I2F0,57,CUT|ASSEMBLE,CUTTER,1,false,false,0,,false
P1|N24|F|WORK|d100|p200|f40|b25,P1,24,F,WORK,100,200,40,25,72,1625,149,22,20,3,true,false,"",0,false,3,0,true,C1A1T1I2F0,57,CUT|ASSEMBLE,CUTTER,1,false,false,0,,false
P1|N24|F|WORK|d100|p200|f40|b50,P1,24,F,WORK,100,200,40,50,72,1950,149,22,20,5,true,true,"C2A1T1I3F0[1550,55,ASSEMBLE] vs C2A0T2I2F0[1700,44,ASSEMBLE|INSPECT]",0,false,5,0,true,C1A1T1I2F0,57,CUT|ASSEMBLE,CUTTER,1,false,false,0,,false
P1|N24|F|WORK|d100|p200|f60|b0,P1,24,F,WORK,100,200,60,0,98,850,149,22,20,1,false,false,"",0,true,1,0,true,C1A0T1I1F0,80,ASSEMBLE|INSPECT,INSPECTOR,1,false,false,0,,false
P1|N24|F|WORK|d100|p200|f60|b10,P1,24,F,WORK,100,200,60,10,98,935,149,22,20,1,false,false,"",0,true,1,0,true,C1A0T1I1F0,80,ASSEMBLE|INSPECT,INSPECTOR,1,false,false,0,,false
P1|N24|F|WORK|d100|p200|f60|b25,P1,24,F,WORK,100,200,60,25,98,1062,149,22,20,2,true,false,"",0,true,2,0,true,C1A0T1I1F0,80,ASSEMBLE|INSPECT,INSPECTOR,1,false,false,0,,false
P1|N24|F|WORK|d100|p200|f60|b50,P1,24,F,WORK,100,200,60,50,98,1275,149,22,20,3,true,false,"",0,false,3,0,true,C1A0T1I1F0,80,ASSEMBLE|INSPECT,INSPECTOR,1,false,false,0,,false
P1|N24|F|WORK|d100|p200|f80|b0,P1,24,F,WORK,100,200,80,0,123,850,149,22,20,1,false,false,"",0,true,1,0,true,C1A0T1I1F0,80,ASSEMBLE|INSPECT,INSPECTOR,1,false,false,0,,false
P1|N24|F|WORK|d100|p200|f80|b10,P1,24,F,WORK,100,200,80,10,123,935,149,22,20,1,false,false,"",0,true,1,0,true,C1A0T1I1F0,80,ASSEMBLE|INSPECT,INSPECTOR,1,false,false,0,,false
P1|N24|F|WORK|d100|p200|f80|b25,P1,24,F,WORK,100,200,80,25,123,1062,149,22,20,2,true,false,"",0,true,2,0,true,C1A0T1I1F0,80,ASSEMBLE|INSPECT,INSPECTOR,1,false,false,0,,false
P1|N24|F|WORK|d100|p200|f80|b50,P1,24,F,WORK,100,200,80,50,123,1275,149,22,20,3,true,false,"",0,false,3,0,true,C1A0T1I1F0,80,ASSEMBLE|INSPECT,INSPECTOR,1,false,false,0,,false
P2|N6|D|UNIFORM|d75|p0|f20|b0,P2,6,D,UNIFORM,75,0,20,0,21,650,37,17,7,1,false,false,"",0,true,0,0,true,C2A0T1I3F0,21,ASSEMBLE,ASSEMBLER,1,false,false,1,INSPECT,false
P2|N6|D|UNIFORM|d75|p0|f20|b10,P2,6,D,UNIFORM,75,0,20,10,21,715,37,17,7,1,false,false,"",0,true,0,0,true,C2A0T1I3F0,21,ASSEMBLE,ASSEMBLER,1,false,false,1,INSPECT,false
P2|N6|D|UNIFORM|d75|p0|f20|b25,P2,6,D,UNIFORM,75,0,20,25,21,812,37,17,7,2,true,false,"",0,false,1,1,true,C2A0T1I3F0,21,ASSEMBLE,ASSEMBLER,1,false,false,1,INSPECT,false
P2|N6|D|UNIFORM|d75|p0|f20|b50,P2,6,D,UNIFORM,75,0,20,50,21,975,37,17,7,3,true,true,"C2A0T1I4F0[750,20,ASSEMBLE] vs C3A1T1I3F0[850,17,INSPECT]",0,false,1,1,false,C2A0T1I3F0,21,ASSEMBLE,ASSEMBLER,1,false,false,1,INSPECT,false
P2|N6|D|UNIFORM|d75|p0|f40|b0,P2,6,D,UNIFORM,75,0,40,0,25,550,37,17,7,1,false,false,"",0,true,0,0,true,C2A0T1I2F0,22,INSPECT,INSPECTOR,1,false,false,1,ASSEMBLE,false
P2|N6|D|UNIFORM|d75|p0|f40|b10,P2,6,D,UNIFORM,75,0,40,10,25,605,37,17,7,1,false,false,"",0,true,0,0,true,C2A0T1I2F0,22,INSPECT,INSPECTOR,1,false,false,1,ASSEMBLE,false
P2|N6|D|UNIFORM|d75|p0|f40|b25,P2,6,D,UNIFORM,75,0,40,25,25,687,37,17,7,2,true,false,"",0,true,0,0,true,C2A0T1I2F0,22,INSPECT,INSPECTOR,1,false,false,1,ASSEMBLE,false
P2|N6|D|UNIFORM|d75|p0|f40|b50,P2,6,D,UNIFORM,75,0,40,50,25,825,37,17,7,3,true,false,"",0,false,1,1,true,C2A0T1I2F0,22,INSPECT,INSPECTOR,1,false,false,1,ASSEMBLE,false
P2|N6|D|UNIFORM|d75|p0|f60|b0,P2,6,D,UNIFORM,75,0,60,0,29,450,37,17,7,1,false,false,"",0,true,0,0,true,C1A0T1I2F0,27,CUT,CUTTER,5,true,true,1,INSPECT,false
P2|N6|D|UNIFORM|d75|p0|f60|b10,P2,6,D,UNIFORM,75,0,60,10,29,495,37,17,7,1,false,false,"",0,true,0,0,true,C1A0T1I2F0,27,CUT,CUTTER,5,true,true,1,INSPECT,false
P2|N6|D|UNIFORM|d75|p0|f60|b25,P2,6,D,UNIFORM,75,0,60,25,29,562,37,17,7,2,true,false,"",0,true,0,0,true,C1A0T1I2F0,27,CUT,CUTTER,5,true,true,1,INSPECT,false
P2|N6|D|UNIFORM|d75|p0|f60|b50,P2,6,D,UNIFORM,75,0,60,50,29,675,37,17,7,3,true,false,"",0,true,0,0,true,C1A0T1I2F0,27,CUT,CUTTER,5,true,true,1,INSPECT,false
P2|N6|D|UNIFORM|d75|p0|f80|b0,P2,6,D,UNIFORM,75,0,80,0,33,400,37,17,7,1,false,false,"",0,true,0,0,true,C1A1T0I2F0,32,ASSEMBLE,ASSEMBLER,5,true,true,1,CUT,false
P2|N6|D|UNIFORM|d75|p0|f80|b10,P2,6,D,UNIFORM,75,0,80,10,33,440,37,17,7,1,false,false,"",0,true,0,0,true,C1A1T0I2F0,32,ASSEMBLE,ASSEMBLER,5,true,true,1,CUT,false
P2|N6|D|UNIFORM|d75|p0|f80|b25,P2,6,D,UNIFORM,75,0,80,25,33,500,37,17,7,2,true,false,"",0,true,0,0,true,C1A1T0I2F0,32,ASSEMBLE,ASSEMBLER,5,true,true,1,CUT,false
P2|N6|D|UNIFORM|d75|p0|f80|b50,P2,6,D,UNIFORM,75,0,80,50,33,600,37,17,7,3,true,false,"",0,true,0,0,true,C1A1T0I2F0,32,ASSEMBLE,ASSEMBLER,5,true,true,1,CUT,false
P2|N6|D|UNIFORM|d90|p0|f20|b0,P2,6,D,UNIFORM,90,0,20,0,21,680,37,17,7,1,false,false,"",0,true,0,0,true,C2A0T1I3F0,21,ASSEMBLE,ASSEMBLER,1,false,false,1,INSPECT,false
P2|N6|D|UNIFORM|d90|p0|f20|b10,P2,6,D,UNIFORM,90,0,20,10,21,748,37,17,7,1,false,false,"",0,true,0,0,true,C2A0T1I3F0,21,ASSEMBLE,ASSEMBLER,1,false,false,1,INSPECT,false
P2|N6|D|UNIFORM|d90|p0|f20|b25,P2,6,D,UNIFORM,90,0,20,25,21,850,37,17,7,2,true,false,"",0,false,1,1,true,C2A0T1I3F0,21,ASSEMBLE,ASSEMBLER,1,false,false,1,INSPECT,false
P2|N6|D|UNIFORM|d90|p0|f20|b50,P2,6,D,UNIFORM,90,0,20,50,21,1020,37,17,7,3,true,true,"C2A0T1I4F0[780,20,ASSEMBLE] vs C3A1T1I3F0[880,17,INSPECT]",0,false,1,1,false,C2A0T1I3F0,21,ASSEMBLE,ASSEMBLER,1,false,false,1,INSPECT,false
P2|N6|D|UNIFORM|d90|p0|f40|b0,P2,6,D,UNIFORM,90,0,40,0,25,580,37,17,7,1,false,false,"",0,true,0,0,true,C2A0T1I2F0,22,INSPECT,INSPECTOR,1,false,false,1,ASSEMBLE,false
P2|N6|D|UNIFORM|d90|p0|f40|b10,P2,6,D,UNIFORM,90,0,40,10,25,638,37,17,7,1,false,false,"",0,true,0,0,true,C2A0T1I2F0,22,INSPECT,INSPECTOR,1,false,false,1,ASSEMBLE,false
P2|N6|D|UNIFORM|d90|p0|f40|b25,P2,6,D,UNIFORM,90,0,40,25,25,725,37,17,7,2,true,false,"",0,true,0,0,true,C2A0T1I2F0,22,INSPECT,INSPECTOR,1,false,false,1,ASSEMBLE,false
P2|N6|D|UNIFORM|d90|p0|f40|b50,P2,6,D,UNIFORM,90,0,40,50,25,870,37,17,7,3,true,false,"",0,false,1,1,true,C2A0T1I2F0,22,INSPECT,INSPECTOR,1,false,false,1,ASSEMBLE,false
P2|N6|D|UNIFORM|d90|p0|f60|b0,P2,6,D,UNIFORM,90,0,60,0,29,480,37,17,7,1,false,false,"",0,true,0,0,true,C1A0T1I2F0,27,CUT,CUTTER,5,true,true,1,INSPECT,false
P2|N6|D|UNIFORM|d90|p0|f60|b10,P2,6,D,UNIFORM,90,0,60,10,29,528,37,17,7,1,false,false,"",0,true,0,0,true,C1A0T1I2F0,27,CUT,CUTTER,5,true,true,1,INSPECT,false
P2|N6|D|UNIFORM|d90|p0|f60|b25,P2,6,D,UNIFORM,90,0,60,25,29,600,37,17,7,2,true,false,"",0,true,0,0,true,C1A0T1I2F0,27,CUT,CUTTER,5,true,true,1,INSPECT,false
P2|N6|D|UNIFORM|d90|p0|f60|b50,P2,6,D,UNIFORM,90,0,60,50,29,720,37,17,7,3,true,false,"",0,true,0,0,true,C1A0T1I2F0,27,CUT,CUTTER,5,true,true,1,INSPECT,false
P2|N6|D|UNIFORM|d90|p0|f80|b0,P2,6,D,UNIFORM,90,0,80,0,33,400,37,17,7,1,false,false,"",0,true,0,0,true,C1A1T0I2F0,32,ASSEMBLE,ASSEMBLER,5,true,true,1,CUT,false
P2|N6|D|UNIFORM|d90|p0|f80|b10,P2,6,D,UNIFORM,90,0,80,10,33,440,37,17,7,1,false,false,"",0,true,0,0,true,C1A1T0I2F0,32,ASSEMBLE,ASSEMBLER,5,true,true,1,CUT,false
P2|N6|D|UNIFORM|d90|p0|f80|b25,P2,6,D,UNIFORM,90,0,80,25,33,500,37,17,7,2,true,false,"",0,true,0,0,true,C1A1T0I2F0,32,ASSEMBLE,ASSEMBLER,5,true,true,1,CUT,false
P2|N6|D|UNIFORM|d90|p0|f80|b50,P2,6,D,UNIFORM,90,0,80,50,33,600,37,17,7,3,true,false,"",0,true,0,0,true,C1A1T0I2F0,32,ASSEMBLE,ASSEMBLER,5,true,true,1,CUT,false
P2|N6|D|UNIFORM|d100|p0|f20|b0,P2,6,D,UNIFORM,100,0,20,0,21,700,37,17,7,1,false,false,"",0,true,1,0,true,C2A0T1I3F0,21,ASSEMBLE,ASSEMBLER,1,false,false,1,INSPECT,false
P2|N6|D|UNIFORM|d100|p0|f20|b10,P2,6,D,UNIFORM,100,0,20,10,21,770,37,17,7,1,false,false,"",0,true,1,0,true,C2A0T1I3F0,21,ASSEMBLE,ASSEMBLER,1,false,false,1,INSPECT,false
P2|N6|D|UNIFORM|d100|p0|f20|b25,P2,6,D,UNIFORM,100,0,20,25,21,875,37,17,7,2,true,false,"",0,false,2,1,true,C2A0T1I3F0,21,ASSEMBLE,ASSEMBLER,1,false,false,1,INSPECT,false
P2|N6|D|UNIFORM|d100|p0|f20|b50,P2,6,D,UNIFORM,100,0,20,50,21,1050,37,17,7,3,true,true,"C2A0T1I4F0[800,20,ASSEMBLE] vs C3A1T1I3F0[900,17,INSPECT]",0,false,3,1,false,C2A0T1I3F0,21,ASSEMBLE,ASSEMBLER,1,false,false,1,INSPECT,false
P2|N6|D|UNIFORM|d100|p0|f40|b0,P2,6,D,UNIFORM,100,0,40,0,25,600,37,17,7,1,false,false,"",0,true,1,0,true,C2A0T1I2F0,22,INSPECT,INSPECTOR,1,false,false,1,ASSEMBLE,false
P2|N6|D|UNIFORM|d100|p0|f40|b10,P2,6,D,UNIFORM,100,0,40,10,25,660,37,17,7,1,false,false,"",0,true,1,0,true,C2A0T1I2F0,22,INSPECT,INSPECTOR,1,false,false,1,ASSEMBLE,false
P2|N6|D|UNIFORM|d100|p0|f40|b25,P2,6,D,UNIFORM,100,0,40,25,25,750,37,17,7,2,true,false,"",0,true,2,0,true,C2A0T1I2F0,22,INSPECT,INSPECTOR,1,false,false,1,ASSEMBLE,false
P2|N6|D|UNIFORM|d100|p0|f40|b50,P2,6,D,UNIFORM,100,0,40,50,25,900,37,17,7,4,true,true,"C2A0T1I4F0[800,20,ASSEMBLE] vs C3A1T1I3F0[900,17,INSPECT]",0,false,4,1,false,C2A0T1I2F0,22,INSPECT,INSPECTOR,1,false,false,1,ASSEMBLE,false
P2|N6|D|UNIFORM|d100|p0|f60|b0,P2,6,D,UNIFORM,100,0,60,0,29,500,37,17,7,1,false,false,"",0,true,1,0,true,C1A0T1I2F0,27,CUT,CUTTER,5,true,true,1,INSPECT,false
P2|N6|D|UNIFORM|d100|p0|f60|b10,P2,6,D,UNIFORM,100,0,60,10,29,550,37,17,7,1,false,false,"",0,true,1,0,true,C1A0T1I2F0,27,CUT,CUTTER,5,true,true,1,INSPECT,false
P2|N6|D|UNIFORM|d100|p0|f60|b25,P2,6,D,UNIFORM,100,0,60,25,29,625,37,17,7,2,true,false,"",0,true,2,0,true,C1A0T1I2F0,27,CUT,CUTTER,5,true,true,1,INSPECT,false
P2|N6|D|UNIFORM|d100|p0|f60|b50,P2,6,D,UNIFORM,100,0,60,50,29,750,37,17,7,3,true,false,"",0,true,3,0,true,C1A0T1I2F0,27,CUT,CUTTER,5,true,true,1,INSPECT,false
P2|N6|D|UNIFORM|d100|p0|f80|b0,P2,6,D,UNIFORM,100,0,80,0,33,400,37,17,7,1,false,false,"",0,true,0,0,true,C1A1T0I2F0,32,ASSEMBLE,ASSEMBLER,5,true,true,1,CUT,false
P2|N6|D|UNIFORM|d100|p0|f80|b10,P2,6,D,UNIFORM,100,0,80,10,33,440,37,17,7,1,false,false,"",0,true,0,0,true,C1A1T0I2F0,32,ASSEMBLE,ASSEMBLER,5,true,true,1,CUT,false
P2|N6|D|UNIFORM|d100|p0|f80|b25,P2,6,D,UNIFORM,100,0,80,25,33,500,37,17,7,2,true,false,"",0,true,1,0,true,C1A1T0I2F0,32,ASSEMBLE,ASSEMBLER,5,true,true,1,CUT,false
P2|N6|D|UNIFORM|d100|p0|f80|b50,P2,6,D,UNIFORM,100,0,80,50,33,600,37,17,7,3,true,false,"",0,true,2,0,true,C1A1T0I2F0,32,ASSEMBLE,ASSEMBLER,5,true,true,1,CUT,false
P2|N6|D|WORK|d75|p0|f20|b0,P2,6,D,WORK,75,0,20,0,21,1350,37,17,7,1,false,false,"",0,true,0,0,true,C2A0T1I3F0,21,ASSEMBLE,ASSEMBLER,1,false,false,1,INSPECT,false
P2|N6|D|WORK|d75|p0|f20|b10,P2,6,D,WORK,75,0,20,10,21,1485,37,17,7,1,false,false,"",0,true,0,0,true,C2A0T1I3F0,21,ASSEMBLE,ASSEMBLER,1,false,false,1,INSPECT,false
P2|N6|D|WORK|d75|p0|f20|b25,P2,6,D,WORK,75,0,20,25,21,1687,37,17,7,2,true,false,"",0,true,0,0,true,C2A0T1I3F0,21,ASSEMBLE,ASSEMBLER,1,false,false,1,INSPECT,false
P2|N6|D|WORK|d75|p0|f20|b50,P2,6,D,WORK,75,0,20,50,21,2025,37,17,7,3,true,false,"",0,false,0,0,false,C2A0T1I3F0,21,ASSEMBLE,ASSEMBLER,1,false,false,1,INSPECT,false
P2|N6|D|WORK|d75|p0|f40|b0,P2,6,D,WORK,75,0,40,0,25,1100,37,17,7,1,false,false,"",0,true,0,0,true,C2A0T1I2F0,22,INSPECT,INSPECTOR,1,false,false,1,ASSEMBLE,false
P2|N6|D|WORK|d75|p0|f40|b10,P2,6,D,WORK,75,0,40,10,25,1210,37,17,7,1,false,false,"",0,true,0,0,true,C2A0T1I2F0,22,INSPECT,INSPECTOR,1,false,false,1,ASSEMBLE,false
P2|N6|D|WORK|d75|p0|f40|b25,P2,6,D,WORK,75,0,40,25,25,1375,37,17,7,2,true,false,"",0,true,0,0,true,C2A0T1I2F0,22,INSPECT,INSPECTOR,1,false,false,1,ASSEMBLE,false
P2|N6|D|WORK|d75|p0|f40|b50,P2,6,D,WORK,75,0,40,50,25,1650,37,17,7,3,true,false,"",0,true,0,0,true,C2A0T1I2F0,22,INSPECT,INSPECTOR,1,false,false,1,ASSEMBLE,false
P2|N6|D|WORK|d75|p0|f60|b0,P2,6,D,WORK,75,0,60,0,29,950,37,17,7,1,false,false,"",0,true,0,0,true,C1A0T1I2F0,27,CUT,CUTTER,5,true,true,1,INSPECT,false
P2|N6|D|WORK|d75|p0|f60|b10,P2,6,D,WORK,75,0,60,10,29,1045,37,17,7,1,false,false,"",0,true,0,0,true,C1A0T1I2F0,27,CUT,CUTTER,5,true,true,1,INSPECT,false
P2|N6|D|WORK|d75|p0|f60|b25,P2,6,D,WORK,75,0,60,25,29,1187,37,17,7,2,true,false,"",0,true,0,0,true,C1A0T1I2F0,27,CUT,CUTTER,5,true,true,1,INSPECT,false
P2|N6|D|WORK|d75|p0|f60|b50,P2,6,D,WORK,75,0,60,50,29,1425,37,17,7,3,true,false,"",0,true,0,0,true,C1A0T1I2F0,27,CUT,CUTTER,5,true,true,1,INSPECT,false
P2|N6|D|WORK|d75|p0|f80|b0,P2,6,D,WORK,75,0,80,0,33,850,37,17,7,1,false,false,"",0,true,0,0,true,C1A1T0I2F0,32,ASSEMBLE,ASSEMBLER,5,true,true,1,CUT,false
P2|N6|D|WORK|d75|p0|f80|b10,P2,6,D,WORK,75,0,80,10,33,935,37,17,7,1,false,false,"",0,true,0,0,true,C1A1T0I2F0,32,ASSEMBLE,ASSEMBLER,5,true,true,1,CUT,false
P2|N6|D|WORK|d75|p0|f80|b25,P2,6,D,WORK,75,0,80,25,33,1062,37,17,7,2,true,false,"",0,true,0,0,true,C1A1T0I2F0,32,ASSEMBLE,ASSEMBLER,5,true,true,1,CUT,false
P2|N6|D|WORK|d75|p0|f80|b50,P2,6,D,WORK,75,0,80,50,33,1275,37,17,7,3,true,false,"",0,true,0,0,true,C1A1T0I2F0,32,ASSEMBLE,ASSEMBLER,5,true,true,1,CUT,false
P2|N6|D|WORK|d90|p0|f20|b0,P2,6,D,WORK,90,0,20,0,21,1410,37,17,7,1,false,false,"",0,true,0,0,true,C2A0T1I3F0,21,ASSEMBLE,ASSEMBLER,1,false,false,1,INSPECT,false
P2|N6|D|WORK|d90|p0|f20|b10,P2,6,D,WORK,90,0,20,10,21,1551,37,17,7,1,false,false,"",0,true,0,0,true,C2A0T1I3F0,21,ASSEMBLE,ASSEMBLER,1,false,false,1,INSPECT,false
P2|N6|D|WORK|d90|p0|f20|b25,P2,6,D,WORK,90,0,20,25,21,1762,37,17,7,3,true,false,"",0,false,0,0,false,C2A0T1I3F0,21,ASSEMBLE,ASSEMBLER,1,false,false,1,INSPECT,false
P2|N6|D|WORK|d90|p0|f20|b50,P2,6,D,WORK,90,0,20,50,21,2115,37,17,7,3,true,false,"",0,false,0,0,false,C2A0T1I3F0,21,ASSEMBLE,ASSEMBLER,1,false,false,1,INSPECT,false
P2|N6|D|WORK|d90|p0|f40|b0,P2,6,D,WORK,90,0,40,0,25,1160,37,17,7,1,false,false,"",0,true,0,0,true,C2A0T1I2F0,22,INSPECT,INSPECTOR,1,false,false,1,ASSEMBLE,false
P2|N6|D|WORK|d90|p0|f40|b10,P2,6,D,WORK,90,0,40,10,25,1276,37,17,7,1,false,false,"",0,true,0,0,true,C2A0T1I2F0,22,INSPECT,INSPECTOR,1,false,false,1,ASSEMBLE,false
P2|N6|D|WORK|d90|p0|f40|b25,P2,6,D,WORK,90,0,40,25,25,1450,37,17,7,2,true,false,"",0,true,0,0,true,C2A0T1I2F0,22,INSPECT,INSPECTOR,1,false,false,1,ASSEMBLE,false
P2|N6|D|WORK|d90|p0|f40|b50,P2,6,D,WORK,90,0,40,50,25,1740,37,17,7,3,true,false,"",0,true,0,0,true,C2A0T1I2F0,22,INSPECT,INSPECTOR,1,false,false,1,ASSEMBLE,false
P2|N6|D|WORK|d90|p0|f60|b0,P2,6,D,WORK,90,0,60,0,29,1010,37,17,7,1,false,false,"",0,true,0,0,true,C1A0T1I2F0,27,CUT,CUTTER,5,true,true,1,INSPECT,false
P2|N6|D|WORK|d90|p0|f60|b10,P2,6,D,WORK,90,0,60,10,29,1111,37,17,7,1,false,false,"",0,true,0,0,true,C1A0T1I2F0,27,CUT,CUTTER,5,true,true,1,INSPECT,false
P2|N6|D|WORK|d90|p0|f60|b25,P2,6,D,WORK,90,0,60,25,29,1262,37,17,7,2,true,false,"",0,true,0,0,true,C1A0T1I2F0,27,CUT,CUTTER,5,true,true,1,INSPECT,false
P2|N6|D|WORK|d90|p0|f60|b50,P2,6,D,WORK,90,0,60,50,29,1515,37,17,7,3,true,false,"",0,true,0,0,true,C1A0T1I2F0,27,CUT,CUTTER,5,true,true,1,INSPECT,false
P2|N6|D|WORK|d90|p0|f80|b0,P2,6,D,WORK,90,0,80,0,33,850,37,17,7,1,false,false,"",0,true,0,0,true,C1A1T0I2F0,32,ASSEMBLE,ASSEMBLER,5,true,true,1,CUT,false
P2|N6|D|WORK|d90|p0|f80|b10,P2,6,D,WORK,90,0,80,10,33,935,37,17,7,1,false,false,"",0,true,0,0,true,C1A1T0I2F0,32,ASSEMBLE,ASSEMBLER,5,true,true,1,CUT,false
P2|N6|D|WORK|d90|p0|f80|b25,P2,6,D,WORK,90,0,80,25,33,1062,37,17,7,2,true,false,"",0,true,0,0,true,C1A1T0I2F0,32,ASSEMBLE,ASSEMBLER,5,true,true,1,CUT,false
P2|N6|D|WORK|d90|p0|f80|b50,P2,6,D,WORK,90,0,80,50,33,1275,37,17,7,3,true,false,"",0,true,0,0,true,C1A1T0I2F0,32,ASSEMBLE,ASSEMBLER,5,true,true,1,CUT,false
P2|N6|D|WORK|d100|p0|f20|b0,P2,6,D,WORK,100,0,20,0,21,1450,37,17,7,1,false,false,"",0,true,1,0,true,C2A0T1I3F0,21,ASSEMBLE,ASSEMBLER,1,false,false,1,INSPECT,false
P2|N6|D|WORK|d100|p0|f20|b10,P2,6,D,WORK,100,0,20,10,21,1595,37,17,7,1,false,false,"",0,true,1,0,true,C2A0T1I3F0,21,ASSEMBLE,ASSEMBLER,1,false,false,1,INSPECT,false
P2|N6|D|WORK|d100|p0|f20|b25,P2,6,D,WORK,100,0,20,25,21,1812,37,17,7,3,true,false,"",0,false,3,0,false,C2A0T1I3F0,21,ASSEMBLE,ASSEMBLER,1,false,false,1,INSPECT,false
P2|N6|D|WORK|d100|p0|f20|b50,P2,6,D,WORK,100,0,20,50,21,2175,37,17,7,3,true,false,"",0,false,3,0,false,C2A0T1I3F0,21,ASSEMBLE,ASSEMBLER,1,false,false,1,INSPECT,false
P2|N6|D|WORK|d100|p0|f40|b0,P2,6,D,WORK,100,0,40,0,25,1200,37,17,7,1,false,false,"",0,true,1,0,true,C2A0T1I2F0,22,INSPECT,INSPECTOR,1,false,false,1,ASSEMBLE,false
P2|N6|D|WORK|d100|p0|f40|b10,P2,6,D,WORK,100,0,40,10,25,1320,37,17,7,1,false,false,"",0,true,1,0,true,C2A0T1I2F0,22,INSPECT,INSPECTOR,1,false,false,1,ASSEMBLE,false
P2|N6|D|WORK|d100|p0|f40|b25,P2,6,D,WORK,100,0,40,25,25,1500,37,17,7,2,true,false,"",0,true,2,0,true,C2A0T1I2F0,22,INSPECT,INSPECTOR,1,false,false,1,ASSEMBLE,false
P2|N6|D|WORK|d100|p0|f40|b50,P2,6,D,WORK,100,0,40,50,25,1800,37,17,7,4,true,false,"",0,false,4,0,false,C2A0T1I2F0,22,INSPECT,INSPECTOR,1,false,false,1,ASSEMBLE,false
P2|N6|D|WORK|d100|p0|f60|b0,P2,6,D,WORK,100,0,60,0,29,1050,37,17,7,1,false,false,"",0,true,1,0,true,C1A0T1I2F0,27,CUT,CUTTER,5,true,true,1,INSPECT,false
P2|N6|D|WORK|d100|p0|f60|b10,P2,6,D,WORK,100,0,60,10,29,1155,37,17,7,1,false,false,"",0,true,1,0,true,C1A0T1I2F0,27,CUT,CUTTER,5,true,true,1,INSPECT,false
P2|N6|D|WORK|d100|p0|f60|b25,P2,6,D,WORK,100,0,60,25,29,1312,37,17,7,2,true,false,"",0,true,2,0,true,C1A0T1I2F0,27,CUT,CUTTER,5,true,true,1,INSPECT,false
P2|N6|D|WORK|d100|p0|f60|b50,P2,6,D,WORK,100,0,60,50,29,1575,37,17,7,3,true,false,"",0,true,3,0,true,C1A0T1I2F0,27,CUT,CUTTER,5,true,true,1,INSPECT,false
P2|N6|D|WORK|d100|p0|f80|b0,P2,6,D,WORK,100,0,80,0,33,850,37,17,7,1,false,false,"",0,true,0,0,true,C1A1T0I2F0,32,ASSEMBLE,ASSEMBLER,5,true,true,1,CUT,false
P2|N6|D|WORK|d100|p0|f80|b10,P2,6,D,WORK,100,0,80,10,33,935,37,17,7,1,false,false,"",0,true,0,0,true,C1A1T0I2F0,32,ASSEMBLE,ASSEMBLER,5,true,true,1,CUT,false
P2|N6|D|WORK|d100|p0|f80|b25,P2,6,D,WORK,100,0,80,25,33,1062,37,17,7,2,true,false,"",0,true,1,0,true,C1A1T0I2F0,32,ASSEMBLE,ASSEMBLER,5,true,true,1,CUT,false
P2|N6|D|WORK|d100|p0|f80|b50,P2,6,D,WORK,100,0,80,50,33,1275,37,17,7,3,true,false,"",0,true,2,0,true,C1A1T0I2F0,32,ASSEMBLE,ASSEMBLER,5,true,true,1,CUT,false
P2|N6|F|UNIFORM|d75|p100|f20|b0,P2,6,F,UNIFORM,75,100,20,0,19,700,37,15,11,1,false,false,"",0,true,0,0,true,C2A1T0I1F3,19,ASSEMBLE+INSPECT,ASSEMBLER,0,false,false,2,CUT,false
P2|N6|F|UNIFORM|d75|p100|f20|b10,P2,6,F,UNIFORM,75,100,20,10,19,770,37,15,11,1,false,false,"",0,true,0,0,true,C2A1T0I1F3,19,ASSEMBLE+INSPECT,ASSEMBLER,0,false,false,2,CUT,false
P2|N6|F|UNIFORM|d75|p100|f20|b25,P2,6,F,UNIFORM,75,100,20,25,19,875,37,15,11,2,true,false,"",1,false,0,0,true,C2A1T0I1F3,19,ASSEMBLE+INSPECT,ASSEMBLER,0,false,false,2,CUT,false
P2|N6|F|UNIFORM|d75|p100|f20|b50,P2,6,F,UNIFORM,75,100,20,50,19,1050,37,15,11,3,true,true,"C2A1T0I1F3[700,19,ASSEMBLE+INSPECT] vs C3A0T0I3F3[900,16,ASSEMBLE+INSPECT]",1,false,0,0,true,C2A1T0I1F3,19,ASSEMBLE+INSPECT,ASSEMBLER,0,false,false,2,CUT,false
P2|N6|F|UNIFORM|d75|p100|f40|b0,P2,6,F,UNIFORM,75,100,40,0,23,550,37,15,11,1,false,false,"",0,true,1,1,true,C2A0T1I0F2,22,ASSEMBLE+INSPECT,INSPECTOR,2,true,true,2,CUT|ASSEMBLE+INSPECT,false
P2|N6|F|UNIFORM|d75|p100|f40|b10,P2,6,F,UNIFORM,75,100,40,10,23,605,37,15,11,2,true,true,"C2A0T1I2F0[550,22,INSPECT] vs C2A1T0I0F3[600,21,ASSEMBLE+INSPECT]",3,false,2,2,true,C2A0T1I0F2,22,ASSEMBLE+INSPECT,INSPECTOR,2,true,true,2,CUT|ASSEMBLE+INSPECT,true
P2|N6|F|UNIFORM|d75|p100|f40|b25,P2,6,F,UNIFORM,75,100,40,25,23,687,37,15,11,3,true,true,"C2A0T1I2F0[550,22,INSPECT] vs C2A1T0I0F3[600,21,ASSEMBLE+INSPECT]",3,false,3,3,true,C2A0T1I0F2,22,ASSEMBLE+INSPECT,INSPECTOR,2,true,true,2,CUT|ASSEMBLE+INSPECT,true
P2|N6|F|UNIFORM|d75|p100|f40|b50,P2,6,F,UNIFORM,75,100,40,50,23,825,37,15,11,5,true,true,"C2A0T1I2F0[550,22,INSPECT] vs C2A1T0I0F3[600,21,ASSEMBLE+INSPECT]",8,false,3,3,true,C2A0T1I0F2,22,ASSEMBLE+INSPECT,INSPECTOR,2,true,true,2,CUT|ASSEMBLE+INSPECT,true
P2|N6|F|UNIFORM|d75|p100|f60|b0,P2,6,F,UNIFORM,75,100,60,0,28,400,37,15,11,1,false,false,"",0,true,0,0,true,C1A0T0I0F3,27,CUT|ASSEMBLE+INSPECT,CUTTER,3,true,true,0,,false
P2|N6|F|UNIFORM|d75|p100|f60|b10,P2,6,F,UNIFORM,75,100,60,10,28,440,37,15,11,1,false,false,"",0,true,0,0,true,C1A0T0I0F3,27,CUT|ASSEMBLE+INSPECT,CUTTER,3,true,true,0,,false
P2|N6|F|UNIFORM|d75|p100|f60|b25,P2,6,F,UNIFORM,75,100,60,25,28,500,37,15,11,2,true,false,"",0,true,0,0,true,C1A0T0I0F3,27,CUT|ASSEMBLE+INSPECT,CUTTER,3,true,true,0,,false
P2|N6|F|UNIFORM|d75|p100|f60|b50,P2,6,F,UNIFORM,75,100,60,50,28,600,37,15,11,4,true,true,"C1A0T0I0F3[400,27,CUT|ASSEMBLE+INSPECT] vs C2A0T1I0F2[550,22,ASSEMBLE+INSPECT]",3,false,2,2,true,C1A0T0I0F3,27,CUT|ASSEMBLE+INSPECT,CUTTER,3,true,true,0,,false
P2|N6|F|UNIFORM|d75|p100|f80|b0,P2,6,F,UNIFORM,75,100,80,0,32,400,37,15,11,1,false,false,"",0,true,0,0,true,C1A0T0I0F3,27,CUT|ASSEMBLE+INSPECT,CUTTER,3,true,true,0,,false
P2|N6|F|UNIFORM|d75|p100|f80|b10,P2,6,F,UNIFORM,75,100,80,10,32,440,37,15,11,1,false,false,"",0,true,0,0,true,C1A0T0I0F3,27,CUT|ASSEMBLE+INSPECT,CUTTER,3,true,true,0,,false
P2|N6|F|UNIFORM|d75|p100|f80|b25,P2,6,F,UNIFORM,75,100,80,25,32,500,37,15,11,2,true,false,"",0,true,0,0,true,C1A0T0I0F3,27,CUT|ASSEMBLE+INSPECT,CUTTER,3,true,true,0,,false
P2|N6|F|UNIFORM|d75|p100|f80|b50,P2,6,F,UNIFORM,75,100,80,50,32,600,37,15,11,4,true,true,"C1A0T0I0F3[400,27,CUT|ASSEMBLE+INSPECT] vs C2A0T1I0F2[550,22,ASSEMBLE+INSPECT]",3,false,2,2,true,C1A0T0I0F3,27,CUT|ASSEMBLE+INSPECT,CUTTER,3,true,true,0,,false
P2|N6|F|UNIFORM|d75|p125|f20|b0,P2,6,F,UNIFORM,75,125,20,0,19,775,37,15,14,1,false,false,"",0,true,1,1,true,C2A0T1I3F1,19,CUT|ASSEMBLE+INSPECT,CUTTER,2,true,true,0,,false
P2|N6|F|UNIFORM|d75|p125|f20|b10,P2,6,F,UNIFORM,75,125,20,10,19,852,37,15,14,2,true,true,"C2A0T1I3F1[775,19,CUT|ASSEMBLE+INSPECT] vs C3A1T1I3F0[850,17,INSPECT]",2,false,2,2,true,C2A0T1I3F1,19,CUT|ASSEMBLE+INSPECT,CUTTER,2,true,true,0,,false
P2|N6|F|UNIFORM|d75|p125|f20|b25,P2,6,F,UNIFORM,75,125,20,25,19,968,37,15,14,2,true,true,"C2A0T1I3F1[775,19,CUT|ASSEMBLE+INSPECT] vs C3A1T1I3F0[850,17,INSPECT]",2,false,2,2,true,C2A0T1I3F1,19,CUT|ASSEMBLE+INSPECT,CUTTER,2,true,true,0,,false
P2|N6|F|UNIFORM|d75|p125|f20|b50,P2,6,F,UNIFORM,75,125,20,50,19,1162,37,15,14,3,true,true,"C2A0T1I3F1[775,19,CUT|ASSEMBLE+INSPECT] vs C3A1T1I3F0[850,17,INSPECT]",2,false,2,2,true,C2A0T1I3F1,19,CUT|ASSEMBLE+INSPECT,CUTTER,2,true,true,0,,false
P2|N6|F|UNIFORM|d75|p125|f40|b0,P2,6,F,UNIFORM,75,125,40,0,23,550,37,15,14,1,false,false,"",0,true,0,0,true,C2A0T1I2F0,22,INSPECT,INSPECTOR,1,false,false,1,ASSEMBLE,false
P2|N6|F|UNIFORM|d75|p125|f40|b10,P2,6,F,UNIFORM,75,125,40,10,23,605,37,15,14,1,false,false,"",0,true,0,0,true,C2A0T1I2F0,22,INSPECT,INSPECTOR,1,false,false,1,ASSEMBLE,false
P2|N6|F|UNIFORM|d75|p125|f40|b25,P2,6,F,UNIFORM,75,125,40,25,23,687,37,15,14,2,true,true,"C2A0T1I2F0[550,22,INSPECT] vs C2A1T0I1F2[650,21,ASSEMBLE+INSPECT]",0,false,1,1,true,C2A0T1I2F0,22,INSPECT,INSPECTOR,1,false,false,1,ASSEMBLE,false
P2|N6|F|UNIFORM|d75|p125|f40|b50,P2,6,F,UNIFORM,75,125,40,50,23,825,37,15,14,4,true,true,"C2A0T1I2F0[550,22,INSPECT] vs C2A1T0I1F2[650,21,ASSEMBLE+INSPECT]",1,false,2,2,true,C2A0T1I2F0,22,INSPECT,INSPECTOR,1,false,false,1,ASSEMBLE,false
P2|N6|F|UNIFORM|d75|p125|f60|b0,P2,6,F,UNIFORM,75,125,60,0,28,425,37,15,14,1,false,false,"",0,true,0,0,true,C1A1T0I1F1,28,CUT|ASSEMBLE+INSPECT,CUTTER,2,true,true,0,,false
P2|N6|F|UNIFORM|d75|p125|f60|b10,P2,6,F,UNIFORM,75,125,60,10,28,467,37,15,14,2,true,true,"C1A1T0I1F1[425,28,CUT|ASSEMBLE+INSPECT] vs C1A0T1I2F0[450,27,CUT]",0,false,0,0,true,C1A1T0I1F1,28,CUT|ASSEMBLE+INSPECT,CUTTER,2,true,true,0,,false
P2|N6|F|UNIFORM|d75|p125|f60|b25,P2,6,F,UNIFORM,75,125,60,25,28,531,37,15,14,3,true,true,"C1A1T0I1F1[425,28,CUT|ASSEMBLE+INSPECT] vs C1A0T1I2F0[450,27,CUT]",0,false,0,0,true,C1A1T0I1F1,28,CUT|ASSEMBLE+INSPECT,CUTTER,2,true,true,0,,false
P2|N6|F|UNIFORM|d75|p125|f60|b50,P2,6,F,UNIFORM,75,125,60,50,28,637,37,15,14,4,true,true,"C1A1T0I1F1[425,28,CUT|ASSEMBLE+INSPECT] vs C1A0T1I2F0[450,27,CUT]",0,false,0,0,true,C1A1T0I1F1,28,CUT|ASSEMBLE+INSPECT,CUTTER,2,true,true,0,,false
P2|N6|F|UNIFORM|d75|p125|f80|b0,P2,6,F,UNIFORM,75,125,80,0,32,400,37,15,14,1,false,false,"",0,true,0,0,true,C1A1T0I2F0,32,ASSEMBLE,ASSEMBLER,5,true,true,1,CUT,false
P2|N6|F|UNIFORM|d75|p125|f80|b10,P2,6,F,UNIFORM,75,125,80,10,32,440,37,15,14,2,true,true,"C1A1T0I2F0[400,32,ASSEMBLE] vs C1A1T0I1F1[425,28,CUT|ASSEMBLE+INSPECT]",0,false,0,0,true,C1A1T0I2F0,32,ASSEMBLE,ASSEMBLER,5,true,true,1,CUT,true
P2|N6|F|UNIFORM|d75|p125|f80|b25,P2,6,F,UNIFORM,75,125,80,25,32,500,37,15,14,3,true,true,"C1A1T0I2F0[400,32,ASSEMBLE] vs C1A1T0I1F1[425,28,CUT|ASSEMBLE+INSPECT]",0,false,0,0,true,C1A1T0I2F0,32,ASSEMBLE,ASSEMBLER,5,true,true,1,CUT,true
P2|N6|F|UNIFORM|d75|p125|f80|b50,P2,6,F,UNIFORM,75,125,80,50,32,600,37,15,14,5,true,true,"C1A1T0I2F0[400,32,ASSEMBLE] vs C1A1T0I1F1[425,28,CUT|ASSEMBLE+INSPECT]",0,false,0,0,true,C1A1T0I2F0,32,ASSEMBLE,ASSEMBLER,5,true,true,1,CUT,true
P2|N6|F|UNIFORM|d75|p150|f20|b0,P2,6,F,UNIFORM,75,150,20,0,19,800,37,15,11,1,false,false,"",0,true,0,0,true,C2A0T1I3F1,19,CUT|ASSEMBLE+INSPECT,CUTTER,2,true,true,0,,false
P2|N6|F|UNIFORM|d75|p150|f20|b10,P2,6,F,UNIFORM,75,150,20,10,19,880,37,15,11,2,true,true,"C2A0T1I3F1[800,19,CUT|ASSEMBLE+INSPECT] vs C3A1T1I3F0[850,17,INSPECT]",0,false,0,0,true,C2A0T1I3F1,19,CUT|ASSEMBLE+INSPECT,CUTTER,2,true,true,0,,false
P2|N6|F|UNIFORM|d75|p150|f20|b25,P2,6,F,UNIFORM,75,150,20,25,19,1000,37,15,11,2,true,true,"C2A0T1I3F1[800,19,CUT|ASSEMBLE+INSPECT] vs C3A1T1I3F0[850,17,INSPECT]",0,false,0,0,true,C2A0T1I3F1,19,CUT|ASSEMBLE+INSPECT,CUTTER,2,true,true,0,,false
P2|N6|F|UNIFORM|d75|p150|f20|b50,P2,6,F,UNIFORM,75,150,20,50,19,1200,37,15,11,3,true,true,"C2A0T1I3F1[800,19,CUT|ASSEMBLE+INSPECT] vs C3A1T1I3F0[850,17,INSPECT]",0,false,0,0,true,C2A0T1I3F1,19,CUT|ASSEMBLE+INSPECT,CUTTER,2,true,true,0,,false
P2|N6|F|UNIFORM|d75|p150|f40|b0,P2,6,F,UNIFORM,75,150,40,0,23,550,37,15,11,1,false,false,"",0,true,0,0,true,C2A0T1I2F0,22,INSPECT,INSPECTOR,1,false,false,1,ASSEMBLE,false
P2|N6|F|UNIFORM|d75|p150|f40|b10,P2,6,F,UNIFORM,75,150,40,10,23,605,37,15,11,1,false,false,"",0,true,0,0,true,C2A0T1I2F0,22,INSPECT,INSPECTOR,1,false,false,1,ASSEMBLE,false
P2|N6|F|UNIFORM|d75|p150|f40|b25,P2,6,F,UNIFORM,75,150,40,25,23,687,37,15,11,2,true,false,"",0,true,0,0,true,C2A0T1I2F0,22,INSPECT,INSPECTOR,1,false,false,1,ASSEMBLE,false
P2|N6|F|UNIFORM|d75|p150|f40|b50,P2,6,F,UNIFORM,75,150,40,50,23,825,37,15,11,4,true,true,"C2A0T1I2F0[550,22,INSPECT] vs C2A0T1I1F2[750,20,ASSEMBLE+INSPECT]",1,false,1,1,true,C2A0T1I2F0,22,INSPECT,INSPECTOR,1,false,false,1,ASSEMBLE,false
P2|N6|F|UNIFORM|d75|p150|f60|b0,P2,6,F,UNIFORM,75,150,60,0,28,450,37,15,11,1,false,false,"",0,true,0,0,true,C1A0T1I2F0,27,CUT,CUTTER,5,true,true,1,INSPECT,false
P2|N6|F|UNIFORM|d75|p150|f60|b10,P2,6,F,UNIFORM,75,150,60,10,28,495,37,15,11,1,false,false,"",0,true,0,0,true,C1A0T1I2F0,27,CUT,CUTTER,5,true,true,1,INSPECT,false
P2|N6|F|UNIFORM|d75|p150|f60|b25,P2,6,F,UNIFORM,75,150,60,25,28,562,37,15,11,2,true,false,"",0,true,0,0,true,C1A0T1I2F0,27,CUT,CUTTER,5,true,true,1,INSPECT,false
P2|N6|F|UNIFORM|d75|p150|f60|b50,P2,6,F,UNIFORM,75,150,60,50,28,675,37,15,11,3,true,false,"",0,true,0,0,true,C1A0T1I2F0,27,CUT,CUTTER,5,true,true,1,INSPECT,false
P2|N6|F|UNIFORM|d75|p150|f80|b0,P2,6,F,UNIFORM,75,150,80,0,32,400,37,15,11,1,false,false,"",0,true,0,0,true,C1A1T0I2F0,32,ASSEMBLE,ASSEMBLER,5,true,true,1,CUT,false
P2|N6|F|UNIFORM|d75|p150|f80|b10,P2,6,F,UNIFORM,75,150,80,10,32,440,37,15,11,1,false,false,"",0,true,0,0,true,C1A1T0I2F0,32,ASSEMBLE,ASSEMBLER,5,true,true,1,CUT,false
P2|N6|F|UNIFORM|d75|p150|f80|b25,P2,6,F,UNIFORM,75,150,80,25,32,500,37,15,11,2,true,false,"",0,true,0,0,true,C1A1T0I2F0,32,ASSEMBLE,ASSEMBLER,5,true,true,1,CUT,false
P2|N6|F|UNIFORM|d75|p150|f80|b50,P2,6,F,UNIFORM,75,150,80,50,32,600,37,15,11,3,true,false,"",0,true,0,0,true,C1A1T0I2F0,32,ASSEMBLE,ASSEMBLER,5,true,true,1,CUT,false
P2|N6|F|UNIFORM|d75|p200|f20|b0,P2,6,F,UNIFORM,75,200,20,0,19,850,37,15,9,1,false,false,"",0,true,0,0,true,C3A1T1I3F0,17,INSPECT,INSPECTOR,0,false,false,3,ASSEMBLE,false
P2|N6|F|UNIFORM|d75|p200|f20|b10,P2,6,F,UNIFORM,75,200,20,10,19,935,37,15,9,1,false,false,"",0,true,0,0,true,C3A1T1I3F0,17,INSPECT,INSPECTOR,0,false,false,3,ASSEMBLE,false
P2|N6|F|UNIFORM|d75|p200|f20|b25,P2,6,F,UNIFORM,75,200,20,25,19,1062,37,15,9,1,false,false,"",0,true,0,0,true,C3A1T1I3F0,17,INSPECT,INSPECTOR,0,false,false,3,ASSEMBLE,false
P2|N6|F|UNIFORM|d75|p200|f20|b50,P2,6,F,UNIFORM,75,200,20,50,19,1275,37,15,9,2,true,true,"C3A1T1I3F0[850,17,INSPECT] vs C3A0T0I3F3[1200,16,ASSEMBLE+INSPECT]",0,false,1,1,true,C3A1T1I3F0,17,INSPECT,INSPECTOR,0,false,false,3,ASSEMBLE,false
P2|N6|F|UNIFORM|d75|p200|f40|b0,P2,6,F,UNIFORM,75,200,40,0,23,550,37,15,9,1,false,false,"",0,true,0,0,true,C2A0T1I2F0,22,INSPECT,INSPECTOR,1,false,false,1,ASSEMBLE,false
P2|N6|F|UNIFORM|d75|p200|f40|b10,P2,6,F,UNIFORM,75,200,40,10,23,605,37,15,9,1,false,false,"",0,true,0,0,true,C2A0T1I2F0,22,INSPECT,INSPECTOR,1,false,false,1,ASSEMBLE,false
P2|N6|F|UNIFORM|d75|p200|f40|b25,P2,6,F,UNIFORM,75,200,40,25,23,687,37,15,9,2,true,false,"",0,true,0,0,true,C2A0T1I2F0,22,INSPECT,INSPECTOR,1,false,false,1,ASSEMBLE,false
P2|N6|F|UNIFORM|d75|p200|f40|b50,P2,6,F,UNIFORM,75,200,40,50,23,825,37,15,9,3,true,false,"",0,false,1,1,true,C2A0T1I2F0,22,INSPECT,INSPECTOR,1,false,false,1,ASSEMBLE,false
P2|N6|F|UNIFORM|d75|p200|f60|b0,P2,6,F,UNIFORM,75,200,60,0,28,450,37,15,9,1,false,false,"",0,true,0,0,true,C1A0T1I2F0,27,CUT,CUTTER,5,true,true,1,INSPECT,false
P2|N6|F|UNIFORM|d75|p200|f60|b10,P2,6,F,UNIFORM,75,200,60,10,28,495,37,15,9,1,false,false,"",0,true,0,0,true,C1A0T1I2F0,27,CUT,CUTTER,5,true,true,1,INSPECT,false
P2|N6|F|UNIFORM|d75|p200|f60|b25,P2,6,F,UNIFORM,75,200,60,25,28,562,37,15,9,2,true,false,"",0,true,0,0,true,C1A0T1I2F0,27,CUT,CUTTER,5,true,true,1,INSPECT,false
P2|N6|F|UNIFORM|d75|p200|f60|b50,P2,6,F,UNIFORM,75,200,60,50,28,675,37,15,9,3,true,false,"",0,true,0,0,true,C1A0T1I2F0,27,CUT,CUTTER,5,true,true,1,INSPECT,false
P2|N6|F|UNIFORM|d75|p200|f80|b0,P2,6,F,UNIFORM,75,200,80,0,32,400,37,15,9,1,false,false,"",0,true,0,0,true,C1A1T0I2F0,32,ASSEMBLE,ASSEMBLER,5,true,true,1,CUT,false
P2|N6|F|UNIFORM|d75|p200|f80|b10,P2,6,F,UNIFORM,75,200,80,10,32,440,37,15,9,1,false,false,"",0,true,0,0,true,C1A1T0I2F0,32,ASSEMBLE,ASSEMBLER,5,true,true,1,CUT,false
P2|N6|F|UNIFORM|d75|p200|f80|b25,P2,6,F,UNIFORM,75,200,80,25,32,500,37,15,9,2,true,false,"",0,true,0,0,true,C1A1T0I2F0,32,ASSEMBLE,ASSEMBLER,5,true,true,1,CUT,false
P2|N6|F|UNIFORM|d75|p200|f80|b50,P2,6,F,UNIFORM,75,200,80,50,32,600,37,15,9,3,true,false,"",0,true,0,0,true,C1A1T0I2F0,32,ASSEMBLE,ASSEMBLER,5,true,true,1,CUT,false
P2|N6|F|UNIFORM|d90|p100|f20|b0,P2,6,F,UNIFORM,90,100,20,0,19,700,37,15,11,1,false,false,"",0,true,0,0,true,C2A1T0I1F3,19,ASSEMBLE+INSPECT,ASSEMBLER,0,false,false,2,CUT,false
P2|N6|F|UNIFORM|d90|p100|f20|b10,P2,6,F,UNIFORM,90,100,20,10,19,770,37,15,11,1,false,false,"",0,true,0,0,true,C2A1T0I1F3,19,ASSEMBLE+INSPECT,ASSEMBLER,0,false,false,2,CUT,false
P2|N6|F|UNIFORM|d90|p100|f20|b25,P2,6,F,UNIFORM,90,100,20,25,19,875,37,15,11,2,true,false,"",1,false,0,0,true,C2A1T0I1F3,19,ASSEMBLE+INSPECT,ASSEMBLER,0,false,false,2,CUT,false
P2|N6|F|UNIFORM|d90|p100|f20|b50,P2,6,F,UNIFORM,90,100,20,50,19,1050,37,15,11,3,true,true,"C2A1T0I1F3[700,19,ASSEMBLE+INSPECT] vs C3A0T0I3F3[900,16,ASSEMBLE+INSPECT]",1,false,0,0,true,C2A1T0I1F3,19,ASSEMBLE+INSPECT,ASSEMBLER,0,false,false,2,CUT,false
P2|N6|F|UNIFORM|d90|p100|f40|b0,P2,6,F,UNIFORM,90,100,40,0,23,580,37,15,11,1,false,false,"",0,true,1,1,true,C2A0T1I0F2,22,ASSEMBLE+INSPECT,INSPECTOR,2,true,true,2,CUT|ASSEMBLE+INSPECT,false
P2|N6|F|UNIFORM|d90|p100|f40|b10,P2,6,F,UNIFORM,90,100,40,10,23,638,37,15,11,2,true,true,"C2A0T1I2F0[580,22,INSPECT] vs C2A1T0I0F3[600,21,ASSEMBLE+INSPECT]",3,false,2,2,true,C2A0T1I0F2,22,ASSEMBLE+INSPECT,INSPECTOR,2,true,true,2,CUT|ASSEMBLE+INSPECT,true
P2|N6|F|UNIFORM|d90|p100|f40|b25,P2,6,F,UNIFORM,90,100,40,25,23,725,37,15,11,4,true,true,"C2A0T1I2F0[580,22,INSPECT] vs C2A1T0I0F3[600,21,ASSEMBLE+INSPECT]",5,false,3,3,true,C2A0T1I0F2,22,ASSEMBLE+INSPECT,INSPECTOR,2,true,true,2,CUT|ASSEMBLE+INSPECT,true
P2|N6|F|UNIFORM|d90|p100|f40|b50,P2,6,F,UNIFORM,90,100,40,50,23,870,37,15,11,5,true,true,"C2A0T1I2F0[580,22,INSPECT] vs C2A1T0I0F3[600,21,ASSEMBLE+INSPECT]",8,false,3,3,true,C2A0T1I0F2,22,ASSEMBLE+INSPECT,INSPECTOR,2,true,true,2,CUT|ASSEMBLE+INSPECT,true
P2|N6|F|UNIFORM|d90|p100|f60|b0,P2,6,F,UNIFORM,90,100,60,0,28,400,37,15,11,1,false,false,"",0,true,0,0,true,C1A0T0I0F3,27,CUT|ASSEMBLE+INSPECT,CUTTER,3,true,true,0,,false
P2|N6|F|UNIFORM|d90|p100|f60|b10,P2,6,F,UNIFORM,90,100,60,10,28,440,37,15,11,1,false,false,"",0,true,0,0,true,C1A0T0I0F3,27,CUT|ASSEMBLE+INSPECT,CUTTER,3,true,true,0,,false
P2|N6|F|UNIFORM|d90|p100|f60|b25,P2,6,F,UNIFORM,90,100,60,25,28,500,37,15,11,2,true,false,"",0,true,0,0,true,C1A0T0I0F3,27,CUT|ASSEMBLE+INSPECT,CUTTER,3,true,true,0,,false
P2|N6|F|UNIFORM|d90|p100|f60|b50,P2,6,F,UNIFORM,90,100,60,50,28,600,37,15,11,4,true,true,"C1A0T0I0F3[400,27,CUT|ASSEMBLE+INSPECT] vs C2A0T1I0F2[580,22,ASSEMBLE+INSPECT]",3,false,2,2,true,C1A0T0I0F3,27,CUT|ASSEMBLE+INSPECT,CUTTER,3,true,true,0,,false
P2|N6|F|UNIFORM|d90|p100|f80|b0,P2,6,F,UNIFORM,90,100,80,0,32,400,37,15,11,1,false,false,"",0,true,0,0,true,C1A0T0I0F3,27,CUT|ASSEMBLE+INSPECT,CUTTER,3,true,true,0,,false
P2|N6|F|UNIFORM|d90|p100|f80|b10,P2,6,F,UNIFORM,90,100,80,10,32,440,37,15,11,1,false,false,"",0,true,0,0,true,C1A0T0I0F3,27,CUT|ASSEMBLE+INSPECT,CUTTER,3,true,true,0,,false
P2|N6|F|UNIFORM|d90|p100|f80|b25,P2,6,F,UNIFORM,90,100,80,25,32,500,37,15,11,2,true,false,"",0,true,0,0,true,C1A0T0I0F3,27,CUT|ASSEMBLE+INSPECT,CUTTER,3,true,true,0,,false
P2|N6|F|UNIFORM|d90|p100|f80|b50,P2,6,F,UNIFORM,90,100,80,50,32,600,37,15,11,4,true,true,"C1A0T0I0F3[400,27,CUT|ASSEMBLE+INSPECT] vs C2A0T1I0F2[580,22,ASSEMBLE+INSPECT]",3,false,2,2,true,C1A0T0I0F3,27,CUT|ASSEMBLE+INSPECT,CUTTER,3,true,true,0,,false
P2|N6|F|UNIFORM|d90|p125|f20|b0,P2,6,F,UNIFORM,90,125,20,0,19,775,37,15,16,1,false,false,"",0,true,0,0,true,C2A1T0I1F3,19,ASSEMBLE+INSPECT,ASSEMBLER,0,false,false,2,CUT,false
P2|N6|F|UNIFORM|d90|p125|f20|b10,P2,6,F,UNIFORM,90,125,20,10,19,852,37,15,16,2,true,false,"",1,false,0,0,true,C2A1T0I1F3,19,ASSEMBLE+INSPECT,ASSEMBLER,0,false,false,2,CUT,false
P2|N6|F|UNIFORM|d90|p125|f20|b25,P2,6,F,UNIFORM,90,125,20,25,19,968,37,15,16,2,true,false,"",1,false,0,0,true,C2A1T0I1F3,19,ASSEMBLE+INSPECT,ASSEMBLER,0,false,false,2,CUT,false
P2|N6|F|UNIFORM|d90|p125|f20|b50,P2,6,F,UNIFORM,90,125,20,50,19,1162,37,15,16,3,true,true,"C2A1T0I1F3[775,19,ASSEMBLE+INSPECT] vs C3A0T0I3F3[975,16,ASSEMBLE+INSPECT]",1,false,0,0,true,C2A1T0I1F3,19,ASSEMBLE+INSPECT,ASSEMBLER,0,false,false,2,CUT,false
P2|N6|F|UNIFORM|d90|p125|f40|b0,P2,6,F,UNIFORM,90,125,40,0,23,580,37,15,16,1,false,false,"",0,true,0,0,true,C2A0T1I2F0,22,INSPECT,INSPECTOR,1,false,false,1,ASSEMBLE,false
P2|N6|F|UNIFORM|d90|p125|f40|b10,P2,6,F,UNIFORM,90,125,40,10,23,638,37,15,16,1,false,false,"",0,true,0,0,true,C2A0T1I2F0,22,INSPECT,INSPECTOR,1,false,false,1,ASSEMBLE,false
P2|N6|F|UNIFORM|d90|p125|f40|b25,P2,6,F,UNIFORM,90,125,40,25,23,725,37,15,16,3,true,true,"C2A0T1I2F0[580,22,INSPECT] vs C2A1T0I1F2[650,21,ASSEMBLE+INSPECT]",0,false,0,0,true,C2A0T1I2F0,22,INSPECT,INSPECTOR,1,false,false,1,ASSEMBLE,false
P2|N6|F|UNIFORM|d90|p125|f40|b50,P2,6,F,UNIFORM,90,125,40,50,23,870,37,15,16,5,true,true,"C2A0T1I2F0[580,22,INSPECT] vs C2A1T0I1F2[650,21,ASSEMBLE+INSPECT]",3,false,0,0,true,C2A0T1I2F0,22,INSPECT,INSPECTOR,1,false,false,1,ASSEMBLE,false
P2|N6|F|UNIFORM|d90|p125|f60|b0,P2,6,F,UNIFORM,90,125,60,0,28,425,37,15,16,1,false,false,"",0,true,0,0,true,C1A1T0I1F1,28,CUT|ASSEMBLE+INSPECT,CUTTER,2,true,true,0,,false
P2|N6|F|UNIFORM|d90|p125|f60|b10,P2,6,F,UNIFORM,90,125,60,10,28,467,37,15,16,1,false,false,"",0,true,0,0,true,C1A1T0I1F1,28,CUT|ASSEMBLE+INSPECT,CUTTER,2,true,true,0,,false
P2|N6|F|UNIFORM|d90|p125|f60|b25,P2,6,F,UNIFORM,90,125,60,25,28,531,37,15,16,3,true,true,"C1A0T0I0F3[475,27,CUT|ASSEMBLE+INSPECT] vs C2A1T0I1F1[525,26,ASSEMBLE+INSPECT]",1,false,0,0,true,C1A1T0I1F1,28,CUT|ASSEMBLE+INSPECT,CUTTER,2,true,true,0,,false
P2|N6|F|UNIFORM|d90|p125|f60|b50,P2,6,F,UNIFORM,90,125,60,50,28,637,37,15,16,6,true,true,"C1A1T0I1F1[425,28,CUT|ASSEMBLE+INSPECT] vs C2A0T0I1F2[550,25,ASSEMBLE+INSPECT]",4,false,0,0,true,C1A1T0I1F1,28,CUT|ASSEMBLE+INSPECT,CUTTER,2,true,true,0,,false
P2|N6|F|UNIFORM|d90|p125|f80|b0,P2,6,F,UNIFORM,90,125,80,0,32,400,37,15,16,1,false,false,"",0,true,0,0,true,C1A1T0I2F0,32,ASSEMBLE,ASSEMBLER,5,true,true,1,CUT,false
P2|N6|F|UNIFORM|d90|p125|f80|b10,P2,6,F,UNIFORM,90,125,80,10,32,440,37,15,16,2,true,true,"C1A1T0I2F0[400,32,ASSEMBLE] vs C1A1T0I1F1[425,28,CUT|ASSEMBLE+INSPECT]",0,false,0,0,true,C1A1T0I2F0,32,ASSEMBLE,ASSEMBLER,5,true,true,1,CUT,true
P2|N6|F|UNIFORM|d90|p125|f80|b25,P2,6,F,UNIFORM,90,125,80,25,32,500,37,15,16,3,true,true,"C1A1T0I2F0[400,32,ASSEMBLE] vs C1A1T0I1F1[425,28,CUT|ASSEMBLE+INSPECT]",1,false,0,0,true,C1A1T0I2F0,32,ASSEMBLE,ASSEMBLER,5,true,true,1,CUT,true
P2|N6|F|UNIFORM|d90|p125|f80|b50,P2,6,F,UNIFORM,90,125,80,50,32,600,37,15,16,7,true,true,"C1A1T0I2F0[400,32,ASSEMBLE] vs C1A1T0I1F1[425,28,CUT|ASSEMBLE+INSPECT]",4,false,0,0,true,C1A1T0I2F0,32,ASSEMBLE,ASSEMBLER,5,true,true,1,CUT,true
P2|N6|F|UNIFORM|d90|p150|f20|b0,P2,6,F,UNIFORM,90,150,20,0,19,830,37,15,13,1,false,false,"",0,true,0,0,true,C2A0T1I3F1,19,CUT|ASSEMBLE+INSPECT,CUTTER,2,true,true,0,,false
P2|N6|F|UNIFORM|d90|p150|f20|b10,P2,6,F,UNIFORM,90,150,20,10,19,913,37,15,13,2,true,true,"C2A0T1I3F1[830,19,CUT|ASSEMBLE+INSPECT] vs C3A1T1I3F0[880,17,INSPECT]",0,false,0,0,true,C2A0T1I3F1,19,CUT|ASSEMBLE+INSPECT,CUTTER,2,true,true,0,,false
P2|N6|F|UNIFORM|d90|p150|f20|b25,P2,6,F,UNIFORM,90,150,20,25,19,1037,37,15,13,2,true,true,"C2A0T1I3F1[830,19,CUT|ASSEMBLE+INSPECT] vs C3A1T1I3F0[880,17,INSPECT]",0,false,0,0,true,C2A0T1I3F1,19,CUT|ASSEMBLE+INSPECT,CUTTER,2,true,true,0,,false
P2|N6|F|UNIFORM|d90|p150|f20|b50,P2,6,F,UNIFORM,90,150,20,50,19,1245,37,15,13,3,true,true,"C2A0T1I3F1[830,19,CUT|ASSEMBLE+INSPECT] vs C3A1T1I3F0[880,17,INSPECT]",0,false,0,0,true,C2A0T1I3F1,19,CUT|ASSEMBLE+INSPECT,CUTTER,2,true,true,0,,false
P2|N6|F|UNIFORM|d90|p150|f40|b0,P2,6,F,UNIFORM,90,150,40,0,23,580,37,15,13,1,false,false,"",0,true,0,0,true,C2A0T1I2F0,22,INSPECT,INSPECTOR,1,false,false,1,ASSEMBLE,false
P2|N6|F|UNIFORM|d90|p150|f40|b10,P2,6,F,UNIFORM,90,150,40,10,23,638,37,15,13,1,false,false,"",0,true,0,0,true,C2A0T1I2F0,22,INSPECT,INSPECTOR,1,false,false,1,ASSEMBLE,false
P2|N6|F|UNIFORM|d90|p150|f40|b25,P2,6,F,UNIFORM,90,150,40,25,23,725,37,15,13,2,true,false,"",0,true,0,0,true,C2A0T1I2F0,22,INSPECT,INSPECTOR,1,false,false,1,ASSEMBLE,false
P2|N6|F|UNIFORM|d90|p150|f40|b50,P2,6,F,UNIFORM,90,150,40,50,23,870,37,15,13,4,true,true,"C2A0T1I2F0[580,22,INSPECT] vs C2A1T0I3F1[750,20,ASSEMBLE+INSPECT]",1,false,0,0,true,C2A0T1I2F0,22,INSPECT,INSPECTOR,1,false,false,1,ASSEMBLE,false
P2|N6|F|UNIFORM|d90|p150|f60|b0,P2,6,F,UNIFORM,90,150,60,0,28,450,37,15,13,1,false,false,"",0,true,0,0,true,C1A1T0I1F1,28,CUT|ASSEMBLE+INSPECT,CUTTER,2,true,true,0,,false
P2|N6|F|UNIFORM|d90|p150|f60|b10,P2,6,F,UNIFORM,90,150,60,10,28,495,37,15,13,2,true,true,"C1A1T0I1F1[450,28,CUT|ASSEMBLE+INSPECT] vs C1A0T1I2F0[480,27,CUT]",0,false,0,0,true,C1A1T0I1F1,28,CUT|ASSEMBLE+INSPECT,CUTTER,2,true,true,0,,false
P2|N6|F|UNIFORM|d90|p150|f60|b25,P2,6,F,UNIFORM,90,150,60,25,28,562,37,15,13,3,true,true,"C1A1T0I1F1[450,28,CUT|ASSEMBLE+INSPECT] vs C1A0T1I2F0[480,27,CUT]",0,false,0,0,true,C1A1T0I1F1,28,CUT|ASSEMBLE+INSPECT,CUTTER,2,true,true,0,,false
P2|N6|F|UNIFORM|d90|p150|f60|b50,P2,6,F,UNIFORM,90,150,60,50,28,675,37,15,13,4,true,true,"C1A1T0I1F1[450,28,CUT|ASSEMBLE+INSPECT] vs C1A0T1I2F0[480,27,CUT]",0,false,0,0,true,C1A1T0I1F1,28,CUT|ASSEMBLE+INSPECT,CUTTER,2,true,true,0,,false
P2|N6|F|UNIFORM|d90|p150|f80|b0,P2,6,F,UNIFORM,90,150,80,0,32,400,37,15,13,1,false,false,"",0,true,0,0,true,C1A1T0I2F0,32,ASSEMBLE,ASSEMBLER,5,true,true,1,CUT,false
P2|N6|F|UNIFORM|d90|p150|f80|b10,P2,6,F,UNIFORM,90,150,80,10,32,440,37,15,13,1,false,false,"",0,true,0,0,true,C1A1T0I2F0,32,ASSEMBLE,ASSEMBLER,5,true,true,1,CUT,false
P2|N6|F|UNIFORM|d90|p150|f80|b25,P2,6,F,UNIFORM,90,150,80,25,32,500,37,15,13,3,true,true,"C1A1T0I2F0[400,32,ASSEMBLE] vs C1A1T0I1F1[450,28,CUT|ASSEMBLE+INSPECT]",0,false,0,0,true,C1A1T0I2F0,32,ASSEMBLE,ASSEMBLER,5,true,true,1,CUT,true
P2|N6|F|UNIFORM|d90|p150|f80|b50,P2,6,F,UNIFORM,90,150,80,50,32,600,37,15,13,5,true,true,"C1A1T0I2F0[400,32,ASSEMBLE] vs C1A1T0I1F1[450,28,CUT|ASSEMBLE+INSPECT]",0,false,0,0,true,C1A1T0I2F0,32,ASSEMBLE,ASSEMBLER,5,true,true,1,CUT,true
P2|N6|F|UNIFORM|d90|p200|f20|b0,P2,6,F,UNIFORM,90,200,20,0,19,880,37,15,9,1,false,false,"",0,true,0,0,true,C3A1T1I3F0,17,INSPECT,INSPECTOR,0,false,false,3,ASSEMBLE,false
P2|N6|F|UNIFORM|d90|p200|f20|b10,P2,6,F,UNIFORM,90,200,20,10,19,968,37,15,9,1,false,false,"",0,true,0,0,true,C3A1T1I3F0,17,INSPECT,INSPECTOR,0,false,false,3,ASSEMBLE,false
P2|N6|F|UNIFORM|d90|p200|f20|b25,P2,6,F,UNIFORM,90,200,20,25,19,1100,37,15,9,1,false,false,"",0,true,0,0,true,C3A1T1I3F0,17,INSPECT,INSPECTOR,0,false,false,3,ASSEMBLE,false
P2|N6|F|UNIFORM|d90|p200|f20|b50,P2,6,F,UNIFORM,90,200,20,50,19,1320,37,15,9,2,true,true,"C3A1T1I3F0[880,17,INSPECT] vs C3A0T0I3F3[1200,16,ASSEMBLE+INSPECT]",0,false,1,1,true,C3A1T1I3F0,17,INSPECT,INSPECTOR,0,false,false,3,ASSEMBLE,false
P2|N6|F|UNIFORM|d90|p200|f40|b0,P2,6,F,UNIFORM,90,200,40,0,23,580,37,15,9,1,false,false,"",0,true,0,0,true,C2A0T1I2F0,22,INSPECT,INSPECTOR,1,false,false,1,ASSEMBLE,false
P2|N6|F|UNIFORM|d90|p200|f40|b10,P2,6,F,UNIFORM,90,200,40,10,23,638,37,15,9,1,false,false,"",0,true,0,0,true,C2A0T1I2F0,22,INSPECT,INSPECTOR,1,false,false,1,ASSEMBLE,false
P2|N6|F|UNIFORM|d90|p200|f40|b25,P2,6,F,UNIFORM,90,200,40,25,23,725,37,15,9,2,true,false,"",0,true,0,0,true,C2A0T1I2F0,22,INSPECT,INSPECTOR,1,false,false,1,ASSEMBLE,false
P2|N6|F|UNIFORM|d90|p200|f40|b50,P2,6,F,UNIFORM,90,200,40,50,23,870,37,15,9,3,true,false,"",0,false,1,1,true,C2A0T1I2F0,22,INSPECT,INSPECTOR,1,false,false,1,ASSEMBLE,false
P2|N6|F|UNIFORM|d90|p200|f60|b0,P2,6,F,UNIFORM,90,200,60,0,28,480,37,15,9,1,false,false,"",0,true,0,0,true,C1A0T1I2F0,27,CUT,CUTTER,5,true,true,1,INSPECT,false
P2|N6|F|UNIFORM|d90|p200|f60|b10,P2,6,F,UNIFORM,90,200,60,10,28,528,37,15,9,1,false,false,"",0,true,0,0,true,C1A0T1I2F0,27,CUT,CUTTER,5,true,true,1,INSPECT,false
P2|N6|F|UNIFORM|d90|p200|f60|b25,P2,6,F,UNIFORM,90,200,60,25,28,600,37,15,9,2,true,false,"",0,true,0,0,true,C1A0T1I2F0,27,CUT,CUTTER,5,true,true,1,INSPECT,false
P2|N6|F|UNIFORM|d90|p200|f60|b50,P2,6,F,UNIFORM,90,200,60,50,28,720,37,15,9,3,true,false,"",0,true,0,0,true,C1A0T1I2F0,27,CUT,CUTTER,5,true,true,1,INSPECT,false
P2|N6|F|UNIFORM|d90|p200|f80|b0,P2,6,F,UNIFORM,90,200,80,0,32,400,37,15,9,1,false,false,"",0,true,0,0,true,C1A1T0I2F0,32,ASSEMBLE,ASSEMBLER,5,true,true,1,CUT,false
P2|N6|F|UNIFORM|d90|p200|f80|b10,P2,6,F,UNIFORM,90,200,80,10,32,440,37,15,9,1,false,false,"",0,true,0,0,true,C1A1T0I2F0,32,ASSEMBLE,ASSEMBLER,5,true,true,1,CUT,false
P2|N6|F|UNIFORM|d90|p200|f80|b25,P2,6,F,UNIFORM,90,200,80,25,32,500,37,15,9,2,true,false,"",0,true,0,0,true,C1A1T0I2F0,32,ASSEMBLE,ASSEMBLER,5,true,true,1,CUT,false
P2|N6|F|UNIFORM|d90|p200|f80|b50,P2,6,F,UNIFORM,90,200,80,50,32,600,37,15,9,3,true,false,"",0,true,0,0,true,C1A1T0I2F0,32,ASSEMBLE,ASSEMBLER,5,true,true,1,CUT,false
P2|N6|F|UNIFORM|d100|p100|f20|b0,P2,6,F,UNIFORM,100,100,20,0,19,700,37,15,9,1,false,false,"",0,true,0,0,true,C2A1T0I1F3,19,ASSEMBLE+INSPECT,ASSEMBLER,0,false,false,2,CUT,false
P2|N6|F|UNIFORM|d100|p100|f20|b10,P2,6,F,UNIFORM,100,100,20,10,19,770,37,15,9,1,false,false,"",0,true,0,0,true,C2A1T0I1F3,19,ASSEMBLE+INSPECT,ASSEMBLER,0,false,false,2,CUT,false
P2|N6|F|UNIFORM|d100|p100|f20|b25,P2,6,F,UNIFORM,100,100,20,25,19,875,37,15,9,2,true,false,"",1,false,0,0,true,C2A1T0I1F3,19,ASSEMBLE+INSPECT,ASSEMBLER,0,false,false,2,CUT,false
P2|N6|F|UNIFORM|d100|p100|f20|b50,P2,6,F,UNIFORM,100,100,20,50,19,1050,37,15,9,3,true,true,"C2A1T0I1F3[700,19,ASSEMBLE+INSPECT] vs C3A0T0I3F3[900,16,ASSEMBLE+INSPECT]",1,false,0,0,true,C2A1T0I1F3,19,ASSEMBLE+INSPECT,ASSEMBLER,0,false,false,2,CUT,false
P2|N6|F|UNIFORM|d100|p100|f40|b0,P2,6,F,UNIFORM,100,100,40,0,23,600,37,15,9,1,false,false,"",0,true,1,1,true,C2A1T0I0F3,21,ASSEMBLE+INSPECT,INSPECTOR,2,true,true,2,CUT|ASSEMBLE+INSPECT,false
P2|N6|F|UNIFORM|d100|p100|f40|b10,P2,6,F,UNIFORM,100,100,40,10,23,660,37,15,9,1,false,false,"",0,true,1,1,true,C2A1T0I0F3,21,ASSEMBLE+INSPECT,INSPECTOR,2,true,true,2,CUT|ASSEMBLE+INSPECT,false
P2|N6|F|UNIFORM|d100|p100|f40|b25,P2,6,F,UNIFORM,100,100,40,25,23,750,37,15,9,2,true,true,"C3A0T0I0F3[600,21,ASSEMBLE+INSPECT] vs C2A1T0I1F3[700,19,ASSEMBLE+INSPECT]",0,false,1,1,true,C2A1T0I0F3,21,ASSEMBLE+INSPECT,INSPECTOR,2,true,true,2,CUT|ASSEMBLE+INSPECT,true
P2|N6|F|UNIFORM|d100|p100|f40|b50,P2,6,F,UNIFORM,100,100,40,50,23,900,37,15,9,4,true,true,"C3A0T0I0F3[600,21,ASSEMBLE+INSPECT] vs C2A1T0I1F3[700,19,ASSEMBLE+INSPECT]",1,false,1,1,true,C2A1T0I0F3,21,ASSEMBLE+INSPECT,INSPECTOR,2,true,true,2,CUT|ASSEMBLE+INSPECT,true
P2|N6|F|UNIFORM|d100|p100|f60|b0,P2,6,F,UNIFORM,100,100,60,0,28,400,37,15,9,1,false,false,"",0,true,0,0,true,C1A0T0I0F3,27,CUT|ASSEMBLE+INSPECT,CUTTER,3,true,true,0,,false
P2|N6|F|UNIFORM|d100|p100|f60|b10,P2,6,F,UNIFORM,100,100,60,10,28,440,37,15,9,1,false,false,"",0,true,0,0,true,C1A0T0I0F3,27,CUT|ASSEMBLE+INSPECT,CUTTER,3,true,true,0,,false
P2|N6|F|UNIFORM|d100|p100|f60|b25,P2,6,F,UNIFORM,100,100,60,25,28,500,37,15,9,2,true,false,"",0,true,0,0,true,C1A0T0I0F3,27,CUT|ASSEMBLE+INSPECT,CUTTER,3,true,true,0,,false
P2|N6|F|UNIFORM|d100|p100|f60|b50,P2,6,F,UNIFORM,100,100,60,50,28,600,37,15,9,3,true,true,"C1A0T0I0F3[400,27,CUT|ASSEMBLE+INSPECT] vs C2A1T0I1F2[600,21,ASSEMBLE+INSPECT]",0,false,1,1,true,C1A0T0I0F3,27,CUT|ASSEMBLE+INSPECT,CUTTER,3,true,true,0,,false
P2|N6|F|UNIFORM|d100|p100|f80|b0,P2,6,F,UNIFORM,100,100,80,0,32,400,37,15,9,1,false,false,"",0,true,0,0,true,C1A0T0I0F3,27,CUT|ASSEMBLE+INSPECT,CUTTER,3,true,true,0,,false
P2|N6|F|UNIFORM|d100|p100|f80|b10,P2,6,F,UNIFORM,100,100,80,10,32,440,37,15,9,1,false,false,"",0,true,0,0,true,C1A0T0I0F3,27,CUT|ASSEMBLE+INSPECT,CUTTER,3,true,true,0,,false
P2|N6|F|UNIFORM|d100|p100|f80|b25,P2,6,F,UNIFORM,100,100,80,25,32,500,37,15,9,2,true,false,"",0,true,0,0,true,C1A0T0I0F3,27,CUT|ASSEMBLE+INSPECT,CUTTER,3,true,true,0,,false
P2|N6|F|UNIFORM|d100|p100|f80|b50,P2,6,F,UNIFORM,100,100,80,50,32,600,37,15,9,3,true,true,"C1A0T0I0F3[400,27,CUT|ASSEMBLE+INSPECT] vs C2A1T0I1F2[600,21,ASSEMBLE+INSPECT]",0,false,1,1,true,C1A0T0I0F3,27,CUT|ASSEMBLE+INSPECT,CUTTER,3,true,true,0,,false
P2|N6|F|UNIFORM|d100|p125|f20|b0,P2,6,F,UNIFORM,100,125,20,0,19,775,37,15,16,1,false,false,"",0,true,0,0,true,C2A1T0I1F3,19,ASSEMBLE+INSPECT,ASSEMBLER,0,false,false,2,CUT,false
P2|N6|F|UNIFORM|d100|p125|f20|b10,P2,6,F,UNIFORM,100,125,20,10,19,852,37,15,16,2,true,false,"",1,false,0,0,true,C2A1T0I1F3,19,ASSEMBLE+INSPECT,ASSEMBLER,0,false,false,2,CUT,false
P2|N6|F|UNIFORM|d100|p125|f20|b25,P2,6,F,UNIFORM,100,125,20,25,19,968,37,15,16,2,true,false,"",1,false,0,0,true,C2A1T0I1F3,19,ASSEMBLE+INSPECT,ASSEMBLER,0,false,false,2,CUT,false
P2|N6|F|UNIFORM|d100|p125|f20|b50,P2,6,F,UNIFORM,100,125,20,50,19,1162,37,15,16,3,true,true,"C2A1T0I1F3[775,19,ASSEMBLE+INSPECT] vs C3A0T0I3F3[975,16,ASSEMBLE+INSPECT]",1,false,0,0,true,C2A1T0I1F3,19,ASSEMBLE+INSPECT,ASSEMBLER,0,false,false,2,CUT,false
P2|N6|F|UNIFORM|d100|p125|f40|b0,P2,6,F,UNIFORM,100,125,40,0,23,600,37,15,16,1,false,false,"",0,true,1,0,true,C2A0T1I2F0,22,INSPECT,INSPECTOR,1,false,false,1,ASSEMBLE,false
P2|N6|F|UNIFORM|d100|p125|f40|b10,P2,6,F,UNIFORM,100,125,40,10,23,660,37,15,16,2,true,true,"C2A0T1I2F0[600,22,INSPECT] vs C2A1T0I1F2[650,21,ASSEMBLE+INSPECT]",0,false,1,0,true,C2A0T1I2F0,22,INSPECT,INSPECTOR,1,false,false,1,ASSEMBLE,false
P2|N6|F|UNIFORM|d100|p125|f40|b25,P2,6,F,UNIFORM,100,125,40,25,23,750,37,15,16,3,true,true,"C2A0T1I2F0[600,22,INSPECT] vs C2A1T0I1F2[650,21,ASSEMBLE+INSPECT]",0,false,1,0,true,C2A0T1I2F0,22,INSPECT,INSPECTOR,1,false,false,1,ASSEMBLE,false
P2|N6|F|UNIFORM|d100|p125|f40|b50,P2,6,F,UNIFORM,100,125,40,50,23,900,37,15,16,5,true,true,"C2A0T1I2F0[600,22,INSPECT] vs C2A1T0I1F2[650,21,ASSEMBLE+INSPECT]",3,false,1,0,true,C2A0T1I2F0,22,INSPECT,INSPECTOR,1,false,false,1,ASSEMBLE,false
P2|N6|F|UNIFORM|d100|p125|f60|b0,P2,6,F,UNIFORM,100,125,60,0,28,425,37,15,16,1,false,false,"",0,true,0,0,true,C1A1T0I1F1,28,CUT|ASSEMBLE+INSPECT,CUTTER,2,true,true,0,,false
P2|N6|F|UNIFORM|d100|p125|f60|b10,P2,6,F,UNIFORM,100,125,60,10,28,467,37,15,16,1,false,false,"",0,true,0,0,true,C1A1T0I1F1,28,CUT|ASSEMBLE+INSPECT,CUTTER,2,true,true,0,,false
P2|N6|F|UNIFORM|d100|p125|f60|b25,P2,6,F,UNIFORM,100,125,60,25,28,531,37,15,16,3,true,true,"C1A0T0I0F3[475,27,CUT|ASSEMBLE+INSPECT] vs C2A1T0I1F1[525,26,ASSEMBLE+INSPECT]",1,false,0,0,true,C1A1T0I1F1,28,CUT|ASSEMBLE+INSPECT,CUTTER,2,true,true,0,,false
P2|N6|F|UNIFORM|d100|p125|f60|b50,P2,6,F,UNIFORM,100,125,60,50,28,637,37,15,16,6,true,true,"C1A1T0I1F1[425,28,CUT|ASSEMBLE+INSPECT] vs C2A0T0I1F2[550,25,ASSEMBLE+INSPECT]",4,false,1,0,true,C1A1T0I1F1,28,CUT|ASSEMBLE+INSPECT,CUTTER,2,true,true,0,,false
P2|N6|F|UNIFORM|d100|p125|f80|b0,P2,6,F,UNIFORM,100,125,80,0,32,400,37,15,16,1,false,false,"",0,true,0,0,true,C1A1T0I2F0,32,ASSEMBLE,ASSEMBLER,5,true,true,1,CUT,false
P2|N6|F|UNIFORM|d100|p125|f80|b10,P2,6,F,UNIFORM,100,125,80,10,32,440,37,15,16,2,true,true,"C1A1T0I2F0[400,32,ASSEMBLE] vs C1A1T0I1F1[425,28,CUT|ASSEMBLE+INSPECT]",0,false,0,0,true,C1A1T0I2F0,32,ASSEMBLE,ASSEMBLER,5,true,true,1,CUT,true
P2|N6|F|UNIFORM|d100|p125|f80|b25,P2,6,F,UNIFORM,100,125,80,25,32,500,37,15,16,3,true,true,"C1A1T0I2F0[400,32,ASSEMBLE] vs C1A1T0I1F1[425,28,CUT|ASSEMBLE+INSPECT]",1,false,0,0,true,C1A1T0I2F0,32,ASSEMBLE,ASSEMBLER,5,true,true,1,CUT,true
P2|N6|F|UNIFORM|d100|p125|f80|b50,P2,6,F,UNIFORM,100,125,80,50,32,600,37,15,16,7,true,true,"C1A1T0I2F0[400,32,ASSEMBLE] vs C1A1T0I1F1[425,28,CUT|ASSEMBLE+INSPECT]",4,false,1,0,true,C1A1T0I2F0,32,ASSEMBLE,ASSEMBLER,5,true,true,1,CUT,true
P2|N6|F|UNIFORM|d100|p150|f20|b0,P2,6,F,UNIFORM,100,150,20,0,19,850,37,15,13,1,false,false,"",0,true,1,1,true,C2A0T1I3F1,19,CUT|ASSEMBLE+INSPECT,CUTTER,2,true,true,0,,false
P2|N6|F|UNIFORM|d100|p150|f20|b10,P2,6,F,UNIFORM,100,150,20,10,19,935,37,15,13,2,true,true,"C2A0T1I3F1[850,19,CUT|ASSEMBLE+INSPECT] vs C3A1T1I3F0[900,17,INSPECT]",3,false,2,2,true,C2A0T1I3F1,19,CUT|ASSEMBLE+INSPECT,CUTTER,2,true,true,0,,false
P2|N6|F|UNIFORM|d100|p150|f20|b25,P2,6,F,UNIFORM,100,150,20,25,19,1062,37,15,13,3,true,true,"C2A0T1I3F1[850,19,CUT|ASSEMBLE+INSPECT] vs C3A1T1I3F0[900,17,INSPECT]",3,false,2,2,true,C2A0T1I3F1,19,CUT|ASSEMBLE+INSPECT,CUTTER,2,true,true,0,,false
P2|N6|F|UNIFORM|d100|p150|f20|b50,P2,6,F,UNIFORM,100,150,20,50,19,1275,37,15,13,3,true,true,"C2A0T1I3F1[850,19,CUT|ASSEMBLE+INSPECT] vs C3A1T1I3F0[900,17,INSPECT]",3,false,2,2,true,C2A0T1I3F1,19,CUT|ASSEMBLE+INSPECT,CUTTER,2,true,true,0,,false
P2|N6|F|UNIFORM|d100|p150|f40|b0,P2,6,F,UNIFORM,100,150,40,0,23,600,37,15,13,1,false,false,"",0,true,1,0,true,C2A0T1I2F0,22,INSPECT,INSPECTOR,1,false,false,1,ASSEMBLE,false
P2|N6|F|UNIFORM|d100|p150|f40|b10,P2,6,F,UNIFORM,100,150,40,10,23,660,37,15,13,1,false,false,"",0,true,1,0,true,C2A0T1I2F0,22,INSPECT,INSPECTOR,1,false,false,1,ASSEMBLE,false
P2|N6|F|UNIFORM|d100|p150|f40|b25,P2,6,F,UNIFORM,100,150,40,25,23,750,37,15,13,3,true,true,"C2A0T1I2F0[600,22,INSPECT] vs C2A1T0I1F2[700,21,ASSEMBLE+INSPECT]",2,false,2,1,true,C2A0T1I2F0,22,INSPECT,INSPECTOR,1,false,false,1,ASSEMBLE,false
P2|N6|F|UNIFORM|d100|p150|f40|b50,P2,6,F,UNIFORM,100,150,40,50,23,900,37,15,13,5,true,true,"C2A0T1I2F0[600,22,INSPECT] vs C2A1T0I1F2[700,21,ASSEMBLE+INSPECT]",7,false,4,3,true,C2A0T1I2F0,22,INSPECT,INSPECTOR,1,false,false,1,ASSEMBLE,false
P2|N6|F|UNIFORM|d100|p150|f60|b0,P2,6,F,UNIFORM,100,150,60,0,28,450,37,15,13,1,false,false,"",0,true,0,0,true,C1A1T0I1F1,28,CUT|ASSEMBLE+INSPECT,CUTTER,2,true,true,0,,false
P2|N6|F|UNIFORM|d100|p150|f60|b10,P2,6,F,UNIFORM,100,150,60,10,28,495,37,15,13,1,false,false,"",0,true,0,0,true,C1A1T0I1F1,28,CUT|ASSEMBLE+INSPECT,CUTTER,2,true,true,0,,false
P2|N6|F|UNIFORM|d100|p150|f60|b25,P2,6,F,UNIFORM,100,150,60,25,28,562,37,15,13,3,true,true,"C1A1T0I1F1[450,28,CUT|ASSEMBLE+INSPECT] vs C1A0T1I2F0[500,27,CUT]",0,false,1,0,true,C1A1T0I1F1,28,CUT|ASSEMBLE+INSPECT,CUTTER,2,true,true,0,,false
P2|N6|F|UNIFORM|d100|p150|f60|b50,P2,6,F,UNIFORM,100,150,60,50,28,675,37,15,13,4,true,true,"C1A1T0I1F1[450,28,CUT|ASSEMBLE+INSPECT] vs C1A0T1I2F0[500,27,CUT]",0,false,2,0,true,C1A1T0I1F1,28,CUT|ASSEMBLE+INSPECT,CUTTER,2,true,true,0,,false
P2|N6|F|UNIFORM|d100|p150|f80|b0,P2,6,F,UNIFORM,100,150,80,0,32,400,37,15,13,1,false,false,"",0,true,0,0,true,C1A1T0I2F0,32,ASSEMBLE,ASSEMBLER,5,true,true,1,CUT,false
P2|N6|F|UNIFORM|d100|p150|f80|b10,P2,6,F,UNIFORM,100,150,80,10,32,440,37,15,13,1,false,false,"",0,true,0,0,true,C1A1T0I2F0,32,ASSEMBLE,ASSEMBLER,5,true,true,1,CUT,false
P2|N6|F|UNIFORM|d100|p150|f80|b25,P2,6,F,UNIFORM,100,150,80,25,32,500,37,15,13,3,true,true,"C1A1T0I2F0[400,32,ASSEMBLE] vs C1A1T0I1F1[450,28,CUT|ASSEMBLE+INSPECT]",0,false,1,0,true,C1A1T0I2F0,32,ASSEMBLE,ASSEMBLER,5,true,true,1,CUT,true
P2|N6|F|UNIFORM|d100|p150|f80|b50,P2,6,F,UNIFORM,100,150,80,50,32,600,37,15,13,5,true,true,"C1A1T0I2F0[400,32,ASSEMBLE] vs C1A1T0I1F1[450,28,CUT|ASSEMBLE+INSPECT]",0,false,2,0,true,C1A1T0I2F0,32,ASSEMBLE,ASSEMBLER,5,true,true,1,CUT,true
P2|N6|F|UNIFORM|d100|p200|f20|b0,P2,6,F,UNIFORM,100,200,20,0,19,900,37,15,9,1,false,false,"",0,true,1,0,true,C3A1T1I3F0,17,INSPECT,INSPECTOR,0,false,false,3,ASSEMBLE,false
P2|N6|F|UNIFORM|d100|p200|f20|b10,P2,6,F,UNIFORM,100,200,20,10,19,990,37,15,9,1,false,false,"",0,true,1,0,true,C3A1T1I3F0,17,INSPECT,INSPECTOR,0,false,false,3,ASSEMBLE,false
P2|N6|F|UNIFORM|d100|p200|f20|b25,P2,6,F,UNIFORM,100,200,20,25,19,1125,37,15,9,1,false,false,"",0,true,1,0,true,C3A1T1I3F0,17,INSPECT,INSPECTOR,0,false,false,3,ASSEMBLE,false
P2|N6|F|UNIFORM|d100|p200|f20|b50,P2,6,F,UNIFORM,100,200,20,50,19,1350,37,15,9,2,true,true,"C3A1T1I3F0[900,17,INSPECT] vs C3A0T0I3F3[1200,16,ASSEMBLE+INSPECT]",0,false,2,1,true,C3A1T1I3F0,17,INSPECT,INSPECTOR,0,false,false,3,ASSEMBLE,false
P2|N6|F|UNIFORM|d100|p200|f40|b0,P2,6,F,UNIFORM,100,200,40,0,23,600,37,15,9,1,false,false,"",0,true,1,0,true,C2A0T1I2F0,22,INSPECT,INSPECTOR,1,false,false,1,ASSEMBLE,false
P2|N6|F|UNIFORM|d100|p200|f40|b10,P2,6,F,UNIFORM,100,200,40,10,23,660,37,15,9,1,false,false,"",0,true,1,0,true,C2A0T1I2F0,22,INSPECT,INSPECTOR,1,false,false,1,ASSEMBLE,false
P2|N6|F|UNIFORM|d100|p200|f40|b25,P2,6,F,UNIFORM,100,200,40,25,23,750,37,15,9,2,true,false,"",0,true,2,0,true,C2A0T1I2F0,22,INSPECT,INSPECTOR,1,false,false,1,ASSEMBLE,false
P2|N6|F|UNIFORM|d100|p200|f40|b50,P2,6,F,UNIFORM,100,200,40,50,23,900,37,15,9,4,true,true,"C2A0T1I2F0[600,22,INSPECT] vs C2A1T0I3F1[800,20,ASSEMBLE+INSPECT]",2,false,4,1,true,C2A0T1I2F0,22,INSPECT,INSPECTOR,1,false,false,1,ASSEMBLE,false
P2|N6|F|UNIFORM|d100|p200|f60|b0,P2,6,F,UNIFORM,100,200,60,0,28,500,37,15,9,1,false,false,"",0,true,1,0,true,C1A0T1I2F0,27,CUT,CUTTER,5,true,true,1,INSPECT,false
P2|N6|F|UNIFORM|d100|p200|f60|b10,P2,6,F,UNIFORM,100,200,60,10,28,550,37,15,9,1,false,false,"",0,true,1,0,true,C1A0T1I2F0,27,CUT,CUTTER,5,true,true,1,INSPECT,false
P2|N6|F|UNIFORM|d100|p200|f60|b25,P2,6,F,UNIFORM,100,200,60,25,28,625,37,15,9,2,true,false,"",0,true,2,0,true,C1A0T1I2F0,27,CUT,CUTTER,5,true,true,1,INSPECT,false
P2|N6|F|UNIFORM|d100|p200|f60|b50,P2,6,F,UNIFORM,100,200,60,50,28,750,37,15,9,3,true,false,"",0,true,3,0,true,C1A0T1I2F0,27,CUT,CUTTER,5,true,true,1,INSPECT,false
P2|N6|F|UNIFORM|d100|p200|f80|b0,P2,6,F,UNIFORM,100,200,80,0,32,400,37,15,9,1,false,false,"",0,true,0,0,true,C1A1T0I2F0,32,ASSEMBLE,ASSEMBLER,5,true,true,1,CUT,false
P2|N6|F|UNIFORM|d100|p200|f80|b10,P2,6,F,UNIFORM,100,200,80,10,32,440,37,15,9,1,false,false,"",0,true,0,0,true,C1A1T0I2F0,32,ASSEMBLE,ASSEMBLER,5,true,true,1,CUT,false
P2|N6|F|UNIFORM|d100|p200|f80|b25,P2,6,F,UNIFORM,100,200,80,25,32,500,37,15,9,2,true,false,"",0,true,1,0,true,C1A1T0I2F0,32,ASSEMBLE,ASSEMBLER,5,true,true,1,CUT,false
P2|N6|F|UNIFORM|d100|p200|f80|b50,P2,6,F,UNIFORM,100,200,80,50,32,600,37,15,9,3,true,false,"",0,true,2,0,true,C1A1T0I2F0,32,ASSEMBLE,ASSEMBLER,5,true,true,1,CUT,false
P2|N6|F|WORK|d75|p100|f20|b0,P2,6,F,WORK,75,100,20,0,19,1500,37,15,15,1,false,false,"",0,true,1,1,true,C2A1T0I1F3,19,ASSEMBLE+INSPECT,ASSEMBLER,0,false,false,2,CUT,false
P2|N6|F|WORK|d75|p100|f20|b10,P2,6,F,WORK,75,100,20,10,19,1650,37,15,15,2,true,false,"",3,false,2,2,true,C2A1T0I1F3,19,ASSEMBLE+INSPECT,ASSEMBLER,0,false,false,2,CUT,false
P2|N6|F|WORK|d75|p100|f20|b25,P2,6,F,WORK,75,100,20,25,19,1875,37,15,15,2,true,false,"",3,false,2,2,true,C2A1T0I1F3,19,ASSEMBLE+INSPECT,ASSEMBLER,0,false,false,2,CUT,false
P2|N6|F|WORK|d75|p100|f20|b50,P2,6,F,WORK,75,100,20,50,19,2250,37,15,15,3,true,true,"C2A1T0I1F3[1500,19,ASSEMBLE+INSPECT] vs C3A0T0I3F3[1950,16,ASSEMBLE+INSPECT]",3,false,2,2,true,C2A1T0I1F3,19,ASSEMBLE+INSPECT,ASSEMBLER,0,false,false,2,CUT,false
P2|N6|F|WORK|d75|p100|f40|b0,P2,6,F,WORK,75,100,40,0,23,1100,37,15,15,1,false,false,"",0,true,1,1,true,C2A0T1I0F2,22,ASSEMBLE+INSPECT,INSPECTOR,2,true,true,2,CUT|ASSEMBLE+INSPECT,false
P2|N6|F|WORK|d75|p100|f40|b10,P2,6,F,WORK,75,100,40,10,23,1210,37,15,15,2,true,true,"C2A0T1I2F0[1100,22,INSPECT] vs C3A0T0I0F3[1200,21,ASSEMBLE+INSPECT]",1,false,1,1,true,C2A0T1I0F2,22,ASSEMBLE+INSPECT,INSPECTOR,2,true,true,2,CUT|ASSEMBLE+INSPECT,true
P2|N6|F|WORK|d75|p100|f40|b25,P2,6,F,WORK,75,100,40,25,23,1375,37,15,15,3,true,true,"C2A0T1I2F0[1100,22,INSPECT] vs C3A0T0I0F3[1200,21,ASSEMBLE+INSPECT]",1,false,2,2,true,C2A0T1I0F2,22,ASSEMBLE+INSPECT,INSPECTOR,2,true,true,2,CUT|ASSEMBLE+INSPECT,true
P2|N6|F|WORK|d75|p100|f40|b50,P2,6,F,WORK,75,100,40,50,23,1650,37,15,15,5,true,true,"C2A0T1I2F0[1100,22,INSPECT] vs C3A0T0I0F3[1200,21,ASSEMBLE+INSPECT]",10,false,4,4,true,C2A0T1I0F2,22,ASSEMBLE+INSPECT,INSPECTOR,2,true,true,2,CUT|ASSEMBLE+INSPECT,true
P2|N6|F|WORK|d75|p100|f60|b0,P2,6,F,WORK,75,100,60,0,28,850,37,15,15,1,false,false,"",0,true,1,1,true,C1A1T0I0F2,28,CUT|ASSEMBLE+INSPECT,CUTTER,2,true,true,0,,false
P2|N6|F|WORK|d75|p100|f60|b10,P2,6,F,WORK,75,100,60,10,28,935,37,15,15,2,true,false,"",2,false,1,1,true,C1A1T0I0F2,28,CUT|ASSEMBLE+INSPECT,CUTTER,2,true,true,0,,false
P2|N6|F|WORK|d75|p100|f60|b25,P2,6,F,WORK,75,100,60,25,28,1062,37,15,15,4,true,true,"C1A1T0I0F2[850,28,CUT|ASSEMBLE+INSPECT] vs C2A1T0I1F1[1000,26,ASSEMBLE+INSPECT]",4,false,2,2,true,C1A1T0I0F2,28,CUT|ASSEMBLE+INSPECT,CUTTER,2,true,true,0,,false
P2|N6|F|WORK|d75|p100|f60|b50,P2,6,F,WORK,75,100,60,50,28,1275,37,15,15,6,true,true,"C1A1T0I0F2[850,28,CUT|ASSEMBLE+INSPECT] vs C2A1T0I1F1[1000,26,ASSEMBLE+INSPECT]",7,false,3,3,true,C1A1T0I0F2,28,CUT|ASSEMBLE+INSPECT,CUTTER,2,true,true,0,,false
P2|N6|F|WORK|d75|p100|f80|b0,P2,6,F,WORK,75,100,80,0,32,800,37,15,15,1,false,false,"",0,true,0,0,true,C2A0T0I0F2,30,ASSEMBLE+INSPECT,FLEX_CELL,6,true,true,4,CUT|ASSEMBLE+INSPECT,false
P2|N6|F|WORK|d75|p100|f80|b10,P2,6,F,WORK,75,100,80,10,32,880,37,15,15,2,true,true,"C2A0T0I0F2[800,30,ASSEMBLE+INSPECT] vs C1A1T0I0F2[850,28,CUT|ASSEMBLE+INSPECT]",0,false,1,1,true,C2A0T0I0F2,30,ASSEMBLE+INSPECT,FLEX_CELL,6,true,true,4,CUT|ASSEMBLE+INSPECT,true
P2|N6|F|WORK|d75|p100|f80|b25,P2,6,F,WORK,75,100,80,25,32,1000,37,15,15,4,true,true,"C2A0T0I0F2[800,30,ASSEMBLE+INSPECT] vs C1A1T0I0F2[850,28,CUT|ASSEMBLE+INSPECT]",2,false,2,2,true,C2A0T0I0F2,30,ASSEMBLE+INSPECT,FLEX_CELL,6,true,true,4,CUT|ASSEMBLE+INSPECT,true
P2|N6|F|WORK|d75|p100|f80|b50,P2,6,F,WORK,75,100,80,50,32,1200,37,15,15,7,true,true,"C2A0T0I0F2[800,30,ASSEMBLE+INSPECT] vs C1A1T0I0F2[850,28,CUT|ASSEMBLE+INSPECT]",7,false,3,3,true,C2A0T0I0F2,30,ASSEMBLE+INSPECT,FLEX_CELL,6,true,true,4,CUT|ASSEMBLE+INSPECT,true
P2|N6|F|WORK|d75|p125|f20|b0,P2,6,F,WORK,75,125,20,0,19,1663,37,15,14,1,false,false,"",0,true,0,0,true,C2A0T1I3F1,19,CUT|ASSEMBLE+INSPECT,CUTTER,2,true,true,0,,false
P2|N6|F|WORK|d75|p125|f20|b10,P2,6,F,WORK,75,125,20,10,19,1829,37,15,14,2,true,true,"C2A0T1I3F1[1663,19,CUT|ASSEMBLE+INSPECT] vs C3A1T1I3F0[1700,17,INSPECT]",0,false,0,0,true,C2A0T1I3F1,19,CUT|ASSEMBLE+INSPECT,CUTTER,2,true,true,0,,false
P2|N6|F|WORK|d75|p125|f20|b25,P2,6,F,WORK,75,125,20,25,19,2078,37,15,14,2,true,true,"C2A0T1I3F1[1663,19,CUT|ASSEMBLE+INSPECT] vs C3A1T1I3F0[1700,17,INSPECT]",0,false,0,0,true,C2A0T1I3F1,19,CUT|ASSEMBLE+INSPECT,CUTTER,2,true,true,0,,false
P2|N6|F|WORK|d75|p125|f20|b50,P2,6,F,WORK,75,125,20,50,19,2494,37,15,14,3,true,true,"C2A0T1I3F1[1663,19,CUT|ASSEMBLE+INSPECT] vs C3A1T1I3F0[1700,17,INSPECT]",0,false,0,0,true,C2A0T1I3F1,19,CUT|ASSEMBLE+INSPECT,CUTTER,2,true,true,0,,false
P2|N6|F|WORK|d75|p125|f40|b0,P2,6,F,WORK,75,125,40,0,23,1100,37,15,14,1,false,false,"",0,true,0,0,true,C2A0T1I2F0,22,INSPECT,INSPECTOR,1,false,false,1,ASSEMBLE,false
P2|N6|F|WORK|d75|p125|f40|b10,P2,6,F,WORK,75,125,40,10,23,1210,37,15,14,1,false,false,"",0,true,0,0,true,C2A0T1I2F0,22,INSPECT,INSPECTOR,1,false,false,1,ASSEMBLE,false
P2|N6|F|WORK|d75|p125|f40|b25,P2,6,F,WORK,75,125,40,25,23,1375,37,15,14,2,true,false,"",0,true,0,0,true,C2A0T1I2F0,22,INSPECT,INSPECTOR,1,false,false,1,ASSEMBLE,false
P2|N6|F|WORK|d75|p125|f40|b50,P2,6,F,WORK,75,125,40,50,23,1650,37,15,14,3,true,true,"C2A0T1I2F0[1100,22,INSPECT] vs C2A0T1I1F2[1476,20,ASSEMBLE+INSPECT]",0,false,0,0,true,C2A0T1I2F0,22,INSPECT,INSPECTOR,1,false,false,1,ASSEMBLE,false
P2|N6|F|WORK|d75|p125|f60|b0,P2,6,F,WORK,75,125,60,0,28,913,37,15,14,1,false,false,"",0,true,0,0,true,C1A1T0I1F1,28,CUT|ASSEMBLE+INSPECT,CUTTER,2,true,true,0,,false
P2|N6|F|WORK|d75|p125|f60|b10,P2,6,F,WORK,75,125,60,10,28,1004,37,15,14,2,true,true,"C1A1T0I1F1[913,28,CUT|ASSEMBLE+INSPECT] vs C1A0T1I2F0[950,27,CUT]",0,false,0,0,true,C1A1T0I1F1,28,CUT|ASSEMBLE+INSPECT,CUTTER,2,true,true,0,,false
P2|N6|F|WORK|d75|p125|f60|b25,P2,6,F,WORK,75,125,60,25,28,1141,37,15,14,4,true,true,"C1A1T0I1F1[913,28,CUT|ASSEMBLE+INSPECT] vs C1A0T1I2F0[950,27,CUT]",0,false,0,0,true,C1A1T0I1F1,28,CUT|ASSEMBLE+INSPECT,CUTTER,2,true,true,0,,false
P2|N6|F|WORK|d75|p125|f60|b50,P2,6,F,WORK,75,125,60,50,28,1369,37,15,14,5,true,true,"C1A1T0I1F1[913,28,CUT|ASSEMBLE+INSPECT] vs C1A0T1I2F0[950,27,CUT]",0,false,0,0,true,C1A1T0I1F1,28,CUT|ASSEMBLE+INSPECT,CUTTER,2,true,true,0,,false
P2|N6|F|WORK|d75|p125|f80|b0,P2,6,F,WORK,75,125,80,0,32,850,37,15,14,1,false,false,"",0,true,0,0,true,C1A1T0I2F0,32,ASSEMBLE,ASSEMBLER,5,true,true,1,CUT,false
P2|N6|F|WORK|d75|p125|f80|b10,P2,6,F,WORK,75,125,80,10,32,935,37,15,14,2,true,true,"C1A1T0I2F0[850,32,ASSEMBLE] vs C1A1T0I1F1[913,28,CUT|ASSEMBLE+INSPECT]",0,false,0,0,true,C1A1T0I2F0,32,ASSEMBLE,ASSEMBLER,5,true,true,1,CUT,true
P2|N6|F|WORK|d75|p125|f80|b25,P2,6,F,WORK,75,125,80,25,32,1062,37,15,14,3,true,true,"C1A1T0I2F0[850,32,ASSEMBLE] vs C1A1T0I1F1[913,28,CUT|ASSEMBLE+INSPECT]",0,false,0,0,true,C1A1T0I2F0,32,ASSEMBLE,ASSEMBLER,5,true,true,1,CUT,true
P2|N6|F|WORK|d75|p125|f80|b50,P2,6,F,WORK,75,125,80,50,32,1275,37,15,14,5,true,true,"C1A1T0I2F0[850,32,ASSEMBLE] vs C1A1T0I1F1[913,28,CUT|ASSEMBLE+INSPECT]",0,false,0,0,true,C1A1T0I2F0,32,ASSEMBLE,ASSEMBLER,5,true,true,1,CUT,true
P2|N6|F|WORK|d75|p150|f20|b0,P2,6,F,WORK,75,150,20,0,19,1700,37,15,10,1,false,false,"",0,true,0,0,true,C3A1T1I3F0,17,INSPECT,INSPECTOR,0,false,false,3,ASSEMBLE,false
P2|N6|F|WORK|d75|p150|f20|b10,P2,6,F,WORK,75,150,20,10,19,1870,37,15,10,1,false,false,"",0,true,0,0,true,C3A1T1I3F0,17,INSPECT,INSPECTOR,0,false,false,3,ASSEMBLE,false
P2|N6|F|WORK|d75|p150|f20|b25,P2,6,F,WORK,75,150,20,25,19,2125,37,15,10,1,false,false,"",0,true,0,0,true,C3A1T1I3F0,17,INSPECT,INSPECTOR,0,false,false,3,ASSEMBLE,false
P2|N6|F|WORK|d75|p150|f20|b50,P2,6,F,WORK,75,150,20,50,19,2550,37,15,10,2,true,true,"C3A1T1I3F0[1700,17,INSPECT] vs C3A0T0I3F3[2325,16,ASSEMBLE+INSPECT]",0,false,0,0,true,C3A1T1I3F0,17,INSPECT,INSPECTOR,0,false,false,3,ASSEMBLE,false
P2|N6|F|WORK|d75|p150|f40|b0,P2,6,F,WORK,75,150,40,0,23,1100,37,15,10,1,false,false,"",0,true,0,0,true,C2A0T1I2F0,22,INSPECT,INSPECTOR,1,false,false,1,ASSEMBLE,false
P2|N6|F|WORK|d75|p150|f40|b10,P2,6,F,WORK,75,150,40,10,23,1210,37,15,10,1,false,false,"",0,true,0,0,true,C2A0T1I2F0,22,INSPECT,INSPECTOR,1,false,false,1,ASSEMBLE,false
P2|N6|F|WORK|d75|p150|f40|b25,P2,6,F,WORK,75,150,40,25,23,1375,37,15,10,2,true,false,"",0,true,0,0,true,C2A0T1I2F0,22,INSPECT,INSPECTOR,1,false,false,1,ASSEMBLE,false
P2|N6|F|WORK|d75|p150|f40|b50,P2,6,F,WORK,75,150,40,50,23,1650,37,15,10,3,true,false,"",0,true,0,0,true,C2A0T1I2F0,22,INSPECT,INSPECTOR,1,false,false,1,ASSEMBLE,false
P2|N6|F|WORK|d75|p150|f60|b0,P2,6,F,WORK,75,150,60,0,28,950,37,15,10,1,false,false,"",0,true,0,0,true,C1A0T1I2F0,27,CUT,CUTTER,5,true,true,1,INSPECT,false
P2|N6|F|WORK|d75|p150|f60|b10,P2,6,F,WORK,75,150,60,10,28,1045,37,15,10,1,false,false,"",0,true,0,0,true,C1A0T1I2F0,27,CUT,CUTTER,5,true,true,1,INSPECT,false
P2|N6|F|WORK|d75|p150|f60|b25,P2,6,F,WORK,75,150,60,25,28,1187,37,15,10,2,true,false,"",0,true,0,0,true,C1A0T1I2F0,27,CUT,CUTTER,5,true,true,1,INSPECT,false
P2|N6|F|WORK|d75|p150|f60|b50,P2,6,F,WORK,75,150,60,50,28,1425,37,15,10,3,true,false,"",0,true,0,0,true,C1A0T1I2F0,27,CUT,CUTTER,5,true,true,1,INSPECT,false
P2|N6|F|WORK|d75|p150|f80|b0,P2,6,F,WORK,75,150,80,0,32,850,37,15,10,1,false,false,"",0,true,0,0,true,C1A1T0I2F0,32,ASSEMBLE,ASSEMBLER,5,true,true,1,CUT,false
P2|N6|F|WORK|d75|p150|f80|b10,P2,6,F,WORK,75,150,80,10,32,935,37,15,10,1,false,false,"",0,true,0,0,true,C1A1T0I2F0,32,ASSEMBLE,ASSEMBLER,5,true,true,1,CUT,false
P2|N6|F|WORK|d75|p150|f80|b25,P2,6,F,WORK,75,150,80,25,32,1062,37,15,10,2,true,false,"",0,true,0,0,true,C1A1T0I2F0,32,ASSEMBLE,ASSEMBLER,5,true,true,1,CUT,false
P2|N6|F|WORK|d75|p150|f80|b50,P2,6,F,WORK,75,150,80,50,32,1275,37,15,10,3,true,false,"",0,true,0,0,true,C1A1T0I2F0,32,ASSEMBLE,ASSEMBLER,5,true,true,1,CUT,false
P2|N6|F|WORK|d75|p200|f20|b0,P2,6,F,WORK,75,200,20,0,19,1700,37,15,9,1,false,false,"",0,true,0,0,true,C3A1T1I3F0,17,INSPECT,INSPECTOR,0,false,false,3,ASSEMBLE,false
P2|N6|F|WORK|d75|p200|f20|b10,P2,6,F,WORK,75,200,20,10,19,1870,37,15,9,1,false,false,"",0,true,0,0,true,C3A1T1I3F0,17,INSPECT,INSPECTOR,0,false,false,3,ASSEMBLE,false
P2|N6|F|WORK|d75|p200|f20|b25,P2,6,F,WORK,75,200,20,25,19,2125,37,15,9,1,false,false,"",0,true,0,0,true,C3A1T1I3F0,17,INSPECT,INSPECTOR,0,false,false,3,ASSEMBLE,false
P2|N6|F|WORK|d75|p200|f20|b50,P2,6,F,WORK,75,200,20,50,19,2550,37,15,9,1,false,false,"",0,true,0,0,true,C3A1T1I3F0,17,INSPECT,INSPECTOR,0,false,false,3,ASSEMBLE,false
P2|N6|F|WORK|d75|p200|f40|b0,P2,6,F,WORK,75,200,40,0,23,1100,37,15,9,1,false,false,"",0,true,0,0,true,C2A0T1I2F0,22,INSPECT,INSPECTOR,1,false,false,1,ASSEMBLE,false
P2|N6|F|WORK|d75|p200|f40|b10,P2,6,F,WORK,75,200,40,10,23,1210,37,15,9,1,false,false,"",0,true,0,0,true,C2A0T1I2F0,22,INSPECT,INSPECTOR,1,false,false,1,ASSEMBLE,false
P2|N6|F|WORK|d75|p200|f40|b25,P2,6,F,WORK,75,200,40,25,23,1375,37,15,9,2,true,false,"",0,true,0,0,true,C2A0T1I2F0,22,INSPECT,INSPECTOR,1,false,false,1,ASSEMBLE,false
P2|N6|F|WORK|d75|p200|f40|b50,P2,6,F,WORK,75,200,40,50,23,1650,37,15,9,3,true,false,"",0,true,0,0,true,C2A0T1I2F0,22,INSPECT,INSPECTOR,1,false,false,1,ASSEMBLE,false
P2|N6|F|WORK|d75|p200|f60|b0,P2,6,F,WORK,75,200,60,0,28,950,37,15,9,1,false,false,"",0,true,0,0,true,C1A0T1I2F0,27,CUT,CUTTER,5,true,true,1,INSPECT,false
P2|N6|F|WORK|d75|p200|f60|b10,P2,6,F,WORK,75,200,60,10,28,1045,37,15,9,1,false,false,"",0,true,0,0,true,C1A0T1I2F0,27,CUT,CUTTER,5,true,true,1,INSPECT,false
P2|N6|F|WORK|d75|p200|f60|b25,P2,6,F,WORK,75,200,60,25,28,1187,37,15,9,2,true,false,"",0,true,0,0,true,C1A0T1I2F0,27,CUT,CUTTER,5,true,true,1,INSPECT,false
P2|N6|F|WORK|d75|p200|f60|b50,P2,6,F,WORK,75,200,60,50,28,1425,37,15,9,3,true,false,"",0,true,0,0,true,C1A0T1I2F0,27,CUT,CUTTER,5,true,true,1,INSPECT,false
P2|N6|F|WORK|d75|p200|f80|b0,P2,6,F,WORK,75,200,80,0,32,850,37,15,9,1,false,false,"",0,true,0,0,true,C1A1T0I2F0,32,ASSEMBLE,ASSEMBLER,5,true,true,1,CUT,false
P2|N6|F|WORK|d75|p200|f80|b10,P2,6,F,WORK,75,200,80,10,32,935,37,15,9,1,false,false,"",0,true,0,0,true,C1A1T0I2F0,32,ASSEMBLE,ASSEMBLER,5,true,true,1,CUT,false
P2|N6|F|WORK|d75|p200|f80|b25,P2,6,F,WORK,75,200,80,25,32,1062,37,15,9,2,true,false,"",0,true,0,0,true,C1A1T0I2F0,32,ASSEMBLE,ASSEMBLER,5,true,true,1,CUT,false
P2|N6|F|WORK|d75|p200|f80|b50,P2,6,F,WORK,75,200,80,50,32,1275,37,15,9,3,true,false,"",0,true,0,0,true,C1A1T0I2F0,32,ASSEMBLE,ASSEMBLER,5,true,true,1,CUT,false
P2|N6|F|WORK|d90|p100|f20|b0,P2,6,F,WORK,90,100,20,0,19,1500,37,15,15,1,false,false,"",0,true,0,0,true,C2A1T0I1F3,19,ASSEMBLE+INSPECT,ASSEMBLER,0,false,false,2,CUT,false
P2|N6|F|WORK|d90|p100|f20|b10,P2,6,F,WORK,90,100,20,10,19,1650,37,15,15,2,true,false,"",1,false,0,0,true,C2A1T0I1F3,19,ASSEMBLE+INSPECT,ASSEMBLER,0,false,false,2,CUT,false
P2|N6|F|WORK|d90|p100|f20|b25,P2,6,F,WORK,90,100,20,25,19,1875,37,15,15,2,true,false,"",1,false,0,0,true,C2A1T0I1F3,19,ASSEMBLE+INSPECT,ASSEMBLER,0,false,false,2,CUT,false
P2|N6|F|WORK|d90|p100|f20|b50,P2,6,F,WORK,90,100,20,50,19,2250,37,15,15,3,true,true,"C2A1T0I1F3[1500,19,ASSEMBLE+INSPECT] vs C3A0T0I3F3[1950,16,ASSEMBLE+INSPECT]",1,false,0,0,true,C2A1T0I1F3,19,ASSEMBLE+INSPECT,ASSEMBLER,0,false,false,2,CUT,false
P2|N6|F|WORK|d90|p100|f40|b0,P2,6,F,WORK,90,100,40,0,23,1160,37,15,15,1,false,false,"",0,true,1,1,true,C2A0T1I0F2,22,ASSEMBLE+INSPECT,INSPECTOR,2,true,true,2,CUT|ASSEMBLE+INSPECT,false
P2|N6|F|WORK|d90|p100|f40|b10,P2,6,F,WORK,90,100,40,10,23,1276,37,15,15,2,true,true,"C2A0T1I2F0[1160,22,INSPECT] vs C3A0T0I0F3[1200,21,ASSEMBLE+INSPECT]",1,false,1,1,true,C2A0T1I0F2,22,ASSEMBLE+INSPECT,INSPECTOR,2,true,true,2,CUT|ASSEMBLE+INSPECT,true
P2|N6|F|WORK|d90|p100|f40|b25,P2,6,F,WORK,90,100,40,25,23,1450,37,15,15,3,true,true,"C2A0T1I2F0[1160,22,INSPECT] vs C3A0T0I0F3[1200,21,ASSEMBLE+INSPECT]",1,false,2,2,true,C2A0T1I0F2,22,ASSEMBLE+INSPECT,INSPECTOR,2,true,true,2,CUT|ASSEMBLE+INSPECT,true
P2|N6|F|WORK|d90|p100|f40|b50,P2,6,F,WORK,90,100,40,50,23,1740,37,15,15,5,true,true,"C2A0T1I2F0[1160,22,INSPECT] vs C3A0T0I0F3[1200,21,ASSEMBLE+INSPECT]",6,false,2,2,true,C2A0T1I0F2,22,ASSEMBLE+INSPECT,INSPECTOR,2,true,true,2,CUT|ASSEMBLE+INSPECT,true
P2|N6|F|WORK|d90|p100|f60|b0,P2,6,F,WORK,90,100,60,0,28,850,37,15,15,1,false,false,"",0,true,1,1,true,C1A1T0I0F2,28,CUT|ASSEMBLE+INSPECT,CUTTER,2,true,true,0,,false
P2|N6|F|WORK|d90|p100|f60|b10,P2,6,F,WORK,90,100,60,10,28,935,37,15,15,2,true,false,"",2,false,1,1,true,C1A1T0I0F2,28,CUT|ASSEMBLE+INSPECT,CUTTER,2,true,true,0,,false
P2|N6|F|WORK|d90|p100|f60|b25,P2,6,F,WORK,90,100,60,25,28,1062,37,15,15,4,true,true,"C1A1T0I0F2[850,28,CUT|ASSEMBLE+INSPECT] vs C2A1T0I1F1[1000,26,ASSEMBLE+INSPECT]",4,false,2,2,true,C1A1T0I0F2,28,CUT|ASSEMBLE+INSPECT,CUTTER,2,true,true,0,,false
P2|N6|F|WORK|d90|p100|f60|b50,P2,6,F,WORK,90,100,60,50,28,1275,37,15,15,6,true,true,"C1A1T0I0F2[850,28,CUT|ASSEMBLE+INSPECT] vs C2A1T0I1F1[1000,26,ASSEMBLE+INSPECT]",7,false,3,3,true,C1A1T0I0F2,28,CUT|ASSEMBLE+INSPECT,CUTTER,2,true,true,0,,false
P2|N6|F|WORK|d90|p100|f80|b0,P2,6,F,WORK,90,100,80,0,32,800,37,15,15,1,false,false,"",0,true,0,0,true,C2A0T0I0F2,30,ASSEMBLE+INSPECT,FLEX_CELL,6,true,true,4,CUT|ASSEMBLE+INSPECT,false
P2|N6|F|WORK|d90|p100|f80|b10,P2,6,F,WORK,90,100,80,10,32,880,37,15,15,2,true,true,"C2A0T0I0F2[800,30,ASSEMBLE+INSPECT] vs C1A1T0I0F2[850,28,CUT|ASSEMBLE+INSPECT]",0,false,1,1,true,C2A0T0I0F2,30,ASSEMBLE+INSPECT,FLEX_CELL,6,true,true,4,CUT|ASSEMBLE+INSPECT,true
P2|N6|F|WORK|d90|p100|f80|b25,P2,6,F,WORK,90,100,80,25,32,1000,37,15,15,4,true,true,"C2A0T0I0F2[800,30,ASSEMBLE+INSPECT] vs C1A1T0I0F2[850,28,CUT|ASSEMBLE+INSPECT]",2,false,2,2,true,C2A0T0I0F2,30,ASSEMBLE+INSPECT,FLEX_CELL,6,true,true,4,CUT|ASSEMBLE+INSPECT,true
P2|N6|F|WORK|d90|p100|f80|b50,P2,6,F,WORK,90,100,80,50,32,1200,37,15,15,7,true,true,"C2A0T0I0F2[800,30,ASSEMBLE+INSPECT] vs C1A1T0I0F2[850,28,CUT|ASSEMBLE+INSPECT]",7,false,3,3,true,C2A0T0I0F2,30,ASSEMBLE+INSPECT,FLEX_CELL,6,true,true,4,CUT|ASSEMBLE+INSPECT,true
P2|N6|F|WORK|d90|p125|f20|b0,P2,6,F,WORK,90,125,20,0,19,1689,37,15,14,1,false,false,"",0,true,0,0,true,C2A1T0I1F3,19,ASSEMBLE+INSPECT,ASSEMBLER,0,false,false,2,CUT,false
P2|N6|F|WORK|d90|p125|f20|b10,P2,6,F,WORK,90,125,20,10,19,1857,37,15,14,2,true,true,"C2A1T0I1F3[1689,19,ASSEMBLE+INSPECT] vs C3A1T1I3F0[1760,17,INSPECT]",0,false,0,0,true,C2A1T0I1F3,19,ASSEMBLE+INSPECT,ASSEMBLER,0,false,false,2,CUT,false
P2|N6|F|WORK|d90|p125|f20|b25,P2,6,F,WORK,90,125,20,25,19,2111,37,15,14,2,true,true,"C2A1T0I1F3[1689,19,ASSEMBLE+INSPECT] vs C3A1T1I3F0[1760,17,INSPECT]",0,false,0,0,true,C2A1T0I1F3,19,ASSEMBLE+INSPECT,ASSEMBLER,0,false,false,2,CUT,false
P2|N6|F|WORK|d90|p125|f20|b50,P2,6,F,WORK,90,125,20,50,19,2533,37,15,14,3,true,true,"C2A1T0I1F3[1689,19,ASSEMBLE+INSPECT] vs C3A1T1I3F0[1760,17,INSPECT]",0,false,0,0,true,C2A1T0I1F3,19,ASSEMBLE+INSPECT,ASSEMBLER,0,false,false,2,CUT,false
P2|N6|F|WORK|d90|p125|f40|b0,P2,6,F,WORK,90,125,40,0,23,1160,37,15,14,1,false,false,"",0,true,0,0,true,C2A0T1I2F0,22,INSPECT,INSPECTOR,1,false,false,1,ASSEMBLE,false
P2|N6|F|WORK|d90|p125|f40|b10,P2,6,F,WORK,90,125,40,10,23,1276,37,15,14,1,false,false,"",0,true,0,0,true,C2A0T1I2F0,22,INSPECT,INSPECTOR,1,false,false,1,ASSEMBLE,false
P2|N6|F|WORK|d90|p125|f40|b25,P2,6,F,WORK,90,125,40,25,23,1450,37,15,14,2,true,true,"C2A0T1I2F0[1160,22,INSPECT] vs C2A1T0I1F2[1376,21,ASSEMBLE+INSPECT]",0,false,0,0,true,C2A0T1I2F0,22,INSPECT,INSPECTOR,1,false,false,1,ASSEMBLE,false
P2|N6|F|WORK|d90|p125|f40|b50,P2,6,F,WORK,90,125,40,50,23,1740,37,15,14,4,true,true,"C2A0T1I2F0[1160,22,INSPECT] vs C2A1T0I1F2[1376,21,ASSEMBLE+INSPECT]",1,false,0,0,true,C2A0T1I2F0,22,INSPECT,INSPECTOR,1,false,false,1,ASSEMBLE,false
P2|N6|F|WORK|d90|p125|f60|b0,P2,6,F,WORK,90,125,60,0,28,913,37,15,14,1,false,false,"",0,true,0,0,true,C1A1T0I1F1,28,CUT|ASSEMBLE+INSPECT,CUTTER,2,true,true,0,,false
P2|N6|F|WORK|d90|p125|f60|b10,P2,6,F,WORK,90,125,60,10,28,1004,37,15,14,1,false,false,"",0,true,0,0,true,C1A1T0I1F1,28,CUT|ASSEMBLE+INSPECT,CUTTER,2,true,true,0,,false
P2|N6|F|WORK|d90|p125|f60|b25,P2,6,F,WORK,90,125,60,25,28,1141,37,15,14,3,true,true,"C1A1T0I1F1[913,28,CUT|ASSEMBLE+INSPECT] vs C1A0T1I2F0[1010,27,CUT]",0,false,0,0,true,C1A1T0I1F1,28,CUT|ASSEMBLE+INSPECT,CUTTER,2,true,true,0,,false
P2|N6|F|WORK|d90|p125|f60|b50,P2,6,F,WORK,90,125,60,50,28,1369,37,15,14,4,true,true,"C1A1T0I1F1[913,28,CUT|ASSEMBLE+INSPECT] vs C1A0T1I2F0[1010,27,CUT]",0,false,0,0,true,C1A1T0I1F1,28,CUT|ASSEMBLE+INSPECT,CUTTER,2,true,true,0,,false
P2|N6|F|WORK|d90|p125|f80|b0,P2,6,F,WORK,90,125,80,0,32,850,37,15,14,1,false,false,"",0,true,0,0,true,C1A1T0I2F0,32,ASSEMBLE,ASSEMBLER,5,true,true,1,CUT,false
P2|N6|F|WORK|d90|p125|f80|b10,P2,6,F,WORK,90,125,80,10,32,935,37,15,14,2,true,true,"C1A1T0I2F0[850,32,ASSEMBLE] vs C1A1T0I1F1[913,28,CUT|ASSEMBLE+INSPECT]",0,false,0,0,true,C1A1T0I2F0,32,ASSEMBLE,ASSEMBLER,5,true,true,1,CUT,true
P2|N6|F|WORK|d90|p125|f80|b25,P2,6,F,WORK,90,125,80,25,32,1062,37,15,14,3,true,true,"C1A1T0I2F0[850,32,ASSEMBLE] vs C1A1T0I1F1[913,28,CUT|ASSEMBLE+INSPECT]",0,false,0,0,true,C1A1T0I2F0,32,ASSEMBLE,ASSEMBLER,5,true,true,1,CUT,true
P2|N6|F|WORK|d90|p125|f80|b50,P2,6,F,WORK,90,125,80,50,32,1275,37,15,14,5,true,true,"C1A1T0I2F0[850,32,ASSEMBLE] vs C1A1T0I1F1[913,28,CUT|ASSEMBLE+INSPECT]",0,false,0,0,true,C1A1T0I2F0,32,ASSEMBLE,ASSEMBLER,5,true,true,1,CUT,true
P2|N6|F|WORK|d90|p150|f20|b0,P2,6,F,WORK,90,150,20,0,19,1760,37,15,12,1,false,false,"",0,true,0,0,true,C3A1T1I3F0,17,INSPECT,INSPECTOR,0,false,false,3,ASSEMBLE,false
P2|N6|F|WORK|d90|p150|f20|b10,P2,6,F,WORK,90,150,20,10,19,1936,37,15,12,1,false,false,"",0,true,0,0,true,C3A1T1I3F0,17,INSPECT,INSPECTOR,0,false,false,3,ASSEMBLE,false
P2|N6|F|WORK|d90|p150|f20|b25,P2,6,F,WORK,90,150,20,25,19,2200,37,15,12,1,false,false,"",0,true,0,0,true,C3A1T1I3F0,17,INSPECT,INSPECTOR,0,false,false,3,ASSEMBLE,false
P2|N6|F|WORK|d90|p150|f20|b50,P2,6,F,WORK,90,150,20,50,19,2640,37,15,12,2,true,true,"C3A1T1I3F0[1760,17,INSPECT] vs C3A0T0I3F3[2325,16,ASSEMBLE+INSPECT]",0,false,0,0,true,C3A1T1I3F0,17,INSPECT,INSPECTOR,0,false,false,3,ASSEMBLE,false
P2|N6|F|WORK|d90|p150|f40|b0,P2,6,F,WORK,90,150,40,0,23,1160,37,15,12,1,false,false,"",0,true,0,0,true,C2A0T1I2F0,22,INSPECT,INSPECTOR,1,false,false,1,ASSEMBLE,false
P2|N6|F|WORK|d90|p150|f40|b10,P2,6,F,WORK,90,150,40,10,23,1276,37,15,12,1,false,false,"",0,true,0,0,true,C2A0T1I2F0,22,INSPECT,INSPECTOR,1,false,false,1,ASSEMBLE,false
P2|N6|F|WORK|d90|p150|f40|b25,P2,6,F,WORK,90,150,40,25,23,1450,37,15,12,2,true,false,"",0,true,0,0,true,C2A0T1I2F0,22,INSPECT,INSPECTOR,1,false,false,1,ASSEMBLE,false
P2|N6|F|WORK|d90|p150|f40|b50,P2,6,F,WORK,90,150,40,50,23,1740,37,15,12,3,true,false,"",0,true,0,0,true,C2A0T1I2F0,22,INSPECT,INSPECTOR,1,false,false,1,ASSEMBLE,false
P2|N6|F|WORK|d90|p150|f60|b0,P2,6,F,WORK,90,150,60,0,28,975,37,15,12,1,false,false,"",0,true,0,0,true,C1A1T0I1F1,28,CUT|ASSEMBLE+INSPECT,CUTTER,2,true,true,0,,false
P2|N6|F|WORK|d90|p150|f60|b10,P2,6,F,WORK,90,150,60,10,28,1072,37,15,12,2,true,true,"C1A1T0I1F1[975,28,CUT|ASSEMBLE+INSPECT] vs C1A0T1I2F0[1010,27,CUT]",0,false,0,0,true,C1A1T0I1F1,28,CUT|ASSEMBLE+INSPECT,CUTTER,2,true,true,0,,false
P2|N6|F|WORK|d90|p150|f60|b25,P2,6,F,WORK,90,150,60,25,28,1218,37,15,12,4,true,true,"C1A1T0I1F1[975,28,CUT|ASSEMBLE+INSPECT] vs C1A0T1I2F0[1010,27,CUT]",0,false,0,0,true,C1A1T0I1F1,28,CUT|ASSEMBLE+INSPECT,CUTTER,2,true,true,0,,false
P2|N6|F|WORK|d90|p150|f60|b50,P2,6,F,WORK,90,150,60,50,28,1462,37,15,12,5,true,true,"C1A1T0I1F1[975,28,CUT|ASSEMBLE+INSPECT] vs C1A0T1I2F0[1010,27,CUT]",0,false,0,0,true,C1A1T0I1F1,28,CUT|ASSEMBLE+INSPECT,CUTTER,2,true,true,0,,false
P2|N6|F|WORK|d90|p150|f80|b0,P2,6,F,WORK,90,150,80,0,32,850,37,15,12,1,false,false,"",0,true,0,0,true,C1A1T0I2F0,32,ASSEMBLE,ASSEMBLER,5,true,true,1,CUT,false
P2|N6|F|WORK|d90|p150|f80|b10,P2,6,F,WORK,90,150,80,10,32,935,37,15,12,1,false,false,"",0,true,0,0,true,C1A1T0I2F0,32,ASSEMBLE,ASSEMBLER,5,true,true,1,CUT,false
P2|N6|F|WORK|d90|p150|f80|b25,P2,6,F,WORK,90,150,80,25,32,1062,37,15,12,3,true,true,"C1A1T0I2F0[850,32,ASSEMBLE] vs C1A1T0I1F1[975,28,CUT|ASSEMBLE+INSPECT]",0,false,0,0,true,C1A1T0I2F0,32,ASSEMBLE,ASSEMBLER,5,true,true,1,CUT,true
P2|N6|F|WORK|d90|p150|f80|b50,P2,6,F,WORK,90,150,80,50,32,1275,37,15,12,5,true,true,"C1A1T0I2F0[850,32,ASSEMBLE] vs C1A1T0I1F1[975,28,CUT|ASSEMBLE+INSPECT]",0,false,0,0,true,C1A1T0I2F0,32,ASSEMBLE,ASSEMBLER,5,true,true,1,CUT,true
P2|N6|F|WORK|d90|p200|f20|b0,P2,6,F,WORK,90,200,20,0,19,1760,37,15,9,1,false,false,"",0,true,0,0,true,C3A1T1I3F0,17,INSPECT,INSPECTOR,0,false,false,3,ASSEMBLE,false
P2|N6|F|WORK|d90|p200|f20|b10,P2,6,F,WORK,90,200,20,10,19,1936,37,15,9,1,false,false,"",0,true,0,0,true,C3A1T1I3F0,17,INSPECT,INSPECTOR,0,false,false,3,ASSEMBLE,false
P2|N6|F|WORK|d90|p200|f20|b25,P2,6,F,WORK,90,200,20,25,19,2200,37,15,9,1,false,false,"",0,true,0,0,true,C3A1T1I3F0,17,INSPECT,INSPECTOR,0,false,false,3,ASSEMBLE,false
P2|N6|F|WORK|d90|p200|f20|b50,P2,6,F,WORK,90,200,20,50,19,2640,37,15,9,1,false,false,"",0,true,0,0,true,C3A1T1I3F0,17,INSPECT,INSPECTOR,0,false,false,3,ASSEMBLE,false
P2|N6|F|WORK|d90|p200|f40|b0,P2,6,F,WORK,90,200,40,0,23,1160,37,15,9,1,false,false,"",0,true,0,0,true,C2A0T1I2F0,22,INSPECT,INSPECTOR,1,false,false,1,ASSEMBLE,false
P2|N6|F|WORK|d90|p200|f40|b10,P2,6,F,WORK,90,200,40,10,23,1276,37,15,9,1,false,false,"",0,true,0,0,true,C2A0T1I2F0,22,INSPECT,INSPECTOR,1,false,false,1,ASSEMBLE,false
P2|N6|F|WORK|d90|p200|f40|b25,P2,6,F,WORK,90,200,40,25,23,1450,37,15,9,2,true,false,"",0,true,0,0,true,C2A0T1I2F0,22,INSPECT,INSPECTOR,1,false,false,1,ASSEMBLE,false
P2|N6|F|WORK|d90|p200|f40|b50,P2,6,F,WORK,90,200,40,50,23,1740,37,15,9,3,true,false,"",0,true,0,0,true,C2A0T1I2F0,22,INSPECT,INSPECTOR,1,false,false,1,ASSEMBLE,false
P2|N6|F|WORK|d90|p200|f60|b0,P2,6,F,WORK,90,200,60,0,28,1010,37,15,9,1,false,false,"",0,true,0,0,true,C1A0T1I2F0,27,CUT,CUTTER,5,true,true,1,INSPECT,false
P2|N6|F|WORK|d90|p200|f60|b10,P2,6,F,WORK,90,200,60,10,28,1111,37,15,9,1,false,false,"",0,true,0,0,true,C1A0T1I2F0,27,CUT,CUTTER,5,true,true,1,INSPECT,false
P2|N6|F|WORK|d90|p200|f60|b25,P2,6,F,WORK,90,200,60,25,28,1262,37,15,9,2,true,false,"",0,true,0,0,true,C1A0T1I2F0,27,CUT,CUTTER,5,true,true,1,INSPECT,false
P2|N6|F|WORK|d90|p200|f60|b50,P2,6,F,WORK,90,200,60,50,28,1515,37,15,9,3,true,false,"",0,true,0,0,true,C1A0T1I2F0,27,CUT,CUTTER,5,true,true,1,INSPECT,false
P2|N6|F|WORK|d90|p200|f80|b0,P2,6,F,WORK,90,200,80,0,32,850,37,15,9,1,false,false,"",0,true,0,0,true,C1A1T0I2F0,32,ASSEMBLE,ASSEMBLER,5,true,true,1,CUT,false
P2|N6|F|WORK|d90|p200|f80|b10,P2,6,F,WORK,90,200,80,10,32,935,37,15,9,1,false,false,"",0,true,0,0,true,C1A1T0I2F0,32,ASSEMBLE,ASSEMBLER,5,true,true,1,CUT,false
P2|N6|F|WORK|d90|p200|f80|b25,P2,6,F,WORK,90,200,80,25,32,1062,37,15,9,2,true,false,"",0,true,0,0,true,C1A1T0I2F0,32,ASSEMBLE,ASSEMBLER,5,true,true,1,CUT,false
P2|N6|F|WORK|d90|p200|f80|b50,P2,6,F,WORK,90,200,80,50,32,1275,37,15,9,3,true,false,"",0,true,0,0,true,C1A1T0I2F0,32,ASSEMBLE,ASSEMBLER,5,true,true,1,CUT,false
P2|N6|F|WORK|d100|p100|f20|b0,P2,6,F,WORK,100,100,20,0,19,1500,37,15,14,1,false,false,"",0,true,0,0,true,C2A1T0I1F3,19,ASSEMBLE+INSPECT,ASSEMBLER,0,false,false,2,CUT,false
P2|N6|F|WORK|d100|p100|f20|b10,P2,6,F,WORK,100,100,20,10,19,1650,37,15,14,2,true,false,"",1,false,0,0,true,C2A1T0I1F3,19,ASSEMBLE+INSPECT,ASSEMBLER,0,false,false,2,CUT,false
P2|N6|F|WORK|d100|p100|f20|b25,P2,6,F,WORK,100,100,20,25,19,1875,37,15,14,2,true,false,"",1,false,0,0,true,C2A1T0I1F3,19,ASSEMBLE+INSPECT,ASSEMBLER,0,false,false,2,CUT,false
P2|N6|F|WORK|d100|p100|f20|b50,P2,6,F,WORK,100,100,20,50,19,2250,37,15,14,3,true,true,"C2A1T0I1F3[1500,19,ASSEMBLE+INSPECT] vs C3A0T0I3F3[1950,16,ASSEMBLE+INSPECT]",1,false,0,0,true,C2A1T0I1F3,19,ASSEMBLE+INSPECT,ASSEMBLER,0,false,false,2,CUT,false
P2|N6|F|WORK|d100|p100|f40|b0,P2,6,F,WORK,100,100,40,0,23,1200,37,15,14,1,false,false,"",0,true,0,0,true,C3A0T0I0F3,21,ASSEMBLE+INSPECT,ASSEMBLER,0,false,false,0,,false
P2|N6|F|WORK|d100|p100|f40|b10,P2,6,F,WORK,100,100,40,10,23,1320,37,15,14,1,false,false,"",0,true,0,0,true,C3A0T0I0F3,21,ASSEMBLE+INSPECT,ASSEMBLER,0,false,false,0,,false
P2|N6|F|WORK|d100|p100|f40|b25,P2,6,F,WORK,100,100,40,25,23,1500,37,15,14,3,true,true,"C3A0T0I0F3[1200,21,ASSEMBLE+INSPECT] vs C2A0T1I0F3[1450,20,ASSEMBLE+INSPECT]",4,false,1,1,true,C3A0T0I0F3,21,ASSEMBLE+INSPECT,ASSEMBLER,0,false,false,0,,false
P2|N6|F|WORK|d100|p100|f40|b50,P2,6,F,WORK,100,100,40,50,23,1800,37,15,14,4,true,true,"C3A0T0I0F3[1200,21,ASSEMBLE+INSPECT] vs C2A0T1I0F3[1450,20,ASSEMBLE+INSPECT]",9,false,1,1,true,C3A0T0I0F3,21,ASSEMBLE+INSPECT,ASSEMBLER,0,false,false,0,,false
P2|N6|F|WORK|d100|p100|f60|b0,P2,6,F,WORK,100,100,60,0,28,850,37,15,14,1,false,false,"",0,true,1,1,true,C1A1T0I0F2,28,CUT|ASSEMBLE+INSPECT,CUTTER,2,true,true,0,,false
P2|N6|F|WORK|d100|p100|f60|b10,P2,6,F,WORK,100,100,60,10,28,935,37,15,14,2,true,false,"",2,false,1,1,true,C1A1T0I0F2,28,CUT|ASSEMBLE+INSPECT,CUTTER,2,true,true,0,,false
P2|N6|F|WORK|d100|p100|f60|b25,P2,6,F,WORK,100,100,60,25,28,1062,37,15,14,4,true,true,"C1A1T0I0F2[850,28,CUT|ASSEMBLE+INSPECT] vs C2A1T0I1F1[1000,26,ASSEMBLE+INSPECT]",4,false,2,2,true,C1A1T0I0F2,28,CUT|ASSEMBLE+INSPECT,CUTTER,2,true,true,0,,false
P2|N6|F|WORK|d100|p100|f60|b50,P2,6,F,WORK,100,100,60,50,28,1275,37,15,14,5,true,true,"C1A1T0I0F2[850,28,CUT|ASSEMBLE+INSPECT] vs C2A1T0I1F1[1000,26,ASSEMBLE+INSPECT]",6,false,2,2,true,C1A1T0I0F2,28,CUT|ASSEMBLE+INSPECT,CUTTER,2,true,true,0,,false
P2|N6|F|WORK|d100|p100|f80|b0,P2,6,F,WORK,100,100,80,0,32,800,37,15,14,1,false,false,"",0,true,0,0,true,C2A0T0I0F2,30,ASSEMBLE+INSPECT,FLEX_CELL,6,true,true,4,CUT|ASSEMBLE+INSPECT,false
P2|N6|F|WORK|d100|p100|f80|b10,P2,6,F,WORK,100,100,80,10,32,880,37,15,14,2,true,true,"C2A0T0I0F2[800,30,ASSEMBLE+INSPECT] vs C1A1T0I0F2[850,28,CUT|ASSEMBLE+INSPECT]",0,false,1,1,true,C2A0T0I0F2,30,ASSEMBLE+INSPECT,FLEX_CELL,6,true,true,4,CUT|ASSEMBLE+INSPECT,true
P2|N6|F|WORK|d100|p100|f80|b25,P2,6,F,WORK,100,100,80,25,32,1000,37,15,14,4,true,true,"C2A0T0I0F2[800,30,ASSEMBLE+INSPECT] vs C1A1T0I0F2[850,28,CUT|ASSEMBLE+INSPECT]",2,false,2,2,true,C2A0T0I0F2,30,ASSEMBLE+INSPECT,FLEX_CELL,6,true,true,4,CUT|ASSEMBLE+INSPECT,true
P2|N6|F|WORK|d100|p100|f80|b50,P2,6,F,WORK,100,100,80,50,32,1200,37,15,14,6,true,true,"C2A0T0I0F2[800,30,ASSEMBLE+INSPECT] vs C1A1T0I0F2[850,28,CUT|ASSEMBLE+INSPECT]",6,false,2,2,true,C2A0T0I0F2,30,ASSEMBLE+INSPECT,FLEX_CELL,6,true,true,4,CUT|ASSEMBLE+INSPECT,true
P2|N6|F|WORK|d100|p125|f20|b0,P2,6,F,WORK,100,125,20,0,19,1689,37,15,15,1,false,false,"",0,true,0,0,true,C2A1T0I1F3,19,ASSEMBLE+INSPECT,ASSEMBLER,0,false,false,2,CUT,false
P2|N6|F|WORK|d100|p125|f20|b10,P2,6,F,WORK,100,125,20,10,19,1857,37,15,15,2,true,false,"",1,false,0,0,true,C2A1T0I1F3,19,ASSEMBLE+INSPECT,ASSEMBLER,0,false,false,2,CUT,false
P2|N6|F|WORK|d100|p125|f20|b25,P2,6,F,WORK,100,125,20,25,19,2111,37,15,15,2,true,false,"",1,false,0,0,true,C2A1T0I1F3,19,ASSEMBLE+INSPECT,ASSEMBLER,0,false,false,2,CUT,false
P2|N6|F|WORK|d100|p125|f20|b50,P2,6,F,WORK,100,125,20,50,19,2533,37,15,15,3,true,true,"C2A1T0I1F3[1689,19,ASSEMBLE+INSPECT] vs C3A0T0I3F3[2139,16,ASSEMBLE+INSPECT]",1,false,0,0,true,C2A1T0I1F3,19,ASSEMBLE+INSPECT,ASSEMBLER,0,false,false,2,CUT,false
P2|N6|F|WORK|d100|p125|f40|b0,P2,6,F,WORK,100,125,40,0,23,1200,37,15,15,1,false,false,"",0,true,1,0,true,C2A0T1I2F0,22,INSPECT,INSPECTOR,1,false,false,1,ASSEMBLE,false
P2|N6|F|WORK|d100|p125|f40|b10,P2,6,F,WORK,100,125,40,10,23,1320,37,15,15,1,false,false,"",0,true,1,0,true,C2A0T1I2F0,22,INSPECT,INSPECTOR,1,false,false,1,ASSEMBLE,false
P2|N6|F|WORK|d100|p125|f40|b25,P2,6,F,WORK,100,125,40,25,23,1500,37,15,15,2,true,true,"C2A0T1I2F0[1200,22,INSPECT] vs C2A1T0I1F2[1376,21,ASSEMBLE+INSPECT]",0,false,1,0,true,C2A0T1I2F0,22,INSPECT,INSPECTOR,1,false,false,1,ASSEMBLE,false
P2|N6|F|WORK|d100|p125|f40|b50,P2,6,F,WORK,100,125,40,50,23,1800,37,15,15,5,true,true,"C2A0T1I2F0[1200,22,INSPECT] vs C2A1T0I1F2[1376,21,ASSEMBLE+INSPECT]",3,false,1,0,true,C2A0T1I2F0,22,INSPECT,INSPECTOR,1,false,false,1,ASSEMBLE,false
P2|N6|F|WORK|d100|p125|f60|b0,P2,6,F,WORK,100,125,60,0,28,913,37,15,15,1,false,false,"",0,true,0,0,true,C1A1T0I1F1,28,CUT|ASSEMBLE+INSPECT,CUTTER,2,true,true,0,,false
P2|N6|F|WORK|d100|p125|f60|b10,P2,6,F,WORK,100,125,60,10,28,1004,37,15,15,1,false,false,"",0,true,0,0,true,C1A1T0I1F1,28,CUT|ASSEMBLE+INSPECT,CUTTER,2,true,true,0,,false
P2|N6|F|WORK|d100|p125|f60|b25,P2,6,F,WORK,100,125,60,25,28,1141,37,15,15,3,true,true,"C1A1T0I1F1[913,28,CUT|ASSEMBLE+INSPECT] vs C1A0T1I2F0[1050,27,CUT]",0,false,1,0,true,C1A1T0I1F1,28,CUT|ASSEMBLE+INSPECT,CUTTER,2,true,true,0,,false
P2|N6|F|WORK|d100|p125|f60|b50,P2,6,F,WORK,100,125,60,50,28,1369,37,15,15,5,true,true,"C1A1T0I1F1[913,28,CUT|ASSEMBLE+INSPECT] vs C1A0T1I2F0[1050,27,CUT]",1,false,2,0,true,C1A1T0I1F1,28,CUT|ASSEMBLE+INSPECT,CUTTER,2,true,true,0,,false
P2|N6|F|WORK|d100|p125|f80|b0,P2,6,F,WORK,100,125,80,0,32,850,37,15,15,1,false,false,"",0,true,0,0,true,C1A1T0I2F0,32,ASSEMBLE,ASSEMBLER,5,true,true,1,CUT,false
P2|N6|F|WORK|d100|p125|f80|b10,P2,6,F,WORK,100,125,80,10,32,935,37,15,15,2,true,true,"C1A1T0I2F0[850,32,ASSEMBLE] vs C1A1T0I1F1[913,28,CUT|ASSEMBLE+INSPECT]",0,false,0,0,true,C1A1T0I2F0,32,ASSEMBLE,ASSEMBLER,5,true,true,1,CUT,true
P2|N6|F|WORK|d100|p125|f80|b25,P2,6,F,WORK,100,125,80,25,32,1062,37,15,15,3,true,true,"C1A1T0I2F0[850,32,ASSEMBLE] vs C1A1T0I1F1[913,28,CUT|ASSEMBLE+INSPECT]",0,false,1,0,true,C1A1T0I2F0,32,ASSEMBLE,ASSEMBLER,5,true,true,1,CUT,true
P2|N6|F|WORK|d100|p125|f80|b50,P2,6,F,WORK,100,125,80,50,32,1275,37,15,15,6,true,true,"C1A1T0I2F0[850,32,ASSEMBLE] vs C1A1T0I1F1[913,28,CUT|ASSEMBLE+INSPECT]",1,false,2,0,true,C1A1T0I2F0,32,ASSEMBLE,ASSEMBLER,5,true,true,1,CUT,true
P2|N6|F|WORK|d100|p150|f20|b0,P2,6,F,WORK,100,150,20,0,19,1800,37,15,12,1,false,false,"",0,true,1,0,true,C3A1T1I3F0,17,INSPECT,INSPECTOR,0,false,false,3,ASSEMBLE,false
P2|N6|F|WORK|d100|p150|f20|b10,P2,6,F,WORK,100,150,20,10,19,1980,37,15,12,1,false,false,"",0,true,1,0,true,C3A1T1I3F0,17,INSPECT,INSPECTOR,0,false,false,3,ASSEMBLE,false
P2|N6|F|WORK|d100|p150|f20|b25,P2,6,F,WORK,100,150,20,25,19,2250,37,15,12,1,false,false,"",0,true,1,0,true,C3A1T1I3F0,17,INSPECT,INSPECTOR,0,false,false,3,ASSEMBLE,false
P2|N6|F|WORK|d100|p150|f20|b50,P2,6,F,WORK,100,150,20,50,19,2700,37,15,12,2,true,true,"C3A1T1I3F0[1800,17,INSPECT] vs C3A0T0I3F3[2325,16,ASSEMBLE+INSPECT]",0,false,1,0,true,C3A1T1I3F0,17,INSPECT,INSPECTOR,0,false,false,3,ASSEMBLE,false
P2|N6|F|WORK|d100|p150|f40|b0,P2,6,F,WORK,100,150,40,0,23,1200,37,15,12,1,false,false,"",0,true,1,0,true,C2A0T1I2F0,22,INSPECT,INSPECTOR,1,false,false,1,ASSEMBLE,false
P2|N6|F|WORK|d100|p150|f40|b10,P2,6,F,WORK,100,150,40,10,23,1320,37,15,12,1,false,false,"",0,true,1,0,true,C2A0T1I2F0,22,INSPECT,INSPECTOR,1,false,false,1,ASSEMBLE,false
P2|N6|F|WORK|d100|p150|f40|b25,P2,6,F,WORK,100,150,40,25,23,1500,37,15,12,2,true,false,"",0,true,2,0,true,C2A0T1I2F0,22,INSPECT,INSPECTOR,1,false,false,1,ASSEMBLE,false
P2|N6|F|WORK|d100|p150|f40|b50,P2,6,F,WORK,100,150,40,50,23,1800,37,15,12,4,true,true,"C2A0T1I2F0[1200,22,INSPECT] vs C2A1T0I3F1[1625,20,ASSEMBLE+INSPECT]",2,false,3,0,true,C2A0T1I2F0,22,INSPECT,INSPECTOR,1,false,false,1,ASSEMBLE,false
P2|N6|F|WORK|d100|p150|f60|b0,P2,6,F,WORK,100,150,60,0,28,975,37,15,12,1,false,false,"",0,true,0,0,true,C1A1T0I1F1,28,CUT|ASSEMBLE+INSPECT,CUTTER,2,true,true,0,,false
P2|N6|F|WORK|d100|p150|f60|b10,P2,6,F,WORK,100,150,60,10,28,1072,37,15,12,2,true,true,"C1A1T0I1F1[975,28,CUT|ASSEMBLE+INSPECT] vs C1A0T1I2F0[1050,27,CUT]",0,false,1,0,true,C1A1T0I1F1,28,CUT|ASSEMBLE+INSPECT,CUTTER,2,true,true,0,,false
P2|N6|F|WORK|d100|p150|f60|b25,P2,6,F,WORK,100,150,60,25,28,1218,37,15,12,4,true,true,"C1A1T0I1F1[975,28,CUT|ASSEMBLE+INSPECT] vs C1A0T1I2F0[1050,27,CUT]",0,false,2,0,true,C1A1T0I1F1,28,CUT|ASSEMBLE+INSPECT,CUTTER,2,true,true,0,,false
P2|N6|F|WORK|d100|p150|f60|b50,P2,6,F,WORK,100,150,60,50,28,1462,37,15,12,5,true,true,"C1A1T0I1F1[975,28,CUT|ASSEMBLE+INSPECT] vs C1A0T1I2F0[1050,27,CUT]",0,false,3,0,true,C1A1T0I1F1,28,CUT|ASSEMBLE+INSPECT,CUTTER,2,true,true,0,,false
P2|N6|F|WORK|d100|p150|f80|b0,P2,6,F,WORK,100,150,80,0,32,850,37,15,12,1,false,false,"",0,true,0,0,true,C1A1T0I2F0,32,ASSEMBLE,ASSEMBLER,5,true,true,1,CUT,false
P2|N6|F|WORK|d100|p150|f80|b10,P2,6,F,WORK,100,150,80,10,32,935,37,15,12,1,false,false,"",0,true,0,0,true,C1A1T0I2F0,32,ASSEMBLE,ASSEMBLER,5,true,true,1,CUT,false
P2|N6|F|WORK|d100|p150|f80|b25,P2,6,F,WORK,100,150,80,25,32,1062,37,15,12,3,true,true,"C1A1T0I2F0[850,32,ASSEMBLE] vs C1A1T0I1F1[975,28,CUT|ASSEMBLE+INSPECT]",0,false,1,0,true,C1A1T0I2F0,32,ASSEMBLE,ASSEMBLER,5,true,true,1,CUT,true
P2|N6|F|WORK|d100|p150|f80|b50,P2,6,F,WORK,100,150,80,50,32,1275,37,15,12,5,true,true,"C1A1T0I2F0[850,32,ASSEMBLE] vs C1A1T0I1F1[975,28,CUT|ASSEMBLE+INSPECT]",0,false,2,0,true,C1A1T0I2F0,32,ASSEMBLE,ASSEMBLER,5,true,true,1,CUT,true
P2|N6|F|WORK|d100|p200|f20|b0,P2,6,F,WORK,100,200,20,0,19,1800,37,15,9,1,false,false,"",0,true,1,0,true,C3A1T1I3F0,17,INSPECT,INSPECTOR,0,false,false,3,ASSEMBLE,false
P2|N6|F|WORK|d100|p200|f20|b10,P2,6,F,WORK,100,200,20,10,19,1980,37,15,9,1,false,false,"",0,true,1,0,true,C3A1T1I3F0,17,INSPECT,INSPECTOR,0,false,false,3,ASSEMBLE,false
P2|N6|F|WORK|d100|p200|f20|b25,P2,6,F,WORK,100,200,20,25,19,2250,37,15,9,1,false,false,"",0,true,1,0,true,C3A1T1I3F0,17,INSPECT,INSPECTOR,0,false,false,3,ASSEMBLE,false
P2|N6|F|WORK|d100|p200|f20|b50,P2,6,F,WORK,100,200,20,50,19,2700,37,15,9,2,true,true,"C3A1T1I3F0[1800,17,INSPECT] vs C3A1T0I4F2[2650,16,ASSEMBLE+INSPECT]",0,false,1,0,true,C3A1T1I3F0,17,INSPECT,INSPECTOR,0,false,false,3,ASSEMBLE,false
P2|N6|F|WORK|d100|p200|f40|b0,P2,6,F,WORK,100,200,40,0,23,1200,37,15,9,1,false,false,"",0,true,1,0,true,C2A0T1I2F0,22,INSPECT,INSPECTOR,1,false,false,1,ASSEMBLE,false
P2|N6|F|WORK|d100|p200|f40|b10,P2,6,F,WORK,100,200,40,10,23,1320,37,15,9,1,false,false,"",0,true,1,0,true,C2A0T1I2F0,22,INSPECT,INSPECTOR,1,false,false,1,ASSEMBLE,false
P2|N6|F|WORK|d100|p200|f40|b25,P2,6,F,WORK,100,200,40,25,23,1500,37,15,9,2,true,false,"",0,true,2,0,true,C2A0T1I2F0,22,INSPECT,INSPECTOR,1,false,false,1,ASSEMBLE,false
P2|N6|F|WORK|d100|p200|f40|b50,P2,6,F,WORK,100,200,40,50,23,1800,37,15,9,4,true,false,"",0,false,4,0,true,C2A0T1I2F0,22,INSPECT,INSPECTOR,1,false,false,1,ASSEMBLE,false
P2|N6|F|WORK|d100|p200|f60|b0,P2,6,F,WORK,100,200,60,0,28,1050,37,15,9,1,false,false,"",0,true,1,0,true,C1A0T1I2F0,27,CUT,CUTTER,5,true,true,1,INSPECT,false
P2|N6|F|WORK|d100|p200|f60|b10,P2,6,F,WORK,100,200,60,10,28,1155,37,15,9,1,false,false,"",0,true,1,0,true,C1A0T1I2F0,27,CUT,CUTTER,5,true,true,1,INSPECT,false
P2|N6|F|WORK|d100|p200|f60|b25,P2,6,F,WORK,100,200,60,25,28,1312,37,15,9,2,true,false,"",0,true,2,0,true,C1A0T1I2F0,27,CUT,CUTTER,5,true,true,1,INSPECT,false
P2|N6|F|WORK|d100|p200|f60|b50,P2,6,F,WORK,100,200,60,50,28,1575,37,15,9,3,true,false,"",0,true,3,0,true,C1A0T1I2F0,27,CUT,CUTTER,5,true,true,1,INSPECT,false
P2|N6|F|WORK|d100|p200|f80|b0,P2,6,F,WORK,100,200,80,0,32,850,37,15,9,1,false,false,"",0,true,0,0,true,C1A1T0I2F0,32,ASSEMBLE,ASSEMBLER,5,true,true,1,CUT,false
P2|N6|F|WORK|d100|p200|f80|b10,P2,6,F,WORK,100,200,80,10,32,935,37,15,9,1,false,false,"",0,true,0,0,true,C1A1T0I2F0,32,ASSEMBLE,ASSEMBLER,5,true,true,1,CUT,false
P2|N6|F|WORK|d100|p200|f80|b25,P2,6,F,WORK,100,200,80,25,32,1062,37,15,9,2,true,false,"",0,true,1,0,true,C1A1T0I2F0,32,ASSEMBLE,ASSEMBLER,5,true,true,1,CUT,false
P2|N6|F|WORK|d100|p200|f80|b50,P2,6,F,WORK,100,200,80,50,32,1275,37,15,9,3,true,false,"",0,true,2,0,true,C1A1T0I2F0,32,ASSEMBLE,ASSEMBLER,5,true,true,1,CUT,false
P2|N12|D|UNIFORM|d75|p0|f20|b0,P2,12,D,UNIFORM,75,0,20,0,31,750,67,22,10,1,false,false,"",0,true,0,0,true,C2A1T1I3F0,30,INSPECT,INSPECTOR,2,true,false,1,CUT,false
P2|N12|D|UNIFORM|d75|p0|f20|b10,P2,12,D,UNIFORM,75,0,20,10,31,825,67,22,10,1,false,false,"",0,true,0,0,true,C2A1T1I3F0,30,INSPECT,INSPECTOR,2,true,false,1,CUT,false
P2|N12|D|UNIFORM|d75|p0|f20|b25,P2,12,D,UNIFORM,75,0,20,25,31,937,67,22,10,2,true,false,"",0,false,0,0,true,C2A1T1I3F0,30,INSPECT,INSPECTOR,2,true,false,1,CUT,false
P2|N12|D|UNIFORM|d75|p0|f20|b50,P2,12,D,UNIFORM,75,0,20,50,31,1125,67,22,10,5,true,false,"",0,false,0,0,false,C2A1T1I3F0,30,INSPECT,INSPECTOR,2,true,false,1,CUT,false
P2|N12|D|UNIFORM|d75|p0|f40|b0,P2,12,D,UNIFORM,75,0,40,0,40,550,67,22,10,1,false,false,"",0,true,0,0,true,C2A0T1I2F0,37,INSPECT,INSPECTOR,4,true,true,1,ASSEMBLE,false
P2|N12|D|UNIFORM|d75|p0|f40|b10,P2,12,D,UNIFORM,75,0,40,10,40,605,67,22,10,1,false,false,"",0,true,0,0,true,C2A0T1I2F0,37,INSPECT,INSPECTOR,4,true,true,1,ASSEMBLE,false
P2|N12|D|UNIFORM|d75|p0|f40|b25,P2,12,D,UNIFORM,75,0,40,25,40,687,67,22,10,2,true,false,"",0,true,0,0,true,C2A0T1I2F0,37,INSPECT,INSPECTOR,4,true,true,1,ASSEMBLE,false
P2|N12|D|UNIFORM|d75|p0|f40|b50,P2,12,D,UNIFORM,75,0,40,50,40,825,67,22,10,3,true,false,"",0,true,0,0,true,C2A0T1I2F0,37,INSPECT,INSPECTOR,4,true,true,1,ASSEMBLE,false
P2|N12|D|UNIFORM|d75|p0|f60|b0,P2,12,D,UNIFORM,75,0,60,0,49,450,67,22,10,1,false,false,"",0,true,0,0,true,C1A0T1I2F0,45,CUT,CUTTER,8,true,true,1,INSPECT,false
P2|N12|D|UNIFORM|d75|p0|f60|b10,P2,12,D,UNIFORM,75,0,60,10,49,495,67,22,10,1,false,false,"",0,true,0,0,true,C1A0T1I2F0,45,CUT,CUTTER,8,true,true,1,INSPECT,false
P2|N12|D|UNIFORM|d75|p0|f60|b25,P2,12,D,UNIFORM,75,0,60,25,49,562,67,22,10,2,true,false,"",0,true,0,0,true,C1A0T1I2F0,45,CUT,CUTTER,8,true,true,1,INSPECT,false
P2|N12|D|UNIFORM|d75|p0|f60|b50,P2,12,D,UNIFORM,75,0,60,50,49,675,67,22,10,3,true,false,"",0,true,0,0,true,C1A0T1I2F0,45,CUT,CUTTER,8,true,true,1,INSPECT,false
P2|N12|D|UNIFORM|d75|p0|f80|b0,P2,12,D,UNIFORM,75,0,80,0,58,400,67,22,10,1,false,false,"",0,true,0,0,true,C1A1T0I2F0,56,ASSEMBLE,ASSEMBLER,11,true,true,1,CUT,false
P2|N12|D|UNIFORM|d75|p0|f80|b10,P2,12,D,UNIFORM,75,0,80,10,58,440,67,22,10,1,false,false,"",0,true,0,0,true,C1A1T0I2F0,56,ASSEMBLE,ASSEMBLER,11,true,true,1,CUT,false
P2|N12|D|UNIFORM|d75|p0|f80|b25,P2,12,D,UNIFORM,75,0,80,25,58,500,67,22,10,2,true,false,"",0,true,0,0,true,C1A1T0I2F0,56,ASSEMBLE,ASSEMBLER,11,true,true,1,CUT,false
P2|N12|D|UNIFORM|d75|p0|f80|b50,P2,12,D,UNIFORM,75,0,80,50,58,600,67,22,10,3,true,false,"",0,true,0,0,true,C1A1T0I2F0,56,ASSEMBLE,ASSEMBLER,11,true,true,1,CUT,false
P2|N12|D|UNIFORM|d90|p0|f20|b0,P2,12,D,UNIFORM,90,0,20,0,31,780,67,22,10,1,false,false,"",0,true,0,0,true,C2A1T1I3F0,30,INSPECT,INSPECTOR,2,true,false,1,CUT,false
P2|N12|D|UNIFORM|d90|p0|f20|b10,P2,12,D,UNIFORM,90,0,20,10,31,858,67,22,10,1,false,false,"",0,true,0,0,true,C2A1T1I3F0,30,INSPECT,INSPECTOR,2,true,false,1,CUT,false
P2|N12|D|UNIFORM|d90|p0|f20|b25,P2,12,D,UNIFORM,90,0,20,25,31,975,67,22,10,2,true,false,"",0,false,0,0,true,C2A1T1I3F0,30,INSPECT,INSPECTOR,2,true,false,1,CUT,false
P2|N12|D|UNIFORM|d90|p0|f20|b50,P2,12,D,UNIFORM,90,0,20,50,31,1170,67,22,10,5,true,false,"",0,false,0,0,false,C2A1T1I3F0,30,INSPECT,INSPECTOR,2,true,false,1,CUT,false
P2|N12|D|UNIFORM|d90|p0|f40|b0,P2,12,D,UNIFORM,90,0,40,0,40,580,67,22,10,1,false,false,"",0,true,0,0,true,C2A0T1I2F0,37,INSPECT,INSPECTOR,4,true,true,1,ASSEMBLE,false
P2|N12|D|UNIFORM|d90|p0|f40|b10,P2,12,D,UNIFORM,90,0,40,10,40,638,67,22,10,1,false,false,"",0,true,0,0,true,C2A0T1I2F0,37,INSPECT,INSPECTOR,4,true,true,1,ASSEMBLE,false
P2|N12|D|UNIFORM|d90|p0|f40|b25,P2,12,D,UNIFORM,90,0,40,25,40,725,67,22,10,2,true,false,"",0,true,0,0,true,C2A0T1I2F0,37,INSPECT,INSPECTOR,4,true,true,1,ASSEMBLE,false
P2|N12|D|UNIFORM|d90|p0|f40|b50,P2,12,D,UNIFORM,90,0,40,50,40,870,67,22,10,3,true,false,"",0,true,0,0,true,C2A0T1I2F0,37,INSPECT,INSPECTOR,4,true,true,1,ASSEMBLE,false
P2|N12|D|UNIFORM|d90|p0|f60|b0,P2,12,D,UNIFORM,90,0,60,0,49,480,67,22,10,1,false,false,"",0,true,0,0,true,C1A0T1I2F0,45,CUT,CUTTER,8,true,true,1,INSPECT,false
P2|N12|D|UNIFORM|d90|p0|f60|b10,P2,12,D,UNIFORM,90,0,60,10,49,528,67,22,10,1,false,false,"",0,true,0,0,true,C1A0T1I2F0,45,CUT,CUTTER,8,true,true,1,INSPECT,false
P2|N12|D|UNIFORM|d90|p0|f60|b25,P2,12,D,UNIFORM,90,0,60,25,49,600,67,22,10,2,true,false,"",0,true,0,0,true,C1A0T1I2F0,45,CUT,CUTTER,8,true,true,1,INSPECT,false
P2|N12|D|UNIFORM|d90|p0|f60|b50,P2,12,D,UNIFORM,90,0,60,50,49,720,67,22,10,3,true,false,"",0,true,0,0,true,C1A0T1I2F0,45,CUT,CUTTER,8,true,true,1,INSPECT,false
P2|N12|D|UNIFORM|d90|p0|f80|b0,P2,12,D,UNIFORM,90,0,80,0,58,400,67,22,10,1,false,false,"",0,true,0,0,true,C1A1T0I2F0,56,ASSEMBLE,ASSEMBLER,11,true,true,1,CUT,false
P2|N12|D|UNIFORM|d90|p0|f80|b10,P2,12,D,UNIFORM,90,0,80,10,58,440,67,22,10,1,false,false,"",0,true,0,0,true,C1A1T0I2F0,56,ASSEMBLE,ASSEMBLER,11,true,true,1,CUT,false
P2|N12|D|UNIFORM|d90|p0|f80|b25,P2,12,D,UNIFORM,90,0,80,25,58,500,67,22,10,2,true,false,"",0,true,0,0,true,C1A1T0I2F0,56,ASSEMBLE,ASSEMBLER,11,true,true,1,CUT,false
P2|N12|D|UNIFORM|d90|p0|f80|b50,P2,12,D,UNIFORM,90,0,80,50,58,600,67,22,10,3,true,false,"",0,true,0,0,true,C1A1T0I2F0,56,ASSEMBLE,ASSEMBLER,11,true,true,1,CUT,false
P2|N12|D|UNIFORM|d100|p0|f20|b0,P2,12,D,UNIFORM,100,0,20,0,31,800,67,22,10,1,false,false,"",0,true,1,0,true,C2A1T1I3F0,30,INSPECT,INSPECTOR,2,true,false,1,CUT,false
P2|N12|D|UNIFORM|d100|p0|f20|b10,P2,12,D,UNIFORM,100,0,20,10,31,880,67,22,10,1,false,false,"",0,true,1,0,true,C2A1T1I3F0,30,INSPECT,INSPECTOR,2,true,false,1,CUT,false
P2|N12|D|UNIFORM|d100|p0|f20|b25,P2,12,D,UNIFORM,100,0,20,25,31,1000,67,22,10,3,true,false,"",0,false,3,0,true,C2A1T1I3F0,30,INSPECT,INSPECTOR,2,true,false,1,CUT,false
P2|N12|D|UNIFORM|d100|p0|f20|b50,P2,12,D,UNIFORM,100,0,20,50,31,1200,67,22,10,5,true,false,"",0,false,5,0,false,C2A1T1I3F0,30,INSPECT,INSPECTOR,2,true,false,1,CUT,false
P2|N12|D|UNIFORM|d100|p0|f40|b0,P2,12,D,UNIFORM,100,0,40,0,40,600,67,22,10,1,false,false,"",0,true,1,0,true,C2A0T1I2F0,37,INSPECT,INSPECTOR,4,true,true,1,ASSEMBLE,false
P2|N12|D|UNIFORM|d100|p0|f40|b10,P2,12,D,UNIFORM,100,0,40,10,40,660,67,22,10,1,false,false,"",0,true,1,0,true,C2A0T1I2F0,37,INSPECT,INSPECTOR,4,true,true,1,ASSEMBLE,false
P2|N12|D|UNIFORM|d100|p0|f40|b25,P2,12,D,UNIFORM,100,0,40,25,40,750,67,22,10,2,true,false,"",0,true,2,0,true,C2A0T1I2F0,37,INSPECT,INSPECTOR,4,true,true,1,ASSEMBLE,false
P2|N12|D|UNIFORM|d100|p0|f40|b50,P2,12,D,UNIFORM,100,0,40,50,40,900,67,22,10,4,true,false,"",0,false,4,0,true,C2A0T1I2F0,37,INSPECT,INSPECTOR,4,true,true,1,ASSEMBLE,false
P2|N12|D|UNIFORM|d100|p0|f60|b0,P2,12,D,UNIFORM,100,0,60,0,49,500,67,22,10,1,false,false,"",0,true,1,0,true,C1A0T1I2F0,45,CUT,CUTTER,8,true,true,1,INSPECT,false
P2|N12|D|UNIFORM|d100|p0|f60|b10,P2,12,D,UNIFORM,100,0,60,10,49,550,67,22,10,1,false,false,"",0,true,1,0,true,C1A0T1I2F0,45,CUT,CUTTER,8,true,true,1,INSPECT,false
P2|N12|D|UNIFORM|d100|p0|f60|b25,P2,12,D,UNIFORM,100,0,60,25,49,625,67,22,10,2,true,false,"",0,true,2,0,true,C1A0T1I2F0,45,CUT,CUTTER,8,true,true,1,INSPECT,false
P2|N12|D|UNIFORM|d100|p0|f60|b50,P2,12,D,UNIFORM,100,0,60,50,49,750,67,22,10,3,true,false,"",0,true,3,0,true,C1A0T1I2F0,45,CUT,CUTTER,8,true,true,1,INSPECT,false
P2|N12|D|UNIFORM|d100|p0|f80|b0,P2,12,D,UNIFORM,100,0,80,0,58,400,67,22,10,1,false,false,"",0,true,0,0,true,C1A1T0I2F0,56,ASSEMBLE,ASSEMBLER,11,true,true,1,CUT,false
P2|N12|D|UNIFORM|d100|p0|f80|b10,P2,12,D,UNIFORM,100,0,80,10,58,440,67,22,10,1,false,false,"",0,true,0,0,true,C1A1T0I2F0,56,ASSEMBLE,ASSEMBLER,11,true,true,1,CUT,false
P2|N12|D|UNIFORM|d100|p0|f80|b25,P2,12,D,UNIFORM,100,0,80,25,58,500,67,22,10,2,true,false,"",0,true,1,0,true,C1A1T0I2F0,56,ASSEMBLE,ASSEMBLER,11,true,true,1,CUT,false
P2|N12|D|UNIFORM|d100|p0|f80|b50,P2,12,D,UNIFORM,100,0,80,50,58,600,67,22,10,3,true,false,"",0,true,2,0,true,C1A1T0I2F0,56,ASSEMBLE,ASSEMBLER,11,true,true,1,CUT,false
P2|N12|D|WORK|d75|p0|f20|b0,P2,12,D,WORK,75,0,20,0,31,1550,67,22,10,1,false,false,"",0,true,0,0,true,C2A1T1I3F0,30,INSPECT,INSPECTOR,2,true,false,1,CUT,false
P2|N12|D|WORK|d75|p0|f20|b10,P2,12,D,WORK,75,0,20,10,31,1705,67,22,10,2,true,false,"",0,false,0,0,true,C2A1T1I3F0,30,INSPECT,INSPECTOR,2,true,false,1,CUT,false
P2|N12|D|WORK|d75|p0|f20|b25,P2,12,D,WORK,75,0,20,25,31,1937,67,22,10,2,true,false,"",0,false,0,0,true,C2A1T1I3F0,30,INSPECT,INSPECTOR,2,true,false,1,CUT,false
P2|N12|D|WORK|d75|p0|f20|b50,P2,12,D,WORK,75,0,20,50,31,2325,67,22,10,5,true,false,"",0,false,0,0,false,C2A1T1I3F0,30,INSPECT,INSPECTOR,2,true,false,1,CUT,false
P2|N12|D|WORK|d75|p0|f40|b0,P2,12,D,WORK,75,0,40,0,40,1100,67,22,10,1,false,false,"",0,true,0,0,true,C2A0T1I2F0,37,INSPECT,INSPECTOR,4,true,true,1,ASSEMBLE,false
P2|N12|D|WORK|d75|p0|f40|b10,P2,12,D,WORK,75,0,40,10,40,1210,67,22,10,1,false,false,"",0,true,0,0,true,C2A0T1I2F0,37,INSPECT,INSPECTOR,4,true,true,1,ASSEMBLE,false
P2|N12|D|WORK|d75|p0|f40|b25,P2,12,D,WORK,75,0,40,25,40,1375,67,22,10,2,true,false,"",0,true,0,0,true,C2A0T1I2F0,37,INSPECT,INSPECTOR,4,true,true,1,ASSEMBLE,false
P2|N12|D|WORK|d75|p0|f40|b50,P2,12,D,WORK,75,0,40,50,40,1650,67,22,10,3,true,false,"",0,true,0,0,true,C2A0T1I2F0,37,INSPECT,INSPECTOR,4,true,true,1,ASSEMBLE,false
P2|N12|D|WORK|d75|p0|f60|b0,P2,12,D,WORK,75,0,60,0,49,950,67,22,10,1,false,false,"",0,true,0,0,true,C1A0T1I2F0,45,CUT,CUTTER,8,true,true,1,INSPECT,false
P2|N12|D|WORK|d75|p0|f60|b10,P2,12,D,WORK,75,0,60,10,49,1045,67,22,10,1,false,false,"",0,true,0,0,true,C1A0T1I2F0,45,CUT,CUTTER,8,true,true,1,INSPECT,false
P2|N12|D|WORK|d75|p0|f60|b25,P2,12,D,WORK,75,0,60,25,49,1187,67,22,10,2,true,false,"",0,true,0,0,true,C1A0T1I2F0,45,CUT,CUTTER,8,true,true,1,INSPECT,false
P2|N12|D|WORK|d75|p0|f60|b50,P2,12,D,WORK,75,0,60,50,49,1425,67,22,10,3,true,false,"",0,true,0,0,true,C1A0T1I2F0,45,CUT,CUTTER,8,true,true,1,INSPECT,false
P2|N12|D|WORK|d75|p0|f80|b0,P2,12,D,WORK,75,0,80,0,58,850,67,22,10,1,false,false,"",0,true,0,0,true,C1A1T0I2F0,56,ASSEMBLE,ASSEMBLER,11,true,true,1,CUT,false
P2|N12|D|WORK|d75|p0|f80|b10,P2,12,D,WORK,75,0,80,10,58,935,67,22,10,1,false,false,"",0,true,0,0,true,C1A1T0I2F0,56,ASSEMBLE,ASSEMBLER,11,true,true,1,CUT,false
P2|N12|D|WORK|d75|p0|f80|b25,P2,12,D,WORK,75,0,80,25,58,1062,67,22,10,2,true,false,"",0,true,0,0,true,C1A1T0I2F0,56,ASSEMBLE,ASSEMBLER,11,true,true,1,CUT,false
P2|N12|D|WORK|d75|p0|f80|b50,P2,12,D,WORK,75,0,80,50,58,1275,67,22,10,3,true,false,"",0,true,0,0,true,C1A1T0I2F0,56,ASSEMBLE,ASSEMBLER,11,true,true,1,CUT,false
P2|N12|D|WORK|d90|p0|f20|b0,P2,12,D,WORK,90,0,20,0,31,1610,67,22,10,1,false,false,"",0,true,0,0,true,C2A1T1I3F0,30,INSPECT,INSPECTOR,2,true,false,1,CUT,false
P2|N12|D|WORK|d90|p0|f20|b10,P2,12,D,WORK,90,0,20,10,31,1771,67,22,10,2,true,false,"",0,false,0,0,true,C2A1T1I3F0,30,INSPECT,INSPECTOR,2,true,false,1,CUT,false
P2|N12|D|WORK|d90|p0|f20|b25,P2,12,D,WORK,90,0,20,25,31,2012,67,22,10,3,true,false,"",0,false,0,0,true,C2A1T1I3F0,30,INSPECT,INSPECTOR,2,true,false,1,CUT,false
P2|N12|D|WORK|d90|p0|f20|b50,P2,12,D,WORK,90,0,20,50,31,2415,67,22,10,5,true,false,"",0,false,0,0,false,C2A1T1I3F0,30,INSPECT,INSPECTOR,2,true,false,1,CUT,false
P2|N12|D|WORK|d90|p0|f40|b0,P2,12,D,WORK,90,0,40,0,40,1160,67,22,10,1,false,false,"",0,true,0,0,true,C2A0T1I2F0,37,INSPECT,INSPECTOR,4,true,true,1,ASSEMBLE,false
P2|N12|D|WORK|d90|p0|f40|b10,P2,12,D,WORK,90,0,40,10,40,1276,67,22,10,1,false,false,"",0,true,0,0,true,C2A0T1I2F0,37,INSPECT,INSPECTOR,4,true,true,1,ASSEMBLE,false
P2|N12|D|WORK|d90|p0|f40|b25,P2,12,D,WORK,90,0,40,25,40,1450,67,22,10,2,true,false,"",0,true,0,0,true,C2A0T1I2F0,37,INSPECT,INSPECTOR,4,true,true,1,ASSEMBLE,false
P2|N12|D|WORK|d90|p0|f40|b50,P2,12,D,WORK,90,0,40,50,40,1740,67,22,10,3,true,false,"",0,true,0,0,true,C2A0T1I2F0,37,INSPECT,INSPECTOR,4,true,true,1,ASSEMBLE,false
P2|N12|D|WORK|d90|p0|f60|b0,P2,12,D,WORK,90,0,60,0,49,1010,67,22,10,1,false,false,"",0,true,0,0,true,C1A0T1I2F0,45,CUT,CUTTER,8,true,true,1,INSPECT,false
P2|N12|D|WORK|d90|p0|f60|b10,P2,12,D,WORK,90,0,60,10,49,1111,67,22,10,1,false,false,"",0,true,0,0,true,C1A0T1I2F0,45,CUT,CUTTER,8,true,true,1,INSPECT,false
P2|N12|D|WORK|d90|p0|f60|b25,P2,12,D,WORK,90,0,60,25,49,1262,67,22,10,2,true,false,"",0,true,0,0,true,C1A0T1I2F0,45,CUT,CUTTER,8,true,true,1,INSPECT,false
P2|N12|D|WORK|d90|p0|f60|b50,P2,12,D,WORK,90,0,60,50,49,1515,67,22,10,3,true,false,"",0,true,0,0,true,C1A0T1I2F0,45,CUT,CUTTER,8,true,true,1,INSPECT,false
P2|N12|D|WORK|d90|p0|f80|b0,P2,12,D,WORK,90,0,80,0,58,850,67,22,10,1,false,false,"",0,true,0,0,true,C1A1T0I2F0,56,ASSEMBLE,ASSEMBLER,11,true,true,1,CUT,false
P2|N12|D|WORK|d90|p0|f80|b10,P2,12,D,WORK,90,0,80,10,58,935,67,22,10,1,false,false,"",0,true,0,0,true,C1A1T0I2F0,56,ASSEMBLE,ASSEMBLER,11,true,true,1,CUT,false
P2|N12|D|WORK|d90|p0|f80|b25,P2,12,D,WORK,90,0,80,25,58,1062,67,22,10,2,true,false,"",0,true,0,0,true,C1A1T0I2F0,56,ASSEMBLE,ASSEMBLER,11,true,true,1,CUT,false
P2|N12|D|WORK|d90|p0|f80|b50,P2,12,D,WORK,90,0,80,50,58,1275,67,22,10,3,true,false,"",0,true,0,0,true,C1A1T0I2F0,56,ASSEMBLE,ASSEMBLER,11,true,true,1,CUT,false
P2|N12|D|WORK|d100|p0|f20|b0,P2,12,D,WORK,100,0,20,0,31,1650,67,22,10,1,false,false,"",0,true,1,0,true,C2A1T1I3F0,30,INSPECT,INSPECTOR,2,true,false,1,CUT,false
P2|N12|D|WORK|d100|p0|f20|b10,P2,12,D,WORK,100,0,20,10,31,1815,67,22,10,2,true,false,"",0,false,2,0,true,C2A1T1I3F0,30,INSPECT,INSPECTOR,2,true,false,1,CUT,false
P2|N12|D|WORK|d100|p0|f20|b25,P2,12,D,WORK,100,0,20,25,31,2062,67,22,10,3,true,false,"",0,false,3,0,true,C2A1T1I3F0,30,INSPECT,INSPECTOR,2,true,false,1,CUT,false
P2|N12|D|WORK|d100|p0|f20|b50,P2,12,D,WORK,100,0,20,50,31,2475,67,22,10,5,true,false,"",0,false,5,0,false,C2A1T1I3F0,30,INSPECT,INSPECTOR,2,true,false,1,CUT,false
P2|N12|D|WORK|d100|p0|f40|b0,P2,12,D,WORK,100,0,40,0,40,1200,67,22,10,1,false,false,"",0,true,1,0,true,C2A0T1I2F0,37,INSPECT,INSPECTOR,4,true,true,1,ASSEMBLE,false
P2|N12|D|WORK|d100|p0|f40|b10,P2,12,D,WORK,100,0,40,10,40,1320,67,22,10,1,false,false,"",0,true,1,0,true,C2A0T1I2F0,37,INSPECT,INSPECTOR,4,true,true,1,ASSEMBLE,false
P2|N12|D|WORK|d100|p0|f40|b25,P2,12,D,WORK,100,0,40,25,40,1500,67,22,10,2,true,false,"",0,true,2,0,true,C2A0T1I2F0,37,INSPECT,INSPECTOR,4,true,true,1,ASSEMBLE,false
P2|N12|D|WORK|d100|p0|f40|b50,P2,12,D,WORK,100,0,40,50,40,1800,67,22,10,4,true,false,"",0,false,4,0,true,C2A0T1I2F0,37,INSPECT,INSPECTOR,4,true,true,1,ASSEMBLE,false
P2|N12|D|WORK|d100|p0|f60|b0,P2,12,D,WORK,100,0,60,0,49,1050,67,22,10,1,false,false,"",0,true,1,0,true,C1A0T1I2F0,45,CUT,CUTTER,8,true,true,1,INSPECT,false
P2|N12|D|WORK|d100|p0|f60|b10,P2,12,D,WORK,100,0,60,10,49,1155,67,22,10,1,false,false,"",0,true,1,0,true,C1A0T1I2F0,45,CUT,CUTTER,8,true,true,1,INSPECT,false
P2|N12|D|WORK|d100|p0|f60|b25,P2,12,D,WORK,100,0,60,25,49,1312,67,22,10,2,true,false,"",0,true,2,0,true,C1A0T1I2F0,45,CUT,CUTTER,8,true,true,1,INSPECT,false
P2|N12|D|WORK|d100|p0|f60|b50,P2,12,D,WORK,100,0,60,50,49,1575,67,22,10,3,true,false,"",0,true,3,0,true,C1A0T1I2F0,45,CUT,CUTTER,8,true,true,1,INSPECT,false
P2|N12|D|WORK|d100|p0|f80|b0,P2,12,D,WORK,100,0,80,0,58,850,67,22,10,1,false,false,"",0,true,0,0,true,C1A1T0I2F0,56,ASSEMBLE,ASSEMBLER,11,true,true,1,CUT,false
P2|N12|D|WORK|d100|p0|f80|b10,P2,12,D,WORK,100,0,80,10,58,935,67,22,10,1,false,false,"",0,true,0,0,true,C1A1T0I2F0,56,ASSEMBLE,ASSEMBLER,11,true,true,1,CUT,false
P2|N12|D|WORK|d100|p0|f80|b25,P2,12,D,WORK,100,0,80,25,58,1062,67,22,10,2,true,false,"",0,true,1,0,true,C1A1T0I2F0,56,ASSEMBLE,ASSEMBLER,11,true,true,1,CUT,false
P2|N12|D|WORK|d100|p0|f80|b50,P2,12,D,WORK,100,0,80,50,58,1275,67,22,10,3,true,false,"",0,true,2,0,true,C1A1T0I2F0,56,ASSEMBLE,ASSEMBLER,11,true,true,1,CUT,false
P2|N12|F|UNIFORM|d75|p100|f20|b0,P2,12,F,UNIFORM,75,100,20,0,29,750,67,20,15,1,false,false,"",0,true,1,1,true,C2A0T1I1F3,28,CUT|ASSEMBLE+INSPECT,CUTTER,1,false,false,0,,false
P2|N12|F|UNIFORM|d75|p100|f20|b10,P2,12,F,UNIFORM,75,100,20,10,29,825,67,20,15,1,false,false,"",0,true,1,1,true,C2A0T1I1F3,28,CUT|ASSEMBLE+INSPECT,CUTTER,1,false,false,0,,false
P2|N12|F|UNIFORM|d75|p100|f20|b25,P2,12,F,UNIFORM,75,100,20,25,29,937,67,20,15,2,true,true,"C2A0T1I1F3[750,28,CUT|ASSEMBLE+INSPECT] vs C3A0T1I2F2[850,27,ASSEMBLE+INSPECT]",0,false,2,2,true,C2A0T1I1F3,28,CUT|ASSEMBLE+INSPECT,CUTTER,1,false,false,0,,false
P2|N12|F|UNIFORM|d75|p100|f20|b50,P2,12,F,UNIFORM,75,100,20,50,29,1125,67,20,15,5,true,true,"C2A0T1I1F3[750,28,CUT|ASSEMBLE+INSPECT] vs C3A0T1I2F2[850,27,ASSEMBLE+INSPECT]",4,false,4,4,true,C2A0T1I1F3,28,CUT|ASSEMBLE+INSPECT,CUTTER,1,false,false,0,,false
P2|N12|F|UNIFORM|d75|p100|f40|b0,P2,12,F,UNIFORM,75,100,40,0,38,550,67,20,15,1,false,false,"",0,true,1,1,true,C2A0T1I0F2,37,ASSEMBLE+INSPECT,INSPECTOR,5,true,true,2,CUT|ASSEMBLE+INSPECT,false
P2|N12|F|UNIFORM|d75|p100|f40|b10,P2,12,F,UNIFORM,75,100,40,10,38,605,67,20,15,2,true,true,"C2A0T1I2F0[550,37,INSPECT] vs C2A1T0I0F3[600,35,ASSEMBLE+INSPECT]",2,false,2,2,true,C2A0T1I0F2,37,ASSEMBLE+INSPECT,INSPECTOR,5,true,true,2,CUT|ASSEMBLE+INSPECT,true
P2|N12|F|UNIFORM|d75|p100|f40|b25,P2,12,F,UNIFORM,75,100,40,25,38,687,67,20,15,3,true,true,"C2A0T1I2F0[550,37,INSPECT] vs C2A1T0I0F3[600,35,ASSEMBLE+INSPECT]",2,false,3,3,true,C2A0T1I0F2,37,ASSEMBLE+INSPECT,INSPECTOR,5,true,true,2,CUT|ASSEMBLE+INSPECT,true
P2|N12|F|UNIFORM|d75|p100|f40|b50,P2,12,F,UNIFORM,75,100,40,50,38,825,67,20,15,5,true,true,"C2A0T1I2F0[550,37,INSPECT] vs C2A1T0I0F3[600,35,ASSEMBLE+INSPECT]",5,false,4,4,true,C2A0T1I0F2,37,ASSEMBLE+INSPECT,INSPECTOR,5,true,true,2,CUT|ASSEMBLE+INSPECT,true
P2|N12|F|UNIFORM|d75|p100|f60|b0,P2,12,F,UNIFORM,75,100,60,0,48,400,67,20,15,1,false,false,"",0,true,0,0,true,C1A0T0I0F3,45,CUT|ASSEMBLE+INSPECT,CUTTER,3,true,true,0,,false
P2|N12|F|UNIFORM|d75|p100|f60|b10,P2,12,F,UNIFORM,75,100,60,10,48,440,67,20,15,1,false,false,"",0,true,0,0,true,C1A0T0I0F3,45,CUT|ASSEMBLE+INSPECT,CUTTER,3,true,true,0,,false
P2|N12|F|UNIFORM|d75|p100|f60|b25,P2,12,F,UNIFORM,75,100,60,25,48,500,67,20,15,2,true,false,"",0,true,0,0,true,C1A0T0I0F3,45,CUT|ASSEMBLE+INSPECT,CUTTER,3,true,true,0,,false
P2|N12|F|UNIFORM|d75|p100|f60|b50,P2,12,F,UNIFORM,75,100,60,50,48,600,67,20,15,4,true,true,"C1A0T0I0F3[400,45,CUT|ASSEMBLE+INSPECT] vs C2A0T1I0F2[550,37,ASSEMBLE+INSPECT]",2,false,2,2,true,C1A0T0I0F3,45,CUT|ASSEMBLE+INSPECT,CUTTER,3,true,true,0,,false
P2|N12|F|UNIFORM|d75|p100|f80|b0,P2,12,F,UNIFORM,75,100,80,0,57,400,67,20,15,1,false,false,"",0,true,0,0,true,C1A0T0I0F3,45,CUT|ASSEMBLE+INSPECT,CUTTER,3,true,true,0,,false
P2|N12|F|UNIFORM|d75|p100|f80|b10,P2,12,F,UNIFORM,75,100,80,10,57,440,67,20,15,1,false,false,"",0,true,0,0,true,C1A0T0I0F3,45,CUT|ASSEMBLE+INSPECT,CUTTER,3,true,true,0,,false
P2|N12|F|UNIFORM|d75|p100|f80|b25,P2,12,F,UNIFORM,75,100,80,25,57,500,67,20,15,2,true,false,"",0,true,0,0,true,C1A0T0I0F3,45,CUT|ASSEMBLE+INSPECT,CUTTER,3,true,true,0,,false
P2|N12|F|UNIFORM|d75|p100|f80|b50,P2,12,F,UNIFORM,75,100,80,50,57,600,67,20,15,4,true,true,"C1A0T0I0F3[400,45,CUT|ASSEMBLE+INSPECT] vs C2A0T1I0F2[550,37,ASSEMBLE+INSPECT]",2,false,2,2,true,C1A0T0I0F3,45,CUT|ASSEMBLE+INSPECT,CUTTER,3,true,true,0,,false
P2|N12|F|UNIFORM|d75|p125|f20|b0,P2,12,F,UNIFORM,75,125,20,0,29,775,67,20,20,1,false,false,"",0,true,0,0,true,C2A0T1I3F1,29,CUT|ASSEMBLE+INSPECT,CUTTER,1,false,false,0,,false
P2|N12|F|UNIFORM|d75|p125|f20|b10,P2,12,F,UNIFORM,75,125,20,10,29,852,67,20,20,3,true,true,"C2A0T1I3F1[775,29,CUT|ASSEMBLE+INSPECT] vs C3A1T1I3F0[850,27,INSPECT]",1,false,0,0,true,C2A0T1I3F1,29,CUT|ASSEMBLE+INSPECT,CUTTER,1,false,false,0,,false
P2|N12|F|UNIFORM|d75|p125|f20|b25,P2,12,F,UNIFORM,75,125,20,25,29,968,67,20,20,4,true,true,"C2A0T1I3F1[775,29,CUT|ASSEMBLE+INSPECT] vs C3A1T1I3F0[850,27,INSPECT]",1,false,0,0,true,C2A0T1I3F1,29,CUT|ASSEMBLE+INSPECT,CUTTER,1,false,false,0,,false
P2|N12|F|UNIFORM|d75|p125|f20|b50,P2,12,F,UNIFORM,75,125,20,50,29,1162,67,20,20,7,true,true,"C2A0T1I3F1[775,29,CUT|ASSEMBLE+INSPECT] vs C3A1T1I3F0[850,27,INSPECT]",3,false,0,0,true,C2A0T1I3F1,29,CUT|ASSEMBLE+INSPECT,CUTTER,1,false,false,0,,false
P2|N12|F|UNIFORM|d75|p125|f40|b0,P2,12,F,UNIFORM,75,125,40,0,38,550,67,20,20,1,false,false,"",0,true,0,0,true,C2A0T1I2F0,37,INSPECT,INSPECTOR,4,true,true,1,ASSEMBLE,false
P2|N12|F|UNIFORM|d75|p125|f40|b10,P2,12,F,UNIFORM,75,125,40,10,38,605,67,20,20,1,false,false,"",0,true,0,0,true,C2A0T1I2F0,37,INSPECT,INSPECTOR,4,true,true,1,ASSEMBLE,false
P2|N12|F|UNIFORM|d75|p125|f40|b25,P2,12,F,UNIFORM,75,125,40,25,38,687,67,20,20,3,true,true,"C2A0T1I3F0[650,33,ASSEMBLE] vs C2A0T1I2F1[675,32,ASSEMBLE+INSPECT]",0,false,0,0,true,C2A0T1I2F0,37,INSPECT,INSPECTOR,4,true,true,1,ASSEMBLE,true
P2|N12|F|UNIFORM|d75|p125|f40|b50,P2,12,F,UNIFORM,75,125,40,50,38,825,67,20,20,6,true,true,"C2A0T1I3F0[650,33,ASSEMBLE] vs C2A0T1I2F1[675,32,ASSEMBLE+INSPECT]",1,false,0,0,true,C2A0T1I2F0,37,INSPECT,INSPECTOR,4,true,true,1,ASSEMBLE,true
P2|N12|F|UNIFORM|d75|p125|f60|b0,P2,12,F,UNIFORM,75,125,60,0,48,425,67,20,20,1,false,false,"",0,true,0,0,true,C1A1T0I1F1,46,CUT|ASSEMBLE+INSPECT,CUTTER,2,false,false,0,,false
P2|N12|F|UNIFORM|d75|p125|f60|b10,P2,12,F,UNIFORM,75,125,60,10,48,467,67,20,20,2,true,true,"C1A1T0I1F1[425,46,CUT|ASSEMBLE+INSPECT] vs C1A0T1I2F0[450,45,CUT]",0,false,0,0,true,C1A1T0I1F1,46,CUT|ASSEMBLE+INSPECT,CUTTER,2,false,false,0,,false
P2|N12|F|UNIFORM|d75|p125|f60|b25,P2,12,F,UNIFORM,75,125,60,25,48,531,67,20,20,3,true,true,"C1A1T0I1F1[425,46,CUT|ASSEMBLE+INSPECT] vs C1A0T1I2F0[450,45,CUT]",0,false,0,0,true,C1A1T0I1F1,46,CUT|ASSEMBLE+INSPECT,CUTTER,2,false,false,0,,false
P2|N12|F|UNIFORM|d75|p125|f60|b50,P2,12,F,UNIFORM,75,125,60,50,48,637,67,20,20,4,true,true,"C1A1T0I1F1[425,46,CUT|ASSEMBLE+INSPECT] vs C1A0T1I2F0[450,45,CUT]",0,false,0,0,true,C1A1T0I1F1,46,CUT|ASSEMBLE+INSPECT,CUTTER,2,false,false,0,,false
P2|N12|F|UNIFORM|d75|p125|f80|b0,P2,12,F,UNIFORM,75,125,80,0,57,400,67,20,20,1,false,false,"",0,true,0,0,true,C1A1T0I2F0,56,ASSEMBLE,ASSEMBLER,11,true,true,1,CUT,false
P2|N12|F|UNIFORM|d75|p125|f80|b10,P2,12,F,UNIFORM,75,125,80,10,57,440,67,20,20,2,true,true,"C1A1T0I2F0[400,56,ASSEMBLE] vs C1A1T0I1F1[425,46,CUT|ASSEMBLE+INSPECT]",0,false,0,0,true,C1A1T0I2F0,56,ASSEMBLE,ASSEMBLER,11,true,true,1,CUT,true
P2|N12|F|UNIFORM|d75|p125|f80|b25,P2,12,F,UNIFORM,75,125,80,25,57,500,67,20,20,3,true,true,"C1A1T0I2F0[400,56,ASSEMBLE] vs C1A1T0I1F1[425,46,CUT|ASSEMBLE+INSPECT]",0,false,0,0,true,C1A1T0I2F0,56,ASSEMBLE,ASSEMBLER,11,true,true,1,CUT,true
P2|N12|F|UNIFORM|d75|p125|f80|b50,P2,12,F,UNIFORM,75,125,80,50,57,600,67,20,20,5,true,true,"C1A1T0I2F0[400,56,ASSEMBLE] vs C1A1T0I1F1[425,46,CUT|ASSEMBLE+INSPECT]",0,false,0,0,true,C1A1T0I2F0,56,ASSEMBLE,ASSEMBLER,11,true,true,1,CUT,true
P2|N12|F|UNIFORM|d75|p150|f20|b0,P2,12,F,UNIFORM,75,150,20,0,29,800,67,20,15,1,false,false,"",0,true,0,0,true,C2A0T1I3F1,29,CUT|ASSEMBLE+INSPECT,CUTTER,1,false,false,0,,false
P2|N12|F|UNIFORM|d75|p150|f20|b10,P2,12,F,UNIFORM,75,150,20,10,29,880,67,20,15,2,true,true,"C2A0T1I3F1[800,29,CUT|ASSEMBLE+INSPECT] vs C3A1T1I3F0[850,27,INSPECT]",0,false,0,0,true,C2A0T1I3F1,29,CUT|ASSEMBLE+INSPECT,CUTTER,1,false,false,0,,false
P2|N12|F|UNIFORM|d75|p150|f20|b25,P2,12,F,UNIFORM,75,150,20,25,29,1000,67,20,15,4,true,true,"C2A0T1I3F1[800,29,CUT|ASSEMBLE+INSPECT] vs C3A1T1I3F0[850,27,INSPECT]",1,false,1,1,true,C2A0T1I3F1,29,CUT|ASSEMBLE+INSPECT,CUTTER,1,false,false,0,,false
P2|N12|F|UNIFORM|d75|p150|f20|b50,P2,12,F,UNIFORM,75,150,20,50,29,1200,67,20,15,5,true,true,"C2A0T1I3F1[800,29,CUT|ASSEMBLE+INSPECT] vs C3A1T1I3F0[850,27,INSPECT]",1,false,1,1,true,C2A0T1I3F1,29,CUT|ASSEMBLE+INSPECT,CUTTER,1,false,false,0,,false
P2|N12|F|UNIFORM|d75|p150|f40|b0,P2,12,F,UNIFORM,75,150,40,0,38,550,67,20,15,1,false,false,"",0,true,0,0,true,C2A0T1I2F0,37,INSPECT,INSPECTOR,4,true,true,1,ASSEMBLE,false
P2|N12|F|UNIFORM|d75|p150|f40|b10,P2,12,F,UNIFORM,75,150,40,10,38,605,67,20,15,1,false,false,"",0,true,0,0,true,C2A0T1I2F0,37,INSPECT,INSPECTOR,4,true,true,1,ASSEMBLE,false
P2|N12|F|UNIFORM|d75|p150|f40|b25,P2,12,F,UNIFORM,75,150,40,25,38,687,67,20,15,2,true,false,"",0,true,0,0,true,C2A0T1I2F0,37,INSPECT,INSPECTOR,4,true,true,1,ASSEMBLE,false
P2|N12|F|UNIFORM|d75|p150|f40|b50,P2,12,F,UNIFORM,75,150,40,50,38,825,67,20,15,5,true,true,"C2A0T1I3F0[650,33,ASSEMBLE] vs C2A0T1I2F1[700,32,ASSEMBLE+INSPECT]",0,false,0,0,true,C2A0T1I2F0,37,INSPECT,INSPECTOR,4,true,true,1,ASSEMBLE,true
P2|N12|F|UNIFORM|d75|p150|f60|b0,P2,12,F,UNIFORM,75,150,60,0,48,450,67,20,15,1,false,false,"",0,true,0,0,true,C1A0T1I2F0,45,CUT,CUTTER,8,true,true,1,INSPECT,false
P2|N12|F|UNIFORM|d75|p150|f60|b10,P2,12,F,UNIFORM,75,150,60,10,48,495,67,20,15,1,false,false,"",0,true,0,0,true,C1A0T1I2F0,45,CUT,CUTTER,8,true,true,1,INSPECT,false
P2|N12|F|UNIFORM|d75|p150|f60|b25,P2,12,F,UNIFORM,75,150,60,25,48,562,67,20,15,2,true,false,"",0,true,0,0,true,C1A0T1I2F0,45,CUT,CUTTER,8,true,true,1,INSPECT,false
P2|N12|F|UNIFORM|d75|p150|f60|b50,P2,12,F,UNIFORM,75,150,60,50,48,675,67,20,15,3,true,false,"",0,true,0,0,true,C1A0T1I2F0,45,CUT,CUTTER,8,true,true,1,INSPECT,false
P2|N12|F|UNIFORM|d75|p150|f80|b0,P2,12,F,UNIFORM,75,150,80,0,57,400,67,20,15,1,false,false,"",0,true,0,0,true,C1A1T0I2F0,56,ASSEMBLE,ASSEMBLER,11,true,true,1,CUT,false
P2|N12|F|UNIFORM|d75|p150|f80|b10,P2,12,F,UNIFORM,75,150,80,10,57,440,67,20,15,1,false,false,"",0,true,0,0,true,C1A1T0I2F0,56,ASSEMBLE,ASSEMBLER,11,true,true,1,CUT,false
P2|N12|F|UNIFORM|d75|p150|f80|b25,P2,12,F,UNIFORM,75,150,80,25,57,500,67,20,15,2,true,false,"",0,true,0,0,true,C1A1T0I2F0,56,ASSEMBLE,ASSEMBLER,11,true,true,1,CUT,false
P2|N12|F|UNIFORM|d75|p150|f80|b50,P2,12,F,UNIFORM,75,150,80,50,57,600,67,20,15,3,true,false,"",0,true,0,0,true,C1A1T0I2F0,56,ASSEMBLE,ASSEMBLER,11,true,true,1,CUT,false
P2|N12|F|UNIFORM|d75|p200|f20|b0,P2,12,F,UNIFORM,75,200,20,0,29,850,67,20,12,1,false,false,"",0,true,0,0,true,C3A1T1I3F0,27,INSPECT,INSPECTOR,1,false,false,1,ASSEMBLE,false
P2|N12|F|UNIFORM|d75|p200|f20|b10,P2,12,F,UNIFORM,75,200,20,10,29,935,67,20,12,1,false,false,"",0,true,0,0,true,C3A1T1I3F0,27,INSPECT,INSPECTOR,1,false,false,1,ASSEMBLE,false
P2|N12|F|UNIFORM|d75|p200|f20|b25,P2,12,F,UNIFORM,75,200,20,25,29,1062,67,20,12,3,true,false,"",0,true,0,0,true,C3A1T1I3F0,27,INSPECT,INSPECTOR,1,false,false,1,ASSEMBLE,false
P2|N12|F|UNIFORM|d75|p200|f20|b50,P2,12,F,UNIFORM,75,200,20,50,29,1275,67,20,12,4,true,false,"",0,false,0,0,true,C3A1T1I3F0,27,INSPECT,INSPECTOR,1,false,false,1,ASSEMBLE,false
P2|N12|F|UNIFORM|d75|p200|f40|b0,P2,12,F,UNIFORM,75,200,40,0,38,550,67,20,12,1,false,false,"",0,true,0,0,true,C2A0T1I2F0,37,INSPECT,INSPECTOR,4,true,true,1,ASSEMBLE,false
P2|N12|F|UNIFORM|d75|p200|f40|b10,P2,12,F,UNIFORM,75,200,40,10,38,605,67,20,12,1,false,false,"",0,true,0,0,true,C2A0T1I2F0,37,INSPECT,INSPECTOR,4,true,true,1,ASSEMBLE,false
P2|N12|F|UNIFORM|d75|p200|f40|b25,P2,12,F,UNIFORM,75,200,40,25,38,687,67,20,12,2,true,false,"",0,true,0,0,true,C2A0T1I2F0,37,INSPECT,INSPECTOR,4,true,true,1,ASSEMBLE,false
P2|N12|F|UNIFORM|d75|p200|f40|b50,P2,12,F,UNIFORM,75,200,40,50,38,825,67,20,12,3,true,false,"",0,true,0,0,true,C2A0T1I2F0,37,INSPECT,INSPECTOR,4,true,true,1,ASSEMBLE,false
P2|N12|F|UNIFORM|d75|p200|f60|b0,P2,12,F,UNIFORM,75,200,60,0,48,450,67,20,12,1,false,false,"",0,true,0,0,true,C1A0T1I2F0,45,CUT,CUTTER,8,true,true,1,INSPECT,false
P2|N12|F|UNIFORM|d75|p200|f60|b10,P2,12,F,UNIFORM,75,200,60,10,48,495,67,20,12,1,false,false,"",0,true,0,0,true,C1A0T1I2F0,45,CUT,CUTTER,8,true,true,1,INSPECT,false
P2|N12|F|UNIFORM|d75|p200|f60|b25,P2,12,F,UNIFORM,75,200,60,25,48,562,67,20,12,2,true,false,"",0,true,0,0,true,C1A0T1I2F0,45,CUT,CUTTER,8,true,true,1,INSPECT,false
P2|N12|F|UNIFORM|d75|p200|f60|b50,P2,12,F,UNIFORM,75,200,60,50,48,675,67,20,12,3,true,false,"",0,true,0,0,true,C1A0T1I2F0,45,CUT,CUTTER,8,true,true,1,INSPECT,false
P2|N12|F|UNIFORM|d75|p200|f80|b0,P2,12,F,UNIFORM,75,200,80,0,57,400,67,20,12,1,false,false,"",0,true,0,0,true,C1A1T0I2F0,56,ASSEMBLE,ASSEMBLER,11,true,true,1,CUT,false
P2|N12|F|UNIFORM|d75|p200|f80|b10,P2,12,F,UNIFORM,75,200,80,10,57,440,67,20,12,1,false,false,"",0,true,0,0,true,C1A1T0I2F0,56,ASSEMBLE,ASSEMBLER,11,true,true,1,CUT,false
P2|N12|F|UNIFORM|d75|p200|f80|b25,P2,12,F,UNIFORM,75,200,80,25,57,500,67,20,12,2,true,false,"",0,true,0,0,true,C1A1T0I2F0,56,ASSEMBLE,ASSEMBLER,11,true,true,1,CUT,false
P2|N12|F|UNIFORM|d75|p200|f80|b50,P2,12,F,UNIFORM,75,200,80,50,57,600,67,20,12,3,true,false,"",0,true,0,0,true,C1A1T0I2F0,56,ASSEMBLE,ASSEMBLER,11,true,true,1,CUT,false
P2|N12|F|UNIFORM|d90|p100|f20|b0,P2,12,F,UNIFORM,90,100,20,0,29,780,67,20,15,1,false,false,"",0,true,1,1,true,C2A0T1I1F3,28,CUT|ASSEMBLE+INSPECT,CUTTER,1,false,false,0,,false
P2|N12|F|UNIFORM|d90|p100|f20|b10,P2,12,F,UNIFORM,90,100,20,10,29,858,67,20,15,1,false,false,"",0,true,1,1,true,C2A0T1I1F3,28,CUT|ASSEMBLE+INSPECT,CUTTER,1,false,false,0,,false
P2|N12|F|UNIFORM|d90|p100|f20|b25,P2,12,F,UNIFORM,90,100,20,25,29,975,67,20,15,2,true,true,"C2A0T1I1F3[780,28,CUT|ASSEMBLE+INSPECT] vs C3A0T1I2F2[880,27,ASSEMBLE+INSPECT]",0,false,2,2,true,C2A0T1I1F3,28,CUT|ASSEMBLE+INSPECT,CUTTER,1,false,false,0,,false
P2|N12|F|UNIFORM|d90|p100|f20|b50,P2,12,F,UNIFORM,90,100,20,50,29,1170,67,20,15,5,true,true,"C2A0T1I1F3[780,28,CUT|ASSEMBLE+INSPECT] vs C3A0T1I2F2[880,27,ASSEMBLE+INSPECT]",4,false,4,4,true,C2A0T1I1F3,28,CUT|ASSEMBLE+INSPECT,CUTTER,1,false,false,0,,false
P2|N12|F|UNIFORM|d90|p100|f40|b0,P2,12,F,UNIFORM,90,100,40,0,38,580,67,20,15,1,false,false,"",0,true,1,1,true,C2A0T1I0F2,37,ASSEMBLE+INSPECT,INSPECTOR,5,true,true,2,CUT|ASSEMBLE+INSPECT,false
P2|N12|F|UNIFORM|d90|p100|f40|b10,P2,12,F,UNIFORM,90,100,40,10,38,638,67,20,15,2,true,true,"C2A0T1I2F0[580,37,INSPECT] vs C2A1T0I0F3[600,35,ASSEMBLE+INSPECT]",2,false,2,2,true,C2A0T1I0F2,37,ASSEMBLE+INSPECT,INSPECTOR,5,true,true,2,CUT|ASSEMBLE+INSPECT,true
P2|N12|F|UNIFORM|d90|p100|f40|b25,P2,12,F,UNIFORM,90,100,40,25,38,725,67,20,15,4,true,true,"C2A0T1I2F0[580,37,INSPECT] vs C2A1T0I0F3[600,35,ASSEMBLE+INSPECT]",5,false,3,3,true,C2A0T1I0F2,37,ASSEMBLE+INSPECT,INSPECTOR,5,true,true,2,CUT|ASSEMBLE+INSPECT,true
P2|N12|F|UNIFORM|d90|p100|f40|b50,P2,12,F,UNIFORM,90,100,40,50,38,870,67,20,15,5,true,true,"C2A0T1I2F0[580,37,INSPECT] vs C2A1T0I0F3[600,35,ASSEMBLE+INSPECT]",5,false,4,4,true,C2A0T1I0F2,37,ASSEMBLE+INSPECT,INSPECTOR,5,true,true,2,CUT|ASSEMBLE+INSPECT,true
P2|N12|F|UNIFORM|d90|p100|f60|b0,P2,12,F,UNIFORM,90,100,60,0,48,400,67,20,15,1,false,false,"",0,true,0,0,true,C1A0T0I0F3,45,CUT|ASSEMBLE+INSPECT,CUTTER,3,true,true,0,,false
P2|N12|F|UNIFORM|d90|p100|f60|b10,P2,12,F,UNIFORM,90,100,60,10,48,440,67,20,15,1,false,false,"",0,true,0,0,true,C1A0T0I0F3,45,CUT|ASSEMBLE+INSPECT,CUTTER,3,true,true,0,,false
P2|N12|F|UNIFORM|d90|p100|f60|b25,P2,12,F,UNIFORM,90,100,60,25,48,500,67,20,15,2,true,false,"",0,true,0,0,true,C1A0T0I0F3,45,CUT|ASSEMBLE+INSPECT,CUTTER,3,true,true,0,,false
P2|N12|F|UNIFORM|d90|p100|f60|b50,P2,12,F,UNIFORM,90,100,60,50,48,600,67,20,15,4,true,true,"C1A0T0I0F3[400,45,CUT|ASSEMBLE+INSPECT] vs C2A0T1I0F2[580,37,ASSEMBLE+INSPECT]",2,false,2,2,true,C1A0T0I0F3,45,CUT|ASSEMBLE+INSPECT,CUTTER,3,true,true,0,,false
P2|N12|F|UNIFORM|d90|p100|f80|b0,P2,12,F,UNIFORM,90,100,80,0,57,400,67,20,15,1,false,false,"",0,true,0,0,true,C1A0T0I0F3,45,CUT|ASSEMBLE+INSPECT,CUTTER,3,true,true,0,,false
P2|N12|F|UNIFORM|d90|p100|f80|b10,P2,12,F,UNIFORM,90,100,80,10,57,440,67,20,15,1,false,false,"",0,true,0,0,true,C1A0T0I0F3,45,CUT|ASSEMBLE+INSPECT,CUTTER,3,true,true,0,,false
P2|N12|F|UNIFORM|d90|p100|f80|b25,P2,12,F,UNIFORM,90,100,80,25,57,500,67,20,15,2,true,false,"",0,true,0,0,true,C1A0T0I0F3,45,CUT|ASSEMBLE+INSPECT,CUTTER,3,true,true,0,,false
P2|N12|F|UNIFORM|d90|p100|f80|b50,P2,12,F,UNIFORM,90,100,80,50,57,600,67,20,15,4,true,true,"C1A0T0I0F3[400,45,CUT|ASSEMBLE+INSPECT] vs C2A0T1I0F2[580,37,ASSEMBLE+INSPECT]",2,false,2,2,true,C1A0T0I0F3,45,CUT|ASSEMBLE+INSPECT,CUTTER,3,true,true,0,,false
P2|N12|F|UNIFORM|d90|p125|f20|b0,P2,12,F,UNIFORM,90,125,20,0,29,805,67,20,23,1,false,false,"",0,true,0,0,true,C2A0T1I3F1,29,CUT|ASSEMBLE+INSPECT,CUTTER,1,false,false,0,,false
P2|N12|F|UNIFORM|d90|p125|f20|b10,P2,12,F,UNIFORM,90,125,20,10,29,885,67,20,23,3,true,true,"C2A0T1I3F1[805,29,CUT|ASSEMBLE+INSPECT] vs C3A1T1I3F0[880,27,INSPECT]",1,false,0,0,true,C2A0T1I3F1,29,CUT|ASSEMBLE+INSPECT,CUTTER,1,false,false,0,,false
P2|N12|F|UNIFORM|d90|p125|f20|b25,P2,12,F,UNIFORM,90,125,20,25,29,1006,67,20,23,5,true,true,"C2A0T1I3F1[805,29,CUT|ASSEMBLE+INSPECT] vs C3A1T1I3F0[880,27,INSPECT]",2,false,0,0,true,C2A0T1I3F1,29,CUT|ASSEMBLE+INSPECT,CUTTER,1,false,false,0,,false
P2|N12|F|UNIFORM|d90|p125|f20|b50,P2,12,F,UNIFORM,90,125,20,50,29,1207,67,20,23,8,true,true,"C2A0T1I3F1[805,29,CUT|ASSEMBLE+INSPECT] vs C3A1T1I3F0[880,27,INSPECT]",5,false,0,0,true,C2A0T1I3F1,29,CUT|ASSEMBLE+INSPECT,CUTTER,1,false,false,0,,false
P2|N12|F|UNIFORM|d90|p125|f40|b0,P2,12,F,UNIFORM,90,125,40,0,38,580,67,20,23,1,false,false,"",0,true,0,0,true,C2A0T1I2F0,37,INSPECT,INSPECTOR,4,true,true,1,ASSEMBLE,false
P2|N12|F|UNIFORM|d90|p125|f40|b10,P2,12,F,UNIFORM,90,125,40,10,38,638,67,20,23,1,false,false,"",0,true,0,0,true,C2A0T1I2F0,37,INSPECT,INSPECTOR,4,true,true,1,ASSEMBLE,false
P2|N12|F|UNIFORM|d90|p125|f40|b25,P2,12,F,UNIFORM,90,125,40,25,38,725,67,20,23,4,true,true,"C2A0T1I2F0[580,37,INSPECT] vs C2A1T0I1F2[650,35,ASSEMBLE+INSPECT]",0,false,0,0,true,C2A0T1I2F0,37,INSPECT,INSPECTOR,4,true,true,1,ASSEMBLE,true
P2|N12|F|UNIFORM|d90|p125|f40|b50,P2,12,F,UNIFORM,90,125,40,50,38,870,67,20,23,7,true,true,"C2A0T1I2F0[580,37,INSPECT] vs C2A1T0I1F2[650,35,ASSEMBLE+INSPECT]",2,false,0,0,true,C2A0T1I2F0,37,INSPECT,INSPECTOR,4,true,true,1,ASSEMBLE,true
P2|N12|F|UNIFORM|d90|p125|f60|b0,P2,12,F,UNIFORM,90,125,60,0,48,425,67,20,23,1,false,false,"",0,true,0,0,true,C1A1T0I1F1,46,CUT|ASSEMBLE+INSPECT,CUTTER,2,false,false,0,,false
P2|N12|F|UNIFORM|d90|p125|f60|b10,P2,12,F,UNIFORM,90,125,60,10,48,467,67,20,23,1,false,false,"",0,true,0,0,true,C1A1T0I1F1,46,CUT|ASSEMBLE+INSPECT,CUTTER,2,false,false,0,,false
P2|N12|F|UNIFORM|d90|p125|f60|b25,P2,12,F,UNIFORM,90,125,60,25,48,531,67,20,23,3,true,true,"C1A0T0I0F3[475,45,CUT|ASSEMBLE+INSPECT] vs C2A1T0I1F1[525,44,ASSEMBLE+INSPECT]",1,false,0,0,true,C1A1T0I1F1,46,CUT|ASSEMBLE+INSPECT,CUTTER,2,false,false,0,,false
P2|N12|F|UNIFORM|d90|p125|f60|b50,P2,12,F,UNIFORM,90,125,60,50,48,637,67,20,23,5,true,true,"C1A1T0I1F1[425,46,CUT|ASSEMBLE+INSPECT] vs C2A0T0I0F3[575,42,ASSEMBLE+INSPECT]",2,false,0,0,true,C1A1T0I1F1,46,CUT|ASSEMBLE+INSPECT,CUTTER,2,false,false,0,,false
P2|N12|F|UNIFORM|d90|p125|f80|b0,P2,12,F,UNIFORM,90,125,80,0,57,400,67,20,23,1,false,false,"",0,true,0,0,true,C1A1T0I2F0,56,ASSEMBLE,ASSEMBLER,11,true,true,1,CUT,false
P2|N12|F|UNIFORM|d90|p125|f80|b10,P2,12,F,UNIFORM,90,125,80,10,57,440,67,20,23,2,true,true,"C1A1T0I2F0[400,56,ASSEMBLE] vs C1A1T0I1F1[425,46,CUT|ASSEMBLE+INSPECT]",0,false,0,0,true,C1A1T0I2F0,56,ASSEMBLE,ASSEMBLER,11,true,true,1,CUT,true
P2|N12|F|UNIFORM|d90|p125|f80|b25,P2,12,F,UNIFORM,90,125,80,25,57,500,67,20,23,3,true,true,"C1A1T0I2F0[400,56,ASSEMBLE] vs C1A1T0I1F1[425,46,CUT|ASSEMBLE+INSPECT]",1,false,0,0,true,C1A1T0I2F0,56,ASSEMBLE,ASSEMBLER,11,true,true,1,CUT,true
P2|N12|F|UNIFORM|d90|p125|f80|b50,P2,12,F,UNIFORM,90,125,80,50,57,600,67,20,23,6,true,true,"C1A1T0I2F0[400,56,ASSEMBLE] vs C1A1T0I1F1[425,46,CUT|ASSEMBLE+INSPECT]",2,false,0,0,true,C1A1T0I2F0,56,ASSEMBLE,ASSEMBLER,11,true,true,1,CUT,true
P2|N12|F|UNIFORM|d90|p150|f20|b0,P2,12,F,UNIFORM,90,150,20,0,29,830,67,20,18,1,false,false,"",0,true,0,0,true,C2A0T1I3F1,29,CUT|ASSEMBLE+INSPECT,CUTTER,1,false,false,0,,false
P2|N12|F|UNIFORM|d90|p150|f20|b10,P2,12,F,UNIFORM,90,150,20,10,29,913,67,20,18,2,true,true,"C2A0T1I3F1[830,29,CUT|ASSEMBLE+INSPECT] vs C3A1T1I3F0[880,27,INSPECT]",0,false,0,0,true,C2A0T1I3F1,29,CUT|ASSEMBLE+INSPECT,CUTTER,1,false,false,0,,false
P2|N12|F|UNIFORM|d90|p150|f20|b25,P2,12,F,UNIFORM,90,150,20,25,29,1037,67,20,18,4,true,true,"C2A0T1I3F1[830,29,CUT|ASSEMBLE+INSPECT] vs C3A1T1I3F0[880,27,INSPECT]",1,false,0,0,true,C2A0T1I3F1,29,CUT|ASSEMBLE+INSPECT,CUTTER,1,false,false,0,,false
P2|N12|F|UNIFORM|d90|p150|f20|b50,P2,12,F,UNIFORM,90,150,20,50,29,1245,67,20,18,6,true,true,"C2A0T1I3F1[830,29,CUT|ASSEMBLE+INSPECT] vs C3A1T1I3F0[880,27,INSPECT]",2,false,0,0,true,C2A0T1I3F1,29,CUT|ASSEMBLE+INSPECT,CUTTER,1,false,false,0,,false
P2|N12|F|UNIFORM|d90|p150|f40|b0,P2,12,F,UNIFORM,90,150,40,0,38,580,67,20,18,1,false,false,"",0,true,0,0,true,C2A0T1I2F0,37,INSPECT,INSPECTOR,4,true,true,1,ASSEMBLE,false
P2|N12|F|UNIFORM|d90|p150|f40|b10,P2,12,F,UNIFORM,90,150,40,10,38,638,67,20,18,1,false,false,"",0,true,0,0,true,C2A0T1I2F0,37,INSPECT,INSPECTOR,4,true,true,1,ASSEMBLE,false
P2|N12|F|UNIFORM|d90|p150|f40|b25,P2,12,F,UNIFORM,90,150,40,25,38,725,67,20,18,2,true,false,"",0,true,0,0,true,C2A0T1I2F0,37,INSPECT,INSPECTOR,4,true,true,1,ASSEMBLE,false
P2|N12|F|UNIFORM|d90|p150|f40|b50,P2,12,F,UNIFORM,90,150,40,50,38,870,67,20,18,5,true,true,"C2A0T1I3F0[680,33,ASSEMBLE] vs C2A0T1I2F1[730,32,ASSEMBLE+INSPECT]",0,false,0,0,true,C2A0T1I2F0,37,INSPECT,INSPECTOR,4,true,true,1,ASSEMBLE,true
P2|N12|F|UNIFORM|d90|p150|f60|b0,P2,12,F,UNIFORM,90,150,60,0,48,450,67,20,18,1,false,false,"",0,true,0,0,true,C1A1T0I1F1,46,CUT|ASSEMBLE+INSPECT,CUTTER,2,false,false,0,,false
P2|N12|F|UNIFORM|d90|p150|f60|b10,P2,12,F,UNIFORM,90,150,60,10,48,495,67,20,18,2,true,true,"C1A1T0I1F1[450,46,CUT|ASSEMBLE+INSPECT] vs C1A0T1I2F0[480,45,CUT]",0,false,0,0,true,C1A1T0I1F1,46,CUT|ASSEMBLE+INSPECT,CUTTER,2,false,false,0,,false
P2|N12|F|UNIFORM|d90|p150|f60|b25,P2,12,F,UNIFORM,90,150,60,25,48,562,67,20,18,3,true,true,"C1A1T0I1F1[450,46,CUT|ASSEMBLE+INSPECT] vs C1A0T1I2F0[480,45,CUT]",0,false,0,0,true,C1A1T0I1F1,46,CUT|ASSEMBLE+INSPECT,CUTTER,2,false,false,0,,false
P2|N12|F|UNIFORM|d90|p150|f60|b50,P2,12,F,UNIFORM,90,150,60,50,48,675,67,20,18,4,true,true,"C1A1T0I1F1[450,46,CUT|ASSEMBLE+INSPECT] vs C1A0T1I2F0[480,45,CUT]",0,false,0,0,true,C1A1T0I1F1,46,CUT|ASSEMBLE+INSPECT,CUTTER,2,false,false,0,,false
P2|N12|F|UNIFORM|d90|p150|f80|b0,P2,12,F,UNIFORM,90,150,80,0,57,400,67,20,18,1,false,false,"",0,true,0,0,true,C1A1T0I2F0,56,ASSEMBLE,ASSEMBLER,11,true,true,1,CUT,false
P2|N12|F|UNIFORM|d90|p150|f80|b10,P2,12,F,UNIFORM,90,150,80,10,57,440,67,20,18,1,false,false,"",0,true,0,0,true,C1A1T0I2F0,56,ASSEMBLE,ASSEMBLER,11,true,true,1,CUT,false
P2|N12|F|UNIFORM|d90|p150|f80|b25,P2,12,F,UNIFORM,90,150,80,25,57,500,67,20,18,3,true,true,"C1A1T0I2F0[400,56,ASSEMBLE] vs C1A1T0I1F1[450,46,CUT|ASSEMBLE+INSPECT]",0,false,0,0,true,C1A1T0I2F0,56,ASSEMBLE,ASSEMBLER,11,true,true,1,CUT,true
P2|N12|F|UNIFORM|d90|p150|f80|b50,P2,12,F,UNIFORM,90,150,80,50,57,600,67,20,18,5,true,true,"C1A1T0I2F0[400,56,ASSEMBLE] vs C1A1T0I1F1[450,46,CUT|ASSEMBLE+INSPECT]",0,false,0,0,true,C1A1T0I2F0,56,ASSEMBLE,ASSEMBLER,11,true,true,1,CUT,true
P2|N12|F|UNIFORM|d90|p200|f20|b0,P2,12,F,UNIFORM,90,200,20,0,29,880,67,20,12,1,false,false,"",0,true,0,0,true,C3A1T1I3F0,27,INSPECT,INSPECTOR,1,false,false,1,ASSEMBLE,false
P2|N12|F|UNIFORM|d90|p200|f20|b10,P2,12,F,UNIFORM,90,200,20,10,29,968,67,20,12,1,false,false,"",0,true,0,0,true,C3A1T1I3F0,27,INSPECT,INSPECTOR,1,false,false,1,ASSEMBLE,false
P2|N12|F|UNIFORM|d90|p200|f20|b25,P2,12,F,UNIFORM,90,200,20,25,29,1100,67,20,12,3,true,false,"",0,true,0,0,true,C3A1T1I3F0,27,INSPECT,INSPECTOR,1,false,false,1,ASSEMBLE,false
P2|N12|F|UNIFORM|d90|p200|f20|b50,P2,12,F,UNIFORM,90,200,20,50,29,1320,67,20,12,4,true,false,"",0,false,0,0,true,C3A1T1I3F0,27,INSPECT,INSPECTOR,1,false,false,1,ASSEMBLE,false
P2|N12|F|UNIFORM|d90|p200|f40|b0,P2,12,F,UNIFORM,90,200,40,0,38,580,67,20,12,1,false,false,"",0,true,0,0,true,C2A0T1I2F0,37,INSPECT,INSPECTOR,4,true,true,1,ASSEMBLE,false
P2|N12|F|UNIFORM|d90|p200|f40|b10,P2,12,F,UNIFORM,90,200,40,10,38,638,67,20,12,1,false,false,"",0,true,0,0,true,C2A0T1I2F0,37,INSPECT,INSPECTOR,4,true,true,1,ASSEMBLE,false
P2|N12|F|UNIFORM|d90|p200|f40|b25,P2,12,F,UNIFORM,90,200,40,25,38,725,67,20,12,2,true,false,"",0,true,0,0,true,C2A0T1I2F0,37,INSPECT,INSPECTOR,4,true,true,1,ASSEMBLE,false
P2|N12|F|UNIFORM|d90|p200|f40|b50,P2,12,F,UNIFORM,90,200,40,50,38,870,67,20,12,3,true,false,"",0,true,0,0,true,C2A0T1I2F0,37,INSPECT,INSPECTOR,4,true,true,1,ASSEMBLE,false
P2|N12|F|UNIFORM|d90|p200|f60|b0,P2,12,F,UNIFORM,90,200,60,0,48,480,67,20,12,1,false,false,"",0,true,0,0,true,C1A0T1I2F0,45,CUT,CUTTER,8,true,true,1,INSPECT,false
P2|N12|F|UNIFORM|d90|p200|f60|b10,P2,12,F,UNIFORM,90,200,60,10,48,528,67,20,12,1,false,false,"",0,true,0,0,true,C1A0T1I2F0,45,CUT,CUTTER,8,true,true,1,INSPECT,false
P2|N12|F|UNIFORM|d90|p200|f60|b25,P2,12,F,UNIFORM,90,200,60,25,48,600,67,20,12,2,true,false,"",0,true,0,0,true,C1A0T1I2F0,45,CUT,CUTTER,8,true,true,1,INSPECT,false
P2|N12|F|UNIFORM|d90|p200|f60|b50,P2,12,F,UNIFORM,90,200,60,50,48,720,67,20,12,3,true,false,"",0,true,0,0,true,C1A0T1I2F0,45,CUT,CUTTER,8,true,true,1,INSPECT,false
P2|N12|F|UNIFORM|d90|p200|f80|b0,P2,12,F,UNIFORM,90,200,80,0,57,400,67,20,12,1,false,false,"",0,true,0,0,true,C1A1T0I2F0,56,ASSEMBLE,ASSEMBLER,11,true,true,1,CUT,false
P2|N12|F|UNIFORM|d90|p200|f80|b10,P2,12,F,UNIFORM,90,200,80,10,57,440,67,20,12,1,false,false,"",0,true,0,0,true,C1A1T0I2F0,56,ASSEMBLE,ASSEMBLER,11,true,true,1,CUT,false
P2|N12|F|UNIFORM|d90|p200|f80|b25,P2,12,F,UNIFORM,90,200,80,25,57,500,67,20,12,2,true,false,"",0,true,0,0,true,C1A1T0I2F0,56,ASSEMBLE,ASSEMBLER,11,true,true,1,CUT,false
P2|N12|F|UNIFORM|d90|p200|f80|b50,P2,12,F,UNIFORM,90,200,80,50,57,600,67,20,12,3,true,false,"",0,true,0,0,true,C1A1T0I2F0,56,ASSEMBLE,ASSEMBLER,11,true,true,1,CUT,false
P2|N12|F|UNIFORM|d100|p100|f20|b0,P2,12,F,UNIFORM,100,100,20,0,29,800,67,20,12,1,false,false,"",0,true,1,1,true,C2A0T1I1F3,28,CUT|ASSEMBLE+INSPECT,CUTTER,1,false,false,0,,false
P2|N12|F|UNIFORM|d100|p100|f20|b10,P2,12,F,UNIFORM,100,100,20,10,29,880,67,20,12,1,false,false,"",0,true,1,1,true,C2A0T1I1F3,28,CUT|ASSEMBLE+INSPECT,CUTTER,1,false,false,0,,false
P2|N12|F|UNIFORM|d100|p100|f20|b25,P2,12,F,UNIFORM,100,100,20,25,29,1000,67,20,12,3,true,true,"C2A0T1I1F3[800,28,CUT|ASSEMBLE+INSPECT] vs C3A0T1I2F2[900,27,ASSEMBLE+INSPECT]",6,false,3,3,true,C2A0T1I1F3,28,CUT|ASSEMBLE+INSPECT,CUTTER,1,false,false,0,,false
P2|N12|F|UNIFORM|d100|p100|f20|b50,P2,12,F,UNIFORM,100,100,20,50,29,1200,67,20,12,5,true,true,"C2A0T1I1F3[800,28,CUT|ASSEMBLE+INSPECT] vs C3A0T1I2F2[900,27,ASSEMBLE+INSPECT]",16,false,5,4,true,C2A0T1I1F3,28,CUT|ASSEMBLE+INSPECT,CUTTER,1,false,false,0,,false
P2|N12|F|UNIFORM|d100|p100|f40|b0,P2,12,F,UNIFORM,100,100,40,0,38,600,67,20,12,1,false,false,"",0,true,1,1,true,C2A1T0I0F3,35,ASSEMBLE+INSPECT,INSPECTOR,5,true,true,2,CUT|ASSEMBLE+INSPECT,false
P2|N12|F|UNIFORM|d100|p100|f40|b10,P2,12,F,UNIFORM,100,100,40,10,38,660,67,20,12,1,false,false,"",0,true,1,1,true,C2A1T0I0F3,35,ASSEMBLE+INSPECT,INSPECTOR,5,true,true,2,CUT|ASSEMBLE+INSPECT,false
P2|N12|F|UNIFORM|d100|p100|f40|b25,P2,12,F,UNIFORM,100,100,40,25,38,750,67,20,12,2,true,false,"",0,true,1,1,true,C2A1T0I0F3,35,ASSEMBLE+INSPECT,INSPECTOR,5,true,true,2,CUT|ASSEMBLE+INSPECT,false
P2|N12|F|UNIFORM|d100|p100|f40|b50,P2,12,F,UNIFORM,100,100,40,50,38,900,67,20,12,4,true,true,"C2A1T0I0F3[600,35,ASSEMBLE+INSPECT] vs C2A0T1I2F2[800,28,CUT|ASSEMBLE+INSPECT]",0,false,3,3,true,C2A1T0I0F3,35,ASSEMBLE+INSPECT,INSPECTOR,5,true,true,2,CUT|ASSEMBLE+INSPECT,true
P2|N12|F|UNIFORM|d100|p100|f60|b0,P2,12,F,UNIFORM,100,100,60,0,48,400,67,20,12,1,false,false,"",0,true,0,0,true,C1A0T0I0F3,45,CUT|ASSEMBLE+INSPECT,CUTTER,3,true,true,0,,false
P2|N12|F|UNIFORM|d100|p100|f60|b10,P2,12,F,UNIFORM,100,100,60,10,48,440,67,20,12,1,false,false,"",0,true,0,0,true,C1A0T0I0F3,45,CUT|ASSEMBLE+INSPECT,CUTTER,3,true,true,0,,false
P2|N12|F|UNIFORM|d100|p100|f60|b25,P2,12,F,UNIFORM,100,100,60,25,48,500,67,20,12,2,true,false,"",0,true,0,0,true,C1A0T0I0F3,45,CUT|ASSEMBLE+INSPECT,CUTTER,3,true,true,0,,false
P2|N12|F|UNIFORM|d100|p100|f60|b50,P2,12,F,UNIFORM,100,100,60,50,48,600,67,20,12,3,true,true,"C1A0T0I0F3[400,45,CUT|ASSEMBLE+INSPECT] vs C2A1T0I1F2[600,35,ASSEMBLE+INSPECT]",0,false,1,1,true,C1A0T0I0F3,45,CUT|ASSEMBLE+INSPECT,CUTTER,3,true,true,0,,false
P2|N12|F|UNIFORM|d100|p100|f80|b0,P2,12,F,UNIFORM,100,100,80,0,57,400,67,20,12,1,false,false,"",0,true,0,0,true,C1A0T0I0F3,45,CUT|ASSEMBLE+INSPECT,CUTTER,3,true,true,0,,false
P2|N12|F|UNIFORM|d100|p100|f80|b10,P2,12,F,UNIFORM,100,100,80,10,57,440,67,20,12,1,false,false,"",0,true,0,0,true,C1A0T0I0F3,45,CUT|ASSEMBLE+INSPECT,CUTTER,3,true,true,0,,false
P2|N12|F|UNIFORM|d100|p100|f80|b25,P2,12,F,UNIFORM,100,100,80,25,57,500,67,20,12,2,true,false,"",0,true,0,0,true,C1A0T0I0F3,45,CUT|ASSEMBLE+INSPECT,CUTTER,3,true,true,0,,false
P2|N12|F|UNIFORM|d100|p100|f80|b50,P2,12,F,UNIFORM,100,100,80,50,57,600,67,20,12,3,true,true,"C1A0T0I0F3[400,45,CUT|ASSEMBLE+INSPECT] vs C2A1T0I1F2[600,35,ASSEMBLE+INSPECT]",0,false,1,1,true,C1A0T0I0F3,45,CUT|ASSEMBLE+INSPECT,CUTTER,3,true,true,0,,false
P2|N12|F|UNIFORM|d100|p125|f20|b0,P2,12,F,UNIFORM,100,125,20,0,29,825,67,20,23,1,false,false,"",0,true,1,0,true,C2A0T1I3F1,29,CUT|ASSEMBLE+INSPECT,CUTTER,1,false,false,0,,false
P2|N12|F|UNIFORM|d100|p125|f20|b10,P2,12,F,UNIFORM,100,125,20,10,29,907,67,20,23,3,true,true,"C2A0T1I3F1[825,29,CUT|ASSEMBLE+INSPECT] vs C3A1T1I3F0[900,27,INSPECT]",4,false,3,0,true,C2A0T1I3F1,29,CUT|ASSEMBLE+INSPECT,CUTTER,1,false,false,0,,false
P2|N12|F|UNIFORM|d100|p125|f20|b25,P2,12,F,UNIFORM,100,125,20,25,29,1031,67,20,23,5,true,true,"C2A0T1I3F1[825,29,CUT|ASSEMBLE+INSPECT] vs C3A1T1I3F0[900,27,INSPECT]",8,false,5,0,true,C2A0T1I3F1,29,CUT|ASSEMBLE+INSPECT,CUTTER,1,false,false,0,,false
P2|N12|F|UNIFORM|d100|p125|f20|b50,P2,12,F,UNIFORM,100,125,20,50,29,1237,67,20,23,8,true,true,"C2A0T1I3F1[825,29,CUT|ASSEMBLE+INSPECT] vs C3A1T1I3F0[900,27,INSPECT]",24,false,8,0,true,C2A0T1I3F1,29,CUT|ASSEMBLE+INSPECT,CUTTER,1,false,false,0,,false
P2|N12|F|UNIFORM|d100|p125|f40|b0,P2,12,F,UNIFORM,100,125,40,0,38,600,67,20,23,1,false,false,"",0,true,1,0,true,C2A0T1I2F0,37,INSPECT,INSPECTOR,4,true,true,1,ASSEMBLE,false
P2|N12|F|UNIFORM|d100|p125|f40|b10,P2,12,F,UNIFORM,100,125,40,10,38,660,67,20,23,2,true,true,"C2A0T1I2F0[600,37,INSPECT] vs C2A1T0I1F2[650,35,ASSEMBLE+INSPECT]",0,false,1,0,true,C2A0T1I2F0,37,INSPECT,INSPECTOR,4,true,true,1,ASSEMBLE,true
P2|N12|F|UNIFORM|d100|p125|f40|b25,P2,12,F,UNIFORM,100,125,40,25,38,750,67,20,23,4,true,true,"C2A0T1I2F0[600,37,INSPECT] vs C2A1T0I1F2[650,35,ASSEMBLE+INSPECT]",2,false,3,1,true,C2A0T1I2F0,37,INSPECT,INSPECTOR,4,true,true,1,ASSEMBLE,true
P2|N12|F|UNIFORM|d100|p125|f40|b50,P2,12,F,UNIFORM,100,125,40,50,38,900,67,20,23,8,true,true,"C2A0T1I2F0[600,37,INSPECT] vs C2A1T0I1F2[650,35,ASSEMBLE+INSPECT]",9,false,6,1,true,C2A0T1I2F0,37,INSPECT,INSPECTOR,4,true,true,1,ASSEMBLE,true
P2|N12|F|UNIFORM|d100|p125|f60|b0,P2,12,F,UNIFORM,100,125,60,0,48,425,67,20,23,1,false,false,"",0,true,0,0,true,C1A1T0I1F1,46,CUT|ASSEMBLE+INSPECT,CUTTER,2,false,false,0,,false
P2|N12|F|UNIFORM|d100|p125|f60|b10,P2,12,F,UNIFORM,100,125,60,10,48,467,67,20,23,1,false,false,"",0,true,0,0,true,C1A1T0I1F1,46,CUT|ASSEMBLE+INSPECT,CUTTER,2,false,false,0,,false
P2|N12|F|UNIFORM|d100|p125|f60|b25,P2,12,F,UNIFORM,100,125,60,25,48,531,67,20,23,3,true,true,"C1A0T0I0F3[475,45,CUT|ASSEMBLE+INSPECT] vs C2A1T0I1F1[525,44,ASSEMBLE+INSPECT]",1,false,0,0,true,C1A1T0I1F1,46,CUT|ASSEMBLE+INSPECT,CUTTER,2,false,false,0,,false
P2|N12|F|UNIFORM|d100|p125|f60|b50,P2,12,F,UNIFORM,100,125,60,50,48,637,67,20,23,5,true,true,"C1A1T0I1F1[425,46,CUT|ASSEMBLE+INSPECT] vs C2A0T0I0F3[575,42,ASSEMBLE+INSPECT]",2,false,1,0,true,C1A1T0I1F1,46,CUT|ASSEMBLE+INSPECT,CUTTER,2,false,false,0,,false
P2|N12|F|UNIFORM|d100|p125|f80|b0,P2,12,F,UNIFORM,100,125,80,0,57,400,67,20,23,1,false,false,"",0,true,0,0,true,C1A1T0I2F0,56,ASSEMBLE,ASSEMBLER,11,true,true,1,CUT,false
P2|N12|F|UNIFORM|d100|p125|f80|b10,P2,12,F,UNIFORM,100,125,80,10,57,440,67,20,23,2,true,true,"C1A1T0I2F0[400,56,ASSEMBLE] vs C1A1T0I1F1[425,46,CUT|ASSEMBLE+INSPECT]",0,false,0,0,true,C1A1T0I2F0,56,ASSEMBLE,ASSEMBLER,11,true,true,1,CUT,true
P2|N12|F|UNIFORM|d100|p125|f80|b25,P2,12,F,UNIFORM,100,125,80,25,57,500,67,20,23,3,true,true,"C1A1T0I2F0[400,56,ASSEMBLE] vs C1A1T0I1F1[425,46,CUT|ASSEMBLE+INSPECT]",1,false,0,0,true,C1A1T0I2F0,56,ASSEMBLE,ASSEMBLER,11,true,true,1,CUT,true
P2|N12|F|UNIFORM|d100|p125|f80|b50,P2,12,F,UNIFORM,100,125,80,50,57,600,67,20,23,6,true,true,"C1A1T0I2F0[400,56,ASSEMBLE] vs C1A1T0I1F1[425,46,CUT|ASSEMBLE+INSPECT]",2,false,1,0,true,C1A1T0I2F0,56,ASSEMBLE,ASSEMBLER,11,true,true,1,CUT,true
P2|N12|F|UNIFORM|d100|p150|f20|b0,P2,12,F,UNIFORM,100,150,20,0,29,850,67,20,18,1,false,false,"",0,true,1,0,true,C2A0T1I3F1,29,CUT|ASSEMBLE+INSPECT,CUTTER,1,false,false,0,,false
P2|N12|F|UNIFORM|d100|p150|f20|b10,P2,12,F,UNIFORM,100,150,20,10,29,935,67,20,18,2,true,true,"C2A0T1I3F1[850,29,CUT|ASSEMBLE+INSPECT] vs C3A1T1I3F0[900,27,INSPECT]",0,false,2,0,true,C2A0T1I3F1,29,CUT|ASSEMBLE+INSPECT,CUTTER,1,false,false,0,,false
P2|N12|F|UNIFORM|d100|p150|f20|b25,P2,12,F,UNIFORM,100,150,20,25,29,1062,67,20,18,4,true,true,"C2A0T1I3F1[850,29,CUT|ASSEMBLE+INSPECT] vs C3A1T1I3F0[900,27,INSPECT]",4,false,4,0,true,C2A0T1I3F1,29,CUT|ASSEMBLE+INSPECT,CUTTER,1,false,false,0,,false
P2|N12|F|UNIFORM|d100|p150|f20|b50,P2,12,F,UNIFORM,100,150,20,50,29,1275,67,20,18,6,true,true,"C2A0T1I3F1[850,29,CUT|ASSEMBLE+INSPECT] vs C3A1T1I3F0[900,27,INSPECT]",10,false,6,0,true,C2A0T1I3F1,29,CUT|ASSEMBLE+INSPECT,CUTTER,1,false,false,0,,false
P2|N12|F|UNIFORM|d100|p150|f40|b0,P2,12,F,UNIFORM,100,150,40,0,38,600,67,20,18,1,false,false,"",0,true,1,0,true,C2A0T1I2F0,37,INSPECT,INSPECTOR,4,true,true,1,ASSEMBLE,false
P2|N12|F|UNIFORM|d100|p150|f40|b10,P2,12,F,UNIFORM,100,150,40,10,38,660,67,20,18,1,false,false,"",0,true,1,0,true,C2A0T1I2F0,37,INSPECT,INSPECTOR,4,true,true,1,ASSEMBLE,false
P2|N12|F|UNIFORM|d100|p150|f40|b25,P2,12,F,UNIFORM,100,150,40,25,38,750,67,20,18,3,true,true,"C2A0T1I2F0[600,37,INSPECT] vs C2A1T0I3F1[750,32,ASSEMBLE+INSPECT]",2,false,3,1,true,C2A0T1I2F0,37,INSPECT,INSPECTOR,4,true,true,1,ASSEMBLE,true
P2|N12|F|UNIFORM|d100|p150|f40|b50,P2,12,F,UNIFORM,100,150,40,50,38,900,67,20,18,6,true,true,"C2A0T1I2F0[600,37,INSPECT] vs C2A1T0I3F1[750,32,ASSEMBLE+INSPECT]",2,false,6,1,true,C2A0T1I2F0,37,INSPECT,INSPECTOR,4,true,true,1,ASSEMBLE,true
P2|N12|F|UNIFORM|d100|p150|f60|b0,P2,12,F,UNIFORM,100,150,60,0,48,450,67,20,18,1,false,false,"",0,true,0,0,true,C1A1T0I1F1,46,CUT|ASSEMBLE+INSPECT,CUTTER,2,false,false,0,,false
P2|N12|F|UNIFORM|d100|p150|f60|b10,P2,12,F,UNIFORM,100,150,60,10,48,495,67,20,18,1,false,false,"",0,true,0,0,true,C1A1T0I1F1,46,CUT|ASSEMBLE+INSPECT,CUTTER,2,false,false,0,,false
P2|N12|F|UNIFORM|d100|p150|f60|b25,P2,12,F,UNIFORM,100,150,60,25,48,562,67,20,18,3,true,true,"C1A1T0I1F1[450,46,CUT|ASSEMBLE+INSPECT] vs C1A0T1I2F0[500,45,CUT]",0,false,1,0,true,C1A1T0I1F1,46,CUT|ASSEMBLE+INSPECT,CUTTER,2,false,false,0,,false
P2|N12|F|UNIFORM|d100|p150|f60|b50,P2,12,F,UNIFORM,100,150,60,50,48,675,67,20,18,4,true,true,"C1A1T0I1F1[450,46,CUT|ASSEMBLE+INSPECT] vs C1A0T1I2F0[500,45,CUT]",0,false,2,0,true,C1A1T0I1F1,46,CUT|ASSEMBLE+INSPECT,CUTTER,2,false,false,0,,false
P2|N12|F|UNIFORM|d100|p150|f80|b0,P2,12,F,UNIFORM,100,150,80,0,57,400,67,20,18,1,false,false,"",0,true,0,0,true,C1A1T0I2F0,56,ASSEMBLE,ASSEMBLER,11,true,true,1,CUT,false
P2|N12|F|UNIFORM|d100|p150|f80|b10,P2,12,F,UNIFORM,100,150,80,10,57,440,67,20,18,1,false,false,"",0,true,0,0,true,C1A1T0I2F0,56,ASSEMBLE,ASSEMBLER,11,true,true,1,CUT,false
P2|N12|F|UNIFORM|d100|p150|f80|b25,P2,12,F,UNIFORM,100,150,80,25,57,500,67,20,18,3,true,true,"C1A1T0I2F0[400,56,ASSEMBLE] vs C1A1T0I1F1[450,46,CUT|ASSEMBLE+INSPECT]",0,false,1,0,true,C1A1T0I2F0,56,ASSEMBLE,ASSEMBLER,11,true,true,1,CUT,true
P2|N12|F|UNIFORM|d100|p150|f80|b50,P2,12,F,UNIFORM,100,150,80,50,57,600,67,20,18,5,true,true,"C1A1T0I2F0[400,56,ASSEMBLE] vs C1A1T0I1F1[450,46,CUT|ASSEMBLE+INSPECT]",0,false,2,0,true,C1A1T0I2F0,56,ASSEMBLE,ASSEMBLER,11,true,true,1,CUT,true
P2|N12|F|UNIFORM|d100|p200|f20|b0,P2,12,F,UNIFORM,100,200,20,0,29,900,67,20,12,1,false,false,"",0,true,1,0,true,C3A1T1I3F0,27,INSPECT,INSPECTOR,1,false,false,1,ASSEMBLE,false
P2|N12|F|UNIFORM|d100|p200|f20|b10,P2,12,F,UNIFORM,100,200,20,10,29,990,67,20,12,1,false,false,"",0,true,1,0,true,C3A1T1I3F0,27,INSPECT,INSPECTOR,1,false,false,1,ASSEMBLE,false
P2|N12|F|UNIFORM|d100|p200|f20|b25,P2,12,F,UNIFORM,100,200,20,25,29,1125,67,20,12,3,true,true,"C3A1T1I3F0[900,27,INSPECT] vs C3A0T1I4F1[1100,25,ASSEMBLE+INSPECT]",4,false,3,1,true,C3A1T1I3F0,27,INSPECT,INSPECTOR,1,false,false,1,ASSEMBLE,false
P2|N12|F|UNIFORM|d100|p200|f20|b50,P2,12,F,UNIFORM,100,200,20,50,29,1350,67,20,12,4,true,true,"C3A1T1I3F0[900,27,INSPECT] vs C3A0T1I4F1[1100,25,ASSEMBLE+INSPECT]",4,false,4,1,true,C3A1T1I3F0,27,INSPECT,INSPECTOR,1,false,false,1,ASSEMBLE,false
P2|N12|F|UNIFORM|d100|p200|f40|b0,P2,12,F,UNIFORM,100,200,40,0,38,600,67,20,12,1,false,false,"",0,true,1,0,true,C2A0T1I2F0,37,INSPECT,INSPECTOR,4,true,true,1,ASSEMBLE,false
P2|N12|F|UNIFORM|d100|p200|f40|b10,P2,12,F,UNIFORM,100,200,40,10,38,660,67,20,12,1,false,false,"",0,true,1,0,true,C2A0T1I2F0,37,INSPECT,INSPECTOR,4,true,true,1,ASSEMBLE,false
P2|N12|F|UNIFORM|d100|p200|f40|b25,P2,12,F,UNIFORM,100,200,40,25,38,750,67,20,12,2,true,false,"",0,true,2,0,true,C2A0T1I2F0,37,INSPECT,INSPECTOR,4,true,true,1,ASSEMBLE,false
P2|N12|F|UNIFORM|d100|p200|f40|b50,P2,12,F,UNIFORM,100,200,40,50,38,900,67,20,12,4,true,false,"",0,false,4,0,true,C2A0T1I2F0,37,INSPECT,INSPECTOR,4,true,true,1,ASSEMBLE,false
P2|N12|F|UNIFORM|d100|p200|f60|b0,P2,12,F,UNIFORM,100,200,60,0,48,500,67,20,12,1,false,false,"",0,true,1,0,true,C1A0T1I2F0,45,CUT,CUTTER,8,true,true,1,INSPECT,false
P2|N12|F|UNIFORM|d100|p200|f60|b10,P2,12,F,UNIFORM,100,200,60,10,48,550,67,20,12,1,false,false,"",0,true,1,0,true,C1A0T1I2F0,45,CUT,CUTTER,8,true,true,1,INSPECT,false
P2|N12|F|UNIFORM|d100|p200|f60|b25,P2,12,F,UNIFORM,100,200,60,25,48,625,67,20,12,2,true,false,"",0,true,2,0,true,C1A0T1I2F0,45,CUT,CUTTER,8,true,true,1,INSPECT,false
P2|N12|F|UNIFORM|d100|p200|f60|b50,P2,12,F,UNIFORM,100,200,60,50,48,750,67,20,12,3,true,false,"",0,true,3,0,true,C1A0T1I2F0,45,CUT,CUTTER,8,true,true,1,INSPECT,false
P2|N12|F|UNIFORM|d100|p200|f80|b0,P2,12,F,UNIFORM,100,200,80,0,57,400,67,20,12,1,false,false,"",0,true,0,0,true,C1A1T0I2F0,56,ASSEMBLE,ASSEMBLER,11,true,true,1,CUT,false
P2|N12|F|UNIFORM|d100|p200|f80|b10,P2,12,F,UNIFORM,100,200,80,10,57,440,67,20,12,1,false,false,"",0,true,0,0,true,C1A1T0I2F0,56,ASSEMBLE,ASSEMBLER,11,true,true,1,CUT,false
P2|N12|F|UNIFORM|d100|p200|f80|b25,P2,12,F,UNIFORM,100,200,80,25,57,500,67,20,12,2,true,false,"",0,true,1,0,true,C1A1T0I2F0,56,ASSEMBLE,ASSEMBLER,11,true,true,1,CUT,false
P2|N12|F|UNIFORM|d100|p200|f80|b50,P2,12,F,UNIFORM,100,200,80,50,57,600,67,20,12,3,true,false,"",0,true,2,0,true,C1A1T0I2F0,56,ASSEMBLE,ASSEMBLER,11,true,true,1,CUT,false
P2|N12|F|WORK|d75|p100|f20|b0,P2,12,F,WORK,75,100,20,0,29,1600,67,20,20,1,false,false,"",0,true,1,1,true,C2A0T1I1F3,28,CUT|ASSEMBLE+INSPECT,CUTTER,1,false,false,0,,false
P2|N12|F|WORK|d75|p100|f20|b10,P2,12,F,WORK,75,100,20,10,29,1760,67,20,20,2,true,true,"C2A0T1I1F3[1600,28,CUT|ASSEMBLE+INSPECT] vs C3A1T1I0F3[1700,27,ASSEMBLE+INSPECT]",0,false,2,2,true,C2A0T1I1F3,28,CUT|ASSEMBLE+INSPECT,CUTTER,1,false,false,0,,false
P2|N12|F|WORK|d75|p100|f20|b25,P2,12,F,WORK,75,100,20,25,29,2000,67,20,20,4,true,true,"C2A0T1I1F3[1600,28,CUT|ASSEMBLE+INSPECT] vs C3A1T1I0F3[1700,27,ASSEMBLE+INSPECT]",2,false,4,4,true,C2A0T1I1F3,28,CUT|ASSEMBLE+INSPECT,CUTTER,1,false,false,0,,false
P2|N12|F|WORK|d75|p100|f20|b50,P2,12,F,WORK,75,100,20,50,29,2400,67,20,20,6,true,true,"C2A0T1I1F3[1600,28,CUT|ASSEMBLE+INSPECT] vs C3A1T1I0F3[1700,27,ASSEMBLE+INSPECT]",4,false,4,4,true,C2A0T1I1F3,28,CUT|ASSEMBLE+INSPECT,CUTTER,1,false,false,0,,false
P2|N12|F|WORK|d75|p100|f40|b0,P2,12,F,WORK,75,100,40,0,38,1100,67,20,20,1,false,false,"",0,true,1,1,true,C2A0T1I0F2,37,ASSEMBLE+INSPECT,INSPECTOR,5,true,true,2,CUT|ASSEMBLE+INSPECT,false
P2|N12|F|WORK|d75|p100|f40|b10,P2,12,F,WORK,75,100,40,10,38,1210,67,20,20,1,false,false,"",0,true,1,1,true,C2A0T1I0F2,37,ASSEMBLE+INSPECT,INSPECTOR,5,true,true,2,CUT|ASSEMBLE+INSPECT,false
P2|N12|F|WORK|d75|p100|f40|b25,P2,12,F,WORK,75,100,40,25,38,1375,67,20,20,3,true,true,"C2A0T1I2F0[1100,37,INSPECT] vs C2A1T0I0F3[1250,35,ASSEMBLE+INSPECT]",2,false,3,3,true,C2A0T1I0F2,37,ASSEMBLE+INSPECT,INSPECTOR,5,true,true,2,CUT|ASSEMBLE+INSPECT,true
P2|N12|F|WORK|d75|p100|f40|b50,P2,12,F,WORK,75,100,40,50,38,1650,67,20,20,5,true,true,"C2A0T1I2F0[1100,37,INSPECT] vs C2A1T0I0F3[1250,35,ASSEMBLE+INSPECT]",5,false,4,4,true,C2A0T1I0F2,37,ASSEMBLE+INSPECT,INSPECTOR,5,true,true,2,CUT|ASSEMBLE+INSPECT,true
P2|N12|F|WORK|d75|p100|f60|b0,P2,12,F,WORK,75,100,60,0,48,850,67,20,20,1,false,false,"",0,true,1,1,true,C1A1T0I0F2,46,CUT|ASSEMBLE+INSPECT,CUTTER,1,false,false,0,,false
P2|N12|F|WORK|d75|p100|f60|b10,P2,12,F,WORK,75,100,60,10,48,935,67,20,20,2,true,false,"",2,false,1,1,true,C1A1T0I0F2,46,CUT|ASSEMBLE+INSPECT,CUTTER,1,false,false,0,,false
P2|N12|F|WORK|d75|p100|f60|b25,P2,12,F,WORK,75,100,60,25,48,1062,67,20,20,4,true,true,"C1A1T0I0F2[850,46,CUT|ASSEMBLE+INSPECT] vs C2A1T0I1F1[1000,44,ASSEMBLE+INSPECT]",3,false,1,1,true,C1A1T0I0F2,46,CUT|ASSEMBLE+INSPECT,CUTTER,1,false,false,0,,false
P2|N12|F|WORK|d75|p100|f60|b50,P2,12,F,WORK,75,100,60,50,48,1275,67,20,20,6,true,true,"C1A1T0I0F2[850,46,CUT|ASSEMBLE+INSPECT] vs C2A1T0I1F1[1000,44,ASSEMBLE+INSPECT]",5,false,3,3,true,C1A1T0I0F2,46,CUT|ASSEMBLE+INSPECT,CUTTER,1,false,false,0,,false
P2|N12|F|WORK|d75|p100|f80|b0,P2,12,F,WORK,75,100,80,0,57,800,67,20,20,1,false,false,"",0,true,0,0,true,C2A0T0I0F2,57,ASSEMBLE+INSPECT,FLEX_CELL,15,true,true,4,CUT|ASSEMBLE+INSPECT,false
P2|N12|F|WORK|d75|p100|f80|b10,P2,12,F,WORK,75,100,80,10,57,880,67,20,20,2,true,true,"C2A0T0I0F2[800,57,ASSEMBLE+INSPECT] vs C1A1T0I0F2[850,46,CUT|ASSEMBLE+INSPECT]",0,false,1,1,true,C2A0T0I0F2,57,ASSEMBLE+INSPECT,FLEX_CELL,15,true,true,4,CUT|ASSEMBLE+INSPECT,true
P2|N12|F|WORK|d75|p100|f80|b25,P2,12,F,WORK,75,100,80,25,57,1000,67,20,20,4,true,true,"C2A0T0I0F2[800,57,ASSEMBLE+INSPECT] vs C1A1T0I0F2[850,46,CUT|ASSEMBLE+INSPECT]",2,false,1,1,true,C2A0T0I0F2,57,ASSEMBLE+INSPECT,FLEX_CELL,15,true,true,4,CUT|ASSEMBLE+INSPECT,true
P2|N12|F|WORK|d75|p100|f80|b50,P2,12,F,WORK,75,100,80,50,57,1200,67,20,20,6,true,true,"C2A0T0I0F2[800,57,ASSEMBLE+INSPECT] vs C1A1T0I0F2[850,46,CUT|ASSEMBLE+INSPECT]",3,false,2,2,true,C2A0T0I0F2,57,ASSEMBLE+INSPECT,FLEX_CELL,15,true,true,4,CUT|ASSEMBLE+INSPECT,true
P2|N12|F|WORK|d75|p125|f20|b0,P2,12,F,WORK,75,125,20,0,29,1663,67,20,18,1,false,false,"",0,true,0,0,true,C2A0T1I3F1,29,CUT|ASSEMBLE+INSPECT,CUTTER,1,false,false,0,,false
P2|N12|F|WORK|d75|p125|f20|b10,P2,12,F,WORK,75,125,20,10,29,1829,67,20,18,2,true,true,"C2A0T1I3F1[1663,29,CUT|ASSEMBLE+INSPECT] vs C3A1T1I3F0[1700,27,INSPECT]",0,false,0,0,true,C2A0T1I3F1,29,CUT|ASSEMBLE+INSPECT,CUTTER,1,false,false,0,,false
P2|N12|F|WORK|d75|p125|f20|b25,P2,12,F,WORK,75,125,20,25,29,2078,67,20,18,4,true,true,"C2A0T1I3F1[1663,29,CUT|ASSEMBLE+INSPECT] vs C3A1T1I3F0[1700,27,INSPECT]",0,false,0,0,true,C2A0T1I3F1,29,CUT|ASSEMBLE+INSPECT,CUTTER,1,false,false,0,,false
P2|N12|F|WORK|d75|p125|f20|b50,P2,12,F,WORK,75,125,20,50,29,2494,67,20,18,5,true,true,"C2A0T1I3F1[1663,29,CUT|ASSEMBLE+INSPECT] vs C3A1T1I3F0[1700,27,INSPECT]",0,false,0,0,true,C2A0T1I3F1,29,CUT|ASSEMBLE+INSPECT,CUTTER,1,false,false,0,,false
P2|N12|F|WORK|d75|p125|f40|b0,P2,12,F,WORK,75,125,40,0,38,1100,67,20,18,1,false,false,"",0,true,0,0,true,C2A0T1I2F0,37,INSPECT,INSPECTOR,4,true,true,1,ASSEMBLE,false
P2|N12|F|WORK|d75|p125|f40|b10,P2,12,F,WORK,75,125,40,10,38,1210,67,20,18,1,false,false,"",0,true,0,0,true,C2A0T1I2F0,37,INSPECT,INSPECTOR,4,true,true,1,ASSEMBLE,false
P2|N12|F|WORK|d75|p125|f40|b25,P2,12,F,WORK,75,125,40,25,38,1375,67,20,18,2,true,false,"",0,true,0,0,true,C2A0T1I2F0,37,INSPECT,INSPECTOR,4,true,true,1,ASSEMBLE,false
P2|N12|F|WORK|d75|p125|f40|b50,P2,12,F,WORK,75,125,40,50,38,1650,67,20,18,4,true,true,"C2A0T1I3F0[1350,33,ASSEMBLE] vs C2A0T1I2F1[1413,32,ASSEMBLE+INSPECT]",0,false,0,0,true,C2A0T1I2F0,37,INSPECT,INSPECTOR,4,true,true,1,ASSEMBLE,true
P2|N12|F|WORK|d75|p125|f60|b0,P2,12,F,WORK,75,125,60,0,48,913,67,20,18,1,false,false,"",0,true,0,0,true,C1A1T0I1F1,46,CUT|ASSEMBLE+INSPECT,CUTTER,2,false,false,0,,false
P2|N12|F|WORK|d75|p125|f60|b10,P2,12,F,WORK,75,125,60,10,48,1004,67,20,18,2,true,true,"C1A1T0I1F1[913,46,CUT|ASSEMBLE+INSPECT] vs C1A0T1I2F0[950,45,CUT]",0,false,0,0,true,C1A1T0I1F1,46,CUT|ASSEMBLE+INSPECT,CUTTER,2,false,false,0,,false
P2|N12|F|WORK|d75|p125|f60|b25,P2,12,F,WORK,75,125,60,25,48,1141,67,20,18,4,true,true,"C1A1T0I1F1[913,46,CUT|ASSEMBLE+INSPECT] vs C1A0T1I2F0[950,45,CUT]",0,false,0,0,true,C1A1T0I1F1,46,CUT|ASSEMBLE+INSPECT,CUTTER,2,false,false,0,,false
P2|N12|F|WORK|d75|p125|f60|b50,P2,12,F,WORK,75,125,60,50,48,1369,67,20,18,5,true,true,"C1A1T0I1F1[913,46,CUT|ASSEMBLE+INSPECT] vs C1A0T1I2F0[950,45,CUT]",0,false,0,0,true,C1A1T0I1F1,46,CUT|ASSEMBLE+INSPECT,CUTTER,2,false,false,0,,false
P2|N12|F|WORK|d75|p125|f80|b0,P2,12,F,WORK,75,125,80,0,57,850,67,20,18,1,false,false,"",0,true,0,0,true,C1A1T0I2F0,56,ASSEMBLE,ASSEMBLER,11,true,true,1,CUT,false
P2|N12|F|WORK|d75|p125|f80|b10,P2,12,F,WORK,75,125,80,10,57,935,67,20,18,2,true,true,"C1A1T0I2F0[850,56,ASSEMBLE] vs C1A1T0I1F1[913,46,CUT|ASSEMBLE+INSPECT]",0,false,0,0,true,C1A1T0I2F0,56,ASSEMBLE,ASSEMBLER,11,true,true,1,CUT,true
P2|N12|F|WORK|d75|p125|f80|b25,P2,12,F,WORK,75,125,80,25,57,1062,67,20,18,3,true,true,"C1A1T0I2F0[850,56,ASSEMBLE] vs C1A1T0I1F1[913,46,CUT|ASSEMBLE+INSPECT]",0,false,0,0,true,C1A1T0I2F0,56,ASSEMBLE,ASSEMBLER,11,true,true,1,CUT,true
P2|N12|F|WORK|d75|p125|f80|b50,P2,12,F,WORK,75,125,80,50,57,1275,67,20,18,5,true,true,"C1A1T0I2F0[850,56,ASSEMBLE] vs C1A1T0I1F1[913,46,CUT|ASSEMBLE+INSPECT]",0,false,0,0,true,C1A1T0I2F0,56,ASSEMBLE,ASSEMBLER,11,true,true,1,CUT,true
P2|N12|F|WORK|d75|p150|f20|b0,P2,12,F,WORK,75,150,20,0,29,1700,67,20,14,1,false,false,"",0,true,0,0,true,C3A1T1I3F0,27,INSPECT,INSPECTOR,1,false,false,1,ASSEMBLE,false
P2|N12|F|WORK|d75|p150|f20|b10,P2,12,F,WORK,75,150,20,10,29,1870,67,20,14,1,false,false,"",0,true,0,0,true,C3A1T1I3F0,27,INSPECT,INSPECTOR,1,false,false,1,ASSEMBLE,false
P2|N12|F|WORK|d75|p150|f20|b25,P2,12,F,WORK,75,150,20,25,29,2125,67,20,14,3,true,false,"",0,true,0,0,true,C3A1T1I3F0,27,INSPECT,INSPECTOR,1,false,false,1,ASSEMBLE,false
P2|N12|F|WORK|d75|p150|f20|b50,P2,12,F,WORK,75,150,20,50,29,2550,67,20,14,4,true,false,"",0,false,0,0,true,C3A1T1I3F0,27,INSPECT,INSPECTOR,1,false,false,1,ASSEMBLE,false
P2|N12|F|WORK|d75|p150|f40|b0,P2,12,F,WORK,75,150,40,0,38,1100,67,20,14,1,false,false,"",0,true,0,0,true,C2A0T1I2F0,37,INSPECT,INSPECTOR,4,true,true,1,ASSEMBLE,false
P2|N12|F|WORK|d75|p150|f40|b10,P2,12,F,WORK,75,150,40,10,38,1210,67,20,14,1,false,false,"",0,true,0,0,true,C2A0T1I2F0,37,INSPECT,INSPECTOR,4,true,true,1,ASSEMBLE,false
P2|N12|F|WORK|d75|p150|f40|b25,P2,12,F,WORK,75,150,40,25,38,1375,67,20,14,2,true,false,"",0,true,0,0,true,C2A0T1I2F0,37,INSPECT,INSPECTOR,4,true,true,1,ASSEMBLE,false
P2|N12|F|WORK|d75|p150|f40|b50,P2,12,F,WORK,75,150,40,50,38,1650,67,20,14,4,true,true,"C2A0T1I3F0[1350,33,ASSEMBLE] vs C2A0T1I2F1[1475,32,ASSEMBLE+INSPECT]",0,false,0,0,true,C2A0T1I2F0,37,INSPECT,INSPECTOR,4,true,true,1,ASSEMBLE,true
P2|N12|F|WORK|d75|p150|f60|b0,P2,12,F,WORK,75,150,60,0,48,950,67,20,14,1,false,false,"",0,true,0,0,true,C1A0T1I2F0,45,CUT,CUTTER,8,true,true,1,INSPECT,false
P2|N12|F|WORK|d75|p150|f60|b10,P2,12,F,WORK,75,150,60,10,48,1045,67,20,14,1,false,false,"",0,true,0,0,true,C1A0T1I2F0,45,CUT,CUTTER,8,true,true,1,INSPECT,false
P2|N12|F|WORK|d75|p150|f60|b25,P2,12,F,WORK,75,150,60,25,48,1187,67,20,14,2,true,false,"",0,true,0,0,true,C1A0T1I2F0,45,CUT,CUTTER,8,true,true,1,INSPECT,false
P2|N12|F|WORK|d75|p150|f60|b50,P2,12,F,WORK,75,150,60,50,48,1425,67,20,14,3,true,false,"",0,true,0,0,true,C1A0T1I2F0,45,CUT,CUTTER,8,true,true,1,INSPECT,false
P2|N12|F|WORK|d75|p150|f80|b0,P2,12,F,WORK,75,150,80,0,57,850,67,20,14,1,false,false,"",0,true,0,0,true,C1A1T0I2F0,56,ASSEMBLE,ASSEMBLER,11,true,true,1,CUT,false
P2|N12|F|WORK|d75|p150|f80|b10,P2,12,F,WORK,75,150,80,10,57,935,67,20,14,1,false,false,"",0,true,0,0,true,C1A1T0I2F0,56,ASSEMBLE,ASSEMBLER,11,true,true,1,CUT,false
P2|N12|F|WORK|d75|p150|f80|b25,P2,12,F,WORK,75,150,80,25,57,1062,67,20,14,2,true,false,"",0,true,0,0,true,C1A1T0I2F0,56,ASSEMBLE,ASSEMBLER,11,true,true,1,CUT,false
P2|N12|F|WORK|d75|p150|f80|b50,P2,12,F,WORK,75,150,80,50,57,1275,67,20,14,3,true,false,"",0,true,0,0,true,C1A1T0I2F0,56,ASSEMBLE,ASSEMBLER,11,true,true,1,CUT,false
P2|N12|F|WORK|d75|p200|f20|b0,P2,12,F,WORK,75,200,20,0,29,1700,67,20,12,1,false,false,"",0,true,0,0,true,C3A1T1I3F0,27,INSPECT,INSPECTOR,1,false,false,1,ASSEMBLE,false
P2|N12|F|WORK|d75|p200|f20|b10,P2,12,F,WORK,75,200,20,10,29,1870,67,20,12,1,false,false,"",0,true,0,0,true,C3A1T1I3F0,27,INSPECT,INSPECTOR,1,false,false,1,ASSEMBLE,false
P2|N12|F|WORK|d75|p200|f20|b25,P2,12,F,WORK,75,200,20,25,29,2125,67,20,12,3,true,false,"",0,true,0,0,true,C3A1T1I3F0,27,INSPECT,INSPECTOR,1,false,false,1,ASSEMBLE,false
P2|N12|F|WORK|d75|p200|f20|b50,P2,12,F,WORK,75,200,20,50,29,2550,67,20,12,4,true,false,"",0,false,0,0,true,C3A1T1I3F0,27,INSPECT,INSPECTOR,1,false,false,1,ASSEMBLE,false
P2|N12|F|WORK|d75|p200|f40|b0,P2,12,F,WORK,75,200,40,0,38,1100,67,20,12,1,false,false,"",0,true,0,0,true,C2A0T1I2F0,37,INSPECT,INSPECTOR,4,true,true,1,ASSEMBLE,false
P2|N12|F|WORK|d75|p200|f40|b10,P2,12,F,WORK,75,200,40,10,38,1210,67,20,12,1,false,false,"",0,true,0,0,true,C2A0T1I2F0,37,INSPECT,INSPECTOR,4,true,true,1,ASSEMBLE,false
P2|N12|F|WORK|d75|p200|f40|b25,P2,12,F,WORK,75,200,40,25,38,1375,67,20,12,2,true,false,"",0,true,0,0,true,C2A0T1I2F0,37,INSPECT,INSPECTOR,4,true,true,1,ASSEMBLE,false
P2|N12|F|WORK|d75|p200|f40|b50,P2,12,F,WORK,75,200,40,50,38,1650,67,20,12,3,true,false,"",0,true,0,0,true,C2A0T1I2F0,37,INSPECT,INSPECTOR,4,true,true,1,ASSEMBLE,false
P2|N12|F|WORK|d75|p200|f60|b0,P2,12,F,WORK,75,200,60,0,48,950,67,20,12,1,false,false,"",0,true,0,0,true,C1A0T1I2F0,45,CUT,CUTTER,8,true,true,1,INSPECT,false
P2|N12|F|WORK|d75|p200|f60|b10,P2,12,F,WORK,75,200,60,10,48,1045,67,20,12,1,false,false,"",0,true,0,0,true,C1A0T1I2F0,45,CUT,CUTTER,8,true,true,1,INSPECT,false
P2|N12|F|WORK|d75|p200|f60|b25,P2,12,F,WORK,75,200,60,25,48,1187,67,20,12,2,true,false,"",0,true,0,0,true,C1A0T1I2F0,45,CUT,CUTTER,8,true,true,1,INSPECT,false
P2|N12|F|WORK|d75|p200|f60|b50,P2,12,F,WORK,75,200,60,50,48,1425,67,20,12,3,true,false,"",0,true,0,0,true,C1A0T1I2F0,45,CUT,CUTTER,8,true,true,1,INSPECT,false
P2|N12|F|WORK|d75|p200|f80|b0,P2,12,F,WORK,75,200,80,0,57,850,67,20,12,1,false,false,"",0,true,0,0,true,C1A1T0I2F0,56,ASSEMBLE,ASSEMBLER,11,true,true,1,CUT,false
P2|N12|F|WORK|d75|p200|f80|b10,P2,12,F,WORK,75,200,80,10,57,935,67,20,12,1,false,false,"",0,true,0,0,true,C1A1T0I2F0,56,ASSEMBLE,ASSEMBLER,11,true,true,1,CUT,false
P2|N12|F|WORK|d75|p200|f80|b25,P2,12,F,WORK,75,200,80,25,57,1062,67,20,12,2,true,false,"",0,true,0,0,true,C1A1T0I2F0,56,ASSEMBLE,ASSEMBLER,11,true,true,1,CUT,false
P2|N12|F|WORK|d75|p200|f80|b50,P2,12,F,WORK,75,200,80,50,57,1275,67,20,12,3,true,false,"",0,true,0,0,true,C1A1T0I2F0,56,ASSEMBLE,ASSEMBLER,11,true,true,1,CUT,false
P2|N12|F|WORK|d90|p100|f20|b0,P2,12,F,WORK,90,100,20,0,29,1660,67,20,20,1,false,false,"",0,true,1,1,true,C2A0T1I1F3,28,CUT|ASSEMBLE+INSPECT,CUTTER,1,false,false,0,,false
P2|N12|F|WORK|d90|p100|f20|b10,P2,12,F,WORK,90,100,20,10,29,1826,67,20,20,2,true,true,"C2A0T1I1F3[1660,28,CUT|ASSEMBLE+INSPECT] vs C3A1T1I0F3[1760,27,ASSEMBLE+INSPECT]",0,false,2,2,true,C2A0T1I1F3,28,CUT|ASSEMBLE+INSPECT,CUTTER,1,false,false,0,,false
P2|N12|F|WORK|d90|p100|f20|b25,P2,12,F,WORK,90,100,20,25,29,2075,67,20,20,4,true,true,"C2A0T1I1F3[1660,28,CUT|ASSEMBLE+INSPECT] vs C3A1T1I0F3[1760,27,ASSEMBLE+INSPECT]",5,false,3,3,true,C2A0T1I1F3,28,CUT|ASSEMBLE+INSPECT,CUTTER,1,false,false,0,,false
P2|N12|F|WORK|d90|p100|f20|b50,P2,12,F,WORK,90,100,20,50,29,2490,67,20,20,6,true,true,"C2A0T1I1F3[1660,28,CUT|ASSEMBLE+INSPECT] vs C3A1T1I0F3[1760,27,ASSEMBLE+INSPECT]",5,false,3,3,true,C2A0T1I1F3,28,CUT|ASSEMBLE+INSPECT,CUTTER,1,false,false,0,,false
P2|N12|F|WORK|d90|p100|f40|b0,P2,12,F,WORK,90,100,40,0,38,1160,67,20,20,1,false,false,"",0,true,1,1,true,C2A0T1I0F2,37,ASSEMBLE+INSPECT,INSPECTOR,5,true,true,2,CUT|ASSEMBLE+INSPECT,false
P2|N12|F|WORK|d90|p100|f40|b10,P2,12,F,WORK,90,100,40,10,38,1276,67,20,20,2,true,true,"C2A0T1I2F0[1160,37,INSPECT] vs C2A1T0I0F3[1250,35,ASSEMBLE+INSPECT]",2,false,2,2,true,C2A0T1I0F2,37,ASSEMBLE+INSPECT,INSPECTOR,5,true,true,2,CUT|ASSEMBLE+INSPECT,true
P2|N12|F|WORK|d90|p100|f40|b25,P2,12,F,WORK,90,100,40,25,38,1450,67,20,20,3,true,true,"C2A0T1I2F0[1160,37,INSPECT] vs C2A1T0I0F3[1250,35,ASSEMBLE+INSPECT]",2,false,3,3,true,C2A0T1I0F2,37,ASSEMBLE+INSPECT,INSPECTOR,5,true,true,2,CUT|ASSEMBLE+INSPECT,true
P2|N12|F|WORK|d90|p100|f40|b50,P2,12,F,WORK,90,100,40,50,38,1740,67,20,20,5,true,true,"C2A0T1I2F0[1160,37,INSPECT] vs C2A1T0I0F3[1250,35,ASSEMBLE+INSPECT]",5,false,4,4,true,C2A0T1I0F2,37,ASSEMBLE+INSPECT,INSPECTOR,5,true,true,2,CUT|ASSEMBLE+INSPECT,true
P2|N12|F|WORK|d90|p100|f60|b0,P2,12,F,WORK,90,100,60,0,48,850,67,20,20,1,false,false,"",0,true,1,1,true,C1A1T0I0F2,46,CUT|ASSEMBLE+INSPECT,CUTTER,1,false,false,0,,false
P2|N12|F|WORK|d90|p100|f60|b10,P2,12,F,WORK,90,100,60,10,48,935,67,20,20,2,true,false,"",2,false,1,1,true,C1A1T0I0F2,46,CUT|ASSEMBLE+INSPECT,CUTTER,1,false,false,0,,false
P2|N12|F|WORK|d90|p100|f60|b25,P2,12,F,WORK,90,100,60,25,48,1062,67,20,20,4,true,true,"C1A1T0I0F2[850,46,CUT|ASSEMBLE+INSPECT] vs C2A1T0I1F1[1000,44,ASSEMBLE+INSPECT]",3,false,1,1,true,C1A1T0I0F2,46,CUT|ASSEMBLE+INSPECT,CUTTER,1,false,false,0,,false
P2|N12|F|WORK|d90|p100|f60|b50,P2,12,F,WORK,90,100,60,50,48,1275,67,20,20,6,true,true,"C1A1T0I0F2[850,46,CUT|ASSEMBLE+INSPECT] vs C2A1T0I1F1[1000,44,ASSEMBLE+INSPECT]",5,false,3,3,true,C1A1T0I0F2,46,CUT|ASSEMBLE+INSPECT,CUTTER,1,false,false,0,,false
P2|N12|F|WORK|d90|p100|f80|b0,P2,12,F,WORK,90,100,80,0,57,800,67,20,20,1,false,false,"",0,true,0,0,true,C2A0T0I0F2,57,ASSEMBLE+INSPECT,FLEX_CELL,15,true,true,4,CUT|ASSEMBLE+INSPECT,false
P2|N12|F|WORK|d90|p100|f80|b10,P2,12,F,WORK,90,100,80,10,57,880,67,20,20,2,true,true,"C2A0T0I0F2[800,57,ASSEMBLE+INSPECT] vs C1A1T0I0F2[850,46,CUT|ASSEMBLE+INSPECT]",0,false,1,1,true,C2A0T0I0F2,57,ASSEMBLE+INSPECT,FLEX_CELL,15,true,true,4,CUT|ASSEMBLE+INSPECT,true
P2|N12|F|WORK|d90|p100|f80|b25,P2,12,F,WORK,90,100,80,25,57,1000,67,20,20,4,true,true,"C2A0T0I0F2[800,57,ASSEMBLE+INSPECT] vs C1A1T0I0F2[850,46,CUT|ASSEMBLE+INSPECT]",2,false,1,1,true,C2A0T0I0F2,57,ASSEMBLE+INSPECT,FLEX_CELL,15,true,true,4,CUT|ASSEMBLE+INSPECT,true
P2|N12|F|WORK|d90|p100|f80|b50,P2,12,F,WORK,90,100,80,50,57,1200,67,20,20,6,true,true,"C2A0T0I0F2[800,57,ASSEMBLE+INSPECT] vs C1A1T0I0F2[850,46,CUT|ASSEMBLE+INSPECT]",3,false,2,2,true,C2A0T0I0F2,57,ASSEMBLE+INSPECT,FLEX_CELL,15,true,true,4,CUT|ASSEMBLE+INSPECT,true
P2|N12|F|WORK|d90|p125|f20|b0,P2,12,F,WORK,90,125,20,0,29,1723,67,20,19,1,false,false,"",0,true,0,0,true,C2A0T1I3F1,29,CUT|ASSEMBLE+INSPECT,CUTTER,1,false,false,0,,false
P2|N12|F|WORK|d90|p125|f20|b10,P2,12,F,WORK,90,125,20,10,29,1895,67,20,19,2,true,true,"C2A0T1I3F1[1723,29,CUT|ASSEMBLE+INSPECT] vs C3A1T1I3F0[1760,27,INSPECT]",0,false,0,0,true,C2A0T1I3F1,29,CUT|ASSEMBLE+INSPECT,CUTTER,1,false,false,0,,false
P2|N12|F|WORK|d90|p125|f20|b25,P2,12,F,WORK,90,125,20,25,29,2153,67,20,19,4,true,true,"C2A0T1I3F1[1723,29,CUT|ASSEMBLE+INSPECT] vs C3A1T1I3F0[1760,27,INSPECT]",1,false,0,0,true,C2A0T1I3F1,29,CUT|ASSEMBLE+INSPECT,CUTTER,1,false,false,0,,false
P2|N12|F|WORK|d90|p125|f20|b50,P2,12,F,WORK,90,125,20,50,29,2584,67,20,19,5,true,true,"C2A0T1I3F1[1723,29,CUT|ASSEMBLE+INSPECT] vs C3A1T1I3F0[1760,27,INSPECT]",1,false,0,0,true,C2A0T1I3F1,29,CUT|ASSEMBLE+INSPECT,CUTTER,1,false,false,0,,false
P2|N12|F|WORK|d90|p125|f40|b0,P2,12,F,WORK,90,125,40,0,38,1160,67,20,19,1,false,false,"",0,true,0,0,true,C2A0T1I2F0,37,INSPECT,INSPECTOR,4,true,true,1,ASSEMBLE,false
P2|N12|F|WORK|d90|p125|f40|b10,P2,12,F,WORK,90,125,40,10,38,1276,67,20,19,1,false,false,"",0,true,0,0,true,C2A0T1I2F0,37,INSPECT,INSPECTOR,4,true,true,1,ASSEMBLE,false
P2|N12|F|WORK|d90|p125|f40|b25,P2,12,F,WORK,90,125,40,25,38,1450,67,20,19,3,true,true,"C2A0T1I2F0[1160,37,INSPECT] vs C2A1T0I1F2[1376,35,ASSEMBLE+INSPECT]",0,false,0,0,true,C2A0T1I2F0,37,INSPECT,INSPECTOR,4,true,true,1,ASSEMBLE,true
P2|N12|F|WORK|d90|p125|f40|b50,P2,12,F,WORK,90,125,40,50,38,1740,67,20,19,6,true,true,"C2A0T1I2F0[1160,37,INSPECT] vs C2A1T0I1F2[1376,35,ASSEMBLE+INSPECT]",0,false,0,0,true,C2A0T1I2F0,37,INSPECT,INSPECTOR,4,true,true,1,ASSEMBLE,true
P2|N12|F|WORK|d90|p125|f60|b0,P2,12,F,WORK,90,125,60,0,48,913,67,20,19,1,false,false,"",0,true,0,0,true,C1A1T0I1F1,46,CUT|ASSEMBLE+INSPECT,CUTTER,2,false,false,0,,false
P2|N12|F|WORK|d90|p125|f60|b10,P2,12,F,WORK,90,125,60,10,48,1004,67,20,19,1,false,false,"",0,true,0,0,true,C1A1T0I1F1,46,CUT|ASSEMBLE+INSPECT,CUTTER,2,false,false,0,,false
P2|N12|F|WORK|d90|p125|f60|b25,P2,12,F,WORK,90,125,60,25,48,1141,67,20,19,3,true,true,"C1A1T0I1F1[913,46,CUT|ASSEMBLE+INSPECT] vs C1A0T1I2F0[1010,45,CUT]",0,false,0,0,true,C1A1T0I1F1,46,CUT|ASSEMBLE+INSPECT,CUTTER,2,false,false,0,,false
P2|N12|F|WORK|d90|p125|f60|b50,P2,12,F,WORK,90,125,60,50,48,1369,67,20,19,4,true,true,"C1A1T0I1F1[913,46,CUT|ASSEMBLE+INSPECT] vs C1A0T1I2F0[1010,45,CUT]",0,false,0,0,true,C1A1T0I1F1,46,CUT|ASSEMBLE+INSPECT,CUTTER,2,false,false,0,,false
P2|N12|F|WORK|d90|p125|f80|b0,P2,12,F,WORK,90,125,80,0,57,850,67,20,19,1,false,false,"",0,true,0,0,true,C1A1T0I2F0,56,ASSEMBLE,ASSEMBLER,11,true,true,1,CUT,false
P2|N12|F|WORK|d90|p125|f80|b10,P2,12,F,WORK,90,125,80,10,57,935,67,20,19,2,true,true,"C1A1T0I2F0[850,56,ASSEMBLE] vs C1A1T0I1F1[913,46,CUT|ASSEMBLE+INSPECT]",0,false,0,0,true,C1A1T0I2F0,56,ASSEMBLE,ASSEMBLER,11,true,true,1,CUT,true
P2|N12|F|WORK|d90|p125|f80|b25,P2,12,F,WORK,90,125,80,25,57,1062,67,20,19,3,true,true,"C1A1T0I2F0[850,56,ASSEMBLE] vs C1A1T0I1F1[913,46,CUT|ASSEMBLE+INSPECT]",0,false,0,0,true,C1A1T0I2F0,56,ASSEMBLE,ASSEMBLER,11,true,true,1,CUT,true
P2|N12|F|WORK|d90|p125|f80|b50,P2,12,F,WORK,90,125,80,50,57,1275,67,20,19,5,true,true,"C1A1T0I2F0[850,56,ASSEMBLE] vs C1A1T0I1F1[913,46,CUT|ASSEMBLE+INSPECT]",0,false,0,0,true,C1A1T0I2F0,56,ASSEMBLE,ASSEMBLER,11,true,true,1,CUT,true
P2|N12|F|WORK|d90|p150|f20|b0,P2,12,F,WORK,90,150,20,0,29,1760,67,20,16,1,false,false,"",0,true,0,0,true,C3A1T1I3F0,27,INSPECT,INSPECTOR,1,false,false,1,ASSEMBLE,false
P2|N12|F|WORK|d90|p150|f20|b10,P2,12,F,WORK,90,150,20,10,29,1936,67,20,16,1,false,false,"",0,true,0,0,true,C3A1T1I3F0,27,INSPECT,INSPECTOR,1,false,false,1,ASSEMBLE,false
P2|N12|F|WORK|d90|p150|f20|b25,P2,12,F,WORK,90,150,20,25,29,2200,67,20,16,3,true,false,"",0,true,0,0,true,C3A1T1I3F0,27,INSPECT,INSPECTOR,1,false,false,1,ASSEMBLE,false
P2|N12|F|WORK|d90|p150|f20|b50,P2,12,F,WORK,90,150,20,50,29,2640,67,20,16,4,true,false,"",0,false,0,0,true,C3A1T1I3F0,27,INSPECT,INSPECTOR,1,false,false,1,ASSEMBLE,false
P2|N12|F|WORK|d90|p150|f40|b0,P2,12,F,WORK,90,150,40,0,38,1160,67,20,16,1,false,false,"",0,true,0,0,true,C2A0T1I2F0,37,INSPECT,INSPECTOR,4,true,true,1,ASSEMBLE,false
P2|N12|F|WORK|d90|p150|f40|b10,P2,12,F,WORK,90,150,40,10,38,1276,67,20,16,1,false,false,"",0,true,0,0,true,C2A0T1I2F0,37,INSPECT,INSPECTOR,4,true,true,1,ASSEMBLE,false
P2|N12|F|WORK|d90|p150|f40|b25,P2,12,F,WORK,90,150,40,25,38,1450,67,20,16,2,true,false,"",0,true,0,0,true,C2A0T1I2F0,37,INSPECT,INSPECTOR,4,true,true,1,ASSEMBLE,false
P2|N12|F|WORK|d90|p150|f40|b50,P2,12,F,WORK,90,150,40,50,38,1740,67,20,16,4,true,true,"C2A0T1I3F0[1410,33,ASSEMBLE] vs C2A0T1I2F1[1535,32,ASSEMBLE+INSPECT]",0,false,0,0,true,C2A0T1I2F0,37,INSPECT,INSPECTOR,4,true,true,1,ASSEMBLE,true
P2|N12|F|WORK|d90|p150|f60|b0,P2,12,F,WORK,90,150,60,0,48,975,67,20,16,1,false,false,"",0,true,0,0,true,C1A1T0I1F1,46,CUT|ASSEMBLE+INSPECT,CUTTER,2,false,false,0,,false
P2|N12|F|WORK|d90|p150|f60|b10,P2,12,F,WORK,90,150,60,10,48,1072,67,20,16,2,true,true,"C1A1T0I1F1[975,46,CUT|ASSEMBLE+INSPECT] vs C1A0T1I2F0[1010,45,CUT]",0,false,0,0,true,C1A1T0I1F1,46,CUT|ASSEMBLE+INSPECT,CUTTER,2,false,false,0,,false
P2|N12|F|WORK|d90|p150|f60|b25,P2,12,F,WORK,90,150,60,25,48,1218,67,20,16,4,true,true,"C1A1T0I1F1[975,46,CUT|ASSEMBLE+INSPECT] vs C1A0T1I2F0[1010,45,CUT]",0,false,0,0,true,C1A1T0I1F1,46,CUT|ASSEMBLE+INSPECT,CUTTER,2,false,false,0,,false
P2|N12|F|WORK|d90|p150|f60|b50,P2,12,F,WORK,90,150,60,50,48,1462,67,20,16,5,true,true,"C1A1T0I1F1[975,46,CUT|ASSEMBLE+INSPECT] vs C1A0T1I2F0[1010,45,CUT]",0,false,0,0,true,C1A1T0I1F1,46,CUT|ASSEMBLE+INSPECT,CUTTER,2,false,false,0,,false
P2|N12|F|WORK|d90|p150|f80|b0,P2,12,F,WORK,90,150,80,0,57,850,67,20,16,1,false,false,"",0,true,0,0,true,C1A1T0I2F0,56,ASSEMBLE,ASSEMBLER,11,true,true,1,CUT,false
P2|N12|F|WORK|d90|p150|f80|b10,P2,12,F,WORK,90,150,80,10,57,935,67,20,16,1,false,false,"",0,true,0,0,true,C1A1T0I2F0,56,ASSEMBLE,ASSEMBLER,11,true,true,1,CUT,false
P2|N12|F|WORK|d90|p150|f80|b25,P2,12,F,WORK,90,150,80,25,57,1062,67,20,16,3,true,true,"C1A1T0I2F0[850,56,ASSEMBLE] vs C1A1T0I1F1[975,46,CUT|ASSEMBLE+INSPECT]",0,false,0,0,true,C1A1T0I2F0,56,ASSEMBLE,ASSEMBLER,11,true,true,1,CUT,true
P2|N12|F|WORK|d90|p150|f80|b50,P2,12,F,WORK,90,150,80,50,57,1275,67,20,16,5,true,true,"C1A1T0I2F0[850,56,ASSEMBLE] vs C1A1T0I1F1[975,46,CUT|ASSEMBLE+INSPECT]",0,false,0,0,true,C1A1T0I2F0,56,ASSEMBLE,ASSEMBLER,11,true,true,1,CUT,true
P2|N12|F|WORK|d90|p200|f20|b0,P2,12,F,WORK,90,200,20,0,29,1760,67,20,12,1,false,false,"",0,true,0,0,true,C3A1T1I3F0,27,INSPECT,INSPECTOR,1,false,false,1,ASSEMBLE,false
P2|N12|F|WORK|d90|p200|f20|b10,P2,12,F,WORK,90,200,20,10,29,1936,67,20,12,1,false,false,"",0,true,0,0,true,C3A1T1I3F0,27,INSPECT,INSPECTOR,1,false,false,1,ASSEMBLE,false
P2|N12|F|WORK|d90|p200|f20|b25,P2,12,F,WORK,90,200,20,25,29,2200,67,20,12,3,true,false,"",0,true,0,0,true,C3A1T1I3F0,27,INSPECT,INSPECTOR,1,false,false,1,ASSEMBLE,false
P2|N12|F|WORK|d90|p200|f20|b50,P2,12,F,WORK,90,200,20,50,29,2640,67,20,12,4,true,false,"",0,false,0,0,true,C3A1T1I3F0,27,INSPECT,INSPECTOR,1,false,false,1,ASSEMBLE,false
P2|N12|F|WORK|d90|p200|f40|b0,P2,12,F,WORK,90,200,40,0,38,1160,67,20,12,1,false,false,"",0,true,0,0,true,C2A0T1I2F0,37,INSPECT,INSPECTOR,4,true,true,1,ASSEMBLE,false
P2|N12|F|WORK|d90|p200|f40|b10,P2,12,F,WORK,90,200,40,10,38,1276,67,20,12,1,false,false,"",0,true,0,0,true,C2A0T1I2F0,37,INSPECT,INSPECTOR,4,true,true,1,ASSEMBLE,false
P2|N12|F|WORK|d90|p200|f40|b25,P2,12,F,WORK,90,200,40,25,38,1450,67,20,12,2,true,false,"",0,true,0,0,true,C2A0T1I2F0,37,INSPECT,INSPECTOR,4,true,true,1,ASSEMBLE,false
P2|N12|F|WORK|d90|p200|f40|b50,P2,12,F,WORK,90,200,40,50,38,1740,67,20,12,3,true,false,"",0,true,0,0,true,C2A0T1I2F0,37,INSPECT,INSPECTOR,4,true,true,1,ASSEMBLE,false
P2|N12|F|WORK|d90|p200|f60|b0,P2,12,F,WORK,90,200,60,0,48,1010,67,20,12,1,false,false,"",0,true,0,0,true,C1A0T1I2F0,45,CUT,CUTTER,8,true,true,1,INSPECT,false
P2|N12|F|WORK|d90|p200|f60|b10,P2,12,F,WORK,90,200,60,10,48,1111,67,20,12,1,false,false,"",0,true,0,0,true,C1A0T1I2F0,45,CUT,CUTTER,8,true,true,1,INSPECT,false
P2|N12|F|WORK|d90|p200|f60|b25,P2,12,F,WORK,90,200,60,25,48,1262,67,20,12,2,true,false,"",0,true,0,0,true,C1A0T1I2F0,45,CUT,CUTTER,8,true,true,1,INSPECT,false
P2|N12|F|WORK|d90|p200|f60|b50,P2,12,F,WORK,90,200,60,50,48,1515,67,20,12,3,true,false,"",0,true,0,0,true,C1A0T1I2F0,45,CUT,CUTTER,8,true,true,1,INSPECT,false
P2|N12|F|WORK|d90|p200|f80|b0,P2,12,F,WORK,90,200,80,0,57,850,67,20,12,1,false,false,"",0,true,0,0,true,C1A1T0I2F0,56,ASSEMBLE,ASSEMBLER,11,true,true,1,CUT,false
P2|N12|F|WORK|d90|p200|f80|b10,P2,12,F,WORK,90,200,80,10,57,935,67,20,12,1,false,false,"",0,true,0,0,true,C1A1T0I2F0,56,ASSEMBLE,ASSEMBLER,11,true,true,1,CUT,false
P2|N12|F|WORK|d90|p200|f80|b25,P2,12,F,WORK,90,200,80,25,57,1062,67,20,12,2,true,false,"",0,true,0,0,true,C1A1T0I2F0,56,ASSEMBLE,ASSEMBLER,11,true,true,1,CUT,false
P2|N12|F|WORK|d90|p200|f80|b50,P2,12,F,WORK,90,200,80,50,57,1275,67,20,12,3,true,false,"",0,true,0,0,true,C1A1T0I2F0,56,ASSEMBLE,ASSEMBLER,11,true,true,1,CUT,false
P2|N12|F|WORK|d100|p100|f20|b0,P2,12,F,WORK,100,100,20,0,29,1700,67,20,20,1,false,false,"",0,true,1,1,true,C2A0T1I1F3,28,CUT|ASSEMBLE+INSPECT,CUTTER,1,false,false,0,,false
P2|N12|F|WORK|d100|p100|f20|b10,P2,12,F,WORK,100,100,20,10,29,1870,67,20,20,2,true,true,"C2A0T1I1F3[1700,28,CUT|ASSEMBLE+INSPECT] vs C3A1T1I0F3[1800,27,ASSEMBLE+INSPECT]",0,false,2,2,true,C2A0T1I1F3,28,CUT|ASSEMBLE+INSPECT,CUTTER,1,false,false,0,,false
P2|N12|F|WORK|d100|p100|f20|b25,P2,12,F,WORK,100,100,20,25,29,2125,67,20,20,4,true,true,"C2A0T1I1F3[1700,28,CUT|ASSEMBLE+INSPECT] vs C3A1T1I0F3[1800,27,ASSEMBLE+INSPECT]",14,false,3,3,true,C2A0T1I1F3,28,CUT|ASSEMBLE+INSPECT,CUTTER,1,false,false,0,,false
P2|N12|F|WORK|d100|p100|f20|b50,P2,12,F,WORK,100,100,20,50,29,2550,67,20,20,7,true,true,"C2A0T1I1F3[1700,28,CUT|ASSEMBLE+INSPECT] vs C3A1T1I0F3[1800,27,ASSEMBLE+INSPECT]",14,false,6,3,true,C2A0T1I1F3,28,CUT|ASSEMBLE+INSPECT,CUTTER,1,false,false,0,,false
P2|N12|F|WORK|d100|p100|f40|b0,P2,12,F,WORK,100,100,40,0,38,1200,67,20,20,1,false,false,"",0,true,1,1,true,C2A0T1I0F2,37,ASSEMBLE+INSPECT,INSPECTOR,5,true,true,2,CUT|ASSEMBLE+INSPECT,false
P2|N12|F|WORK|d100|p100|f40|b10,P2,12,F,WORK,100,100,40,10,38,1320,67,20,20,2,true,true,"C2A0T1I2F0[1200,37,INSPECT] vs C2A1T0I0F3[1250,35,ASSEMBLE+INSPECT]",4,false,2,2,true,C2A0T1I0F2,37,ASSEMBLE+INSPECT,INSPECTOR,5,true,true,2,CUT|ASSEMBLE+INSPECT,true
P2|N12|F|WORK|d100|p100|f40|b25,P2,12,F,WORK,100,100,40,25,38,1500,67,20,20,4,true,true,"C2A0T1I2F0[1200,37,INSPECT] vs C2A1T0I0F3[1250,35,ASSEMBLE+INSPECT]",10,false,3,3,true,C2A0T1I0F2,37,ASSEMBLE+INSPECT,INSPECTOR,5,true,true,2,CUT|ASSEMBLE+INSPECT,true
P2|N12|F|WORK|d100|p100|f40|b50,P2,12,F,WORK,100,100,40,50,38,1800,67,20,20,6,true,true,"C2A0T1I2F0[1200,37,INSPECT] vs C2A1T0I0F3[1250,35,ASSEMBLE+INSPECT]",10,false,5,5,true,C2A0T1I0F2,37,ASSEMBLE+INSPECT,INSPECTOR,5,true,true,2,CUT|ASSEMBLE+INSPECT,true
P2|N12|F|WORK|d100|p100|f60|b0,P2,12,F,WORK,100,100,60,0,48,850,67,20,20,1,false,false,"",0,true,1,1,true,C1A1T0I0F2,46,CUT|ASSEMBLE+INSPECT,CUTTER,1,false,false,0,,false
P2|N12|F|WORK|d100|p100|f60|b10,P2,12,F,WORK,100,100,60,10,48,935,67,20,20,2,true,false,"",2,false,1,1,true,C1A1T0I0F2,46,CUT|ASSEMBLE+INSPECT,CUTTER,1,false,false,0,,false
P2|N12|F|WORK|d100|p100|f60|b25,P2,12,F,WORK,100,100,60,25,48,1062,67,20,20,4,true,true,"C1A1T0I0F2[850,46,CUT|ASSEMBLE+INSPECT] vs C2A1T0I1F1[1000,44,ASSEMBLE+INSPECT]",3,false,1,1,true,C1A1T0I0F2,46,CUT|ASSEMBLE+INSPECT,CUTTER,1,false,false,0,,false
P2|N12|F|WORK|d100|p100|f60|b50,P2,12,F,WORK,100,100,60,50,48,1275,67,20,20,6,true,true,"C1A1T0I0F2[850,46,CUT|ASSEMBLE+INSPECT] vs C2A1T0I1F1[1000,44,ASSEMBLE+INSPECT]",7,false,3,3,true,C1A1T0I0F2,46,CUT|ASSEMBLE+INSPECT,CUTTER,1,false,false,0,,false
P2|N12|F|WORK|d100|p100|f80|b0,P2,12,F,WORK,100,100,80,0,57,800,67,20,20,1,false,false,"",0,true,0,0,true,C2A0T0I0F2,57,ASSEMBLE+INSPECT,FLEX_CELL,15,true,true,4,CUT|ASSEMBLE+INSPECT,false
P2|N12|F|WORK|d100|p100|f80|b10,P2,12,F,WORK,100,100,80,10,57,880,67,20,20,2,true,true,"C2A0T0I0F2[800,57,ASSEMBLE+INSPECT] vs C1A1T0I0F2[850,46,CUT|ASSEMBLE+INSPECT]",0,false,1,1,true,C2A0T0I0F2,57,ASSEMBLE+INSPECT,FLEX_CELL,15,true,true,4,CUT|ASSEMBLE+INSPECT,true
P2|N12|F|WORK|d100|p100|f80|b25,P2,12,F,WORK,100,100,80,25,57,1000,67,20,20,4,true,true,"C2A0T0I0F2[800,57,ASSEMBLE+INSPECT] vs C1A1T0I0F2[850,46,CUT|ASSEMBLE+INSPECT]",2,false,1,1,true,C2A0T0I0F2,57,ASSEMBLE+INSPECT,FLEX_CELL,15,true,true,4,CUT|ASSEMBLE+INSPECT,true
P2|N12|F|WORK|d100|p100|f80|b50,P2,12,F,WORK,100,100,80,50,57,1200,67,20,20,6,true,true,"C2A0T0I0F2[800,57,ASSEMBLE+INSPECT] vs C1A1T0I0F2[850,46,CUT|ASSEMBLE+INSPECT]",3,false,2,2,true,C2A0T0I0F2,57,ASSEMBLE+INSPECT,FLEX_CELL,15,true,true,4,CUT|ASSEMBLE+INSPECT,true
P2|N12|F|WORK|d100|p125|f20|b0,P2,12,F,WORK,100,125,20,0,29,1763,67,20,20,1,false,false,"",0,true,1,0,true,C2A0T1I3F1,29,CUT|ASSEMBLE+INSPECT,CUTTER,1,false,false,0,,false
P2|N12|F|WORK|d100|p125|f20|b10,P2,12,F,WORK,100,125,20,10,29,1939,67,20,20,2,true,true,"C2A0T1I3F1[1763,29,CUT|ASSEMBLE+INSPECT] vs C3A1T1I3F0[1800,27,INSPECT]",0,false,2,0,true,C2A0T1I3F1,29,CUT|ASSEMBLE+INSPECT,CUTTER,1,false,false,0,,false
P2|N12|F|WORK|d100|p125|f20|b25,P2,12,F,WORK,100,125,20,25,29,2203,67,20,20,4,true,true,"C2A0T1I3F1[1763,29,CUT|ASSEMBLE+INSPECT] vs C3A1T1I3F0[1800,27,INSPECT]",4,false,4,0,true,C2A0T1I3F1,29,CUT|ASSEMBLE+INSPECT,CUTTER,1,false,false,0,,false
P2|N12|F|WORK|d100|p125|f20|b50,P2,12,F,WORK,100,125,20,50,29,2644,67,20,20,6,true,true,"C2A0T1I3F1[1763,29,CUT|ASSEMBLE+INSPECT] vs C3A1T1I3F0[1800,27,INSPECT]",10,false,6,0,true,C2A0T1I3F1,29,CUT|ASSEMBLE+INSPECT,CUTTER,1,false,false,0,,false
P2|N12|F|WORK|d100|p125|f40|b0,P2,12,F,WORK,100,125,40,0,38,1200,67,20,20,1,false,false,"",0,true,1,0,true,C2A0T1I2F0,37,INSPECT,INSPECTOR,4,true,true,1,ASSEMBLE,false
P2|N12|F|WORK|d100|p125|f40|b10,P2,12,F,WORK,100,125,40,10,38,1320,67,20,20,1,false,false,"",0,true,1,0,true,C2A0T1I2F0,37,INSPECT,INSPECTOR,4,true,true,1,ASSEMBLE,false
P2|N12|F|WORK|d100|p125|f40|b25,P2,12,F,WORK,100,125,40,25,38,1500,67,20,20,3,true,true,"C2A0T1I2F0[1200,37,INSPECT] vs C2A1T0I1F2[1376,35,ASSEMBLE+INSPECT]",0,false,2,0,true,C2A0T1I2F0,37,INSPECT,INSPECTOR,4,true,true,1,ASSEMBLE,true
P2|N12|F|WORK|d100|p125|f40|b50,P2,12,F,WORK,100,125,40,50,38,1800,67,20,20,7,true,true,"C2A0T1I2F0[1200,37,INSPECT] vs C2A1T0I1F2[1376,35,ASSEMBLE+INSPECT]",0,false,6,0,true,C2A0T1I2F0,37,INSPECT,INSPECTOR,4,true,true,1,ASSEMBLE,true
P2|N12|F|WORK|d100|p125|f60|b0,P2,12,F,WORK,100,125,60,0,48,913,67,20,20,1,false,false,"",0,true,0,0,true,C1A1T0I1F1,46,CUT|ASSEMBLE+INSPECT,CUTTER,2,false,false,0,,false
P2|N12|F|WORK|d100|p125|f60|b10,P2,12,F,WORK,100,125,60,10,48,1004,67,20,20,1,false,false,"",0,true,0,0,true,C1A1T0I1F1,46,CUT|ASSEMBLE+INSPECT,CUTTER,2,false,false,0,,false
P2|N12|F|WORK|d100|p125|f60|b25,P2,12,F,WORK,100,125,60,25,48,1141,67,20,20,3,true,true,"C1A1T0I1F1[913,46,CUT|ASSEMBLE+INSPECT] vs C1A0T1I2F0[1050,45,CUT]",0,false,1,0,true,C1A1T0I1F1,46,CUT|ASSEMBLE+INSPECT,CUTTER,2,false,false,0,,false
P2|N12|F|WORK|d100|p125|f60|b50,P2,12,F,WORK,100,125,60,50,48,1369,67,20,20,4,true,true,"C1A1T0I1F1[913,46,CUT|ASSEMBLE+INSPECT] vs C1A0T1I2F0[1050,45,CUT]",0,false,2,0,true,C1A1T0I1F1,46,CUT|ASSEMBLE+INSPECT,CUTTER,2,false,false,0,,false
P2|N12|F|WORK|d100|p125|f80|b0,P2,12,F,WORK,100,125,80,0,57,850,67,20,20,1,false,false,"",0,true,0,0,true,C1A1T0I2F0,56,ASSEMBLE,ASSEMBLER,11,true,true,1,CUT,false
P2|N12|F|WORK|d100|p125|f80|b10,P2,12,F,WORK,100,125,80,10,57,935,67,20,20,2,true,true,"C1A1T0I2F0[850,56,ASSEMBLE] vs C1A1T0I1F1[913,46,CUT|ASSEMBLE+INSPECT]",0,false,0,0,true,C1A1T0I2F0,56,ASSEMBLE,ASSEMBLER,11,true,true,1,CUT,true
P2|N12|F|WORK|d100|p125|f80|b25,P2,12,F,WORK,100,125,80,25,57,1062,67,20,20,3,true,true,"C1A1T0I2F0[850,56,ASSEMBLE] vs C1A1T0I1F1[913,46,CUT|ASSEMBLE+INSPECT]",0,false,1,0,true,C1A1T0I2F0,56,ASSEMBLE,ASSEMBLER,11,true,true,1,CUT,true
P2|N12|F|WORK|d100|p125|f80|b50,P2,12,F,WORK,100,125,80,50,57,1275,67,20,20,5,true,true,"C1A1T0I2F0[850,56,ASSEMBLE] vs C1A1T0I1F1[913,46,CUT|ASSEMBLE+INSPECT]",0,false,2,0,true,C1A1T0I2F0,56,ASSEMBLE,ASSEMBLER,11,true,true,1,CUT,true
P2|N12|F|WORK|d100|p150|f20|b0,P2,12,F,WORK,100,150,20,0,29,1800,67,20,16,1,false,false,"",0,true,1,0,true,C3A1T1I3F0,27,INSPECT,INSPECTOR,1,false,false,1,ASSEMBLE,false
P2|N12|F|WORK|d100|p150|f20|b10,P2,12,F,WORK,100,150,20,10,29,1980,67,20,16,1,false,false,"",0,true,1,0,true,C3A1T1I3F0,27,INSPECT,INSPECTOR,1,false,false,1,ASSEMBLE,false
P2|N12|F|WORK|d100|p150|f20|b25,P2,12,F,WORK,100,150,20,25,29,2250,67,20,16,3,true,true,"C3A1T1I3F0[1800,27,INSPECT] vs C3A0T1I4F1[2225,25,ASSEMBLE+INSPECT]",4,false,3,0,true,C3A1T1I3F0,27,INSPECT,INSPECTOR,1,false,false,1,ASSEMBLE,false
P2|N12|F|WORK|d100|p150|f20|b50,P2,12,F,WORK,100,150,20,50,29,2700,67,20,16,4,true,true,"C3A1T1I3F0[1800,27,INSPECT] vs C3A0T1I4F1[2225,25,ASSEMBLE+INSPECT]",4,false,4,0,true,C3A1T1I3F0,27,INSPECT,INSPECTOR,1,false,false,1,ASSEMBLE,false
P2|N12|F|WORK|d100|p150|f40|b0,P2,12,F,WORK,100,150,40,0,38,1200,67,20,16,1,false,false,"",0,true,1,0,true,C2A0T1I2F0,37,INSPECT,INSPECTOR,4,true,true,1,ASSEMBLE,false
P2|N12|F|WORK|d100|p150|f40|b10,P2,12,F,WORK,100,150,40,10,38,1320,67,20,16,1,false,false,"",0,true,1,0,true,C2A0T1I2F0,37,INSPECT,INSPECTOR,4,true,true,1,ASSEMBLE,false
P2|N12|F|WORK|d100|p150|f40|b25,P2,12,F,WORK,100,150,40,25,38,1500,67,20,16,2,true,false,"",0,true,2,0,true,C2A0T1I2F0,37,INSPECT,INSPECTOR,4,true,true,1,ASSEMBLE,false
P2|N12|F|WORK|d100|p150|f40|b50,P2,12,F,WORK,100,150,40,50,38,1800,67,20,16,5,true,true,"C2A0T1I3F0[1450,33,ASSEMBLE] vs C2A0T1I2F1[1575,32,ASSEMBLE+INSPECT]",0,false,5,0,true,C2A0T1I2F0,37,INSPECT,INSPECTOR,4,true,true,1,ASSEMBLE,true
P2|N12|F|WORK|d100|p150|f60|b0,P2,12,F,WORK,100,150,60,0,48,975,67,20,16,1,false,false,"",0,true,0,0,true,C1A1T0I1F1,46,CUT|ASSEMBLE+INSPECT,CUTTER,2,false,false,0,,false
P2|N12|F|WORK|d100|p150|f60|b10,P2,12,F,WORK,100,150,60,10,48,1072,67,20,16,2,true,true,"C1A1T0I1F1[975,46,CUT|ASSEMBLE+INSPECT] vs C1A0T1I2F0[1050,45,CUT]",0,false,1,0,true,C1A1T0I1F1,46,CUT|ASSEMBLE+INSPECT,CUTTER,2,false,false,0,,false
P2|N12|F|WORK|d100|p150|f60|b25,P2,12,F,WORK,100,150,60,25,48,1218,67,20,16,4,true,true,"C1A1T0I1F1[975,46,CUT|ASSEMBLE+INSPECT] vs C1A0T1I2F0[1050,45,CUT]",0,false,2,0,true,C1A1T0I1F1,46,CUT|ASSEMBLE+INSPECT,CUTTER,2,false,false,0,,false
P2|N12|F|WORK|d100|p150|f60|b50,P2,12,F,WORK,100,150,60,50,48,1462,67,20,16,5,true,true,"C1A1T0I1F1[975,46,CUT|ASSEMBLE+INSPECT] vs C1A0T1I2F0[1050,45,CUT]",0,false,3,0,true,C1A1T0I1F1,46,CUT|ASSEMBLE+INSPECT,CUTTER,2,false,false,0,,false
P2|N12|F|WORK|d100|p150|f80|b0,P2,12,F,WORK,100,150,80,0,57,850,67,20,16,1,false,false,"",0,true,0,0,true,C1A1T0I2F0,56,ASSEMBLE,ASSEMBLER,11,true,true,1,CUT,false
P2|N12|F|WORK|d100|p150|f80|b10,P2,12,F,WORK,100,150,80,10,57,935,67,20,16,1,false,false,"",0,true,0,0,true,C1A1T0I2F0,56,ASSEMBLE,ASSEMBLER,11,true,true,1,CUT,false
P2|N12|F|WORK|d100|p150|f80|b25,P2,12,F,WORK,100,150,80,25,57,1062,67,20,16,3,true,true,"C1A1T0I2F0[850,56,ASSEMBLE] vs C1A1T0I1F1[975,46,CUT|ASSEMBLE+INSPECT]",0,false,1,0,true,C1A1T0I2F0,56,ASSEMBLE,ASSEMBLER,11,true,true,1,CUT,true
P2|N12|F|WORK|d100|p150|f80|b50,P2,12,F,WORK,100,150,80,50,57,1275,67,20,16,5,true,true,"C1A1T0I2F0[850,56,ASSEMBLE] vs C1A1T0I1F1[975,46,CUT|ASSEMBLE+INSPECT]",0,false,2,0,true,C1A1T0I2F0,56,ASSEMBLE,ASSEMBLER,11,true,true,1,CUT,true
P2|N12|F|WORK|d100|p200|f20|b0,P2,12,F,WORK,100,200,20,0,29,1800,67,20,12,1,false,false,"",0,true,1,0,true,C3A1T1I3F0,27,INSPECT,INSPECTOR,1,false,false,1,ASSEMBLE,false
P2|N12|F|WORK|d100|p200|f20|b10,P2,12,F,WORK,100,200,20,10,29,1980,67,20,12,1,false,false,"",0,true,1,0,true,C3A1T1I3F0,27,INSPECT,INSPECTOR,1,false,false,1,ASSEMBLE,false
P2|N12|F|WORK|d100|p200|f20|b25,P2,12,F,WORK,100,200,20,25,29,2250,67,20,12,3,true,false,"",0,true,3,0,true,C3A1T1I3F0,27,INSPECT,INSPECTOR,1,false,false,1,ASSEMBLE,false
P2|N12|F|WORK|d100|p200|f20|b50,P2,12,F,WORK,100,200,20,50,29,2700,67,20,12,4,true,false,"",0,false,4,0,true,C3A1T1I3F0,27,INSPECT,INSPECTOR,1,false,false,1,ASSEMBLE,false
P2|N12|F|WORK|d100|p200|f40|b0,P2,12,F,WORK,100,200,40,0,38,1200,67,20,12,1,false,false,"",0,true,1,0,true,C2A0T1I2F0,37,INSPECT,INSPECTOR,4,true,true,1,ASSEMBLE,false
P2|N12|F|WORK|d100|p200|f40|b10,P2,12,F,WORK,100,200,40,10,38,1320,67,20,12,1,false,false,"",0,true,1,0,true,C2A0T1I2F0,37,INSPECT,INSPECTOR,4,true,true,1,ASSEMBLE,false
P2|N12|F|WORK|d100|p200|f40|b25,P2,12,F,WORK,100,200,40,25,38,1500,67,20,12,2,true,false,"",0,true,2,0,true,C2A0T1I2F0,37,INSPECT,INSPECTOR,4,true,true,1,ASSEMBLE,false
P2|N12|F|WORK|d100|p200|f40|b50,P2,12,F,WORK,100,200,40,50,38,1800,67,20,12,4,true,false,"",0,false,4,0,true,C2A0T1I2F0,37,INSPECT,INSPECTOR,4,true,true,1,ASSEMBLE,false
P2|N12|F|WORK|d100|p200|f60|b0,P2,12,F,WORK,100,200,60,0,48,1050,67,20,12,1,false,false,"",0,true,1,0,true,C1A0T1I2F0,45,CUT,CUTTER,8,true,true,1,INSPECT,false
P2|N12|F|WORK|d100|p200|f60|b10,P2,12,F,WORK,100,200,60,10,48,1155,67,20,12,1,false,false,"",0,true,1,0,true,C1A0T1I2F0,45,CUT,CUTTER,8,true,true,1,INSPECT,false
P2|N12|F|WORK|d100|p200|f60|b25,P2,12,F,WORK,100,200,60,25,48,1312,67,20,12,2,true,false,"",0,true,2,0,true,C1A0T1I2F0,45,CUT,CUTTER,8,true,true,1,INSPECT,false
P2|N12|F|WORK|d100|p200|f60|b50,P2,12,F,WORK,100,200,60,50,48,1575,67,20,12,3,true,false,"",0,true,3,0,true,C1A0T1I2F0,45,CUT,CUTTER,8,true,true,1,INSPECT,false
P2|N12|F|WORK|d100|p200|f80|b0,P2,12,F,WORK,100,200,80,0,57,850,67,20,12,1,false,false,"",0,true,0,0,true,C1A1T0I2F0,56,ASSEMBLE,ASSEMBLER,11,true,true,1,CUT,false
P2|N12|F|WORK|d100|p200|f80|b10,P2,12,F,WORK,100,200,80,10,57,935,67,20,12,1,false,false,"",0,true,0,0,true,C1A1T0I2F0,56,ASSEMBLE,ASSEMBLER,11,true,true,1,CUT,false
P2|N12|F|WORK|d100|p200|f80|b25,P2,12,F,WORK,100,200,80,25,57,1062,67,20,12,2,true,false,"",0,true,1,0,true,C1A1T0I2F0,56,ASSEMBLE,ASSEMBLER,11,true,true,1,CUT,false
P2|N12|F|WORK|d100|p200|f80|b50,P2,12,F,WORK,100,200,80,50,57,1275,67,20,12,3,true,false,"",0,true,2,0,true,C1A1T0I2F0,56,ASSEMBLE,ASSEMBLER,11,true,true,1,CUT,false
P2|N24|D|UNIFORM|d75|p0|f20|b0,P2,24,D,UNIFORM,75,0,20,0,55,750,127,37,11,1,false,false,"",0,true,0,0,true,C2A1T1I3F0,50,INSPECT,INSPECTOR,4,true,false,1,CUT,false
P2|N24|D|UNIFORM|d75|p0|f20|b10,P2,24,D,UNIFORM,75,0,20,10,55,825,127,37,11,1,false,false,"",0,true,0,0,true,C2A1T1I3F0,50,INSPECT,INSPECTOR,4,true,false,1,CUT,false
P2|N24|D|UNIFORM|d75|p0|f20|b25,P2,24,D,UNIFORM,75,0,20,25,55,937,127,37,11,3,true,false,"",0,false,0,0,true,C2A1T1I3F0,50,INSPECT,INSPECTOR,4,true,false,1,CUT,false
P2|N24|D|UNIFORM|d75|p0|f20|b50,P2,24,D,UNIFORM,75,0,20,50,55,1125,127,37,11,6,true,true,"C2A0T2I4F0[900,45,CUT] vs C3A1T1I4F0[950,42,ASSEMBLE]",0,false,0,0,false,C2A1T1I3F0,50,INSPECT,INSPECTOR,4,true,false,1,CUT,false
P2|N24|D|UNIFORM|d75|p0|f40|b0,P2,24,D,UNIFORM,75,0,40,0,73,550,127,37,11,1,false,false,"",0,true,0,0,true,C2A0T1I2F0,67,INSPECT,INSPECTOR,10,true,true,1,ASSEMBLE,false
P2|N24|D|UNIFORM|d75|p0|f40|b10,P2,24,D,UNIFORM,75,0,40,10,73,605,127,37,11,1,false,false,"",0,true,0,0,true,C2A0T1I2F0,67,INSPECT,INSPECTOR,10,true,true,1,ASSEMBLE,false
P2|N24|D|UNIFORM|d75|p0|f40|b25,P2,24,D,UNIFORM,75,0,40,25,73,687,127,37,11,2,true,false,"",0,true,0,0,true,C2A0T1I2F0,67,INSPECT,INSPECTOR,10,true,true,1,ASSEMBLE,false
P2|N24|D|UNIFORM|d75|p0|f40|b50,P2,24,D,UNIFORM,75,0,40,50,73,825,127,37,11,3,true,false,"",0,true,0,0,true,C2A0T1I2F0,67,INSPECT,INSPECTOR,10,true,true,1,ASSEMBLE,false
P2|N24|D|UNIFORM|d75|p0|f60|b0,P2,24,D,UNIFORM,75,0,60,0,91,450,127,37,11,1,false,false,"",0,true,0,0,true,C1A0T1I2F0,81,CUT,CUTTER,14,true,true,1,INSPECT,false
P2|N24|D|UNIFORM|d75|p0|f60|b10,P2,24,D,UNIFORM,75,0,60,10,91,495,127,37,11,1,false,false,"",0,true,0,0,true,C1A0T1I2F0,81,CUT,CUTTER,14,true,true,1,INSPECT,false
P2|N24|D|UNIFORM|d75|p0|f60|b25,P2,24,D,UNIFORM,75,0,60,25,91,562,127,37,11,2,true,false,"",0,true,0,0,true,C1A0T1I2F0,81,CUT,CUTTER,14,true,true,1,INSPECT,false
P2|N24|D|UNIFORM|d75|p0|f60|b50,P2,24,D,UNIFORM,75,0,60,50,91,675,127,37,11,3,true,false,"",0,true,0,0,true,C1A0T1I2F0,81,CUT,CUTTER,14,true,true,1,INSPECT,false
P2|N24|D|UNIFORM|d75|p0|f80|b0,P2,24,D,UNIFORM,75,0,80,0,109,400,127,37,11,1,false,false,"",0,true,0,0,true,C1A1T0I2F0,104,ASSEMBLE,ASSEMBLER,23,true,true,1,CUT,false
P2|N24|D|UNIFORM|d75|p0|f80|b10,P2,24,D,UNIFORM,75,0,80,10,109,440,127,37,11,1,false,false,"",0,true,0,0,true,C1A1T0I2F0,104,ASSEMBLE,ASSEMBLER,23,true,true,1,CUT,false
P2|N24|D|UNIFORM|d75|p0|f80|b25,P2,24,D,UNIFORM,75,0,80,25,109,500,127,37,11,2,true,false,"",0,true,0,0,true,C1A1T0I2F0,104,ASSEMBLE,ASSEMBLER,23,true,true,1,CUT,false
P2|N24|D|UNIFORM|d75|p0|f80|b50,P2,24,D,UNIFORM,75,0,80,50,109,600,127,37,11,3,true,false,"",0,true,0,0,true,C1A1T0I2F0,104,ASSEMBLE,ASSEMBLER,23,true,true,1,CUT,false
P2|N24|D|UNIFORM|d90|p0|f20|b0,P2,24,D,UNIFORM,90,0,20,0,55,780,127,37,11,1,false,false,"",0,true,0,0,true,C2A1T1I3F0,50,INSPECT,INSPECTOR,4,true,false,1,CUT,false
P2|N24|D|UNIFORM|d90|p0|f20|b10,P2,24,D,UNIFORM,90,0,20,10,55,858,127,37,11,1,false,false,"",0,true,0,0,true,C2A1T1I3F0,50,INSPECT,INSPECTOR,4,true,false,1,CUT,false
P2|N24|D|UNIFORM|d90|p0|f20|b25,P2,24,D,UNIFORM,90,0,20,25,55,975,127,37,11,3,true,false,"",0,false,0,0,true,C2A1T1I3F0,50,INSPECT,INSPECTOR,4,true,false,1,CUT,false
P2|N24|D|UNIFORM|d90|p0|f20|b50,P2,24,D,UNIFORM,90,0,20,50,55,1170,127,37,11,6,true,true,"C2A0T2I4F0[960,45,CUT] vs C3A1T1I4F0[980,42,ASSEMBLE]",0,false,0,0,false,C2A1T1I3F0,50,INSPECT,INSPECTOR,4,true,false,1,CUT,false
P2|N24|D|UNIFORM|d90|p0|f40|b0,P2,24,D,UNIFORM,90,0,40,0,73,580,127,37,11,1,false,false,"",0,true,0,0,true,C2A0T1I2F0,67,INSPECT,INSPECTOR,10,true,true,1,ASSEMBLE,false
P2|N24|D|UNIFORM|d90|p0|f40|b10,P2,24,D,UNIFORM,90,0,40,10,73,638,127,37,11,1,false,false,"",0,true,0,0,true,C2A0T1I2F0,67,INSPECT,INSPECTOR,10,true,true,1,ASSEMBLE,false
P2|N24|D|UNIFORM|d90|p0|f40|b25,P2,24,D,UNIFORM,90,0,40,25,73,725,127,37,11,2,true,false,"",0,true,0,0,true,C2A0T1I2F0,67,INSPECT,INSPECTOR,10,true,true,1,ASSEMBLE,false
P2|N24|D|UNIFORM|d90|p0|f40|b50,P2,24,D,UNIFORM,90,0,40,50,73,870,127,37,11,3,true,false,"",0,true,0,0,true,C2A0T1I2F0,67,INSPECT,INSPECTOR,10,true,true,1,ASSEMBLE,false
P2|N24|D|UNIFORM|d90|p0|f60|b0,P2,24,D,UNIFORM,90,0,60,0,91,480,127,37,11,1,false,false,"",0,true,0,0,true,C1A0T1I2F0,81,CUT,CUTTER,14,true,true,1,INSPECT,false
P2|N24|D|UNIFORM|d90|p0|f60|b10,P2,24,D,UNIFORM,90,0,60,10,91,528,127,37,11,1,false,false,"",0,true,0,0,true,C1A0T1I2F0,81,CUT,CUTTER,14,true,true,1,INSPECT,false
P2|N24|D|UNIFORM|d90|p0|f60|b25,P2,24,D,UNIFORM,90,0,60,25,91,600,127,37,11,2,true,false,"",0,true,0,0,true,C1A0T1I2F0,81,CUT,CUTTER,14,true,true,1,INSPECT,false
P2|N24|D|UNIFORM|d90|p0|f60|b50,P2,24,D,UNIFORM,90,0,60,50,91,720,127,37,11,3,true,false,"",0,true,0,0,true,C1A0T1I2F0,81,CUT,CUTTER,14,true,true,1,INSPECT,false
P2|N24|D|UNIFORM|d90|p0|f80|b0,P2,24,D,UNIFORM,90,0,80,0,109,400,127,37,11,1,false,false,"",0,true,0,0,true,C1A1T0I2F0,104,ASSEMBLE,ASSEMBLER,23,true,true,1,CUT,false
P2|N24|D|UNIFORM|d90|p0|f80|b10,P2,24,D,UNIFORM,90,0,80,10,109,440,127,37,11,1,false,false,"",0,true,0,0,true,C1A1T0I2F0,104,ASSEMBLE,ASSEMBLER,23,true,true,1,CUT,false
P2|N24|D|UNIFORM|d90|p0|f80|b25,P2,24,D,UNIFORM,90,0,80,25,109,500,127,37,11,2,true,false,"",0,true,0,0,true,C1A1T0I2F0,104,ASSEMBLE,ASSEMBLER,23,true,true,1,CUT,false
P2|N24|D|UNIFORM|d90|p0|f80|b50,P2,24,D,UNIFORM,90,0,80,50,109,600,127,37,11,3,true,false,"",0,true,0,0,true,C1A1T0I2F0,104,ASSEMBLE,ASSEMBLER,23,true,true,1,CUT,false
P2|N24|D|UNIFORM|d100|p0|f20|b0,P2,24,D,UNIFORM,100,0,20,0,55,800,127,37,10,1,false,false,"",0,true,1,0,true,C2A1T1I3F0,50,INSPECT,INSPECTOR,4,true,false,1,CUT,false
P2|N24|D|UNIFORM|d100|p0|f20|b10,P2,24,D,UNIFORM,100,0,20,10,55,880,127,37,10,1,false,false,"",0,true,1,0,true,C2A1T1I3F0,50,INSPECT,INSPECTOR,4,true,false,1,CUT,false
P2|N24|D|UNIFORM|d100|p0|f20|b25,P2,24,D,UNIFORM,100,0,20,25,55,1000,127,37,10,3,true,false,"",0,true,3,0,true,C2A1T1I3F0,50,INSPECT,INSPECTOR,4,true,false,1,CUT,false
P2|N24|D|UNIFORM|d100|p0|f20|b50,P2,24,D,UNIFORM,100,0,20,50,55,1200,127,37,10,5,true,false,"",0,false,5,0,false,C2A1T1I3F0,50,INSPECT,INSPECTOR,4,true,false,1,CUT,false
P2|N24|D|UNIFORM|d100|p0|f40|b0,P2,24,D,UNIFORM,100,0,40,0,73,600,127,37,10,1,false,false,"",0,true,1,0,true,C2A0T1I2F0,67,INSPECT,INSPECTOR,10,true,true,1,ASSEMBLE,false
P2|N24|D|UNIFORM|d100|p0|f40|b10,P2,24,D,UNIFORM,100,0,40,10,73,660,127,37,10,1,false,false,"",0,true,1,0,true,C2A0T1I2F0,67,INSPECT,INSPECTOR,10,true,true,1,ASSEMBLE,false
P2|N24|D|UNIFORM|d100|p0|f40|b25,P2,24,D,UNIFORM,100,0,40,25,73,750,127,37,10,2,true,false,"",0,true,2,0,true,C2A0T1I2F0,67,INSPECT,INSPECTOR,10,true,true,1,ASSEMBLE,false
P2|N24|D|UNIFORM|d100|p0|f40|b50,P2,24,D,UNIFORM,100,0,40,50,73,900,127,37,10,4,true,false,"",0,true,4,0,true,C2A0T1I2F0,67,INSPECT,INSPECTOR,10,true,true,1,ASSEMBLE,false
P2|N24|D|UNIFORM|d100|p0|f60|b0,P2,24,D,UNIFORM,100,0,60,0,91,500,127,37,10,1,false,false,"",0,true,1,0,true,C1A0T1I2F0,81,CUT,CUTTER,14,true,true,1,INSPECT,false
P2|N24|D|UNIFORM|d100|p0|f60|b10,P2,24,D,UNIFORM,100,0,60,10,91,550,127,37,10,1,false,false,"",0,true,1,0,true,C1A0T1I2F0,81,CUT,CUTTER,14,true,true,1,INSPECT,false
P2|N24|D|UNIFORM|d100|p0|f60|b25,P2,24,D,UNIFORM,100,0,60,25,91,625,127,37,10,2,true,false,"",0,true,2,0,true,C1A0T1I2F0,81,CUT,CUTTER,14,true,true,1,INSPECT,false
P2|N24|D|UNIFORM|d100|p0|f60|b50,P2,24,D,UNIFORM,100,0,60,50,91,750,127,37,10,3,true,false,"",0,true,3,0,true,C1A0T1I2F0,81,CUT,CUTTER,14,true,true,1,INSPECT,false
P2|N24|D|UNIFORM|d100|p0|f80|b0,P2,24,D,UNIFORM,100,0,80,0,109,400,127,37,10,1,false,false,"",0,true,0,0,true,C1A1T0I2F0,104,ASSEMBLE,ASSEMBLER,23,true,true,1,CUT,false
P2|N24|D|UNIFORM|d100|p0|f80|b10,P2,24,D,UNIFORM,100,0,80,10,109,440,127,37,10,1,false,false,"",0,true,0,0,true,C1A1T0I2F0,104,ASSEMBLE,ASSEMBLER,23,true,true,1,CUT,false
P2|N24|D|UNIFORM|d100|p0|f80|b25,P2,24,D,UNIFORM,100,0,80,25,109,500,127,37,10,2,true,false,"",0,true,1,0,true,C1A1T0I2F0,104,ASSEMBLE,ASSEMBLER,23,true,true,1,CUT,false
P2|N24|D|UNIFORM|d100|p0|f80|b50,P2,24,D,UNIFORM,100,0,80,50,109,600,127,37,10,3,true,false,"",0,true,2,0,true,C1A1T0I2F0,104,ASSEMBLE,ASSEMBLER,23,true,true,1,CUT,false
P2|N24|D|WORK|d75|p0|f20|b0,P2,24,D,WORK,75,0,20,0,55,1550,127,37,12,1,false,false,"",0,true,0,0,true,C2A1T1I3F0,50,INSPECT,INSPECTOR,4,true,false,1,CUT,false
P2|N24|D|WORK|d75|p0|f20|b10,P2,24,D,WORK,75,0,20,10,55,1705,127,37,12,2,true,false,"",0,false,0,0,true,C2A1T1I3F0,50,INSPECT,INSPECTOR,4,true,false,1,CUT,false
P2|N24|D|WORK|d75|p0|f20|b25,P2,24,D,WORK,75,0,20,25,55,1937,127,37,12,4,true,true,"C3A1T1I3F0[1700,47,INSPECT] vs C2A1T1I4F0[1800,46,CUT]",0,false,0,0,true,C2A1T1I3F0,50,INSPECT,INSPECTOR,4,true,false,1,CUT,false
P2|N24|D|WORK|d75|p0|f20|b50,P2,24,D,WORK,75,0,20,50,55,2325,127,37,12,7,true,true,"C3A1T1I3F0[1700,47,INSPECT] vs C2A1T1I4F0[1800,46,CUT]",0,false,0,0,false,C2A1T1I3F0,50,INSPECT,INSPECTOR,4,true,false,1,CUT,false
P2|N24|D|WORK|d75|p0|f40|b0,P2,24,D,WORK,75,0,40,0,73,1100,127,37,12,1,false,false,"",0,true,0,0,true,C2A0T1I2F0,67,INSPECT,INSPECTOR,10,true,true,1,ASSEMBLE,false
P2|N24|D|WORK|d75|p0|f40|b10,P2,24,D,WORK,75,0,40,10,73,1210,127,37,12,1,false,false,"",0,true,0,0,true,C2A0T1I2F0,67,INSPECT,INSPECTOR,10,true,true,1,ASSEMBLE,false
P2|N24|D|WORK|d75|p0|f40|b25,P2,24,D,WORK,75,0,40,25,73,1375,127,37,12,2,true,false,"",0,true,0,0,true,C2A0T1I2F0,67,INSPECT,INSPECTOR,10,true,true,1,ASSEMBLE,false
P2|N24|D|WORK|d75|p0|f40|b50,P2,24,D,WORK,75,0,40,50,73,1650,127,37,12,3,true,false,"",0,true,0,0,true,C2A0T1I2F0,67,INSPECT,INSPECTOR,10,true,true,1,ASSEMBLE,false
P2|N24|D|WORK|d75|p0|f60|b0,P2,24,D,WORK,75,0,60,0,91,950,127,37,12,1,false,false,"",0,true,0,0,true,C1A0T1I2F0,81,CUT,CUTTER,14,true,true,1,INSPECT,false
P2|N24|D|WORK|d75|p0|f60|b10,P2,24,D,WORK,75,0,60,10,91,1045,127,37,12,1,false,false,"",0,true,0,0,true,C1A0T1I2F0,81,CUT,CUTTER,14,true,true,1,INSPECT,false
P2|N24|D|WORK|d75|p0|f60|b25,P2,24,D,WORK,75,0,60,25,91,1187,127,37,12,2,true,false,"",0,true,0,0,true,C1A0T1I2F0,81,CUT,CUTTER,14,true,true,1,INSPECT,false
P2|N24|D|WORK|d75|p0|f60|b50,P2,24,D,WORK,75,0,60,50,91,1425,127,37,12,3,true,false,"",0,true,0,0,true,C1A0T1I2F0,81,CUT,CUTTER,14,true,true,1,INSPECT,false
P2|N24|D|WORK|d75|p0|f80|b0,P2,24,D,WORK,75,0,80,0,109,850,127,37,12,1,false,false,"",0,true,0,0,true,C1A1T0I2F0,104,ASSEMBLE,ASSEMBLER,23,true,true,1,CUT,false
P2|N24|D|WORK|d75|p0|f80|b10,P2,24,D,WORK,75,0,80,10,109,935,127,37,12,1,false,false,"",0,true,0,0,true,C1A1T0I2F0,104,ASSEMBLE,ASSEMBLER,23,true,true,1,CUT,false
P2|N24|D|WORK|d75|p0|f80|b25,P2,24,D,WORK,75,0,80,25,109,1062,127,37,12,2,true,false,"",0,true,0,0,true,C1A1T0I2F0,104,ASSEMBLE,ASSEMBLER,23,true,true,1,CUT,false
P2|N24|D|WORK|d75|p0|f80|b50,P2,24,D,WORK,75,0,80,50,109,1275,127,37,12,3,true,false,"",0,true,0,0,true,C1A1T0I2F0,104,ASSEMBLE,ASSEMBLER,23,true,true,1,CUT,false
P2|N24|D|WORK|d90|p0|f20|b0,P2,24,D,WORK,90,0,20,0,55,1610,127,37,11,1,false,false,"",0,true,0,0,true,C2A1T1I3F0,50,INSPECT,INSPECTOR,4,true,false,1,CUT,false
P2|N24|D|WORK|d90|p0|f20|b10,P2,24,D,WORK,90,0,20,10,55,1771,127,37,11,2,true,false,"",0,false,0,0,true,C2A1T1I3F0,50,INSPECT,INSPECTOR,4,true,false,1,CUT,false
P2|N24|D|WORK|d90|p0|f20|b25,P2,24,D,WORK,90,0,20,25,55,2012,127,37,11,4,true,true,"C3A1T1I3F0[1760,47,INSPECT] vs C2A1T1I4F0[1860,46,CUT]",0,false,0,0,true,C2A1T1I3F0,50,INSPECT,INSPECTOR,4,true,false,1,CUT,false
P2|N24|D|WORK|d90|p0|f20|b50,P2,24,D,WORK,90,0,20,50,55,2415,127,37,11,6,true,true,"C3A1T1I3F0[1760,47,INSPECT] vs C2A1T1I4F0[1860,46,CUT]",0,false,0,0,false,C2A1T1I3F0,50,INSPECT,INSPECTOR,4,true,false,1,CUT,false
P2|N24|D|WORK|d90|p0|f40|b0,P2,24,D,WORK,90,0,40,0,73,1160,127,37,11,1,false,false,"",0,true,0,0,true,C2A0T1I2F0,67,INSPECT,INSPECTOR,10,true,true,1,ASSEMBLE,false
P2|N24|D|WORK|d90|p0|f40|b10,P2,24,D,WORK,90,0,40,10,73,1276,127,37,11,1,false,false,"",0,true,0,0,true,C2A0T1I2F0,67,INSPECT,INSPECTOR,10,true,true,1,ASSEMBLE,false
P2|N24|D|WORK|d90|p0|f40|b25,P2,24,D,WORK,90,0,40,25,73,1450,127,37,11,2,true,false,"",0,true,0,0,true,C2A0T1I2F0,67,INSPECT,INSPECTOR,10,true,true,1,ASSEMBLE,false
P2|N24|D|WORK|d90|p0|f40|b50,P2,24,D,WORK,90,0,40,50,73,1740,127,37,11,3,true,false,"",0,true,0,0,true,C2A0T1I2F0,67,INSPECT,INSPECTOR,10,true,true,1,ASSEMBLE,false
P2|N24|D|WORK|d90|p0|f60|b0,P2,24,D,WORK,90,0,60,0,91,1010,127,37,11,1,false,false,"",0,true,0,0,true,C1A0T1I2F0,81,CUT,CUTTER,14,true,true,1,INSPECT,false
P2|N24|D|WORK|d90|p0|f60|b10,P2,24,D,WORK,90,0,60,10,91,1111,127,37,11,1,false,false,"",0,true,0,0,true,C1A0T1I2F0,81,CUT,CUTTER,14,true,true,1,INSPECT,false
P2|N24|D|WORK|d90|p0|f60|b25,P2,24,D,WORK,90,0,60,25,91,1262,127,37,11,2,true,false,"",0,true,0,0,true,C1A0T1I2F0,81,CUT,CUTTER,14,true,true,1,INSPECT,false
P2|N24|D|WORK|d90|p0|f60|b50,P2,24,D,WORK,90,0,60,50,91,1515,127,37,11,3,true,false,"",0,true,0,0,true,C1A0T1I2F0,81,CUT,CUTTER,14,true,true,1,INSPECT,false
P2|N24|D|WORK|d90|p0|f80|b0,P2,24,D,WORK,90,0,80,0,109,850,127,37,11,1,false,false,"",0,true,0,0,true,C1A1T0I2F0,104,ASSEMBLE,ASSEMBLER,23,true,true,1,CUT,false
P2|N24|D|WORK|d90|p0|f80|b10,P2,24,D,WORK,90,0,80,10,109,935,127,37,11,1,false,false,"",0,true,0,0,true,C1A1T0I2F0,104,ASSEMBLE,ASSEMBLER,23,true,true,1,CUT,false
P2|N24|D|WORK|d90|p0|f80|b25,P2,24,D,WORK,90,0,80,25,109,1062,127,37,11,2,true,false,"",0,true,0,0,true,C1A1T0I2F0,104,ASSEMBLE,ASSEMBLER,23,true,true,1,CUT,false
P2|N24|D|WORK|d90|p0|f80|b50,P2,24,D,WORK,90,0,80,50,109,1275,127,37,11,3,true,false,"",0,true,0,0,true,C1A1T0I2F0,104,ASSEMBLE,ASSEMBLER,23,true,true,1,CUT,false
P2|N24|D|WORK|d100|p0|f20|b0,P2,24,D,WORK,100,0,20,0,55,1650,127,37,11,1,false,false,"",0,true,1,0,true,C2A1T1I3F0,50,INSPECT,INSPECTOR,4,true,false,1,CUT,false
P2|N24|D|WORK|d100|p0|f20|b10,P2,24,D,WORK,100,0,20,10,55,1815,127,37,11,2,true,false,"",0,false,2,0,true,C2A1T1I3F0,50,INSPECT,INSPECTOR,4,true,false,1,CUT,false
P2|N24|D|WORK|d100|p0|f20|b25,P2,24,D,WORK,100,0,20,25,55,2062,127,37,11,4,true,true,"C3A1T1I3F0[1800,47,INSPECT] vs C2A1T1I4F0[1900,46,CUT]",0,false,4,0,true,C2A1T1I3F0,50,INSPECT,INSPECTOR,4,true,false,1,CUT,false
P2|N24|D|WORK|d100|p0|f20|b50,P2,24,D,WORK,100,0,20,50,55,2475,127,37,11,6,true,true,"C3A1T1I3F0[1800,47,INSPECT] vs C2A1T1I4F0[1900,46,CUT]",0,false,6,0,false,C2A1T1I3F0,50,INSPECT,INSPECTOR,4,true,false,1,CUT,false
P2|N24|D|WORK|d100|p0|f40|b0,P2,24,D,WORK,100,0,40,0,73,1200,127,37,11,1,false,false,"",0,true,1,0,true,C2A0T1I2F0,67,INSPECT,INSPECTOR,10,true,true,1,ASSEMBLE,false
P2|N24|D|WORK|d100|p0|f40|b10,P2,24,D,WORK,100,0,40,10,73,1320,127,37,11,1,false,false,"",0,true,1,0,true,C2A0T1I2F0,67,INSPECT,INSPECTOR,10,true,true,1,ASSEMBLE,false
P2|N24|D|WORK|d100|p0|f40|b25,P2,24,D,WORK,100,0,40,25,73,1500,127,37,11,2,true,false,"",0,true,2,0,true,C2A0T1I2F0,67,INSPECT,INSPECTOR,10,true,true,1,ASSEMBLE,false
P2|N24|D|WORK|d100|p0|f40|b50,P2,24,D,WORK,100,0,40,50,73,1800,127,37,11,4,true,false,"",0,false,4,0,true,C2A0T1I2F0,67,INSPECT,INSPECTOR,10,true,true,1,ASSEMBLE,false
P2|N24|D|WORK|d100|p0|f60|b0,P2,24,D,WORK,100,0,60,0,91,1050,127,37,11,1,false,false,"",0,true,1,0,true,C1A0T1I2F0,81,CUT,CUTTER,14,true,true,1,INSPECT,false
P2|N24|D|WORK|d100|p0|f60|b10,P2,24,D,WORK,100,0,60,10,91,1155,127,37,11,1,false,false,"",0,true,1,0,true,C1A0T1I2F0,81,CUT,CUTTER,14,true,true,1,INSPECT,false
P2|N24|D|WORK|d100|p0|f60|b25,P2,24,D,WORK,100,0,60,25,91,1312,127,37,11,2,true,false,"",0,true,2,0,true,C1A0T1I2F0,81,CUT,CUTTER,14,true,true,1,INSPECT,false
P2|N24|D|WORK|d100|p0|f60|b50,P2,24,D,WORK,100,0,60,50,91,1575,127,37,11,3,true,false,"",0,true,3,0,true,C1A0T1I2F0,81,CUT,CUTTER,14,true,true,1,INSPECT,false
P2|N24|D|WORK|d100|p0|f80|b0,P2,24,D,WORK,100,0,80,0,109,850,127,37,11,1,false,false,"",0,true,0,0,true,C1A1T0I2F0,104,ASSEMBLE,ASSEMBLER,23,true,true,1,CUT,false
P2|N24|D|WORK|d100|p0|f80|b10,P2,24,D,WORK,100,0,80,10,109,935,127,37,11,1,false,false,"",0,true,0,0,true,C1A1T0I2F0,104,ASSEMBLE,ASSEMBLER,23,true,true,1,CUT,false
P2|N24|D|WORK|d100|p0|f80|b25,P2,24,D,WORK,100,0,80,25,109,1062,127,37,11,2,true,false,"",0,true,1,0,true,C1A1T0I2F0,104,ASSEMBLE,ASSEMBLER,23,true,true,1,CUT,false
P2|N24|D|WORK|d100|p0|f80|b50,P2,24,D,WORK,100,0,80,50,109,1275,127,37,11,3,true,false,"",0,true,2,0,true,C1A1T0I2F0,104,ASSEMBLE,ASSEMBLER,23,true,true,1,CUT,false
P2|N24|F|UNIFORM|d75|p100|f20|b0,P2,24,F,UNIFORM,75,100,20,0,49,750,127,30,17,1,false,false,"",0,true,1,1,true,C2A0T1I1F3,46,CUT|ASSEMBLE+INSPECT,FLEX_CELL,1,false,false,0,,false
P2|N24|F|UNIFORM|d75|p100|f20|b10,P2,24,F,UNIFORM,75,100,20,10,49,825,127,30,17,1,false,false,"",0,true,1,1,true,C2A0T1I1F3,46,CUT|ASSEMBLE+INSPECT,FLEX_CELL,1,false,false,0,,false
P2|N24|F|UNIFORM|d75|p100|f20|b25,P2,24,F,UNIFORM,75,100,20,25,49,937,127,30,17,2,true,true,"C2A0T1I1F3[750,46,CUT|ASSEMBLE+INSPECT] vs C3A1T0I2F3[900,43,ASSEMBLE+INSPECT]",0,false,1,1,true,C2A0T1I1F3,46,CUT|ASSEMBLE+INSPECT,FLEX_CELL,1,false,false,0,,false
P2|N24|F|UNIFORM|d75|p100|f20|b50,P2,24,F,UNIFORM,75,100,20,50,49,1125,127,30,17,4,true,true,"C2A0T1I1F3[750,46,CUT|ASSEMBLE+INSPECT] vs C3A1T0I2F3[900,43,ASSEMBLE+INSPECT]",0,false,2,2,true,C2A0T1I1F3,46,CUT|ASSEMBLE+INSPECT,FLEX_CELL,1,false,false,0,,false
P2|N24|F|UNIFORM|d75|p100|f40|b0,P2,24,F,UNIFORM,75,100,40,0,68,550,127,30,17,1,false,false,"",0,true,0,0,true,C2A0T1I2F0,67,INSPECT,INSPECTOR,10,true,true,1,ASSEMBLE,false
P2|N24|F|UNIFORM|d75|p100|f40|b10,P2,24,F,UNIFORM,75,100,40,10,68,605,127,30,17,2,true,true,"C2A0T1I2F0[550,67,INSPECT] vs C2A1T0I1F2[600,62,ASSEMBLE+INSPECT]",0,false,0,0,true,C2A0T1I2F0,67,INSPECT,INSPECTOR,10,true,true,1,ASSEMBLE,true
P2|N24|F|UNIFORM|d75|p100|f40|b25,P2,24,F,UNIFORM,75,100,40,25,68,687,127,30,17,3,true,true,"C2A0T1I2F0[550,67,INSPECT] vs C2A1T0I1F2[600,62,ASSEMBLE+INSPECT]",0,false,0,0,true,C2A0T1I2F0,67,INSPECT,INSPECTOR,10,true,true,1,ASSEMBLE,true
P2|N24|F|UNIFORM|d75|p100|f40|b50,P2,24,F,UNIFORM,75,100,40,50,68,825,127,30,17,5,true,true,"C2A0T1I2F0[550,67,INSPECT] vs C2A1T0I1F2[600,62,ASSEMBLE+INSPECT]",1,false,1,1,true,C2A0T1I2F0,67,INSPECT,INSPECTOR,10,true,true,1,ASSEMBLE,true
P2|N24|F|UNIFORM|d75|p100|f60|b0,P2,24,F,UNIFORM,75,100,60,0,88,400,127,30,17,1,false,false,"",0,true,0,0,true,C1A0T0I0F3,81,CUT|ASSEMBLE+INSPECT,CUTTER,3,false,false,0,,false
P2|N24|F|UNIFORM|d75|p100|f60|b10,P2,24,F,UNIFORM,75,100,60,10,88,440,127,30,17,1,false,false,"",0,true,0,0,true,C1A0T0I0F3,81,CUT|ASSEMBLE+INSPECT,CUTTER,3,false,false,0,,false
P2|N24|F|UNIFORM|d75|p100|f60|b25,P2,24,F,UNIFORM,75,100,60,25,88,500,127,30,17,2,true,false,"",0,true,0,0,true,C1A0T0I0F3,81,CUT|ASSEMBLE+INSPECT,CUTTER,3,false,false,0,,false
P2|N24|F|UNIFORM|d75|p100|f60|b50,P2,24,F,UNIFORM,75,100,60,50,88,600,127,30,17,4,true,true,"C1A0T0I0F3[400,81,CUT|ASSEMBLE+INSPECT] vs C2A0T1I2F0[550,67,INSPECT]",0,false,0,0,true,C1A0T0I0F3,81,CUT|ASSEMBLE+INSPECT,CUTTER,3,false,false,0,,false
P2|N24|F|UNIFORM|d75|p100|f80|b0,P2,24,F,UNIFORM,75,100,80,0,107,400,127,30,17,1,false,false,"",0,true,0,0,true,C1A0T0I0F3,81,CUT|ASSEMBLE+INSPECT,CUTTER,3,false,false,0,,false
P2|N24|F|UNIFORM|d75|p100|f80|b10,P2,24,F,UNIFORM,75,100,80,10,107,440,127,30,17,1,false,false,"",0,true,0,0,true,C1A0T0I0F3,81,CUT|ASSEMBLE+INSPECT,CUTTER,3,false,false,0,,false
P2|N24|F|UNIFORM|d75|p100|f80|b25,P2,24,F,UNIFORM,75,100,80,25,107,500,127,30,17,2,true,false,"",0,true,0,0,true,C1A0T0I0F3,81,CUT|ASSEMBLE+INSPECT,CUTTER,3,false,false,0,,false
P2|N24|F|UNIFORM|d75|p100|f80|b50,P2,24,F,UNIFORM,75,100,80,50,107,600,127,30,17,4,true,true,"C1A0T0I0F3[400,81,CUT|ASSEMBLE+INSPECT] vs C2A0T1I2F0[550,67,INSPECT]",0,false,0,0,true,C1A0T0I0F3,81,CUT|ASSEMBLE+INSPECT,CUTTER,3,false,false,0,,false
P2|N24|F|UNIFORM|d75|p125|f20|b0,P2,24,F,UNIFORM,75,125,20,0,49,775,127,30,25,1,false,false,"",0,true,0,0,true,C2A0T1I3F1,47,CUT|ASSEMBLE+INSPECT,ASSEMBLER,1,false,false,0,,false
P2|N24|F|UNIFORM|d75|p125|f20|b10,P2,24,F,UNIFORM,75,125,20,10,49,852,127,30,25,2,true,false,"",1,false,0,0,true,C2A0T1I3F1,47,CUT|ASSEMBLE+INSPECT,ASSEMBLER,1,false,false,0,,false
P2|N24|F|UNIFORM|d75|p125|f20|b25,P2,24,F,UNIFORM,75,125,20,25,49,968,127,30,25,4,true,true,"C2A0T1I3F1[775,47,CUT|ASSEMBLE+INSPECT] vs C2A0T2I4F0[900,45,CUT]",1,false,0,0,true,C2A0T1I3F1,47,CUT|ASSEMBLE+INSPECT,ASSEMBLER,1,false,false,0,,false
P2|N24|F|UNIFORM|d75|p125|f20|b50,P2,24,F,UNIFORM,75,125,20,50,49,1162,127,30,25,9,true,true,"C2A0T1I3F1[775,47,CUT|ASSEMBLE+INSPECT] vs C2A0T2I4F0[900,45,CUT]",7,false,2,2,true,C2A0T1I3F1,47,CUT|ASSEMBLE+INSPECT,ASSEMBLER,1,false,false,0,,false
P2|N24|F|UNIFORM|d75|p125|f40|b0,P2,24,F,UNIFORM,75,125,40,0,68,550,127,30,25,1,false,false,"",0,true,0,0,true,C2A0T1I2F0,67,INSPECT,INSPECTOR,10,true,true,1,ASSEMBLE,false
P2|N24|F|UNIFORM|d75|p125|f40|b10,P2,24,F,UNIFORM,75,125,40,10,68,605,127,30,25,1,false,false,"",0,true,0,0,true,C2A0T1I2F0,67,INSPECT,INSPECTOR,10,true,true,1,ASSEMBLE,false
P2|N24|F|UNIFORM|d75|p125|f40|b25,P2,24,F,UNIFORM,75,125,40,25,68,687,127,30,25,3,true,true,"C2A0T1I3F0[650,57,ASSEMBLE] vs C2A0T1I2F1[675,53,ASSEMBLE+INSPECT]",0,false,0,0,true,C2A0T1I2F0,67,INSPECT,INSPECTOR,10,true,true,1,ASSEMBLE,true
P2|N24|F|UNIFORM|d75|p125|f40|b50,P2,24,F,UNIFORM,75,125,40,50,68,825,127,30,25,6,true,true,"C2A0T1I3F0[650,57,ASSEMBLE] vs C2A0T1I2F1[675,53,ASSEMBLE+INSPECT]",1,false,0,0,true,C2A0T1I2F0,67,INSPECT,INSPECTOR,10,true,true,1,ASSEMBLE,true
P2|N24|F|UNIFORM|d75|p125|f60|b0,P2,24,F,UNIFORM,75,125,60,0,88,425,127,30,25,1,false,false,"",0,true,0,0,true,C1A1T0I1F1,85,CUT|ASSEMBLE+INSPECT,FLEX_CELL,4,false,false,0,,false
P2|N24|F|UNIFORM|d75|p125|f60|b10,P2,24,F,UNIFORM,75,125,60,10,88,467,127,30,25,2,true,true,"C1A1T0I1F1[425,85,CUT|ASSEMBLE+INSPECT] vs C1A0T1I2F0[450,81,CUT]",0,false,0,0,true,C1A1T0I1F1,85,CUT|ASSEMBLE+INSPECT,FLEX_CELL,4,false,false,0,,false
P2|N24|F|UNIFORM|d75|p125|f60|b25,P2,24,F,UNIFORM,75,125,60,25,88,531,127,30,25,2,true,true,"C1A1T0I1F1[425,85,CUT|ASSEMBLE+INSPECT] vs C1A0T1I2F0[450,81,CUT]",0,false,0,0,true,C1A1T0I1F1,85,CUT|ASSEMBLE+INSPECT,FLEX_CELL,4,false,false,0,,false
P2|N24|F|UNIFORM|d75|p125|f60|b50,P2,24,F,UNIFORM,75,125,60,50,88,637,127,30,25,3,true,true,"C1A1T0I1F1[425,85,CUT|ASSEMBLE+INSPECT] vs C1A0T1I2F0[450,81,CUT]",0,false,0,0,true,C1A1T0I1F1,85,CUT|ASSEMBLE+INSPECT,FLEX_CELL,4,false,false,0,,false
P2|N24|F|UNIFORM|d75|p125|f80|b0,P2,24,F,UNIFORM,75,125,80,0,107,400,127,30,25,1,false,false,"",0,true,0,0,true,C1A1T0I2F0,104,ASSEMBLE,ASSEMBLER,23,true,true,1,CUT,false
P2|N24|F|UNIFORM|d75|p125|f80|b10,P2,24,F,UNIFORM,75,125,80,10,107,440,127,30,25,2,true,true,"C1A1T0I2F0[400,104,ASSEMBLE] vs C1A1T0I1F1[425,85,CUT|ASSEMBLE+INSPECT]",0,false,0,0,true,C1A1T0I2F0,104,ASSEMBLE,ASSEMBLER,23,true,true,1,CUT,true
P2|N24|F|UNIFORM|d75|p125|f80|b25,P2,24,F,UNIFORM,75,125,80,25,107,500,127,30,25,3,true,true,"C1A1T0I2F0[400,104,ASSEMBLE] vs C1A1T0I1F1[425,85,CUT|ASSEMBLE+INSPECT]",0,false,0,0,true,C1A1T0I2F0,104,ASSEMBLE,ASSEMBLER,23,true,true,1,CUT,true
P2|N24|F|UNIFORM|d75|p125|f80|b50,P2,24,F,UNIFORM,75,125,80,50,107,600,127,30,25,4,true,true,"C1A1T0I2F0[400,104,ASSEMBLE] vs C1A1T0I1F1[425,85,CUT|ASSEMBLE+INSPECT]",0,false,0,0,true,C1A1T0I2F0,104,ASSEMBLE,ASSEMBLER,23,true,true,1,CUT,true
P2|N24|F|UNIFORM|d75|p150|f20|b0,P2,24,F,UNIFORM,75,150,20,0,49,800,127,30,20,1,false,false,"",0,true,0,0,true,C2A0T1I3F1,47,CUT|ASSEMBLE+INSPECT,ASSEMBLER,1,false,false,0,,false
P2|N24|F|UNIFORM|d75|p150|f20|b10,P2,24,F,UNIFORM,75,150,20,10,49,880,127,30,20,2,true,true,"C2A0T1I3F1[800,47,CUT|ASSEMBLE+INSPECT] vs C2A1T1I4F0[850,46,CUT]",1,false,1,1,true,C2A0T1I3F1,47,CUT|ASSEMBLE+INSPECT,ASSEMBLER,1,false,false,0,,false
P2|N24|F|UNIFORM|d75|p150|f20|b25,P2,24,F,UNIFORM,75,150,20,25,49,1000,127,30,20,5,true,true,"C2A0T1I3F1[800,47,CUT|ASSEMBLE+INSPECT] vs C2A1T1I4F0[850,46,CUT]",1,false,1,1,true,C2A0T1I3F1,47,CUT|ASSEMBLE+INSPECT,ASSEMBLER,1,false,false,0,,false
P2|N24|F|UNIFORM|d75|p150|f20|b50,P2,24,F,UNIFORM,75,150,20,50,49,1200,127,30,20,7,true,true,"C2A0T1I3F1[800,47,CUT|ASSEMBLE+INSPECT] vs C2A1T1I4F0[850,46,CUT]",1,false,2,2,true,C2A0T1I3F1,47,CUT|ASSEMBLE+INSPECT,ASSEMBLER,1,false,false,0,,false
P2|N24|F|UNIFORM|d75|p150|f40|b0,P2,24,F,UNIFORM,75,150,40,0,68,550,127,30,20,1,false,false,"",0,true,0,0,true,C2A0T1I2F0,67,INSPECT,INSPECTOR,10,true,true,1,ASSEMBLE,false
P2|N24|F|UNIFORM|d75|p150|f40|b10,P2,24,F,UNIFORM,75,150,40,10,68,605,127,30,20,1,false,false,"",0,true,0,0,true,C2A0T1I2F0,67,INSPECT,INSPECTOR,10,true,true,1,ASSEMBLE,false
P2|N24|F|UNIFORM|d75|p150|f40|b25,P2,24,F,UNIFORM,75,150,40,25,68,687,127,30,20,2,true,false,"",0,true,0,0,true,C2A0T1I2F0,67,INSPECT,INSPECTOR,10,true,true,1,ASSEMBLE,false
P2|N24|F|UNIFORM|d75|p150|f40|b50,P2,24,F,UNIFORM,75,150,40,50,68,825,127,30,20,5,true,true,"C2A0T1I3F0[650,57,ASSEMBLE] vs C2A0T1I2F1[700,53,ASSEMBLE+INSPECT]",0,false,0,0,true,C2A0T1I2F0,67,INSPECT,INSPECTOR,10,true,true,1,ASSEMBLE,true
P2|N24|F|UNIFORM|d75|p150|f60|b0,P2,24,F,UNIFORM,75,150,60,0,88,450,127,30,20,1,false,false,"",0,true,0,0,true,C1A0T1I2F0,81,CUT,CUTTER,14,true,true,1,INSPECT,false
P2|N24|F|UNIFORM|d75|p150|f60|b10,P2,24,F,UNIFORM,75,150,60,10,88,495,127,30,20,1,false,false,"",0,true,0,0,true,C1A0T1I2F0,81,CUT,CUTTER,14,true,true,1,INSPECT,false
P2|N24|F|UNIFORM|d75|p150|f60|b25,P2,24,F,UNIFORM,75,150,60,25,88,562,127,30,20,2,true,false,"",0,true,0,0,true,C1A0T1I2F0,81,CUT,CUTTER,14,true,true,1,INSPECT,false
P2|N24|F|UNIFORM|d75|p150|f60|b50,P2,24,F,UNIFORM,75,150,60,50,88,675,127,30,20,3,true,false,"",0,true,0,0,true,C1A0T1I2F0,81,CUT,CUTTER,14,true,true,1,INSPECT,false
P2|N24|F|UNIFORM|d75|p150|f80|b0,P2,24,F,UNIFORM,75,150,80,0,107,400,127,30,20,1,false,false,"",0,true,0,0,true,C1A1T0I2F0,104,ASSEMBLE,ASSEMBLER,23,true,true,1,CUT,false
P2|N24|F|UNIFORM|d75|p150|f80|b10,P2,24,F,UNIFORM,75,150,80,10,107,440,127,30,20,1,false,false,"",0,true,0,0,true,C1A1T0I2F0,104,ASSEMBLE,ASSEMBLER,23,true,true,1,CUT,false
P2|N24|F|UNIFORM|d75|p150|f80|b25,P2,24,F,UNIFORM,75,150,80,25,107,500,127,30,20,2,true,false,"",0,true,0,0,true,C1A1T0I2F0,104,ASSEMBLE,ASSEMBLER,23,true,true,1,CUT,false
P2|N24|F|UNIFORM|d75|p150|f80|b50,P2,24,F,UNIFORM,75,150,80,50,107,600,127,30,20,3,true,false,"",0,true,0,0,true,C1A1T0I2F0,104,ASSEMBLE,ASSEMBLER,23,true,true,1,CUT,false
P2|N24|F|UNIFORM|d75|p200|f20|b0,P2,24,F,UNIFORM,75,200,20,0,49,850,127,30,16,1,false,false,"",0,true,0,0,true,C2A1T1I4F0,46,CUT,CUTTER,4,true,true,1,ASSEMBLE,false
P2|N24|F|UNIFORM|d75|p200|f20|b10,P2,24,F,UNIFORM,75,200,20,10,49,935,127,30,16,2,true,false,"",0,false,0,0,true,C2A1T1I4F0,46,CUT,CUTTER,4,true,true,1,ASSEMBLE,false
P2|N24|F|UNIFORM|d75|p200|f20|b25,P2,24,F,UNIFORM,75,200,20,25,49,1062,127,30,16,4,true,true,"C2A0T2I4F0[900,45,CUT] vs C3A1T1I4F0[950,42,ASSEMBLE]",0,false,0,0,true,C2A1T1I4F0,46,CUT,CUTTER,4,true,true,1,ASSEMBLE,true
P2|N24|F|UNIFORM|d75|p200|f20|b50,P2,24,F,UNIFORM,75,200,20,50,49,1275,127,30,16,5,true,true,"C2A0T2I4F0[900,45,CUT] vs C3A1T1I4F0[950,42,ASSEMBLE]",0,false,0,0,true,C2A1T1I4F0,46,CUT,CUTTER,4,true,true,1,ASSEMBLE,true
P2|N24|F|UNIFORM|d75|p200|f40|b0,P2,24,F,UNIFORM,75,200,40,0,68,550,127,30,16,1,false,false,"",0,true,0,0,true,C2A0T1I2F0,67,INSPECT,INSPECTOR,10,true,true,1,ASSEMBLE,false
P2|N24|F|UNIFORM|d75|p200|f40|b10,P2,24,F,UNIFORM,75,200,40,10,68,605,127,30,16,1,false,false,"",0,true,0,0,true,C2A0T1I2F0,67,INSPECT,INSPECTOR,10,true,true,1,ASSEMBLE,false
P2|N24|F|UNIFORM|d75|p200|f40|b25,P2,24,F,UNIFORM,75,200,40,25,68,687,127,30,16,2,true,false,"",0,true,0,0,true,C2A0T1I2F0,67,INSPECT,INSPECTOR,10,true,true,1,ASSEMBLE,false
P2|N24|F|UNIFORM|d75|p200|f40|b50,P2,24,F,UNIFORM,75,200,40,50,68,825,127,30,16,3,true,false,"",0,true,0,0,true,C2A0T1I2F0,67,INSPECT,INSPECTOR,10,true,true,1,ASSEMBLE,false
P2|N24|F|UNIFORM|d75|p200|f60|b0,P2,24,F,UNIFORM,75,200,60,0,88,450,127,30,16,1,false,false,"",0,true,0,0,true,C1A0T1I2F0,81,CUT,CUTTER,14,true,true,1,INSPECT,false
P2|N24|F|UNIFORM|d75|p200|f60|b10,P2,24,F,UNIFORM,75,200,60,10,88,495,127,30,16,1,false,false,"",0,true,0,0,true,C1A0T1I2F0,81,CUT,CUTTER,14,true,true,1,INSPECT,false
P2|N24|F|UNIFORM|d75|p200|f60|b25,P2,24,F,UNIFORM,75,200,60,25,88,562,127,30,16,2,true,false,"",0,true,0,0,true,C1A0T1I2F0,81,CUT,CUTTER,14,true,true,1,INSPECT,false
P2|N24|F|UNIFORM|d75|p200|f60|b50,P2,24,F,UNIFORM,75,200,60,50,88,675,127,30,16,3,true,false,"",0,true,0,0,true,C1A0T1I2F0,81,CUT,CUTTER,14,true,true,1,INSPECT,false
P2|N24|F|UNIFORM|d75|p200|f80|b0,P2,24,F,UNIFORM,75,200,80,0,107,400,127,30,16,1,false,false,"",0,true,0,0,true,C1A1T0I2F0,104,ASSEMBLE,ASSEMBLER,23,true,true,1,CUT,false
P2|N24|F|UNIFORM|d75|p200|f80|b10,P2,24,F,UNIFORM,75,200,80,10,107,440,127,30,16,1,false,false,"",0,true,0,0,true,C1A1T0I2F0,104,ASSEMBLE,ASSEMBLER,23,true,true,1,CUT,false
P2|N24|F|UNIFORM|d75|p200|f80|b25,P2,24,F,UNIFORM,75,200,80,25,107,500,127,30,16,2,true,false,"",0,true,0,0,true,C1A1T0I2F0,104,ASSEMBLE,ASSEMBLER,23,true,true,1,CUT,false
P2|N24|F|UNIFORM|d75|p200|f80|b50,P2,24,F,UNIFORM,75,200,80,50,107,600,127,30,16,3,true,false,"",0,true,0,0,true,C1A1T0I2F0,104,ASSEMBLE,ASSEMBLER,23,true,true,1,CUT,false
P2|N24|F|UNIFORM|d90|p100|f20|b0,P2,24,F,UNIFORM,90,100,20,0,49,780,127,30,17,1,false,false,"",0,true,1,1,true,C2A0T1I1F3,46,CUT|ASSEMBLE+INSPECT,FLEX_CELL,1,false,false,0,,false
P2|N24|F|UNIFORM|d90|p100|f20|b10,P2,24,F,UNIFORM,90,100,20,10,49,858,127,30,17,1,false,false,"",0,true,1,1,true,C2A0T1I1F3,46,CUT|ASSEMBLE+INSPECT,FLEX_CELL,1,false,false,0,,false
P2|N24|F|UNIFORM|d90|p100|f20|b25,P2,24,F,UNIFORM,90,100,20,25,49,975,127,30,17,2,true,true,"C2A0T1I1F3[780,46,CUT|ASSEMBLE+INSPECT] vs C3A1T0I2F3[900,43,ASSEMBLE+INSPECT]",0,false,1,1,true,C2A0T1I1F3,46,CUT|ASSEMBLE+INSPECT,FLEX_CELL,1,false,false,0,,false
P2|N24|F|UNIFORM|d90|p100|f20|b50,P2,24,F,UNIFORM,90,100,20,50,49,1170,127,30,17,4,true,true,"C2A0T1I1F3[780,46,CUT|ASSEMBLE+INSPECT] vs C3A1T0I2F3[900,43,ASSEMBLE+INSPECT]",0,false,2,2,true,C2A0T1I1F3,46,CUT|ASSEMBLE+INSPECT,FLEX_CELL,1,false,false,0,,false
P2|N24|F|UNIFORM|d90|p100|f40|b0,P2,24,F,UNIFORM,90,100,40,0,68,580,127,30,17,1,false,false,"",0,true,0,0,true,C2A0T1I2F0,67,INSPECT,INSPECTOR,10,true,true,1,ASSEMBLE,false
P2|N24|F|UNIFORM|d90|p100|f40|b10,P2,24,F,UNIFORM,90,100,40,10,68,638,127,30,17,2,true,true,"C2A0T1I2F0[580,67,INSPECT] vs C2A1T0I1F2[600,62,ASSEMBLE+INSPECT]",0,false,0,0,true,C2A0T1I2F0,67,INSPECT,INSPECTOR,10,true,true,1,ASSEMBLE,true
P2|N24|F|UNIFORM|d90|p100|f40|b25,P2,24,F,UNIFORM,90,100,40,25,68,725,127,30,17,4,true,true,"C2A0T1I2F0[580,67,INSPECT] vs C2A1T0I1F2[600,62,ASSEMBLE+INSPECT]",1,false,0,0,true,C2A0T1I2F0,67,INSPECT,INSPECTOR,10,true,true,1,ASSEMBLE,true
P2|N24|F|UNIFORM|d90|p100|f40|b50,P2,24,F,UNIFORM,90,100,40,50,68,870,127,30,17,5,true,true,"C2A0T1I2F0[580,67,INSPECT] vs C2A1T0I1F2[600,62,ASSEMBLE+INSPECT]",1,false,1,1,true,C2A0T1I2F0,67,INSPECT,INSPECTOR,10,true,true,1,ASSEMBLE,true
P2|N24|F|UNIFORM|d90|p100|f60|b0,P2,24,F,UNIFORM,90,100,60,0,88,400,127,30,17,1,false,false,"",0,true,0,0,true,C1A0T0I0F3,81,CUT|ASSEMBLE+INSPECT,CUTTER,3,false,false,0,,false
P2|N24|F|UNIFORM|d90|p100|f60|b10,P2,24,F,UNIFORM,90,100,60,10,88,440,127,30,17,1,false,false,"",0,true,0,0,true,C1A0T0I0F3,81,CUT|ASSEMBLE+INSPECT,CUTTER,3,false,false,0,,false
P2|N24|F|UNIFORM|d90|p100|f60|b25,P2,24,F,UNIFORM,90,100,60,25,88,500,127,30,17,2,true,false,"",0,true,0,0,true,C1A0T0I0F3,81,CUT|ASSEMBLE+INSPECT,CUTTER,3,false,false,0,,false
P2|N24|F|UNIFORM|d90|p100|f60|b50,P2,24,F,UNIFORM,90,100,60,50,88,600,127,30,17,4,true,true,"C1A0T0I0F3[400,81,CUT|ASSEMBLE+INSPECT] vs C2A0T1I2F0[580,67,INSPECT]",0,false,0,0,true,C1A0T0I0F3,81,CUT|ASSEMBLE+INSPECT,CUTTER,3,false,false,0,,false
P2|N24|F|UNIFORM|d90|p100|f80|b0,P2,24,F,UNIFORM,90,100,80,0,107,400,127,30,17,1,false,false,"",0,true,0,0,true,C1A0T0I0F3,81,CUT|ASSEMBLE+INSPECT,CUTTER,3,false,false,0,,false
P2|N24|F|UNIFORM|d90|p100|f80|b10,P2,24,F,UNIFORM,90,100,80,10,107,440,127,30,17,1,false,false,"",0,true,0,0,true,C1A0T0I0F3,81,CUT|ASSEMBLE+INSPECT,CUTTER,3,false,false,0,,false
P2|N24|F|UNIFORM|d90|p100|f80|b25,P2,24,F,UNIFORM,90,100,80,25,107,500,127,30,17,2,true,false,"",0,true,0,0,true,C1A0T0I0F3,81,CUT|ASSEMBLE+INSPECT,CUTTER,3,false,false,0,,false
P2|N24|F|UNIFORM|d90|p100|f80|b50,P2,24,F,UNIFORM,90,100,80,50,107,600,127,30,17,4,true,true,"C1A0T0I0F3[400,81,CUT|ASSEMBLE+INSPECT] vs C2A0T1I2F0[580,67,INSPECT]",0,false,0,0,true,C1A0T0I0F3,81,CUT|ASSEMBLE+INSPECT,CUTTER,3,false,false,0,,false
P2|N24|F|UNIFORM|d90|p125|f20|b0,P2,24,F,UNIFORM,90,125,20,0,49,805,127,30,30,1,false,false,"",0,true,0,0,true,C2A0T1I3F1,47,CUT|ASSEMBLE+INSPECT,ASSEMBLER,1,false,false,0,,false
P2|N24|F|UNIFORM|d90|p125|f20|b10,P2,24,F,UNIFORM,90,125,20,10,49,885,127,30,30,2,true,false,"",1,false,0,0,true,C2A0T1I3F1,47,CUT|ASSEMBLE+INSPECT,ASSEMBLER,1,false,false,0,,false
P2|N24|F|UNIFORM|d90|p125|f20|b25,P2,24,F,UNIFORM,90,125,20,25,49,1006,127,30,30,6,true,true,"C2A0T1I3F1[805,47,CUT|ASSEMBLE+INSPECT] vs C2A0T2I4F0[960,45,CUT]",2,false,0,0,true,C2A0T1I3F1,47,CUT|ASSEMBLE+INSPECT,ASSEMBLER,1,false,false,0,,false
P2|N24|F|UNIFORM|d90|p125|f20|b50,P2,24,F,UNIFORM,90,125,20,50,49,1207,127,30,30,10,true,true,"C2A0T1I3F1[805,47,CUT|ASSEMBLE+INSPECT] vs C2A0T2I4F0[960,45,CUT]",6,false,0,0,true,C2A0T1I3F1,47,CUT|ASSEMBLE+INSPECT,ASSEMBLER,1,false,false,0,,false
P2|N24|F|UNIFORM|d90|p125|f40|b0,P2,24,F,UNIFORM,90,125,40,0,68,580,127,30,30,1,false,false,"",0,true,0,0,true,C2A0T1I2F0,67,INSPECT,INSPECTOR,10,true,true,1,ASSEMBLE,false
P2|N24|F|UNIFORM|d90|p125|f40|b10,P2,24,F,UNIFORM,90,125,40,10,68,638,127,30,30,1,false,false,"",0,true,0,0,true,C2A0T1I2F0,67,INSPECT,INSPECTOR,10,true,true,1,ASSEMBLE,false
P2|N24|F|UNIFORM|d90|p125|f40|b25,P2,24,F,UNIFORM,90,125,40,25,68,725,127,30,30,4,true,true,"C2A0T1I2F0[580,67,INSPECT] vs C2A1T0I1F2[650,62,ASSEMBLE+INSPECT]",0,false,0,0,true,C2A0T1I2F0,67,INSPECT,INSPECTOR,10,true,true,1,ASSEMBLE,true
P2|N24|F|UNIFORM|d90|p125|f40|b50,P2,24,F,UNIFORM,90,125,40,50,68,870,127,30,30,8,true,true,"C2A0T1I2F0[580,67,INSPECT] vs C2A1T0I1F2[650,62,ASSEMBLE+INSPECT]",2,false,0,0,true,C2A0T1I2F0,67,INSPECT,INSPECTOR,10,true,true,1,ASSEMBLE,true
P2|N24|F|UNIFORM|d90|p125|f60|b0,P2,24,F,UNIFORM,90,125,60,0,88,425,127,30,30,1,false,false,"",0,true,0,0,true,C1A1T0I1F1,85,CUT|ASSEMBLE+INSPECT,FLEX_CELL,4,false,false,0,,false
P2|N24|F|UNIFORM|d90|p125|f60|b10,P2,24,F,UNIFORM,90,125,60,10,88,467,127,30,30,2,true,false,"",1,false,0,0,true,C1A1T0I1F1,85,CUT|ASSEMBLE+INSPECT,FLEX_CELL,4,false,false,0,,false
P2|N24|F|UNIFORM|d90|p125|f60|b25,P2,24,F,UNIFORM,90,125,60,25,88,531,127,30,30,3,true,false,"",3,false,0,0,true,C1A1T0I1F1,85,CUT|ASSEMBLE+INSPECT,FLEX_CELL,4,false,false,0,,false
P2|N24|F|UNIFORM|d90|p125|f60|b50,P2,24,F,UNIFORM,90,125,60,50,88,637,127,30,30,5,true,true,"C1A1T0I1F1[425,85,CUT|ASSEMBLE+INSPECT] vs C2A0T0I0F3[575,78,ASSEMBLE+INSPECT]",3,false,0,0,true,C1A1T0I1F1,85,CUT|ASSEMBLE+INSPECT,FLEX_CELL,4,false,false,0,,false
P2|N24|F|UNIFORM|d90|p125|f80|b0,P2,24,F,UNIFORM,90,125,80,0,107,400,127,30,30,1,false,false,"",0,true,0,0,true,C1A1T0I2F0,104,ASSEMBLE,ASSEMBLER,23,true,true,1,CUT,false
P2|N24|F|UNIFORM|d90|p125|f80|b10,P2,24,F,UNIFORM,90,125,80,10,107,440,127,30,30,2,true,true,"C1A1T0I2F0[400,104,ASSEMBLE] vs C1A1T0I1F1[425,85,CUT|ASSEMBLE+INSPECT]",0,false,0,0,true,C1A1T0I2F0,104,ASSEMBLE,ASSEMBLER,23,true,true,1,CUT,true
P2|N24|F|UNIFORM|d90|p125|f80|b25,P2,24,F,UNIFORM,90,125,80,25,107,500,127,30,30,4,true,true,"C1A1T0I2F0[400,104,ASSEMBLE] vs C1A1T0I1F1[425,85,CUT|ASSEMBLE+INSPECT]",3,false,0,0,true,C1A1T0I2F0,104,ASSEMBLE,ASSEMBLER,23,true,true,1,CUT,true
P2|N24|F|UNIFORM|d90|p125|f80|b50,P2,24,F,UNIFORM,90,125,80,50,107,600,127,30,30,6,true,true,"C1A1T0I2F0[400,104,ASSEMBLE] vs C1A1T0I1F1[425,85,CUT|ASSEMBLE+INSPECT]",3,false,0,0,true,C1A1T0I2F0,104,ASSEMBLE,ASSEMBLER,23,true,true,1,CUT,true
P2|N24|F|UNIFORM|d90|p150|f20|b0,P2,24,F,UNIFORM,90,150,20,0,49,830,127,30,24,1,false,false,"",0,true,0,0,true,C2A0T1I3F1,47,CUT|ASSEMBLE+INSPECT,ASSEMBLER,1,false,false,0,,false
P2|N24|F|UNIFORM|d90|p150|f20|b10,P2,24,F,UNIFORM,90,150,20,10,49,913,127,30,24,2,true,true,"C2A0T1I3F1[830,47,CUT|ASSEMBLE+INSPECT] vs C2A1T1I4F0[880,46,CUT]",1,false,1,1,true,C2A0T1I3F1,47,CUT|ASSEMBLE+INSPECT,ASSEMBLER,1,false,false,0,,false
P2|N24|F|UNIFORM|d90|p150|f20|b25,P2,24,F,UNIFORM,90,150,20,25,49,1037,127,30,24,5,true,true,"C2A0T1I3F1[830,47,CUT|ASSEMBLE+INSPECT] vs C2A1T1I4F0[880,46,CUT]",2,false,1,1,true,C2A0T1I3F1,47,CUT|ASSEMBLE+INSPECT,ASSEMBLER,1,false,false,0,,false
P2|N24|F|UNIFORM|d90|p150|f20|b50,P2,24,F,UNIFORM,90,150,20,50,49,1245,127,30,24,9,true,true,"C2A0T1I3F1[830,47,CUT|ASSEMBLE+INSPECT] vs C2A1T1I4F0[880,46,CUT]",4,false,1,1,true,C2A0T1I3F1,47,CUT|ASSEMBLE+INSPECT,ASSEMBLER,1,false,false,0,,false
P2|N24|F|UNIFORM|d90|p150|f40|b0,P2,24,F,UNIFORM,90,150,40,0,68,580,127,30,24,1,false,false,"",0,true,0,0,true,C2A0T1I2F0,67,INSPECT,INSPECTOR,10,true,true,1,ASSEMBLE,false
P2|N24|F|UNIFORM|d90|p150|f40|b10,P2,24,F,UNIFORM,90,150,40,10,68,638,127,30,24,1,false,false,"",0,true,0,0,true,C2A0T1I2F0,67,INSPECT,INSPECTOR,10,true,true,1,ASSEMBLE,false
P2|N24|F|UNIFORM|d90|p150|f40|b25,P2,24,F,UNIFORM,90,150,40,25,68,725,127,30,24,2,true,false,"",0,true,0,0,true,C2A0T1I2F0,67,INSPECT,INSPECTOR,10,true,true,1,ASSEMBLE,false
P2|N24|F|UNIFORM|d90|p150|f40|b50,P2,24,F,UNIFORM,90,150,40,50,68,870,127,30,24,5,true,true,"C2A0T1I3F0[680,57,ASSEMBLE] vs C2A0T1I2F1[730,53,ASSEMBLE+INSPECT]",0,false,0,0,true,C2A0T1I2F0,67,INSPECT,INSPECTOR,10,true,true,1,ASSEMBLE,true
P2|N24|F|UNIFORM|d90|p150|f60|b0,P2,24,F,UNIFORM,90,150,60,0,88,450,127,30,24,1,false,false,"",0,true,0,0,true,C1A1T0I1F1,85,CUT|ASSEMBLE+INSPECT,FLEX_CELL,4,false,false,0,,false
P2|N24|F|UNIFORM|d90|p150|f60|b10,P2,24,F,UNIFORM,90,150,60,10,88,495,127,30,24,2,true,true,"C1A1T0I1F1[450,85,CUT|ASSEMBLE+INSPECT] vs C1A0T1I2F0[480,81,CUT]",0,false,0,0,true,C1A1T0I1F1,85,CUT|ASSEMBLE+INSPECT,FLEX_CELL,4,false,false,0,,false
P2|N24|F|UNIFORM|d90|p150|f60|b25,P2,24,F,UNIFORM,90,150,60,25,88,562,127,30,24,2,true,true,"C1A1T0I1F1[450,85,CUT|ASSEMBLE+INSPECT] vs C1A0T1I2F0[480,81,CUT]",0,false,0,0,true,C1A1T0I1F1,85,CUT|ASSEMBLE+INSPECT,FLEX_CELL,4,false,false,0,,false
P2|N24|F|UNIFORM|d90|p150|f60|b50,P2,24,F,UNIFORM,90,150,60,50,88,675,127,30,24,3,true,true,"C1A1T0I1F1[450,85,CUT|ASSEMBLE+INSPECT] vs C1A0T1I2F0[480,81,CUT]",0,false,0,0,true,C1A1T0I1F1,85,CUT|ASSEMBLE+INSPECT,FLEX_CELL,4,false,false,0,,false
P2|N24|F|UNIFORM|d90|p150|f80|b0,P2,24,F,UNIFORM,90,150,80,0,107,400,127,30,24,1,false,false,"",0,true,0,0,true,C1A1T0I2F0,104,ASSEMBLE,ASSEMBLER,23,true,true,1,CUT,false
P2|N24|F|UNIFORM|d90|p150|f80|b10,P2,24,F,UNIFORM,90,150,80,10,107,440,127,30,24,1,false,false,"",0,true,0,0,true,C1A1T0I2F0,104,ASSEMBLE,ASSEMBLER,23,true,true,1,CUT,false
P2|N24|F|UNIFORM|d90|p150|f80|b25,P2,24,F,UNIFORM,90,150,80,25,107,500,127,30,24,3,true,true,"C1A1T0I2F0[400,104,ASSEMBLE] vs C1A1T0I1F1[450,85,CUT|ASSEMBLE+INSPECT]",0,false,0,0,true,C1A1T0I2F0,104,ASSEMBLE,ASSEMBLER,23,true,true,1,CUT,true
P2|N24|F|UNIFORM|d90|p150|f80|b50,P2,24,F,UNIFORM,90,150,80,50,107,600,127,30,24,4,true,true,"C1A1T0I2F0[400,104,ASSEMBLE] vs C1A1T0I1F1[450,85,CUT|ASSEMBLE+INSPECT]",0,false,0,0,true,C1A1T0I2F0,104,ASSEMBLE,ASSEMBLER,23,true,true,1,CUT,true
P2|N24|F|UNIFORM|d90|p200|f20|b0,P2,24,F,UNIFORM,90,200,20,0,49,880,127,30,16,1,false,false,"",0,true,0,0,true,C2A1T1I4F0,46,CUT,CUTTER,4,true,true,1,ASSEMBLE,false
P2|N24|F|UNIFORM|d90|p200|f20|b10,P2,24,F,UNIFORM,90,200,20,10,49,968,127,30,16,2,true,false,"",0,false,0,0,true,C2A1T1I4F0,46,CUT,CUTTER,4,true,true,1,ASSEMBLE,false
P2|N24|F|UNIFORM|d90|p200|f20|b25,P2,24,F,UNIFORM,90,200,20,25,49,1100,127,30,16,4,true,true,"C2A0T2I4F0[960,45,CUT] vs C3A1T1I4F0[980,42,ASSEMBLE]",0,false,0,0,true,C2A1T1I4F0,46,CUT,CUTTER,4,true,true,1,ASSEMBLE,true
P2|N24|F|UNIFORM|d90|p200|f20|b50,P2,24,F,UNIFORM,90,200,20,50,49,1320,127,30,16,5,true,true,"C2A0T2I4F0[960,45,CUT] vs C3A1T1I4F0[980,42,ASSEMBLE]",0,false,0,0,true,C2A1T1I4F0,46,CUT,CUTTER,4,true,true,1,ASSEMBLE,true
P2|N24|F|UNIFORM|d90|p200|f40|b0,P2,24,F,UNIFORM,90,200,40,0,68,580,127,30,16,1,false,false,"",0,true,0,0,true,C2A0T1I2F0,67,INSPECT,INSPECTOR,10,true,true,1,ASSEMBLE,false
P2|N24|F|UNIFORM|d90|p200|f40|b10,P2,24,F,UNIFORM,90,200,40,10,68,638,127,30,16,1,false,false,"",0,true,0,0,true,C2A0T1I2F0,67,INSPECT,INSPECTOR,10,true,true,1,ASSEMBLE,false
P2|N24|F|UNIFORM|d90|p200|f40|b25,P2,24,F,UNIFORM,90,200,40,25,68,725,127,30,16,2,true,false,"",0,true,0,0,true,C2A0T1I2F0,67,INSPECT,INSPECTOR,10,true,true,1,ASSEMBLE,false
P2|N24|F|UNIFORM|d90|p200|f40|b50,P2,24,F,UNIFORM,90,200,40,50,68,870,127,30,16,3,true,false,"",0,true,0,0,true,C2A0T1I2F0,67,INSPECT,INSPECTOR,10,true,true,1,ASSEMBLE,false
P2|N24|F|UNIFORM|d90|p200|f60|b0,P2,24,F,UNIFORM,90,200,60,0,88,480,127,30,16,1,false,false,"",0,true,0,0,true,C1A0T1I2F0,81,CUT,CUTTER,14,true,true,1,INSPECT,false
P2|N24|F|UNIFORM|d90|p200|f60|b10,P2,24,F,UNIFORM,90,200,60,10,88,528,127,30,16,1,false,false,"",0,true,0,0,true,C1A0T1I2F0,81,CUT,CUTTER,14,true,true,1,INSPECT,false
P2|N24|F|UNIFORM|d90|p200|f60|b25,P2,24,F,UNIFORM,90,200,60,25,88,600,127,30,16,2,true,false,"",0,true,0,0,true,C1A0T1I2F0,81,CUT,CUTTER,14,true,true,1,INSPECT,false
P2|N24|F|UNIFORM|d90|p200|f60|b50,P2,24,F,UNIFORM,90,200,60,50,88,720,127,30,16,3,true,false,"",0,true,0,0,true,C1A0T1I2F0,81,CUT,CUTTER,14,true,true,1,INSPECT,false
P2|N24|F|UNIFORM|d90|p200|f80|b0,P2,24,F,UNIFORM,90,200,80,0,107,400,127,30,16,1,false,false,"",0,true,0,0,true,C1A1T0I2F0,104,ASSEMBLE,ASSEMBLER,23,true,true,1,CUT,false
P2|N24|F|UNIFORM|d90|p200|f80|b10,P2,24,F,UNIFORM,90,200,80,10,107,440,127,30,16,1,false,false,"",0,true,0,0,true,C1A1T0I2F0,104,ASSEMBLE,ASSEMBLER,23,true,true,1,CUT,false
P2|N24|F|UNIFORM|d90|p200|f80|b25,P2,24,F,UNIFORM,90,200,80,25,107,500,127,30,16,2,true,false,"",0,true,0,0,true,C1A1T0I2F0,104,ASSEMBLE,ASSEMBLER,23,true,true,1,CUT,false
P2|N24|F|UNIFORM|d90|p200|f80|b50,P2,24,F,UNIFORM,90,200,80,50,107,600,127,30,16,3,true,false,"",0,true,0,0,true,C1A1T0I2F0,104,ASSEMBLE,ASSEMBLER,23,true,true,1,CUT,false
P2|N24|F|UNIFORM|d100|p100|f20|b0,P2,24,F,UNIFORM,100,100,20,0,49,800,127,30,14,1,false,false,"",0,true,1,1,true,C2A0T1I1F3,46,CUT|ASSEMBLE+INSPECT,FLEX_CELL,1,false,false,0,,false
P2|N24|F|UNIFORM|d100|p100|f20|b10,P2,24,F,UNIFORM,100,100,20,10,49,880,127,30,14,1,false,false,"",0,true,1,1,true,C2A0T1I1F3,46,CUT|ASSEMBLE+INSPECT,FLEX_CELL,1,false,false,0,,false
P2|N24|F|UNIFORM|d100|p100|f20|b25,P2,24,F,UNIFORM,100,100,20,25,49,1000,127,30,14,3,true,true,"C2A0T1I1F3[800,46,CUT|ASSEMBLE+INSPECT] vs C3A1T0I2F3[900,43,ASSEMBLE+INSPECT]",0,false,2,2,true,C2A0T1I1F3,46,CUT|ASSEMBLE+INSPECT,FLEX_CELL,1,false,false,0,,false
P2|N24|F|UNIFORM|d100|p100|f20|b50,P2,24,F,UNIFORM,100,100,20,50,49,1200,127,30,14,5,true,true,"C2A0T1I1F3[800,46,CUT|ASSEMBLE+INSPECT] vs C3A1T0I2F3[900,43,ASSEMBLE+INSPECT]",4,false,4,3,true,C2A0T1I1F3,46,CUT|ASSEMBLE+INSPECT,FLEX_CELL,1,false,false,0,,false
P2|N24|F|UNIFORM|d100|p100|f40|b0,P2,24,F,UNIFORM,100,100,40,0,68,600,127,30,14,1,false,false,"",0,true,0,0,true,C2A1T0I1F2,62,ASSEMBLE+INSPECT,FLEX_CELL,11,true,true,2,CUT|ASSEMBLE+INSPECT,false
P2|N24|F|UNIFORM|d100|p100|f40|b10,P2,24,F,UNIFORM,100,100,40,10,68,660,127,30,14,1,false,false,"",0,true,0,0,true,C2A1T0I1F2,62,ASSEMBLE+INSPECT,FLEX_CELL,11,true,true,2,CUT|ASSEMBLE+INSPECT,false
P2|N24|F|UNIFORM|d100|p100|f40|b25,P2,24,F,UNIFORM,100,100,40,25,68,750,127,30,14,2,true,false,"",0,true,0,0,true,C2A1T0I1F2,62,ASSEMBLE+INSPECT,FLEX_CELL,11,true,true,2,CUT|ASSEMBLE+INSPECT,false
P2|N24|F|UNIFORM|d100|p100|f40|b50,P2,24,F,UNIFORM,100,100,40,50,68,900,127,30,14,4,true,true,"C2A1T0I1F3[700,51,ASSEMBLE+INSPECT] vs C2A0T1I2F2[800,46,CUT|ASSEMBLE+INSPECT]",0,false,1,1,true,C2A1T0I1F2,62,ASSEMBLE+INSPECT,FLEX_CELL,11,true,true,2,CUT|ASSEMBLE+INSPECT,true
P2|N24|F|UNIFORM|d100|p100|f60|b0,P2,24,F,UNIFORM,100,100,60,0,88,400,127,30,14,1,false,false,"",0,true,0,0,true,C1A0T0I0F3,81,CUT|ASSEMBLE+INSPECT,CUTTER,3,false,false,0,,false
P2|N24|F|UNIFORM|d100|p100|f60|b10,P2,24,F,UNIFORM,100,100,60,10,88,440,127,30,14,1,false,false,"",0,true,0,0,true,C1A0T0I0F3,81,CUT|ASSEMBLE+INSPECT,CUTTER,3,false,false,0,,false
P2|N24|F|UNIFORM|d100|p100|f60|b25,P2,24,F,UNIFORM,100,100,60,25,88,500,127,30,14,2,true,false,"",0,true,0,0,true,C1A0T0I0F3,81,CUT|ASSEMBLE+INSPECT,CUTTER,3,false,false,0,,false
P2|N24|F|UNIFORM|d100|p100|f60|b50,P2,24,F,UNIFORM,100,100,60,50,88,600,127,30,14,3,true,true,"C1A0T0I0F3[400,81,CUT|ASSEMBLE+INSPECT] vs C2A1T0I1F2[600,62,ASSEMBLE+INSPECT]",0,false,0,0,true,C1A0T0I0F3,81,CUT|ASSEMBLE+INSPECT,CUTTER,3,false,false,0,,false
P2|N24|F|UNIFORM|d100|p100|f80|b0,P2,24,F,UNIFORM,100,100,80,0,107,400,127,30,14,1,false,false,"",0,true,0,0,true,C1A0T0I0F3,81,CUT|ASSEMBLE+INSPECT,CUTTER,3,false,false,0,,false
P2|N24|F|UNIFORM|d100|p100|f80|b10,P2,24,F,UNIFORM,100,100,80,10,107,440,127,30,14,1,false,false,"",0,true,0,0,true,C1A0T0I0F3,81,CUT|ASSEMBLE+INSPECT,CUTTER,3,false,false,0,,false
P2|N24|F|UNIFORM|d100|p100|f80|b25,P2,24,F,UNIFORM,100,100,80,25,107,500,127,30,14,2,true,false,"",0,true,0,0,true,C1A0T0I0F3,81,CUT|ASSEMBLE+INSPECT,CUTTER,3,false,false,0,,false
P2|N24|F|UNIFORM|d100|p100|f80|b50,P2,24,F,UNIFORM,100,100,80,50,107,600,127,30,14,3,true,true,"C1A0T0I0F3[400,81,CUT|ASSEMBLE+INSPECT] vs C2A1T0I1F2[600,62,ASSEMBLE+INSPECT]",0,false,0,0,true,C1A0T0I0F3,81,CUT|ASSEMBLE+INSPECT,CUTTER,3,false,false,0,,false
P2|N24|F|UNIFORM|d100|p125|f20|b0,P2,24,F,UNIFORM,100,125,20,0,49,825,127,30,29,1,false,false,"",0,true,1,0,true,C2A0T1I3F1,47,CUT|ASSEMBLE+INSPECT,ASSEMBLER,1,false,false,0,,false
P2|N24|F|UNIFORM|d100|p125|f20|b10,P2,24,F,UNIFORM,100,125,20,10,49,907,127,30,29,2,true,false,"",4,false,2,0,true,C2A0T1I3F1,47,CUT|ASSEMBLE+INSPECT,ASSEMBLER,1,false,false,0,,false
P2|N24|F|UNIFORM|d100|p125|f20|b25,P2,24,F,UNIFORM,100,125,20,25,49,1031,127,30,29,5,true,true,"C2A0T1I3F1[825,47,CUT|ASSEMBLE+INSPECT] vs C3A1T0I2F3[975,43,ASSEMBLE+INSPECT]",8,false,4,0,true,C2A0T1I3F1,47,CUT|ASSEMBLE+INSPECT,ASSEMBLER,1,false,false,0,,false
P2|N24|F|UNIFORM|d100|p125|f20|b50,P2,24,F,UNIFORM,100,125,20,50,49,1237,127,30,29,9,true,true,"C2A0T1I3F1[825,47,CUT|ASSEMBLE+INSPECT] vs C3A1T0I2F3[975,43,ASSEMBLE+INSPECT]",24,false,8,0,true,C2A0T1I3F1,47,CUT|ASSEMBLE+INSPECT,ASSEMBLER,1,false,false,0,,false
P2|N24|F|UNIFORM|d100|p125|f40|b0,P2,24,F,UNIFORM,100,125,40,0,68,600,127,30,29,1,false,false,"",0,true,1,0,true,C2A0T1I2F0,67,INSPECT,INSPECTOR,10,true,true,1,ASSEMBLE,false
P2|N24|F|UNIFORM|d100|p125|f40|b10,P2,24,F,UNIFORM,100,125,40,10,68,660,127,30,29,2,true,true,"C2A0T1I2F0[600,67,INSPECT] vs C2A1T0I1F2[650,62,ASSEMBLE+INSPECT]",0,false,1,0,true,C2A0T1I2F0,67,INSPECT,INSPECTOR,10,true,true,1,ASSEMBLE,true
P2|N24|F|UNIFORM|d100|p125|f40|b25,P2,24,F,UNIFORM,100,125,40,25,68,750,127,30,29,4,true,true,"C2A0T1I2F0[600,67,INSPECT] vs C2A1T0I1F2[650,62,ASSEMBLE+INSPECT]",0,false,3,0,true,C2A0T1I2F0,67,INSPECT,INSPECTOR,10,true,true,1,ASSEMBLE,true
P2|N24|F|UNIFORM|d100|p125|f40|b50,P2,24,F,UNIFORM,100,125,40,50,68,900,127,30,29,8,true,true,"C2A0T1I2F0[600,67,INSPECT] vs C2A1T0I1F2[650,62,ASSEMBLE+INSPECT]",6,false,6,0,true,C2A0T1I2F0,67,INSPECT,INSPECTOR,10,true,true,1,ASSEMBLE,true
P2|N24|F|UNIFORM|d100|p125|f60|b0,P2,24,F,UNIFORM,100,125,60,0,88,425,127,30,29,1,false,false,"",0,true,0,0,true,C1A1T0I1F1,85,CUT|ASSEMBLE+INSPECT,FLEX_CELL,4,false,false,0,,false
P2|N24|F|UNIFORM|d100|p125|f60|b10,P2,24,F,UNIFORM,100,125,60,10,88,467,127,30,29,2,true,false,"",1,false,0,0,true,C1A1T0I1F1,85,CUT|ASSEMBLE+INSPECT,FLEX_CELL,4,false,false,0,,false
P2|N24|F|UNIFORM|d100|p125|f60|b25,P2,24,F,UNIFORM,100,125,60,25,88,531,127,30,29,3,true,false,"",3,false,0,0,true,C1A1T0I1F1,85,CUT|ASSEMBLE+INSPECT,FLEX_CELL,4,false,false,0,,false
P2|N24|F|UNIFORM|d100|p125|f60|b50,P2,24,F,UNIFORM,100,125,60,50,88,637,127,30,29,5,true,true,"C1A1T0I1F1[425,85,CUT|ASSEMBLE+INSPECT] vs C2A0T0I0F3[575,78,ASSEMBLE+INSPECT]",3,false,1,0,true,C1A1T0I1F1,85,CUT|ASSEMBLE+INSPECT,FLEX_CELL,4,false,false,0,,false
P2|N24|F|UNIFORM|d100|p125|f80|b0,P2,24,F,UNIFORM,100,125,80,0,107,400,127,30,29,1,false,false,"",0,true,0,0,true,C1A1T0I2F0,104,ASSEMBLE,ASSEMBLER,23,true,true,1,CUT,false
P2|N24|F|UNIFORM|d100|p125|f80|b10,P2,24,F,UNIFORM,100,125,80,10,107,440,127,30,29,2,true,true,"C1A1T0I2F0[400,104,ASSEMBLE] vs C1A1T0I1F1[425,85,CUT|ASSEMBLE+INSPECT]",0,false,0,0,true,C1A1T0I2F0,104,ASSEMBLE,ASSEMBLER,23,true,true,1,CUT,true
P2|N24|F|UNIFORM|d100|p125|f80|b25,P2,24,F,UNIFORM,100,125,80,25,107,500,127,30,29,4,true,true,"C1A1T0I2F0[400,104,ASSEMBLE] vs C1A1T0I1F1[425,85,CUT|ASSEMBLE+INSPECT]",3,false,0,0,true,C1A1T0I2F0,104,ASSEMBLE,ASSEMBLER,23,true,true,1,CUT,true
P2|N24|F|UNIFORM|d100|p125|f80|b50,P2,24,F,UNIFORM,100,125,80,50,107,600,127,30,29,6,true,true,"C1A1T0I2F0[400,104,ASSEMBLE] vs C1A1T0I1F1[425,85,CUT|ASSEMBLE+INSPECT]",3,false,1,0,true,C1A1T0I2F0,104,ASSEMBLE,ASSEMBLER,23,true,true,1,CUT,true
P2|N24|F|UNIFORM|d100|p150|f20|b0,P2,24,F,UNIFORM,100,150,20,0,49,850,127,30,23,1,false,false,"",0,true,1,0,true,C2A0T1I3F1,47,CUT|ASSEMBLE+INSPECT,ASSEMBLER,1,false,false,0,,false
P2|N24|F|UNIFORM|d100|p150|f20|b10,P2,24,F,UNIFORM,100,150,20,10,49,935,127,30,23,2,true,true,"C2A0T1I3F1[850,47,CUT|ASSEMBLE+INSPECT] vs C2A1T1I4F0[900,46,CUT]",4,false,2,1,true,C2A0T1I3F1,47,CUT|ASSEMBLE+INSPECT,ASSEMBLER,1,false,false,0,,false
P2|N24|F|UNIFORM|d100|p150|f20|b25,P2,24,F,UNIFORM,100,150,20,25,49,1062,127,30,23,4,true,true,"C2A0T1I3F1[850,47,CUT|ASSEMBLE+INSPECT] vs C2A1T1I4F0[900,46,CUT]",8,false,4,1,true,C2A0T1I3F1,47,CUT|ASSEMBLE+INSPECT,ASSEMBLER,1,false,false,0,,false
P2|N24|F|UNIFORM|d100|p150|f20|b50,P2,24,F,UNIFORM,100,150,20,50,49,1275,127,30,23,8,true,true,"C2A0T1I3F1[850,47,CUT|ASSEMBLE+INSPECT] vs C2A1T1I4F0[900,46,CUT]",30,false,8,3,true,C2A0T1I3F1,47,CUT|ASSEMBLE+INSPECT,ASSEMBLER,1,false,false,0,,false
P2|N24|F|UNIFORM|d100|p150|f40|b0,P2,24,F,UNIFORM,100,150,40,0,68,600,127,30,23,1,false,false,"",0,true,1,0,true,C2A0T1I2F0,67,INSPECT,INSPECTOR,10,true,true,1,ASSEMBLE,false
P2|N24|F|UNIFORM|d100|p150|f40|b10,P2,24,F,UNIFORM,100,150,40,10,68,660,127,30,23,1,false,false,"",0,true,1,0,true,C2A0T1I2F0,67,INSPECT,INSPECTOR,10,true,true,1,ASSEMBLE,false
P2|N24|F|UNIFORM|d100|p150|f40|b25,P2,24,F,UNIFORM,100,150,40,25,68,750,127,30,23,3,true,true,"C2A0T1I3F0[700,57,ASSEMBLE] vs C2A0T1I2F1[750,53,ASSEMBLE+INSPECT]",0,false,3,0,true,C2A0T1I2F0,67,INSPECT,INSPECTOR,10,true,true,1,ASSEMBLE,true
P2|N24|F|UNIFORM|d100|p150|f40|b50,P2,24,F,UNIFORM,100,150,40,50,68,900,127,30,23,6,true,true,"C2A0T1I3F0[700,57,ASSEMBLE] vs C2A0T1I2F1[750,53,ASSEMBLE+INSPECT]",4,false,6,1,true,C2A0T1I2F0,67,INSPECT,INSPECTOR,10,true,true,1,ASSEMBLE,true
P2|N24|F|UNIFORM|d100|p150|f60|b0,P2,24,F,UNIFORM,100,150,60,0,88,450,127,30,23,1,false,false,"",0,true,0,0,true,C1A1T0I1F1,85,CUT|ASSEMBLE+INSPECT,FLEX_CELL,4,false,false,0,,false
P2|N24|F|UNIFORM|d100|p150|f60|b10,P2,24,F,UNIFORM,100,150,60,10,88,495,127,30,23,1,false,false,"",0,true,0,0,true,C1A1T0I1F1,85,CUT|ASSEMBLE+INSPECT,FLEX_CELL,4,false,false,0,,false
P2|N24|F|UNIFORM|d100|p150|f60|b25,P2,24,F,UNIFORM,100,150,60,25,88,562,127,30,23,2,true,true,"C1A1T0I1F1[450,85,CUT|ASSEMBLE+INSPECT] vs C1A0T1I2F0[500,81,CUT]",0,false,1,0,true,C1A1T0I1F1,85,CUT|ASSEMBLE+INSPECT,FLEX_CELL,4,false,false,0,,false
P2|N24|F|UNIFORM|d100|p150|f60|b50,P2,24,F,UNIFORM,100,150,60,50,88,675,127,30,23,3,true,true,"C1A1T0I1F1[450,85,CUT|ASSEMBLE+INSPECT] vs C1A0T1I2F0[500,81,CUT]",0,false,2,0,true,C1A1T0I1F1,85,CUT|ASSEMBLE+INSPECT,FLEX_CELL,4,false,false,0,,false
P2|N24|F|UNIFORM|d100|p150|f80|b0,P2,24,F,UNIFORM,100,150,80,0,107,400,127,30,23,1,false,false,"",0,true,0,0,true,C1A1T0I2F0,104,ASSEMBLE,ASSEMBLER,23,true,true,1,CUT,false
P2|N24|F|UNIFORM|d100|p150|f80|b10,P2,24,F,UNIFORM,100,150,80,10,107,440,127,30,23,1,false,false,"",0,true,0,0,true,C1A1T0I2F0,104,ASSEMBLE,ASSEMBLER,23,true,true,1,CUT,false
P2|N24|F|UNIFORM|d100|p150|f80|b25,P2,24,F,UNIFORM,100,150,80,25,107,500,127,30,23,3,true,true,"C1A1T0I2F0[400,104,ASSEMBLE] vs C1A1T0I1F1[450,85,CUT|ASSEMBLE+INSPECT]",0,false,1,0,true,C1A1T0I2F0,104,ASSEMBLE,ASSEMBLER,23,true,true,1,CUT,true
P2|N24|F|UNIFORM|d100|p150|f80|b50,P2,24,F,UNIFORM,100,150,80,50,107,600,127,30,23,4,true,true,"C1A1T0I2F0[400,104,ASSEMBLE] vs C1A1T0I1F1[450,85,CUT|ASSEMBLE+INSPECT]",0,false,2,0,true,C1A1T0I2F0,104,ASSEMBLE,ASSEMBLER,23,true,true,1,CUT,true
P2|N24|F|UNIFORM|d100|p200|f20|b0,P2,24,F,UNIFORM,100,200,20,0,49,900,127,30,15,1,false,false,"",0,true,1,0,true,C2A1T1I4F0,46,CUT,CUTTER,4,true,true,1,ASSEMBLE,false
P2|N24|F|UNIFORM|d100|p200|f20|b10,P2,24,F,UNIFORM,100,200,20,10,49,990,127,30,15,1,false,false,"",0,true,1,0,true,C2A1T1I4F0,46,CUT,CUTTER,4,true,true,1,ASSEMBLE,false
P2|N24|F|UNIFORM|d100|p200|f20|b25,P2,24,F,UNIFORM,100,200,20,25,49,1125,127,30,15,3,true,false,"",0,true,3,0,true,C2A1T1I4F0,46,CUT,CUTTER,4,true,true,1,ASSEMBLE,false
P2|N24|F|UNIFORM|d100|p200|f20|b50,P2,24,F,UNIFORM,100,200,20,50,49,1350,127,30,15,4,true,false,"",0,false,4,0,true,C2A1T1I4F0,46,CUT,CUTTER,4,true,true,1,ASSEMBLE,false
P2|N24|F|UNIFORM|d100|p200|f40|b0,P2,24,F,UNIFORM,100,200,40,0,68,600,127,30,15,1,false,false,"",0,true,1,0,true,C2A0T1I2F0,67,INSPECT,INSPECTOR,10,true,true,1,ASSEMBLE,false
P2|N24|F|UNIFORM|d100|p200|f40|b10,P2,24,F,UNIFORM,100,200,40,10,68,660,127,30,15,1,false,false,"",0,true,1,0,true,C2A0T1I2F0,67,INSPECT,INSPECTOR,10,true,true,1,ASSEMBLE,false
P2|N24|F|UNIFORM|d100|p200|f40|b25,P2,24,F,UNIFORM,100,200,40,25,68,750,127,30,15,2,true,false,"",0,true,2,0,true,C2A0T1I2F0,67,INSPECT,INSPECTOR,10,true,true,1,ASSEMBLE,false
P2|N24|F|UNIFORM|d100|p200|f40|b50,P2,24,F,UNIFORM,100,200,40,50,68,900,127,30,15,4,true,false,"",0,true,4,0,true,C2A0T1I2F0,67,INSPECT,INSPECTOR,10,true,true,1,ASSEMBLE,false
P2|N24|F|UNIFORM|d100|p200|f60|b0,P2,24,F,UNIFORM,100,200,60,0,88,500,127,30,15,1,false,false,"",0,true,1,0,true,C1A0T1I2F0,81,CUT,CUTTER,14,true,true,1,INSPECT,false
P2|N24|F|UNIFORM|d100|p200|f60|b10,P2,24,F,UNIFORM,100,200,60,10,88,550,127,30,15,1,false,false,"",0,true,1,0,true,C1A0T1I2F0,81,CUT,CUTTER,14,true,true,1,INSPECT,false
P2|N24|F|UNIFORM|d100|p200|f60|b25,P2,24,F,UNIFORM,100,200,60,25,88,625,127,30,15,2,true,false,"",0,true,2,0,true,C1A0T1I2F0,81,CUT,CUTTER,14,true,true,1,INSPECT,false
P2|N24|F|UNIFORM|d100|p200|f60|b50,P2,24,F,UNIFORM,100,200,60,50,88,750,127,30,15,3,true,false,"",0,true,3,0,true,C1A0T1I2F0,81,CUT,CUTTER,14,true,true,1,INSPECT,false
P2|N24|F|UNIFORM|d100|p200|f80|b0,P2,24,F,UNIFORM,100,200,80,0,107,400,127,30,15,1,false,false,"",0,true,0,0,true,C1A1T0I2F0,104,ASSEMBLE,ASSEMBLER,23,true,true,1,CUT,false
P2|N24|F|UNIFORM|d100|p200|f80|b10,P2,24,F,UNIFORM,100,200,80,10,107,440,127,30,15,1,false,false,"",0,true,0,0,true,C1A1T0I2F0,104,ASSEMBLE,ASSEMBLER,23,true,true,1,CUT,false
P2|N24|F|UNIFORM|d100|p200|f80|b25,P2,24,F,UNIFORM,100,200,80,25,107,500,127,30,15,2,true,false,"",0,true,1,0,true,C1A1T0I2F0,104,ASSEMBLE,ASSEMBLER,23,true,true,1,CUT,false
P2|N24|F|UNIFORM|d100|p200|f80|b50,P2,24,F,UNIFORM,100,200,80,50,107,600,127,30,15,3,true,false,"",0,true,2,0,true,C1A1T0I2F0,104,ASSEMBLE,ASSEMBLER,23,true,true,1,CUT,false
P2|N24|F|WORK|d75|p100|f20|b0,P2,24,F,WORK,75,100,20,0,49,1600,127,30,24,1,false,false,"",0,true,1,1,true,C2A0T1I1F3,46,CUT|ASSEMBLE+INSPECT,FLEX_CELL,1,false,false,0,,false
P2|N24|F|WORK|d75|p100|f20|b10,P2,24,F,WORK,75,100,20,10,49,1760,127,30,24,1,false,false,"",0,true,1,1,true,C2A0T1I1F3,46,CUT|ASSEMBLE+INSPECT,FLEX_CELL,1,false,false,0,,false
P2|N24|F|WORK|d75|p100|f20|b25,P2,24,F,WORK,75,100,20,25,49,2000,127,30,24,4,true,true,"C2A0T1I1F3[1600,46,CUT|ASSEMBLE+INSPECT] vs C3A1T0I2F3[1900,43,ASSEMBLE+INSPECT]",2,false,2,2,true,C2A0T1I1F3,46,CUT|ASSEMBLE+INSPECT,FLEX_CELL,1,false,false,0,,false
P2|N24|F|WORK|d75|p100|f20|b50,P2,24,F,WORK,75,100,20,50,49,2400,127,30,24,7,true,true,"C2A0T1I1F3[1600,46,CUT|ASSEMBLE+INSPECT] vs C3A1T0I2F3[1900,43,ASSEMBLE+INSPECT]",5,false,2,2,true,C2A0T1I1F3,46,CUT|ASSEMBLE+INSPECT,FLEX_CELL,1,false,false,0,,false
P2|N24|F|WORK|d75|p100|f40|b0,P2,24,F,WORK,75,100,40,0,68,1100,127,30,24,1,false,false,"",0,true,0,0,true,C2A0T1I2F0,67,INSPECT,INSPECTOR,10,true,true,1,ASSEMBLE,false
P2|N24|F|WORK|d75|p100|f40|b10,P2,24,F,WORK,75,100,40,10,68,1210,127,30,24,1,false,false,"",0,true,0,0,true,C2A0T1I2F0,67,INSPECT,INSPECTOR,10,true,true,1,ASSEMBLE,false
P2|N24|F|WORK|d75|p100|f40|b25,P2,24,F,WORK,75,100,40,25,68,1375,127,30,24,3,true,true,"C2A0T1I2F0[1100,67,INSPECT] vs C2A1T0I1F2[1250,62,ASSEMBLE+INSPECT]",0,false,0,0,true,C2A0T1I2F0,67,INSPECT,INSPECTOR,10,true,true,1,ASSEMBLE,true
P2|N24|F|WORK|d75|p100|f40|b50,P2,24,F,WORK,75,100,40,50,68,1650,127,30,24,6,true,true,"C2A0T1I2F0[1100,67,INSPECT] vs C2A1T0I1F2[1250,62,ASSEMBLE+INSPECT]",3,false,2,2,true,C2A0T1I2F0,67,INSPECT,INSPECTOR,10,true,true,1,ASSEMBLE,true
P2|N24|F|WORK|d75|p100|f60|b0,P2,24,F,WORK,75,100,60,0,88,850,127,30,24,1,false,false,"",0,true,0,0,true,C1A1T0I0F2,83,CUT|ASSEMBLE+INSPECT,INSPECTOR,2,false,false,0,,false
P2|N24|F|WORK|d75|p100|f60|b10,P2,24,F,WORK,75,100,60,10,88,935,127,30,24,2,true,false,"",1,false,0,0,true,C1A1T0I0F2,83,CUT|ASSEMBLE+INSPECT,INSPECTOR,2,false,false,0,,false
P2|N24|F|WORK|d75|p100|f60|b25,P2,24,F,WORK,75,100,60,25,88,1062,127,30,24,3,true,true,"C1A1T0I0F2[850,83,CUT|ASSEMBLE+INSPECT] vs C2A0T0I0F3[1050,78,ASSEMBLE+INSPECT]",1,false,0,0,true,C1A1T0I0F2,83,CUT|ASSEMBLE+INSPECT,INSPECTOR,2,false,false,0,,false
P2|N24|F|WORK|d75|p100|f60|b50,P2,24,F,WORK,75,100,60,50,88,1275,127,30,24,5,true,true,"C1A1T0I0F2[850,83,CUT|ASSEMBLE+INSPECT] vs C2A0T0I0F3[1050,78,ASSEMBLE+INSPECT]",1,false,0,0,true,C1A1T0I0F2,83,CUT|ASSEMBLE+INSPECT,INSPECTOR,2,false,false,0,,false
P2|N24|F|WORK|d75|p100|f80|b0,P2,24,F,WORK,75,100,80,0,107,850,127,30,24,1,false,false,"",0,true,0,0,true,C1A1T0I0F2,83,CUT|ASSEMBLE+INSPECT,INSPECTOR,2,false,false,0,,false
P2|N24|F|WORK|d75|p100|f80|b10,P2,24,F,WORK,75,100,80,10,107,935,127,30,24,2,true,false,"",1,false,0,0,true,C1A1T0I0F2,83,CUT|ASSEMBLE+INSPECT,INSPECTOR,2,false,false,0,,false
P2|N24|F|WORK|d75|p100|f80|b25,P2,24,F,WORK,75,100,80,25,107,1062,127,30,24,3,true,true,"C1A1T0I0F2[850,83,CUT|ASSEMBLE+INSPECT] vs C2A0T0I0F3[1050,78,ASSEMBLE+INSPECT]",1,false,0,0,true,C1A1T0I0F2,83,CUT|ASSEMBLE+INSPECT,INSPECTOR,2,false,false,0,,false
P2|N24|F|WORK|d75|p100|f80|b50,P2,24,F,WORK,75,100,80,50,107,1275,127,30,24,5,true,true,"C1A1T0I0F2[850,83,CUT|ASSEMBLE+INSPECT] vs C2A0T0I0F3[1050,78,ASSEMBLE+INSPECT]",1,false,0,0,true,C1A1T0I0F2,83,CUT|ASSEMBLE+INSPECT,INSPECTOR,2,false,false,0,,false
P2|N24|F|WORK|d75|p125|f20|b0,P2,24,F,WORK,75,125,20,0,49,1663,127,30,22,1,false,false,"",0,true,0,0,true,C2A0T1I3F1,47,CUT|ASSEMBLE+INSPECT,ASSEMBLER,1,false,false,0,,false
P2|N24|F|WORK|d75|p125|f20|b10,P2,24,F,WORK,75,125,20,10,49,1829,127,30,22,2,true,false,"",1,false,0,0,true,C2A0T1I3F1,47,CUT|ASSEMBLE+INSPECT,ASSEMBLER,1,false,false,0,,false
P2|N24|F|WORK|d75|p125|f20|b25,P2,24,F,WORK,75,125,20,25,49,2078,127,30,22,5,true,true,"C2A0T1I3F1[1663,47,CUT|ASSEMBLE+INSPECT] vs C2A0T2I4F0[1900,45,CUT]",1,false,0,0,true,C2A0T1I3F1,47,CUT|ASSEMBLE+INSPECT,ASSEMBLER,1,false,false,0,,false
P2|N24|F|WORK|d75|p125|f20|b50,P2,24,F,WORK,75,125,20,50,49,2494,127,30,22,7,true,true,"C2A0T1I3F1[1663,47,CUT|ASSEMBLE+INSPECT] vs C2A0T2I4F0[1900,45,CUT]",1,false,0,0,true,C2A0T1I3F1,47,CUT|ASSEMBLE+INSPECT,ASSEMBLER,1,false,false,0,,false
P2|N24|F|WORK|d75|p125|f40|b0,P2,24,F,WORK,75,125,40,0,68,1100,127,30,22,1,false,false,"",0,true,0,0,true,C2A0T1I2F0,67,INSPECT,INSPECTOR,10,true,true,1,ASSEMBLE,false
P2|N24|F|WORK|d75|p125|f40|b10,P2,24,F,WORK,75,125,40,10,68,1210,127,30,22,1,false,false,"",0,true,0,0,true,C2A0T1I2F0,67,INSPECT,INSPECTOR,10,true,true,1,ASSEMBLE,false
P2|N24|F|WORK|d75|p125|f40|b25,P2,24,F,WORK,75,125,40,25,68,1375,127,30,22,2,true,false,"",0,true,0,0,true,C2A0T1I2F0,67,INSPECT,INSPECTOR,10,true,true,1,ASSEMBLE,false
P2|N24|F|WORK|d75|p125|f40|b50,P2,24,F,WORK,75,125,40,50,68,1650,127,30,22,4,true,true,"C2A0T1I3F0[1350,57,ASSEMBLE] vs C2A0T1I2F1[1413,53,ASSEMBLE+INSPECT]",0,false,0,0,true,C2A0T1I2F0,67,INSPECT,INSPECTOR,10,true,true,1,ASSEMBLE,true
P2|N24|F|WORK|d75|p125|f60|b0,P2,24,F,WORK,75,125,60,0,88,913,127,30,22,1,false,false,"",0,true,0,0,true,C1A1T0I1F1,85,CUT|ASSEMBLE+INSPECT,FLEX_CELL,4,false,false,0,,false
P2|N24|F|WORK|d75|p125|f60|b10,P2,24,F,WORK,75,125,60,10,88,1004,127,30,22,2,true,true,"C1A1T0I1F1[913,85,CUT|ASSEMBLE+INSPECT] vs C1A0T1I2F0[950,81,CUT]",0,false,0,0,true,C1A1T0I1F1,85,CUT|ASSEMBLE+INSPECT,FLEX_CELL,4,false,false,0,,false
P2|N24|F|WORK|d75|p125|f60|b25,P2,24,F,WORK,75,125,60,25,88,1141,127,30,22,3,true,true,"C1A1T0I1F1[913,85,CUT|ASSEMBLE+INSPECT] vs C1A0T1I2F0[950,81,CUT]",0,false,0,0,true,C1A1T0I1F1,85,CUT|ASSEMBLE+INSPECT,FLEX_CELL,4,false,false,0,,false
P2|N24|F|WORK|d75|p125|f60|b50,P2,24,F,WORK,75,125,60,50,88,1369,127,30,22,4,true,true,"C1A1T0I1F1[913,85,CUT|ASSEMBLE+INSPECT] vs C1A0T1I2F0[950,81,CUT]",0,false,0,0,true,C1A1T0I1F1,85,CUT|ASSEMBLE+INSPECT,FLEX_CELL,4,false,false,0,,false
P2|N24|F|WORK|d75|p125|f80|b0,P2,24,F,WORK,75,125,80,0,107,850,127,30,22,1,false,false,"",0,true,0,0,true,C1A1T0I2F0,104,ASSEMBLE,ASSEMBLER,23,true,true,1,CUT,false
P2|N24|F|WORK|d75|p125|f80|b10,P2,24,F,WORK,75,125,80,10,107,935,127,30,22,2,true,true,"C1A1T0I2F0[850,104,ASSEMBLE] vs C1A1T0I1F1[913,85,CUT|ASSEMBLE+INSPECT]",0,false,0,0,true,C1A1T0I2F0,104,ASSEMBLE,ASSEMBLER,23,true,true,1,CUT,true
P2|N24|F|WORK|d75|p125|f80|b25,P2,24,F,WORK,75,125,80,25,107,1062,127,30,22,3,true,true,"C1A1T0I2F0[850,104,ASSEMBLE] vs C1A1T0I1F1[913,85,CUT|ASSEMBLE+INSPECT]",0,false,0,0,true,C1A1T0I2F0,104,ASSEMBLE,ASSEMBLER,23,true,true,1,CUT,true
P2|N24|F|WORK|d75|p125|f80|b50,P2,24,F,WORK,75,125,80,50,107,1275,127,30,22,4,true,true,"C1A1T0I2F0[850,104,ASSEMBLE] vs C1A1T0I1F1[913,85,CUT|ASSEMBLE+INSPECT]",0,false,0,0,true,C1A1T0I2F0,104,ASSEMBLE,ASSEMBLER,23,true,true,1,CUT,true
P2|N24|F|WORK|d75|p150|f20|b0,P2,24,F,WORK,75,150,20,0,49,1700,127,30,20,1,false,false,"",0,true,0,0,true,C3A1T1I3F0,47,INSPECT,INSPECTOR,5,true,true,1,ASSEMBLE,false
P2|N24|F|WORK|d75|p150|f20|b10,P2,24,F,WORK,75,150,20,10,49,1870,127,30,20,2,true,true,"C3A1T1I3F0[1700,47,INSPECT] vs C2A1T1I4F0[1800,46,CUT]",0,false,0,0,true,C3A1T1I3F0,47,INSPECT,INSPECTOR,5,true,true,1,ASSEMBLE,true
P2|N24|F|WORK|d75|p150|f20|b25,P2,24,F,WORK,75,150,20,25,49,2125,127,30,20,5,true,true,"C3A1T1I3F0[1700,47,INSPECT] vs C2A1T1I4F0[1800,46,CUT]",0,false,0,0,true,C3A1T1I3F0,47,INSPECT,INSPECTOR,5,true,true,1,ASSEMBLE,true
P2|N24|F|WORK|d75|p150|f20|b50,P2,24,F,WORK,75,150,20,50,49,2550,127,30,20,7,true,true,"C3A1T1I3F0[1700,47,INSPECT] vs C2A1T1I4F0[1800,46,CUT]",0,false,0,0,true,C3A1T1I3F0,47,INSPECT,INSPECTOR,5,true,true,1,ASSEMBLE,true
P2|N24|F|WORK|d75|p150|f40|b0,P2,24,F,WORK,75,150,40,0,68,1100,127,30,20,1,false,false,"",0,true,0,0,true,C2A0T1I2F0,67,INSPECT,INSPECTOR,10,true,true,1,ASSEMBLE,false
P2|N24|F|WORK|d75|p150|f40|b10,P2,24,F,WORK,75,150,40,10,68,1210,127,30,20,1,false,false,"",0,true,0,0,true,C2A0T1I2F0,67,INSPECT,INSPECTOR,10,true,true,1,ASSEMBLE,false
P2|N24|F|WORK|d75|p150|f40|b25,P2,24,F,WORK,75,150,40,25,68,1375,127,30,20,2,true,false,"",0,true,0,0,true,C2A0T1I2F0,67,INSPECT,INSPECTOR,10,true,true,1,ASSEMBLE,false
P2|N24|F|WORK|d75|p150|f40|b50,P2,24,F,WORK,75,150,40,50,68,1650,127,30,20,4,true,true,"C2A0T1I3F0[1350,57,ASSEMBLE] vs C2A0T1I2F1[1475,53,ASSEMBLE+INSPECT]",0,false,0,0,true,C2A0T1I2F0,67,INSPECT,INSPECTOR,10,true,true,1,ASSEMBLE,true
P2|N24|F|WORK|d75|p150|f60|b0,P2,24,F,WORK,75,150,60,0,88,950,127,30,20,1,false,false,"",0,true,0,0,true,C1A0T1I2F0,81,CUT,CUTTER,14,true,true,1,INSPECT,false
P2|N24|F|WORK|d75|p150|f60|b10,P2,24,F,WORK,75,150,60,10,88,1045,127,30,20,1,false,false,"",0,true,0,0,true,C1A0T1I2F0,81,CUT,CUTTER,14,true,true,1,INSPECT,false
P2|N24|F|WORK|d75|p150|f60|b25,P2,24,F,WORK,75,150,60,25,88,1187,127,30,20,2,true,false,"",0,true,0,0,true,C1A0T1I2F0,81,CUT,CUTTER,14,true,true,1,INSPECT,false
P2|N24|F|WORK|d75|p150|f60|b50,P2,24,F,WORK,75,150,60,50,88,1425,127,30,20,3,true,false,"",0,true,0,0,true,C1A0T1I2F0,81,CUT,CUTTER,14,true,true,1,INSPECT,false
P2|N24|F|WORK|d75|p150|f80|b0,P2,24,F,WORK,75,150,80,0,107,850,127,30,20,1,false,false,"",0,true,0,0,true,C1A1T0I2F0,104,ASSEMBLE,ASSEMBLER,23,true,true,1,CUT,false
P2|N24|F|WORK|d75|p150|f80|b10,P2,24,F,WORK,75,150,80,10,107,935,127,30,20,1,false,false,"",0,true,0,0,true,C1A1T0I2F0,104,ASSEMBLE,ASSEMBLER,23,true,true,1,CUT,false
P2|N24|F|WORK|d75|p150|f80|b25,P2,24,F,WORK,75,150,80,25,107,1062,127,30,20,2,true,false,"",0,true,0,0,true,C1A1T0I2F0,104,ASSEMBLE,ASSEMBLER,23,true,true,1,CUT,false
P2|N24|F|WORK|d75|p150|f80|b50,P2,24,F,WORK,75,150,80,50,107,1275,127,30,20,3,true,false,"",0,true,0,0,true,C1A1T0I2F0,104,ASSEMBLE,ASSEMBLER,23,true,true,1,CUT,false
P2|N24|F|WORK|d75|p200|f20|b0,P2,24,F,WORK,75,200,20,0,49,1700,127,30,17,1,false,false,"",0,true,0,0,true,C3A1T1I3F0,47,INSPECT,INSPECTOR,5,true,true,1,ASSEMBLE,false
P2|N24|F|WORK|d75|p200|f20|b10,P2,24,F,WORK,75,200,20,10,49,1870,127,30,17,2,true,true,"C3A1T1I3F0[1700,47,INSPECT] vs C2A1T1I4F0[1800,46,CUT]",0,false,0,0,true,C3A1T1I3F0,47,INSPECT,INSPECTOR,5,true,true,1,ASSEMBLE,true
P2|N24|F|WORK|d75|p200|f20|b25,P2,24,F,WORK,75,200,20,25,49,2125,127,30,17,5,true,true,"C3A1T1I3F0[1700,47,INSPECT] vs C2A1T1I4F0[1800,46,CUT]",0,false,0,0,true,C3A1T1I3F0,47,INSPECT,INSPECTOR,5,true,true,1,ASSEMBLE,true
P2|N24|F|WORK|d75|p200|f20|b50,P2,24,F,WORK,75,200,20,50,49,2550,127,30,17,6,true,true,"C3A1T1I3F0[1700,47,INSPECT] vs C2A1T1I4F0[1800,46,CUT]",0,false,0,0,true,C3A1T1I3F0,47,INSPECT,INSPECTOR,5,true,true,1,ASSEMBLE,true
P2|N24|F|WORK|d75|p200|f40|b0,P2,24,F,WORK,75,200,40,0,68,1100,127,30,17,1,false,false,"",0,true,0,0,true,C2A0T1I2F0,67,INSPECT,INSPECTOR,10,true,true,1,ASSEMBLE,false
P2|N24|F|WORK|d75|p200|f40|b10,P2,24,F,WORK,75,200,40,10,68,1210,127,30,17,1,false,false,"",0,true,0,0,true,C2A0T1I2F0,67,INSPECT,INSPECTOR,10,true,true,1,ASSEMBLE,false
P2|N24|F|WORK|d75|p200|f40|b25,P2,24,F,WORK,75,200,40,25,68,1375,127,30,17,2,true,false,"",0,true,0,0,true,C2A0T1I2F0,67,INSPECT,INSPECTOR,10,true,true,1,ASSEMBLE,false
P2|N24|F|WORK|d75|p200|f40|b50,P2,24,F,WORK,75,200,40,50,68,1650,127,30,17,3,true,false,"",0,true,0,0,true,C2A0T1I2F0,67,INSPECT,INSPECTOR,10,true,true,1,ASSEMBLE,false
P2|N24|F|WORK|d75|p200|f60|b0,P2,24,F,WORK,75,200,60,0,88,950,127,30,17,1,false,false,"",0,true,0,0,true,C1A0T1I2F0,81,CUT,CUTTER,14,true,true,1,INSPECT,false
P2|N24|F|WORK|d75|p200|f60|b10,P2,24,F,WORK,75,200,60,10,88,1045,127,30,17,1,false,false,"",0,true,0,0,true,C1A0T1I2F0,81,CUT,CUTTER,14,true,true,1,INSPECT,false
P2|N24|F|WORK|d75|p200|f60|b25,P2,24,F,WORK,75,200,60,25,88,1187,127,30,17,2,true,false,"",0,true,0,0,true,C1A0T1I2F0,81,CUT,CUTTER,14,true,true,1,INSPECT,false
P2|N24|F|WORK|d75|p200|f60|b50,P2,24,F,WORK,75,200,60,50,88,1425,127,30,17,3,true,false,"",0,true,0,0,true,C1A0T1I2F0,81,CUT,CUTTER,14,true,true,1,INSPECT,false
P2|N24|F|WORK|d75|p200|f80|b0,P2,24,F,WORK,75,200,80,0,107,850,127,30,17,1,false,false,"",0,true,0,0,true,C1A1T0I2F0,104,ASSEMBLE,ASSEMBLER,23,true,true,1,CUT,false
P2|N24|F|WORK|d75|p200|f80|b10,P2,24,F,WORK,75,200,80,10,107,935,127,30,17,1,false,false,"",0,true,0,0,true,C1A1T0I2F0,104,ASSEMBLE,ASSEMBLER,23,true,true,1,CUT,false
P2|N24|F|WORK|d75|p200|f80|b25,P2,24,F,WORK,75,200,80,25,107,1062,127,30,17,2,true,false,"",0,true,0,0,true,C1A1T0I2F0,104,ASSEMBLE,ASSEMBLER,23,true,true,1,CUT,false
P2|N24|F|WORK|d75|p200|f80|b50,P2,24,F,WORK,75,200,80,50,107,1275,127,30,17,3,true,false,"",0,true,0,0,true,C1A1T0I2F0,104,ASSEMBLE,ASSEMBLER,23,true,true,1,CUT,false
P2|N24|F|WORK|d90|p100|f20|b0,P2,24,F,WORK,90,100,20,0,49,1660,127,30,24,1,false,false,"",0,true,1,1,true,C2A0T1I1F3,46,CUT|ASSEMBLE+INSPECT,FLEX_CELL,1,false,false,0,,false
P2|N24|F|WORK|d90|p100|f20|b10,P2,24,F,WORK,90,100,20,10,49,1826,127,30,24,1,false,false,"",0,true,1,1,true,C2A0T1I1F3,46,CUT|ASSEMBLE+INSPECT,FLEX_CELL,1,false,false,0,,false
P2|N24|F|WORK|d90|p100|f20|b25,P2,24,F,WORK,90,100,20,25,49,2075,127,30,24,4,true,true,"C2A0T1I1F3[1660,46,CUT|ASSEMBLE+INSPECT] vs C3A1T0I2F3[1900,43,ASSEMBLE+INSPECT]",2,false,2,2,true,C2A0T1I1F3,46,CUT|ASSEMBLE+INSPECT,FLEX_CELL,1,false,false,0,,false
P2|N24|F|WORK|d90|p100|f20|b50,P2,24,F,WORK,90,100,20,50,49,2490,127,30,24,7,true,true,"C2A0T1I1F3[1660,46,CUT|ASSEMBLE+INSPECT] vs C3A1T0I2F3[1900,43,ASSEMBLE+INSPECT]",5,false,2,2,true,C2A0T1I1F3,46,CUT|ASSEMBLE+INSPECT,FLEX_CELL,1,false,false,0,,false
P2|N24|F|WORK|d90|p100|f40|b0,P2,24,F,WORK,90,100,40,0,68,1160,127,30,24,1,false,false,"",0,true,0,0,true,C2A0T1I2F0,67,INSPECT,INSPECTOR,10,true,true,1,ASSEMBLE,false
P2|N24|F|WORK|d90|p100|f40|b10,P2,24,F,WORK,90,100,40,10,68,1276,127,30,24,2,true,true,"C2A0T1I2F0[1160,67,INSPECT] vs C2A1T0I1F2[1250,62,ASSEMBLE+INSPECT]",0,false,0,0,true,C2A0T1I2F0,67,INSPECT,INSPECTOR,10,true,true,1,ASSEMBLE,true
P2|N24|F|WORK|d90|p100|f40|b25,P2,24,F,WORK,90,100,40,25,68,1450,127,30,24,3,true,true,"C2A0T1I2F0[1160,67,INSPECT] vs C2A1T0I1F2[1250,62,ASSEMBLE+INSPECT]",0,false,0,0,true,C2A0T1I2F0,67,INSPECT,INSPECTOR,10,true,true,1,ASSEMBLE,true
P2|N24|F|WORK|d90|p100|f40|b50,P2,24,F,WORK,90,100,40,50,68,1740,127,30,24,6,true,true,"C2A0T1I2F0[1160,67,INSPECT] vs C2A1T0I1F2[1250,62,ASSEMBLE+INSPECT]",3,false,2,2,true,C2A0T1I2F0,67,INSPECT,INSPECTOR,10,true,true,1,ASSEMBLE,true
P2|N24|F|WORK|d90|p100|f60|b0,P2,24,F,WORK,90,100,60,0,88,850,127,30,24,1,false,false,"",0,true,0,0,true,C1A1T0I0F2,83,CUT|ASSEMBLE+INSPECT,INSPECTOR,2,false,false,0,,false
P2|N24|F|WORK|d90|p100|f60|b10,P2,24,F,WORK,90,100,60,10,88,935,127,30,24,2,true,false,"",1,false,0,0,true,C1A1T0I0F2,83,CUT|ASSEMBLE+INSPECT,INSPECTOR,2,false,false,0,,false
P2|N24|F|WORK|d90|p100|f60|b25,P2,24,F,WORK,90,100,60,25,88,1062,127,30,24,3,true,true,"C1A1T0I0F2[850,83,CUT|ASSEMBLE+INSPECT] vs C2A0T0I0F3[1050,78,ASSEMBLE+INSPECT]",1,false,0,0,true,C1A1T0I0F2,83,CUT|ASSEMBLE+INSPECT,INSPECTOR,2,false,false,0,,false
P2|N24|F|WORK|d90|p100|f60|b50,P2,24,F,WORK,90,100,60,50,88,1275,127,30,24,5,true,true,"C1A1T0I0F2[850,83,CUT|ASSEMBLE+INSPECT] vs C2A0T0I0F3[1050,78,ASSEMBLE+INSPECT]",1,false,0,0,true,C1A1T0I0F2,83,CUT|ASSEMBLE+INSPECT,INSPECTOR,2,false,false,0,,false
P2|N24|F|WORK|d90|p100|f80|b0,P2,24,F,WORK,90,100,80,0,107,850,127,30,24,1,false,false,"",0,true,0,0,true,C1A1T0I0F2,83,CUT|ASSEMBLE+INSPECT,INSPECTOR,2,false,false,0,,false
P2|N24|F|WORK|d90|p100|f80|b10,P2,24,F,WORK,90,100,80,10,107,935,127,30,24,2,true,false,"",1,false,0,0,true,C1A1T0I0F2,83,CUT|ASSEMBLE+INSPECT,INSPECTOR,2,false,false,0,,false
P2|N24|F|WORK|d90|p100|f80|b25,P2,24,F,WORK,90,100,80,25,107,1062,127,30,24,3,true,true,"C1A1T0I0F2[850,83,CUT|ASSEMBLE+INSPECT] vs C2A0T0I0F3[1050,78,ASSEMBLE+INSPECT]",1,false,0,0,true,C1A1T0I0F2,83,CUT|ASSEMBLE+INSPECT,INSPECTOR,2,false,false,0,,false
P2|N24|F|WORK|d90|p100|f80|b50,P2,24,F,WORK,90,100,80,50,107,1275,127,30,24,5,true,true,"C1A1T0I0F2[850,83,CUT|ASSEMBLE+INSPECT] vs C2A0T0I0F3[1050,78,ASSEMBLE+INSPECT]",1,false,0,0,true,C1A1T0I0F2,83,CUT|ASSEMBLE+INSPECT,INSPECTOR,2,false,false,0,,false
P2|N24|F|WORK|d90|p125|f20|b0,P2,24,F,WORK,90,125,20,0,49,1723,127,30,25,1,false,false,"",0,true,0,0,true,C2A0T1I3F1,47,CUT|ASSEMBLE+INSPECT,ASSEMBLER,1,false,false,0,,false
P2|N24|F|WORK|d90|p125|f20|b10,P2,24,F,WORK,90,125,20,10,49,1895,127,30,25,2,true,false,"",1,false,0,0,true,C2A0T1I3F1,47,CUT|ASSEMBLE+INSPECT,ASSEMBLER,1,false,false,0,,false
P2|N24|F|WORK|d90|p125|f20|b25,P2,24,F,WORK,90,125,20,25,49,2153,127,30,25,4,true,true,"C2A0T1I3F1[1723,47,CUT|ASSEMBLE+INSPECT] vs C3A1T1I4F0[2010,42,ASSEMBLE]",2,false,0,0,true,C2A0T1I3F1,47,CUT|ASSEMBLE+INSPECT,ASSEMBLER,1,false,false,0,,false
P2|N24|F|WORK|d90|p125|f20|b50,P2,24,F,WORK,90,125,20,50,49,2584,127,30,25,7,true,true,"C2A0T1I3F1[1723,47,CUT|ASSEMBLE+INSPECT] vs C3A1T1I4F0[2010,42,ASSEMBLE]",2,false,0,0,true,C2A0T1I3F1,47,CUT|ASSEMBLE+INSPECT,ASSEMBLER,1,false,false,0,,false
P2|N24|F|WORK|d90|p125|f40|b0,P2,24,F,WORK,90,125,40,0,68,1160,127,30,25,1,false,false,"",0,true,0,0,true,C2A0T1I2F0,67,INSPECT,INSPECTOR,10,true,true,1,ASSEMBLE,false
P2|N24|F|WORK|d90|p125|f40|b10,P2,24,F,WORK,90,125,40,10,68,1276,127,30,25,1,false,false,"",0,true,0,0,true,C2A0T1I2F0,67,INSPECT,INSPECTOR,10,true,true,1,ASSEMBLE,false
P2|N24|F|WORK|d90|p125|f40|b25,P2,24,F,WORK,90,125,40,25,68,1450,127,30,25,3,true,true,"C2A0T1I2F0[1160,67,INSPECT] vs C2A1T0I1F2[1376,62,ASSEMBLE+INSPECT]",0,false,0,0,true,C2A0T1I2F0,67,INSPECT,INSPECTOR,10,true,true,1,ASSEMBLE,true
P2|N24|F|WORK|d90|p125|f40|b50,P2,24,F,WORK,90,125,40,50,68,1740,127,30,25,6,true,true,"C2A0T1I2F0[1160,67,INSPECT] vs C2A1T0I1F2[1376,62,ASSEMBLE+INSPECT]",0,false,0,0,true,C2A0T1I2F0,67,INSPECT,INSPECTOR,10,true,true,1,ASSEMBLE,true
P2|N24|F|WORK|d90|p125|f60|b0,P2,24,F,WORK,90,125,60,0,88,913,127,30,25,1,false,false,"",0,true,0,0,true,C1A1T0I1F1,85,CUT|ASSEMBLE+INSPECT,FLEX_CELL,4,false,false,0,,false
P2|N24|F|WORK|d90|p125|f60|b10,P2,24,F,WORK,90,125,60,10,88,1004,127,30,25,2,true,false,"",1,false,0,0,true,C1A1T0I1F1,85,CUT|ASSEMBLE+INSPECT,FLEX_CELL,4,false,false,0,,false
P2|N24|F|WORK|d90|p125|f60|b25,P2,24,F,WORK,90,125,60,25,88,1141,127,30,25,3,true,true,"C1A1T0I1F1[913,85,CUT|ASSEMBLE+INSPECT] vs C1A0T1I2F0[1010,81,CUT]",1,false,0,0,true,C1A1T0I1F1,85,CUT|ASSEMBLE+INSPECT,FLEX_CELL,4,false,false,0,,false
P2|N24|F|WORK|d90|p125|f60|b50,P2,24,F,WORK,90,125,60,50,88,1369,127,30,25,4,true,true,"C1A1T0I1F1[913,85,CUT|ASSEMBLE+INSPECT] vs C1A0T1I2F0[1010,81,CUT]",1,false,0,0,true,C1A1T0I1F1,85,CUT|ASSEMBLE+INSPECT,FLEX_CELL,4,false,false,0,,false
P2|N24|F|WORK|d90|p125|f80|b0,P2,24,F,WORK,90,125,80,0,107,850,127,30,25,1,false,false,"",0,true,0,0,true,C1A1T0I2F0,104,ASSEMBLE,ASSEMBLER,23,true,true,1,CUT,false
P2|N24|F|WORK|d90|p125|f80|b10,P2,24,F,WORK,90,125,80,10,107,935,127,30,25,2,true,true,"C1A1T0I2F0[850,104,ASSEMBLE] vs C1A1T0I1F1[913,85,CUT|ASSEMBLE+INSPECT]",0,false,0,0,true,C1A1T0I2F0,104,ASSEMBLE,ASSEMBLER,23,true,true,1,CUT,true
P2|N24|F|WORK|d90|p125|f80|b25,P2,24,F,WORK,90,125,80,25,107,1062,127,30,25,4,true,true,"C1A1T0I2F0[850,104,ASSEMBLE] vs C1A1T0I1F1[913,85,CUT|ASSEMBLE+INSPECT]",1,false,0,0,true,C1A1T0I2F0,104,ASSEMBLE,ASSEMBLER,23,true,true,1,CUT,true
P2|N24|F|WORK|d90|p125|f80|b50,P2,24,F,WORK,90,125,80,50,107,1275,127,30,25,5,true,true,"C1A1T0I2F0[850,104,ASSEMBLE] vs C1A1T0I1F1[913,85,CUT|ASSEMBLE+INSPECT]",1,false,0,0,true,C1A1T0I2F0,104,ASSEMBLE,ASSEMBLER,23,true,true,1,CUT,true
P2|N24|F|WORK|d90|p150|f20|b0,P2,24,F,WORK,90,150,20,0,49,1760,127,30,20,1,false,false,"",0,true,0,0,true,C3A1T1I3F0,47,INSPECT,INSPECTOR,5,true,true,1,ASSEMBLE,false
P2|N24|F|WORK|d90|p150|f20|b10,P2,24,F,WORK,90,150,20,10,49,1936,127,30,20,2,true,true,"C3A1T1I3F0[1760,47,INSPECT] vs C2A1T1I4F0[1860,46,CUT]",0,false,0,0,true,C3A1T1I3F0,47,INSPECT,INSPECTOR,5,true,true,1,ASSEMBLE,true
P2|N24|F|WORK|d90|p150|f20|b25,P2,24,F,WORK,90,150,20,25,49,2200,127,30,20,4,true,true,"C3A1T1I3F0[1760,47,INSPECT] vs C2A1T1I4F0[1860,46,CUT]",0,false,0,0,true,C3A1T1I3F0,47,INSPECT,INSPECTOR,5,true,true,1,ASSEMBLE,true
P2|N24|F|WORK|d90|p150|f20|b50,P2,24,F,WORK,90,150,20,50,49,2640,127,30,20,6,true,true,"C3A1T1I3F0[1760,47,INSPECT] vs C2A1T1I4F0[1860,46,CUT]",0,false,0,0,true,C3A1T1I3F0,47,INSPECT,INSPECTOR,5,true,true,1,ASSEMBLE,true
P2|N24|F|WORK|d90|p150|f40|b0,P2,24,F,WORK,90,150,40,0,68,1160,127,30,20,1,false,false,"",0,true,0,0,true,C2A0T1I2F0,67,INSPECT,INSPECTOR,10,true,true,1,ASSEMBLE,false
P2|N24|F|WORK|d90|p150|f40|b10,P2,24,F,WORK,90,150,40,10,68,1276,127,30,20,1,false,false,"",0,true,0,0,true,C2A0T1I2F0,67,INSPECT,INSPECTOR,10,true,true,1,ASSEMBLE,false
P2|N24|F|WORK|d90|p150|f40|b25,P2,24,F,WORK,90,150,40,25,68,1450,127,30,20,2,true,false,"",0,true,0,0,true,C2A0T1I2F0,67,INSPECT,INSPECTOR,10,true,true,1,ASSEMBLE,false
P2|N24|F|WORK|d90|p150|f40|b50,P2,24,F,WORK,90,150,40,50,68,1740,127,30,20,4,true,true,"C2A0T1I3F0[1410,57,ASSEMBLE] vs C2A0T1I2F1[1535,53,ASSEMBLE+INSPECT]",0,false,0,0,true,C2A0T1I2F0,67,INSPECT,INSPECTOR,10,true,true,1,ASSEMBLE,true
P2|N24|F|WORK|d90|p150|f60|b0,P2,24,F,WORK,90,150,60,0,88,975,127,30,20,1,false,false,"",0,true,0,0,true,C1A1T0I1F1,85,CUT|ASSEMBLE+INSPECT,FLEX_CELL,4,false,false,0,,false
P2|N24|F|WORK|d90|p150|f60|b10,P2,24,F,WORK,90,150,60,10,88,1072,127,30,20,2,true,true,"C1A1T0I1F1[975,85,CUT|ASSEMBLE+INSPECT] vs C1A0T1I2F0[1010,81,CUT]",0,false,0,0,true,C1A1T0I1F1,85,CUT|ASSEMBLE+INSPECT,FLEX_CELL,4,false,false,0,,false
P2|N24|F|WORK|d90|p150|f60|b25,P2,24,F,WORK,90,150,60,25,88,1218,127,30,20,3,true,true,"C1A1T0I1F1[975,85,CUT|ASSEMBLE+INSPECT] vs C1A0T1I2F0[1010,81,CUT]",0,false,0,0,true,C1A1T0I1F1,85,CUT|ASSEMBLE+INSPECT,FLEX_CELL,4,false,false,0,,false
P2|N24|F|WORK|d90|p150|f60|b50,P2,24,F,WORK,90,150,60,50,88,1462,127,30,20,4,true,true,"C1A1T0I1F1[975,85,CUT|ASSEMBLE+INSPECT] vs C1A0T1I2F0[1010,81,CUT]",0,false,0,0,true,C1A1T0I1F1,85,CUT|ASSEMBLE+INSPECT,FLEX_CELL,4,false,false,0,,false
P2|N24|F|WORK|d90|p150|f80|b0,P2,24,F,WORK,90,150,80,0,107,850,127,30,20,1,false,false,"",0,true,0,0,true,C1A1T0I2F0,104,ASSEMBLE,ASSEMBLER,23,true,true,1,CUT,false
P2|N24|F|WORK|d90|p150|f80|b10,P2,24,F,WORK,90,150,80,10,107,935,127,30,20,1,false,false,"",0,true,0,0,true,C1A1T0I2F0,104,ASSEMBLE,ASSEMBLER,23,true,true,1,CUT,false
P2|N24|F|WORK|d90|p150|f80|b25,P2,24,F,WORK,90,150,80,25,107,1062,127,30,20,3,true,true,"C1A1T0I2F0[850,104,ASSEMBLE] vs C1A1T0I1F1[975,85,CUT|ASSEMBLE+INSPECT]",0,false,0,0,true,C1A1T0I2F0,104,ASSEMBLE,ASSEMBLER,23,true,true,1,CUT,true
P2|N24|F|WORK|d90|p150|f80|b50,P2,24,F,WORK,90,150,80,50,107,1275,127,30,20,4,true,true,"C1A1T0I2F0[850,104,ASSEMBLE] vs C1A1T0I1F1[975,85,CUT|ASSEMBLE+INSPECT]",0,false,0,0,true,C1A1T0I2F0,104,ASSEMBLE,ASSEMBLER,23,true,true,1,CUT,true
P2|N24|F|WORK|d90|p200|f20|b0,P2,24,F,WORK,90,200,20,0,49,1760,127,30,16,1,false,false,"",0,true,0,0,true,C3A1T1I3F0,47,INSPECT,INSPECTOR,5,true,true,1,ASSEMBLE,false
P2|N24|F|WORK|d90|p200|f20|b10,P2,24,F,WORK,90,200,20,10,49,1936,127,30,16,2,true,true,"C3A1T1I3F0[1760,47,INSPECT] vs C2A1T1I4F0[1860,46,CUT]",0,false,0,0,true,C3A1T1I3F0,47,INSPECT,INSPECTOR,5,true,true,1,ASSEMBLE,true
P2|N24|F|WORK|d90|p200|f20|b25,P2,24,F,WORK,90,200,20,25,49,2200,127,30,16,4,true,true,"C3A1T1I3F0[1760,47,INSPECT] vs C2A1T1I4F0[1860,46,CUT]",0,false,0,0,true,C3A1T1I3F0,47,INSPECT,INSPECTOR,5,true,true,1,ASSEMBLE,true
P2|N24|F|WORK|d90|p200|f20|b50,P2,24,F,WORK,90,200,20,50,49,2640,127,30,16,5,true,true,"C3A1T1I3F0[1760,47,INSPECT] vs C2A1T1I4F0[1860,46,CUT]",0,false,0,0,true,C3A1T1I3F0,47,INSPECT,INSPECTOR,5,true,true,1,ASSEMBLE,true
P2|N24|F|WORK|d90|p200|f40|b0,P2,24,F,WORK,90,200,40,0,68,1160,127,30,16,1,false,false,"",0,true,0,0,true,C2A0T1I2F0,67,INSPECT,INSPECTOR,10,true,true,1,ASSEMBLE,false
P2|N24|F|WORK|d90|p200|f40|b10,P2,24,F,WORK,90,200,40,10,68,1276,127,30,16,1,false,false,"",0,true,0,0,true,C2A0T1I2F0,67,INSPECT,INSPECTOR,10,true,true,1,ASSEMBLE,false
P2|N24|F|WORK|d90|p200|f40|b25,P2,24,F,WORK,90,200,40,25,68,1450,127,30,16,2,true,false,"",0,true,0,0,true,C2A0T1I2F0,67,INSPECT,INSPECTOR,10,true,true,1,ASSEMBLE,false
P2|N24|F|WORK|d90|p200|f40|b50,P2,24,F,WORK,90,200,40,50,68,1740,127,30,16,3,true,false,"",0,true,0,0,true,C2A0T1I2F0,67,INSPECT,INSPECTOR,10,true,true,1,ASSEMBLE,false
P2|N24|F|WORK|d90|p200|f60|b0,P2,24,F,WORK,90,200,60,0,88,1010,127,30,16,1,false,false,"",0,true,0,0,true,C1A0T1I2F0,81,CUT,CUTTER,14,true,true,1,INSPECT,false
P2|N24|F|WORK|d90|p200|f60|b10,P2,24,F,WORK,90,200,60,10,88,1111,127,30,16,1,false,false,"",0,true,0,0,true,C1A0T1I2F0,81,CUT,CUTTER,14,true,true,1,INSPECT,false
P2|N24|F|WORK|d90|p200|f60|b25,P2,24,F,WORK,90,200,60,25,88,1262,127,30,16,2,true,false,"",0,true,0,0,true,C1A0T1I2F0,81,CUT,CUTTER,14,true,true,1,INSPECT,false
P2|N24|F|WORK|d90|p200|f60|b50,P2,24,F,WORK,90,200,60,50,88,1515,127,30,16,3,true,false,"",0,true,0,0,true,C1A0T1I2F0,81,CUT,CUTTER,14,true,true,1,INSPECT,false
P2|N24|F|WORK|d90|p200|f80|b0,P2,24,F,WORK,90,200,80,0,107,850,127,30,16,1,false,false,"",0,true,0,0,true,C1A1T0I2F0,104,ASSEMBLE,ASSEMBLER,23,true,true,1,CUT,false
P2|N24|F|WORK|d90|p200|f80|b10,P2,24,F,WORK,90,200,80,10,107,935,127,30,16,1,false,false,"",0,true,0,0,true,C1A1T0I2F0,104,ASSEMBLE,ASSEMBLER,23,true,true,1,CUT,false
P2|N24|F|WORK|d90|p200|f80|b25,P2,24,F,WORK,90,200,80,25,107,1062,127,30,16,2,true,false,"",0,true,0,0,true,C1A1T0I2F0,104,ASSEMBLE,ASSEMBLER,23,true,true,1,CUT,false
P2|N24|F|WORK|d90|p200|f80|b50,P2,24,F,WORK,90,200,80,50,107,1275,127,30,16,3,true,false,"",0,true,0,0,true,C1A1T0I2F0,104,ASSEMBLE,ASSEMBLER,23,true,true,1,CUT,false
P2|N24|F|WORK|d100|p100|f20|b0,P2,24,F,WORK,100,100,20,0,49,1700,127,30,24,1,false,false,"",0,true,1,1,true,C2A0T1I1F3,46,CUT|ASSEMBLE+INSPECT,FLEX_CELL,1,false,false,0,,false
P2|N24|F|WORK|d100|p100|f20|b10,P2,24,F,WORK,100,100,20,10,49,1870,127,30,24,1,false,false,"",0,true,1,1,true,C2A0T1I1F3,46,CUT|ASSEMBLE+INSPECT,FLEX_CELL,1,false,false,0,,false
P2|N24|F|WORK|d100|p100|f20|b25,P2,24,F,WORK,100,100,20,25,49,2125,127,30,24,4,true,true,"C2A0T1I1F3[1700,46,CUT|ASSEMBLE+INSPECT] vs C3A1T0I2F3[1900,43,ASSEMBLE+INSPECT]",8,false,3,2,true,C2A0T1I1F3,46,CUT|ASSEMBLE+INSPECT,FLEX_CELL,1,false,false,0,,false
P2|N24|F|WORK|d100|p100|f20|b50,P2,24,F,WORK,100,100,20,50,49,2550,127,30,24,7,true,true,"C2A0T1I1F3[1700,46,CUT|ASSEMBLE+INSPECT] vs C3A1T0I2F3[1900,43,ASSEMBLE+INSPECT]",20,false,6,2,true,C2A0T1I1F3,46,CUT|ASSEMBLE+INSPECT,FLEX_CELL,1,false,false,0,,false
P2|N24|F|WORK|d100|p100|f40|b0,P2,24,F,WORK,100,100,40,0,68,1200,127,30,24,1,false,false,"",0,true,1,0,true,C2A0T1I2F0,67,INSPECT,INSPECTOR,10,true,true,1,ASSEMBLE,false
P2|N24|F|WORK|d100|p100|f40|b10,P2,24,F,WORK,100,100,40,10,68,1320,127,30,24,2,true,true,"C2A0T1I2F0[1200,67,INSPECT] vs C2A1T0I1F2[1250,62,ASSEMBLE+INSPECT]",0,false,1,0,true,C2A0T1I2F0,67,INSPECT,INSPECTOR,10,true,true,1,ASSEMBLE,true
P2|N24|F|WORK|d100|p100|f40|b25,P2,24,F,WORK,100,100,40,25,68,1500,127,30,24,4,true,true,"C2A0T1I2F0[1200,67,INSPECT] vs C2A1T0I1F2[1250,62,ASSEMBLE+INSPECT]",2,false,2,0,true,C2A0T1I2F0,67,INSPECT,INSPECTOR,10,true,true,1,ASSEMBLE,true
P2|N24|F|WORK|d100|p100|f40|b50,P2,24,F,WORK,100,100,40,50,68,1800,127,30,24,6,true,true,"C2A0T1I2F0[1200,67,INSPECT] vs C2A1T0I1F2[1250,62,ASSEMBLE+INSPECT]",10,false,4,2,true,C2A0T1I2F0,67,INSPECT,INSPECTOR,10,true,true,1,ASSEMBLE,true
P2|N24|F|WORK|d100|p100|f60|b0,P2,24,F,WORK,100,100,60,0,88,850,127,30,24,1,false,false,"",0,true,0,0,true,C1A1T0I0F2,83,CUT|ASSEMBLE+INSPECT,INSPECTOR,2,false,false,0,,false
P2|N24|F|WORK|d100|p100|f60|b10,P2,24,F,WORK,100,100,60,10,88,935,127,30,24,2,true,false,"",1,false,0,0,true,C1A1T0I0F2,83,CUT|ASSEMBLE+INSPECT,INSPECTOR,2,false,false,0,,false
P2|N24|F|WORK|d100|p100|f60|b25,P2,24,F,WORK,100,100,60,25,88,1062,127,30,24,3,true,true,"C1A1T0I0F2[850,83,CUT|ASSEMBLE+INSPECT] vs C2A0T0I0F3[1050,78,ASSEMBLE+INSPECT]",1,false,0,0,true,C1A1T0I0F2,83,CUT|ASSEMBLE+INSPECT,INSPECTOR,2,false,false,0,,false
P2|N24|F|WORK|d100|p100|f60|b50,P2,24,F,WORK,100,100,60,50,88,1275,127,30,24,5,true,true,"C1A1T0I0F2[850,83,CUT|ASSEMBLE+INSPECT] vs C2A0T0I0F3[1050,78,ASSEMBLE+INSPECT]",1,false,1,0,true,C1A1T0I0F2,83,CUT|ASSEMBLE+INSPECT,INSPECTOR,2,false,false,0,,false
P2|N24|F|WORK|d100|p100|f80|b0,P2,24,F,WORK,100,100,80,0,107,850,127,30,24,1,false,false,"",0,true,0,0,true,C1A1T0I0F2,83,CUT|ASSEMBLE+INSPECT,INSPECTOR,2,false,false,0,,false
P2|N24|F|WORK|d100|p100|f80|b10,P2,24,F,WORK,100,100,80,10,107,935,127,30,24,2,true,false,"",1,false,0,0,true,C1A1T0I0F2,83,CUT|ASSEMBLE+INSPECT,INSPECTOR,2,false,false,0,,false
P2|N24|F|WORK|d100|p100|f80|b25,P2,24,F,WORK,100,100,80,25,107,1062,127,30,24,3,true,true,"C1A1T0I0F2[850,83,CUT|ASSEMBLE+INSPECT] vs C2A0T0I0F3[1050,78,ASSEMBLE+INSPECT]",1,false,0,0,true,C1A1T0I0F2,83,CUT|ASSEMBLE+INSPECT,INSPECTOR,2,false,false,0,,false
P2|N24|F|WORK|d100|p100|f80|b50,P2,24,F,WORK,100,100,80,50,107,1275,127,30,24,5,true,true,"C1A1T0I0F2[850,83,CUT|ASSEMBLE+INSPECT] vs C2A0T0I0F3[1050,78,ASSEMBLE+INSPECT]",1,false,1,0,true,C1A1T0I0F2,83,CUT|ASSEMBLE+INSPECT,INSPECTOR,2,false,false,0,,false
P2|N24|F|WORK|d100|p125|f20|b0,P2,24,F,WORK,100,125,20,0,49,1763,127,30,26,1,false,false,"",0,true,1,0,true,C2A0T1I3F1,47,CUT|ASSEMBLE+INSPECT,ASSEMBLER,1,false,false,0,,false
P2|N24|F|WORK|d100|p125|f20|b10,P2,24,F,WORK,100,125,20,10,49,1939,127,30,26,2,true,false,"",4,false,2,0,true,C2A0T1I3F1,47,CUT|ASSEMBLE+INSPECT,ASSEMBLER,1,false,false,0,,false
P2|N24|F|WORK|d100|p125|f20|b25,P2,24,F,WORK,100,125,20,25,49,2203,127,30,26,4,true,true,"C2A0T1I3F1[1763,47,CUT|ASSEMBLE+INSPECT] vs C3A1T1I4F0[2050,42,ASSEMBLE]",8,false,4,0,true,C2A0T1I3F1,47,CUT|ASSEMBLE+INSPECT,ASSEMBLER,1,false,false,0,,false
P2|N24|F|WORK|d100|p125|f20|b50,P2,24,F,WORK,100,125,20,50,49,2644,127,30,26,8,true,true,"C2A0T1I3F1[1763,47,CUT|ASSEMBLE+INSPECT] vs C3A1T1I4F0[2050,42,ASSEMBLE]",22,false,8,0,true,C2A0T1I3F1,47,CUT|ASSEMBLE+INSPECT,ASSEMBLER,1,false,false,0,,false
P2|N24|F|WORK|d100|p125|f40|b0,P2,24,F,WORK,100,125,40,0,68,1200,127,30,26,1,false,false,"",0,true,1,0,true,C2A0T1I2F0,67,INSPECT,INSPECTOR,10,true,true,1,ASSEMBLE,false
P2|N24|F|WORK|d100|p125|f40|b10,P2,24,F,WORK,100,125,40,10,68,1320,127,30,26,1,false,false,"",0,true,1,0,true,C2A0T1I2F0,67,INSPECT,INSPECTOR,10,true,true,1,ASSEMBLE,false
P2|N24|F|WORK|d100|p125|f40|b25,P2,24,F,WORK,100,125,40,25,68,1500,127,30,26,3,true,true,"C2A0T1I2F0[1200,67,INSPECT] vs C2A1T0I1F2[1376,62,ASSEMBLE+INSPECT]",0,false,2,0,true,C2A0T1I2F0,67,INSPECT,INSPECTOR,10,true,true,1,ASSEMBLE,true
P2|N24|F|WORK|d100|p125|f40|b50,P2,24,F,WORK,100,125,40,50,68,1800,127,30,26,6,true,true,"C2A0T1I2F0[1200,67,INSPECT] vs C2A1T0I1F2[1376,62,ASSEMBLE+INSPECT]",0,false,5,0,true,C2A0T1I2F0,67,INSPECT,INSPECTOR,10,true,true,1,ASSEMBLE,true
P2|N24|F|WORK|d100|p125|f60|b0,P2,24,F,WORK,100,125,60,0,88,913,127,30,26,1,false,false,"",0,true,0,0,true,C1A1T0I1F1,85,CUT|ASSEMBLE+INSPECT,FLEX_CELL,4,false,false,0,,false
P2|N24|F|WORK|d100|p125|f60|b10,P2,24,F,WORK,100,125,60,10,88,1004,127,30,26,2,true,false,"",1,false,0,0,true,C1A1T0I1F1,85,CUT|ASSEMBLE+INSPECT,FLEX_CELL,4,false,false,0,,false
P2|N24|F|WORK|d100|p125|f60|b25,P2,24,F,WORK,100,125,60,25,88,1141,127,30,26,3,true,true,"C1A1T0I1F1[913,85,CUT|ASSEMBLE+INSPECT] vs C1A0T1I2F0[1050,81,CUT]",1,false,1,0,true,C1A1T0I1F1,85,CUT|ASSEMBLE+INSPECT,FLEX_CELL,4,false,false,0,,false
P2|N24|F|WORK|d100|p125|f60|b50,P2,24,F,WORK,100,125,60,50,88,1369,127,30,26,4,true,true,"C1A1T0I1F1[913,85,CUT|ASSEMBLE+INSPECT] vs C1A0T1I2F0[1050,81,CUT]",1,false,2,0,true,C1A1T0I1F1,85,CUT|ASSEMBLE+INSPECT,FLEX_CELL,4,false,false,0,,false
P2|N24|F|WORK|d100|p125|f80|b0,P2,24,F,WORK,100,125,80,0,107,850,127,30,26,1,false,false,"",0,true,0,0,true,C1A1T0I2F0,104,ASSEMBLE,ASSEMBLER,23,true,true,1,CUT,false
P2|N24|F|WORK|d100|p125|f80|b10,P2,24,F,WORK,100,125,80,10,107,935,127,30,26,2,true,true,"C1A1T0I2F0[850,104,ASSEMBLE] vs C1A1T0I1F1[913,85,CUT|ASSEMBLE+INSPECT]",0,false,0,0,true,C1A1T0I2F0,104,ASSEMBLE,ASSEMBLER,23,true,true,1,CUT,true
P2|N24|F|WORK|d100|p125|f80|b25,P2,24,F,WORK,100,125,80,25,107,1062,127,30,26,4,true,true,"C1A1T0I2F0[850,104,ASSEMBLE] vs C1A1T0I1F1[913,85,CUT|ASSEMBLE+INSPECT]",1,false,1,0,true,C1A1T0I2F0,104,ASSEMBLE,ASSEMBLER,23,true,true,1,CUT,true
P2|N24|F|WORK|d100|p125|f80|b50,P2,24,F,WORK,100,125,80,50,107,1275,127,30,26,5,true,true,"C1A1T0I2F0[850,104,ASSEMBLE] vs C1A1T0I1F1[913,85,CUT|ASSEMBLE+INSPECT]",1,false,2,0,true,C1A1T0I2F0,104,ASSEMBLE,ASSEMBLER,23,true,true,1,CUT,true
P2|N24|F|WORK|d100|p150|f20|b0,P2,24,F,WORK,100,150,20,0,49,1800,127,30,22,1,false,false,"",0,true,1,0,true,C3A1T1I3F0,47,INSPECT,INSPECTOR,5,true,true,1,ASSEMBLE,false
P2|N24|F|WORK|d100|p150|f20|b10,P2,24,F,WORK,100,150,20,10,49,1980,127,30,22,2,true,true,"C3A1T1I3F0[1800,47,INSPECT] vs C2A1T1I4F0[1900,46,CUT]",0,false,2,0,true,C3A1T1I3F0,47,INSPECT,INSPECTOR,5,true,true,1,ASSEMBLE,true
P2|N24|F|WORK|d100|p150|f20|b25,P2,24,F,WORK,100,150,20,25,49,2250,127,30,22,5,true,true,"C3A1T1I3F0[1800,47,INSPECT] vs C2A1T1I4F0[1900,46,CUT]",4,false,5,0,true,C3A1T1I3F0,47,INSPECT,INSPECTOR,5,true,true,1,ASSEMBLE,true
P2|N24|F|WORK|d100|p150|f20|b50,P2,24,F,WORK,100,150,20,50,49,2700,127,30,22,7,true,true,"C3A1T1I3F0[1800,47,INSPECT] vs C2A1T1I4F0[1900,46,CUT]",4,false,7,0,true,C3A1T1I3F0,47,INSPECT,INSPECTOR,5,true,true,1,ASSEMBLE,true
P2|N24|F|WORK|d100|p150|f40|b0,P2,24,F,WORK,100,150,40,0,68,1200,127,30,22,1,false,false,"",0,true,1,0,true,C2A0T1I2F0,67,INSPECT,INSPECTOR,10,true,true,1,ASSEMBLE,false
P2|N24|F|WORK|d100|p150|f40|b10,P2,24,F,WORK,100,150,40,10,68,1320,127,30,22,1,false,false,"",0,true,1,0,true,C2A0T1I2F0,67,INSPECT,INSPECTOR,10,true,true,1,ASSEMBLE,false
P2|N24|F|WORK|d100|p150|f40|b25,P2,24,F,WORK,100,150,40,25,68,1500,127,30,22,2,true,false,"",0,true,2,0,true,C2A0T1I2F0,67,INSPECT,INSPECTOR,10,true,true,1,ASSEMBLE,false
P2|N24|F|WORK|d100|p150|f40|b50,P2,24,F,WORK,100,150,40,50,68,1800,127,30,22,5,true,true,"C2A0T1I3F0[1450,57,ASSEMBLE] vs C2A0T1I2F1[1575,53,ASSEMBLE+INSPECT]",0,false,5,0,true,C2A0T1I2F0,67,INSPECT,INSPECTOR,10,true,true,1,ASSEMBLE,true
P2|N24|F|WORK|d100|p150|f60|b0,P2,24,F,WORK,100,150,60,0,88,975,127,30,22,1,false,false,"",0,true,0,0,true,C1A1T0I1F1,85,CUT|ASSEMBLE+INSPECT,FLEX_CELL,4,false,false,0,,false
P2|N24|F|WORK|d100|p150|f60|b10,P2,24,F,WORK,100,150,60,10,88,1072,127,30,22,2,true,true,"C1A1T0I1F1[975,85,CUT|ASSEMBLE+INSPECT] vs C1A0T1I2F0[1050,81,CUT]",0,false,1,0,true,C1A1T0I1F1,85,CUT|ASSEMBLE+INSPECT,FLEX_CELL,4,false,false,0,,false
P2|N24|F|WORK|d100|p150|f60|b25,P2,24,F,WORK,100,150,60,25,88,1218,127,30,22,3,true,true,"C1A1T0I1F1[975,85,CUT|ASSEMBLE+INSPECT] vs C1A0T1I2F0[1050,81,CUT]",0,false,2,0,true,C1A1T0I1F1,85,CUT|ASSEMBLE+INSPECT,FLEX_CELL,4,false,false,0,,false
P2|N24|F|WORK|d100|p150|f60|b50,P2,24,F,WORK,100,150,60,50,88,1462,127,30,22,4,true,true,"C1A1T0I1F1[975,85,CUT|ASSEMBLE+INSPECT] vs C1A0T1I2F0[1050,81,CUT]",0,false,3,0,true,C1A1T0I1F1,85,CUT|ASSEMBLE+INSPECT,FLEX_CELL,4,false,false,0,,false
P2|N24|F|WORK|d100|p150|f80|b0,P2,24,F,WORK,100,150,80,0,107,850,127,30,22,1,false,false,"",0,true,0,0,true,C1A1T0I2F0,104,ASSEMBLE,ASSEMBLER,23,true,true,1,CUT,false
P2|N24|F|WORK|d100|p150|f80|b10,P2,24,F,WORK,100,150,80,10,107,935,127,30,22,1,false,false,"",0,true,0,0,true,C1A1T0I2F0,104,ASSEMBLE,ASSEMBLER,23,true,true,1,CUT,false
P2|N24|F|WORK|d100|p150|f80|b25,P2,24,F,WORK,100,150,80,25,107,1062,127,30,22,3,true,true,"C1A1T0I2F0[850,104,ASSEMBLE] vs C1A1T0I1F1[975,85,CUT|ASSEMBLE+INSPECT]",0,false,1,0,true,C1A1T0I2F0,104,ASSEMBLE,ASSEMBLER,23,true,true,1,CUT,true
P2|N24|F|WORK|d100|p150|f80|b50,P2,24,F,WORK,100,150,80,50,107,1275,127,30,22,4,true,true,"C1A1T0I2F0[850,104,ASSEMBLE] vs C1A1T0I1F1[975,85,CUT|ASSEMBLE+INSPECT]",0,false,2,0,true,C1A1T0I2F0,104,ASSEMBLE,ASSEMBLER,23,true,true,1,CUT,true
P2|N24|F|WORK|d100|p200|f20|b0,P2,24,F,WORK,100,200,20,0,49,1800,127,30,16,1,false,false,"",0,true,1,0,true,C3A1T1I3F0,47,INSPECT,INSPECTOR,5,true,true,1,ASSEMBLE,false
P2|N24|F|WORK|d100|p200|f20|b10,P2,24,F,WORK,100,200,20,10,49,1980,127,30,16,2,true,true,"C3A1T1I3F0[1800,47,INSPECT] vs C2A1T1I4F0[1900,46,CUT]",0,false,2,0,true,C3A1T1I3F0,47,INSPECT,INSPECTOR,5,true,true,1,ASSEMBLE,true
P2|N24|F|WORK|d100|p200|f20|b25,P2,24,F,WORK,100,200,20,25,49,2250,127,30,16,4,true,true,"C3A1T1I3F0[1800,47,INSPECT] vs C2A1T1I4F0[1900,46,CUT]",0,false,4,0,true,C3A1T1I3F0,47,INSPECT,INSPECTOR,5,true,true,1,ASSEMBLE,true
P2|N24|F|WORK|d100|p200|f20|b50,P2,24,F,WORK,100,200,20,50,49,2700,127,30,16,5,true,true,"C3A1T1I3F0[1800,47,INSPECT] vs C2A1T1I4F0[1900,46,CUT]",0,false,5,0,true,C3A1T1I3F0,47,INSPECT,INSPECTOR,5,true,true,1,ASSEMBLE,true
P2|N24|F|WORK|d100|p200|f40|b0,P2,24,F,WORK,100,200,40,0,68,1200,127,30,16,1,false,false,"",0,true,1,0,true,C2A0T1I2F0,67,INSPECT,INSPECTOR,10,true,true,1,ASSEMBLE,false
P2|N24|F|WORK|d100|p200|f40|b10,P2,24,F,WORK,100,200,40,10,68,1320,127,30,16,1,false,false,"",0,true,1,0,true,C2A0T1I2F0,67,INSPECT,INSPECTOR,10,true,true,1,ASSEMBLE,false
P2|N24|F|WORK|d100|p200|f40|b25,P2,24,F,WORK,100,200,40,25,68,1500,127,30,16,2,true,false,"",0,true,2,0,true,C2A0T1I2F0,67,INSPECT,INSPECTOR,10,true,true,1,ASSEMBLE,false
P2|N24|F|WORK|d100|p200|f40|b50,P2,24,F,WORK,100,200,40,50,68,1800,127,30,16,4,true,false,"",0,false,4,0,true,C2A0T1I2F0,67,INSPECT,INSPECTOR,10,true,true,1,ASSEMBLE,false
P2|N24|F|WORK|d100|p200|f60|b0,P2,24,F,WORK,100,200,60,0,88,1050,127,30,16,1,false,false,"",0,true,1,0,true,C1A0T1I2F0,81,CUT,CUTTER,14,true,true,1,INSPECT,false
P2|N24|F|WORK|d100|p200|f60|b10,P2,24,F,WORK,100,200,60,10,88,1155,127,30,16,1,false,false,"",0,true,1,0,true,C1A0T1I2F0,81,CUT,CUTTER,14,true,true,1,INSPECT,false
P2|N24|F|WORK|d100|p200|f60|b25,P2,24,F,WORK,100,200,60,25,88,1312,127,30,16,2,true,false,"",0,true,2,0,true,C1A0T1I2F0,81,CUT,CUTTER,14,true,true,1,INSPECT,false
P2|N24|F|WORK|d100|p200|f60|b50,P2,24,F,WORK,100,200,60,50,88,1575,127,30,16,3,true,false,"",0,true,3,0,true,C1A0T1I2F0,81,CUT,CUTTER,14,true,true,1,INSPECT,false
P2|N24|F|WORK|d100|p200|f80|b0,P2,24,F,WORK,100,200,80,0,107,850,127,30,16,1,false,false,"",0,true,0,0,true,C1A1T0I2F0,104,ASSEMBLE,ASSEMBLER,23,true,true,1,CUT,false
P2|N24|F|WORK|d100|p200|f80|b10,P2,24,F,WORK,100,200,80,10,107,935,127,30,16,1,false,false,"",0,true,0,0,true,C1A1T0I2F0,104,ASSEMBLE,ASSEMBLER,23,true,true,1,CUT,false
P2|N24|F|WORK|d100|p200|f80|b25,P2,24,F,WORK,100,200,80,25,107,1062,127,30,16,2,true,false,"",0,true,1,0,true,C1A1T0I2F0,104,ASSEMBLE,ASSEMBLER,23,true,true,1,CUT,false
P2|N24|F|WORK|d100|p200|f80|b50,P2,24,F,WORK,100,200,80,50,107,1275,127,30,16,3,true,false,"",0,true,2,0,true,C1A1T0I2F0,104,ASSEMBLE,ASSEMBLER,23,true,true,1,CUT,false
