design,cutters,assemblers,twins,inspectors,flex,provision,completion,active,occupancy,sharedDualUse
C1A0T0I0F1,1,0,0,0,1,"(1,0,0,1)",110,ASSEMBLE+INSPECT,CUT=24/110;ASSEMBLE+INSPECT=108/110,true
C1A0T0I0F2,1,0,0,0,2,"(1,0,0,2)",58,ASSEMBLE+INSPECT,CUT=24/58;ASSEMBLE+INSPECT=108/116,true
C1A0T0I0F3,1,0,0,0,3,"(1,0,0,3)",42,ASSEMBLE+INSPECT,CUT=24/42;ASSEMBLE+INSPECT=108/126,true
C1A0T0I1F1,1,0,0,1,1,"(1,0,1,1)",77,ASSEMBLE+INSPECT,CUT=24/77;ASSEMBLE+INSPECT=108/154,true
C1A0T0I1F2,1,0,0,1,2,"(1,0,1,2)",49,ASSEMBLE+INSPECT,CUT=24/49;ASSEMBLE+INSPECT=108/147,true
C1A0T0I1F3,1,0,0,1,3,"(1,0,1,3)",39,ASSEMBLE+INSPECT,CUT=24/39;ASSEMBLE+INSPECT=108/156,true
C1A0T0I2F1,1,0,0,2,1,"(1,0,2,1)",77,ASSEMBLE+INSPECT,CUT=24/77;ASSEMBLE+INSPECT=108/231,true
C1A0T0I2F2,1,0,0,2,2,"(1,0,2,2)",43,ASSEMBLE+INSPECT,CUT=24/43;ASSEMBLE+INSPECT=108/172,true
C1A0T0I2F3,1,0,0,2,3,"(1,0,2,3)",36,CUT,CUT=24/36;ASSEMBLE+INSPECT=108/180,true
C1A0T0I3F1,1,0,0,3,1,"(1,0,3,1)",77,ASSEMBLE+INSPECT,CUT=24/77;ASSEMBLE+INSPECT=108/308,true
C1A0T0I3F2,1,0,0,3,2,"(1,0,3,2)",43,CUT,CUT=24/43;ASSEMBLE+INSPECT=108/215,true
C1A0T0I3F3,1,0,0,3,3,"(1,0,3,3)",36,CUT,CUT=24/36;ASSEMBLE+INSPECT=108/216,true
C1A0T0I4F1,1,0,0,4,1,"(1,0,4,1)",77,CUT,CUT=24/77;ASSEMBLE+INSPECT=108/385,true
C1A0T0I4F2,1,0,0,4,2,"(1,0,4,2)",43,CUT,CUT=24/43;ASSEMBLE+INSPECT=108/258,true
C1A0T0I4F3,1,0,0,4,3,"(1,0,4,3)",36,CUT,CUT=24/36;ASSEMBLE+INSPECT=108/252,true
C1A0T1I0F1,1,0,1,0,1,"(1,2,0,1)",44,ASSEMBLE+INSPECT,CUT=24/44;ASSEMBLE+INSPECT=108/132,true
C1A0T1I0F2,1,0,1,0,2,"(1,2,0,2)",37,ASSEMBLE+INSPECT,CUT=24/37;ASSEMBLE+INSPECT=108/148,true
C1A0T1I0F3,1,0,1,0,3,"(1,2,0,3)",33,CUT,CUT=24/33;ASSEMBLE+INSPECT=108/165,true
C1A0T1I1F0,1,0,1,1,0,"(1,2,1,0)",44,ASSEMBLE|INSPECT,CUT=24/44;ASSEMBLE=72/88;INSPECT=36/44,false
C1A0T1I1F1,1,0,1,1,1,"(1,2,1,1)",37,ASSEMBLE+INSPECT,CUT=24/37;ASSEMBLE+INSPECT=108/148,true
C1A0T1I1F2,1,0,1,1,2,"(1,2,1,2)",33,CUT,CUT=24/33;ASSEMBLE+INSPECT=108/165,true
C1A0T1I1F3,1,0,1,1,3,"(1,2,1,3)",33,CUT,CUT=24/33;ASSEMBLE+INSPECT=108/198,true
C1A0T1I2F0,1,0,1,2,0,"(1,2,2,0)",43,ASSEMBLE,CUT=24/43;ASSEMBLE=72/86;INSPECT=36/86,false
C1A0T1I2F1,1,0,1,2,1,"(1,2,2,1)",33,CUT,CUT=24/33;ASSEMBLE+INSPECT=108/165,true
C1A0T1I2F2,1,0,1,2,2,"(1,2,2,2)",33,CUT,CUT=24/33;ASSEMBLE+INSPECT=108/198,true
C1A0T1I2F3,1,0,1,2,3,"(1,2,2,3)",33,CUT,CUT=24/33;ASSEMBLE+INSPECT=108/231,true
C1A0T1I3F0,1,0,1,3,0,"(1,2,3,0)",43,ASSEMBLE,CUT=24/43;ASSEMBLE=72/86;INSPECT=36/129,false
C1A0T1I3F1,1,0,1,3,1,"(1,2,3,1)",33,CUT,CUT=24/33;ASSEMBLE+INSPECT=108/198,true
C1A0T1I3F2,1,0,1,3,2,"(1,2,3,2)",33,CUT,CUT=24/33;ASSEMBLE+INSPECT=108/231,true
C1A0T1I3F3,1,0,1,3,3,"(1,2,3,3)",33,CUT,CUT=24/33;ASSEMBLE+INSPECT=108/264,true
C1A0T1I4F0,1,0,1,4,0,"(1,2,4,0)",43,ASSEMBLE,CUT=24/43;ASSEMBLE=72/86;INSPECT=36/172,false
C1A0T1I4F1,1,0,1,4,1,"(1,2,4,1)",33,CUT,CUT=24/33;ASSEMBLE+INSPECT=108/231,true
C1A0T1I4F2,1,0,1,4,2,"(1,2,4,2)",33,CUT,CUT=24/33;ASSEMBLE+INSPECT=108/264,true
C1A0T1I4F3,1,0,1,4,3,"(1,2,4,3)",33,CUT,CUT=24/33;ASSEMBLE+INSPECT=108/297,true
C1A0T2I0F1,1,0,2,0,1,"(1,4,0,1)",44,CUT,CUT=24/44;ASSEMBLE+INSPECT=108/220,true
C1A0T2I0F2,1,0,2,0,2,"(1,4,0,2)",33,CUT,CUT=24/33;ASSEMBLE+INSPECT=108/198,true
C1A0T2I0F3,1,0,2,0,3,"(1,4,0,3)",33,CUT,CUT=24/33;ASSEMBLE+INSPECT=108/231,true
C1A0T2I1F0,1,0,2,1,0,"(1,4,1,0)",44,INSPECT,CUT=24/44;ASSEMBLE=72/176;INSPECT=36/44,false
C1A0T2I1F1,1,0,2,1,1,"(1,4,1,1)",33,CUT,CUT=24/33;ASSEMBLE+INSPECT=108/198,true
C1A0T2I1F2,1,0,2,1,2,"(1,4,1,2)",33,CUT,CUT=24/33;ASSEMBLE+INSPECT=108/231,true
C1A0T2I1F3,1,0,2,1,3,"(1,4,1,3)",33,CUT,CUT=24/33;ASSEMBLE+INSPECT=108/264,true
C1A0T2I2F0,1,0,2,2,0,"(1,4,2,0)",33,CUT,CUT=24/33;ASSEMBLE=72/132;INSPECT=36/66,false
C1A0T2I2F1,1,0,2,2,1,"(1,4,2,1)",33,CUT,CUT=24/33;ASSEMBLE+INSPECT=108/231,true
C1A0T2I2F2,1,0,2,2,2,"(1,4,2,2)",33,CUT,CUT=24/33;ASSEMBLE+INSPECT=108/264,true
C1A0T2I2F3,1,0,2,2,3,"(1,4,2,3)",33,CUT,CUT=24/33;ASSEMBLE+INSPECT=108/297,true
C1A0T2I3F0,1,0,2,3,0,"(1,4,3,0)",33,CUT,CUT=24/33;ASSEMBLE=72/132;INSPECT=36/99,false
C1A0T2I3F1,1,0,2,3,1,"(1,4,3,1)",33,CUT,CUT=24/33;ASSEMBLE+INSPECT=108/264,true
C1A0T2I3F2,1,0,2,3,2,"(1,4,3,2)",33,CUT,CUT=24/33;ASSEMBLE+INSPECT=108/297,true
C1A0T2I3F3,1,0,2,3,3,"(1,4,3,3)",33,CUT,CUT=24/33;ASSEMBLE+INSPECT=108/330,true
C1A0T2I4F0,1,0,2,4,0,"(1,4,4,0)",33,CUT,CUT=24/33;ASSEMBLE=72/132;INSPECT=36/132,false
C1A0T2I4F1,1,0,2,4,1,"(1,4,4,1)",33,CUT,CUT=24/33;ASSEMBLE+INSPECT=108/297,true
C1A0T2I4F2,1,0,2,4,2,"(1,4,4,2)",33,CUT,CUT=24/33;ASSEMBLE+INSPECT=108/330,true
C1A0T2I4F3,1,0,2,4,3,"(1,4,4,3)",33,CUT,CUT=24/33;ASSEMBLE+INSPECT=108/363,true
C1A0T3I0F1,1,0,3,0,1,"(1,6,0,1)",44,CUT,CUT=24/44;ASSEMBLE+INSPECT=108/308,true
C1A0T3I0F2,1,0,3,0,2,"(1,6,0,2)",33,CUT,CUT=24/33;ASSEMBLE+INSPECT=108/264,true
C1A0T3I0F3,1,0,3,0,3,"(1,6,0,3)",33,CUT,CUT=24/33;ASSEMBLE+INSPECT=108/297,true
C1A0T3I1F0,1,0,3,1,0,"(1,6,1,0)",44,INSPECT,CUT=24/44;ASSEMBLE=72/264;INSPECT=36/44,false
C1A0T3I1F1,1,0,3,1,1,"(1,6,1,1)",33,CUT,CUT=24/33;ASSEMBLE+INSPECT=108/264,true
C1A0T3I1F2,1,0,3,1,2,"(1,6,1,2)",33,CUT,CUT=24/33;ASSEMBLE+INSPECT=108/297,true
C1A0T3I1F3,1,0,3,1,3,"(1,6,1,3)",33,CUT,CUT=24/33;ASSEMBLE+INSPECT=108/330,true
C1A0T3I2F0,1,0,3,2,0,"(1,6,2,0)",33,CUT,CUT=24/33;ASSEMBLE=72/198;INSPECT=36/66,false
C1A0T3I2F1,1,0,3,2,1,"(1,6,2,1)",33,CUT,CUT=24/33;ASSEMBLE+INSPECT=108/297,true
C1A0T3I2F2,1,0,3,2,2,"(1,6,2,2)",33,CUT,CUT=24/33;ASSEMBLE+INSPECT=108/330,true
C1A0T3I2F3,1,0,3,2,3,"(1,6,2,3)",33,CUT,CUT=24/33;ASSEMBLE+INSPECT=108/363,true
C1A0T3I3F0,1,0,3,3,0,"(1,6,3,0)",33,CUT,CUT=24/33;ASSEMBLE=72/198;INSPECT=36/99,false
C1A0T3I3F1,1,0,3,3,1,"(1,6,3,1)",33,CUT,CUT=24/33;ASSEMBLE+INSPECT=108/330,true
C1A0T3I3F2,1,0,3,3,2,"(1,6,3,2)",33,CUT,CUT=24/33;ASSEMBLE+INSPECT=108/363,true
C1A0T3I3F3,1,0,3,3,3,"(1,6,3,3)",33,CUT,CUT=24/33;ASSEMBLE+INSPECT=108/396,true
C1A0T3I4F0,1,0,3,4,0,"(1,6,4,0)",33,CUT,CUT=24/33;ASSEMBLE=72/198;INSPECT=36/132,false
C1A0T3I4F1,1,0,3,4,1,"(1,6,4,1)",33,CUT,CUT=24/33;ASSEMBLE+INSPECT=108/363,true
C1A0T3I4F2,1,0,3,4,2,"(1,6,4,2)",33,CUT,CUT=24/33;ASSEMBLE+INSPECT=108/396,true
C1A0T3I4F3,1,0,3,4,3,"(1,6,4,3)",33,CUT,CUT=24/33;ASSEMBLE+INSPECT=108/429,true
C1A1T0I0F1,1,1,0,0,1,"(1,1,0,1)",62,ASSEMBLE+INSPECT,CUT=24/62;ASSEMBLE+INSPECT=108/124,true
C1A1T0I0F2,1,1,0,0,2,"(1,1,0,2)",43,ASSEMBLE+INSPECT,CUT=24/43;ASSEMBLE+INSPECT=108/129,true
C1A1T0I0F3,1,1,0,0,3,"(1,1,0,3)",35,ASSEMBLE+INSPECT,CUT=24/35;ASSEMBLE+INSPECT=108/140,true
C1A1T0I1F0,1,1,0,1,0,"(1,1,1,0)",77,ASSEMBLE,CUT=24/77;ASSEMBLE=72/77;INSPECT=36/77,false
C1A1T0I1F1,1,1,0,1,1,"(1,1,1,1)",49,ASSEMBLE+INSPECT,CUT=24/49;ASSEMBLE+INSPECT=108/147,true
C1A1T0I1F2,1,1,0,1,2,"(1,1,1,2)",39,ASSEMBLE+INSPECT,CUT=24/39;ASSEMBLE+INSPECT=108/156,true
C1A1T0I1F3,1,1,0,1,3,"(1,1,1,3)",34,CUT,CUT=24/34;ASSEMBLE+INSPECT=108/170,true
C1A1T0I2F0,1,1,0,2,0,"(1,1,2,0)",77,ASSEMBLE,CUT=24/77;ASSEMBLE=72/77;INSPECT=36/154,false
C1A1T0I2F1,1,1,0,2,1,"(1,1,2,1)",43,ASSEMBLE+INSPECT,CUT=24/43;ASSEMBLE+INSPECT=108/172,true
C1A1T0I2F2,1,1,0,2,2,"(1,1,2,2)",33,CUT,CUT=24/33;ASSEMBLE+INSPECT=108/165,true
C1A1T0I2F3,1,1,0,2,3,"(1,1,2,3)",34,CUT,CUT=24/34;ASSEMBLE+INSPECT=108/204,true
C1A1T0I3F0,1,1,0,3,0,"(1,1,3,0)",77,ASSEMBLE,CUT=24/77;ASSEMBLE=72/77;INSPECT=36/231,false
C1A1T0I3F1,1,1,0,3,1,"(1,1,3,1)",43,CUT,CUT=24/43;ASSEMBLE+INSPECT=108/215,true
C1A1T0I3F2,1,1,0,3,2,"(1,1,3,2)",33,CUT,CUT=24/33;ASSEMBLE+INSPECT=108/198,true
C1A1T0I3F3,1,1,0,3,3,"(1,1,3,3)",34,CUT,CUT=24/34;ASSEMBLE+INSPECT=108/238,true
C1A1T0I4F0,1,1,0,4,0,"(1,1,4,0)",77,ASSEMBLE,CUT=24/77;ASSEMBLE=72/77;INSPECT=36/308,false
C1A1T0I4F1,1,1,0,4,1,"(1,1,4,1)",43,CUT,CUT=24/43;ASSEMBLE+INSPECT=108/258,true
C1A1T0I4F2,1,1,0,4,2,"(1,1,4,2)",33,CUT,CUT=24/33;ASSEMBLE+INSPECT=108/231,true
C1A1T0I4F3,1,1,0,4,3,"(1,1,4,3)",34,CUT,CUT=24/34;ASSEMBLE+INSPECT=108/272,true
C1A1T1I0F1,1,1,1,0,1,"(1,3,0,1)",44,ASSEMBLE+INSPECT,CUT=24/44;ASSEMBLE+INSPECT=108/176,true
C1A1T1I0F2,1,1,1,0,2,"(1,3,0,2)",33,CUT,CUT=24/33;ASSEMBLE+INSPECT=108/165,true
C1A1T1I0F3,1,1,1,0,3,"(1,3,0,3)",33,CUT,CUT=24/33;ASSEMBLE+INSPECT=108/198,true
C1A1T1I1F0,1,1,1,1,0,"(1,3,1,0)",44,INSPECT,CUT=24/44;ASSEMBLE=72/132;INSPECT=36/44,false
C1A1T1I1F1,1,1,1,1,1,"(1,3,1,1)",33,CUT,CUT=24/33;ASSEMBLE+INSPECT=108/165,true
C1A1T1I1F2,1,1,1,1,2,"(1,3,1,2)",33,CUT,CUT=24/33;ASSEMBLE+INSPECT=108/198,true
C1A1T1I1F3,1,1,1,1,3,"(1,3,1,3)",33,CUT,CUT=24/33;ASSEMBLE+INSPECT=108/231,true
C1A1T1I2F0,1,1,1,2,0,"(1,3,2,0)",33,CUT|ASSEMBLE,CUT=24/33;ASSEMBLE=72/99;INSPECT=36/66,false
C1A1T1I2F1,1,1,1,2,1,"(1,3,2,1)",33,CUT,CUT=24/33;ASSEMBLE+INSPECT=108/198,true
C1A1T1I2F2,1,1,1,2,2,"(1,3,2,2)",33,CUT,CUT=24/33;ASSEMBLE+INSPECT=108/231,true
C1A1T1I2F3,1,1,1,2,3,"(1,3,2,3)",33,CUT,CUT=24/33;ASSEMBLE+INSPECT=108/264,true
C1A1T1I3F0,1,1,1,3,0,"(1,3,3,0)",33,CUT|ASSEMBLE,CUT=24/33;ASSEMBLE=72/99;INSPECT=36/99,false
C1A1T1I3F1,1,1,1,3,1,"(1,3,3,1)",33,CUT,CUT=24/33;ASSEMBLE+INSPECT=108/231,true
C1A1T1I3F2,1,1,1,3,2,"(1,3,3,2)",33,CUT,CUT=24/33;ASSEMBLE+INSPECT=108/264,true
C1A1T1I3F3,1,1,1,3,3,"(1,3,3,3)",33,CUT,CUT=24/33;ASSEMBLE+INSPECT=108/297,true
C1A1T1I4F0,1,1,1,4,0,"(1,3,4,0)",33,CUT|ASSEMBLE,CUT=24/33;ASSEMBLE=72/99;INSPECT=36/132,false
C1A1T1I4F1,1,1,1,4,1,"(1,3,4,1)",33,CUT,CUT=24/33;ASSEMBLE+INSPECT=108/264,true
C1A1T1I4F2,1,1,1,4,2,"(1,3,4,2)",33,CUT,CUT=24/33;ASSEMBLE+INSPECT=108/297,true
C1A1T1I4F3,1,1,1,4,3,"(1,3,4,3)",33,CUT,CUT=24/33;ASSEMBLE+INSPECT=108/330,true
C1A1T2I0F1,1,1,2,0,1,"(1,5,0,1)",44,CUT,CUT=24/44;ASSEMBLE+INSPECT=108/264,true
C1A1T2I0F2,1,1,2,0,2,"(1,5,0,2)",33,CUT,CUT=24/33;ASSEMBLE+INSPECT=108/231,true
C1A1T2I0F3,1,1,2,0,3,"(1,5,0,3)",33,CUT,CUT=24/33;ASSEMBLE+INSPECT=108/264,true
C1A1T2I1F0,1,1,2,1,0,"(1,5,1,0)",44,INSPECT,CUT=24/44;ASSEMBLE=72/220;INSPECT=36/44,false
C1A1T2I1F1,1,1,2,1,1,"(1,5,1,1)",33,CUT,CUT=24/33;ASSEMBLE+INSPECT=108/231,true
C1A1T2I1F2,1,1,2,1,2,"(1,5,1,2)",33,CUT,CUT=24/33;ASSEMBLE+INSPECT=108/264,true
C1A1T2I1F3,1,1,2,1,3,"(1,5,1,3)",33,CUT,CUT=24/33;ASSEMBLE+INSPECT=108/297,true
C1A1T2I2F0,1,1,2,2,0,"(1,5,2,0)",33,CUT,CUT=24/33;ASSEMBLE=72/165;INSPECT=36/66,false
C1A1T2I2F1,1,1,2,2,1,"(1,5,2,1)",33,CUT,CUT=24/33;ASSEMBLE+INSPECT=108/264,true
C1A1T2I2F2,1,1,2,2,2,"(1,5,2,2)",33,CUT,CUT=24/33;ASSEMBLE+INSPECT=108/297,true
C1A1T2I2F3,1,1,2,2,3,"(1,5,2,3)",33,CUT,CUT=24/33;ASSEMBLE+INSPECT=108/330,true
C1A1T2I3F0,1,1,2,3,0,"(1,5,3,0)",33,CUT,CUT=24/33;ASSEMBLE=72/165;INSPECT=36/99,false
C1A1T2I3F1,1,1,2,3,1,"(1,5,3,1)",33,CUT,CUT=24/33;ASSEMBLE+INSPECT=108/297,true
C1A1T2I3F2,1,1,2,3,2,"(1,5,3,2)",33,CUT,CUT=24/33;ASSEMBLE+INSPECT=108/330,true
C1A1T2I3F3,1,1,2,3,3,"(1,5,3,3)",33,CUT,CUT=24/33;ASSEMBLE+INSPECT=108/363,true
C1A1T2I4F0,1,1,2,4,0,"(1,5,4,0)",33,CUT,CUT=24/33;ASSEMBLE=72/165;INSPECT=36/132,false
C1A1T2I4F1,1,1,2,4,1,"(1,5,4,1)",33,CUT,CUT=24/33;ASSEMBLE+INSPECT=108/330,true
C1A1T2I4F2,1,1,2,4,2,"(1,5,4,2)",33,CUT,CUT=24/33;ASSEMBLE+INSPECT=108/363,true
C1A1T2I4F3,1,1,2,4,3,"(1,5,4,3)",33,CUT,CUT=24/33;ASSEMBLE+INSPECT=108/396,true
C1A1T3I0F1,1,1,3,0,1,"(1,7,0,1)",44,CUT,CUT=24/44;ASSEMBLE+INSPECT=108/352,true
C1A1T3I0F2,1,1,3,0,2,"(1,7,0,2)",33,CUT,CUT=24/33;ASSEMBLE+INSPECT=108/297,true
C1A1T3I0F3,1,1,3,0,3,"(1,7,0,3)",33,CUT,CUT=24/33;ASSEMBLE+INSPECT=108/330,true
C1A1T3I1F0,1,1,3,1,0,"(1,7,1,0)",44,INSPECT,CUT=24/44;ASSEMBLE=72/308;INSPECT=36/44,false
C1A1T3I1F1,1,1,3,1,1,"(1,7,1,1)",33,CUT,CUT=24/33;ASSEMBLE+INSPECT=108/297,true
C1A1T3I1F2,1,1,3,1,2,"(1,7,1,2)",33,CUT,CUT=24/33;ASSEMBLE+INSPECT=108/330,true
C1A1T3I1F3,1,1,3,1,3,"(1,7,1,3)",33,CUT,CUT=24/33;ASSEMBLE+INSPECT=108/363,true
C1A1T3I2F0,1,1,3,2,0,"(1,7,2,0)",33,CUT,CUT=24/33;ASSEMBLE=72/231;INSPECT=36/66,false
C1A1T3I2F1,1,1,3,2,1,"(1,7,2,1)",33,CUT,CUT=24/33;ASSEMBLE+INSPECT=108/330,true
C1A1T3I2F2,1,1,3,2,2,"(1,7,2,2)",33,CUT,CUT=24/33;ASSEMBLE+INSPECT=108/363,true
C1A1T3I2F3,1,1,3,2,3,"(1,7,2,3)",33,CUT,CUT=24/33;ASSEMBLE+INSPECT=108/396,true
C1A1T3I3F0,1,1,3,3,0,"(1,7,3,0)",33,CUT,CUT=24/33;ASSEMBLE=72/231;INSPECT=36/99,false
C1A1T3I3F1,1,1,3,3,1,"(1,7,3,1)",33,CUT,CUT=24/33;ASSEMBLE+INSPECT=108/363,true
C1A1T3I3F2,1,1,3,3,2,"(1,7,3,2)",33,CUT,CUT=24/33;ASSEMBLE+INSPECT=108/396,true
C1A1T3I3F3,1,1,3,3,3,"(1,7,3,3)",33,CUT,CUT=24/33;ASSEMBLE+INSPECT=108/429,true
C1A1T3I4F0,1,1,3,4,0,"(1,7,4,0)",33,CUT,CUT=24/33;ASSEMBLE=72/231;INSPECT=36/132,false
C1A1T3I4F1,1,1,3,4,1,"(1,7,4,1)",33,CUT,CUT=24/33;ASSEMBLE+INSPECT=108/396,true
C1A1T3I4F2,1,1,3,4,2,"(1,7,4,2)",33,CUT,CUT=24/33;ASSEMBLE+INSPECT=108/429,true
C1A1T3I4F3,1,1,3,4,3,"(1,7,4,3)",33,CUT,CUT=24/33;ASSEMBLE+INSPECT=108/462,true
C1A2T0I0F1,1,2,0,0,1,"(1,2,0,1)",44,ASSEMBLE+INSPECT,CUT=24/44;ASSEMBLE+INSPECT=108/132,true
C1A2T0I0F2,1,2,0,0,2,"(1,2,0,2)",37,ASSEMBLE+INSPECT,CUT=24/37;ASSEMBLE+INSPECT=108/148,true
C1A2T0I0F3,1,2,0,0,3,"(1,2,0,3)",33,CUT,CUT=24/33;ASSEMBLE+INSPECT=108/165,true
C1A2T0I1F0,1,2,0,1,0,"(1,2,1,0)",44,ASSEMBLE|INSPECT,CUT=24/44;ASSEMBLE=72/88;INSPECT=36/44,false
C1A2T0I1F1,1,2,0,1,1,"(1,2,1,1)",37,ASSEMBLE+INSPECT,CUT=24/37;ASSEMBLE+INSPECT=108/148,true
C1A2T0I1F2,1,2,0,1,2,"(1,2,1,2)",33,CUT,CUT=24/33;ASSEMBLE+INSPECT=108/165,true
C1A2T0I1F3,1,2,0,1,3,"(1,2,1,3)",33,CUT,CUT=24/33;ASSEMBLE+INSPECT=108/198,true
C1A2T0I2F0,1,2,0,2,0,"(1,2,2,0)",43,ASSEMBLE,CUT=24/43;ASSEMBLE=72/86;INSPECT=36/86,false
C1A2T0I2F1,1,2,0,2,1,"(1,2,2,1)",33,CUT,CUT=24/33;ASSEMBLE+INSPECT=108/165,true
C1A2T0I2F2,1,2,0,2,2,"(1,2,2,2)",33,CUT,CUT=24/33;ASSEMBLE+INSPECT=108/198,true
C1A2T0I2F3,1,2,0,2,3,"(1,2,2,3)",33,CUT,CUT=24/33;ASSEMBLE+INSPECT=108/231,true
C1A2T0I3F0,1,2,0,3,0,"(1,2,3,0)",43,ASSEMBLE,CUT=24/43;ASSEMBLE=72/86;INSPECT=36/129,false
C1A2T0I3F1,1,2,0,3,1,"(1,2,3,1)",33,CUT,CUT=24/33;ASSEMBLE+INSPECT=108/198,true
C1A2T0I3F2,1,2,0,3,2,"(1,2,3,2)",33,CUT,CUT=24/33;ASSEMBLE+INSPECT=108/231,true
C1A2T0I3F3,1,2,0,3,3,"(1,2,3,3)",33,CUT,CUT=24/33;ASSEMBLE+INSPECT=108/264,true
C1A2T0I4F0,1,2,0,4,0,"(1,2,4,0)",43,ASSEMBLE,CUT=24/43;ASSEMBLE=72/86;INSPECT=36/172,false
C1A2T0I4F1,1,2,0,4,1,"(1,2,4,1)",33,CUT,CUT=24/33;ASSEMBLE+INSPECT=108/231,true
C1A2T0I4F2,1,2,0,4,2,"(1,2,4,2)",33,CUT,CUT=24/33;ASSEMBLE+INSPECT=108/264,true
C1A2T0I4F3,1,2,0,4,3,"(1,2,4,3)",33,CUT,CUT=24/33;ASSEMBLE+INSPECT=108/297,true
C1A2T1I0F1,1,2,1,0,1,"(1,4,0,1)",44,CUT,CUT=24/44;ASSEMBLE+INSPECT=108/220,true
C1A2T1I0F2,1,2,1,0,2,"(1,4,0,2)",33,CUT,CUT=24/33;ASSEMBLE+INSPECT=108/198,true
C1A2T1I0F3,1,2,1,0,3,"(1,4,0,3)",33,CUT,CUT=24/33;ASSEMBLE+INSPECT=108/231,true
C1A2T1I1F0,1,2,1,1,0,"(1,4,1,0)",44,INSPECT,CUT=24/44;ASSEMBLE=72/176;INSPECT=36/44,false
C1A2T1I1F1,1,2,1,1,1,"(1,4,1,1)",33,CUT,CUT=24/33;ASSEMBLE+INSPECT=108/198,true
C1A2T1I1F2,1,2,1,1,2,"(1,4,1,2)",33,CUT,CUT=24/33;ASSEMBLE+INSPECT=108/231,true
C1A2T1I1F3,1,2,1,1,3,"(1,4,1,3)",33,CUT,CUT=24/33;ASSEMBLE+INSPECT=108/264,true
C1A2T1I2F0,1,2,1,2,0,"(1,4,2,0)",33,CUT,CUT=24/33;ASSEMBLE=72/132;INSPECT=36/66,false
C1A2T1I2F1,1,2,1,2,1,"(1,4,2,1)",33,CUT,CUT=24/33;ASSEMBLE+INSPECT=108/231,true
C1A2T1I2F2,1,2,1,2,2,"(1,4,2,2)",33,CUT,CUT=24/33;ASSEMBLE+INSPECT=108/264,true
C1A2T1I2F3,1,2,1,2,3,"(1,4,2,3)",33,CUT,CUT=24/33;ASSEMBLE+INSPECT=108/297,true
C1A2T1I3F0,1,2,1,3,0,"(1,4,3,0)",33,CUT,CUT=24/33;ASSEMBLE=72/132;INSPECT=36/99,false
C1A2T1I3F1,1,2,1,3,1,"(1,4,3,1)",33,CUT,CUT=24/33;ASSEMBLE+INSPECT=108/264,true
C1A2T1I3F2,1,2,1,3,2,"(1,4,3,2)",33,CUT,CUT=24/33;ASSEMBLE+INSPECT=108/297,true
C1A2T1I3F3,1,2,1,3,3,"(1,4,3,3)",33,CUT,CUT=24/33;ASSEMBLE+INSPECT=108/330,true
C1A2T1I4F0,1,2,1,4,0,"(1,4,4,0)",33,CUT,CUT=24/33;ASSEMBLE=72/132;INSPECT=36/132,false
C1A2T1I4F1,1,2,1,4,1,"(1,4,4,1)",33,CUT,CUT=24/33;ASSEMBLE+INSPECT=108/297,true
C1A2T1I4F2,1,2,1,4,2,"(1,4,4,2)",33,CUT,CUT=24/33;ASSEMBLE+INSPECT=108/330,true
C1A2T1I4F3,1,2,1,4,3,"(1,4,4,3)",33,CUT,CUT=24/33;ASSEMBLE+INSPECT=108/363,true
C1A2T2I0F1,1,2,2,0,1,"(1,6,0,1)",44,CUT,CUT=24/44;ASSEMBLE+INSPECT=108/308,true
C1A2T2I0F2,1,2,2,0,2,"(1,6,0,2)",33,CUT,CUT=24/33;ASSEMBLE+INSPECT=108/264,true
C1A2T2I0F3,1,2,2,0,3,"(1,6,0,3)",33,CUT,CUT=24/33;ASSEMBLE+INSPECT=108/297,true
C1A2T2I1F0,1,2,2,1,0,"(1,6,1,0)",44,INSPECT,CUT=24/44;ASSEMBLE=72/264;INSPECT=36/44,false
C1A2T2I1F1,1,2,2,1,1,"(1,6,1,1)",33,CUT,CUT=24/33;ASSEMBLE+INSPECT=108/264,true
C1A2T2I1F2,1,2,2,1,2,"(1,6,1,2)",33,CUT,CUT=24/33;ASSEMBLE+INSPECT=108/297,true
C1A2T2I1F3,1,2,2,1,3,"(1,6,1,3)",33,CUT,CUT=24/33;ASSEMBLE+INSPECT=108/330,true
C1A2T2I2F0,1,2,2,2,0,"(1,6,2,0)",33,CUT,CUT=24/33;ASSEMBLE=72/198;INSPECT=36/66,false
C1A2T2I2F1,1,2,2,2,1,"(1,6,2,1)",33,CUT,CUT=24/33;ASSEMBLE+INSPECT=108/297,true
C1A2T2I2F2,1,2,2,2,2,"(1,6,2,2)",33,CUT,CUT=24/33;ASSEMBLE+INSPECT=108/330,true
C1A2T2I2F3,1,2,2,2,3,"(1,6,2,3)",33,CUT,CUT=24/33;ASSEMBLE+INSPECT=108/363,true
C1A2T2I3F0,1,2,2,3,0,"(1,6,3,0)",33,CUT,CUT=24/33;ASSEMBLE=72/198;INSPECT=36/99,false
C1A2T2I3F1,1,2,2,3,1,"(1,6,3,1)",33,CUT,CUT=24/33;ASSEMBLE+INSPECT=108/330,true
C1A2T2I3F2,1,2,2,3,2,"(1,6,3,2)",33,CUT,CUT=24/33;ASSEMBLE+INSPECT=108/363,true
C1A2T2I3F3,1,2,2,3,3,"(1,6,3,3)",33,CUT,CUT=24/33;ASSEMBLE+INSPECT=108/396,true
C1A2T2I4F0,1,2,2,4,0,"(1,6,4,0)",33,CUT,CUT=24/33;ASSEMBLE=72/198;INSPECT=36/132,false
C1A2T2I4F1,1,2,2,4,1,"(1,6,4,1)",33,CUT,CUT=24/33;ASSEMBLE+INSPECT=108/363,true
C1A2T2I4F2,1,2,2,4,2,"(1,6,4,2)",33,CUT,CUT=24/33;ASSEMBLE+INSPECT=108/396,true
C1A2T2I4F3,1,2,2,4,3,"(1,6,4,3)",33,CUT,CUT=24/33;ASSEMBLE+INSPECT=108/429,true
C1A2T3I0F1,1,2,3,0,1,"(1,8,0,1)",44,CUT,CUT=24/44;ASSEMBLE+INSPECT=108/396,true
C1A2T3I0F2,1,2,3,0,2,"(1,8,0,2)",33,CUT,CUT=24/33;ASSEMBLE+INSPECT=108/330,true
C1A2T3I0F3,1,2,3,0,3,"(1,8,0,3)",33,CUT,CUT=24/33;ASSEMBLE+INSPECT=108/363,true
C1A2T3I1F0,1,2,3,1,0,"(1,8,1,0)",44,INSPECT,CUT=24/44;ASSEMBLE=72/352;INSPECT=36/44,false
C1A2T3I1F1,1,2,3,1,1,"(1,8,1,1)",33,CUT,CUT=24/33;ASSEMBLE+INSPECT=108/330,true
C1A2T3I1F2,1,2,3,1,2,"(1,8,1,2)",33,CUT,CUT=24/33;ASSEMBLE+INSPECT=108/363,true
C1A2T3I1F3,1,2,3,1,3,"(1,8,1,3)",33,CUT,CUT=24/33;ASSEMBLE+INSPECT=108/396,true
C1A2T3I2F0,1,2,3,2,0,"(1,8,2,0)",33,CUT,CUT=24/33;ASSEMBLE=72/264;INSPECT=36/66,false
C1A2T3I2F1,1,2,3,2,1,"(1,8,2,1)",33,CUT,CUT=24/33;ASSEMBLE+INSPECT=108/363,true
C1A2T3I2F2,1,2,3,2,2,"(1,8,2,2)",33,CUT,CUT=24/33;ASSEMBLE+INSPECT=108/396,true
C1A2T3I2F3,1,2,3,2,3,"(1,8,2,3)",33,CUT,CUT=24/33;ASSEMBLE+INSPECT=108/429,true
C1A2T3I3F0,1,2,3,3,0,"(1,8,3,0)",33,CUT,CUT=24/33;ASSEMBLE=72/264;INSPECT=36/99,false
C1A2T3I3F1,1,2,3,3,1,"(1,8,3,1)",33,CUT,CUT=24/33;ASSEMBLE+INSPECT=108/396,true
C1A2T3I3F2,1,2,3,3,2,"(1,8,3,2)",33,CUT,CUT=24/33;ASSEMBLE+INSPECT=108/429,true
C1A2T3I3F3,1,2,3,3,3,"(1,8,3,3)",33,CUT,CUT=24/33;ASSEMBLE+INSPECT=108/462,true
C1A2T3I4F0,1,2,3,4,0,"(1,8,4,0)",33,CUT,CUT=24/33;ASSEMBLE=72/264;INSPECT=36/132,false
C1A2T3I4F1,1,2,3,4,1,"(1,8,4,1)",33,CUT,CUT=24/33;ASSEMBLE+INSPECT=108/429,true
C1A2T3I4F2,1,2,3,4,2,"(1,8,4,2)",33,CUT,CUT=24/33;ASSEMBLE+INSPECT=108/462,true
C1A2T3I4F3,1,2,3,4,3,"(1,8,4,3)",33,CUT,CUT=24/33;ASSEMBLE+INSPECT=108/495,true
C1A3T0I0F1,1,3,0,0,1,"(1,3,0,1)",44,ASSEMBLE+INSPECT,CUT=24/44;ASSEMBLE+INSPECT=108/176,true
C1A3T0I0F2,1,3,0,0,2,"(1,3,0,2)",33,CUT,CUT=24/33;ASSEMBLE+INSPECT=108/165,true
C1A3T0I0F3,1,3,0,0,3,"(1,3,0,3)",33,CUT,CUT=24/33;ASSEMBLE+INSPECT=108/198,true
C1A3T0I1F0,1,3,0,1,0,"(1,3,1,0)",44,INSPECT,CUT=24/44;ASSEMBLE=72/132;INSPECT=36/44,false
C1A3T0I1F1,1,3,0,1,1,"(1,3,1,1)",33,CUT,CUT=24/33;ASSEMBLE+INSPECT=108/165,true
C1A3T0I1F2,1,3,0,1,2,"(1,3,1,2)",33,CUT,CUT=24/33;ASSEMBLE+INSPECT=108/198,true
C1A3T0I1F3,1,3,0,1,3,"(1,3,1,3)",33,CUT,CUT=24/33;ASSEMBLE+INSPECT=108/231,true
C1A3T0I2F0,1,3,0,2,0,"(1,3,2,0)",33,CUT|ASSEMBLE,CUT=24/33;ASSEMBLE=72/99;INSPECT=36/66,false
C1A3T0I2F1,1,3,0,2,1,"(1,3,2,1)",33,CUT,CUT=24/33;ASSEMBLE+INSPECT=108/198,true
C1A3T0I2F2,1,3,0,2,2,"(1,3,2,2)",33,CUT,CUT=24/33;ASSEMBLE+INSPECT=108/231,true
C1A3T0I2F3,1,3,0,2,3,"(1,3,2,3)",33,CUT,CUT=24/33;ASSEMBLE+INSPECT=108/264,true
C1A3T0I3F0,1,3,0,3,0,"(1,3,3,0)",33,CUT|ASSEMBLE,CUT=24/33;ASSEMBLE=72/99;INSPECT=36/99,false
C1A3T0I3F1,1,3,0,3,1,"(1,3,3,1)",33,CUT,CUT=24/33;ASSEMBLE+INSPECT=108/231,true
C1A3T0I3F2,1,3,0,3,2,"(1,3,3,2)",33,CUT,CUT=24/33;ASSEMBLE+INSPECT=108/264,true
C1A3T0I3F3,1,3,0,3,3,"(1,3,3,3)",33,CUT,CUT=24/33;ASSEMBLE+INSPECT=108/297,true
C1A3T0I4F0,1,3,0,4,0,"(1,3,4,0)",33,CUT|ASSEMBLE,CUT=24/33;ASSEMBLE=72/99;INSPECT=36/132,false
C1A3T0I4F1,1,3,0,4,1,"(1,3,4,1)",33,CUT,CUT=24/33;ASSEMBLE+INSPECT=108/264,true
C1A3T0I4F2,1,3,0,4,2,"(1,3,4,2)",33,CUT,CUT=24/33;ASSEMBLE+INSPECT=108/297,true
C1A3T0I4F3,1,3,0,4,3,"(1,3,4,3)",33,CUT,CUT=24/33;ASSEMBLE+INSPECT=108/330,true
C1A3T1I0F1,1,3,1,0,1,"(1,5,0,1)",44,CUT,CUT=24/44;ASSEMBLE+INSPECT=108/264,true
C1A3T1I0F2,1,3,1,0,2,"(1,5,0,2)",33,CUT,CUT=24/33;ASSEMBLE+INSPECT=108/231,true
C1A3T1I0F3,1,3,1,0,3,"(1,5,0,3)",33,CUT,CUT=24/33;ASSEMBLE+INSPECT=108/264,true
C1A3T1I1F0,1,3,1,1,0,"(1,5,1,0)",44,INSPECT,CUT=24/44;ASSEMBLE=72/220;INSPECT=36/44,false
C1A3T1I1F1,1,3,1,1,1,"(1,5,1,1)",33,CUT,CUT=24/33;ASSEMBLE+INSPECT=108/231,true
C1A3T1I1F2,1,3,1,1,2,"(1,5,1,2)",33,CUT,CUT=24/33;ASSEMBLE+INSPECT=108/264,true
C1A3T1I1F3,1,3,1,1,3,"(1,5,1,3)",33,CUT,CUT=24/33;ASSEMBLE+INSPECT=108/297,true
C1A3T1I2F0,1,3,1,2,0,"(1,5,2,0)",33,CUT,CUT=24/33;ASSEMBLE=72/165;INSPECT=36/66,false
C1A3T1I2F1,1,3,1,2,1,"(1,5,2,1)",33,CUT,CUT=24/33;ASSEMBLE+INSPECT=108/264,true
C1A3T1I2F2,1,3,1,2,2,"(1,5,2,2)",33,CUT,CUT=24/33;ASSEMBLE+INSPECT=108/297,true
C1A3T1I2F3,1,3,1,2,3,"(1,5,2,3)",33,CUT,CUT=24/33;ASSEMBLE+INSPECT=108/330,true
C1A3T1I3F0,1,3,1,3,0,"(1,5,3,0)",33,CUT,CUT=24/33;ASSEMBLE=72/165;INSPECT=36/99,false
C1A3T1I3F1,1,3,1,3,1,"(1,5,3,1)",33,CUT,CUT=24/33;ASSEMBLE+INSPECT=108/297,true
C1A3T1I3F2,1,3,1,3,2,"(1,5,3,2)",33,CUT,CUT=24/33;ASSEMBLE+INSPECT=108/330,true
C1A3T1I3F3,1,3,1,3,3,"(1,5,3,3)",33,CUT,CUT=24/33;ASSEMBLE+INSPECT=108/363,true
C1A3T1I4F0,1,3,1,4,0,"(1,5,4,0)",33,CUT,CUT=24/33;ASSEMBLE=72/165;INSPECT=36/132,false
C1A3T1I4F1,1,3,1,4,1,"(1,5,4,1)",33,CUT,CUT=24/33;ASSEMBLE+INSPECT=108/330,true
C1A3T1I4F2,1,3,1,4,2,"(1,5,4,2)",33,CUT,CUT=24/33;ASSEMBLE+INSPECT=108/363,true
C1A3T1I4F3,1,3,1,4,3,"(1,5,4,3)",33,CUT,CUT=24/33;ASSEMBLE+INSPECT=108/396,true
C1A3T2I0F1,1,3,2,0,1,"(1,7,0,1)",44,CUT,CUT=24/44;ASSEMBLE+INSPECT=108/352,true
C1A3T2I0F2,1,3,2,0,2,"(1,7,0,2)",33,CUT,CUT=24/33;ASSEMBLE+INSPECT=108/297,true
C1A3T2I0F3,1,3,2,0,3,"(1,7,0,3)",33,CUT,CUT=24/33;ASSEMBLE+INSPECT=108/330,true
C1A3T2I1F0,1,3,2,1,0,"(1,7,1,0)",44,INSPECT,CUT=24/44;ASSEMBLE=72/308;INSPECT=36/44,false
C1A3T2I1F1,1,3,2,1,1,"(1,7,1,1)",33,CUT,CUT=24/33;ASSEMBLE+INSPECT=108/297,true
C1A3T2I1F2,1,3,2,1,2,"(1,7,1,2)",33,CUT,CUT=24/33;ASSEMBLE+INSPECT=108/330,true
C1A3T2I1F3,1,3,2,1,3,"(1,7,1,3)",33,CUT,CUT=24/33;ASSEMBLE+INSPECT=108/363,true
C1A3T2I2F0,1,3,2,2,0,"(1,7,2,0)",33,CUT,CUT=24/33;ASSEMBLE=72/231;INSPECT=36/66,false
C1A3T2I2F1,1,3,2,2,1,"(1,7,2,1)",33,CUT,CUT=24/33;ASSEMBLE+INSPECT=108/330,true
C1A3T2I2F2,1,3,2,2,2,"(1,7,2,2)",33,CUT,CUT=24/33;ASSEMBLE+INSPECT=108/363,true
C1A3T2I2F3,1,3,2,2,3,"(1,7,2,3)",33,CUT,CUT=24/33;ASSEMBLE+INSPECT=108/396,true
C1A3T2I3F0,1,3,2,3,0,"(1,7,3,0)",33,CUT,CUT=24/33;ASSEMBLE=72/231;INSPECT=36/99,false
C1A3T2I3F1,1,3,2,3,1,"(1,7,3,1)",33,CUT,CUT=24/33;ASSEMBLE+INSPECT=108/363,true
C1A3T2I3F2,1,3,2,3,2,"(1,7,3,2)",33,CUT,CUT=24/33;ASSEMBLE+INSPECT=108/396,true
C1A3T2I3F3,1,3,2,3,3,"(1,7,3,3)",33,CUT,CUT=24/33;ASSEMBLE+INSPECT=108/429,true
C1A3T2I4F0,1,3,2,4,0,"(1,7,4,0)",33,CUT,CUT=24/33;ASSEMBLE=72/231;INSPECT=36/132,false
C1A3T2I4F1,1,3,2,4,1,"(1,7,4,1)",33,CUT,CUT=24/33;ASSEMBLE+INSPECT=108/396,true
C1A3T2I4F2,1,3,2,4,2,"(1,7,4,2)",33,CUT,CUT=24/33;ASSEMBLE+INSPECT=108/429,true
C1A3T2I4F3,1,3,2,4,3,"(1,7,4,3)",33,CUT,CUT=24/33;ASSEMBLE+INSPECT=108/462,true
C1A3T3I0F1,1,3,3,0,1,"(1,9,0,1)",44,CUT,CUT=24/44;ASSEMBLE+INSPECT=108/440,true
C1A3T3I0F2,1,3,3,0,2,"(1,9,0,2)",33,CUT,CUT=24/33;ASSEMBLE+INSPECT=108/363,true
C1A3T3I0F3,1,3,3,0,3,"(1,9,0,3)",33,CUT,CUT=24/33;ASSEMBLE+INSPECT=108/396,true
C1A3T3I1F0,1,3,3,1,0,"(1,9,1,0)",44,INSPECT,CUT=24/44;ASSEMBLE=72/396;INSPECT=36/44,false
C1A3T3I1F1,1,3,3,1,1,"(1,9,1,1)",33,CUT,CUT=24/33;ASSEMBLE+INSPECT=108/363,true
C1A3T3I1F2,1,3,3,1,2,"(1,9,1,2)",33,CUT,CUT=24/33;ASSEMBLE+INSPECT=108/396,true
C1A3T3I1F3,1,3,3,1,3,"(1,9,1,3)",33,CUT,CUT=24/33;ASSEMBLE+INSPECT=108/429,true
C1A3T3I2F0,1,3,3,2,0,"(1,9,2,0)",33,CUT,CUT=24/33;ASSEMBLE=72/297;INSPECT=36/66,false
C1A3T3I2F1,1,3,3,2,1,"(1,9,2,1)",33,CUT,CUT=24/33;ASSEMBLE+INSPECT=108/396,true
C1A3T3I2F2,1,3,3,2,2,"(1,9,2,2)",33,CUT,CUT=24/33;ASSEMBLE+INSPECT=108/429,true
C1A3T3I2F3,1,3,3,2,3,"(1,9,2,3)",33,CUT,CUT=24/33;ASSEMBLE+INSPECT=108/462,true
C1A3T3I3F0,1,3,3,3,0,"(1,9,3,0)",33,CUT,CUT=24/33;ASSEMBLE=72/297;INSPECT=36/99,false
C1A3T3I3F1,1,3,3,3,1,"(1,9,3,1)",33,CUT,CUT=24/33;ASSEMBLE+INSPECT=108/429,true
C1A3T3I3F2,1,3,3,3,2,"(1,9,3,2)",33,CUT,CUT=24/33;ASSEMBLE+INSPECT=108/462,true
C1A3T3I3F3,1,3,3,3,3,"(1,9,3,3)",33,CUT,CUT=24/33;ASSEMBLE+INSPECT=108/495,true
C1A3T3I4F0,1,3,3,4,0,"(1,9,4,0)",33,CUT,CUT=24/33;ASSEMBLE=72/297;INSPECT=36/132,false
C1A3T3I4F1,1,3,3,4,1,"(1,9,4,1)",33,CUT,CUT=24/33;ASSEMBLE+INSPECT=108/462,true
C1A3T3I4F2,1,3,3,4,2,"(1,9,4,2)",33,CUT,CUT=24/33;ASSEMBLE+INSPECT=108/495,true
C1A3T3I4F3,1,3,3,4,3,"(1,9,4,3)",33,CUT,CUT=24/33;ASSEMBLE+INSPECT=108/528,true
C1A4T0I0F1,1,4,0,0,1,"(1,4,0,1)",44,CUT,CUT=24/44;ASSEMBLE+INSPECT=108/220,true
C1A4T0I0F2,1,4,0,0,2,"(1,4,0,2)",33,CUT,CUT=24/33;ASSEMBLE+INSPECT=108/198,true
C1A4T0I0F3,1,4,0,0,3,"(1,4,0,3)",33,CUT,CUT=24/33;ASSEMBLE+INSPECT=108/231,true
C1A4T0I1F0,1,4,0,1,0,"(1,4,1,0)",44,INSPECT,CUT=24/44;ASSEMBLE=72/176;INSPECT=36/44,false
C1A4T0I1F1,1,4,0,1,1,"(1,4,1,1)",33,CUT,CUT=24/33;ASSEMBLE+INSPECT=108/198,true
C1A4T0I1F2,1,4,0,1,2,"(1,4,1,2)",33,CUT,CUT=24/33;ASSEMBLE+INSPECT=108/231,true
C1A4T0I1F3,1,4,0,1,3,"(1,4,1,3)",33,CUT,CUT=24/33;ASSEMBLE+INSPECT=108/264,true
C1A4T0I2F0,1,4,0,2,0,"(1,4,2,0)",33,CUT,CUT=24/33;ASSEMBLE=72/132;INSPECT=36/66,false
C1A4T0I2F1,1,4,0,2,1,"(1,4,2,1)",33,CUT,CUT=24/33;ASSEMBLE+INSPECT=108/231,true
C1A4T0I2F2,1,4,0,2,2,"(1,4,2,2)",33,CUT,CUT=24/33;ASSEMBLE+INSPECT=108/264,true
C1A4T0I2F3,1,4,0,2,3,"(1,4,2,3)",33,CUT,CUT=24/33;ASSEMBLE+INSPECT=108/297,true
C1A4T0I3F0,1,4,0,3,0,"(1,4,3,0)",33,CUT,CUT=24/33;ASSEMBLE=72/132;INSPECT=36/99,false
C1A4T0I3F1,1,4,0,3,1,"(1,4,3,1)",33,CUT,CUT=24/33;ASSEMBLE+INSPECT=108/264,true
C1A4T0I3F2,1,4,0,3,2,"(1,4,3,2)",33,CUT,CUT=24/33;ASSEMBLE+INSPECT=108/297,true
C1A4T0I3F3,1,4,0,3,3,"(1,4,3,3)",33,CUT,CUT=24/33;ASSEMBLE+INSPECT=108/330,true
C1A4T0I4F0,1,4,0,4,0,"(1,4,4,0)",33,CUT,CUT=24/33;ASSEMBLE=72/132;INSPECT=36/132,false
C1A4T0I4F1,1,4,0,4,1,"(1,4,4,1)",33,CUT,CUT=24/33;ASSEMBLE+INSPECT=108/297,true
C1A4T0I4F2,1,4,0,4,2,"(1,4,4,2)",33,CUT,CUT=24/33;ASSEMBLE+INSPECT=108/330,true
C1A4T0I4F3,1,4,0,4,3,"(1,4,4,3)",33,CUT,CUT=24/33;ASSEMBLE+INSPECT=108/363,true
C1A4T1I0F1,1,4,1,0,1,"(1,6,0,1)",44,CUT,CUT=24/44;ASSEMBLE+INSPECT=108/308,true
C1A4T1I0F2,1,4,1,0,2,"(1,6,0,2)",33,CUT,CUT=24/33;ASSEMBLE+INSPECT=108/264,true
C1A4T1I0F3,1,4,1,0,3,"(1,6,0,3)",33,CUT,CUT=24/33;ASSEMBLE+INSPECT=108/297,true
C1A4T1I1F0,1,4,1,1,0,"(1,6,1,0)",44,INSPECT,CUT=24/44;ASSEMBLE=72/264;INSPECT=36/44,false
C1A4T1I1F1,1,4,1,1,1,"(1,6,1,1)",33,CUT,CUT=24/33;ASSEMBLE+INSPECT=108/264,true
C1A4T1I1F2,1,4,1,1,2,"(1,6,1,2)",33,CUT,CUT=24/33;ASSEMBLE+INSPECT=108/297,true
C1A4T1I1F3,1,4,1,1,3,"(1,6,1,3)",33,CUT,CUT=24/33;ASSEMBLE+INSPECT=108/330,true
C1A4T1I2F0,1,4,1,2,0,"(1,6,2,0)",33,CUT,CUT=24/33;ASSEMBLE=72/198;INSPECT=36/66,false
C1A4T1I2F1,1,4,1,2,1,"(1,6,2,1)",33,CUT,CUT=24/33;ASSEMBLE+INSPECT=108/297,true
C1A4T1I2F2,1,4,1,2,2,"(1,6,2,2)",33,CUT,CUT=24/33;ASSEMBLE+INSPECT=108/330,true
C1A4T1I2F3,1,4,1,2,3,"(1,6,2,3)",33,CUT,CUT=24/33;ASSEMBLE+INSPECT=108/363,true
C1A4T1I3F0,1,4,1,3,0,"(1,6,3,0)",33,CUT,CUT=24/33;ASSEMBLE=72/198;INSPECT=36/99,false
C1A4T1I3F1,1,4,1,3,1,"(1,6,3,1)",33,CUT,CUT=24/33;ASSEMBLE+INSPECT=108/330,true
C1A4T1I3F2,1,4,1,3,2,"(1,6,3,2)",33,CUT,CUT=24/33;ASSEMBLE+INSPECT=108/363,true
C1A4T1I3F3,1,4,1,3,3,"(1,6,3,3)",33,CUT,CUT=24/33;ASSEMBLE+INSPECT=108/396,true
C1A4T1I4F0,1,4,1,4,0,"(1,6,4,0)",33,CUT,CUT=24/33;ASSEMBLE=72/198;INSPECT=36/132,false
C1A4T1I4F1,1,4,1,4,1,"(1,6,4,1)",33,CUT,CUT=24/33;ASSEMBLE+INSPECT=108/363,true
C1A4T1I4F2,1,4,1,4,2,"(1,6,4,2)",33,CUT,CUT=24/33;ASSEMBLE+INSPECT=108/396,true
C1A4T1I4F3,1,4,1,4,3,"(1,6,4,3)",33,CUT,CUT=24/33;ASSEMBLE+INSPECT=108/429,true
C1A4T2I0F1,1,4,2,0,1,"(1,8,0,1)",44,CUT,CUT=24/44;ASSEMBLE+INSPECT=108/396,true
C1A4T2I0F2,1,4,2,0,2,"(1,8,0,2)",33,CUT,CUT=24/33;ASSEMBLE+INSPECT=108/330,true
C1A4T2I0F3,1,4,2,0,3,"(1,8,0,3)",33,CUT,CUT=24/33;ASSEMBLE+INSPECT=108/363,true
C1A4T2I1F0,1,4,2,1,0,"(1,8,1,0)",44,INSPECT,CUT=24/44;ASSEMBLE=72/352;INSPECT=36/44,false
C1A4T2I1F1,1,4,2,1,1,"(1,8,1,1)",33,CUT,CUT=24/33;ASSEMBLE+INSPECT=108/330,true
C1A4T2I1F2,1,4,2,1,2,"(1,8,1,2)",33,CUT,CUT=24/33;ASSEMBLE+INSPECT=108/363,true
C1A4T2I1F3,1,4,2,1,3,"(1,8,1,3)",33,CUT,CUT=24/33;ASSEMBLE+INSPECT=108/396,true
C1A4T2I2F0,1,4,2,2,0,"(1,8,2,0)",33,CUT,CUT=24/33;ASSEMBLE=72/264;INSPECT=36/66,false
C1A4T2I2F1,1,4,2,2,1,"(1,8,2,1)",33,CUT,CUT=24/33;ASSEMBLE+INSPECT=108/363,true
C1A4T2I2F2,1,4,2,2,2,"(1,8,2,2)",33,CUT,CUT=24/33;ASSEMBLE+INSPECT=108/396,true
C1A4T2I2F3,1,4,2,2,3,"(1,8,2,3)",33,CUT,CUT=24/33;ASSEMBLE+INSPECT=108/429,true
C1A4T2I3F0,1,4,2,3,0,"(1,8,3,0)",33,CUT,CUT=24/33;ASSEMBLE=72/264;INSPECT=36/99,false
C1A4T2I3F1,1,4,2,3,1,"(1,8,3,1)",33,CUT,CUT=24/33;ASSEMBLE+INSPECT=108/396,true
C1A4T2I3F2,1,4,2,3,2,"(1,8,3,2)",33,CUT,CUT=24/33;ASSEMBLE+INSPECT=108/429,true
C1A4T2I3F3,1,4,2,3,3,"(1,8,3,3)",33,CUT,CUT=24/33;ASSEMBLE+INSPECT=108/462,true
C1A4T2I4F0,1,4,2,4,0,"(1,8,4,0)",33,CUT,CUT=24/33;ASSEMBLE=72/264;INSPECT=36/132,false
C1A4T2I4F1,1,4,2,4,1,"(1,8,4,1)",33,CUT,CUT=24/33;ASSEMBLE+INSPECT=108/429,true
C1A4T2I4F2,1,4,2,4,2,"(1,8,4,2)",33,CUT,CUT=24/33;ASSEMBLE+INSPECT=108/462,true
C1A4T2I4F3,1,4,2,4,3,"(1,8,4,3)",33,CUT,CUT=24/33;ASSEMBLE+INSPECT=108/495,true
C1A4T3I0F1,1,4,3,0,1,"(1,10,0,1)",44,CUT,CUT=24/44;ASSEMBLE+INSPECT=108/484,true
C1A4T3I0F2,1,4,3,0,2,"(1,10,0,2)",33,CUT,CUT=24/33;ASSEMBLE+INSPECT=108/396,true
C1A4T3I0F3,1,4,3,0,3,"(1,10,0,3)",33,CUT,CUT=24/33;ASSEMBLE+INSPECT=108/429,true
C1A4T3I1F0,1,4,3,1,0,"(1,10,1,0)",44,INSPECT,CUT=24/44;ASSEMBLE=72/440;INSPECT=36/44,false
C1A4T3I1F1,1,4,3,1,1,"(1,10,1,1)",33,CUT,CUT=24/33;ASSEMBLE+INSPECT=108/396,true
C1A4T3I1F2,1,4,3,1,2,"(1,10,1,2)",33,CUT,CUT=24/33;ASSEMBLE+INSPECT=108/429,true
C1A4T3I1F3,1,4,3,1,3,"(1,10,1,3)",33,CUT,CUT=24/33;ASSEMBLE+INSPECT=108/462,true
C1A4T3I2F0,1,4,3,2,0,"(1,10,2,0)",33,CUT,CUT=24/33;ASSEMBLE=72/330;INSPECT=36/66,false
C1A4T3I2F1,1,4,3,2,1,"(1,10,2,1)",33,CUT,CUT=24/33;ASSEMBLE+INSPECT=108/429,true
C1A4T3I2F2,1,4,3,2,2,"(1,10,2,2)",33,CUT,CUT=24/33;ASSEMBLE+INSPECT=108/462,true
C1A4T3I2F3,1,4,3,2,3,"(1,10,2,3)",33,CUT,CUT=24/33;ASSEMBLE+INSPECT=108/495,true
C1A4T3I3F0,1,4,3,3,0,"(1,10,3,0)",33,CUT,CUT=24/33;ASSEMBLE=72/330;INSPECT=36/99,false
C1A4T3I3F1,1,4,3,3,1,"(1,10,3,1)",33,CUT,CUT=24/33;ASSEMBLE+INSPECT=108/462,true
C1A4T3I3F2,1,4,3,3,2,"(1,10,3,2)",33,CUT,CUT=24/33;ASSEMBLE+INSPECT=108/495,true
C1A4T3I3F3,1,4,3,3,3,"(1,10,3,3)",33,CUT,CUT=24/33;ASSEMBLE+INSPECT=108/528,true
C1A4T3I4F0,1,4,3,4,0,"(1,10,4,0)",33,CUT,CUT=24/33;ASSEMBLE=72/330;INSPECT=36/132,false
C1A4T3I4F1,1,4,3,4,1,"(1,10,4,1)",33,CUT,CUT=24/33;ASSEMBLE+INSPECT=108/495,true
C1A4T3I4F2,1,4,3,4,2,"(1,10,4,2)",33,CUT,CUT=24/33;ASSEMBLE+INSPECT=108/528,true
C1A4T3I4F3,1,4,3,4,3,"(1,10,4,3)",33,CUT,CUT=24/33;ASSEMBLE+INSPECT=108/561,true
C1A5T0I0F1,1,5,0,0,1,"(1,5,0,1)",44,CUT,CUT=24/44;ASSEMBLE+INSPECT=108/264,true
C1A5T0I0F2,1,5,0,0,2,"(1,5,0,2)",33,CUT,CUT=24/33;ASSEMBLE+INSPECT=108/231,true
C1A5T0I0F3,1,5,0,0,3,"(1,5,0,3)",33,CUT,CUT=24/33;ASSEMBLE+INSPECT=108/264,true
C1A5T0I1F0,1,5,0,1,0,"(1,5,1,0)",44,INSPECT,CUT=24/44;ASSEMBLE=72/220;INSPECT=36/44,false
C1A5T0I1F1,1,5,0,1,1,"(1,5,1,1)",33,CUT,CUT=24/33;ASSEMBLE+INSPECT=108/231,true
C1A5T0I1F2,1,5,0,1,2,"(1,5,1,2)",33,CUT,CUT=24/33;ASSEMBLE+INSPECT=108/264,true
C1A5T0I1F3,1,5,0,1,3,"(1,5,1,3)",33,CUT,CUT=24/33;ASSEMBLE+INSPECT=108/297,true
C1A5T0I2F0,1,5,0,2,0,"(1,5,2,0)",33,CUT,CUT=24/33;ASSEMBLE=72/165;INSPECT=36/66,false
C1A5T0I2F1,1,5,0,2,1,"(1,5,2,1)",33,CUT,CUT=24/33;ASSEMBLE+INSPECT=108/264,true
C1A5T0I2F2,1,5,0,2,2,"(1,5,2,2)",33,CUT,CUT=24/33;ASSEMBLE+INSPECT=108/297,true
C1A5T0I2F3,1,5,0,2,3,"(1,5,2,3)",33,CUT,CUT=24/33;ASSEMBLE+INSPECT=108/330,true
C1A5T0I3F0,1,5,0,3,0,"(1,5,3,0)",33,CUT,CUT=24/33;ASSEMBLE=72/165;INSPECT=36/99,false
C1A5T0I3F1,1,5,0,3,1,"(1,5,3,1)",33,CUT,CUT=24/33;ASSEMBLE+INSPECT=108/297,true
C1A5T0I3F2,1,5,0,3,2,"(1,5,3,2)",33,CUT,CUT=24/33;ASSEMBLE+INSPECT=108/330,true
C1A5T0I3F3,1,5,0,3,3,"(1,5,3,3)",33,CUT,CUT=24/33;ASSEMBLE+INSPECT=108/363,true
C1A5T0I4F0,1,5,0,4,0,"(1,5,4,0)",33,CUT,CUT=24/33;ASSEMBLE=72/165;INSPECT=36/132,false
C1A5T0I4F1,1,5,0,4,1,"(1,5,4,1)",33,CUT,CUT=24/33;ASSEMBLE+INSPECT=108/330,true
C1A5T0I4F2,1,5,0,4,2,"(1,5,4,2)",33,CUT,CUT=24/33;ASSEMBLE+INSPECT=108/363,true
C1A5T0I4F3,1,5,0,4,3,"(1,5,4,3)",33,CUT,CUT=24/33;ASSEMBLE+INSPECT=108/396,true
C1A5T1I0F1,1,5,1,0,1,"(1,7,0,1)",44,CUT,CUT=24/44;ASSEMBLE+INSPECT=108/352,true
C1A5T1I0F2,1,5,1,0,2,"(1,7,0,2)",33,CUT,CUT=24/33;ASSEMBLE+INSPECT=108/297,true
C1A5T1I0F3,1,5,1,0,3,"(1,7,0,3)",33,CUT,CUT=24/33;ASSEMBLE+INSPECT=108/330,true
C1A5T1I1F0,1,5,1,1,0,"(1,7,1,0)",44,INSPECT,CUT=24/44;ASSEMBLE=72/308;INSPECT=36/44,false
C1A5T1I1F1,1,5,1,1,1,"(1,7,1,1)",33,CUT,CUT=24/33;ASSEMBLE+INSPECT=108/297,true
C1A5T1I1F2,1,5,1,1,2,"(1,7,1,2)",33,CUT,CUT=24/33;ASSEMBLE+INSPECT=108/330,true
C1A5T1I1F3,1,5,1,1,3,"(1,7,1,3)",33,CUT,CUT=24/33;ASSEMBLE+INSPECT=108/363,true
C1A5T1I2F0,1,5,1,2,0,"(1,7,2,0)",33,CUT,CUT=24/33;ASSEMBLE=72/231;INSPECT=36/66,false
C1A5T1I2F1,1,5,1,2,1,"(1,7,2,1)",33,CUT,CUT=24/33;ASSEMBLE+INSPECT=108/330,true
C1A5T1I2F2,1,5,1,2,2,"(1,7,2,2)",33,CUT,CUT=24/33;ASSEMBLE+INSPECT=108/363,true
C1A5T1I2F3,1,5,1,2,3,"(1,7,2,3)",33,CUT,CUT=24/33;ASSEMBLE+INSPECT=108/396,true
C1A5T1I3F0,1,5,1,3,0,"(1,7,3,0)",33,CUT,CUT=24/33;ASSEMBLE=72/231;INSPECT=36/99,false
C1A5T1I3F1,1,5,1,3,1,"(1,7,3,1)",33,CUT,CUT=24/33;ASSEMBLE+INSPECT=108/363,true
C1A5T1I3F2,1,5,1,3,2,"(1,7,3,2)",33,CUT,CUT=24/33;ASSEMBLE+INSPECT=108/396,true
C1A5T1I3F3,1,5,1,3,3,"(1,7,3,3)",33,CUT,CUT=24/33;ASSEMBLE+INSPECT=108/429,true
C1A5T1I4F0,1,5,1,4,0,"(1,7,4,0)",33,CUT,CUT=24/33;ASSEMBLE=72/231;INSPECT=36/132,false
C1A5T1I4F1,1,5,1,4,1,"(1,7,4,1)",33,CUT,CUT=24/33;ASSEMBLE+INSPECT=108/396,true
C1A5T1I4F2,1,5,1,4,2,"(1,7,4,2)",33,CUT,CUT=24/33;ASSEMBLE+INSPECT=108/429,true
C1A5T1I4F3,1,5,1,4,3,"(1,7,4,3)",33,CUT,CUT=24/33;ASSEMBLE+INSPECT=108/462,true
C1A5T2I0F1,1,5,2,0,1,"(1,9,0,1)",44,CUT,CUT=24/44;ASSEMBLE+INSPECT=108/440,true
C1A5T2I0F2,1,5,2,0,2,"(1,9,0,2)",33,CUT,CUT=24/33;ASSEMBLE+INSPECT=108/363,true
C1A5T2I0F3,1,5,2,0,3,"(1,9,0,3)",33,CUT,CUT=24/33;ASSEMBLE+INSPECT=108/396,true
C1A5T2I1F0,1,5,2,1,0,"(1,9,1,0)",44,INSPECT,CUT=24/44;ASSEMBLE=72/396;INSPECT=36/44,false
C1A5T2I1F1,1,5,2,1,1,"(1,9,1,1)",33,CUT,CUT=24/33;ASSEMBLE+INSPECT=108/363,true
C1A5T2I1F2,1,5,2,1,2,"(1,9,1,2)",33,CUT,CUT=24/33;ASSEMBLE+INSPECT=108/396,true
C1A5T2I1F3,1,5,2,1,3,"(1,9,1,3)",33,CUT,CUT=24/33;ASSEMBLE+INSPECT=108/429,true
C1A5T2I2F0,1,5,2,2,0,"(1,9,2,0)",33,CUT,CUT=24/33;ASSEMBLE=72/297;INSPECT=36/66,false
C1A5T2I2F1,1,5,2,2,1,"(1,9,2,1)",33,CUT,CUT=24/33;ASSEMBLE+INSPECT=108/396,true
C1A5T2I2F2,1,5,2,2,2,"(1,9,2,2)",33,CUT,CUT=24/33;ASSEMBLE+INSPECT=108/429,true
C1A5T2I2F3,1,5,2,2,3,"(1,9,2,3)",33,CUT,CUT=24/33;ASSEMBLE+INSPECT=108/462,true
C1A5T2I3F0,1,5,2,3,0,"(1,9,3,0)",33,CUT,CUT=24/33;ASSEMBLE=72/297;INSPECT=36/99,false
C1A5T2I3F1,1,5,2,3,1,"(1,9,3,1)",33,CUT,CUT=24/33;ASSEMBLE+INSPECT=108/429,true
C1A5T2I3F2,1,5,2,3,2,"(1,9,3,2)",33,CUT,CUT=24/33;ASSEMBLE+INSPECT=108/462,true
C1A5T2I3F3,1,5,2,3,3,"(1,9,3,3)",33,CUT,CUT=24/33;ASSEMBLE+INSPECT=108/495,true
C1A5T2I4F0,1,5,2,4,0,"(1,9,4,0)",33,CUT,CUT=24/33;ASSEMBLE=72/297;INSPECT=36/132,false
C1A5T2I4F1,1,5,2,4,1,"(1,9,4,1)",33,CUT,CUT=24/33;ASSEMBLE+INSPECT=108/462,true
C1A5T2I4F2,1,5,2,4,2,"(1,9,4,2)",33,CUT,CUT=24/33;ASSEMBLE+INSPECT=108/495,true
C1A5T2I4F3,1,5,2,4,3,"(1,9,4,3)",33,CUT,CUT=24/33;ASSEMBLE+INSPECT=108/528,true
C1A5T3I0F1,1,5,3,0,1,"(1,11,0,1)",44,CUT,CUT=24/44;ASSEMBLE+INSPECT=108/528,true
C1A5T3I0F2,1,5,3,0,2,"(1,11,0,2)",33,CUT,CUT=24/33;ASSEMBLE+INSPECT=108/429,true
C1A5T3I0F3,1,5,3,0,3,"(1,11,0,3)",33,CUT,CUT=24/33;ASSEMBLE+INSPECT=108/462,true
C1A5T3I1F0,1,5,3,1,0,"(1,11,1,0)",44,INSPECT,CUT=24/44;ASSEMBLE=72/484;INSPECT=36/44,false
C1A5T3I1F1,1,5,3,1,1,"(1,11,1,1)",33,CUT,CUT=24/33;ASSEMBLE+INSPECT=108/429,true
C1A5T3I1F2,1,5,3,1,2,"(1,11,1,2)",33,CUT,CUT=24/33;ASSEMBLE+INSPECT=108/462,true
C1A5T3I1F3,1,5,3,1,3,"(1,11,1,3)",33,CUT,CUT=24/33;ASSEMBLE+INSPECT=108/495,true
C1A5T3I2F0,1,5,3,2,0,"(1,11,2,0)",33,CUT,CUT=24/33;ASSEMBLE=72/363;INSPECT=36/66,false
C1A5T3I2F1,1,5,3,2,1,"(1,11,2,1)",33,CUT,CUT=24/33;ASSEMBLE+INSPECT=108/462,true
C1A5T3I2F2,1,5,3,2,2,"(1,11,2,2)",33,CUT,CUT=24/33;ASSEMBLE+INSPECT=108/495,true
C1A5T3I2F3,1,5,3,2,3,"(1,11,2,3)",33,CUT,CUT=24/33;ASSEMBLE+INSPECT=108/528,true
C1A5T3I3F0,1,5,3,3,0,"(1,11,3,0)",33,CUT,CUT=24/33;ASSEMBLE=72/363;INSPECT=36/99,false
C1A5T3I3F1,1,5,3,3,1,"(1,11,3,1)",33,CUT,CUT=24/33;ASSEMBLE+INSPECT=108/495,true
C1A5T3I3F2,1,5,3,3,2,"(1,11,3,2)",33,CUT,CUT=24/33;ASSEMBLE+INSPECT=108/528,true
C1A5T3I3F3,1,5,3,3,3,"(1,11,3,3)",33,CUT,CUT=24/33;ASSEMBLE+INSPECT=108/561,true
C1A5T3I4F0,1,5,3,4,0,"(1,11,4,0)",33,CUT,CUT=24/33;ASSEMBLE=72/363;INSPECT=36/132,false
C1A5T3I4F1,1,5,3,4,1,"(1,11,4,1)",33,CUT,CUT=24/33;ASSEMBLE+INSPECT=108/528,true
C1A5T3I4F2,1,5,3,4,2,"(1,11,4,2)",33,CUT,CUT=24/33;ASSEMBLE+INSPECT=108/561,true
C1A5T3I4F3,1,5,3,4,3,"(1,11,4,3)",33,CUT,CUT=24/33;ASSEMBLE+INSPECT=108/594,true
C1A6T0I0F1,1,6,0,0,1,"(1,6,0,1)",44,CUT,CUT=24/44;ASSEMBLE+INSPECT=108/308,true
C1A6T0I0F2,1,6,0,0,2,"(1,6,0,2)",33,CUT,CUT=24/33;ASSEMBLE+INSPECT=108/264,true
C1A6T0I0F3,1,6,0,0,3,"(1,6,0,3)",33,CUT,CUT=24/33;ASSEMBLE+INSPECT=108/297,true
C1A6T0I1F0,1,6,0,1,0,"(1,6,1,0)",44,INSPECT,CUT=24/44;ASSEMBLE=72/264;INSPECT=36/44,false
C1A6T0I1F1,1,6,0,1,1,"(1,6,1,1)",33,CUT,CUT=24/33;ASSEMBLE+INSPECT=108/264,true
C1A6T0I1F2,1,6,0,1,2,"(1,6,1,2)",33,CUT,CUT=24/33;ASSEMBLE+INSPECT=108/297,true
C1A6T0I1F3,1,6,0,1,3,"(1,6,1,3)",33,CUT,CUT=24/33;ASSEMBLE+INSPECT=108/330,true
C1A6T0I2F0,1,6,0,2,0,"(1,6,2,0)",33,CUT,CUT=24/33;ASSEMBLE=72/198;INSPECT=36/66,false
C1A6T0I2F1,1,6,0,2,1,"(1,6,2,1)",33,CUT,CUT=24/33;ASSEMBLE+INSPECT=108/297,true
C1A6T0I2F2,1,6,0,2,2,"(1,6,2,2)",33,CUT,CUT=24/33;ASSEMBLE+INSPECT=108/330,true
C1A6T0I2F3,1,6,0,2,3,"(1,6,2,3)",33,CUT,CUT=24/33;ASSEMBLE+INSPECT=108/363,true
C1A6T0I3F0,1,6,0,3,0,"(1,6,3,0)",33,CUT,CUT=24/33;ASSEMBLE=72/198;INSPECT=36/99,false
C1A6T0I3F1,1,6,0,3,1,"(1,6,3,1)",33,CUT,CUT=24/33;ASSEMBLE+INSPECT=108/330,true
C1A6T0I3F2,1,6,0,3,2,"(1,6,3,2)",33,CUT,CUT=24/33;ASSEMBLE+INSPECT=108/363,true
C1A6T0I3F3,1,6,0,3,3,"(1,6,3,3)",33,CUT,CUT=24/33;ASSEMBLE+INSPECT=108/396,true
C1A6T0I4F0,1,6,0,4,0,"(1,6,4,0)",33,CUT,CUT=24/33;ASSEMBLE=72/198;INSPECT=36/132,false
C1A6T0I4F1,1,6,0,4,1,"(1,6,4,1)",33,CUT,CUT=24/33;ASSEMBLE+INSPECT=108/363,true
C1A6T0I4F2,1,6,0,4,2,"(1,6,4,2)",33,CUT,CUT=24/33;ASSEMBLE+INSPECT=108/396,true
C1A6T0I4F3,1,6,0,4,3,"(1,6,4,3)",33,CUT,CUT=24/33;ASSEMBLE+INSPECT=108/429,true
C1A6T1I0F1,1,6,1,0,1,"(1,8,0,1)",44,CUT,CUT=24/44;ASSEMBLE+INSPECT=108/396,true
C1A6T1I0F2,1,6,1,0,2,"(1,8,0,2)",33,CUT,CUT=24/33;ASSEMBLE+INSPECT=108/330,true
C1A6T1I0F3,1,6,1,0,3,"(1,8,0,3)",33,CUT,CUT=24/33;ASSEMBLE+INSPECT=108/363,true
C1A6T1I1F0,1,6,1,1,0,"(1,8,1,0)",44,INSPECT,CUT=24/44;ASSEMBLE=72/352;INSPECT=36/44,false
C1A6T1I1F1,1,6,1,1,1,"(1,8,1,1)",33,CUT,CUT=24/33;ASSEMBLE+INSPECT=108/330,true
C1A6T1I1F2,1,6,1,1,2,"(1,8,1,2)",33,CUT,CUT=24/33;ASSEMBLE+INSPECT=108/363,true
C1A6T1I1F3,1,6,1,1,3,"(1,8,1,3)",33,CUT,CUT=24/33;ASSEMBLE+INSPECT=108/396,true
C1A6T1I2F0,1,6,1,2,0,"(1,8,2,0)",33,CUT,CUT=24/33;ASSEMBLE=72/264;INSPECT=36/66,false
C1A6T1I2F1,1,6,1,2,1,"(1,8,2,1)",33,CUT,CUT=24/33;ASSEMBLE+INSPECT=108/363,true
C1A6T1I2F2,1,6,1,2,2,"(1,8,2,2)",33,CUT,CUT=24/33;ASSEMBLE+INSPECT=108/396,true
C1A6T1I2F3,1,6,1,2,3,"(1,8,2,3)",33,CUT,CUT=24/33;ASSEMBLE+INSPECT=108/429,true
C1A6T1I3F0,1,6,1,3,0,"(1,8,3,0)",33,CUT,CUT=24/33;ASSEMBLE=72/264;INSPECT=36/99,false
C1A6T1I3F1,1,6,1,3,1,"(1,8,3,1)",33,CUT,CUT=24/33;ASSEMBLE+INSPECT=108/396,true
C1A6T1I3F2,1,6,1,3,2,"(1,8,3,2)",33,CUT,CUT=24/33;ASSEMBLE+INSPECT=108/429,true
C1A6T1I3F3,1,6,1,3,3,"(1,8,3,3)",33,CUT,CUT=24/33;ASSEMBLE+INSPECT=108/462,true
C1A6T1I4F0,1,6,1,4,0,"(1,8,4,0)",33,CUT,CUT=24/33;ASSEMBLE=72/264;INSPECT=36/132,false
C1A6T1I4F1,1,6,1,4,1,"(1,8,4,1)",33,CUT,CUT=24/33;ASSEMBLE+INSPECT=108/429,true
C1A6T1I4F2,1,6,1,4,2,"(1,8,4,2)",33,CUT,CUT=24/33;ASSEMBLE+INSPECT=108/462,true
C1A6T1I4F3,1,6,1,4,3,"(1,8,4,3)",33,CUT,CUT=24/33;ASSEMBLE+INSPECT=108/495,true
C1A6T2I0F1,1,6,2,0,1,"(1,10,0,1)",44,CUT,CUT=24/44;ASSEMBLE+INSPECT=108/484,true
C1A6T2I0F2,1,6,2,0,2,"(1,10,0,2)",33,CUT,CUT=24/33;ASSEMBLE+INSPECT=108/396,true
C1A6T2I0F3,1,6,2,0,3,"(1,10,0,3)",33,CUT,CUT=24/33;ASSEMBLE+INSPECT=108/429,true
C1A6T2I1F0,1,6,2,1,0,"(1,10,1,0)",44,INSPECT,CUT=24/44;ASSEMBLE=72/440;INSPECT=36/44,false
C1A6T2I1F1,1,6,2,1,1,"(1,10,1,1)",33,CUT,CUT=24/33;ASSEMBLE+INSPECT=108/396,true
C1A6T2I1F2,1,6,2,1,2,"(1,10,1,2)",33,CUT,CUT=24/33;ASSEMBLE+INSPECT=108/429,true
C1A6T2I1F3,1,6,2,1,3,"(1,10,1,3)",33,CUT,CUT=24/33;ASSEMBLE+INSPECT=108/462,true
C1A6T2I2F0,1,6,2,2,0,"(1,10,2,0)",33,CUT,CUT=24/33;ASSEMBLE=72/330;INSPECT=36/66,false
C1A6T2I2F1,1,6,2,2,1,"(1,10,2,1)",33,CUT,CUT=24/33;ASSEMBLE+INSPECT=108/429,true
C1A6T2I2F2,1,6,2,2,2,"(1,10,2,2)",33,CUT,CUT=24/33;ASSEMBLE+INSPECT=108/462,true
C1A6T2I2F3,1,6,2,2,3,"(1,10,2,3)",33,CUT,CUT=24/33;ASSEMBLE+INSPECT=108/495,true
C1A6T2I3F0,1,6,2,3,0,"(1,10,3,0)",33,CUT,CUT=24/33;ASSEMBLE=72/330;INSPECT=36/99,false
C1A6T2I3F1,1,6,2,3,1,"(1,10,3,1)",33,CUT,CUT=24/33;ASSEMBLE+INSPECT=108/462,true
C1A6T2I3F2,1,6,2,3,2,"(1,10,3,2)",33,CUT,CUT=24/33;ASSEMBLE+INSPECT=108/495,true
C1A6T2I3F3,1,6,2,3,3,"(1,10,3,3)",33,CUT,CUT=24/33;ASSEMBLE+INSPECT=108/528,true
C1A6T2I4F0,1,6,2,4,0,"(1,10,4,0)",33,CUT,CUT=24/33;ASSEMBLE=72/330;INSPECT=36/132,false
C1A6T2I4F1,1,6,2,4,1,"(1,10,4,1)",33,CUT,CUT=24/33;ASSEMBLE+INSPECT=108/495,true
C1A6T2I4F2,1,6,2,4,2,"(1,10,4,2)",33,CUT,CUT=24/33;ASSEMBLE+INSPECT=108/528,true
C1A6T2I4F3,1,6,2,4,3,"(1,10,4,3)",33,CUT,CUT=24/33;ASSEMBLE+INSPECT=108/561,true
C1A6T3I0F1,1,6,3,0,1,"(1,12,0,1)",44,CUT,CUT=24/44;ASSEMBLE+INSPECT=108/572,true
C1A6T3I0F2,1,6,3,0,2,"(1,12,0,2)",33,CUT,CUT=24/33;ASSEMBLE+INSPECT=108/462,true
C1A6T3I0F3,1,6,3,0,3,"(1,12,0,3)",33,CUT,CUT=24/33;ASSEMBLE+INSPECT=108/495,true
C1A6T3I1F0,1,6,3,1,0,"(1,12,1,0)",44,INSPECT,CUT=24/44;ASSEMBLE=72/528;INSPECT=36/44,false
C1A6T3I1F1,1,6,3,1,1,"(1,12,1,1)",33,CUT,CUT=24/33;ASSEMBLE+INSPECT=108/462,true
C1A6T3I1F2,1,6,3,1,2,"(1,12,1,2)",33,CUT,CUT=24/33;ASSEMBLE+INSPECT=108/495,true
C1A6T3I1F3,1,6,3,1,3,"(1,12,1,3)",33,CUT,CUT=24/33;ASSEMBLE+INSPECT=108/528,true
C1A6T3I2F0,1,6,3,2,0,"(1,12,2,0)",33,CUT,CUT=24/33;ASSEMBLE=72/396;INSPECT=36/66,false
C1A6T3I2F1,1,6,3,2,1,"(1,12,2,1)",33,CUT,CUT=24/33;ASSEMBLE+INSPECT=108/495,true
C1A6T3I2F2,1,6,3,2,2,"(1,12,2,2)",33,CUT,CUT=24/33;ASSEMBLE+INSPECT=108/528,true
C1A6T3I2F3,1,6,3,2,3,"(1,12,2,3)",33,CUT,CUT=24/33;ASSEMBLE+INSPECT=108/561,true
C1A6T3I3F0,1,6,3,3,0,"(1,12,3,0)",33,CUT,CUT=24/33;ASSEMBLE=72/396;INSPECT=36/99,false
C1A6T3I3F1,1,6,3,3,1,"(1,12,3,1)",33,CUT,CUT=24/33;ASSEMBLE+INSPECT=108/528,true
C1A6T3I3F2,1,6,3,3,2,"(1,12,3,2)",33,CUT,CUT=24/33;ASSEMBLE+INSPECT=108/561,true
C1A6T3I3F3,1,6,3,3,3,"(1,12,3,3)",33,CUT,CUT=24/33;ASSEMBLE+INSPECT=108/594,true
C1A6T3I4F0,1,6,3,4,0,"(1,12,4,0)",33,CUT,CUT=24/33;ASSEMBLE=72/396;INSPECT=36/132,false
C1A6T3I4F1,1,6,3,4,1,"(1,12,4,1)",33,CUT,CUT=24/33;ASSEMBLE+INSPECT=108/561,true
C1A6T3I4F2,1,6,3,4,2,"(1,12,4,2)",33,CUT,CUT=24/33;ASSEMBLE+INSPECT=108/594,true
C1A6T3I4F3,1,6,3,4,3,"(1,12,4,3)",33,CUT,CUT=24/33;ASSEMBLE+INSPECT=108/627,true
C2A0T0I0F1,2,0,0,0,1,"(2,0,0,1)",110,ASSEMBLE+INSPECT,CUT=24/220;ASSEMBLE+INSPECT=108/110,true
C2A0T0I0F2,2,0,0,0,2,"(2,0,0,2)",56,ASSEMBLE+INSPECT,CUT=24/112;ASSEMBLE+INSPECT=108/112,true
C2A0T0I0F3,2,0,0,0,3,"(2,0,0,3)",40,ASSEMBLE+INSPECT,CUT=24/80;ASSEMBLE+INSPECT=108/120,true
C2A0T0I1F1,2,0,0,1,1,"(2,0,1,1)",77,ASSEMBLE+INSPECT,CUT=24/154;ASSEMBLE+INSPECT=108/154,true
C2A0T0I1F2,2,0,0,1,2,"(2,0,1,2)",47,ASSEMBLE+INSPECT,CUT=24/94;ASSEMBLE+INSPECT=108/141,true
C2A0T0I1F3,2,0,0,1,3,"(2,0,1,3)",38,ASSEMBLE+INSPECT,CUT=24/76;ASSEMBLE+INSPECT=108/152,true
C2A0T0I2F1,2,0,0,2,1,"(2,0,2,1)",77,ASSEMBLE+INSPECT,CUT=24/154;ASSEMBLE+INSPECT=108/231,true
C2A0T0I2F2,2,0,0,2,2,"(2,0,2,2)",41,ASSEMBLE+INSPECT,CUT=24/82;ASSEMBLE+INSPECT=108/164,true
C2A0T0I2F3,2,0,0,2,3,"(2,0,2,3)",34,ASSEMBLE+INSPECT,CUT=24/68;ASSEMBLE+INSPECT=108/170,true
C2A0T0I3F1,2,0,0,3,1,"(2,0,3,1)",77,ASSEMBLE+INSPECT,CUT=24/154;ASSEMBLE+INSPECT=108/308,true
C2A0T0I3F2,2,0,0,3,2,"(2,0,3,2)",41,ASSEMBLE+INSPECT,CUT=24/82;ASSEMBLE+INSPECT=108/205,true
C2A0T0I3F3,2,0,0,3,3,"(2,0,3,3)",31,ASSEMBLE+INSPECT,CUT=24/62;ASSEMBLE+INSPECT=108/186,true
C2A0T0I4F1,2,0,0,4,1,"(2,0,4,1)",77,ASSEMBLE+INSPECT,CUT=24/154;ASSEMBLE+INSPECT=108/385,true
C2A0T0I4F2,2,0,0,4,2,"(2,0,4,2)",41,ASSEMBLE+INSPECT,CUT=24/82;ASSEMBLE+INSPECT=108/246,true
C2A0T0I4F3,2,0,0,4,3,"(2,0,4,3)",31,ASSEMBLE+INSPECT,CUT=24/62;ASSEMBLE+INSPECT=108/217,true
C2A0T1I0F1,2,0,1,0,1,"(2,2,0,1)",44,ASSEMBLE+INSPECT,CUT=24/88;ASSEMBLE+INSPECT=108/132,true
C2A0T1I0F2,2,0,1,0,2,"(2,2,0,2)",32,ASSEMBLE+INSPECT,CUT=24/64;ASSEMBLE+INSPECT=108/128,true
C2A0T1I0F3,2,0,1,0,3,"(2,2,0,3)",28,ASSEMBLE+INSPECT,CUT=24/56;ASSEMBLE+INSPECT=108/140,true
C2A0T1I1F0,2,0,1,1,0,"(2,2,1,0)",44,ASSEMBLE|INSPECT,CUT=24/88;ASSEMBLE=72/88;INSPECT=36/44,false
C2A0T1I1F1,2,0,1,1,1,"(2,2,1,1)",35,ASSEMBLE+INSPECT,CUT=24/70;ASSEMBLE+INSPECT=108/140,true
C2A0T1I1F2,2,0,1,1,2,"(2,2,1,2)",29,ASSEMBLE+INSPECT,CUT=24/58;ASSEMBLE+INSPECT=108/145,true
C2A0T1I1F3,2,0,1,1,3,"(2,2,1,3)",26,ASSEMBLE+INSPECT,CUT=24/52;ASSEMBLE+INSPECT=108/156,true
C2A0T1I2F0,2,0,1,2,0,"(2,2,2,0)",41,ASSEMBLE,CUT=24/82;ASSEMBLE=72/82;INSPECT=36/82,false
C2A0T1I2F1,2,0,1,2,1,"(2,2,2,1)",31,ASSEMBLE+INSPECT,CUT=24/62;ASSEMBLE+INSPECT=108/155,true
C2A0T1I2F2,2,0,1,2,2,"(2,2,2,2)",26,ASSEMBLE+INSPECT,CUT=24/52;ASSEMBLE+INSPECT=108/156,true
C2A0T1I2F3,2,0,1,2,3,"(2,2,2,3)",25,ASSEMBLE+INSPECT,CUT=24/50;ASSEMBLE+INSPECT=108/175,true
C2A0T1I3F0,2,0,1,3,0,"(2,2,3,0)",41,ASSEMBLE,CUT=24/82;ASSEMBLE=72/82;INSPECT=36/123,false
C2A0T1I3F1,2,0,1,3,1,"(2,2,3,1)",31,ASSEMBLE+INSPECT,CUT=24/62;ASSEMBLE+INSPECT=108/186,true
C2A0T1I3F2,2,0,1,3,2,"(2,2,3,2)",25,ASSEMBLE+INSPECT,CUT=24/50;ASSEMBLE+INSPECT=108/175,true
C2A0T1I3F3,2,0,1,3,3,"(2,2,3,3)",25,ASSEMBLE+INSPECT,CUT=24/50;ASSEMBLE+INSPECT=108/200,true
C2A0T1I4F0,2,0,1,4,0,"(2,2,4,0)",41,ASSEMBLE,CUT=24/82;ASSEMBLE=72/82;INSPECT=36/164,false
C2A0T1I4F1,2,0,1,4,1,"(2,2,4,1)",31,ASSEMBLE+INSPECT,CUT=24/62;ASSEMBLE+INSPECT=108/217,true
C2A0T1I4F2,2,0,1,4,2,"(2,2,4,2)",25,ASSEMBLE+INSPECT,CUT=24/50;ASSEMBLE+INSPECT=108/200,true
C2A0T1I4F3,2,0,1,4,3,"(2,2,4,3)",25,CUT|ASSEMBLE+INSPECT,CUT=24/50;ASSEMBLE+INSPECT=108/225,true
C2A0T2I0F1,2,0,2,0,1,"(2,4,0,1)",44,ASSEMBLE+INSPECT,CUT=24/88;ASSEMBLE+INSPECT=108/220,true
C2A0T2I0F2,2,0,2,0,2,"(2,4,0,2)",26,ASSEMBLE+INSPECT,CUT=24/52;ASSEMBLE+INSPECT=108/156,true
C2A0T2I0F3,2,0,2,0,3,"(2,4,0,3)",23,ASSEMBLE+INSPECT,CUT=24/46;ASSEMBLE+INSPECT=108/161,true
C2A0T2I1F0,2,0,2,1,0,"(2,4,1,0)",44,INSPECT,CUT=24/88;ASSEMBLE=72/176;INSPECT=36/44,false
C2A0T2I1F1,2,0,2,1,1,"(2,4,1,1)",29,ASSEMBLE+INSPECT,CUT=24/58;ASSEMBLE+INSPECT=108/174,true
C2A0T2I1F2,2,0,2,1,2,"(2,4,1,2)",25,ASSEMBLE+INSPECT,CUT=24/50;ASSEMBLE+INSPECT=108/175,true
C2A0T2I1F3,2,0,2,1,3,"(2,4,1,3)",22,ASSEMBLE+INSPECT,CUT=24/44;ASSEMBLE+INSPECT=108/176,true
C2A0T2I2F0,2,0,2,2,0,"(2,4,2,0)",26,ASSEMBLE|INSPECT,CUT=24/52;ASSEMBLE=72/104;INSPECT=36/52,false
C2A0T2I2F1,2,0,2,2,1,"(2,4,2,1)",25,ASSEMBLE+INSPECT,CUT=24/50;ASSEMBLE+INSPECT=108/175,true
C2A0T2I2F2,2,0,2,2,2,"(2,4,2,2)",22,ASSEMBLE+INSPECT,CUT=24/44;ASSEMBLE+INSPECT=108/176,true
C2A0T2I2F3,2,0,2,2,3,"(2,4,2,3)",21,CUT|ASSEMBLE+INSPECT,CUT=24/42;ASSEMBLE+INSPECT=108/189,true
C2A0T2I3F0,2,0,2,3,0,"(2,4,3,0)",26,ASSEMBLE,CUT=24/52;ASSEMBLE=72/104;INSPECT=36/78,false
C2A0T2I3F1,2,0,2,3,1,"(2,4,3,1)",23,ASSEMBLE+INSPECT,CUT=24/46;ASSEMBLE+INSPECT=108/184,true
C2A0T2I3F2,2,0,2,3,2,"(2,4,3,2)",22,CUT|ASSEMBLE+INSPECT,CUT=24/44;ASSEMBLE+INSPECT=108/198,true
C2A0T2I3F3,2,0,2,3,3,"(2,4,3,3)",21,CUT,CUT=24/42;ASSEMBLE+INSPECT=108/210,true
C2A0T2I4F0,2,0,2,4,0,"(2,4,4,0)",25,ASSEMBLE,CUT=24/50;ASSEMBLE=72/100;INSPECT=36/100,false
C2A0T2I4F1,2,0,2,4,1,"(2,4,4,1)",23,CUT|ASSEMBLE+INSPECT,CUT=24/46;ASSEMBLE+INSPECT=108/207,true
C2A0T2I4F2,2,0,2,4,2,"(2,4,4,2)",21,CUT,CUT=24/42;ASSEMBLE+INSPECT=108/210,true
C2A0T2I4F3,2,0,2,4,3,"(2,4,4,3)",21,CUT,CUT=24/42;ASSEMBLE+INSPECT=108/231,true
C2A0T3I0F1,2,0,3,0,1,"(2,6,0,1)",44,ASSEMBLE+INSPECT,CUT=24/88;ASSEMBLE+INSPECT=108/308,true
C2A0T3I0F2,2,0,3,0,2,"(2,6,0,2)",26,ASSEMBLE+INSPECT,CUT=24/52;ASSEMBLE+INSPECT=108/208,true
C2A0T3I0F3,2,0,3,0,3,"(2,6,0,3)",22,CUT|ASSEMBLE+INSPECT,CUT=24/44;ASSEMBLE+INSPECT=108/198,true
C2A0T3I1F0,2,0,3,1,0,"(2,6,1,0)",44,INSPECT,CUT=24/88;ASSEMBLE=72/264;INSPECT=36/44,false
C2A0T3I1F1,2,0,3,1,1,"(2,6,1,1)",26,ASSEMBLE+INSPECT,CUT=24/52;ASSEMBLE+INSPECT=108/208,true
C2A0T3I1F2,2,0,3,1,2,"(2,6,1,2)",22,CUT|ASSEMBLE+INSPECT,CUT=24/44;ASSEMBLE+INSPECT=108/198,true
C2A0T3I1F3,2,0,3,1,3,"(2,6,1,3)",21,CUT,CUT=24/42;ASSEMBLE+INSPECT=108/210,true
C2A0T3I2F0,2,0,3,2,0,"(2,6,2,0)",26,INSPECT,CUT=24/52;ASSEMBLE=72/156;INSPECT=36/52,false
C2A0T3I2F1,2,0,3,2,1,"(2,6,2,1)",22,CUT|ASSEMBLE+INSPECT,CUT=24/44;ASSEMBLE+INSPECT=108/198,true
C2A0T3I2F2,2,0,3,2,2,"(2,6,2,2)",21,CUT,CUT=24/42;ASSEMBLE+INSPECT=108/210,true
C2A0T3I2F3,2,0,3,2,3,"(2,6,2,3)",21,CUT,CUT=24/42;ASSEMBLE+INSPECT=108/231,true
C2A0T3I3F0,2,0,3,3,0,"(2,6,3,0)",22,CUT|ASSEMBLE|INSPECT,CUT=24/44;ASSEMBLE=72/132;INSPECT=36/66,false
C2A0T3I3F1,2,0,3,3,1,"(2,6,3,1)",21,CUT,CUT=24/42;ASSEMBLE+INSPECT=108/210,true
C2A0T3I3F2,2,0,3,3,2,"(2,6,3,2)",21,CUT,CUT=24/42;ASSEMBLE+INSPECT=108/231,true
C2A0T3I3F3,2,0,3,3,3,"(2,6,3,3)",21,CUT,CUT=24/42;ASSEMBLE+INSPECT=108/252,true
C2A0T3I4F0,2,0,3,4,0,"(2,6,4,0)",21,CUT|ASSEMBLE,CUT=24/42;ASSEMBLE=72/126;INSPECT=36/84,false
C2A0T3I4F1,2,0,3,4,1,"(2,6,4,1)",21,CUT,CUT=24/42;ASSEMBLE+INSPECT=108/231,true
C2A0T3I4F2,2,0,3,4,2,"(2,6,4,2)",21,CUT,CUT=24/42;ASSEMBLE+INSPECT=108/252,true
C2A0T3I4F3,2,0,3,4,3,"(2,6,4,3)",21,CUT,CUT=24/42;ASSEMBLE+INSPECT=108/273,true
C2A1T0I0F1,2,1,0,0,1,"(2,1,0,1)",59,ASSEMBLE+INSPECT,CUT=24/118;ASSEMBLE+INSPECT=108/118,true
C2A1T0I0F2,2,1,0,0,2,"(2,1,0,2)",41,ASSEMBLE+INSPECT,CUT=24/82;ASSEMBLE+INSPECT=108/123,true
C2A1T0I0F3,2,1,0,0,3,"(2,1,0,3)",32,ASSEMBLE+INSPECT,CUT=24/64;ASSEMBLE+INSPECT=108/128,true
C2A1T0I1F0,2,1,0,1,0,"(2,1,1,0)",77,ASSEMBLE,CUT=24/154;ASSEMBLE=72/77;INSPECT=36/77,false
C2A1T0I1F1,2,1,0,1,1,"(2,1,1,1)",47,ASSEMBLE+INSPECT,CUT=24/94;ASSEMBLE+INSPECT=108/141,true
C2A1T0I1F2,2,1,0,1,2,"(2,1,1,2)",35,ASSEMBLE+INSPECT,CUT=24/70;ASSEMBLE+INSPECT=108/140,true
C2A1T0I1F3,2,1,0,1,3,"(2,1,1,3)",31,ASSEMBLE+INSPECT,CUT=24/62;ASSEMBLE+INSPECT=108/155,true
C2A1T0I2F0,2,1,0,2,0,"(2,1,2,0)",77,ASSEMBLE,CUT=24/154;ASSEMBLE=72/77;INSPECT=36/154,false
C2A1T0I2F1,2,1,0,2,1,"(2,1,2,1)",41,ASSEMBLE+INSPECT,CUT=24/82;ASSEMBLE+INSPECT=108/164,true
C2A1T0I2F2,2,1,0,2,2,"(2,1,2,2)",35,ASSEMBLE+INSPECT,CUT=24/70;ASSEMBLE+INSPECT=108/175,true
C2A1T0I2F3,2,1,0,2,3,"(2,1,2,3)",28,ASSEMBLE+INSPECT,CUT=24/56;ASSEMBLE+INSPECT=108/168,true
C2A1T0I3F0,2,1,0,3,0,"(2,1,3,0)",77,ASSEMBLE,CUT=24/154;ASSEMBLE=72/77;INSPECT=36/231,false
C2A1T0I3F1,2,1,0,3,1,"(2,1,3,1)",41,ASSEMBLE+INSPECT,CUT=24/82;ASSEMBLE+INSPECT=108/205,true
C2A1T0I3F2,2,1,0,3,2,"(2,1,3,2)",31,ASSEMBLE+INSPECT,CUT=24/62;ASSEMBLE+INSPECT=108/186,true
C2A1T0I3F3,2,1,0,3,3,"(2,1,3,3)",25,ASSEMBLE+INSPECT,CUT=24/50;ASSEMBLE+INSPECT=108/175,true
C2A1T0I4F0,2,1,0,4,0,"(2,1,4,0)",77,ASSEMBLE,CUT=24/154;ASSEMBLE=72/77;INSPECT=36/308,false
C2A1T0I4F1,2,1,0,4,1,"(2,1,4,1)",41,ASSEMBLE+INSPECT,CUT=24/82;ASSEMBLE+INSPECT=108/246,true
C2A1T0I4F2,2,1,0,4,2,"(2,1,4,2)",31,ASSEMBLE+INSPECT,CUT=24/62;ASSEMBLE+INSPECT=108/217,true
C2A1T0I4F3,2,1,0,4,3,"(2,1,4,3)",25,ASSEMBLE+INSPECT,CUT=24/50;ASSEMBLE+INSPECT=108/200,true
C2A1T1I0F1,2,1,1,0,1,"(2,3,0,1)",44,ASSEMBLE+INSPECT,CUT=24/88;ASSEMBLE+INSPECT=108/176,true
C2A1T1I0F2,2,1,1,0,2,"(2,3,0,2)",29,ASSEMBLE+INSPECT,CUT=24/58;ASSEMBLE+INSPECT=108/145,true
C2A1T1I0F3,2,1,1,0,3,"(2,3,0,3)",26,ASSEMBLE+INSPECT,CUT=24/52;ASSEMBLE+INSPECT=108/156,true
C2A1T1I1F0,2,1,1,1,0,"(2,3,1,0)",44,INSPECT,CUT=24/88;ASSEMBLE=72/132;INSPECT=36/44,false
C2A1T1I1F1,2,1,1,1,1,"(2,3,1,1)",29,ASSEMBLE+INSPECT,CUT=24/58;ASSEMBLE+INSPECT=108/145,true
C2A1T1I1F2,2,1,1,1,2,"(2,3,1,2)",26,ASSEMBLE+INSPECT,CUT=24/52;ASSEMBLE+INSPECT=108/156,true
C2A1T1I1F3,2,1,1,1,3,"(2,3,1,3)",25,ASSEMBLE+INSPECT,CUT=24/50;ASSEMBLE+INSPECT=108/175,true
C2A1T1I2F0,2,1,1,2,0,"(2,3,2,0)",32,ASSEMBLE,CUT=24/64;ASSEMBLE=72/96;INSPECT=36/64,false
C2A1T1I2F1,2,1,1,2,1,"(2,3,2,1)",26,ASSEMBLE+INSPECT,CUT=24/52;ASSEMBLE+INSPECT=108/156,true
C2A1T1I2F2,2,1,1,2,2,"(2,3,2,2)",25,ASSEMBLE+INSPECT,CUT=24/50;ASSEMBLE+INSPECT=108/175,true
C2A1T1I2F3,2,1,1,2,3,"(2,3,2,3)",22,ASSEMBLE+INSPECT,CUT=24/44;ASSEMBLE+INSPECT=108/176,true
C2A1T1I3F0,2,1,1,3,0,"(2,3,3,0)",31,ASSEMBLE,CUT=24/62;ASSEMBLE=72/93;INSPECT=36/93,false
C2A1T1I3F1,2,1,1,3,1,"(2,3,3,1)",25,ASSEMBLE+INSPECT,CUT=24/50;ASSEMBLE+INSPECT=108/175,true
C2A1T1I3F2,2,1,1,3,2,"(2,3,3,2)",25,ASSEMBLE+INSPECT,CUT=24/50;ASSEMBLE+INSPECT=108/200,true
C2A1T1I3F3,2,1,1,3,3,"(2,3,3,3)",21,CUT|ASSEMBLE+INSPECT,CUT=24/42;ASSEMBLE+INSPECT=108/189,true
C2A1T1I4F0,2,1,1,4,0,"(2,3,4,0)",31,ASSEMBLE,CUT=24/62;ASSEMBLE=72/93;INSPECT=36/124,false
C2A1T1I4F1,2,1,1,4,1,"(2,3,4,1)",25,ASSEMBLE+INSPECT,CUT=24/50;ASSEMBLE+INSPECT=108/200,true
C2A1T1I4F2,2,1,1,4,2,"(2,3,4,2)",25,CUT|ASSEMBLE+INSPECT,CUT=24/50;ASSEMBLE+INSPECT=108/225,true
C2A1T1I4F3,2,1,1,4,3,"(2,3,4,3)",21,CUT,CUT=24/42;ASSEMBLE+INSPECT=108/210,true
C2A1T2I0F1,2,1,2,0,1,"(2,5,0,1)",44,ASSEMBLE+INSPECT,CUT=24/88;ASSEMBLE+INSPECT=108/264,true
C2A1T2I0F2,2,1,2,0,2,"(2,5,0,2)",26,ASSEMBLE+INSPECT,CUT=24/52;ASSEMBLE+INSPECT=108/182,true
C2A1T2I0F3,2,1,2,0,3,"(2,5,0,3)",23,ASSEMBLE+INSPECT,CUT=24/46;ASSEMBLE+INSPECT=108/184,true
C2A1T2I1F0,2,1,2,1,0,"(2,5,1,0)",44,INSPECT,CUT=24/88;ASSEMBLE=72/220;INSPECT=36/44,false
C2A1T2I1F1,2,1,2,1,1,"(2,5,1,1)",26,ASSEMBLE+INSPECT,CUT=24/52;ASSEMBLE+INSPECT=108/182,true
C2A1T2I1F2,2,1,2,1,2,"(2,5,1,2)",23,ASSEMBLE+INSPECT,CUT=24/46;ASSEMBLE+INSPECT=108/184,true
C2A1T2I1F3,2,1,2,1,3,"(2,5,1,3)",21,CUT|ASSEMBLE+INSPECT,CUT=24/42;ASSEMBLE+INSPECT=108/189,true
C2A1T2I2F0,2,1,2,2,0,"(2,5,2,0)",26,INSPECT,CUT=24/52;ASSEMBLE=72/130;INSPECT=36/52,false
C2A1T2I2F1,2,1,2,2,1,"(2,5,2,1)",23,ASSEMBLE+INSPECT,CUT=24/46;ASSEMBLE+INSPECT=108/184,true
C2A1T2I2F2,2,1,2,2,2,"(2,5,2,2)",22,CUT|ASSEMBLE+INSPECT,CUT=24/44;ASSEMBLE+INSPECT=108/198,true
C2A1T2I2F3,2,1,2,2,3,"(2,5,2,3)",21,CUT,CUT=24/42;ASSEMBLE+INSPECT=108/210,true
C2A1T2I3F0,2,1,2,3,0,"(2,5,3,0)",23,ASSEMBLE,CUT=24/46;ASSEMBLE=72/115;INSPECT=36/69,false
C2A1T2I3F1,2,1,2,3,1,"(2,5,3,1)",22,CUT|ASSEMBLE+INSPECT,CUT=24/44;ASSEMBLE+INSPECT=108/198,true
C2A1T2I3F2,2,1,2,3,2,"(2,5,3,2)",21,CUT,CUT=24/42;ASSEMBLE+INSPECT=108/210,true
C2A1T2I3F3,2,1,2,3,3,"(2,5,3,3)",21,CUT,CUT=24/42;ASSEMBLE+INSPECT=108/231,true
C2A1T2I4F0,2,1,2,4,0,"(2,5,4,0)",23,ASSEMBLE,CUT=24/46;ASSEMBLE=72/115;INSPECT=36/92,false
C2A1T2I4F1,2,1,2,4,1,"(2,5,4,1)",21,CUT,CUT=24/42;ASSEMBLE+INSPECT=108/210,true
C2A1T2I4F2,2,1,2,4,2,"(2,5,4,2)",21,CUT,CUT=24/42;ASSEMBLE+INSPECT=108/231,true
C2A1T2I4F3,2,1,2,4,3,"(2,5,4,3)",21,CUT,CUT=24/42;ASSEMBLE+INSPECT=108/252,true
C2A1T3I0F1,2,1,3,0,1,"(2,7,0,1)",44,ASSEMBLE+INSPECT,CUT=24/88;ASSEMBLE+INSPECT=108/352,true
C2A1T3I0F2,2,1,3,0,2,"(2,7,0,2)",26,CUT|ASSEMBLE+INSPECT,CUT=24/52;ASSEMBLE+INSPECT=108/234,true
C2A1T3I0F3,2,1,3,0,3,"(2,7,0,3)",22,CUT,CUT=24/44;ASSEMBLE+INSPECT=108/220,true
C2A1T3I1F0,2,1,3,1,0,"(2,7,1,0)",44,INSPECT,CUT=24/88;ASSEMBLE=72/308;INSPECT=36/44,false
C2A1T3I1F1,2,1,3,1,1,"(2,7,1,1)",26,CUT|ASSEMBLE+INSPECT,CUT=24/52;ASSEMBLE+INSPECT=108/234,true
C2A1T3I1F2,2,1,3,1,2,"(2,7,1,2)",22,CUT,CUT=24/44;ASSEMBLE+INSPECT=108/220,true
C2A1T3I1F3,2,1,3,1,3,"(2,7,1,3)",21,CUT,CUT=24/42;ASSEMBLE+INSPECT=108/231,true
C2A1T3I2F0,2,1,3,2,0,"(2,7,2,0)",26,INSPECT,CUT=24/52;ASSEMBLE=72/182;INSPECT=36/52,false
C2A1T3I2F1,2,1,3,2,1,"(2,7,2,1)",22,CUT,CUT=24/44;ASSEMBLE+INSPECT=108/220,true
C2A1T3I2F2,2,1,3,2,2,"(2,7,2,2)",21,CUT,CUT=24/42;ASSEMBLE+INSPECT=108/231,true
C2A1T3I2F3,2,1,3,2,3,"(2,7,2,3)",21,CUT,CUT=24/42;ASSEMBLE+INSPECT=108/252,true
C2A1T3I3F0,2,1,3,3,0,"(2,7,3,0)",22,CUT|INSPECT,CUT=24/44;ASSEMBLE=72/154;INSPECT=36/66,false
C2A1T3I3F1,2,1,3,3,1,"(2,7,3,1)",21,CUT,CUT=24/42;ASSEMBLE+INSPECT=108/231,true
C2A1T3I3F2,2,1,3,3,2,"(2,7,3,2)",21,CUT,CUT=24/42;ASSEMBLE+INSPECT=108/252,true
C2A1T3I3F3,2,1,3,3,3,"(2,7,3,3)",21,CUT,CUT=24/42;ASSEMBLE+INSPECT=108/273,true
C2A1T3I4F0,2,1,3,4,0,"(2,7,4,0)",21,CUT,CUT=24/42;ASSEMBLE=72/147;INSPECT=36/84,false
C2A1T3I4F1,2,1,3,4,1,"(2,7,4,1)",21,CUT,CUT=24/42;ASSEMBLE+INSPECT=108/252,true
C2A1T3I4F2,2,1,3,4,2,"(2,7,4,2)",21,CUT,CUT=24/42;ASSEMBLE+INSPECT=108/273,true
C2A1T3I4F3,2,1,3,4,3,"(2,7,4,3)",21,CUT,CUT=24/42;ASSEMBLE+INSPECT=108/294,true
C2A2T0I0F1,2,2,0,0,1,"(2,2,0,1)",44,ASSEMBLE+INSPECT,CUT=24/88;ASSEMBLE+INSPECT=108/132,true
C2A2T0I0F2,2,2,0,0,2,"(2,2,0,2)",32,ASSEMBLE+INSPECT,CUT=24/64;ASSEMBLE+INSPECT=108/128,true
C2A2T0I0F3,2,2,0,0,3,"(2,2,0,3)",28,ASSEMBLE+INSPECT,CUT=24/56;ASSEMBLE+INSPECT=108/140,true
C2A2T0I1F0,2,2,0,1,0,"(2,2,1,0)",44,ASSEMBLE|INSPECT,CUT=24/88;ASSEMBLE=72/88;INSPECT=36/44,false
C2A2T0I1F1,2,2,0,1,1,"(2,2,1,1)",35,ASSEMBLE+INSPECT,CUT=24/70;ASSEMBLE+INSPECT=108/140,true
C2A2T0I1F2,2,2,0,1,2,"(2,2,1,2)",29,ASSEMBLE+INSPECT,CUT=24/58;ASSEMBLE+INSPECT=108/145,true
C2A2T0I1F3,2,2,0,1,3,"(2,2,1,3)",26,ASSEMBLE+INSPECT,CUT=24/52;ASSEMBLE+INSPECT=108/156,true
C2A2T0I2F0,2,2,0,2,0,"(2,2,2,0)",41,ASSEMBLE,CUT=24/82;ASSEMBLE=72/82;INSPECT=36/82,false
C2A2T0I2F1,2,2,0,2,1,"(2,2,2,1)",31,ASSEMBLE+INSPECT,CUT=24/62;ASSEMBLE+INSPECT=108/155,true
C2A2T0I2F2,2,2,0,2,2,"(2,2,2,2)",26,ASSEMBLE+INSPECT,CUT=24/52;ASSEMBLE+INSPECT=108/156,true
C2A2T0I2F3,2,2,0,2,3,"(2,2,2,3)",25,ASSEMBLE+INSPECT,CUT=24/50;ASSEMBLE+INSPECT=108/175,true
C2A2T0I3F0,2,2,0,3,0,"(2,2,3,0)",41,ASSEMBLE,CUT=24/82;ASSEMBLE=72/82;INSPECT=36/123,false
C2A2T0I3F1,2,2,0,3,1,"(2,2,3,1)",31,ASSEMBLE+INSPECT,CUT=24/62;ASSEMBLE+INSPECT=108/186,true
C2A2T0I3F2,2,2,0,3,2,"(2,2,3,2)",25,ASSEMBLE+INSPECT,CUT=24/50;ASSEMBLE+INSPECT=108/175,true
C2A2T0I3F3,2,2,0,3,3,"(2,2,3,3)",25,ASSEMBLE+INSPECT,CUT=24/50;ASSEMBLE+INSPECT=108/200,true
C2A2T0I4F0,2,2,0,4,0,"(2,2,4,0)",41,ASSEMBLE,CUT=24/82;ASSEMBLE=72/82;INSPECT=36/164,false
C2A2T0I4F1,2,2,0,4,1,"(2,2,4,1)",31,ASSEMBLE+INSPECT,CUT=24/62;ASSEMBLE+INSPECT=108/217,true
C2A2T0I4F2,2,2,0,4,2,"(2,2,4,2)",25,ASSEMBLE+INSPECT,CUT=24/50;ASSEMBLE+INSPECT=108/200,true
C2A2T0I4F3,2,2,0,4,3,"(2,2,4,3)",25,CUT|ASSEMBLE+INSPECT,CUT=24/50;ASSEMBLE+INSPECT=108/225,true
C2A2T1I0F1,2,2,1,0,1,"(2,4,0,1)",44,ASSEMBLE+INSPECT,CUT=24/88;ASSEMBLE+INSPECT=108/220,true
C2A2T1I0F2,2,2,1,0,2,"(2,4,0,2)",26,ASSEMBLE+INSPECT,CUT=24/52;ASSEMBLE+INSPECT=108/156,true
C2A2T1I0F3,2,2,1,0,3,"(2,4,0,3)",23,ASSEMBLE+INSPECT,CUT=24/46;ASSEMBLE+INSPECT=108/161,true
C2A2T1I1F0,2,2,1,1,0,"(2,4,1,0)",44,INSPECT,CUT=24/88;ASSEMBLE=72/176;INSPECT=36/44,false
C2A2T1I1F1,2,2,1,1,1,"(2,4,1,1)",29,ASSEMBLE+INSPECT,CUT=24/58;ASSEMBLE+INSPECT=108/174,true
C2A2T1I1F2,2,2,1,1,2,"(2,4,1,2)",25,ASSEMBLE+INSPECT,CUT=24/50;ASSEMBLE+INSPECT=108/175,true
C2A2T1I1F3,2,2,1,1,3,"(2,4,1,3)",22,ASSEMBLE+INSPECT,CUT=24/44;ASSEMBLE+INSPECT=108/176,true
C2A2T1I2F0,2,2,1,2,0,"(2,4,2,0)",26,ASSEMBLE|INSPECT,CUT=24/52;ASSEMBLE=72/104;INSPECT=36/52,false
C2A2T1I2F1,2,2,1,2,1,"(2,4,2,1)",25,ASSEMBLE+INSPECT,CUT=24/50;ASSEMBLE+INSPECT=108/175,true
C2A2T1I2F2,2,2,1,2,2,"(2,4,2,2)",22,ASSEMBLE+INSPECT,CUT=24/44;ASSEMBLE+INSPECT=108/176,true
C2A2T1I2F3,2,2,1,2,3,"(2,4,2,3)",21,CUT|ASSEMBLE+INSPECT,CUT=24/42;ASSEMBLE+INSPECT=108/189,true
C2A2T1I3F0,2,2,1,3,0,"(2,4,3,0)",26,ASSEMBLE,CUT=24/52;ASSEMBLE=72/104;INSPECT=36/78,false
C2A2T1I3F1,2,2,1,3,1,"(2,4,3,1)",23,ASSEMBLE+INSPECT,CUT=24/46;ASSEMBLE+INSPECT=108/184,true
C2A2T1I3F2,2,2,1,3,2,"(2,4,3,2)",22,CUT|ASSEMBLE+INSPECT,CUT=24/44;ASSEMBLE+INSPECT=108/198,true
C2A2T1I3F3,2,2,1,3,3,"(2,4,3,3)",21,CUT,CUT=24/42;ASSEMBLE+INSPECT=108/210,true
C2A2T1I4F0,2,2,1,4,0,"(2,4,4,0)",25,ASSEMBLE,CUT=24/50;ASSEMBLE=72/100;INSPECT=36/100,false
C2A2T1I4F1,2,2,1,4,1,"(2,4,4,1)",23,CUT|ASSEMBLE+INSPECT,CUT=24/46;ASSEMBLE+INSPECT=108/207,true
C2A2T1I4F2,2,2,1,4,2,"(2,4,4,2)",21,CUT,CUT=24/42;ASSEMBLE+INSPECT=108/210,true
C2A2T1I4F3,2,2,1,4,3,"(2,4,4,3)",21,CUT,CUT=24/42;ASSEMBLE+INSPECT=108/231,true
C2A2T2I0F1,2,2,2,0,1,"(2,6,0,1)",44,ASSEMBLE+INSPECT,CUT=24/88;ASSEMBLE+INSPECT=108/308,true
C2A2T2I0F2,2,2,2,0,2,"(2,6,0,2)",26,ASSEMBLE+INSPECT,CUT=24/52;ASSEMBLE+INSPECT=108/208,true
C2A2T2I0F3,2,2,2,0,3,"(2,6,0,3)",22,CUT|ASSEMBLE+INSPECT,CUT=24/44;ASSEMBLE+INSPECT=108/198,true
C2A2T2I1F0,2,2,2,1,0,"(2,6,1,0)",44,INSPECT,CUT=24/88;ASSEMBLE=72/264;INSPECT=36/44,false
C2A2T2I1F1,2,2,2,1,1,"(2,6,1,1)",26,ASSEMBLE+INSPECT,CUT=24/52;ASSEMBLE+INSPECT=108/208,true
C2A2T2I1F2,2,2,2,1,2,"(2,6,1,2)",22,CUT|ASSEMBLE+INSPECT,CUT=24/44;ASSEMBLE+INSPECT=108/198,true
C2A2T2I1F3,2,2,2,1,3,"(2,6,1,3)",21,CUT,CUT=24/42;ASSEMBLE+INSPECT=108/210,true
C2A2T2I2F0,2,2,2,2,0,"(2,6,2,0)",26,INSPECT,CUT=24/52;ASSEMBLE=72/156;INSPECT=36/52,false
C2A2T2I2F1,2,2,2,2,1,"(2,6,2,1)",22,CUT|ASSEMBLE+INSPECT,CUT=24/44;ASSEMBLE+INSPECT=108/198,true
C2A2T2I2F2,2,2,2,2,2,"(2,6,2,2)",21,CUT,CUT=24/42;ASSEMBLE+INSPECT=108/210,true
C2A2T2I2F3,2,2,2,2,3,"(2,6,2,3)",21,CUT,CUT=24/42;ASSEMBLE+INSPECT=108/231,true
C2A2T2I3F0,2,2,2,3,0,"(2,6,3,0)",22,CUT|ASSEMBLE|INSPECT,CUT=24/44;ASSEMBLE=72/132;INSPECT=36/66,false
C2A2T2I3F1,2,2,2,3,1,"(2,6,3,1)",21,CUT,CUT=24/42;ASSEMBLE+INSPECT=108/210,true
C2A2T2I3F2,2,2,2,3,2,"(2,6,3,2)",21,CUT,CUT=24/42;ASSEMBLE+INSPECT=108/231,true
C2A2T2I3F3,2,2,2,3,3,"(2,6,3,3)",21,CUT,CUT=24/42;ASSEMBLE+INSPECT=108/252,true
C2A2T2I4F0,2,2,2,4,0,"(2,6,4,0)",21,CUT|ASSEMBLE,CUT=24/42;ASSEMBLE=72/126;INSPECT=36/84,false
C2A2T2I4F1,2,2,2,4,1,"(2,6,4,1)",21,CUT,CUT=24/42;ASSEMBLE+INSPECT=108/231,true
C2A2T2I4F2,2,2,2,4,2,"(2,6,4,2)",21,CUT,CUT=24/42;ASSEMBLE+INSPECT=108/252,true
C2A2T2I4F3,2,2,2,4,3,"(2,6,4,3)",21,CUT,CUT=24/42;ASSEMBLE+INSPECT=108/273,true
C2A2T3I0F1,2,2,3,0,1,"(2,8,0,1)",44,CUT|ASSEMBLE+INSPECT,CUT=24/88;ASSEMBLE+INSPECT=108/396,true
C2A2T3I0F2,2,2,3,0,2,"(2,8,0,2)",26,CUT,CUT=24/52;ASSEMBLE+INSPECT=108/260,true
C2A2T3I0F3,2,2,3,0,3,"(2,8,0,3)",22,CUT,CUT=24/44;ASSEMBLE+INSPECT=108/242,true
C2A2T3I1F0,2,2,3,1,0,"(2,8,1,0)",44,INSPECT,CUT=24/88;ASSEMBLE=72/352;INSPECT=36/44,false
C2A2T3I1F1,2,2,3,1,1,"(2,8,1,1)",26,CUT,CUT=24/52;ASSEMBLE+INSPECT=108/260,true
C2A2T3I1F2,2,2,3,1,2,"(2,8,1,2)",22,CUT,CUT=24/44;ASSEMBLE+INSPECT=108/242,true
C2A2T3I1F3,2,2,3,1,3,"(2,8,1,3)",21,CUT,CUT=24/42;ASSEMBLE+INSPECT=108/252,true
C2A2T3I2F0,2,2,3,2,0,"(2,8,2,0)",26,INSPECT,CUT=24/52;ASSEMBLE=72/208;INSPECT=36/52,false
C2A2T3I2F1,2,2,3,2,1,"(2,8,2,1)",22,CUT,CUT=24/44;ASSEMBLE+INSPECT=108/242,true
C2A2T3I2F2,2,2,3,2,2,"(2,8,2,2)",21,CUT,CUT=24/42;ASSEMBLE+INSPECT=108/252,true
C2A2T3I2F3,2,2,3,2,3,"(2,8,2,3)",21,CUT,CUT=24/42;ASSEMBLE+INSPECT=108/273,true
C2A2T3I3F0,2,2,3,3,0,"(2,8,3,0)",22,CUT|INSPECT,CUT=24/44;ASSEMBLE=72/176;INSPECT=36/66,false
C2A2T3I3F1,2,2,3,3,1,"(2,8,3,1)",21,CUT,CUT=24/42;ASSEMBLE+INSPECT=108/252,true
C2A2T3I3F2,2,2,3,3,2,"(2,8,3,2)",21,CUT,CUT=24/42;ASSEMBLE+INSPECT=108/273,true
C2A2T3I3F3,2,2,3,3,3,"(2,8,3,3)",21,CUT,CUT=24/42;ASSEMBLE+INSPECT=108/294,true
C2A2T3I4F0,2,2,3,4,0,"(2,8,4,0)",21,CUT,CUT=24/42;ASSEMBLE=72/168;INSPECT=36/84,false
C2A2T3I4F1,2,2,3,4,1,"(2,8,4,1)",21,CUT,CUT=24/42;ASSEMBLE+INSPECT=108/273,true
C2A2T3I4F2,2,2,3,4,2,"(2,8,4,2)",21,CUT,CUT=24/42;ASSEMBLE+INSPECT=108/294,true
C2A2T3I4F3,2,2,3,4,3,"(2,8,4,3)",21,CUT,CUT=24/42;ASSEMBLE+INSPECT=108/315,true
C2A3T0I0F1,2,3,0,0,1,"(2,3,0,1)",44,ASSEMBLE+INSPECT,CUT=24/88;ASSEMBLE+INSPECT=108/176,true
C2A3T0I0F2,2,3,0,0,2,"(2,3,0,2)",29,ASSEMBLE+INSPECT,CUT=24/58;ASSEMBLE+INSPECT=108/145,true
C2A3T0I0F3,2,3,0,0,3,"(2,3,0,3)",26,ASSEMBLE+INSPECT,CUT=24/52;ASSEMBLE+INSPECT=108/156,true
C2A3T0I1F0,2,3,0,1,0,"(2,3,1,0)",44,INSPECT,CUT=24/88;ASSEMBLE=72/132;INSPECT=36/44,false
C2A3T0I1F1,2,3,0,1,1,"(2,3,1,1)",29,ASSEMBLE+INSPECT,CUT=24/58;ASSEMBLE+INSPECT=108/145,true
C2A3T0I1F2,2,3,0,1,2,"(2,3,1,2)",26,ASSEMBLE+INSPECT,CUT=24/52;ASSEMBLE+INSPECT=108/156,true
C2A3T0I1F3,2,3,0,1,3,"(2,3,1,3)",25,ASSEMBLE+INSPECT,CUT=24/50;ASSEMBLE+INSPECT=108/175,true
C2A3T0I2F0,2,3,0,2,0,"(2,3,2,0)",32,ASSEMBLE,CUT=24/64;ASSEMBLE=72/96;INSPECT=36/64,false
C2A3T0I2F1,2,3,0,2,1,"(2,3,2,1)",26,ASSEMBLE+INSPECT,CUT=24/52;ASSEMBLE+INSPECT=108/156,true
C2A3T0I2F2,2,3,0,2,2,"(2,3,2,2)",25,ASSEMBLE+INSPECT,CUT=24/50;ASSEMBLE+INSPECT=108/175,true
C2A3T0I2F3,2,3,0,2,3,"(2,3,2,3)",22,ASSEMBLE+INSPECT,CUT=24/44;ASSEMBLE+INSPECT=108/176,true
C2A3T0I3F0,2,3,0,3,0,"(2,3,3,0)",31,ASSEMBLE,CUT=24/62;ASSEMBLE=72/93;INSPECT=36/93,false
C2A3T0I3F1,2,3,0,3,1,"(2,3,3,1)",25,ASSEMBLE+INSPECT,CUT=24/50;ASSEMBLE+INSPECT=108/175,true
C2A3T0I3F2,2,3,0,3,2,"(2,3,3,2)",25,ASSEMBLE+INSPECT,CUT=24/50;ASSEMBLE+INSPECT=108/200,true
C2A3T0I3F3,2,3,0,3,3,"(2,3,3,3)",21,CUT|ASSEMBLE+INSPECT,CUT=24/42;ASSEMBLE+INSPECT=108/189,true
C2A3T0I4F0,2,3,0,4,0,"(2,3,4,0)",31,ASSEMBLE,CUT=24/62;ASSEMBLE=72/93;INSPECT=36/124,false
C2A3T0I4F1,2,3,0,4,1,"(2,3,4,1)",25,ASSEMBLE+INSPECT,CUT=24/50;ASSEMBLE+INSPECT=108/200,true
C2A3T0I4F2,2,3,0,4,2,"(2,3,4,2)",25,CUT|ASSEMBLE+INSPECT,CUT=24/50;ASSEMBLE+INSPECT=108/225,true
C2A3T0I4F3,2,3,0,4,3,"(2,3,4,3)",21,CUT,CUT=24/42;ASSEMBLE+INSPECT=108/210,true
C2A3T1I0F1,2,3,1,0,1,"(2,5,0,1)",44,ASSEMBLE+INSPECT,CUT=24/88;ASSEMBLE+INSPECT=108/264,true
C2A3T1I0F2,2,3,1,0,2,"(2,5,0,2)",26,ASSEMBLE+INSPECT,CUT=24/52;ASSEMBLE+INSPECT=108/182,true
C2A3T1I0F3,2,3,1,0,3,"(2,5,0,3)",23,ASSEMBLE+INSPECT,CUT=24/46;ASSEMBLE+INSPECT=108/184,true
C2A3T1I1F0,2,3,1,1,0,"(2,5,1,0)",44,INSPECT,CUT=24/88;ASSEMBLE=72/220;INSPECT=36/44,false
C2A3T1I1F1,2,3,1,1,1,"(2,5,1,1)",26,ASSEMBLE+INSPECT,CUT=24/52;ASSEMBLE+INSPECT=108/182,true
C2A3T1I1F2,2,3,1,1,2,"(2,5,1,2)",23,ASSEMBLE+INSPECT,CUT=24/46;ASSEMBLE+INSPECT=108/184,true
C2A3T1I1F3,2,3,1,1,3,"(2,5,1,3)",21,CUT|ASSEMBLE+INSPECT,CUT=24/42;ASSEMBLE+INSPECT=108/189,true
C2A3T1I2F0,2,3,1,2,0,"(2,5,2,0)",26,INSPECT,CUT=24/52;ASSEMBLE=72/130;INSPECT=36/52,false
C2A3T1I2F1,2,3,1,2,1,"(2,5,2,1)",23,ASSEMBLE+INSPECT,CUT=24/46;ASSEMBLE+INSPECT=108/184,true
C2A3T1I2F2,2,3,1,2,2,"(2,5,2,2)",22,CUT|ASSEMBLE+INSPECT,CUT=24/44;ASSEMBLE+INSPECT=108/198,true
C2A3T1I2F3,2,3,1,2,3,"(2,5,2,3)",21,CUT,CUT=24/42;ASSEMBLE+INSPECT=108/210,true
C2A3T1I3F0,2,3,1,3,0,"(2,5,3,0)",23,ASSEMBLE,CUT=24/46;ASSEMBLE=72/115;INSPECT=36/69,false
C2A3T1I3F1,2,3,1,3,1,"(2,5,3,1)",22,CUT|ASSEMBLE+INSPECT,CUT=24/44;ASSEMBLE+INSPECT=108/198,true
C2A3T1I3F2,2,3,1,3,2,"(2,5,3,2)",21,CUT,CUT=24/42;ASSEMBLE+INSPECT=108/210,true
C2A3T1I3F3,2,3,1,3,3,"(2,5,3,3)",21,CUT,CUT=24/42;ASSEMBLE+INSPECT=108/231,true
C2A3T1I4F0,2,3,1,4,0,"(2,5,4,0)",23,ASSEMBLE,CUT=24/46;ASSEMBLE=72/115;INSPECT=36/92,false
C2A3T1I4F1,2,3,1,4,1,"(2,5,4,1)",21,CUT,CUT=24/42;ASSEMBLE+INSPECT=108/210,true
C2A3T1I4F2,2,3,1,4,2,"(2,5,4,2)",21,CUT,CUT=24/42;ASSEMBLE+INSPECT=108/231,true
C2A3T1I4F3,2,3,1,4,3,"(2,5,4,3)",21,CUT,CUT=24/42;ASSEMBLE+INSPECT=108/252,true
C2A3T2I0F1,2,3,2,0,1,"(2,7,0,1)",44,ASSEMBLE+INSPECT,CUT=24/88;ASSEMBLE+INSPECT=108/352,true
C2A3T2I0F2,2,3,2,0,2,"(2,7,0,2)",26,CUT|ASSEMBLE+INSPECT,CUT=24/52;ASSEMBLE+INSPECT=108/234,true
C2A3T2I0F3,2,3,2,0,3,"(2,7,0,3)",22,CUT,CUT=24/44;ASSEMBLE+INSPECT=108/220,true
C2A3T2I1F0,2,3,2,1,0,"(2,7,1,0)",44,INSPECT,CUT=24/88;ASSEMBLE=72/308;INSPECT=36/44,false
C2A3T2I1F1,2,3,2,1,1,"(2,7,1,1)",26,CUT|ASSEMBLE+INSPECT,CUT=24/52;ASSEMBLE+INSPECT=108/234,true
C2A3T2I1F2,2,3,2,1,2,"(2,7,1,2)",22,CUT,CUT=24/44;ASSEMBLE+INSPECT=108/220,true
C2A3T2I1F3,2,3,2,1,3,"(2,7,1,3)",21,CUT,CUT=24/42;ASSEMBLE+INSPECT=108/231,true
C2A3T2I2F0,2,3,2,2,0,"(2,7,2,0)",26,INSPECT,CUT=24/52;ASSEMBLE=72/182;INSPECT=36/52,false
C2A3T2I2F1,2,3,2,2,1,"(2,7,2,1)",22,CUT,CUT=24/44;ASSEMBLE+INSPECT=108/220,true
C2A3T2I2F2,2,3,2,2,2,"(2,7,2,2)",21,CUT,CUT=24/42;ASSEMBLE+INSPECT=108/231,true
C2A3T2I2F3,2,3,2,2,3,"(2,7,2,3)",21,CUT,CUT=24/42;ASSEMBLE+INSPECT=108/252,true
C2A3T2I3F0,2,3,2,3,0,"(2,7,3,0)",22,CUT|INSPECT,CUT=24/44;ASSEMBLE=72/154;INSPECT=36/66,false
C2A3T2I3F1,2,3,2,3,1,"(2,7,3,1)",21,CUT,CUT=24/42;ASSEMBLE+INSPECT=108/231,true
C2A3T2I3F2,2,3,2,3,2,"(2,7,3,2)",21,CUT,CUT=24/42;ASSEMBLE+INSPECT=108/252,true
C2A3T2I3F3,2,3,2,3,3,"(2,7,3,3)",21,CUT,CUT=24/42;ASSEMBLE+INSPECT=108/273,true
C2A3T2I4F0,2,3,2,4,0,"(2,7,4,0)",21,CUT,CUT=24/42;ASSEMBLE=72/147;INSPECT=36/84,false
C2A3T2I4F1,2,3,2,4,1,"(2,7,4,1)",21,CUT,CUT=24/42;ASSEMBLE+INSPECT=108/252,true
C2A3T2I4F2,2,3,2,4,2,"(2,7,4,2)",21,CUT,CUT=24/42;ASSEMBLE+INSPECT=108/273,true
C2A3T2I4F3,2,3,2,4,3,"(2,7,4,3)",21,CUT,CUT=24/42;ASSEMBLE+INSPECT=108/294,true
C2A3T3I0F1,2,3,3,0,1,"(2,9,0,1)",44,CUT,CUT=24/88;ASSEMBLE+INSPECT=108/440,true
C2A3T3I0F2,2,3,3,0,2,"(2,9,0,2)",26,CUT,CUT=24/52;ASSEMBLE+INSPECT=108/286,true
C2A3T3I0F3,2,3,3,0,3,"(2,9,0,3)",22,CUT,CUT=24/44;ASSEMBLE+INSPECT=108/264,true
C2A3T3I1F0,2,3,3,1,0,"(2,9,1,0)",44,INSPECT,CUT=24/88;ASSEMBLE=72/396;INSPECT=36/44,false
C2A3T3I1F1,2,3,3,1,1,"(2,9,1,1)",26,CUT,CUT=24/52;ASSEMBLE+INSPECT=108/286,true
C2A3T3I1F2,2,3,3,1,2,"(2,9,1,2)",22,CUT,CUT=24/44;ASSEMBLE+INSPECT=108/264,true
C2A3T3I1F3,2,3,3,1,3,"(2,9,1,3)",21,CUT,CUT=24/42;ASSEMBLE+INSPECT=108/273,true
C2A3T3I2F0,2,3,3,2,0,"(2,9,2,0)",26,INSPECT,CUT=24/52;ASSEMBLE=72/234;INSPECT=36/52,false
C2A3T3I2F1,2,3,3,2,1,"(2,9,2,1)",22,CUT,CUT=24/44;ASSEMBLE+INSPECT=108/264,true
C2A3T3I2F2,2,3,3,2,2,"(2,9,2,2)",21,CUT,CUT=24/42;ASSEMBLE+INSPECT=108/273,true
C2A3T3I2F3,2,3,3,2,3,"(2,9,2,3)",21,CUT,CUT=24/42;ASSEMBLE+INSPECT=108/294,true
C2A3T3I3F0,2,3,3,3,0,"(2,9,3,0)",22,CUT|INSPECT,CUT=24/44;ASSEMBLE=72/198;INSPECT=36/66,false
C2A3T3I3F1,2,3,3,3,1,"(2,9,3,1)",21,CUT,CUT=24/42;ASSEMBLE+INSPECT=108/273,true
C2A3T3I3F2,2,3,3,3,2,"(2,9,3,2)",21,CUT,CUT=24/42;ASSEMBLE+INSPECT=108/294,true
C2A3T3I3F3,2,3,3,3,3,"(2,9,3,3)",21,CUT,CUT=24/42;ASSEMBLE+INSPECT=108/315,true
C2A3T3I4F0,2,3,3,4,0,"(2,9,4,0)",21,CUT,CUT=24/42;ASSEMBLE=72/189;INSPECT=36/84,false
C2A3T3I4F1,2,3,3,4,1,"(2,9,4,1)",21,CUT,CUT=24/42;ASSEMBLE+INSPECT=108/294,true
C2A3T3I4F2,2,3,3,4,2,"(2,9,4,2)",21,CUT,CUT=24/42;ASSEMBLE+INSPECT=108/315,true
C2A3T3I4F3,2,3,3,4,3,"(2,9,4,3)",21,CUT,CUT=24/42;ASSEMBLE+INSPECT=108/336,true
C2A4T0I0F1,2,4,0,0,1,"(2,4,0,1)",44,ASSEMBLE+INSPECT,CUT=24/88;ASSEMBLE+INSPECT=108/220,true
C2A4T0I0F2,2,4,0,0,2,"(2,4,0,2)",26,ASSEMBLE+INSPECT,CUT=24/52;ASSEMBLE+INSPECT=108/156,true
C2A4T0I0F3,2,4,0,0,3,"(2,4,0,3)",23,ASSEMBLE+INSPECT,CUT=24/46;ASSEMBLE+INSPECT=108/161,true
C2A4T0I1F0,2,4,0,1,0,"(2,4,1,0)",44,INSPECT,CUT=24/88;ASSEMBLE=72/176;INSPECT=36/44,false
C2A4T0I1F1,2,4,0,1,1,"(2,4,1,1)",29,ASSEMBLE+INSPECT,CUT=24/58;ASSEMBLE+INSPECT=108/174,true
C2A4T0I1F2,2,4,0,1,2,"(2,4,1,2)",25,ASSEMBLE+INSPECT,CUT=24/50;ASSEMBLE+INSPECT=108/175,true
C2A4T0I1F3,2,4,0,1,3,"(2,4,1,3)",22,ASSEMBLE+INSPECT,CUT=24/44;ASSEMBLE+INSPECT=108/176,true
C2A4T0I2F0,2,4,0,2,0,"(2,4,2,0)",26,ASSEMBLE|INSPECT,CUT=24/52;ASSEMBLE=72/104;INSPECT=36/52,false
C2A4T0I2F1,2,4,0,2,1,"(2,4,2,1)",25,ASSEMBLE+INSPECT,CUT=24/50;ASSEMBLE+INSPECT=108/175,true
C2A4T0I2F2,2,4,0,2,2,"(2,4,2,2)",22,ASSEMBLE+INSPECT,CUT=24/44;ASSEMBLE+INSPECT=108/176,true
C2A4T0I2F3,2,4,0,2,3,"(2,4,2,3)",21,CUT|ASSEMBLE+INSPECT,CUT=24/42;ASSEMBLE+INSPECT=108/189,true
C2A4T0I3F0,2,4,0,3,0,"(2,4,3,0)",26,ASSEMBLE,CUT=24/52;ASSEMBLE=72/104;INSPECT=36/78,false
C2A4T0I3F1,2,4,0,3,1,"(2,4,3,1)",23,ASSEMBLE+INSPECT,CUT=24/46;ASSEMBLE+INSPECT=108/184,true
C2A4T0I3F2,2,4,0,3,2,"(2,4,3,2)",22,CUT|ASSEMBLE+INSPECT,CUT=24/44;ASSEMBLE+INSPECT=108/198,true
C2A4T0I3F3,2,4,0,3,3,"(2,4,3,3)",21,CUT,CUT=24/42;ASSEMBLE+INSPECT=108/210,true
C2A4T0I4F0,2,4,0,4,0,"(2,4,4,0)",25,ASSEMBLE,CUT=24/50;ASSEMBLE=72/100;INSPECT=36/100,false
C2A4T0I4F1,2,4,0,4,1,"(2,4,4,1)",23,CUT|ASSEMBLE+INSPECT,CUT=24/46;ASSEMBLE+INSPECT=108/207,true
C2A4T0I4F2,2,4,0,4,2,"(2,4,4,2)",21,CUT,CUT=24/42;ASSEMBLE+INSPECT=108/210,true
C2A4T0I4F3,2,4,0,4,3,"(2,4,4,3)",21,CUT,CUT=24/42;ASSEMBLE+INSPECT=108/231,true
C2A4T1I0F1,2,4,1,0,1,"(2,6,0,1)",44,ASSEMBLE+INSPECT,CUT=24/88;ASSEMBLE+INSPECT=108/308,true
C2A4T1I0F2,2,4,1,0,2,"(2,6,0,2)",26,ASSEMBLE+INSPECT,CUT=24/52;ASSEMBLE+INSPECT=108/208,true
C2A4T1I0F3,2,4,1,0,3,"(2,6,0,3)",22,CUT|ASSEMBLE+INSPECT,CUT=24/44;ASSEMBLE+INSPECT=108/198,true
C2A4T1I1F0,2,4,1,1,0,"(2,6,1,0)",44,INSPECT,CUT=24/88;ASSEMBLE=72/264;INSPECT=36/44,false
C2A4T1I1F1,2,4,1,1,1,"(2,6,1,1)",26,ASSEMBLE+INSPECT,CUT=24/52;ASSEMBLE+INSPECT=108/208,true
C2A4T1I1F2,2,4,1,1,2,"(2,6,1,2)",22,CUT|ASSEMBLE+INSPECT,CUT=24/44;ASSEMBLE+INSPECT=108/198,true
C2A4T1I1F3,2,4,1,1,3,"(2,6,1,3)",21,CUT,CUT=24/42;ASSEMBLE+INSPECT=108/210,true
C2A4T1I2F0,2,4,1,2,0,"(2,6,2,0)",26,INSPECT,CUT=24/52;ASSEMBLE=72/156;INSPECT=36/52,false
C2A4T1I2F1,2,4,1,2,1,"(2,6,2,1)",22,CUT|ASSEMBLE+INSPECT,CUT=24/44;ASSEMBLE+INSPECT=108/198,true
C2A4T1I2F2,2,4,1,2,2,"(2,6,2,2)",21,CUT,CUT=24/42;ASSEMBLE+INSPECT=108/210,true
C2A4T1I2F3,2,4,1,2,3,"(2,6,2,3)",21,CUT,CUT=24/42;ASSEMBLE+INSPECT=108/231,true
C2A4T1I3F0,2,4,1,3,0,"(2,6,3,0)",22,CUT|ASSEMBLE|INSPECT,CUT=24/44;ASSEMBLE=72/132;INSPECT=36/66,false
C2A4T1I3F1,2,4,1,3,1,"(2,6,3,1)",21,CUT,CUT=24/42;ASSEMBLE+INSPECT=108/210,true
C2A4T1I3F2,2,4,1,3,2,"(2,6,3,2)",21,CUT,CUT=24/42;ASSEMBLE+INSPECT=108/231,true
C2A4T1I3F3,2,4,1,3,3,"(2,6,3,3)",21,CUT,CUT=24/42;ASSEMBLE+INSPECT=108/252,true
C2A4T1I4F0,2,4,1,4,0,"(2,6,4,0)",21,CUT|ASSEMBLE,CUT=24/42;ASSEMBLE=72/126;INSPECT=36/84,false
C2A4T1I4F1,2,4,1,4,1,"(2,6,4,1)",21,CUT,CUT=24/42;ASSEMBLE+INSPECT=108/231,true
C2A4T1I4F2,2,4,1,4,2,"(2,6,4,2)",21,CUT,CUT=24/42;ASSEMBLE+INSPECT=108/252,true
C2A4T1I4F3,2,4,1,4,3,"(2,6,4,3)",21,CUT,CUT=24/42;ASSEMBLE+INSPECT=108/273,true
C2A4T2I0F1,2,4,2,0,1,"(2,8,0,1)",44,CUT|ASSEMBLE+INSPECT,CUT=24/88;ASSEMBLE+INSPECT=108/396,true
C2A4T2I0F2,2,4,2,0,2,"(2,8,0,2)",26,CUT,CUT=24/52;ASSEMBLE+INSPECT=108/260,true
C2A4T2I0F3,2,4,2,0,3,"(2,8,0,3)",22,CUT,CUT=24/44;ASSEMBLE+INSPECT=108/242,true
C2A4T2I1F0,2,4,2,1,0,"(2,8,1,0)",44,INSPECT,CUT=24/88;ASSEMBLE=72/352;INSPECT=36/44,false
C2A4T2I1F1,2,4,2,1,1,"(2,8,1,1)",26,CUT,CUT=24/52;ASSEMBLE+INSPECT=108/260,true
C2A4T2I1F2,2,4,2,1,2,"(2,8,1,2)",22,CUT,CUT=24/44;ASSEMBLE+INSPECT=108/242,true
C2A4T2I1F3,2,4,2,1,3,"(2,8,1,3)",21,CUT,CUT=24/42;ASSEMBLE+INSPECT=108/252,true
C2A4T2I2F0,2,4,2,2,0,"(2,8,2,0)",26,INSPECT,CUT=24/52;ASSEMBLE=72/208;INSPECT=36/52,false
C2A4T2I2F1,2,4,2,2,1,"(2,8,2,1)",22,CUT,CUT=24/44;ASSEMBLE+INSPECT=108/242,true
C2A4T2I2F2,2,4,2,2,2,"(2,8,2,2)",21,CUT,CUT=24/42;ASSEMBLE+INSPECT=108/252,true
C2A4T2I2F3,2,4,2,2,3,"(2,8,2,3)",21,CUT,CUT=24/42;ASSEMBLE+INSPECT=108/273,true
C2A4T2I3F0,2,4,2,3,0,"(2,8,3,0)",22,CUT|INSPECT,CUT=24/44;ASSEMBLE=72/176;INSPECT=36/66,false
C2A4T2I3F1,2,4,2,3,1,"(2,8,3,1)",21,CUT,CUT=24/42;ASSEMBLE+INSPECT=108/252,true
C2A4T2I3F2,2,4,2,3,2,"(2,8,3,2)",21,CUT,CUT=24/42;ASSEMBLE+INSPECT=108/273,true
C2A4T2I3F3,2,4,2,3,3,"(2,8,3,3)",21,CUT,CUT=24/42;ASSEMBLE+INSPECT=108/294,true
C2A4T2I4F0,2,4,2,4,0,"(2,8,4,0)",21,CUT,CUT=24/42;ASSEMBLE=72/168;INSPECT=36/84,false
C2A4T2I4F1,2,4,2,4,1,"(2,8,4,1)",21,CUT,CUT=24/42;ASSEMBLE+INSPECT=108/273,true
C2A4T2I4F2,2,4,2,4,2,"(2,8,4,2)",21,CUT,CUT=24/42;ASSEMBLE+INSPECT=108/294,true
C2A4T2I4F3,2,4,2,4,3,"(2,8,4,3)",21,CUT,CUT=24/42;ASSEMBLE+INSPECT=108/315,true
C2A4T3I0F1,2,4,3,0,1,"(2,10,0,1)",44,CUT,CUT=24/88;ASSEMBLE+INSPECT=108/484,true
C2A4T3I0F2,2,4,3,0,2,"(2,10,0,2)",26,CUT,CUT=24/52;ASSEMBLE+INSPECT=108/312,true
C2A4T3I0F3,2,4,3,0,3,"(2,10,0,3)",22,CUT,CUT=24/44;ASSEMBLE+INSPECT=108/286,true
C2A4T3I1F0,2,4,3,1,0,"(2,10,1,0)",44,INSPECT,CUT=24/88;ASSEMBLE=72/440;INSPECT=36/44,false
C2A4T3I1F1,2,4,3,1,1,"(2,10,1,1)",26,CUT,CUT=24/52;ASSEMBLE+INSPECT=108/312,true
C2A4T3I1F2,2,4,3,1,2,"(2,10,1,2)",22,CUT,CUT=24/44;ASSEMBLE+INSPECT=108/286,true
C2A4T3I1F3,2,4,3,1,3,"(2,10,1,3)",21,CUT,CUT=24/42;ASSEMBLE+INSPECT=108/294,true
C2A4T3I2F0,2,4,3,2,0,"(2,10,2,0)",26,INSPECT,CUT=24/52;ASSEMBLE=72/260;INSPECT=36/52,false
C2A4T3I2F1,2,4,3,2,1,"(2,10,2,1)",22,CUT,CUT=24/44;ASSEMBLE+INSPECT=108/286,true
C2A4T3I2F2,2,4,3,2,2,"(2,10,2,2)",21,CUT,CUT=24/42;ASSEMBLE+INSPECT=108/294,true
C2A4T3I2F3,2,4,3,2,3,"(2,10,2,3)",21,CUT,CUT=24/42;ASSEMBLE+INSPECT=108/315,true
C2A4T3I3F0,2,4,3,3,0,"(2,10,3,0)",22,CUT|INSPECT,CUT=24/44;ASSEMBLE=72/220;INSPECT=36/66,false
C2A4T3I3F1,2,4,3,3,1,"(2,10,3,1)",21,CUT,CUT=24/42;ASSEMBLE+INSPECT=108/294,true
C2A4T3I3F2,2,4,3,3,2,"(2,10,3,2)",21,CUT,CUT=24/42;ASSEMBLE+INSPECT=108/315,true
C2A4T3I3F3,2,4,3,3,3,"(2,10,3,3)",21,CUT,CUT=24/42;ASSEMBLE+INSPECT=108/336,true
C2A4T3I4F0,2,4,3,4,0,"(2,10,4,0)",21,CUT,CUT=24/42;ASSEMBLE=72/210;INSPECT=36/84,false
C2A4T3I4F1,2,4,3,4,1,"(2,10,4,1)",21,CUT,CUT=24/42;ASSEMBLE+INSPECT=108/315,true
C2A4T3I4F2,2,4,3,4,2,"(2,10,4,2)",21,CUT,CUT=24/42;ASSEMBLE+INSPECT=108/336,true
C2A4T3I4F3,2,4,3,4,3,"(2,10,4,3)",21,CUT,CUT=24/42;ASSEMBLE+INSPECT=108/357,true
C2A5T0I0F1,2,5,0,0,1,"(2,5,0,1)",44,ASSEMBLE+INSPECT,CUT=24/88;ASSEMBLE+INSPECT=108/264,true
C2A5T0I0F2,2,5,0,0,2,"(2,5,0,2)",26,ASSEMBLE+INSPECT,CUT=24/52;ASSEMBLE+INSPECT=108/182,true
C2A5T0I0F3,2,5,0,0,3,"(2,5,0,3)",23,ASSEMBLE+INSPECT,CUT=24/46;ASSEMBLE+INSPECT=108/184,true
C2A5T0I1F0,2,5,0,1,0,"(2,5,1,0)",44,INSPECT,CUT=24/88;ASSEMBLE=72/220;INSPECT=36/44,false
C2A5T0I1F1,2,5,0,1,1,"(2,5,1,1)",26,ASSEMBLE+INSPECT,CUT=24/52;ASSEMBLE+INSPECT=108/182,true
C2A5T0I1F2,2,5,0,1,2,"(2,5,1,2)",23,ASSEMBLE+INSPECT,CUT=24/46;ASSEMBLE+INSPECT=108/184,true
C2A5T0I1F3,2,5,0,1,3,"(2,5,1,3)",21,CUT|ASSEMBLE+INSPECT,CUT=24/42;ASSEMBLE+INSPECT=108/189,true
C2A5T0I2F0,2,5,0,2,0,"(2,5,2,0)",26,INSPECT,CUT=24/52;ASSEMBLE=72/130;INSPECT=36/52,false
C2A5T0I2F1,2,5,0,2,1,"(2,5,2,1)",23,ASSEMBLE+INSPECT,CUT=24/46;ASSEMBLE+INSPECT=108/184,true
C2A5T0I2F2,2,5,0,2,2,"(2,5,2,2)",22,CUT|ASSEMBLE+INSPECT,CUT=24/44;ASSEMBLE+INSPECT=108/198,true
C2A5T0I2F3,2,5,0,2,3,"(2,5,2,3)",21,CUT,CUT=24/42;ASSEMBLE+INSPECT=108/210,true
C2A5T0I3F0,2,5,0,3,0,"(2,5,3,0)",23,ASSEMBLE,CUT=24/46;ASSEMBLE=72/115;INSPECT=36/69,false
C2A5T0I3F1,2,5,0,3,1,"(2,5,3,1)",22,CUT|ASSEMBLE+INSPECT,CUT=24/44;ASSEMBLE+INSPECT=108/198,true
C2A5T0I3F2,2,5,0,3,2,"(2,5,3,2)",21,CUT,CUT=24/42;ASSEMBLE+INSPECT=108/210,true
C2A5T0I3F3,2,5,0,3,3,"(2,5,3,3)",21,CUT,CUT=24/42;ASSEMBLE+INSPECT=108/231,true
C2A5T0I4F0,2,5,0,4,0,"(2,5,4,0)",23,ASSEMBLE,CUT=24/46;ASSEMBLE=72/115;INSPECT=36/92,false
C2A5T0I4F1,2,5,0,4,1,"(2,5,4,1)",21,CUT,CUT=24/42;ASSEMBLE+INSPECT=108/210,true
C2A5T0I4F2,2,5,0,4,2,"(2,5,4,2)",21,CUT,CUT=24/42;ASSEMBLE+INSPECT=108/231,true
C2A5T0I4F3,2,5,0,4,3,"(2,5,4,3)",21,CUT,CUT=24/42;ASSEMBLE+INSPECT=108/252,true
C2A5T1I0F1,2,5,1,0,1,"(2,7,0,1)",44,ASSEMBLE+INSPECT,CUT=24/88;ASSEMBLE+INSPECT=108/352,true
C2A5T1I0F2,2,5,1,0,2,"(2,7,0,2)",26,CUT|ASSEMBLE+INSPECT,CUT=24/52;ASSEMBLE+INSPECT=108/234,true
C2A5T1I0F3,2,5,1,0,3,"(2,7,0,3)",22,CUT,CUT=24/44;ASSEMBLE+INSPECT=108/220,true
C2A5T1I1F0,2,5,1,1,0,"(2,7,1,0)",44,INSPECT,CUT=24/88;ASSEMBLE=72/308;INSPECT=36/44,false
C2A5T1I1F1,2,5,1,1,1,"(2,7,1,1)",26,CUT|ASSEMBLE+INSPECT,CUT=24/52;ASSEMBLE+INSPECT=108/234,true
C2A5T1I1F2,2,5,1,1,2,"(2,7,1,2)",22,CUT,CUT=24/44;ASSEMBLE+INSPECT=108/220,true
C2A5T1I1F3,2,5,1,1,3,"(2,7,1,3)",21,CUT,CUT=24/42;ASSEMBLE+INSPECT=108/231,true
C2A5T1I2F0,2,5,1,2,0,"(2,7,2,0)",26,INSPECT,CUT=24/52;ASSEMBLE=72/182;INSPECT=36/52,false
C2A5T1I2F1,2,5,1,2,1,"(2,7,2,1)",22,CUT,CUT=24/44;ASSEMBLE+INSPECT=108/220,true
C2A5T1I2F2,2,5,1,2,2,"(2,7,2,2)",21,CUT,CUT=24/42;ASSEMBLE+INSPECT=108/231,true
C2A5T1I2F3,2,5,1,2,3,"(2,7,2,3)",21,CUT,CUT=24/42;ASSEMBLE+INSPECT=108/252,true
C2A5T1I3F0,2,5,1,3,0,"(2,7,3,0)",22,CUT|INSPECT,CUT=24/44;ASSEMBLE=72/154;INSPECT=36/66,false
C2A5T1I3F1,2,5,1,3,1,"(2,7,3,1)",21,CUT,CUT=24/42;ASSEMBLE+INSPECT=108/231,true
C2A5T1I3F2,2,5,1,3,2,"(2,7,3,2)",21,CUT,CUT=24/42;ASSEMBLE+INSPECT=108/252,true
C2A5T1I3F3,2,5,1,3,3,"(2,7,3,3)",21,CUT,CUT=24/42;ASSEMBLE+INSPECT=108/273,true
C2A5T1I4F0,2,5,1,4,0,"(2,7,4,0)",21,CUT,CUT=24/42;ASSEMBLE=72/147;INSPECT=36/84,false
C2A5T1I4F1,2,5,1,4,1,"(2,7,4,1)",21,CUT,CUT=24/42;ASSEMBLE+INSPECT=108/252,true
C2A5T1I4F2,2,5,1,4,2,"(2,7,4,2)",21,CUT,CUT=24/42;ASSEMBLE+INSPECT=108/273,true
C2A5T1I4F3,2,5,1,4,3,"(2,7,4,3)",21,CUT,CUT=24/42;ASSEMBLE+INSPECT=108/294,true
C2A5T2I0F1,2,5,2,0,1,"(2,9,0,1)",44,CUT,CUT=24/88;ASSEMBLE+INSPECT=108/440,true
C2A5T2I0F2,2,5,2,0,2,"(2,9,0,2)",26,CUT,CUT=24/52;ASSEMBLE+INSPECT=108/286,true
C2A5T2I0F3,2,5,2,0,3,"(2,9,0,3)",22,CUT,CUT=24/44;ASSEMBLE+INSPECT=108/264,true
C2A5T2I1F0,2,5,2,1,0,"(2,9,1,0)",44,INSPECT,CUT=24/88;ASSEMBLE=72/396;INSPECT=36/44,false
C2A5T2I1F1,2,5,2,1,1,"(2,9,1,1)",26,CUT,CUT=24/52;ASSEMBLE+INSPECT=108/286,true
C2A5T2I1F2,2,5,2,1,2,"(2,9,1,2)",22,CUT,CUT=24/44;ASSEMBLE+INSPECT=108/264,true
C2A5T2I1F3,2,5,2,1,3,"(2,9,1,3)",21,CUT,CUT=24/42;ASSEMBLE+INSPECT=108/273,true
C2A5T2I2F0,2,5,2,2,0,"(2,9,2,0)",26,INSPECT,CUT=24/52;ASSEMBLE=72/234;INSPECT=36/52,false
C2A5T2I2F1,2,5,2,2,1,"(2,9,2,1)",22,CUT,CUT=24/44;ASSEMBLE+INSPECT=108/264,true
C2A5T2I2F2,2,5,2,2,2,"(2,9,2,2)",21,CUT,CUT=24/42;ASSEMBLE+INSPECT=108/273,true
C2A5T2I2F3,2,5,2,2,3,"(2,9,2,3)",21,CUT,CUT=24/42;ASSEMBLE+INSPECT=108/294,true
C2A5T2I3F0,2,5,2,3,0,"(2,9,3,0)",22,CUT|INSPECT,CUT=24/44;ASSEMBLE=72/198;INSPECT=36/66,false
C2A5T2I3F1,2,5,2,3,1,"(2,9,3,1)",21,CUT,CUT=24/42;ASSEMBLE+INSPECT=108/273,true
C2A5T2I3F2,2,5,2,3,2,"(2,9,3,2)",21,CUT,CUT=24/42;ASSEMBLE+INSPECT=108/294,true
C2A5T2I3F3,2,5,2,3,3,"(2,9,3,3)",21,CUT,CUT=24/42;ASSEMBLE+INSPECT=108/315,true
C2A5T2I4F0,2,5,2,4,0,"(2,9,4,0)",21,CUT,CUT=24/42;ASSEMBLE=72/189;INSPECT=36/84,false
C2A5T2I4F1,2,5,2,4,1,"(2,9,4,1)",21,CUT,CUT=24/42;ASSEMBLE+INSPECT=108/294,true
C2A5T2I4F2,2,5,2,4,2,"(2,9,4,2)",21,CUT,CUT=24/42;ASSEMBLE+INSPECT=108/315,true
C2A5T2I4F3,2,5,2,4,3,"(2,9,4,3)",21,CUT,CUT=24/42;ASSEMBLE+INSPECT=108/336,true
C2A5T3I0F1,2,5,3,0,1,"(2,11,0,1)",44,CUT,CUT=24/88;ASSEMBLE+INSPECT=108/528,true
C2A5T3I0F2,2,5,3,0,2,"(2,11,0,2)",26,CUT,CUT=24/52;ASSEMBLE+INSPECT=108/338,true
C2A5T3I0F3,2,5,3,0,3,"(2,11,0,3)",22,CUT,CUT=24/44;ASSEMBLE+INSPECT=108/308,true
C2A5T3I1F0,2,5,3,1,0,"(2,11,1,0)",44,INSPECT,CUT=24/88;ASSEMBLE=72/484;INSPECT=36/44,false
C2A5T3I1F1,2,5,3,1,1,"(2,11,1,1)",26,CUT,CUT=24/52;ASSEMBLE+INSPECT=108/338,true
C2A5T3I1F2,2,5,3,1,2,"(2,11,1,2)",22,CUT,CUT=24/44;ASSEMBLE+INSPECT=108/308,true
C2A5T3I1F3,2,5,3,1,3,"(2,11,1,3)",21,CUT,CUT=24/42;ASSEMBLE+INSPECT=108/315,true
C2A5T3I2F0,2,5,3,2,0,"(2,11,2,0)",26,INSPECT,CUT=24/52;ASSEMBLE=72/286;INSPECT=36/52,false
C2A5T3I2F1,2,5,3,2,1,"(2,11,2,1)",22,CUT,CUT=24/44;ASSEMBLE+INSPECT=108/308,true
C2A5T3I2F2,2,5,3,2,2,"(2,11,2,2)",21,CUT,CUT=24/42;ASSEMBLE+INSPECT=108/315,true
C2A5T3I2F3,2,5,3,2,3,"(2,11,2,3)",21,CUT,CUT=24/42;ASSEMBLE+INSPECT=108/336,true
C2A5T3I3F0,2,5,3,3,0,"(2,11,3,0)",22,CUT|INSPECT,CUT=24/44;ASSEMBLE=72/242;INSPECT=36/66,false
C2A5T3I3F1,2,5,3,3,1,"(2,11,3,1)",21,CUT,CUT=24/42;ASSEMBLE+INSPECT=108/315,true
C2A5T3I3F2,2,5,3,3,2,"(2,11,3,2)",21,CUT,CUT=24/42;ASSEMBLE+INSPECT=108/336,true
C2A5T3I3F3,2,5,3,3,3,"(2,11,3,3)",21,CUT,CUT=24/42;ASSEMBLE+INSPECT=108/357,true
C2A5T3I4F0,2,5,3,4,0,"(2,11,4,0)",21,CUT,CUT=24/42;ASSEMBLE=72/231;INSPECT=36/84,false
C2A5T3I4F1,2,5,3,4,1,"(2,11,4,1)",21,CUT,CUT=24/42;ASSEMBLE+INSPECT=108/336,true
C2A5T3I4F2,2,5,3,4,2,"(2,11,4,2)",21,CUT,CUT=24/42;ASSEMBLE+INSPECT=108/357,true
C2A5T3I4F3,2,5,3,4,3,"(2,11,4,3)",21,CUT,CUT=24/42;ASSEMBLE+INSPECT=108/378,true
C2A6T0I0F1,2,6,0,0,1,"(2,6,0,1)",44,ASSEMBLE+INSPECT,CUT=24/88;ASSEMBLE+INSPECT=108/308,true
C2A6T0I0F2,2,6,0,0,2,"(2,6,0,2)",26,ASSEMBLE+INSPECT,CUT=24/52;ASSEMBLE+INSPECT=108/208,true
C2A6T0I0F3,2,6,0,0,3,"(2,6,0,3)",22,CUT|ASSEMBLE+INSPECT,CUT=24/44;ASSEMBLE+INSPECT=108/198,true
C2A6T0I1F0,2,6,0,1,0,"(2,6,1,0)",44,INSPECT,CUT=24/88;ASSEMBLE=72/264;INSPECT=36/44,false
C2A6T0I1F1,2,6,0,1,1,"(2,6,1,1)",26,ASSEMBLE+INSPECT,CUT=24/52;ASSEMBLE+INSPECT=108/208,true
C2A6T0I1F2,2,6,0,1,2,"(2,6,1,2)",22,CUT|ASSEMBLE+INSPECT,CUT=24/44;ASSEMBLE+INSPECT=108/198,true
C2A6T0I1F3,2,6,0,1,3,"(2,6,1,3)",21,CUT,CUT=24/42;ASSEMBLE+INSPECT=108/210,true
C2A6T0I2F0,2,6,0,2,0,"(2,6,2,0)",26,INSPECT,CUT=24/52;ASSEMBLE=72/156;INSPECT=36/52,false
C2A6T0I2F1,2,6,0,2,1,"(2,6,2,1)",22,CUT|ASSEMBLE+INSPECT,CUT=24/44;ASSEMBLE+INSPECT=108/198,true
C2A6T0I2F2,2,6,0,2,2,"(2,6,2,2)",21,CUT,CUT=24/42;ASSEMBLE+INSPECT=108/210,true
C2A6T0I2F3,2,6,0,2,3,"(2,6,2,3)",21,CUT,CUT=24/42;ASSEMBLE+INSPECT=108/231,true
C2A6T0I3F0,2,6,0,3,0,"(2,6,3,0)",22,CUT|ASSEMBLE|INSPECT,CUT=24/44;ASSEMBLE=72/132;INSPECT=36/66,false
C2A6T0I3F1,2,6,0,3,1,"(2,6,3,1)",21,CUT,CUT=24/42;ASSEMBLE+INSPECT=108/210,true
C2A6T0I3F2,2,6,0,3,2,"(2,6,3,2)",21,CUT,CUT=24/42;ASSEMBLE+INSPECT=108/231,true
C2A6T0I3F3,2,6,0,3,3,"(2,6,3,3)",21,CUT,CUT=24/42;ASSEMBLE+INSPECT=108/252,true
C2A6T0I4F0,2,6,0,4,0,"(2,6,4,0)",21,CUT|ASSEMBLE,CUT=24/42;ASSEMBLE=72/126;INSPECT=36/84,false
C2A6T0I4F1,2,6,0,4,1,"(2,6,4,1)",21,CUT,CUT=24/42;ASSEMBLE+INSPECT=108/231,true
C2A6T0I4F2,2,6,0,4,2,"(2,6,4,2)",21,CUT,CUT=24/42;ASSEMBLE+INSPECT=108/252,true
C2A6T0I4F3,2,6,0,4,3,"(2,6,4,3)",21,CUT,CUT=24/42;ASSEMBLE+INSPECT=108/273,true
C2A6T1I0F1,2,6,1,0,1,"(2,8,0,1)",44,CUT|ASSEMBLE+INSPECT,CUT=24/88;ASSEMBLE+INSPECT=108/396,true
C2A6T1I0F2,2,6,1,0,2,"(2,8,0,2)",26,CUT,CUT=24/52;ASSEMBLE+INSPECT=108/260,true
C2A6T1I0F3,2,6,1,0,3,"(2,8,0,3)",22,CUT,CUT=24/44;ASSEMBLE+INSPECT=108/242,true
C2A6T1I1F0,2,6,1,1,0,"(2,8,1,0)",44,INSPECT,CUT=24/88;ASSEMBLE=72/352;INSPECT=36/44,false
C2A6T1I1F1,2,6,1,1,1,"(2,8,1,1)",26,CUT,CUT=24/52;ASSEMBLE+INSPECT=108/260,true
C2A6T1I1F2,2,6,1,1,2,"(2,8,1,2)",22,CUT,CUT=24/44;ASSEMBLE+INSPECT=108/242,true
C2A6T1I1F3,2,6,1,1,3,"(2,8,1,3)",21,CUT,CUT=24/42;ASSEMBLE+INSPECT=108/252,true
C2A6T1I2F0,2,6,1,2,0,"(2,8,2,0)",26,INSPECT,CUT=24/52;ASSEMBLE=72/208;INSPECT=36/52,false
C2A6T1I2F1,2,6,1,2,1,"(2,8,2,1)",22,CUT,CUT=24/44;ASSEMBLE+INSPECT=108/242,true
C2A6T1I2F2,2,6,1,2,2,"(2,8,2,2)",21,CUT,CUT=24/42;ASSEMBLE+INSPECT=108/252,true
C2A6T1I2F3,2,6,1,2,3,"(2,8,2,3)",21,CUT,CUT=24/42;ASSEMBLE+INSPECT=108/273,true
C2A6T1I3F0,2,6,1,3,0,"(2,8,3,0)",22,CUT|INSPECT,CUT=24/44;ASSEMBLE=72/176;INSPECT=36/66,false
C2A6T1I3F1,2,6,1,3,1,"(2,8,3,1)",21,CUT,CUT=24/42;ASSEMBLE+INSPECT=108/252,true
C2A6T1I3F2,2,6,1,3,2,"(2,8,3,2)",21,CUT,CUT=24/42;ASSEMBLE+INSPECT=108/273,true
C2A6T1I3F3,2,6,1,3,3,"(2,8,3,3)",21,CUT,CUT=24/42;ASSEMBLE+INSPECT=108/294,true
C2A6T1I4F0,2,6,1,4,0,"(2,8,4,0)",21,CUT,CUT=24/42;ASSEMBLE=72/168;INSPECT=36/84,false
C2A6T1I4F1,2,6,1,4,1,"(2,8,4,1)",21,CUT,CUT=24/42;ASSEMBLE+INSPECT=108/273,true
C2A6T1I4F2,2,6,1,4,2,"(2,8,4,2)",21,CUT,CUT=24/42;ASSEMBLE+INSPECT=108/294,true
C2A6T1I4F3,2,6,1,4,3,"(2,8,4,3)",21,CUT,CUT=24/42;ASSEMBLE+INSPECT=108/315,true
C2A6T2I0F1,2,6,2,0,1,"(2,10,0,1)",44,CUT,CUT=24/88;ASSEMBLE+INSPECT=108/484,true
C2A6T2I0F2,2,6,2,0,2,"(2,10,0,2)",26,CUT,CUT=24/52;ASSEMBLE+INSPECT=108/312,true
C2A6T2I0F3,2,6,2,0,3,"(2,10,0,3)",22,CUT,CUT=24/44;ASSEMBLE+INSPECT=108/286,true
C2A6T2I1F0,2,6,2,1,0,"(2,10,1,0)",44,INSPECT,CUT=24/88;ASSEMBLE=72/440;INSPECT=36/44,false
C2A6T2I1F1,2,6,2,1,1,"(2,10,1,1)",26,CUT,CUT=24/52;ASSEMBLE+INSPECT=108/312,true
C2A6T2I1F2,2,6,2,1,2,"(2,10,1,2)",22,CUT,CUT=24/44;ASSEMBLE+INSPECT=108/286,true
C2A6T2I1F3,2,6,2,1,3,"(2,10,1,3)",21,CUT,CUT=24/42;ASSEMBLE+INSPECT=108/294,true
C2A6T2I2F0,2,6,2,2,0,"(2,10,2,0)",26,INSPECT,CUT=24/52;ASSEMBLE=72/260;INSPECT=36/52,false
C2A6T2I2F1,2,6,2,2,1,"(2,10,2,1)",22,CUT,CUT=24/44;ASSEMBLE+INSPECT=108/286,true
C2A6T2I2F2,2,6,2,2,2,"(2,10,2,2)",21,CUT,CUT=24/42;ASSEMBLE+INSPECT=108/294,true
C2A6T2I2F3,2,6,2,2,3,"(2,10,2,3)",21,CUT,CUT=24/42;ASSEMBLE+INSPECT=108/315,true
C2A6T2I3F0,2,6,2,3,0,"(2,10,3,0)",22,CUT|INSPECT,CUT=24/44;ASSEMBLE=72/220;INSPECT=36/66,false
C2A6T2I3F1,2,6,2,3,1,"(2,10,3,1)",21,CUT,CUT=24/42;ASSEMBLE+INSPECT=108/294,true
C2A6T2I3F2,2,6,2,3,2,"(2,10,3,2)",21,CUT,CUT=24/42;ASSEMBLE+INSPECT=108/315,true
C2A6T2I3F3,2,6,2,3,3,"(2,10,3,3)",21,CUT,CUT=24/42;ASSEMBLE+INSPECT=108/336,true
C2A6T2I4F0,2,6,2,4,0,"(2,10,4,0)",21,CUT,CUT=24/42;ASSEMBLE=72/210;INSPECT=36/84,false
C2A6T2I4F1,2,6,2,4,1,"(2,10,4,1)",21,CUT,CUT=24/42;ASSEMBLE+INSPECT=108/315,true
C2A6T2I4F2,2,6,2,4,2,"(2,10,4,2)",21,CUT,CUT=24/42;ASSEMBLE+INSPECT=108/336,true
C2A6T2I4F3,2,6,2,4,3,"(2,10,4,3)",21,CUT,CUT=24/42;ASSEMBLE+INSPECT=108/357,true
C2A6T3I0F1,2,6,3,0,1,"(2,12,0,1)",44,CUT,CUT=24/88;ASSEMBLE+INSPECT=108/572,true
C2A6T3I0F2,2,6,3,0,2,"(2,12,0,2)",26,CUT,CUT=24/52;ASSEMBLE+INSPECT=108/364,true
C2A6T3I0F3,2,6,3,0,3,"(2,12,0,3)",22,CUT,CUT=24/44;ASSEMBLE+INSPECT=108/330,true
C2A6T3I1F0,2,6,3,1,0,"(2,12,1,0)",44,INSPECT,CUT=24/88;ASSEMBLE=72/528;INSPECT=36/44,false
C2A6T3I1F1,2,6,3,1,1,"(2,12,1,1)",26,CUT,CUT=24/52;ASSEMBLE+INSPECT=108/364,true
C2A6T3I1F2,2,6,3,1,2,"(2,12,1,2)",22,CUT,CUT=24/44;ASSEMBLE+INSPECT=108/330,true
C2A6T3I1F3,2,6,3,1,3,"(2,12,1,3)",21,CUT,CUT=24/42;ASSEMBLE+INSPECT=108/336,true
C2A6T3I2F0,2,6,3,2,0,"(2,12,2,0)",26,INSPECT,CUT=24/52;ASSEMBLE=72/312;INSPECT=36/52,false
C2A6T3I2F1,2,6,3,2,1,"(2,12,2,1)",22,CUT,CUT=24/44;ASSEMBLE+INSPECT=108/330,true
C2A6T3I2F2,2,6,3,2,2,"(2,12,2,2)",21,CUT,CUT=24/42;ASSEMBLE+INSPECT=108/336,true
C2A6T3I2F3,2,6,3,2,3,"(2,12,2,3)",21,CUT,CUT=24/42;ASSEMBLE+INSPECT=108/357,true
C2A6T3I3F0,2,6,3,3,0,"(2,12,3,0)",22,CUT|INSPECT,CUT=24/44;ASSEMBLE=72/264;INSPECT=36/66,false
C2A6T3I3F1,2,6,3,3,1,"(2,12,3,1)",21,CUT,CUT=24/42;ASSEMBLE+INSPECT=108/336,true
C2A6T3I3F2,2,6,3,3,2,"(2,12,3,2)",21,CUT,CUT=24/42;ASSEMBLE+INSPECT=108/357,true
C2A6T3I3F3,2,6,3,3,3,"(2,12,3,3)",21,CUT,CUT=24/42;ASSEMBLE+INSPECT=108/378,true
C2A6T3I4F0,2,6,3,4,0,"(2,12,4,0)",21,CUT,CUT=24/42;ASSEMBLE=72/252;INSPECT=36/84,false
C2A6T3I4F1,2,6,3,4,1,"(2,12,4,1)",21,CUT,CUT=24/42;ASSEMBLE+INSPECT=108/357,true
C2A6T3I4F2,2,6,3,4,2,"(2,12,4,2)",21,CUT,CUT=24/42;ASSEMBLE+INSPECT=108/378,true
C2A6T3I4F3,2,6,3,4,3,"(2,12,4,3)",21,CUT,CUT=24/42;ASSEMBLE+INSPECT=108/399,true
C3A0T0I0F1,3,0,0,0,1,"(3,0,0,1)",110,ASSEMBLE+INSPECT,CUT=24/330;ASSEMBLE+INSPECT=108/110,true
C3A0T0I0F2,3,0,0,0,2,"(3,0,0,2)",56,ASSEMBLE+INSPECT,CUT=24/168;ASSEMBLE+INSPECT=108/112,true
C3A0T0I0F3,3,0,0,0,3,"(3,0,0,3)",38,ASSEMBLE+INSPECT,CUT=24/114;ASSEMBLE+INSPECT=108/114,true
C3A0T0I1F1,3,0,0,1,1,"(3,0,1,1)",77,ASSEMBLE+INSPECT,CUT=24/231;ASSEMBLE+INSPECT=108/154,true
C3A0T0I1F2,3,0,0,1,2,"(3,0,1,2)",47,ASSEMBLE+INSPECT,CUT=24/141;ASSEMBLE+INSPECT=108/141,true
C3A0T0I1F3,3,0,0,1,3,"(3,0,1,3)",38,ASSEMBLE+INSPECT,CUT=24/114;ASSEMBLE+INSPECT=108/152,true
C3A0T0I2F1,3,0,0,2,1,"(3,0,2,1)",77,ASSEMBLE+INSPECT,CUT=24/231;ASSEMBLE+INSPECT=108/231,true
C3A0T0I2F2,3,0,0,2,2,"(3,0,2,2)",41,ASSEMBLE+INSPECT,CUT=24/123;ASSEMBLE+INSPECT=108/164,true
C3A0T0I2F3,3,0,0,2,3,"(3,0,2,3)",35,ASSEMBLE+INSPECT,CUT=24/105;ASSEMBLE+INSPECT=108/175,true
C3A0T0I3F1,3,0,0,3,1,"(3,0,3,1)",77,ASSEMBLE+INSPECT,CUT=24/231;ASSEMBLE+INSPECT=108/308,true
C3A0T0I3F2,3,0,0,3,2,"(3,0,3,2)",41,ASSEMBLE+INSPECT,CUT=24/123;ASSEMBLE+INSPECT=108/205,true
C3A0T0I3F3,3,0,0,3,3,"(3,0,3,3)",29,ASSEMBLE+INSPECT,CUT=24/87;ASSEMBLE+INSPECT=108/174,true
C3A0T0I4F1,3,0,0,4,1,"(3,0,4,1)",77,ASSEMBLE+INSPECT,CUT=24/231;ASSEMBLE+INSPECT=108/385,true
C3A0T0I4F2,3,0,0,4,2,"(3,0,4,2)",41,ASSEMBLE+INSPECT,CUT=24/123;ASSEMBLE+INSPECT=108/246,true
C3A0T0I4F3,3,0,0,4,3,"(3,0,4,3)",29,ASSEMBLE+INSPECT,CUT=24/87;ASSEMBLE+INSPECT=108/203,true
C3A0T1I0F1,3,0,1,0,1,"(3,2,0,1)",44,ASSEMBLE+INSPECT,CUT=24/132;ASSEMBLE+INSPECT=108/132,true
C3A0T1I0F2,3,0,1,0,2,"(3,2,0,2)",35,ASSEMBLE+INSPECT,CUT=24/105;ASSEMBLE+INSPECT=108/140,true
C3A0T1I0F3,3,0,1,0,3,"(3,2,0,3)",26,ASSEMBLE+INSPECT,CUT=24/78;ASSEMBLE+INSPECT=108/130,true
C3A0T1I1F0,3,0,1,1,0,"(3,2,1,0)",44,ASSEMBLE|INSPECT,CUT=24/132;ASSEMBLE=72/88;INSPECT=36/44,false
C3A0T1I1F1,3,0,1,1,1,"(3,2,1,1)",35,ASSEMBLE+INSPECT,CUT=24/105;ASSEMBLE+INSPECT=108/140,true
C3A0T1I1F2,3,0,1,1,2,"(3,2,1,2)",29,ASSEMBLE+INSPECT,CUT=24/87;ASSEMBLE+INSPECT=108/145,true
C3A0T1I1F3,3,0,1,1,3,"(3,2,1,3)",25,ASSEMBLE+INSPECT,CUT=24/75;ASSEMBLE+INSPECT=108/150,true
C3A0T1I2F0,3,0,1,2,0,"(3,2,2,0)",41,ASSEMBLE,CUT=24/123;ASSEMBLE=72/82;INSPECT=36/82,false
C3A0T1I2F1,3,0,1,2,1,"(3,2,2,1)",29,ASSEMBLE+INSPECT,CUT=24/87;ASSEMBLE+INSPECT=108/145,true
C3A0T1I2F2,3,0,1,2,2,"(3,2,2,2)",26,ASSEMBLE+INSPECT,CUT=24/78;ASSEMBLE+INSPECT=108/156,true
C3A0T1I2F3,3,0,1,2,3,"(3,2,2,3)",25,ASSEMBLE+INSPECT,CUT=24/75;ASSEMBLE+INSPECT=108/175,true
C3A0T1I3F0,3,0,1,3,0,"(3,2,3,0)",41,ASSEMBLE,CUT=24/123;ASSEMBLE=72/82;INSPECT=36/123,false
C3A0T1I3F1,3,0,1,3,1,"(3,2,3,1)",29,ASSEMBLE+INSPECT,CUT=24/87;ASSEMBLE+INSPECT=108/174,true
C3A0T1I3F2,3,0,1,3,2,"(3,2,3,2)",25,ASSEMBLE+INSPECT,CUT=24/75;ASSEMBLE+INSPECT=108/175,true
C3A0T1I3F3,3,0,1,3,3,"(3,2,3,3)",25,ASSEMBLE+INSPECT,CUT=24/75;ASSEMBLE+INSPECT=108/200,true
C3A0T1I4F0,3,0,1,4,0,"(3,2,4,0)",41,ASSEMBLE,CUT=24/123;ASSEMBLE=72/82;INSPECT=36/164,false
C3A0T1I4F1,3,0,1,4,1,"(3,2,4,1)",29,ASSEMBLE+INSPECT,CUT=24/87;ASSEMBLE+INSPECT=108/203,true
C3A0T1I4F2,3,0,1,4,2,"(3,2,4,2)",25,ASSEMBLE+INSPECT,CUT=24/75;ASSEMBLE+INSPECT=108/200,true
C3A0T1I4F3,3,0,1,4,3,"(3,2,4,3)",23,ASSEMBLE+INSPECT,CUT=24/69;ASSEMBLE+INSPECT=108/207,true
C3A0T2I0F1,3,0,2,0,1,"(3,4,0,1)",44,ASSEMBLE+INSPECT,CUT=24/132;ASSEMBLE+INSPECT=108/220,true
C3A0T2I0F2,3,0,2,0,2,"(3,4,0,2)",29,ASSEMBLE+INSPECT,CUT=24/87;ASSEMBLE+INSPECT=108/174,true
C3A0T2I0F3,3,0,2,0,3,"(3,4,0,3)",26,ASSEMBLE+INSPECT,CUT=24/78;ASSEMBLE+INSPECT=108/182,true
C3A0T2I1F0,3,0,2,1,0,"(3,4,1,0)",44,INSPECT,CUT=24/132;ASSEMBLE=72/176;INSPECT=36/44,false
C3A0T2I1F1,3,0,2,1,1,"(3,4,1,1)",29,ASSEMBLE+INSPECT,CUT=24/87;ASSEMBLE+INSPECT=108/174,true
C3A0T2I1F2,3,0,2,1,2,"(3,4,1,2)",26,ASSEMBLE+INSPECT,CUT=24/78;ASSEMBLE+INSPECT=108/182,true
C3A0T2I1F3,3,0,2,1,3,"(3,4,1,3)",20,ASSEMBLE+INSPECT,CUT=24/60;ASSEMBLE+INSPECT=108/160,true
C3A0T2I2F0,3,0,2,2,0,"(3,4,2,0)",26,ASSEMBLE|INSPECT,CUT=24/78;ASSEMBLE=72/104;INSPECT=36/52,false
C3A0T2I2F1,3,0,2,2,1,"(3,4,2,1)",23,ASSEMBLE+INSPECT,CUT=24/69;ASSEMBLE+INSPECT=108/161,true
C3A0T2I2F2,3,0,2,2,2,"(3,4,2,2)",20,ASSEMBLE+INSPECT,CUT=24/60;ASSEMBLE+INSPECT=108/160,true
C3A0T2I2F3,3,0,2,2,3,"(3,4,2,3)",20,ASSEMBLE+INSPECT,CUT=24/60;ASSEMBLE+INSPECT=108/180,true
C3A0T2I3F0,3,0,2,3,0,"(3,4,3,0)",26,ASSEMBLE,CUT=24/78;ASSEMBLE=72/104;INSPECT=36/78,false
C3A0T2I3F1,3,0,2,3,1,"(3,4,3,1)",23,ASSEMBLE+INSPECT,CUT=24/69;ASSEMBLE+INSPECT=108/184,true
C3A0T2I3F2,3,0,2,3,2,"(3,4,3,2)",20,ASSEMBLE+INSPECT,CUT=24/60;ASSEMBLE+INSPECT=108/180,true
C3A0T2I3F3,3,0,2,3,3,"(3,4,3,3)",19,ASSEMBLE+INSPECT,CUT=24/57;ASSEMBLE+INSPECT=108/190,true
C3A0T2I4F0,3,0,2,4,0,"(3,4,4,0)",25,ASSEMBLE,CUT=24/75;ASSEMBLE=72/100;INSPECT=36/100,false
C3A0T2I4F1,3,0,2,4,1,"(3,4,4,1)",23,ASSEMBLE+INSPECT,CUT=24/69;ASSEMBLE+INSPECT=108/207,true
C3A0T2I4F2,3,0,2,4,2,"(3,4,4,2)",19,ASSEMBLE+INSPECT,CUT=24/57;ASSEMBLE+INSPECT=108/190,true
C3A0T2I4F3,3,0,2,4,3,"(3,4,4,3)",19,ASSEMBLE+INSPECT,CUT=24/57;ASSEMBLE+INSPECT=108/209,true
C3A0T3I0F1,3,0,3,0,1,"(3,6,0,1)",44,ASSEMBLE+INSPECT,CUT=24/132;ASSEMBLE+INSPECT=108/308,true
C3A0T3I0F2,3,0,3,0,2,"(3,6,0,2)",26,ASSEMBLE+INSPECT,CUT=24/78;ASSEMBLE+INSPECT=108/208,true
C3A0T3I0F3,3,0,3,0,3,"(3,6,0,3)",20,ASSEMBLE+INSPECT,CUT=24/60;ASSEMBLE+INSPECT=108/180,true
C3A0T3I1F0,3,0,3,1,0,"(3,6,1,0)",44,INSPECT,CUT=24/132;ASSEMBLE=72/264;INSPECT=36/44,false
C3A0T3I1F1,3,0,3,1,1,"(3,6,1,1)",29,ASSEMBLE+INSPECT,CUT=24/87;ASSEMBLE+INSPECT=108/232,true
C3A0T3I1F2,3,0,3,1,2,"(3,6,1,2)",23,ASSEMBLE+INSPECT,CUT=24/69;ASSEMBLE+INSPECT=108/207,true
C3A0T3I1F3,3,0,3,1,3,"(3,6,1,3)",19,ASSEMBLE+INSPECT,CUT=24/57;ASSEMBLE+INSPECT=108/190,true
C3A0T3I2F0,3,0,3,2,0,"(3,6,2,0)",26,INSPECT,CUT=24/78;ASSEMBLE=72/156;INSPECT=36/52,false
C3A0T3I2F1,3,0,3,2,1,"(3,6,2,1)",23,ASSEMBLE+INSPECT,CUT=24/69;ASSEMBLE+INSPECT=108/207,true
C3A0T3I2F2,3,0,3,2,2,"(3,6,2,2)",20,ASSEMBLE+INSPECT,CUT=24/60;ASSEMBLE+INSPECT=108/200,true
C3A0T3I2F3,3,0,3,2,3,"(3,6,2,3)",19,ASSEMBLE+INSPECT,CUT=24/57;ASSEMBLE+INSPECT=108/209,true
C3A0T3I3F0,3,0,3,3,0,"(3,6,3,0)",20,ASSEMBLE|INSPECT,CUT=24/60;ASSEMBLE=72/120;INSPECT=36/60,false
C3A0T3I3F1,3,0,3,3,1,"(3,6,3,1)",20,ASSEMBLE+INSPECT,CUT=24/60;ASSEMBLE+INSPECT=108/200,true
C3A0T3I3F2,3,0,3,3,2,"(3,6,3,2)",19,ASSEMBLE+INSPECT,CUT=24/57;ASSEMBLE+INSPECT=108/209,true
C3A0T3I3F3,3,0,3,3,3,"(3,6,3,3)",19,ASSEMBLE+INSPECT,CUT=24/57;ASSEMBLE+INSPECT=108/228,true
C3A0T3I4F0,3,0,3,4,0,"(3,6,4,0)",20,ASSEMBLE,CUT=24/60;ASSEMBLE=72/120;INSPECT=36/80,false
C3A0T3I4F1,3,0,3,4,1,"(3,6,4,1)",19,ASSEMBLE+INSPECT,CUT=24/57;ASSEMBLE+INSPECT=108/209,true
C3A0T3I4F2,3,0,3,4,2,"(3,6,4,2)",19,ASSEMBLE+INSPECT,CUT=24/57;ASSEMBLE+INSPECT=108/228,true
C3A0T3I4F3,3,0,3,4,3,"(3,6,4,3)",19,ASSEMBLE+INSPECT,CUT=24/57;ASSEMBLE+INSPECT=108/247,true
C3A1T0I0F1,3,1,0,0,1,"(3,1,0,1)",59,ASSEMBLE+INSPECT,CUT=24/177;ASSEMBLE+INSPECT=108/118,true
C3A1T0I0F2,3,1,0,0,2,"(3,1,0,2)",41,ASSEMBLE+INSPECT,CUT=24/123;ASSEMBLE+INSPECT=108/123,true
C3A1T0I0F3,3,1,0,0,3,"(3,1,0,3)",32,ASSEMBLE+INSPECT,CUT=24/96;ASSEMBLE+INSPECT=108/128,true
C3A1T0I1F0,3,1,0,1,0,"(3,1,1,0)",77,ASSEMBLE,CUT=24/231;ASSEMBLE=72/77;INSPECT=36/77,false
C3A1T0I1F1,3,1,0,1,1,"(3,1,1,1)",47,ASSEMBLE+INSPECT,CUT=24/141;ASSEMBLE+INSPECT=108/141,true
C3A1T0I1F2,3,1,0,1,2,"(3,1,1,2)",35,ASSEMBLE+INSPECT,CUT=24/105;ASSEMBLE+INSPECT=108/140,true
C3A1T0I1F3,3,1,0,1,3,"(3,1,1,3)",29,ASSEMBLE+INSPECT,CUT=24/87;ASSEMBLE+INSPECT=108/145,true
C3A1T0I2F0,3,1,0,2,0,"(3,1,2,0)",77,ASSEMBLE,CUT=24/231;ASSEMBLE=72/77;INSPECT=36/154,false
C3A1T0I2F1,3,1,0,2,1,"(3,1,2,1)",41,ASSEMBLE+INSPECT,CUT=24/123;ASSEMBLE+INSPECT=108/164,true
C3A1T0I2F2,3,1,0,2,2,"(3,1,2,2)",35,ASSEMBLE+INSPECT,CUT=24/105;ASSEMBLE+INSPECT=108/175,true
C3A1T0I2F3,3,1,0,2,3,"(3,1,2,3)",29,ASSEMBLE+INSPECT,CUT=24/87;ASSEMBLE+INSPECT=108/174,true
C3A1T0I3F0,3,1,0,3,0,"(3,1,3,0)",77,ASSEMBLE,CUT=24/231;ASSEMBLE=72/77;INSPECT=36/231,false
C3A1T0I3F1,3,1,0,3,1,"(3,1,3,1)",41,ASSEMBLE+INSPECT,CUT=24/123;ASSEMBLE+INSPECT=108/205,true
C3A1T0I3F2,3,1,0,3,2,"(3,1,3,2)",29,ASSEMBLE+INSPECT,CUT=24/87;ASSEMBLE+INSPECT=108/174,true
C3A1T0I3F3,3,1,0,3,3,"(3,1,3,3)",26,ASSEMBLE+INSPECT,CUT=24/78;ASSEMBLE+INSPECT=108/182,true
C3A1T0I4F0,3,1,0,4,0,"(3,1,4,0)",77,ASSEMBLE,CUT=24/231;ASSEMBLE=72/77;INSPECT=36/308,false
C3A1T0I4F1,3,1,0,4,1,"(3,1,4,1)",41,ASSEMBLE+INSPECT,CUT=24/123;ASSEMBLE+INSPECT=108/246,true
C3A1T0I4F2,3,1,0,4,2,"(3,1,4,2)",29,ASSEMBLE+INSPECT,CUT=24/87;ASSEMBLE+INSPECT=108/203,true
C3A1T0I4F3,3,1,0,4,3,"(3,1,4,3)",25,ASSEMBLE+INSPECT,CUT=24/75;ASSEMBLE+INSPECT=108/200,true
C3A1T1I0F1,3,1,1,0,1,"(3,3,0,1)",44,ASSEMBLE+INSPECT,CUT=24/132;ASSEMBLE+INSPECT=108/176,true
C3A1T1I0F2,3,1,1,0,2,"(3,3,0,2)",32,ASSEMBLE+INSPECT,CUT=24/96;ASSEMBLE+INSPECT=108/160,true
C3A1T1I0F3,3,1,1,0,3,"(3,3,0,3)",26,ASSEMBLE+INSPECT,CUT=24/78;ASSEMBLE+INSPECT=108/156,true
C3A1T1I1F0,3,1,1,1,0,"(3,3,1,0)",44,INSPECT,CUT=24/132;ASSEMBLE=72/132;INSPECT=36/44,false
C3A1T1I1F1,3,1,1,1,1,"(3,3,1,1)",32,ASSEMBLE+INSPECT,CUT=24/96;ASSEMBLE+INSPECT=108/160,true
C3A1T1I1F2,3,1,1,1,2,"(3,3,1,2)",26,ASSEMBLE+INSPECT,CUT=24/78;ASSEMBLE+INSPECT=108/156,true
C3A1T1I1F3,3,1,1,1,3,"(3,3,1,3)",23,ASSEMBLE+INSPECT,CUT=24/69;ASSEMBLE+INSPECT=108/161,true
C3A1T1I2F0,3,1,1,2,0,"(3,3,2,0)",32,ASSEMBLE,CUT=24/96;ASSEMBLE=72/96;INSPECT=36/64,false
C3A1T1I2F1,3,1,1,2,1,"(3,3,2,1)",26,ASSEMBLE+INSPECT,CUT=24/78;ASSEMBLE+INSPECT=108/156,true
C3A1T1I2F2,3,1,1,2,2,"(3,3,2,2)",25,ASSEMBLE+INSPECT,CUT=24/75;ASSEMBLE+INSPECT=108/175,true
C3A1T1I2F3,3,1,1,2,3,"(3,3,2,3)",20,ASSEMBLE+INSPECT,CUT=24/60;ASSEMBLE+INSPECT=108/160,true
C3A1T1I3F0,3,1,1,3,0,"(3,3,3,0)",29,ASSEMBLE,CUT=24/87;ASSEMBLE=72/87;INSPECT=36/87,false
C3A1T1I3F1,3,1,1,3,1,"(3,3,3,1)",25,ASSEMBLE+INSPECT,CUT=24/75;ASSEMBLE+INSPECT=108/175,true
C3A1T1I3F2,3,1,1,3,2,"(3,3,3,2)",23,ASSEMBLE+INSPECT,CUT=24/69;ASSEMBLE+INSPECT=108/184,true
C3A1T1I3F3,3,1,1,3,3,"(3,3,3,3)",19,ASSEMBLE+INSPECT,CUT=24/57;ASSEMBLE+INSPECT=108/171,true
C3A1T1I4F0,3,1,1,4,0,"(3,3,4,0)",29,ASSEMBLE,CUT=24/87;ASSEMBLE=72/87;INSPECT=36/116,false
C3A1T1I4F1,3,1,1,4,1,"(3,3,4,1)",25,ASSEMBLE+INSPECT,CUT=24/75;ASSEMBLE+INSPECT=108/200,true
C3A1T1I4F2,3,1,1,4,2,"(3,3,4,2)",23,ASSEMBLE+INSPECT,CUT=24/69;ASSEMBLE+INSPECT=108/207,true
C3A1T1I4F3,3,1,1,4,3,"(3,3,4,3)",19,ASSEMBLE+INSPECT,CUT=24/57;ASSEMBLE+INSPECT=108/190,true
C3A1T2I0F1,3,1,2,0,1,"(3,5,0,1)",44,ASSEMBLE+INSPECT,CUT=24/132;ASSEMBLE+INSPECT=108/264,true
C3A1T2I0F2,3,1,2,0,2,"(3,5,0,2)",29,ASSEMBLE+INSPECT,CUT=24/87;ASSEMBLE+INSPECT=108/203,true
C3A1T2I0F3,3,1,2,0,3,"(3,5,0,3)",23,ASSEMBLE+INSPECT,CUT=24/69;ASSEMBLE+INSPECT=108/184,true
C3A1T2I1F0,3,1,2,1,0,"(3,5,1,0)",44,INSPECT,CUT=24/132;ASSEMBLE=72/220;INSPECT=36/44,false
C3A1T2I1F1,3,1,2,1,1,"(3,5,1,1)",29,ASSEMBLE+INSPECT,CUT=24/87;ASSEMBLE+INSPECT=108/203,true
C3A1T2I1F2,3,1,2,1,2,"(3,5,1,2)",23,ASSEMBLE+INSPECT,CUT=24/69;ASSEMBLE+INSPECT=108/184,true
C3A1T2I1F3,3,1,2,1,3,"(3,5,1,3)",20,ASSEMBLE+INSPECT,CUT=24/60;ASSEMBLE+INSPECT=108/180,true
C3A1T2I2F0,3,1,2,2,0,"(3,5,2,0)",26,INSPECT,CUT=24/78;ASSEMBLE=72/130;INSPECT=36/52,false
C3A1T2I2F1,3,1,2,2,1,"(3,5,2,1)",23,ASSEMBLE+INSPECT,CUT=24/69;ASSEMBLE+INSPECT=108/184,true
C3A1T2I2F2,3,1,2,2,2,"(3,5,2,2)",20,ASSEMBLE+INSPECT,CUT=24/60;ASSEMBLE+INSPECT=108/180,true
C3A1T2I2F3,3,1,2,2,3,"(3,5,2,3)",19,ASSEMBLE+INSPECT,CUT=24/57;ASSEMBLE+INSPECT=108/190,true
C3A1T2I3F0,3,1,2,3,0,"(3,5,3,0)",23,ASSEMBLE,CUT=24/69;ASSEMBLE=72/115;INSPECT=36/69,false
C3A1T2I3F1,3,1,2,3,1,"(3,5,3,1)",20,ASSEMBLE+INSPECT,CUT=24/60;ASSEMBLE+INSPECT=108/180,true
C3A1T2I3F2,3,1,2,3,2,"(3,5,3,2)",20,ASSEMBLE+INSPECT,CUT=24/60;ASSEMBLE+INSPECT=108/200,true
C3A1T2I3F3,3,1,2,3,3,"(3,5,3,3)",19,ASSEMBLE+INSPECT,CUT=24/57;ASSEMBLE+INSPECT=108/209,true
C3A1T2I4F0,3,1,2,4,0,"(3,5,4,0)",23,ASSEMBLE,CUT=24/69;ASSEMBLE=72/115;INSPECT=36/92,false
C3A1T2I4F1,3,1,2,4,1,"(3,5,4,1)",20,ASSEMBLE+INSPECT,CUT=24/60;ASSEMBLE+INSPECT=108/200,true
C3A1T2I4F2,3,1,2,4,2,"(3,5,4,2)",19,ASSEMBLE+INSPECT,CUT=24/57;ASSEMBLE+INSPECT=108/209,true
C3A1T2I4F3,3,1,2,4,3,"(3,5,4,3)",19,ASSEMBLE+INSPECT,CUT=24/57;ASSEMBLE+INSPECT=108/228,true
C3A1T3I0F1,3,1,3,0,1,"(3,7,0,1)",44,ASSEMBLE+INSPECT,CUT=24/132;ASSEMBLE+INSPECT=108/352,true
C3A1T3I0F2,3,1,3,0,2,"(3,7,0,2)",26,ASSEMBLE+INSPECT,CUT=24/78;ASSEMBLE+INSPECT=108/234,true
C3A1T3I0F3,3,1,3,0,3,"(3,7,0,3)",20,ASSEMBLE+INSPECT,CUT=24/60;ASSEMBLE+INSPECT=108/200,true
C3A1T3I1F0,3,1,3,1,0,"(3,7,1,0)",44,INSPECT,CUT=24/132;ASSEMBLE=72/308;INSPECT=36/44,false
C3A1T3I1F1,3,1,3,1,1,"(3,7,1,1)",29,ASSEMBLE+INSPECT,CUT=24/87;ASSEMBLE+INSPECT=108/261,true
C3A1T3I1F2,3,1,3,1,2,"(3,7,1,2)",20,ASSEMBLE+INSPECT,CUT=24/60;ASSEMBLE+INSPECT=108/200,true
C3A1T3I1F3,3,1,3,1,3,"(3,7,1,3)",19,ASSEMBLE+INSPECT,CUT=24/57;ASSEMBLE+INSPECT=108/209,true
C3A1T3I2F0,3,1,3,2,0,"(3,7,2,0)",26,INSPECT,CUT=24/78;ASSEMBLE=72/182;INSPECT=36/52,false
C3A1T3I2F1,3,1,3,2,1,"(3,7,2,1)",23,ASSEMBLE+INSPECT,CUT=24/69;ASSEMBLE+INSPECT=108/230,true
C3A1T3I2F2,3,1,3,2,2,"(3,7,2,2)",19,ASSEMBLE+INSPECT,CUT=24/57;ASSEMBLE+INSPECT=108/209,true
C3A1T3I2F3,3,1,3,2,3,"(3,7,2,3)",19,ASSEMBLE+INSPECT,CUT=24/57;ASSEMBLE+INSPECT=108/228,true
C3A1T3I3F0,3,1,3,3,0,"(3,7,3,0)",20,INSPECT,CUT=24/60;ASSEMBLE=72/140;INSPECT=36/60,false
C3A1T3I3F1,3,1,3,3,1,"(3,7,3,1)",20,ASSEMBLE+INSPECT,CUT=24/60;ASSEMBLE+INSPECT=108/220,true
C3A1T3I3F2,3,1,3,3,2,"(3,7,3,2)",19,ASSEMBLE+INSPECT,CUT=24/57;ASSEMBLE+INSPECT=108/228,true
C3A1T3I3F3,3,1,3,3,3,"(3,7,3,3)",19,ASSEMBLE+INSPECT,CUT=24/57;ASSEMBLE+INSPECT=108/247,true
C3A1T3I4F0,3,1,3,4,0,"(3,7,4,0)",20,ASSEMBLE,CUT=24/60;ASSEMBLE=72/140;INSPECT=36/80,false
C3A1T3I4F1,3,1,3,4,1,"(3,7,4,1)",19,ASSEMBLE+INSPECT,CUT=24/57;ASSEMBLE+INSPECT=108/228,true
C3A1T3I4F2,3,1,3,4,2,"(3,7,4,2)",19,ASSEMBLE+INSPECT,CUT=24/57;ASSEMBLE+INSPECT=108/247,true
C3A1T3I4F3,3,1,3,4,3,"(3,7,4,3)",19,CUT,CUT=24/57;ASSEMBLE+INSPECT=108/266,true
C3A2T0I0F1,3,2,0,0,1,"(3,2,0,1)",44,ASSEMBLE+INSPECT,CUT=24/132;ASSEMBLE+INSPECT=108/132,true
C3A2T0I0F2,3,2,0,0,2,"(3,2,0,2)",35,ASSEMBLE+INSPECT,CUT=24/105;ASSEMBLE+INSPECT=108/140,true
C3A2T0I0F3,3,2,0,0,3,"(3,2,0,3)",26,ASSEMBLE+INSPECT,CUT=24/78;ASSEMBLE+INSPECT=108/130,true
C3A2T0I1F0,3,2,0,1,0,"(3,2,1,0)",44,ASSEMBLE|INSPECT,CUT=24/132;ASSEMBLE=72/88;INSPECT=36/44,false
C3A2T0I1F1,3,2,0,1,1,"(3,2,1,1)",35,ASSEMBLE+INSPECT,CUT=24/105;ASSEMBLE+INSPECT=108/140,true
C3A2T0I1F2,3,2,0,1,2,"(3,2,1,2)",29,ASSEMBLE+INSPECT,CUT=24/87;ASSEMBLE+INSPECT=108/145,true
C3A2T0I1F3,3,2,0,1,3,"(3,2,1,3)",25,ASSEMBLE+INSPECT,CUT=24/75;ASSEMBLE+INSPECT=108/150,true
C3A2T0I2F0,3,2,0,2,0,"(3,2,2,0)",41,ASSEMBLE,CUT=24/123;ASSEMBLE=72/82;INSPECT=36/82,false
C3A2T0I2F1,3,2,0,2,1,"(3,2,2,1)",29,ASSEMBLE+INSPECT,CUT=24/87;ASSEMBLE+INSPECT=108/145,true
C3A2T0I2F2,3,2,0,2,2,"(3,2,2,2)",26,ASSEMBLE+INSPECT,CUT=24/78;ASSEMBLE+INSPECT=108/156,true
C3A2T0I2F3,3,2,0,2,3,"(3,2,2,3)",25,ASSEMBLE+INSPECT,CUT=24/75;ASSEMBLE+INSPECT=108/175,true
C3A2T0I3F0,3,2,0,3,0,"(3,2,3,0)",41,ASSEMBLE,CUT=24/123;ASSEMBLE=72/82;INSPECT=36/123,false
C3A2T0I3F1,3,2,0,3,1,"(3,2,3,1)",29,ASSEMBLE+INSPECT,CUT=24/87;ASSEMBLE+INSPECT=108/174,true
C3A2T0I3F2,3,2,0,3,2,"(3,2,3,2)",25,ASSEMBLE+INSPECT,CUT=24/75;ASSEMBLE+INSPECT=108/175,true
C3A2T0I3F3,3,2,0,3,3,"(3,2,3,3)",25,ASSEMBLE+INSPECT,CUT=24/75;ASSEMBLE+INSPECT=108/200,true
C3A2T0I4F0,3,2,0,4,0,"(3,2,4,0)",41,ASSEMBLE,CUT=24/123;ASSEMBLE=72/82;INSPECT=36/164,false
C3A2T0I4F1,3,2,0,4,1,"(3,2,4,1)",29,ASSEMBLE+INSPECT,CUT=24/87;ASSEMBLE+INSPECT=108/203,true
C3A2T0I4F2,3,2,0,4,2,"(3,2,4,2)",25,ASSEMBLE+INSPECT,CUT=24/75;ASSEMBLE+INSPECT=108/200,true
C3A2T0I4F3,3,2,0,4,3,"(3,2,4,3)",23,ASSEMBLE+INSPECT,CUT=24/69;ASSEMBLE+INSPECT=108/207,true
C3A2T1I0F1,3,2,1,0,1,"(3,4,0,1)",44,ASSEMBLE+INSPECT,CUT=24/132;ASSEMBLE+INSPECT=108/220,true
C3A2T1I0F2,3,2,1,0,2,"(3,4,0,2)",29,ASSEMBLE+INSPECT,CUT=24/87;ASSEMBLE+INSPECT=108/174,true
C3A2T1I0F3,3,2,1,0,3,"(3,4,0,3)",26,ASSEMBLE+INSPECT,CUT=24/78;ASSEMBLE+INSPECT=108/182,true
C3A2T1I1F0,3,2,1,1,0,"(3,4,1,0)",44,INSPECT,CUT=24/132;ASSEMBLE=72/176;INSPECT=36/44,false
C3A2T1I1F1,3,2,1,1,1,"(3,4,1,1)",29,ASSEMBLE+INSPECT,CUT=24/87;ASSEMBLE+INSPECT=108/174,true
C3A2T1I1F2,3,2,1,1,2,"(3,4,1,2)",26,ASSEMBLE+INSPECT,CUT=24/78;ASSEMBLE+INSPECT=108/182,true
C3A2T1I1F3,3,2,1,1,3,"(3,4,1,3)",20,ASSEMBLE+INSPECT,CUT=24/60;ASSEMBLE+INSPECT=108/160,true
C3A2T1I2F0,3,2,1,2,0,"(3,4,2,0)",26,ASSEMBLE|INSPECT,CUT=24/78;ASSEMBLE=72/104;INSPECT=36/52,false
C3A2T1I2F1,3,2,1,2,1,"(3,4,2,1)",23,ASSEMBLE+INSPECT,CUT=24/69;ASSEMBLE+INSPECT=108/161,true
C3A2T1I2F2,3,2,1,2,2,"(3,4,2,2)",20,ASSEMBLE+INSPECT,CUT=24/60;ASSEMBLE+INSPECT=108/160,true
C3A2T1I2F3,3,2,1,2,3,"(3,4,2,3)",20,ASSEMBLE+INSPECT,CUT=24/60;ASSEMBLE+INSPECT=108/180,true
C3A2T1I3F0,3,2,1,3,0,"(3,4,3,0)",26,ASSEMBLE,CUT=24/78;ASSEMBLE=72/104;INSPECT=36/78,false
C3A2T1I3F1,3,2,1,3,1,"(3,4,3,1)",23,ASSEMBLE+INSPECT,CUT=24/69;ASSEMBLE+INSPECT=108/184,true
C3A2T1I3F2,3,2,1,3,2,"(3,4,3,2)",20,ASSEMBLE+INSPECT,CUT=24/60;ASSEMBLE+INSPECT=108/180,true
C3A2T1I3F3,3,2,1,3,3,"(3,4,3,3)",19,ASSEMBLE+INSPECT,CUT=24/57;ASSEMBLE+INSPECT=108/190,true
C3A2T1I4F0,3,2,1,4,0,"(3,4,4,0)",25,ASSEMBLE,CUT=24/75;ASSEMBLE=72/100;INSPECT=36/100,false
C3A2T1I4F1,3,2,1,4,1,"(3,4,4,1)",23,ASSEMBLE+INSPECT,CUT=24/69;ASSEMBLE+INSPECT=108/207,true
C3A2T1I4F2,3,2,1,4,2,"(3,4,4,2)",19,ASSEMBLE+INSPECT,CUT=24/57;ASSEMBLE+INSPECT=108/190,true
C3A2T1I4F3,3,2,1,4,3,"(3,4,4,3)",19,ASSEMBLE+INSPECT,CUT=24/57;ASSEMBLE+INSPECT=108/209,true
C3A2T2I0F1,3,2,2,0,1,"(3,6,0,1)",44,ASSEMBLE+INSPECT,CUT=24/132;ASSEMBLE+INSPECT=108/308,true
C3A2T2I0F2,3,2,2,0,2,"(3,6,0,2)",26,ASSEMBLE+INSPECT,CUT=24/78;ASSEMBLE+INSPECT=108/208,true
C3A2T2I0F3,3,2,2,0,3,"(3,6,0,3)",20,ASSEMBLE+INSPECT,CUT=24/60;ASSEMBLE+INSPECT=108/180,true
C3A2T2I1F0,3,2,2,1,0,"(3,6,1,0)",44,INSPECT,CUT=24/132;ASSEMBLE=72/264;INSPECT=36/44,false
C3A2T2I1F1,3,2,2,1,1,"(3,6,1,1)",29,ASSEMBLE+INSPECT,CUT=24/87;ASSEMBLE+INSPECT=108/232,true
C3A2T2I1F2,3,2,2,1,2,"(3,6,1,2)",23,ASSEMBLE+INSPECT,CUT=24/69;ASSEMBLE+INSPECT=108/207,true
C3A2T2I1F3,3,2,2,1,3,"(3,6,1,3)",19,ASSEMBLE+INSPECT,CUT=24/57;ASSEMBLE+INSPECT=108/190,true
C3A2T2I2F0,3,2,2,2,0,"(3,6,2,0)",26,INSPECT,CUT=24/78;ASSEMBLE=72/156;INSPECT=36/52,false
C3A2T2I2F1,3,2,2,2,1,"(3,6,2,1)",23,ASSEMBLE+INSPECT,CUT=24/69;ASSEMBLE+INSPECT=108/207,true
C3A2T2I2F2,3,2,2,2,2,"(3,6,2,2)",20,ASSEMBLE+INSPECT,CUT=24/60;ASSEMBLE+INSPECT=108/200,true
C3A2T2I2F3,3,2,2,2,3,"(3,6,2,3)",19,ASSEMBLE+INSPECT,CUT=24/57;ASSEMBLE+INSPECT=108/209,true
C3A2T2I3F0,3,2,2,3,0,"(3,6,3,0)",20,ASSEMBLE|INSPECT,CUT=24/60;ASSEMBLE=72/120;INSPECT=36/60,false
C3A2T2I3F1,3,2,2,3,1,"(3,6,3,1)",20,ASSEMBLE+INSPECT,CUT=24/60;ASSEMBLE+INSPECT=108/200,true
C3A2T2I3F2,3,2,2,3,2,"(3,6,3,2)",19,ASSEMBLE+INSPECT,CUT=24/57;ASSEMBLE+INSPECT=108/209,true
C3A2T2I3F3,3,2,2,3,3,"(3,6,3,3)",19,ASSEMBLE+INSPECT,CUT=24/57;ASSEMBLE+INSPECT=108/228,true
C3A2T2I4F0,3,2,2,4,0,"(3,6,4,0)",20,ASSEMBLE,CUT=24/60;ASSEMBLE=72/120;INSPECT=36/80,false
C3A2T2I4F1,3,2,2,4,1,"(3,6,4,1)",19,ASSEMBLE+INSPECT,CUT=24/57;ASSEMBLE+INSPECT=108/209,true
C3A2T2I4F2,3,2,2,4,2,"(3,6,4,2)",19,ASSEMBLE+INSPECT,CUT=24/57;ASSEMBLE+INSPECT=108/228,true
C3A2T2I4F3,3,2,2,4,3,"(3,6,4,3)",19,ASSEMBLE+INSPECT,CUT=24/57;ASSEMBLE+INSPECT=108/247,true
C3A2T3I0F1,3,2,3,0,1,"(3,8,0,1)",44,ASSEMBLE+INSPECT,CUT=24/132;ASSEMBLE+INSPECT=108/396,true
C3A2T3I0F2,3,2,3,0,2,"(3,8,0,2)",26,ASSEMBLE+INSPECT,CUT=24/78;ASSEMBLE+INSPECT=108/260,true
C3A2T3I0F3,3,2,3,0,3,"(3,8,0,3)",20,ASSEMBLE+INSPECT,CUT=24/60;ASSEMBLE+INSPECT=108/220,true
C3A2T3I1F0,3,2,3,1,0,"(3,8,1,0)",44,INSPECT,CUT=24/132;ASSEMBLE=72/352;INSPECT=36/44,false
C3A2T3I1F1,3,2,3,1,1,"(3,8,1,1)",26,ASSEMBLE+INSPECT,CUT=24/78;ASSEMBLE+INSPECT=108/260,true
C3A2T3I1F2,3,2,3,1,2,"(3,8,1,2)",20,ASSEMBLE+INSPECT,CUT=24/60;ASSEMBLE+INSPECT=108/220,true
C3A2T3I1F3,3,2,3,1,3,"(3,8,1,3)",19,ASSEMBLE+INSPECT,CUT=24/57;ASSEMBLE+INSPECT=108/228,true
C3A2T3I2F0,3,2,3,2,0,"(3,8,2,0)",26,INSPECT,CUT=24/78;ASSEMBLE=72/208;INSPECT=36/52,false
C3A2T3I2F1,3,2,3,2,1,"(3,8,2,1)",20,ASSEMBLE+INSPECT,CUT=24/60;ASSEMBLE+INSPECT=108/220,true
C3A2T3I2F2,3,2,3,2,2,"(3,8,2,2)",19,ASSEMBLE+INSPECT,CUT=24/57;ASSEMBLE+INSPECT=108/228,true
C3A2T3I2F3,3,2,3,2,3,"(3,8,2,3)",19,ASSEMBLE+INSPECT,CUT=24/57;ASSEMBLE+INSPECT=108/247,true
C3A2T3I3F0,3,2,3,3,0,"(3,8,3,0)",20,INSPECT,CUT=24/60;ASSEMBLE=72/160;INSPECT=36/60,false
C3A2T3I3F1,3,2,3,3,1,"(3,8,3,1)",19,ASSEMBLE+INSPECT,CUT=24/57;ASSEMBLE+INSPECT=108/228,true
C3A2T3I3F2,3,2,3,3,2,"(3,8,3,2)",19,ASSEMBLE+INSPECT,CUT=24/57;ASSEMBLE+INSPECT=108/247,true
C3A2T3I3F3,3,2,3,3,3,"(3,8,3,3)",19,CUT,CUT=24/57;ASSEMBLE+INSPECT=108/266,true
C3A2T3I4F0,3,2,3,4,0,"(3,8,4,0)",19,ASSEMBLE|INSPECT,CUT=24/57;ASSEMBLE=72/152;INSPECT=36/76,false
C3A2T3I4F1,3,2,3,4,1,"(3,8,4,1)",19,ASSEMBLE+INSPECT,CUT=24/57;ASSEMBLE+INSPECT=108/247,true
C3A2T3I4F2,3,2,3,4,2,"(3,8,4,2)",19,CUT,CUT=24/57;ASSEMBLE+INSPECT=108/266,true
C3A2T3I4F3,3,2,3,4,3,"(3,8,4,3)",19,CUT,CUT=24/57;ASSEMBLE+INSPECT=108/285,true
C3A3T0I0F1,3,3,0,0,1,"(3,3,0,1)",44,ASSEMBLE+INSPECT,CUT=24/132;ASSEMBLE+INSPECT=108/176,true
C3A3T0I0F2,3,3,0,0,2,"(3,3,0,2)",32,ASSEMBLE+INSPECT,CUT=24/96;ASSEMBLE+INSPECT=108/160,true
C3A3T0I0F3,3,3,0,0,3,"(3,3,0,3)",26,ASSEMBLE+INSPECT,CUT=24/78;ASSEMBLE+INSPECT=108/156,true
C3A3T0I1F0,3,3,0,1,0,"(3,3,1,0)",44,INSPECT,CUT=24/132;ASSEMBLE=72/132;INSPECT=36/44,false
C3A3T0I1F1,3,3,0,1,1,"(3,3,1,1)",32,ASSEMBLE+INSPECT,CUT=24/96;ASSEMBLE+INSPECT=108/160,true
C3A3T0I1F2,3,3,0,1,2,"(3,3,1,2)",26,ASSEMBLE+INSPECT,CUT=24/78;ASSEMBLE+INSPECT=108/156,true
C3A3T0I1F3,3,3,0,1,3,"(3,3,1,3)",23,ASSEMBLE+INSPECT,CUT=24/69;ASSEMBLE+INSPECT=108/161,true
C3A3T0I2F0,3,3,0,2,0,"(3,3,2,0)",32,ASSEMBLE,CUT=24/96;ASSEMBLE=72/96;INSPECT=36/64,false
C3A3T0I2F1,3,3,0,2,1,"(3,3,2,1)",26,ASSEMBLE+INSPECT,CUT=24/78;ASSEMBLE+INSPECT=108/156,true
C3A3T0I2F2,3,3,0,2,2,"(3,3,2,2)",25,ASSEMBLE+INSPECT,CUT=24/75;ASSEMBLE+INSPECT=108/175,true
C3A3T0I2F3,3,3,0,2,3,"(3,3,2,3)",20,ASSEMBLE+INSPECT,CUT=24/60;ASSEMBLE+INSPECT=108/160,true
C3A3T0I3F0,3,3,0,3,0,"(3,3,3,0)",29,ASSEMBLE,CUT=24/87;ASSEMBLE=72/87;INSPECT=36/87,false
C3A3T0I3F1,3,3,0,3,1,"(3,3,3,1)",25,ASSEMBLE+INSPECT,CUT=24/75;ASSEMBLE+INSPECT=108/175,true
C3A3T0I3F2,3,3,0,3,2,"(3,3,3,2)",23,ASSEMBLE+INSPECT,CUT=24/69;ASSEMBLE+INSPECT=108/184,true
C3A3T0I3F3,3,3,0,3,3,"(3,3,3,3)",19,ASSEMBLE+INSPECT,CUT=24/57;ASSEMBLE+INSPECT=108/171,true
C3A3T0I4F0,3,3,0,4,0,"(3,3,4,0)",29,ASSEMBLE,CUT=24/87;ASSEMBLE=72/87;INSPECT=36/116,false
C3A3T0I4F1,3,3,0,4,1,"(3,3,4,1)",25,ASSEMBLE+INSPECT,CUT=24/75;ASSEMBLE+INSPECT=108/200,true
C3A3T0I4F2,3,3,0,4,2,"(3,3,4,2)",23,ASSEMBLE+INSPECT,CUT=24/69;ASSEMBLE+INSPECT=108/207,true
C3A3T0I4F3,3,3,0,4,3,"(3,3,4,3)",19,ASSEMBLE+INSPECT,CUT=24/57;ASSEMBLE+INSPECT=108/190,true
C3A3T1I0F1,3,3,1,0,1,"(3,5,0,1)",44,ASSEMBLE+INSPECT,CUT=24/132;ASSEMBLE+INSPECT=108/264,true
C3A3T1I0F2,3,3,1,0,2,"(3,5,0,2)",29,ASSEMBLE+INSPECT,CUT=24/87;ASSEMBLE+INSPECT=108/203,true
C3A3T1I0F3,3,3,1,0,3,"(3,5,0,3)",23,ASSEMBLE+INSPECT,CUT=24/69;ASSEMBLE+INSPECT=108/184,true
C3A3T1I1F0,3,3,1,1,0,"(3,5,1,0)",44,INSPECT,CUT=24/132;ASSEMBLE=72/220;INSPECT=36/44,false
C3A3T1I1F1,3,3,1,1,1,"(3,5,1,1)",29,ASSEMBLE+INSPECT,CUT=24/87;ASSEMBLE+INSPECT=108/203,true
C3A3T1I1F2,3,3,1,1,2,"(3,5,1,2)",23,ASSEMBLE+INSPECT,CUT=24/69;ASSEMBLE+INSPECT=108/184,true
C3A3T1I1F3,3,3,1,1,3,"(3,5,1,3)",20,ASSEMBLE+INSPECT,CUT=24/60;ASSEMBLE+INSPECT=108/180,true
C3A3T1I2F0,3,3,1,2,0,"(3,5,2,0)",26,INSPECT,CUT=24/78;ASSEMBLE=72/130;INSPECT=36/52,false
C3A3T1I2F1,3,3,1,2,1,"(3,5,2,1)",23,ASSEMBLE+INSPECT,CUT=24/69;ASSEMBLE+INSPECT=108/184,true
C3A3T1I2F2,3,3,1,2,2,"(3,5,2,2)",20,ASSEMBLE+INSPECT,CUT=24/60;ASSEMBLE+INSPECT=108/180,true
C3A3T1I2F3,3,3,1,2,3,"(3,5,2,3)",19,ASSEMBLE+INSPECT,CUT=24/57;ASSEMBLE+INSPECT=108/190,true
C3A3T1I3F0,3,3,1,3,0,"(3,5,3,0)",23,ASSEMBLE,CUT=24/69;ASSEMBLE=72/115;INSPECT=36/69,false
C3A3T1I3F1,3,3,1,3,1,"(3,5,3,1)",20,ASSEMBLE+INSPECT,CUT=24/60;ASSEMBLE+INSPECT=108/180,true
C3A3T1I3F2,3,3,1,3,2,"(3,5,3,2)",20,ASSEMBLE+INSPECT,CUT=24/60;ASSEMBLE+INSPECT=108/200,true
C3A3T1I3F3,3,3,1,3,3,"(3,5,3,3)",19,ASSEMBLE+INSPECT,CUT=24/57;ASSEMBLE+INSPECT=108/209,true
C3A3T1I4F0,3,3,1,4,0,"(3,5,4,0)",23,ASSEMBLE,CUT=24/69;ASSEMBLE=72/115;INSPECT=36/92,false
C3A3T1I4F1,3,3,1,4,1,"(3,5,4,1)",20,ASSEMBLE+INSPECT,CUT=24/60;ASSEMBLE+INSPECT=108/200,true
C3A3T1I4F2,3,3,1,4,2,"(3,5,4,2)",19,ASSEMBLE+INSPECT,CUT=24/57;ASSEMBLE+INSPECT=108/209,true
C3A3T1I4F3,3,3,1,4,3,"(3,5,4,3)",19,ASSEMBLE+INSPECT,CUT=24/57;ASSEMBLE+INSPECT=108/228,true
C3A3T2I0F1,3,3,2,0,1,"(3,7,0,1)",44,ASSEMBLE+INSPECT,CUT=24/132;ASSEMBLE+INSPECT=108/352,true
C3A3T2I0F2,3,3,2,0,2,"(3,7,0,2)",26,ASSEMBLE+INSPECT,CUT=24/78;ASSEMBLE+INSPECT=108/234,true
C3A3T2I0F3,3,3,2,0,3,"(3,7,0,3)",20,ASSEMBLE+INSPECT,CUT=24/60;ASSEMBLE+INSPECT=108/200,true
C3A3T2I1F0,3,3,2,1,0,"(3,7,1,0)",44,INSPECT,CUT=24/132;ASSEMBLE=72/308;INSPECT=36/44,false
C3A3T2I1F1,3,3,2,1,1,"(3,7,1,1)",29,ASSEMBLE+INSPECT,CUT=24/87;ASSEMBLE+INSPECT=108/261,true
C3A3T2I1F2,3,3,2,1,2,"(3,7,1,2)",20,ASSEMBLE+INSPECT,CUT=24/60;ASSEMBLE+INSPECT=108/200,true
C3A3T2I1F3,3,3,2,1,3,"(3,7,1,3)",19,ASSEMBLE+INSPECT,CUT=24/57;ASSEMBLE+INSPECT=108/209,true
C3A3T2I2F0,3,3,2,2,0,"(3,7,2,0)",26,INSPECT,CUT=24/78;ASSEMBLE=72/182;INSPECT=36/52,false
C3A3T2I2F1,3,3,2,2,1,"(3,7,2,1)",23,ASSEMBLE+INSPECT,CUT=24/69;ASSEMBLE+INSPECT=108/230,true
C3A3T2I2F2,3,3,2,2,2,"(3,7,2,2)",19,ASSEMBLE+INSPECT,CUT=24/57;ASSEMBLE+INSPECT=108/209,true
C3A3T2I2F3,3,3,2,2,3,"(3,7,2,3)",19,ASSEMBLE+INSPECT,CUT=24/57;ASSEMBLE+INSPECT=108/228,true
C3A3T2I3F0,3,3,2,3,0,"(3,7,3,0)",20,INSPECT,CUT=24/60;ASSEMBLE=72/140;INSPECT=36/60,false
C3A3T2I3F1,3,3,2,3,1,"(3,7,3,1)",20,ASSEMBLE+INSPECT,CUT=24/60;ASSEMBLE+INSPECT=108/220,true
C3A3T2I3F2,3,3,2,3,2,"(3,7,3,2)",19,ASSEMBLE+INSPECT,CUT=24/57;ASSEMBLE+INSPECT=108/228,true
C3A3T2I3F3,3,3,2,3,3,"(3,7,3,3)",19,ASSEMBLE+INSPECT,CUT=24/57;ASSEMBLE+INSPECT=108/247,true
C3A3T2I4F0,3,3,2,4,0,"(3,7,4,0)",20,ASSEMBLE,CUT=24/60;ASSEMBLE=72/140;INSPECT=36/80,false
C3A3T2I4F1,3,3,2,4,1,"(3,7,4,1)",19,ASSEMBLE+INSPECT,CUT=24/57;ASSEMBLE+INSPECT=108/228,true
C3A3T2I4F2,3,3,2,4,2,"(3,7,4,2)",19,ASSEMBLE+INSPECT,CUT=24/57;ASSEMBLE+INSPECT=108/247,true
C3A3T2I4F3,3,3,2,4,3,"(3,7,4,3)",19,CUT,CUT=24/57;ASSEMBLE+INSPECT=108/266,true
C3A3T3I0F1,3,3,3,0,1,"(3,9,0,1)",44,ASSEMBLE+INSPECT,CUT=24/132;ASSEMBLE+INSPECT=108/440,true
C3A3T3I0F2,3,3,3,0,2,"(3,9,0,2)",26,ASSEMBLE+INSPECT,CUT=24/78;ASSEMBLE+INSPECT=108/286,true
C3A3T3I0F3,3,3,3,0,3,"(3,9,0,3)",20,ASSEMBLE+INSPECT,CUT=24/60;ASSEMBLE+INSPECT=108/240,true
C3A3T3I1F0,3,3,3,1,0,"(3,9,1,0)",44,INSPECT,CUT=24/132;ASSEMBLE=72/396;INSPECT=36/44,false
C3A3T3I1F1,3,3,3,1,1,"(3,9,1,1)",26,ASSEMBLE+INSPECT,CUT=24/78;ASSEMBLE+INSPECT=108/286,true
C3A3T3I1F2,3,3,3,1,2,"(3,9,1,2)",20,ASSEMBLE+INSPECT,CUT=24/60;ASSEMBLE+INSPECT=108/240,true
C3A3T3I1F3,3,3,3,1,3,"(3,9,1,3)",19,ASSEMBLE+INSPECT,CUT=24/57;ASSEMBLE+INSPECT=108/247,true
C3A3T3I2F0,3,3,3,2,0,"(3,9,2,0)",26,INSPECT,CUT=24/78;ASSEMBLE=72/234;INSPECT=36/52,false
C3A3T3I2F1,3,3,3,2,1,"(3,9,2,1)",20,ASSEMBLE+INSPECT,CUT=24/60;ASSEMBLE+INSPECT=108/240,true
C3A3T3I2F2,3,3,3,2,2,"(3,9,2,2)",19,ASSEMBLE+INSPECT,CUT=24/57;ASSEMBLE+INSPECT=108/247,true
C3A3T3I2F3,3,3,3,2,3,"(3,9,2,3)",18,CUT,CUT=24/54;ASSEMBLE+INSPECT=108/252,true
C3A3T3I3F0,3,3,3,3,0,"(3,9,3,0)",20,INSPECT,CUT=24/60;ASSEMBLE=72/180;INSPECT=36/60,false
C3A3T3I3F1,3,3,3,3,1,"(3,9,3,1)",19,ASSEMBLE+INSPECT,CUT=24/57;ASSEMBLE+INSPECT=108/247,true
C3A3T3I3F2,3,3,3,3,2,"(3,9,3,2)",18,CUT,CUT=24/54;ASSEMBLE+INSPECT=108/252,true
C3A3T3I3F3,3,3,3,3,3,"(3,9,3,3)",17,CUT,CUT=24/51;ASSEMBLE+INSPECT=108/255,true
C3A3T3I4F0,3,3,3,4,0,"(3,9,4,0)",19,INSPECT,CUT=24/57;ASSEMBLE=72/171;INSPECT=36/76,false
C3A3T3I4F1,3,3,3,4,1,"(3,9,4,1)",18,CUT,CUT=24/54;ASSEMBLE+INSPECT=108/252,true
C3A3T3I4F2,3,3,3,4,2,"(3,9,4,2)",17,CUT,CUT=24/51;ASSEMBLE+INSPECT=108/255,true
C3A3T3I4F3,3,3,3,4,3,"(3,9,4,3)",17,CUT,CUT=24/51;ASSEMBLE+INSPECT=108/272,true
C3A4T0I0F1,3,4,0,0,1,"(3,4,0,1)",44,ASSEMBLE+INSPECT,CUT=24/132;ASSEMBLE+INSPECT=108/220,true
C3A4T0I0F2,3,4,0,0,2,"(3,4,0,2)",29,ASSEMBLE+INSPECT,CUT=24/87;ASSEMBLE+INSPECT=108/174,true
C3A4T0I0F3,3,4,0,0,3,"(3,4,0,3)",26,ASSEMBLE+INSPECT,CUT=24/78;ASSEMBLE+INSPECT=108/182,true
C3A4T0I1F0,3,4,0,1,0,"(3,4,1,0)",44,INSPECT,CUT=24/132;ASSEMBLE=72/176;INSPECT=36/44,false
C3A4T0I1F1,3,4,0,1,1,"(3,4,1,1)",29,ASSEMBLE+INSPECT,CUT=24/87;ASSEMBLE+INSPECT=108/174,true
C3A4T0I1F2,3,4,0,1,2,"(3,4,1,2)",26,ASSEMBLE+INSPECT,CUT=24/78;ASSEMBLE+INSPECT=108/182,true
C3A4T0I1F3,3,4,0,1,3,"(3,4,1,3)",20,ASSEMBLE+INSPECT,CUT=24/60;ASSEMBLE+INSPECT=108/160,true
C3A4T0I2F0,3,4,0,2,0,"(3,4,2,0)",26,ASSEMBLE|INSPECT,CUT=24/78;ASSEMBLE=72/104;INSPECT=36/52,false
C3A4T0I2F1,3,4,0,2,1,"(3,4,2,1)",23,ASSEMBLE+INSPECT,CUT=24/69;ASSEMBLE+INSPECT=108/161,true
C3A4T0I2F2,3,4,0,2,2,"(3,4,2,2)",20,ASSEMBLE+INSPECT,CUT=24/60;ASSEMBLE+INSPECT=108/160,true
C3A4T0I2F3,3,4,0,2,3,"(3,4,2,3)",20,ASSEMBLE+INSPECT,CUT=24/60;ASSEMBLE+INSPECT=108/180,true
C3A4T0I3F0,3,4,0,3,0,"(3,4,3,0)",26,ASSEMBLE,CUT=24/78;ASSEMBLE=72/104;INSPECT=36/78,false
C3A4T0I3F1,3,4,0,3,1,"(3,4,3,1)",23,ASSEMBLE+INSPECT,CUT=24/69;ASSEMBLE+INSPECT=108/184,true
C3A4T0I3F2,3,4,0,3,2,"(3,4,3,2)",20,ASSEMBLE+INSPECT,CUT=24/60;ASSEMBLE+INSPECT=108/180,true
C3A4T0I3F3,3,4,0,3,3,"(3,4,3,3)",19,ASSEMBLE+INSPECT,CUT=24/57;ASSEMBLE+INSPECT=108/190,true
C3A4T0I4F0,3,4,0,4,0,"(3,4,4,0)",25,ASSEMBLE,CUT=24/75;ASSEMBLE=72/100;INSPECT=36/100,false
C3A4T0I4F1,3,4,0,4,1,"(3,4,4,1)",23,ASSEMBLE+INSPECT,CUT=24/69;ASSEMBLE+INSPECT=108/207,true
C3A4T0I4F2,3,4,0,4,2,"(3,4,4,2)",19,ASSEMBLE+INSPECT,CUT=24/57;ASSEMBLE+INSPECT=108/190,true
C3A4T0I4F3,3,4,0,4,3,"(3,4,4,3)",19,ASSEMBLE+INSPECT,CUT=24/57;ASSEMBLE+INSPECT=108/209,true
C3A4T1I0F1,3,4,1,0,1,"(3,6,0,1)",44,ASSEMBLE+INSPECT,CUT=24/132;ASSEMBLE+INSPECT=108/308,true
C3A4T1I0F2,3,4,1,0,2,"(3,6,0,2)",26,ASSEMBLE+INSPECT,CUT=24/78;ASSEMBLE+INSPECT=108/208,true
C3A4T1I0F3,3,4,1,0,3,"(3,6,0,3)",20,ASSEMBLE+INSPECT,CUT=24/60;ASSEMBLE+INSPECT=108/180,true
C3A4T1I1F0,3,4,1,1,0,"(3,6,1,0)",44,INSPECT,CUT=24/132;ASSEMBLE=72/264;INSPECT=36/44,false
C3A4T1I1F1,3,4,1,1,1,"(3,6,1,1)",29,ASSEMBLE+INSPECT,CUT=24/87;ASSEMBLE+INSPECT=108/232,true
C3A4T1I1F2,3,4,1,1,2,"(3,6,1,2)",23,ASSEMBLE+INSPECT,CUT=24/69;ASSEMBLE+INSPECT=108/207,true
C3A4T1I1F3,3,4,1,1,3,"(3,6,1,3)",19,ASSEMBLE+INSPECT,CUT=24/57;ASSEMBLE+INSPECT=108/190,true
C3A4T1I2F0,3,4,1,2,0,"(3,6,2,0)",26,INSPECT,CUT=24/78;ASSEMBLE=72/156;INSPECT=36/52,false
C3A4T1I2F1,3,4,1,2,1,"(3,6,2,1)",23,ASSEMBLE+INSPECT,CUT=24/69;ASSEMBLE+INSPECT=108/207,true
C3A4T1I2F2,3,4,1,2,2,"(3,6,2,2)",20,ASSEMBLE+INSPECT,CUT=24/60;ASSEMBLE+INSPECT=108/200,true
C3A4T1I2F3,3,4,1,2,3,"(3,6,2,3)",19,ASSEMBLE+INSPECT,CUT=24/57;ASSEMBLE+INSPECT=108/209,true
C3A4T1I3F0,3,4,1,3,0,"(3,6,3,0)",20,ASSEMBLE|INSPECT,CUT=24/60;ASSEMBLE=72/120;INSPECT=36/60,false
C3A4T1I3F1,3,4,1,3,1,"(3,6,3,1)",20,ASSEMBLE+INSPECT,CUT=24/60;ASSEMBLE+INSPECT=108/200,true
C3A4T1I3F2,3,4,1,3,2,"(3,6,3,2)",19,ASSEMBLE+INSPECT,CUT=24/57;ASSEMBLE+INSPECT=108/209,true
C3A4T1I3F3,3,4,1,3,3,"(3,6,3,3)",19,ASSEMBLE+INSPECT,CUT=24/57;ASSEMBLE+INSPECT=108/228,true
C3A4T1I4F0,3,4,1,4,0,"(3,6,4,0)",20,ASSEMBLE,CUT=24/60;ASSEMBLE=72/120;INSPECT=36/80,false
C3A4T1I4F1,3,4,1,4,1,"(3,6,4,1)",19,ASSEMBLE+INSPECT,CUT=24/57;ASSEMBLE+INSPECT=108/209,true
C3A4T1I4F2,3,4,1,4,2,"(3,6,4,2)",19,ASSEMBLE+INSPECT,CUT=24/57;ASSEMBLE+INSPECT=108/228,true
C3A4T1I4F3,3,4,1,4,3,"(3,6,4,3)",19,ASSEMBLE+INSPECT,CUT=24/57;ASSEMBLE+INSPECT=108/247,true
C3A4T2I0F1,3,4,2,0,1,"(3,8,0,1)",44,ASSEMBLE+INSPECT,CUT=24/132;ASSEMBLE+INSPECT=108/396,true
C3A4T2I0F2,3,4,2,0,2,"(3,8,0,2)",26,ASSEMBLE+INSPECT,CUT=24/78;ASSEMBLE+INSPECT=108/260,true
C3A4T2I0F3,3,4,2,0,3,"(3,8,0,3)",20,ASSEMBLE+INSPECT,CUT=24/60;ASSEMBLE+INSPECT=108/220,true
C3A4T2I1F0,3,4,2,1,0,"(3,8,1,0)",44,INSPECT,CUT=24/132;ASSEMBLE=72/352;INSPECT=36/44,false
C3A4T2I1F1,3,4,2,1,1,"(3,8,1,1)",26,ASSEMBLE+INSPECT,CUT=24/78;ASSEMBLE+INSPECT=108/260,true
C3A4T2I1F2,3,4,2,1,2,"(3,8,1,2)",20,ASSEMBLE+INSPECT,CUT=24/60;ASSEMBLE+INSPECT=108/220,true
C3A4T2I1F3,3,4,2,1,3,"(3,8,1,3)",19,ASSEMBLE+INSPECT,CUT=24/57;ASSEMBLE+INSPECT=108/228,true
C3A4T2I2F0,3,4,2,2,0,"(3,8,2,0)",26,INSPECT,CUT=24/78;ASSEMBLE=72/208;INSPECT=36/52,false
C3A4T2I2F1,3,4,2,2,1,"(3,8,2,1)",20,ASSEMBLE+INSPECT,CUT=24/60;ASSEMBLE+INSPECT=108/220,true
C3A4T2I2F2,3,4,2,2,2,"(3,8,2,2)",19,ASSEMBLE+INSPECT,CUT=24/57;ASSEMBLE+INSPECT=108/228,true
C3A4T2I2F3,3,4,2,2,3,"(3,8,2,3)",19,ASSEMBLE+INSPECT,CUT=24/57;ASSEMBLE+INSPECT=108/247,true
C3A4T2I3F0,3,4,2,3,0,"(3,8,3,0)",20,INSPECT,CUT=24/60;ASSEMBLE=72/160;INSPECT=36/60,false
C3A4T2I3F1,3,4,2,3,1,"(3,8,3,1)",19,ASSEMBLE+INSPECT,CUT=24/57;ASSEMBLE+INSPECT=108/228,true
C3A4T2I3F2,3,4,2,3,2,"(3,8,3,2)",19,ASSEMBLE+INSPECT,CUT=24/57;ASSEMBLE+INSPECT=108/247,true
C3A4T2I3F3,3,4,2,3,3,"(3,8,3,3)",19,CUT,CUT=24/57;ASSEMBLE+INSPECT=108/266,true
C3A4T2I4F0,3,4,2,4,0,"(3,8,4,0)",19,ASSEMBLE|INSPECT,CUT=24/57;ASSEMBLE=72/152;INSPECT=36/76,false
C3A4T2I4F1,3,4,2,4,1,"(3,8,4,1)",19,ASSEMBLE+INSPECT,CUT=24/57;ASSEMBLE+INSPECT=108/247,true
C3A4T2I4F2,3,4,2,4,2,"(3,8,4,2)",19,CUT,CUT=24/57;ASSEMBLE+INSPECT=108/266,true
C3A4T2I4F3,3,4,2,4,3,"(3,8,4,3)",19,CUT,CUT=24/57;ASSEMBLE+INSPECT=108/285,true
C3A4T3I0F1,3,4,3,0,1,"(3,10,0,1)",44,ASSEMBLE+INSPECT,CUT=24/132;ASSEMBLE+INSPECT=108/484,true
C3A4T3I0F2,3,4,3,0,2,"(3,10,0,2)",26,ASSEMBLE+INSPECT,CUT=24/78;ASSEMBLE+INSPECT=108/312,true
C3A4T3I0F3,3,4,3,0,3,"(3,10,0,3)",20,ASSEMBLE+INSPECT,CUT=24/60;ASSEMBLE+INSPECT=108/260,true
C3A4T3I1F0,3,4,3,1,0,"(3,10,1,0)",44,INSPECT,CUT=24/132;ASSEMBLE=72/440;INSPECT=36/44,false
C3A4T3I1F1,3,4,3,1,1,"(3,10,1,1)",26,ASSEMBLE+INSPECT,CUT=24/78;ASSEMBLE+INSPECT=108/312,true
C3A4T3I1F2,3,4,3,1,2,"(3,10,1,2)",20,ASSEMBLE+INSPECT,CUT=24/60;ASSEMBLE+INSPECT=108/260,true
C3A4T3I1F3,3,4,3,1,3,"(3,10,1,3)",19,CUT,CUT=24/57;ASSEMBLE+INSPECT=108/266,true
C3A4T3I2F0,3,4,3,2,0,"(3,10,2,0)",26,INSPECT,CUT=24/78;ASSEMBLE=72/260;INSPECT=36/52,false
C3A4T3I2F1,3,4,3,2,1,"(3,10,2,1)",20,ASSEMBLE+INSPECT,CUT=24/60;ASSEMBLE+INSPECT=108/260,true
C3A4T3I2F2,3,4,3,2,2,"(3,10,2,2)",19,CUT,CUT=24/57;ASSEMBLE+INSPECT=108/266,true
C3A4T3I2F3,3,4,3,2,3,"(3,10,2,3)",18,CUT,CUT=24/54;ASSEMBLE+INSPECT=108/270,true
C3A4T3I3F0,3,4,3,3,0,"(3,10,3,0)",20,INSPECT,CUT=24/60;ASSEMBLE=72/200;INSPECT=36/60,false
C3A4T3I3F1,3,4,3,3,1,"(3,10,3,1)",19,CUT,CUT=24/57;ASSEMBLE+INSPECT=108/266,true
C3A4T3I3F2,3,4,3,3,2,"(3,10,3,2)",18,CUT,CUT=24/54;ASSEMBLE+INSPECT=108/270,true
C3A4T3I3F3,3,4,3,3,3,"(3,10,3,3)",17,CUT,CUT=24/51;ASSEMBLE+INSPECT=108/272,true
C3A4T3I4F0,3,4,3,4,0,"(3,10,4,0)",19,INSPECT,CUT=24/57;ASSEMBLE=72/190;INSPECT=36/76,false
C3A4T3I4F1,3,4,3,4,1,"(3,10,4,1)",18,CUT,CUT=24/54;ASSEMBLE+INSPECT=108/270,true
C3A4T3I4F2,3,4,3,4,2,"(3,10,4,2)",17,CUT,CUT=24/51;ASSEMBLE+INSPECT=108/272,true
C3A4T3I4F3,3,4,3,4,3,"(3,10,4,3)",17,CUT,CUT=24/51;ASSEMBLE+INSPECT=108/289,true
C3A5T0I0F1,3,5,0,0,1,"(3,5,0,1)",44,ASSEMBLE+INSPECT,CUT=24/132;ASSEMBLE+INSPECT=108/264,true
C3A5T0I0F2,3,5,0,0,2,"(3,5,0,2)",29,ASSEMBLE+INSPECT,CUT=24/87;ASSEMBLE+INSPECT=108/203,true
C3A5T0I0F3,3,5,0,0,3,"(3,5,0,3)",23,ASSEMBLE+INSPECT,CUT=24/69;ASSEMBLE+INSPECT=108/184,true
C3A5T0I1F0,3,5,0,1,0,"(3,5,1,0)",44,INSPECT,CUT=24/132;ASSEMBLE=72/220;INSPECT=36/44,false
C3A5T0I1F1,3,5,0,1,1,"(3,5,1,1)",29,ASSEMBLE+INSPECT,CUT=24/87;ASSEMBLE+INSPECT=108/203,true
C3A5T0I1F2,3,5,0,1,2,"(3,5,1,2)",23,ASSEMBLE+INSPECT,CUT=24/69;ASSEMBLE+INSPECT=108/184,true
C3A5T0I1F3,3,5,0,1,3,"(3,5,1,3)",20,ASSEMBLE+INSPECT,CUT=24/60;ASSEMBLE+INSPECT=108/180,true
C3A5T0I2F0,3,5,0,2,0,"(3,5,2,0)",26,INSPECT,CUT=24/78;ASSEMBLE=72/130;INSPECT=36/52,false
C3A5T0I2F1,3,5,0,2,1,"(3,5,2,1)",23,ASSEMBLE+INSPECT,CUT=24/69;ASSEMBLE+INSPECT=108/184,true
C3A5T0I2F2,3,5,0,2,2,"(3,5,2,2)",20,ASSEMBLE+INSPECT,CUT=24/60;ASSEMBLE+INSPECT=108/180,true
C3A5T0I2F3,3,5,0,2,3,"(3,5,2,3)",19,ASSEMBLE+INSPECT,CUT=24/57;ASSEMBLE+INSPECT=108/190,true
C3A5T0I3F0,3,5,0,3,0,"(3,5,3,0)",23,ASSEMBLE,CUT=24/69;ASSEMBLE=72/115;INSPECT=36/69,false
C3A5T0I3F1,3,5,0,3,1,"(3,5,3,1)",20,ASSEMBLE+INSPECT,CUT=24/60;ASSEMBLE+INSPECT=108/180,true
C3A5T0I3F2,3,5,0,3,2,"(3,5,3,2)",20,ASSEMBLE+INSPECT,CUT=24/60;ASSEMBLE+INSPECT=108/200,true
C3A5T0I3F3,3,5,0,3,3,"(3,5,3,3)",19,ASSEMBLE+INSPECT,CUT=24/57;ASSEMBLE+INSPECT=108/209,true
C3A5T0I4F0,3,5,0,4,0,"(3,5,4,0)",23,ASSEMBLE,CUT=24/69;ASSEMBLE=72/115;INSPECT=36/92,false
C3A5T0I4F1,3,5,0,4,1,"(3,5,4,1)",20,ASSEMBLE+INSPECT,CUT=24/60;ASSEMBLE+INSPECT=108/200,true
C3A5T0I4F2,3,5,0,4,2,"(3,5,4,2)",19,ASSEMBLE+INSPECT,CUT=24/57;ASSEMBLE+INSPECT=108/209,true
C3A5T0I4F3,3,5,0,4,3,"(3,5,4,3)",19,ASSEMBLE+INSPECT,CUT=24/57;ASSEMBLE+INSPECT=108/228,true
C3A5T1I0F1,3,5,1,0,1,"(3,7,0,1)",44,ASSEMBLE+INSPECT,CUT=24/132;ASSEMBLE+INSPECT=108/352,true
C3A5T1I0F2,3,5,1,0,2,"(3,7,0,2)",26,ASSEMBLE+INSPECT,CUT=24/78;ASSEMBLE+INSPECT=108/234,true
C3A5T1I0F3,3,5,1,0,3,"(3,7,0,3)",20,ASSEMBLE+INSPECT,CUT=24/60;ASSEMBLE+INSPECT=108/200,true
C3A5T1I1F0,3,5,1,1,0,"(3,7,1,0)",44,INSPECT,CUT=24/132;ASSEMBLE=72/308;INSPECT=36/44,false
C3A5T1I1F1,3,5,1,1,1,"(3,7,1,1)",29,ASSEMBLE+INSPECT,CUT=24/87;ASSEMBLE+INSPECT=108/261,true
C3A5T1I1F2,3,5,1,1,2,"(3,7,1,2)",20,ASSEMBLE+INSPECT,CUT=24/60;ASSEMBLE+INSPECT=108/200,true
C3A5T1I1F3,3,5,1,1,3,"(3,7,1,3)",19,ASSEMBLE+INSPECT,CUT=24/57;ASSEMBLE+INSPECT=108/209,true
C3A5T1I2F0,3,5,1,2,0,"(3,7,2,0)",26,INSPECT,CUT=24/78;ASSEMBLE=72/182;INSPECT=36/52,false
C3A5T1I2F1,3,5,1,2,1,"(3,7,2,1)",23,ASSEMBLE+INSPECT,CUT=24/69;ASSEMBLE+INSPECT=108/230,true
C3A5T1I2F2,3,5,1,2,2,"(3,7,2,2)",19,ASSEMBLE+INSPECT,CUT=24/57;ASSEMBLE+INSPECT=108/209,true
C3A5T1I2F3,3,5,1,2,3,"(3,7,2,3)",19,ASSEMBLE+INSPECT,CUT=24/57;ASSEMBLE+INSPECT=108/228,true
C3A5T1I3F0,3,5,1,3,0,"(3,7,3,0)",20,INSPECT,CUT=24/60;ASSEMBLE=72/140;INSPECT=36/60,false
C3A5T1I3F1,3,5,1,3,1,"(3,7,3,1)",20,ASSEMBLE+INSPECT,CUT=24/60;ASSEMBLE+INSPECT=108/220,true
C3A5T1I3F2,3,5,1,3,2,"(3,7,3,2)",19,ASSEMBLE+INSPECT,CUT=24/57;ASSEMBLE+INSPECT=108/228,true
C3A5T1I3F3,3,5,1,3,3,"(3,7,3,3)",19,ASSEMBLE+INSPECT,CUT=24/57;ASSEMBLE+INSPECT=108/247,true
C3A5T1I4F0,3,5,1,4,0,"(3,7,4,0)",20,ASSEMBLE,CUT=24/60;ASSEMBLE=72/140;INSPECT=36/80,false
C3A5T1I4F1,3,5,1,4,1,"(3,7,4,1)",19,ASSEMBLE+INSPECT,CUT=24/57;ASSEMBLE+INSPECT=108/228,true
C3A5T1I4F2,3,5,1,4,2,"(3,7,4,2)",19,ASSEMBLE+INSPECT,CUT=24/57;ASSEMBLE+INSPECT=108/247,true
C3A5T1I4F3,3,5,1,4,3,"(3,7,4,3)",19,CUT,CUT=24/57;ASSEMBLE+INSPECT=108/266,true
C3A5T2I0F1,3,5,2,0,1,"(3,9,0,1)",44,ASSEMBLE+INSPECT,CUT=24/132;ASSEMBLE+INSPECT=108/440,true
C3A5T2I0F2,3,5,2,0,2,"(3,9,0,2)",26,ASSEMBLE+INSPECT,CUT=24/78;ASSEMBLE+INSPECT=108/286,true
C3A5T2I0F3,3,5,2,0,3,"(3,9,0,3)",20,ASSEMBLE+INSPECT,CUT=24/60;ASSEMBLE+INSPECT=108/240,true
C3A5T2I1F0,3,5,2,1,0,"(3,9,1,0)",44,INSPECT,CUT=24/132;ASSEMBLE=72/396;INSPECT=36/44,false
C3A5T2I1F1,3,5,2,1,1,"(3,9,1,1)",26,ASSEMBLE+INSPECT,CUT=24/78;ASSEMBLE+INSPECT=108/286,true
C3A5T2I1F2,3,5,2,1,2,"(3,9,1,2)",20,ASSEMBLE+INSPECT,CUT=24/60;ASSEMBLE+INSPECT=108/240,true
C3A5T2I1F3,3,5,2,1,3,"(3,9,1,3)",19,ASSEMBLE+INSPECT,CUT=24/57;ASSEMBLE+INSPECT=108/247,true
C3A5T2I2F0,3,5,2,2,0,"(3,9,2,0)",26,INSPECT,CUT=24/78;ASSEMBLE=72/234;INSPECT=36/52,false
C3A5T2I2F1,3,5,2,2,1,"(3,9,2,1)",20,ASSEMBLE+INSPECT,CUT=24/60;ASSEMBLE+INSPECT=108/240,true
C3A5T2I2F2,3,5,2,2,2,"(3,9,2,2)",19,ASSEMBLE+INSPECT,CUT=24/57;ASSEMBLE+INSPECT=108/247,true
C3A5T2I2F3,3,5,2,2,3,"(3,9,2,3)",18,CUT,CUT=24/54;ASSEMBLE+INSPECT=108/252,true
C3A5T2I3F0,3,5,2,3,0,"(3,9,3,0)",20,INSPECT,CUT=24/60;ASSEMBLE=72/180;INSPECT=36/60,false
C3A5T2I3F1,3,5,2,3,1,"(3,9,3,1)",19,ASSEMBLE+INSPECT,CUT=24/57;ASSEMBLE+INSPECT=108/247,true
C3A5T2I3F2,3,5,2,3,2,"(3,9,3,2)",18,CUT,CUT=24/54;ASSEMBLE+INSPECT=108/252,true
C3A5T2I3F3,3,5,2,3,3,"(3,9,3,3)",17,CUT,CUT=24/51;ASSEMBLE+INSPECT=108/255,true
C3A5T2I4F0,3,5,2,4,0,"(3,9,4,0)",19,INSPECT,CUT=24/57;ASSEMBLE=72/171;INSPECT=36/76,false
C3A5T2I4F1,3,5,2,4,1,"(3,9,4,1)",18,CUT,CUT=24/54;ASSEMBLE+INSPECT=108/252,true
C3A5T2I4F2,3,5,2,4,2,"(3,9,4,2)",17,CUT,CUT=24/51;ASSEMBLE+INSPECT=108/255,true
C3A5T2I4F3,3,5,2,4,3,"(3,9,4,3)",17,CUT,CUT=24/51;ASSEMBLE+INSPECT=108/272,true
C3A5T3I0F1,3,5,3,0,1,"(3,11,0,1)",44,ASSEMBLE+INSPECT,CUT=24/132;ASSEMBLE+INSPECT=108/528,true
C3A5T3I0F2,3,5,3,0,2,"(3,11,0,2)",26,ASSEMBLE+INSPECT,CUT=24/78;ASSEMBLE+INSPECT=108/338,true
C3A5T3I0F3,3,5,3,0,3,"(3,11,0,3)",20,CUT,CUT=24/60;ASSEMBLE+INSPECT=108/280,true
C3A5T3I1F0,3,5,3,1,0,"(3,11,1,0)",44,INSPECT,CUT=24/132;ASSEMBLE=72/484;INSPECT=36/44,false
C3A5T3I1F1,3,5,3,1,1,"(3,11,1,1)",26,ASSEMBLE+INSPECT,CUT=24/78;ASSEMBLE+INSPECT=108/338,true
C3A5T3I1F2,3,5,3,1,2,"(3,11,1,2)",20,CUT,CUT=24/60;ASSEMBLE+INSPECT=108/280,true
C3A5T3I1F3,3,5,3,1,3,"(3,11,1,3)",19,CUT,CUT=24/57;ASSEMBLE+INSPECT=108/285,true
C3A5T3I2F0,3,5,3,2,0,"(3,11,2,0)",26,INSPECT,CUT=24/78;ASSEMBLE=72/286;INSPECT=36/52,false
C3A5T3I2F1,3,5,3,2,1,"(3,11,2,1)",20,CUT,CUT=24/60;ASSEMBLE+INSPECT=108/280,true
C3A5T3I2F2,3,5,3,2,2,"(3,11,2,2)",19,CUT,CUT=24/57;ASSEMBLE+INSPECT=108/285,true
C3A5T3I2F3,3,5,3,2,3,"(3,11,2,3)",18,CUT,CUT=24/54;ASSEMBLE+INSPECT=108/288,true
C3A5T3I3F0,3,5,3,3,0,"(3,11,3,0)",20,INSPECT,CUT=24/60;ASSEMBLE=72/220;INSPECT=36/60,false
C3A5T3I3F1,3,5,3,3,1,"(3,11,3,1)",19,CUT,CUT=24/57;ASSEMBLE+INSPECT=108/285,true
C3A5T3I3F2,3,5,3,3,2,"(3,11,3,2)",18,CUT,CUT=24/54;ASSEMBLE+INSPECT=108/288,true
C3A5T3I3F3,3,5,3,3,3,"(3,11,3,3)",17,CUT,CUT=24/51;ASSEMBLE+INSPECT=108/289,true
C3A5T3I4F0,3,5,3,4,0,"(3,11,4,0)",19,INSPECT,CUT=24/57;ASSEMBLE=72/209;INSPECT=36/76,false
C3A5T3I4F1,3,5,3,4,1,"(3,11,4,1)",18,CUT,CUT=24/54;ASSEMBLE+INSPECT=108/288,true
C3A5T3I4F2,3,5,3,4,2,"(3,11,4,2)",17,CUT,CUT=24/51;ASSEMBLE+INSPECT=108/289,true
C3A5T3I4F3,3,5,3,4,3,"(3,11,4,3)",17,CUT,CUT=24/51;ASSEMBLE+INSPECT=108/306,true
C3A6T0I0F1,3,6,0,0,1,"(3,6,0,1)",44,ASSEMBLE+INSPECT,CUT=24/132;ASSEMBLE+INSPECT=108/308,true
C3A6T0I0F2,3,6,0,0,2,"(3,6,0,2)",26,ASSEMBLE+INSPECT,CUT=24/78;ASSEMBLE+INSPECT=108/208,true
C3A6T0I0F3,3,6,0,0,3,"(3,6,0,3)",20,ASSEMBLE+INSPECT,CUT=24/60;ASSEMBLE+INSPECT=108/180,true
C3A6T0I1F0,3,6,0,1,0,"(3,6,1,0)",44,INSPECT,CUT=24/132;ASSEMBLE=72/264;INSPECT=36/44,false
C3A6T0I1F1,3,6,0,1,1,"(3,6,1,1)",29,ASSEMBLE+INSPECT,CUT=24/87;ASSEMBLE+INSPECT=108/232,true
C3A6T0I1F2,3,6,0,1,2,"(3,6,1,2)",23,ASSEMBLE+INSPECT,CUT=24/69;ASSEMBLE+INSPECT=108/207,true
C3A6T0I1F3,3,6,0,1,3,"(3,6,1,3)",19,ASSEMBLE+INSPECT,CUT=24/57;ASSEMBLE+INSPECT=108/190,true
C3A6T0I2F0,3,6,0,2,0,"(3,6,2,0)",26,INSPECT,CUT=24/78;ASSEMBLE=72/156;INSPECT=36/52,false
C3A6T0I2F1,3,6,0,2,1,"(3,6,2,1)",23,ASSEMBLE+INSPECT,CUT=24/69;ASSEMBLE+INSPECT=108/207,true
C3A6T0I2F2,3,6,0,2,2,"(3,6,2,2)",20,ASSEMBLE+INSPECT,CUT=24/60;ASSEMBLE+INSPECT=108/200,true
C3A6T0I2F3,3,6,0,2,3,"(3,6,2,3)",19,ASSEMBLE+INSPECT,CUT=24/57;ASSEMBLE+INSPECT=108/209,true
C3A6T0I3F0,3,6,0,3,0,"(3,6,3,0)",20,ASSEMBLE|INSPECT,CUT=24/60;ASSEMBLE=72/120;INSPECT=36/60,false
C3A6T0I3F1,3,6,0,3,1,"(3,6,3,1)",20,ASSEMBLE+INSPECT,CUT=24/60;ASSEMBLE+INSPECT=108/200,true
C3A6T0I3F2,3,6,0,3,2,"(3,6,3,2)",19,ASSEMBLE+INSPECT,CUT=24/57;ASSEMBLE+INSPECT=108/209,true
C3A6T0I3F3,3,6,0,3,3,"(3,6,3,3)",19,ASSEMBLE+INSPECT,CUT=24/57;ASSEMBLE+INSPECT=108/228,true
C3A6T0I4F0,3,6,0,4,0,"(3,6,4,0)",20,ASSEMBLE,CUT=24/60;ASSEMBLE=72/120;INSPECT=36/80,false
C3A6T0I4F1,3,6,0,4,1,"(3,6,4,1)",19,ASSEMBLE+INSPECT,CUT=24/57;ASSEMBLE+INSPECT=108/209,true
C3A6T0I4F2,3,6,0,4,2,"(3,6,4,2)",19,ASSEMBLE+INSPECT,CUT=24/57;ASSEMBLE+INSPECT=108/228,true
C3A6T0I4F3,3,6,0,4,3,"(3,6,4,3)",19,ASSEMBLE+INSPECT,CUT=24/57;ASSEMBLE+INSPECT=108/247,true
C3A6T1I0F1,3,6,1,0,1,"(3,8,0,1)",44,ASSEMBLE+INSPECT,CUT=24/132;ASSEMBLE+INSPECT=108/396,true
C3A6T1I0F2,3,6,1,0,2,"(3,8,0,2)",26,ASSEMBLE+INSPECT,CUT=24/78;ASSEMBLE+INSPECT=108/260,true
C3A6T1I0F3,3,6,1,0,3,"(3,8,0,3)",20,ASSEMBLE+INSPECT,CUT=24/60;ASSEMBLE+INSPECT=108/220,true
C3A6T1I1F0,3,6,1,1,0,"(3,8,1,0)",44,INSPECT,CUT=24/132;ASSEMBLE=72/352;INSPECT=36/44,false
C3A6T1I1F1,3,6,1,1,1,"(3,8,1,1)",26,ASSEMBLE+INSPECT,CUT=24/78;ASSEMBLE+INSPECT=108/260,true
C3A6T1I1F2,3,6,1,1,2,"(3,8,1,2)",20,ASSEMBLE+INSPECT,CUT=24/60;ASSEMBLE+INSPECT=108/220,true
C3A6T1I1F3,3,6,1,1,3,"(3,8,1,3)",19,ASSEMBLE+INSPECT,CUT=24/57;ASSEMBLE+INSPECT=108/228,true
C3A6T1I2F0,3,6,1,2,0,"(3,8,2,0)",26,INSPECT,CUT=24/78;ASSEMBLE=72/208;INSPECT=36/52,false
C3A6T1I2F1,3,6,1,2,1,"(3,8,2,1)",20,ASSEMBLE+INSPECT,CUT=24/60;ASSEMBLE+INSPECT=108/220,true
C3A6T1I2F2,3,6,1,2,2,"(3,8,2,2)",19,ASSEMBLE+INSPECT,CUT=24/57;ASSEMBLE+INSPECT=108/228,true
C3A6T1I2F3,3,6,1,2,3,"(3,8,2,3)",19,ASSEMBLE+INSPECT,CUT=24/57;ASSEMBLE+INSPECT=108/247,true
C3A6T1I3F0,3,6,1,3,0,"(3,8,3,0)",20,INSPECT,CUT=24/60;ASSEMBLE=72/160;INSPECT=36/60,false
C3A6T1I3F1,3,6,1,3,1,"(3,8,3,1)",19,ASSEMBLE+INSPECT,CUT=24/57;ASSEMBLE+INSPECT=108/228,true
C3A6T1I3F2,3,6,1,3,2,"(3,8,3,2)",19,ASSEMBLE+INSPECT,CUT=24/57;ASSEMBLE+INSPECT=108/247,true
C3A6T1I3F3,3,6,1,3,3,"(3,8,3,3)",19,CUT,CUT=24/57;ASSEMBLE+INSPECT=108/266,true
C3A6T1I4F0,3,6,1,4,0,"(3,8,4,0)",19,ASSEMBLE|INSPECT,CUT=24/57;ASSEMBLE=72/152;INSPECT=36/76,false
C3A6T1I4F1,3,6,1,4,1,"(3,8,4,1)",19,ASSEMBLE+INSPECT,CUT=24/57;ASSEMBLE+INSPECT=108/247,true
C3A6T1I4F2,3,6,1,4,2,"(3,8,4,2)",19,CUT,CUT=24/57;ASSEMBLE+INSPECT=108/266,true
C3A6T1I4F3,3,6,1,4,3,"(3,8,4,3)",19,CUT,CUT=24/57;ASSEMBLE+INSPECT=108/285,true
C3A6T2I0F1,3,6,2,0,1,"(3,10,0,1)",44,ASSEMBLE+INSPECT,CUT=24/132;ASSEMBLE+INSPECT=108/484,true
C3A6T2I0F2,3,6,2,0,2,"(3,10,0,2)",26,ASSEMBLE+INSPECT,CUT=24/78;ASSEMBLE+INSPECT=108/312,true
C3A6T2I0F3,3,6,2,0,3,"(3,10,0,3)",20,ASSEMBLE+INSPECT,CUT=24/60;ASSEMBLE+INSPECT=108/260,true
C3A6T2I1F0,3,6,2,1,0,"(3,10,1,0)",44,INSPECT,CUT=24/132;ASSEMBLE=72/440;INSPECT=36/44,false
C3A6T2I1F1,3,6,2,1,1,"(3,10,1,1)",26,ASSEMBLE+INSPECT,CUT=24/78;ASSEMBLE+INSPECT=108/312,true
C3A6T2I1F2,3,6,2,1,2,"(3,10,1,2)",20,ASSEMBLE+INSPECT,CUT=24/60;ASSEMBLE+INSPECT=108/260,true
C3A6T2I1F3,3,6,2,1,3,"(3,10,1,3)",19,CUT,CUT=24/57;ASSEMBLE+INSPECT=108/266,true
C3A6T2I2F0,3,6,2,2,0,"(3,10,2,0)",26,INSPECT,CUT=24/78;ASSEMBLE=72/260;INSPECT=36/52,false
C3A6T2I2F1,3,6,2,2,1,"(3,10,2,1)",20,ASSEMBLE+INSPECT,CUT=24/60;ASSEMBLE+INSPECT=108/260,true
C3A6T2I2F2,3,6,2,2,2,"(3,10,2,2)",19,CUT,CUT=24/57;ASSEMBLE+INSPECT=108/266,true
C3A6T2I2F3,3,6,2,2,3,"(3,10,2,3)",18,CUT,CUT=24/54;ASSEMBLE+INSPECT=108/270,true
C3A6T2I3F0,3,6,2,3,0,"(3,10,3,0)",20,INSPECT,CUT=24/60;ASSEMBLE=72/200;INSPECT=36/60,false
C3A6T2I3F1,3,6,2,3,1,"(3,10,3,1)",19,CUT,CUT=24/57;ASSEMBLE+INSPECT=108/266,true
C3A6T2I3F2,3,6,2,3,2,"(3,10,3,2)",18,CUT,CUT=24/54;ASSEMBLE+INSPECT=108/270,true
C3A6T2I3F3,3,6,2,3,3,"(3,10,3,3)",17,CUT,CUT=24/51;ASSEMBLE+INSPECT=108/272,true
C3A6T2I4F0,3,6,2,4,0,"(3,10,4,0)",19,INSPECT,CUT=24/57;ASSEMBLE=72/190;INSPECT=36/76,false
C3A6T2I4F1,3,6,2,4,1,"(3,10,4,1)",18,CUT,CUT=24/54;ASSEMBLE+INSPECT=108/270,true
C3A6T2I4F2,3,6,2,4,2,"(3,10,4,2)",17,CUT,CUT=24/51;ASSEMBLE+INSPECT=108/272,true
C3A6T2I4F3,3,6,2,4,3,"(3,10,4,3)",17,CUT,CUT=24/51;ASSEMBLE+INSPECT=108/289,true
C3A6T3I0F1,3,6,3,0,1,"(3,12,0,1)",44,ASSEMBLE+INSPECT,CUT=24/132;ASSEMBLE+INSPECT=108/572,true
C3A6T3I0F2,3,6,3,0,2,"(3,12,0,2)",26,CUT,CUT=24/78;ASSEMBLE+INSPECT=108/364,true
C3A6T3I0F3,3,6,3,0,3,"(3,12,0,3)",20,CUT,CUT=24/60;ASSEMBLE+INSPECT=108/300,true
C3A6T3I1F0,3,6,3,1,0,"(3,12,1,0)",44,INSPECT,CUT=24/132;ASSEMBLE=72/528;INSPECT=36/44,false
C3A6T3I1F1,3,6,3,1,1,"(3,12,1,1)",26,CUT,CUT=24/78;ASSEMBLE+INSPECT=108/364,true
C3A6T3I1F2,3,6,3,1,2,"(3,12,1,2)",20,CUT,CUT=24/60;ASSEMBLE+INSPECT=108/300,true
C3A6T3I1F3,3,6,3,1,3,"(3,12,1,3)",19,CUT,CUT=24/57;ASSEMBLE+INSPECT=108/304,true
C3A6T3I2F0,3,6,3,2,0,"(3,12,2,0)",26,INSPECT,CUT=24/78;ASSEMBLE=72/312;INSPECT=36/52,false
C3A6T3I2F1,3,6,3,2,1,"(3,12,2,1)",20,CUT,CUT=24/60;ASSEMBLE+INSPECT=108/300,true
C3A6T3I2F2,3,6,3,2,2,"(3,12,2,2)",19,CUT,CUT=24/57;ASSEMBLE+INSPECT=108/304,true
C3A6T3I2F3,3,6,3,2,3,"(3,12,2,3)",18,CUT,CUT=24/54;ASSEMBLE+INSPECT=108/306,true
C3A6T3I3F0,3,6,3,3,0,"(3,12,3,0)",20,INSPECT,CUT=24/60;ASSEMBLE=72/240;INSPECT=36/60,false
C3A6T3I3F1,3,6,3,3,1,"(3,12,3,1)",19,CUT,CUT=24/57;ASSEMBLE+INSPECT=108/304,true
C3A6T3I3F2,3,6,3,3,2,"(3,12,3,2)",18,CUT,CUT=24/54;ASSEMBLE+INSPECT=108/306,true
C3A6T3I3F3,3,6,3,3,3,"(3,12,3,3)",17,CUT,CUT=24/51;ASSEMBLE+INSPECT=108/306,true
C3A6T3I4F0,3,6,3,4,0,"(3,12,4,0)",19,INSPECT,CUT=24/57;ASSEMBLE=72/228;INSPECT=36/76,false
C3A6T3I4F1,3,6,3,4,1,"(3,12,4,1)",18,CUT,CUT=24/54;ASSEMBLE+INSPECT=108/306,true
C3A6T3I4F2,3,6,3,4,2,"(3,12,4,2)",17,CUT,CUT=24/51;ASSEMBLE+INSPECT=108/306,true
C3A6T3I4F3,3,6,3,4,3,"(3,12,4,3)",17,CUT,CUT=24/51;ASSEMBLE+INSPECT=108/323,true
C4A0T0I0F1,4,0,0,0,1,"(4,0,0,1)",110,ASSEMBLE+INSPECT,CUT=24/440;ASSEMBLE+INSPECT=108/110,true
C4A0T0I0F2,4,0,0,0,2,"(4,0,0,2)",56,ASSEMBLE+INSPECT,CUT=24/224;ASSEMBLE+INSPECT=108/112,true
C4A0T0I0F3,4,0,0,0,3,"(4,0,0,3)",38,ASSEMBLE+INSPECT,CUT=24/152;ASSEMBLE+INSPECT=108/114,true
C4A0T0I1F1,4,0,0,1,1,"(4,0,1,1)",77,ASSEMBLE+INSPECT,CUT=24/308;ASSEMBLE+INSPECT=108/154,true
C4A0T0I1F2,4,0,0,1,2,"(4,0,1,2)",47,ASSEMBLE+INSPECT,CUT=24/188;ASSEMBLE+INSPECT=108/141,true
C4A0T0I1F3,4,0,0,1,3,"(4,0,1,3)",38,ASSEMBLE+INSPECT,CUT=24/152;ASSEMBLE+INSPECT=108/152,true
C4A0T0I2F1,4,0,0,2,1,"(4,0,2,1)",77,ASSEMBLE+INSPECT,CUT=24/308;ASSEMBLE+INSPECT=108/231,true
C4A0T0I2F2,4,0,0,2,2,"(4,0,2,2)",41,ASSEMBLE+INSPECT,CUT=24/164;ASSEMBLE+INSPECT=108/164,true
C4A0T0I2F3,4,0,0,2,3,"(4,0,2,3)",35,ASSEMBLE+INSPECT,CUT=24/140;ASSEMBLE+INSPECT=108/175,true
C4A0T0I3F1,4,0,0,3,1,"(4,0,3,1)",77,ASSEMBLE+INSPECT,CUT=24/308;ASSEMBLE+INSPECT=108/308,true
C4A0T0I3F2,4,0,0,3,2,"(4,0,3,2)",41,ASSEMBLE+INSPECT,CUT=24/164;ASSEMBLE+INSPECT=108/205,true
C4A0T0I3F3,4,0,0,3,3,"(4,0,3,3)",29,ASSEMBLE+INSPECT,CUT=24/116;ASSEMBLE+INSPECT=108/174,true
C4A0T0I4F1,4,0,0,4,1,"(4,0,4,1)",77,ASSEMBLE+INSPECT,CUT=24/308;ASSEMBLE+INSPECT=108/385,true
C4A0T0I4F2,4,0,0,4,2,"(4,0,4,2)",41,ASSEMBLE+INSPECT,CUT=24/164;ASSEMBLE+INSPECT=108/246,true
C4A0T0I4F3,4,0,0,4,3,"(4,0,4,3)",29,ASSEMBLE+INSPECT,CUT=24/116;ASSEMBLE+INSPECT=108/203,true
C4A0T1I0F1,4,0,1,0,1,"(4,2,0,1)",44,ASSEMBLE+INSPECT,CUT=24/176;ASSEMBLE+INSPECT=108/132,true
C4A0T1I0F2,4,0,1,0,2,"(4,2,0,2)",32,ASSEMBLE+INSPECT,CUT=24/128;ASSEMBLE+INSPECT=108/128,true
C4A0T1I0F3,4,0,1,0,3,"(4,2,0,3)",26,ASSEMBLE+INSPECT,CUT=24/104;ASSEMBLE+INSPECT=108/130,true
C4A0T1I1F0,4,0,1,1,0,"(4,2,1,0)",44,ASSEMBLE|INSPECT,CUT=24/176;ASSEMBLE=72/88;INSPECT=36/44,false
C4A0T1I1F1,4,0,1,1,1,"(4,2,1,1)",35,ASSEMBLE+INSPECT,CUT=24/140;ASSEMBLE+INSPECT=108/140,true
C4A0T1I1F2,4,0,1,1,2,"(4,2,1,2)",29,ASSEMBLE+INSPECT,CUT=24/116;ASSEMBLE+INSPECT=108/145,true
C4A0T1I1F3,4,0,1,1,3,"(4,2,1,3)",25,ASSEMBLE+INSPECT,CUT=24/100;ASSEMBLE+INSPECT=108/150,true
C4A0T1I2F0,4,0,1,2,0,"(4,2,2,0)",41,ASSEMBLE,CUT=24/164;ASSEMBLE=72/82;INSPECT=36/82,false
C4A0T1I2F1,4,0,1,2,1,"(4,2,2,1)",29,ASSEMBLE+INSPECT,CUT=24/116;ASSEMBLE+INSPECT=108/145,true
C4A0T1I2F2,4,0,1,2,2,"(4,2,2,2)",26,ASSEMBLE+INSPECT,CUT=24/104;ASSEMBLE+INSPECT=108/156,true
C4A0T1I2F3,4,0,1,2,3,"(4,2,2,3)",25,ASSEMBLE+INSPECT,CUT=24/100;ASSEMBLE+INSPECT=108/175,true
C4A0T1I3F0,4,0,1,3,0,"(4,2,3,0)",41,ASSEMBLE,CUT=24/164;ASSEMBLE=72/82;INSPECT=36/123,false
C4A0T1I3F1,4,0,1,3,1,"(4,2,3,1)",29,ASSEMBLE+INSPECT,CUT=24/116;ASSEMBLE+INSPECT=108/174,true
C4A0T1I3F2,4,0,1,3,2,"(4,2,3,2)",23,ASSEMBLE+INSPECT,CUT=24/92;ASSEMBLE+INSPECT=108/161,true
C4A0T1I3F3,4,0,1,3,3,"(4,2,3,3)",23,ASSEMBLE+INSPECT,CUT=24/92;ASSEMBLE+INSPECT=108/184,true
C4A0T1I4F0,4,0,1,4,0,"(4,2,4,0)",41,ASSEMBLE,CUT=24/164;ASSEMBLE=72/82;INSPECT=36/164,false
C4A0T1I4F1,4,0,1,4,1,"(4,2,4,1)",29,ASSEMBLE+INSPECT,CUT=24/116;ASSEMBLE+INSPECT=108/203,true
C4A0T1I4F2,4,0,1,4,2,"(4,2,4,2)",23,ASSEMBLE+INSPECT,CUT=24/92;ASSEMBLE+INSPECT=108/184,true
C4A0T1I4F3,4,0,1,4,3,"(4,2,4,3)",23,ASSEMBLE+INSPECT,CUT=24/92;ASSEMBLE+INSPECT=108/207,true
C4A0T2I0F1,4,0,2,0,1,"(4,4,0,1)",44,ASSEMBLE+INSPECT,CUT=24/176;ASSEMBLE+INSPECT=108/220,true
C4A0T2I0F2,4,0,2,0,2,"(4,4,0,2)",32,ASSEMBLE+INSPECT,CUT=24/128;ASSEMBLE+INSPECT=108/192,true
C4A0T2I0F3,4,0,2,0,3,"(4,4,0,3)",23,ASSEMBLE+INSPECT,CUT=24/92;ASSEMBLE+INSPECT=108/161,true
C4A0T2I1F0,4,0,2,1,0,"(4,4,1,0)",44,INSPECT,CUT=24/176;ASSEMBLE=72/176;INSPECT=36/44,false
C4A0T2I1F1,4,0,2,1,1,"(4,4,1,1)",29,ASSEMBLE+INSPECT,CUT=24/116;ASSEMBLE+INSPECT=108/174,true
C4A0T2I1F2,4,0,2,1,2,"(4,4,1,2)",26,ASSEMBLE+INSPECT,CUT=24/104;ASSEMBLE+INSPECT=108/182,true
C4A0T2I1F3,4,0,2,1,3,"(4,4,1,3)",20,ASSEMBLE+INSPECT,CUT=24/80;ASSEMBLE+INSPECT=108/160,true
C4A0T2I2F0,4,0,2,2,0,"(4,4,2,0)",26,ASSEMBLE|INSPECT,CUT=24/104;ASSEMBLE=72/104;INSPECT=36/52,false
C4A0T2I2F1,4,0,2,2,1,"(4,4,2,1)",23,ASSEMBLE+INSPECT,CUT=24/92;ASSEMBLE+INSPECT=108/161,true
C4A0T2I2F2,4,0,2,2,2,"(4,4,2,2)",20,ASSEMBLE+INSPECT,CUT=24/80;ASSEMBLE+INSPECT=108/160,true
C4A0T2I2F3,4,0,2,2,3,"(4,4,2,3)",20,ASSEMBLE+INSPECT,CUT=24/80;ASSEMBLE+INSPECT=108/180,true
C4A0T2I3F0,4,0,2,3,0,"(4,4,3,0)",26,ASSEMBLE,CUT=24/104;ASSEMBLE=72/104;INSPECT=36/78,false
C4A0T2I3F1,4,0,2,3,1,"(4,4,3,1)",23,ASSEMBLE+INSPECT,CUT=24/92;ASSEMBLE+INSPECT=108/184,true
C4A0T2I3F2,4,0,2,3,2,"(4,4,3,2)",20,ASSEMBLE+INSPECT,CUT=24/80;ASSEMBLE+INSPECT=108/180,true
C4A0T2I3F3,4,0,2,3,3,"(4,4,3,3)",19,ASSEMBLE+INSPECT,CUT=24/76;ASSEMBLE+INSPECT=108/190,true
C4A0T2I4F0,4,0,2,4,0,"(4,4,4,0)",23,ASSEMBLE,CUT=24/92;ASSEMBLE=72/92;INSPECT=36/92,false
C4A0T2I4F1,4,0,2,4,1,"(4,4,4,1)",23,ASSEMBLE+INSPECT,CUT=24/92;ASSEMBLE+INSPECT=108/207,true
C4A0T2I4F2,4,0,2,4,2,"(4,4,4,2)",19,ASSEMBLE+INSPECT,CUT=24/76;ASSEMBLE+INSPECT=108/190,true
C4A0T2I4F3,4,0,2,4,3,"(4,4,4,3)",19,ASSEMBLE+INSPECT,CUT=24/76;ASSEMBLE+INSPECT=108/209,true
C4A0T3I0F1,4,0,3,0,1,"(4,6,0,1)",44,ASSEMBLE+INSPECT,CUT=24/176;ASSEMBLE+INSPECT=108/308,true
C4A0T3I0F2,4,0,3,0,2,"(4,6,0,2)",26,ASSEMBLE+INSPECT,CUT=24/104;ASSEMBLE+INSPECT=108/208,true
C4A0T3I0F3,4,0,3,0,3,"(4,6,0,3)",20,ASSEMBLE+INSPECT,CUT=24/80;ASSEMBLE+INSPECT=108/180,true
C4A0T3I1F0,4,0,3,1,0,"(4,6,1,0)",44,INSPECT,CUT=24/176;ASSEMBLE=72/264;INSPECT=36/44,false
C4A0T3I1F1,4,0,3,1,1,"(4,6,1,1)",29,ASSEMBLE+INSPECT,CUT=24/116;ASSEMBLE+INSPECT=108/232,true
C4A0T3I1F2,4,0,3,1,2,"(4,6,1,2)",23,ASSEMBLE+INSPECT,CUT=24/92;ASSEMBLE+INSPECT=108/207,true
C4A0T3I1F3,4,0,3,1,3,"(4,6,1,3)",20,ASSEMBLE+INSPECT,CUT=24/80;ASSEMBLE+INSPECT=108/200,true
C4A0T3I2F0,4,0,3,2,0,"(4,6,2,0)",26,INSPECT,CUT=24/104;ASSEMBLE=72/156;INSPECT=36/52,false
C4A0T3I2F1,4,0,3,2,1,"(4,6,2,1)",23,ASSEMBLE+INSPECT,CUT=24/92;ASSEMBLE+INSPECT=108/207,true
C4A0T3I2F2,4,0,3,2,2,"(4,6,2,2)",20,ASSEMBLE+INSPECT,CUT=24/80;ASSEMBLE+INSPECT=108/200,true
C4A0T3I2F3,4,0,3,2,3,"(4,6,2,3)",20,ASSEMBLE+INSPECT,CUT=24/80;ASSEMBLE+INSPECT=108/220,true
C4A0T3I3F0,4,0,3,3,0,"(4,6,3,0)",20,ASSEMBLE|INSPECT,CUT=24/80;ASSEMBLE=72/120;INSPECT=36/60,false
C4A0T3I3F1,4,0,3,3,1,"(4,6,3,1)",20,ASSEMBLE+INSPECT,CUT=24/80;ASSEMBLE+INSPECT=108/200,true
C4A0T3I3F2,4,0,3,3,2,"(4,6,3,2)",20,ASSEMBLE+INSPECT,CUT=24/80;ASSEMBLE+INSPECT=108/220,true
C4A0T3I3F3,4,0,3,3,3,"(4,6,3,3)",17,ASSEMBLE+INSPECT,CUT=24/68;ASSEMBLE+INSPECT=108/204,true
C4A0T3I4F0,4,0,3,4,0,"(4,6,4,0)",20,ASSEMBLE,CUT=24/80;ASSEMBLE=72/120;INSPECT=36/80,false
C4A0T3I4F1,4,0,3,4,1,"(4,6,4,1)",19,ASSEMBLE+INSPECT,CUT=24/76;ASSEMBLE+INSPECT=108/209,true
C4A0T3I4F2,4,0,3,4,2,"(4,6,4,2)",17,ASSEMBLE+INSPECT,CUT=24/68;ASSEMBLE+INSPECT=108/204,true
C4A0T3I4F3,4,0,3,4,3,"(4,6,4,3)",17,ASSEMBLE+INSPECT,CUT=24/68;ASSEMBLE+INSPECT=108/221,true
C4A1T0I0F1,4,1,0,0,1,"(4,1,0,1)",59,ASSEMBLE+INSPECT,CUT=24/236;ASSEMBLE+INSPECT=108/118,true
C4A1T0I0F2,4,1,0,0,2,"(4,1,0,2)",41,ASSEMBLE+INSPECT,CUT=24/164;ASSEMBLE+INSPECT=108/123,true
C4A1T0I0F3,4,1,0,0,3,"(4,1,0,3)",32,ASSEMBLE+INSPECT,CUT=24/128;ASSEMBLE+INSPECT=108/128,true
C4A1T0I1F0,4,1,0,1,0,"(4,1,1,0)",77,ASSEMBLE,CUT=24/308;ASSEMBLE=72/77;INSPECT=36/77,false
C4A1T0I1F1,4,1,0,1,1,"(4,1,1,1)",47,ASSEMBLE+INSPECT,CUT=24/188;ASSEMBLE+INSPECT=108/141,true
C4A1T0I1F2,4,1,0,1,2,"(4,1,1,2)",35,ASSEMBLE+INSPECT,CUT=24/140;ASSEMBLE+INSPECT=108/140,true
C4A1T0I1F3,4,1,0,1,3,"(4,1,1,3)",29,ASSEMBLE+INSPECT,CUT=24/116;ASSEMBLE+INSPECT=108/145,true
C4A1T0I2F0,4,1,0,2,0,"(4,1,2,0)",77,ASSEMBLE,CUT=24/308;ASSEMBLE=72/77;INSPECT=36/154,false
C4A1T0I2F1,4,1,0,2,1,"(4,1,2,1)",41,ASSEMBLE+INSPECT,CUT=24/164;ASSEMBLE+INSPECT=108/164,true
C4A1T0I2F2,4,1,0,2,2,"(4,1,2,2)",35,ASSEMBLE+INSPECT,CUT=24/140;ASSEMBLE+INSPECT=108/175,true
C4A1T0I2F3,4,1,0,2,3,"(4,1,2,3)",29,ASSEMBLE+INSPECT,CUT=24/116;ASSEMBLE+INSPECT=108/174,true
C4A1T0I3F0,4,1,0,3,0,"(4,1,3,0)",77,ASSEMBLE,CUT=24/308;ASSEMBLE=72/77;INSPECT=36/231,false
C4A1T0I3F1,4,1,0,3,1,"(4,1,3,1)",41,ASSEMBLE+INSPECT,CUT=24/164;ASSEMBLE+INSPECT=108/205,true
C4A1T0I3F2,4,1,0,3,2,"(4,1,3,2)",29,ASSEMBLE+INSPECT,CUT=24/116;ASSEMBLE+INSPECT=108/174,true
C4A1T0I3F3,4,1,0,3,3,"(4,1,3,3)",26,ASSEMBLE+INSPECT,CUT=24/104;ASSEMBLE+INSPECT=108/182,true
C4A1T0I4F0,4,1,0,4,0,"(4,1,4,0)",77,ASSEMBLE,CUT=24/308;ASSEMBLE=72/77;INSPECT=36/308,false
C4A1T0I4F1,4,1,0,4,1,"(4,1,4,1)",41,ASSEMBLE+INSPECT,CUT=24/164;ASSEMBLE+INSPECT=108/246,true
C4A1T0I4F2,4,1,0,4,2,"(4,1,4,2)",29,ASSEMBLE+INSPECT,CUT=24/116;ASSEMBLE+INSPECT=108/203,true
C4A1T0I4F3,4,1,0,4,3,"(4,1,4,3)",23,ASSEMBLE+INSPECT,CUT=24/92;ASSEMBLE+INSPECT=108/184,true
C4A1T1I0F1,4,1,1,0,1,"(4,3,0,1)",44,ASSEMBLE+INSPECT,CUT=24/176;ASSEMBLE+INSPECT=108/176,true
C4A1T1I0F2,4,1,1,0,2,"(4,3,0,2)",32,ASSEMBLE+INSPECT,CUT=24/128;ASSEMBLE+INSPECT=108/160,true
C4A1T1I0F3,4,1,1,0,3,"(4,3,0,3)",26,ASSEMBLE+INSPECT,CUT=24/104;ASSEMBLE+INSPECT=108/156,true
C4A1T1I1F0,4,1,1,1,0,"(4,3,1,0)",44,INSPECT,CUT=24/176;ASSEMBLE=72/132;INSPECT=36/44,false
C4A1T1I1F1,4,1,1,1,1,"(4,3,1,1)",32,ASSEMBLE+INSPECT,CUT=24/128;ASSEMBLE+INSPECT=108/160,true
C4A1T1I1F2,4,1,1,1,2,"(4,3,1,2)",26,ASSEMBLE+INSPECT,CUT=24/104;ASSEMBLE+INSPECT=108/156,true
C4A1T1I1F3,4,1,1,1,3,"(4,3,1,3)",23,ASSEMBLE+INSPECT,CUT=24/92;ASSEMBLE+INSPECT=108/161,true
C4A1T1I2F0,4,1,1,2,0,"(4,3,2,0)",32,ASSEMBLE,CUT=24/128;ASSEMBLE=72/96;INSPECT=36/64,false
C4A1T1I2F1,4,1,1,2,1,"(4,3,2,1)",26,ASSEMBLE+INSPECT,CUT=24/104;ASSEMBLE+INSPECT=108/156,true
C4A1T1I2F2,4,1,1,2,2,"(4,3,2,2)",23,ASSEMBLE+INSPECT,CUT=24/92;ASSEMBLE+INSPECT=108/161,true
C4A1T1I2F3,4,1,1,2,3,"(4,3,2,3)",20,ASSEMBLE+INSPECT,CUT=24/80;ASSEMBLE+INSPECT=108/160,true
C4A1T1I3F0,4,1,1,3,0,"(4,3,3,0)",29,ASSEMBLE,CUT=24/116;ASSEMBLE=72/87;INSPECT=36/87,false
C4A1T1I3F1,4,1,1,3,1,"(4,3,3,1)",23,ASSEMBLE+INSPECT,CUT=24/92;ASSEMBLE+INSPECT=108/161,true
C4A1T1I3F2,4,1,1,3,2,"(4,3,3,2)",23,ASSEMBLE+INSPECT,CUT=24/92;ASSEMBLE+INSPECT=108/184,true
C4A1T1I3F3,4,1,1,3,3,"(4,3,3,3)",19,ASSEMBLE+INSPECT,CUT=24/76;ASSEMBLE+INSPECT=108/171,true
C4A1T1I4F0,4,1,1,4,0,"(4,3,4,0)",29,ASSEMBLE,CUT=24/116;ASSEMBLE=72/87;INSPECT=36/116,false
C4A1T1I4F1,4,1,1,4,1,"(4,3,4,1)",23,ASSEMBLE+INSPECT,CUT=24/92;ASSEMBLE+INSPECT=108/184,true
C4A1T1I4F2,4,1,1,4,2,"(4,3,4,2)",23,ASSEMBLE+INSPECT,CUT=24/92;ASSEMBLE+INSPECT=108/207,true
C4A1T1I4F3,4,1,1,4,3,"(4,3,4,3)",19,ASSEMBLE+INSPECT,CUT=24/76;ASSEMBLE+INSPECT=108/190,true
C4A1T2I0F1,4,1,2,0,1,"(4,5,0,1)",44,ASSEMBLE+INSPECT,CUT=24/176;ASSEMBLE+INSPECT=108/264,true
C4A1T2I0F2,4,1,2,0,2,"(4,5,0,2)",26,ASSEMBLE+INSPECT,CUT=24/104;ASSEMBLE+INSPECT=108/182,true
C4A1T2I0F3,4,1,2,0,3,"(4,5,0,3)",20,ASSEMBLE+INSPECT,CUT=24/80;ASSEMBLE+INSPECT=108/160,true
C4A1T2I1F0,4,1,2,1,0,"(4,5,1,0)",44,INSPECT,CUT=24/176;ASSEMBLE=72/220;INSPECT=36/44,false
C4A1T2I1F1,4,1,2,1,1,"(4,5,1,1)",29,ASSEMBLE+INSPECT,CUT=24/116;ASSEMBLE+INSPECT=108/203,true
C4A1T2I1F2,4,1,2,1,2,"(4,5,1,2)",23,ASSEMBLE+INSPECT,CUT=24/92;ASSEMBLE+INSPECT=108/184,true
C4A1T2I1F3,4,1,2,1,3,"(4,5,1,3)",20,ASSEMBLE+INSPECT,CUT=24/80;ASSEMBLE+INSPECT=108/180,true
C4A1T2I2F0,4,1,2,2,0,"(4,5,2,0)",26,INSPECT,CUT=24/104;ASSEMBLE=72/130;INSPECT=36/52,false
C4A1T2I2F1,4,1,2,2,1,"(4,5,2,1)",23,ASSEMBLE+INSPECT,CUT=24/92;ASSEMBLE+INSPECT=108/184,true
C4A1T2I2F2,4,1,2,2,2,"(4,5,2,2)",20,ASSEMBLE+INSPECT,CUT=24/80;ASSEMBLE+INSPECT=108/180,true
C4A1T2I2F3,4,1,2,2,3,"(4,5,2,3)",20,ASSEMBLE+INSPECT,CUT=24/80;ASSEMBLE+INSPECT=108/200,true
C4A1T2I3F0,4,1,2,3,0,"(4,5,3,0)",23,ASSEMBLE,CUT=24/92;ASSEMBLE=72/115;INSPECT=36/69,false
C4A1T2I3F1,4,1,2,3,1,"(4,5,3,1)",20,ASSEMBLE+INSPECT,CUT=24/80;ASSEMBLE+INSPECT=108/180,true
C4A1T2I3F2,4,1,2,3,2,"(4,5,3,2)",20,ASSEMBLE+INSPECT,CUT=24/80;ASSEMBLE+INSPECT=108/200,true
C4A1T2I3F3,4,1,2,3,3,"(4,5,3,3)",17,ASSEMBLE+INSPECT,CUT=24/68;ASSEMBLE+INSPECT=108/187,true
C4A1T2I4F0,4,1,2,4,0,"(4,5,4,0)",23,ASSEMBLE,CUT=24/92;ASSEMBLE=72/115;INSPECT=36/92,false
C4A1T2I4F1,4,1,2,4,1,"(4,5,4,1)",20,ASSEMBLE+INSPECT,CUT=24/80;ASSEMBLE+INSPECT=108/200,true
C4A1T2I4F2,4,1,2,4,2,"(4,5,4,2)",19,ASSEMBLE+INSPECT,CUT=24/76;ASSEMBLE+INSPECT=108/209,true
C4A1T2I4F3,4,1,2,4,3,"(4,5,4,3)",17,ASSEMBLE+INSPECT,CUT=24/68;ASSEMBLE+INSPECT=108/204,true
C4A1T3I0F1,4,1,3,0,1,"(4,7,0,1)",44,ASSEMBLE+INSPECT,CUT=24/176;ASSEMBLE+INSPECT=108/352,true
C4A1T3I0F2,4,1,3,0,2,"(4,7,0,2)",26,ASSEMBLE+INSPECT,CUT=24/104;ASSEMBLE+INSPECT=108/234,true
C4A1T3I0F3,4,1,3,0,3,"(4,7,0,3)",20,ASSEMBLE+INSPECT,CUT=24/80;ASSEMBLE+INSPECT=108/200,true
C4A1T3I1F0,4,1,3,1,0,"(4,7,1,0)",44,INSPECT,CUT=24/176;ASSEMBLE=72/308;INSPECT=36/44,false
C4A1T3I1F1,4,1,3,1,1,"(4,7,1,1)",29,ASSEMBLE+INSPECT,CUT=24/116;ASSEMBLE+INSPECT=108/261,true
C4A1T3I1F2,4,1,3,1,2,"(4,7,1,2)",23,ASSEMBLE+INSPECT,CUT=24/92;ASSEMBLE+INSPECT=108/230,true
C4A1T3I1F3,4,1,3,1,3,"(4,7,1,3)",20,ASSEMBLE+INSPECT,CUT=24/80;ASSEMBLE+INSPECT=108/220,true
C4A1T3I2F0,4,1,3,2,0,"(4,7,2,0)",26,INSPECT,CUT=24/104;ASSEMBLE=72/182;INSPECT=36/52,false
C4A1T3I2F1,4,1,3,2,1,"(4,7,2,1)",23,ASSEMBLE+INSPECT,CUT=24/92;ASSEMBLE+INSPECT=108/230,true
C4A1T3I2F2,4,1,3,2,2,"(4,7,2,2)",20,ASSEMBLE+INSPECT,CUT=24/80;ASSEMBLE+INSPECT=108/220,true
C4A1T3I2F3,4,1,3,2,3,"(4,7,2,3)",20,ASSEMBLE+INSPECT,CUT=24/80;ASSEMBLE+INSPECT=108/240,true
C4A1T3I3F0,4,1,3,3,0,"(4,7,3,0)",20,INSPECT,CUT=24/80;ASSEMBLE=72/140;INSPECT=36/60,false
C4A1T3I3F1,4,1,3,3,1,"(4,7,3,1)",20,ASSEMBLE+INSPECT,CUT=24/80;ASSEMBLE+INSPECT=108/220,true
C4A1T3I3F2,4,1,3,3,2,"(4,7,3,2)",20,ASSEMBLE+INSPECT,CUT=24/80;ASSEMBLE+INSPECT=108/240,true
C4A1T3I3F3,4,1,3,3,3,"(4,7,3,3)",17,ASSEMBLE+INSPECT,CUT=24/68;ASSEMBLE+INSPECT=108/221,true
C4A1T3I4F0,4,1,3,4,0,"(4,7,4,0)",20,ASSEMBLE,CUT=24/80;ASSEMBLE=72/140;INSPECT=36/80,false
C4A1T3I4F1,4,1,3,4,1,"(4,7,4,1)",17,ASSEMBLE+INSPECT,CUT=24/68;ASSEMBLE+INSPECT=108/204,true
C4A1T3I4F2,4,1,3,4,2,"(4,7,4,2)",17,ASSEMBLE+INSPECT,CUT=24/68;ASSEMBLE+INSPECT=108/221,true
C4A1T3I4F3,4,1,3,4,3,"(4,7,4,3)",17,ASSEMBLE+INSPECT,CUT=24/68;ASSEMBLE+INSPECT=108/238,true
C4A2T0I0F1,4,2,0,0,1,"(4,2,0,1)",44,ASSEMBLE+INSPECT,CUT=24/176;ASSEMBLE+INSPECT=108/132,true
C4A2T0I0F2,4,2,0,0,2,"(4,2,0,2)",32,ASSEMBLE+INSPECT,CUT=24/128;ASSEMBLE+INSPECT=108/128,true
C4A2T0I0F3,4,2,0,0,3,"(4,2,0,3)",26,ASSEMBLE+INSPECT,CUT=24/104;ASSEMBLE+INSPECT=108/130,true
C4A2T0I1F0,4,2,0,1,0,"(4,2,1,0)",44,ASSEMBLE|INSPECT,CUT=24/176;ASSEMBLE=72/88;INSPECT=36/44,false
C4A2T0I1F1,4,2,0,1,1,"(4,2,1,1)",35,ASSEMBLE+INSPECT,CUT=24/140;ASSEMBLE+INSPECT=108/140,true
C4A2T0I1F2,4,2,0,1,2,"(4,2,1,2)",29,ASSEMBLE+INSPECT,CUT=24/116;ASSEMBLE+INSPECT=108/145,true
C4A2T0I1F3,4,2,0,1,3,"(4,2,1,3)",25,ASSEMBLE+INSPECT,CUT=24/100;ASSEMBLE+INSPECT=108/150,true
C4A2T0I2F0,4,2,0,2,0,"(4,2,2,0)",41,ASSEMBLE,CUT=24/164;ASSEMBLE=72/82;INSPECT=36/82,false
C4A2T0I2F1,4,2,0,2,1,"(4,2,2,1)",29,ASSEMBLE+INSPECT,CUT=24/116;ASSEMBLE+INSPECT=108/145,true
C4A2T0I2F2,4,2,0,2,2,"(4,2,2,2)",26,ASSEMBLE+INSPECT,CUT=24/104;ASSEMBLE+INSPECT=108/156,true
C4A2T0I2F3,4,2,0,2,3,"(4,2,2,3)",25,ASSEMBLE+INSPECT,CUT=24/100;ASSEMBLE+INSPECT=108/175,true
C4A2T0I3F0,4,2,0,3,0,"(4,2,3,0)",41,ASSEMBLE,CUT=24/164;ASSEMBLE=72/82;INSPECT=36/123,false
C4A2T0I3F1,4,2,0,3,1,"(4,2,3,1)",29,ASSEMBLE+INSPECT,CUT=24/116;ASSEMBLE+INSPECT=108/174,true
C4A2T0I3F2,4,2,0,3,2,"(4,2,3,2)",23,ASSEMBLE+INSPECT,CUT=24/92;ASSEMBLE+INSPECT=108/161,true
C4A2T0I3F3,4,2,0,3,3,"(4,2,3,3)",23,ASSEMBLE+INSPECT,CUT=24/92;ASSEMBLE+INSPECT=108/184,true
C4A2T0I4F0,4,2,0,4,0,"(4,2,4,0)",41,ASSEMBLE,CUT=24/164;ASSEMBLE=72/82;INSPECT=36/164,false
C4A2T0I4F1,4,2,0,4,1,"(4,2,4,1)",29,ASSEMBLE+INSPECT,CUT=24/116;ASSEMBLE+INSPECT=108/203,true
C4A2T0I4F2,4,2,0,4,2,"(4,2,4,2)",23,ASSEMBLE+INSPECT,CUT=24/92;ASSEMBLE+INSPECT=108/184,true
C4A2T0I4F3,4,2,0,4,3,"(4,2,4,3)",23,ASSEMBLE+INSPECT,CUT=24/92;ASSEMBLE+INSPECT=108/207,true
C4A2T1I0F1,4,2,1,0,1,"(4,4,0,1)",44,ASSEMBLE+INSPECT,CUT=24/176;ASSEMBLE+INSPECT=108/220,true
C4A2T1I0F2,4,2,1,0,2,"(4,4,0,2)",32,ASSEMBLE+INSPECT,CUT=24/128;ASSEMBLE+INSPECT=108/192,true
C4A2T1I0F3,4,2,1,0,3,"(4,4,0,3)",23,ASSEMBLE+INSPECT,CUT=24/92;ASSEMBLE+INSPECT=108/161,true
C4A2T1I1F0,4,2,1,1,0,"(4,4,1,0)",44,INSPECT,CUT=24/176;ASSEMBLE=72/176;INSPECT=36/44,false
C4A2T1I1F1,4,2,1,1,1,"(4,4,1,1)",29,ASSEMBLE+INSPECT,CUT=24/116;ASSEMBLE+INSPECT=108/174,true
C4A2T1I1F2,4,2,1,1,2,"(4,4,1,2)",26,ASSEMBLE+INSPECT,CUT=24/104;ASSEMBLE+INSPECT=108/182,true
C4A2T1I1F3,4,2,1,1,3,"(4,4,1,3)",20,ASSEMBLE+INSPECT,CUT=24/80;ASSEMBLE+INSPECT=108/160,true
C4A2T1I2F0,4,2,1,2,0,"(4,4,2,0)",26,ASSEMBLE|INSPECT,CUT=24/104;ASSEMBLE=72/104;INSPECT=36/52,false
C4A2T1I2F1,4,2,1,2,1,"(4,4,2,1)",23,ASSEMBLE+INSPECT,CUT=24/92;ASSEMBLE+INSPECT=108/161,true
C4A2T1I2F2,4,2,1,2,2,"(4,4,2,2)",20,ASSEMBLE+INSPECT,CUT=24/80;ASSEMBLE+INSPECT=108/160,true
C4A2T1I2F3,4,2,1,2,3,"(4,4,2,3)",20,ASSEMBLE+INSPECT,CUT=24/80;ASSEMBLE+INSPECT=108/180,true
C4A2T1I3F0,4,2,1,3,0,"(4,4,3,0)",26,ASSEMBLE,CUT=24/104;ASSEMBLE=72/104;INSPECT=36/78,false
C4A2T1I3F1,4,2,1,3,1,"(4,4,3,1)",23,ASSEMBLE+INSPECT,CUT=24/92;ASSEMBLE+INSPECT=108/184,true
C4A2T1I3F2,4,2,1,3,2,"(4,4,3,2)",20,ASSEMBLE+INSPECT,CUT=24/80;ASSEMBLE+INSPECT=108/180,true
C4A2T1I3F3,4,2,1,3,3,"(4,4,3,3)",19,ASSEMBLE+INSPECT,CUT=24/76;ASSEMBLE+INSPECT=108/190,true
C4A2T1I4F0,4,2,1,4,0,"(4,4,4,0)",23,ASSEMBLE,CUT=24/92;ASSEMBLE=72/92;INSPECT=36/92,false
C4A2T1I4F1,4,2,1,4,1,"(4,4,4,1)",23,ASSEMBLE+INSPECT,CUT=24/92;ASSEMBLE+INSPECT=108/207,true
C4A2T1I4F2,4,2,1,4,2,"(4,4,4,2)",19,ASSEMBLE+INSPECT,CUT=24/76;ASSEMBLE+INSPECT=108/190,true
C4A2T1I4F3,4,2,1,4,3,"(4,4,4,3)",19,ASSEMBLE+INSPECT,CUT=24/76;ASSEMBLE+INSPECT=108/209,true
C4A2T2I0F1,4,2,2,0,1,"(4,6,0,1)",44,ASSEMBLE+INSPECT,CUT=24/176;ASSEMBLE+INSPECT=108/308,true
C4A2T2I0F2,4,2,2,0,2,"(4,6,0,2)",26,ASSEMBLE+INSPECT,CUT=24/104;ASSEMBLE+INSPECT=108/208,true
C4A2T2I0F3,4,2,2,0,3,"(4,6,0,3)",20,ASSEMBLE+INSPECT,CUT=24/80;ASSEMBLE+INSPECT=108/180,true
C4A2T2I1F0,4,2,2,1,0,"(4,6,1,0)",44,INSPECT,CUT=24/176;ASSEMBLE=72/264;INSPECT=36/44,false
C4A2T2I1F1,4,2,2,1,1,"(4,6,1,1)",29,ASSEMBLE+INSPECT,CUT=24/116;ASSEMBLE+INSPECT=108/232,true
C4A2T2I1F2,4,2,2,1,2,"(4,6,1,2)",23,ASSEMBLE+INSPECT,CUT=24/92;ASSEMBLE+INSPECT=108/207,true
C4A2T2I1F3,4,2,2,1,3,"(4,6,1,3)",20,ASSEMBLE+INSPECT,CUT=24/80;ASSEMBLE+INSPECT=108/200,true
C4A2T2I2F0,4,2,2,2,0,"(4,6,2,0)",26,INSPECT,CUT=24/104;ASSEMBLE=72/156;INSPECT=36/52,false
C4A2T2I2F1,4,2,2,2,1,"(4,6,2,1)",23,ASSEMBLE+INSPECT,CUT=24/92;ASSEMBLE+INSPECT=108/207,true
C4A2T2I2F2,4,2,2,2,2,"(4,6,2,2)",20,ASSEMBLE+INSPECT,CUT=24/80;ASSEMBLE+INSPECT=108/200,true
C4A2T2I2F3,4,2,2,2,3,"(4,6,2,3)",20,ASSEMBLE+INSPECT,CUT=24/80;ASSEMBLE+INSPECT=108/220,true
C4A2T2I3F0,4,2,2,3,0,"(4,6,3,0)",20,ASSEMBLE|INSPECT,CUT=24/80;ASSEMBLE=72/120;INSPECT=36/60,false
C4A2T2I3F1,4,2,2,3,1,"(4,6,3,1)",20,ASSEMBLE+INSPECT,CUT=24/80;ASSEMBLE+INSPECT=108/200,true
C4A2T2I3F2,4,2,2,3,2,"(4,6,3,2)",20,ASSEMBLE+INSPECT,CUT=24/80;ASSEMBLE+INSPECT=108/220,true
C4A2T2I3F3,4,2,2,3,3,"(4,6,3,3)",17,ASSEMBLE+INSPECT,CUT=24/68;ASSEMBLE+INSPECT=108/204,true
C4A2T2I4F0,4,2,2,4,0,"(4,6,4,0)",20,ASSEMBLE,CUT=24/80;ASSEMBLE=72/120;INSPECT=36/80,false
C4A2T2I4F1,4,2,2,4,1,"(4,6,4,1)",19,ASSEMBLE+INSPECT,CUT=24/76;ASSEMBLE+INSPECT=108/209,true
C4A2T2I4F2,4,2,2,4,2,"(4,6,4,2)",17,ASSEMBLE+INSPECT,CUT=24/68;ASSEMBLE+INSPECT=108/204,true
C4A2T2I4F3,4,2,2,4,3,"(4,6,4,3)",17,ASSEMBLE+INSPECT,CUT=24/68;ASSEMBLE+INSPECT=108/221,true
C4A2T3I0F1,4,2,3,0,1,"(4,8,0,1)",44,ASSEMBLE+INSPECT,CUT=24/176;ASSEMBLE+INSPECT=108/396,true
C4A2T3I0F2,4,2,3,0,2,"(4,8,0,2)",26,ASSEMBLE+INSPECT,CUT=24/104;ASSEMBLE+INSPECT=108/260,true
C4A2T3I0F3,4,2,3,0,3,"(4,8,0,3)",20,ASSEMBLE+INSPECT,CUT=24/80;ASSEMBLE+INSPECT=108/220,true
C4A2T3I1F0,4,2,3,1,0,"(4,8,1,0)",44,INSPECT,CUT=24/176;ASSEMBLE=72/352;INSPECT=36/44,false
C4A2T3I1F1,4,2,3,1,1,"(4,8,1,1)",29,ASSEMBLE+INSPECT,CUT=24/116;ASSEMBLE+INSPECT=108/290,true
C4A2T3I1F2,4,2,3,1,2,"(4,8,1,2)",23,ASSEMBLE+INSPECT,CUT=24/92;ASSEMBLE+INSPECT=108/253,true
C4A2T3I1F3,4,2,3,1,3,"(4,8,1,3)",20,ASSEMBLE+INSPECT,CUT=24/80;ASSEMBLE+INSPECT=108/240,true
C4A2T3I2F0,4,2,3,2,0,"(4,8,2,0)",26,INSPECT,CUT=24/104;ASSEMBLE=72/208;INSPECT=36/52,false
C4A2T3I2F1,4,2,3,2,1,"(4,8,2,1)",23,ASSEMBLE+INSPECT,CUT=24/92;ASSEMBLE+INSPECT=108/253,true
C4A2T3I2F2,4,2,3,2,2,"(4,8,2,2)",20,ASSEMBLE+INSPECT,CUT=24/80;ASSEMBLE+INSPECT=108/240,true
C4A2T3I2F3,4,2,3,2,3,"(4,8,2,3)",17,ASSEMBLE+INSPECT,CUT=24/68;ASSEMBLE+INSPECT=108/221,true
C4A2T3I3F0,4,2,3,3,0,"(4,8,3,0)",20,INSPECT,CUT=24/80;ASSEMBLE=72/160;INSPECT=36/60,false
C4A2T3I3F1,4,2,3,3,1,"(4,8,3,1)",20,ASSEMBLE+INSPECT,CUT=24/80;ASSEMBLE+INSPECT=108/240,true
C4A2T3I3F2,4,2,3,3,2,"(4,8,3,2)",20,ASSEMBLE+INSPECT,CUT=24/80;ASSEMBLE+INSPECT=108/260,true
C4A2T3I3F3,4,2,3,3,3,"(4,8,3,3)",17,ASSEMBLE+INSPECT,CUT=24/68;ASSEMBLE+INSPECT=108/238,true
C4A2T3I4F0,4,2,3,4,0,"(4,8,4,0)",17,ASSEMBLE|INSPECT,CUT=24/68;ASSEMBLE=72/136;INSPECT=36/68,false
C4A2T3I4F1,4,2,3,4,1,"(4,8,4,1)",17,ASSEMBLE+INSPECT,CUT=24/68;ASSEMBLE+INSPECT=108/221,true
C4A2T3I4F2,4,2,3,4,2,"(4,8,4,2)",17,ASSEMBLE+INSPECT,CUT=24/68;ASSEMBLE+INSPECT=108/238,true
C4A2T3I4F3,4,2,3,4,3,"(4,8,4,3)",17,ASSEMBLE+INSPECT,CUT=24/68;ASSEMBLE+INSPECT=108/255,true
C4A3T0I0F1,4,3,0,0,1,"(4,3,0,1)",44,ASSEMBLE+INSPECT,CUT=24/176;ASSEMBLE+INSPECT=108/176,true
C4A3T0I0F2,4,3,0,0,2,"(4,3,0,2)",32,ASSEMBLE+INSPECT,CUT=24/128;ASSEMBLE+INSPECT=108/160,true
C4A3T0I0F3,4,3,0,0,3,"(4,3,0,3)",26,ASSEMBLE+INSPECT,CUT=24/104;ASSEMBLE+INSPECT=108/156,true
C4A3T0I1F0,4,3,0,1,0,"(4,3,1,0)",44,INSPECT,CUT=24/176;ASSEMBLE=72/132;INSPECT=36/44,false
C4A3T0I1F1,4,3,0,1,1,"(4,3,1,1)",32,ASSEMBLE+INSPECT,CUT=24/128;ASSEMBLE+INSPECT=108/160,true
C4A3T0I1F2,4,3,0,1,2,"(4,3,1,2)",26,ASSEMBLE+INSPECT,CUT=24/104;ASSEMBLE+INSPECT=108/156,true
C4A3T0I1F3,4,3,0,1,3,"(4,3,1,3)",23,ASSEMBLE+INSPECT,CUT=24/92;ASSEMBLE+INSPECT=108/161,true
C4A3T0I2F0,4,3,0,2,0,"(4,3,2,0)",32,ASSEMBLE,CUT=24/128;ASSEMBLE=72/96;INSPECT=36/64,false
C4A3T0I2F1,4,3,0,2,1,"(4,3,2,1)",26,ASSEMBLE+INSPECT,CUT=24/104;ASSEMBLE+INSPECT=108/156,true
C4A3T0I2F2,4,3,0,2,2,"(4,3,2,2)",23,ASSEMBLE+INSPECT,CUT=24/92;ASSEMBLE+INSPECT=108/161,true
C4A3T0I2F3,4,3,0,2,3,"(4,3,2,3)",20,ASSEMBLE+INSPECT,CUT=24/80;ASSEMBLE+INSPECT=108/160,true
C4A3T0I3F0,4,3,0,3,0,"(4,3,3,0)",29,ASSEMBLE,CUT=24/116;ASSEMBLE=72/87;INSPECT=36/87,false
C4A3T0I3F1,4,3,0,3,1,"(4,3,3,1)",23,ASSEMBLE+INSPECT,CUT=24/92;ASSEMBLE+INSPECT=108/161,true
C4A3T0I3F2,4,3,0,3,2,"(4,3,3,2)",23,ASSEMBLE+INSPECT,CUT=24/92;ASSEMBLE+INSPECT=108/184,true
C4A3T0I3F3,4,3,0,3,3,"(4,3,3,3)",19,ASSEMBLE+INSPECT,CUT=24/76;ASSEMBLE+INSPECT=108/171,true
C4A3T0I4F0,4,3,0,4,0,"(4,3,4,0)",29,ASSEMBLE,CUT=24/116;ASSEMBLE=72/87;INSPECT=36/116,false
C4A3T0I4F1,4,3,0,4,1,"(4,3,4,1)",23,ASSEMBLE+INSPECT,CUT=24/92;ASSEMBLE+INSPECT=108/184,true
C4A3T0I4F2,4,3,0,4,2,"(4,3,4,2)",23,ASSEMBLE+INSPECT,CUT=24/92;ASSEMBLE+INSPECT=108/207,true
C4A3T0I4F3,4,3,0,4,3,"(4,3,4,3)",19,ASSEMBLE+INSPECT,CUT=24/76;ASSEMBLE+INSPECT=108/190,true
C4A3T1I0F1,4,3,1,0,1,"(4,5,0,1)",44,ASSEMBLE+INSPECT,CUT=24/176;ASSEMBLE+INSPECT=108/264,true
C4A3T1I0F2,4,3,1,0,2,"(4,5,0,2)",26,ASSEMBLE+INSPECT,CUT=24/104;ASSEMBLE+INSPECT=108/182,true
C4A3T1I0F3,4,3,1,0,3,"(4,5,0,3)",20,ASSEMBLE+INSPECT,CUT=24/80;ASSEMBLE+INSPECT=108/160,true
C4A3T1I1F0,4,3,1,1,0,"(4,5,1,0)",44,INSPECT,CUT=24/176;ASSEMBLE=72/220;INSPECT=36/44,false
C4A3T1I1F1,4,3,1,1,1,"(4,5,1,1)",29,ASSEMBLE+INSPECT,CUT=24/116;ASSEMBLE+INSPECT=108/203,true
C4A3T1I1F2,4,3,1,1,2,"(4,5,1,2)",23,ASSEMBLE+INSPECT,CUT=24/92;ASSEMBLE+INSPECT=108/184,true
C4A3T1I1F3,4,3,1,1,3,"(4,5,1,3)",20,ASSEMBLE+INSPECT,CUT=24/80;ASSEMBLE+INSPECT=108/180,true
C4A3T1I2F0,4,3,1,2,0,"(4,5,2,0)",26,INSPECT,CUT=24/104;ASSEMBLE=72/130;INSPECT=36/52,false
C4A3T1I2F1,4,3,1,2,1,"(4,5,2,1)",23,ASSEMBLE+INSPECT,CUT=24/92;ASSEMBLE+INSPECT=108/184,true
C4A3T1I2F2,4,3,1,2,2,"(4,5,2,2)",20,ASSEMBLE+INSPECT,CUT=24/80;ASSEMBLE+INSPECT=108/180,true
C4A3T1I2F3,4,3,1,2,3,"(4,5,2,3)",20,ASSEMBLE+INSPECT,CUT=24/80;ASSEMBLE+INSPECT=108/200,true
C4A3T1I3F0,4,3,1,3,0,"(4,5,3,0)",23,ASSEMBLE,CUT=24/92;ASSEMBLE=72/115;INSPECT=36/69,false
C4A3T1I3F1,4,3,1,3,1,"(4,5,3,1)",20,ASSEMBLE+INSPECT,CUT=24/80;ASSEMBLE+INSPECT=108/180,true
C4A3T1I3F2,4,3,1,3,2,"(4,5,3,2)",20,ASSEMBLE+INSPECT,CUT=24/80;ASSEMBLE+INSPECT=108/200,true
C4A3T1I3F3,4,3,1,3,3,"(4,5,3,3)",17,ASSEMBLE+INSPECT,CUT=24/68;ASSEMBLE+INSPECT=108/187,true
C4A3T1I4F0,4,3,1,4,0,"(4,5,4,0)",23,ASSEMBLE,CUT=24/92;ASSEMBLE=72/115;INSPECT=36/92,false
C4A3T1I4F1,4,3,1,4,1,"(4,5,4,1)",20,ASSEMBLE+INSPECT,CUT=24/80;ASSEMBLE+INSPECT=108/200,true
C4A3T1I4F2,4,3,1,4,2,"(4,5,4,2)",19,ASSEMBLE+INSPECT,CUT=24/76;ASSEMBLE+INSPECT=108/209,true
C4A3T1I4F3,4,3,1,4,3,"(4,5,4,3)",17,ASSEMBLE+INSPECT,CUT=24/68;ASSEMBLE+INSPECT=108/204,true
C4A3T2I0F1,4,3,2,0,1,"(4,7,0,1)",44,ASSEMBLE+INSPECT,CUT=24/176;ASSEMBLE+INSPECT=108/352,true
C4A3T2I0F2,4,3,2,0,2,"(4,7,0,2)",26,ASSEMBLE+INSPECT,CUT=24/104;ASSEMBLE+INSPECT=108/234,true
C4A3T2I0F3,4,3,2,0,3,"(4,7,0,3)",20,ASSEMBLE+INSPECT,CUT=24/80;ASSEMBLE+INSPECT=108/200,true
C4A3T2I1F0,4,3,2,1,0,"(4,7,1,0)",44,INSPECT,CUT=24/176;ASSEMBLE=72/308;INSPECT=36/44,false
C4A3T2I1F1,4,3,2,1,1,"(4,7,1,1)",29,ASSEMBLE+INSPECT,CUT=24/116;ASSEMBLE+INSPECT=108/261,true
C4A3T2I1F2,4,3,2,1,2,"(4,7,1,2)",23,ASSEMBLE+INSPECT,CUT=24/92;ASSEMBLE+INSPECT=108/230,true
C4A3T2I1F3,4,3,2,1,3,"(4,7,1,3)",20,ASSEMBLE+INSPECT,CUT=24/80;ASSEMBLE+INSPECT=108/220,true
C4A3T2I2F0,4,3,2,2,0,"(4,7,2,0)",26,INSPECT,CUT=24/104;ASSEMBLE=72/182;INSPECT=36/52,false
C4A3T2I2F1,4,3,2,2,1,"(4,7,2,1)",23,ASSEMBLE+INSPECT,CUT=24/92;ASSEMBLE+INSPECT=108/230,true
C4A3T2I2F2,4,3,2,2,2,"(4,7,2,2)",20,ASSEMBLE+INSPECT,CUT=24/80;ASSEMBLE+INSPECT=108/220,true
C4A3T2I2F3,4,3,2,2,3,"(4,7,2,3)",20,ASSEMBLE+INSPECT,CUT=24/80;ASSEMBLE+INSPECT=108/240,true
C4A3T2I3F0,4,3,2,3,0,"(4,7,3,0)",20,INSPECT,CUT=24/80;ASSEMBLE=72/140;INSPECT=36/60,false
C4A3T2I3F1,4,3,2,3,1,"(4,7,3,1)",20,ASSEMBLE+INSPECT,CUT=24/80;ASSEMBLE+INSPECT=108/220,true
C4A3T2I3F2,4,3,2,3,2,"(4,7,3,2)",20,ASSEMBLE+INSPECT,CUT=24/80;ASSEMBLE+INSPECT=108/240,true
C4A3T2I3F3,4,3,2,3,3,"(4,7,3,3)",17,ASSEMBLE+INSPECT,CUT=24/68;ASSEMBLE+INSPECT=108/221,true
C4A3T2I4F0,4,3,2,4,0,"(4,7,4,0)",20,ASSEMBLE,CUT=24/80;ASSEMBLE=72/140;INSPECT=36/80,false
C4A3T2I4F1,4,3,2,4,1,"(4,7,4,1)",17,ASSEMBLE+INSPECT,CUT=24/68;ASSEMBLE+INSPECT=108/204,true
C4A3T2I4F2,4,3,2,4,2,"(4,7,4,2)",17,ASSEMBLE+INSPECT,CUT=24/68;ASSEMBLE+INSPECT=108/221,true
C4A3T2I4F3,4,3,2,4,3,"(4,7,4,3)",17,ASSEMBLE+INSPECT,CUT=24/68;ASSEMBLE+INSPECT=108/238,true
C4A3T3I0F1,4,3,3,0,1,"(4,9,0,1)",44,ASSEMBLE+INSPECT,CUT=24/176;ASSEMBLE+INSPECT=108/440,true
C4A3T3I0F2,4,3,3,0,2,"(4,9,0,2)",26,ASSEMBLE+INSPECT,CUT=24/104;ASSEMBLE+INSPECT=108/286,true
C4A3T3I0F3,4,3,3,0,3,"(4,9,0,3)",20,ASSEMBLE+INSPECT,CUT=24/80;ASSEMBLE+INSPECT=108/240,true
C4A3T3I1F0,4,3,3,1,0,"(4,9,1,0)",44,INSPECT,CUT=24/176;ASSEMBLE=72/396;INSPECT=36/44,false
C4A3T3I1F1,4,3,3,1,1,"(4,9,1,1)",29,ASSEMBLE+INSPECT,CUT=24/116;ASSEMBLE+INSPECT=108/319,true
C4A3T3I1F2,4,3,3,1,2,"(4,9,1,2)",23,ASSEMBLE+INSPECT,CUT=24/92;ASSEMBLE+INSPECT=108/276,true
C4A3T3I1F3,4,3,3,1,3,"(4,9,1,3)",17,ASSEMBLE+INSPECT,CUT=24/68;ASSEMBLE+INSPECT=108/221,true
C4A3T3I2F0,4,3,3,2,0,"(4,9,2,0)",26,INSPECT,CUT=24/104;ASSEMBLE=72/234;INSPECT=36/52,false
C4A3T3I2F1,4,3,3,2,1,"(4,9,2,1)",23,ASSEMBLE+INSPECT,CUT=24/92;ASSEMBLE+INSPECT=108/276,true
C4A3T3I2F2,4,3,3,2,2,"(4,9,2,2)",20,ASSEMBLE+INSPECT,CUT=24/80;ASSEMBLE+INSPECT=108/260,true
C4A3T3I2F3,4,3,3,2,3,"(4,9,2,3)",17,ASSEMBLE+INSPECT,CUT=24/68;ASSEMBLE+INSPECT=108/238,true
C4A3T3I3F0,4,3,3,3,0,"(4,9,3,0)",20,INSPECT,CUT=24/80;ASSEMBLE=72/180;INSPECT=36/60,false
C4A3T3I3F1,4,3,3,3,1,"(4,9,3,1)",20,ASSEMBLE+INSPECT,CUT=24/80;ASSEMBLE+INSPECT=108/260,true
C4A3T3I3F2,4,3,3,3,2,"(4,9,3,2)",17,ASSEMBLE+INSPECT,CUT=24/68;ASSEMBLE+INSPECT=108/238,true
C4A3T3I3F3,4,3,3,3,3,"(4,9,3,3)",16,ASSEMBLE+INSPECT,CUT=24/64;ASSEMBLE+INSPECT=108/240,true
C4A3T3I4F0,4,3,3,4,0,"(4,9,4,0)",17,INSPECT,CUT=24/68;ASSEMBLE=72/153;INSPECT=36/68,false
C4A3T3I4F1,4,3,3,4,1,"(4,9,4,1)",17,ASSEMBLE+INSPECT,CUT=24/68;ASSEMBLE+INSPECT=108/238,true
C4A3T3I4F2,4,3,3,4,2,"(4,9,4,2)",17,ASSEMBLE+INSPECT,CUT=24/68;ASSEMBLE+INSPECT=108/255,true
C4A3T3I4F3,4,3,3,4,3,"(4,9,4,3)",16,ASSEMBLE+INSPECT,CUT=24/64;ASSEMBLE+INSPECT=108/256,true
C4A4T0I0F1,4,4,0,0,1,"(4,4,0,1)",44,ASSEMBLE+INSPECT,CUT=24/176;ASSEMBLE+INSPECT=108/220,true
C4A4T0I0F2,4,4,0,0,2,"(4,4,0,2)",32,ASSEMBLE+INSPECT,CUT=24/128;ASSEMBLE+INSPECT=108/192,true
C4A4T0I0F3,4,4,0,0,3,"(4,4,0,3)",23,ASSEMBLE+INSPECT,CUT=24/92;ASSEMBLE+INSPECT=108/161,true
C4A4T0I1F0,4,4,0,1,0,"(4,4,1,0)",44,INSPECT,CUT=24/176;ASSEMBLE=72/176;INSPECT=36/44,false
C4A4T0I1F1,4,4,0,1,1,"(4,4,1,1)",29,ASSEMBLE+INSPECT,CUT=24/116;ASSEMBLE+INSPECT=108/174,true
C4A4T0I1F2,4,4,0,1,2,"(4,4,1,2)",26,ASSEMBLE+INSPECT,CUT=24/104;ASSEMBLE+INSPECT=108/182,true
C4A4T0I1F3,4,4,0,1,3,"(4,4,1,3)",20,ASSEMBLE+INSPECT,CUT=24/80;ASSEMBLE+INSPECT=108/160,true
C4A4T0I2F0,4,4,0,2,0,"(4,4,2,0)",26,ASSEMBLE|INSPECT,CUT=24/104;ASSEMBLE=72/104;INSPECT=36/52,false
C4A4T0I2F1,4,4,0,2,1,"(4,4,2,1)",23,ASSEMBLE+INSPECT,CUT=24/92;ASSEMBLE+INSPECT=108/161,true
C4A4T0I2F2,4,4,0,2,2,"(4,4,2,2)",20,ASSEMBLE+INSPECT,CUT=24/80;ASSEMBLE+INSPECT=108/160,true
C4A4T0I2F3,4,4,0,2,3,"(4,4,2,3)",20,ASSEMBLE+INSPECT,CUT=24/80;ASSEMBLE+INSPECT=108/180,true
C4A4T0I3F0,4,4,0,3,0,"(4,4,3,0)",26,ASSEMBLE,CUT=24/104;ASSEMBLE=72/104;INSPECT=36/78,false
C4A4T0I3F1,4,4,0,3,1,"(4,4,3,1)",23,ASSEMBLE+INSPECT,CUT=24/92;ASSEMBLE+INSPECT=108/184,true
C4A4T0I3F2,4,4,0,3,2,"(4,4,3,2)",20,ASSEMBLE+INSPECT,CUT=24/80;ASSEMBLE+INSPECT=108/180,true
C4A4T0I3F3,4,4,0,3,3,"(4,4,3,3)",19,ASSEMBLE+INSPECT,CUT=24/76;ASSEMBLE+INSPECT=108/190,true
C4A4T0I4F0,4,4,0,4,0,"(4,4,4,0)",23,ASSEMBLE,CUT=24/92;ASSEMBLE=72/92;INSPECT=36/92,false
C4A4T0I4F1,4,4,0,4,1,"(4,4,4,1)",23,ASSEMBLE+INSPECT,CUT=24/92;ASSEMBLE+INSPECT=108/207,true
C4A4T0I4F2,4,4,0,4,2,"(4,4,4,2)",19,ASSEMBLE+INSPECT,CUT=24/76;ASSEMBLE+INSPECT=108/190,true
C4A4T0I4F3,4,4,0,4,3,"(4,4,4,3)",19,ASSEMBLE+INSPECT,CUT=24/76;ASSEMBLE+INSPECT=108/209,true
C4A4T1I0F1,4,4,1,0,1,"(4,6,0,1)",44,ASSEMBLE+INSPECT,CUT=24/176;ASSEMBLE+INSPECT=108/308,true
C4A4T1I0F2,4,4,1,0,2,"(4,6,0,2)",26,ASSEMBLE+INSPECT,CUT=24/104;ASSEMBLE+INSPECT=108/208,true
C4A4T1I0F3,4,4,1,0,3,"(4,6,0,3)",20,ASSEMBLE+INSPECT,CUT=24/80;ASSEMBLE+INSPECT=108/180,true
C4A4T1I1F0,4,4,1,1,0,"(4,6,1,0)",44,INSPECT,CUT=24/176;ASSEMBLE=72/264;INSPECT=36/44,false
C4A4T1I1F1,4,4,1,1,1,"(4,6,1,1)",29,ASSEMBLE+INSPECT,CUT=24/116;ASSEMBLE+INSPECT=108/232,true
C4A4T1I1F2,4,4,1,1,2,"(4,6,1,2)",23,ASSEMBLE+INSPECT,CUT=24/92;ASSEMBLE+INSPECT=108/207,true
C4A4T1I1F3,4,4,1,1,3,"(4,6,1,3)",20,ASSEMBLE+INSPECT,CUT=24/80;ASSEMBLE+INSPECT=108/200,true
C4A4T1I2F0,4,4,1,2,0,"(4,6,2,0)",26,INSPECT,CUT=24/104;ASSEMBLE=72/156;INSPECT=36/52,false
C4A4T1I2F1,4,4,1,2,1,"(4,6,2,1)",23,ASSEMBLE+INSPECT,CUT=24/92;ASSEMBLE+INSPECT=108/207,true
C4A4T1I2F2,4,4,1,2,2,"(4,6,2,2)",20,ASSEMBLE+INSPECT,CUT=24/80;ASSEMBLE+INSPECT=108/200,true
C4A4T1I2F3,4,4,1,2,3,"(4,6,2,3)",20,ASSEMBLE+INSPECT,CUT=24/80;ASSEMBLE+INSPECT=108/220,true
C4A4T1I3F0,4,4,1,3,0,"(4,6,3,0)",20,ASSEMBLE|INSPECT,CUT=24/80;ASSEMBLE=72/120;INSPECT=36/60,false
C4A4T1I3F1,4,4,1,3,1,"(4,6,3,1)",20,ASSEMBLE+INSPECT,CUT=24/80;ASSEMBLE+INSPECT=108/200,true
C4A4T1I3F2,4,4,1,3,2,"(4,6,3,2)",20,ASSEMBLE+INSPECT,CUT=24/80;ASSEMBLE+INSPECT=108/220,true
C4A4T1I3F3,4,4,1,3,3,"(4,6,3,3)",17,ASSEMBLE+INSPECT,CUT=24/68;ASSEMBLE+INSPECT=108/204,true
C4A4T1I4F0,4,4,1,4,0,"(4,6,4,0)",20,ASSEMBLE,CUT=24/80;ASSEMBLE=72/120;INSPECT=36/80,false
C4A4T1I4F1,4,4,1,4,1,"(4,6,4,1)",19,ASSEMBLE+INSPECT,CUT=24/76;ASSEMBLE+INSPECT=108/209,true
C4A4T1I4F2,4,4,1,4,2,"(4,6,4,2)",17,ASSEMBLE+INSPECT,CUT=24/68;ASSEMBLE+INSPECT=108/204,true
C4A4T1I4F3,4,4,1,4,3,"(4,6,4,3)",17,ASSEMBLE+INSPECT,CUT=24/68;ASSEMBLE+INSPECT=108/221,true
C4A4T2I0F1,4,4,2,0,1,"(4,8,0,1)",44,ASSEMBLE+INSPECT,CUT=24/176;ASSEMBLE+INSPECT=108/396,true
C4A4T2I0F2,4,4,2,0,2,"(4,8,0,2)",26,ASSEMBLE+INSPECT,CUT=24/104;ASSEMBLE+INSPECT=108/260,true
C4A4T2I0F3,4,4,2,0,3,"(4,8,0,3)",20,ASSEMBLE+INSPECT,CUT=24/80;ASSEMBLE+INSPECT=108/220,true
C4A4T2I1F0,4,4,2,1,0,"(4,8,1,0)",44,INSPECT,CUT=24/176;ASSEMBLE=72/352;INSPECT=36/44,false
C4A4T2I1F1,4,4,2,1,1,"(4,8,1,1)",29,ASSEMBLE+INSPECT,CUT=24/116;ASSEMBLE+INSPECT=108/290,true
C4A4T2I1F2,4,4,2,1,2,"(4,8,1,2)",23,ASSEMBLE+INSPECT,CUT=24/92;ASSEMBLE+INSPECT=108/253,true
C4A4T2I1F3,4,4,2,1,3,"(4,8,1,3)",20,ASSEMBLE+INSPECT,CUT=24/80;ASSEMBLE+INSPECT=108/240,true
C4A4T2I2F0,4,4,2,2,0,"(4,8,2,0)",26,INSPECT,CUT=24/104;ASSEMBLE=72/208;INSPECT=36/52,false
C4A4T2I2F1,4,4,2,2,1,"(4,8,2,1)",23,ASSEMBLE+INSPECT,CUT=24/92;ASSEMBLE+INSPECT=108/253,true
C4A4T2I2F2,4,4,2,2,2,"(4,8,2,2)",20,ASSEMBLE+INSPECT,CUT=24/80;ASSEMBLE+INSPECT=108/240,true
C4A4T2I2F3,4,4,2,2,3,"(4,8,2,3)",17,ASSEMBLE+INSPECT,CUT=24/68;ASSEMBLE+INSPECT=108/221,true
C4A4T2I3F0,4,4,2,3,0,"(4,8,3,0)",20,INSPECT,CUT=24/80;ASSEMBLE=72/160;INSPECT=36/60,false
C4A4T2I3F1,4,4,2,3,1,"(4,8,3,1)",20,ASSEMBLE+INSPECT,CUT=24/80;ASSEMBLE+INSPECT=108/240,true
C4A4T2I3F2,4,4,2,3,2,"(4,8,3,2)",20,ASSEMBLE+INSPECT,CUT=24/80;ASSEMBLE+INSPECT=108/260,true
C4A4T2I3F3,4,4,2,3,3,"(4,8,3,3)",17,ASSEMBLE+INSPECT,CUT=24/68;ASSEMBLE+INSPECT=108/238,true
C4A4T2I4F0,4,4,2,4,0,"(4,8,4,0)",17,ASSEMBLE|INSPECT,CUT=24/68;ASSEMBLE=72/136;INSPECT=36/68,false
C4A4T2I4F1,4,4,2,4,1,"(4,8,4,1)",17,ASSEMBLE+INSPECT,CUT=24/68;ASSEMBLE+INSPECT=108/221,true
C4A4T2I4F2,4,4,2,4,2,"(4,8,4,2)",17,ASSEMBLE+INSPECT,CUT=24/68;ASSEMBLE+INSPECT=108/238,true
C4A4T2I4F3,4,4,2,4,3,"(4,8,4,3)",17,ASSEMBLE+INSPECT,CUT=24/68;ASSEMBLE+INSPECT=108/255,true
C4A4T3I0F1,4,4,3,0,1,"(4,10,0,1)",44,ASSEMBLE+INSPECT,CUT=24/176;ASSEMBLE+INSPECT=108/484,true
C4A4T3I0F2,4,4,3,0,2,"(4,10,0,2)",26,ASSEMBLE+INSPECT,CUT=24/104;ASSEMBLE+INSPECT=108/312,true
C4A4T3I0F3,4,4,3,0,3,"(4,10,0,3)",20,ASSEMBLE+INSPECT,CUT=24/80;ASSEMBLE+INSPECT=108/260,true
C4A4T3I1F0,4,4,3,1,0,"(4,10,1,0)",44,INSPECT,CUT=24/176;ASSEMBLE=72/440;INSPECT=36/44,false
C4A4T3I1F1,4,4,3,1,1,"(4,10,1,1)",29,ASSEMBLE+INSPECT,CUT=24/116;ASSEMBLE+INSPECT=108/348,true
C4A4T3I1F2,4,4,3,1,2,"(4,10,1,2)",20,ASSEMBLE+INSPECT,CUT=24/80;ASSEMBLE+INSPECT=108/260,true
C4A4T3I1F3,4,4,3,1,3,"(4,10,1,3)",17,ASSEMBLE+INSPECT,CUT=24/68;ASSEMBLE+INSPECT=108/238,true
C4A4T3I2F0,4,4,3,2,0,"(4,10,2,0)",26,INSPECT,CUT=24/104;ASSEMBLE=72/260;INSPECT=36/52,false
C4A4T3I2F1,4,4,3,2,1,"(4,10,2,1)",23,ASSEMBLE+INSPECT,CUT=24/92;ASSEMBLE+INSPECT=108/299,true
C4A4T3I2F2,4,4,3,2,2,"(4,10,2,2)",17,ASSEMBLE+INSPECT,CUT=24/68;ASSEMBLE+INSPECT=108/238,true
C4A4T3I2F3,4,4,3,2,3,"(4,10,2,3)",17,ASSEMBLE+INSPECT,CUT=24/68;ASSEMBLE+INSPECT=108/255,true
C4A4T3I3F0,4,4,3,3,0,"(4,10,3,0)",20,INSPECT,CUT=24/80;ASSEMBLE=72/200;INSPECT=36/60,false
C4A4T3I3F1,4,4,3,3,1,"(4,10,3,1)",20,ASSEMBLE+INSPECT,CUT=24/80;ASSEMBLE+INSPECT=108/280,true
C4A4T3I3F2,4,4,3,3,2,"(4,10,3,2)",17,ASSEMBLE+INSPECT,CUT=24/68;ASSEMBLE+INSPECT=108/255,true
C4A4T3I3F3,4,4,3,3,3,"(4,10,3,3)",16,ASSEMBLE+INSPECT,CUT=24/64;ASSEMBLE+INSPECT=108/256,true
C4A4T3I4F0,4,4,3,4,0,"(4,10,4,0)",17,INSPECT,CUT=24/68;ASSEMBLE=72/170;INSPECT=36/68,false
C4A4T3I4F1,4,4,3,4,1,"(4,10,4,1)",17,ASSEMBLE+INSPECT,CUT=24/68;ASSEMBLE+INSPECT=108/255,true
C4A4T3I4F2,4,4,3,4,2,"(4,10,4,2)",16,ASSEMBLE+INSPECT,CUT=24/64;ASSEMBLE+INSPECT=108/256,true
C4A4T3I4F3,4,4,3,4,3,"(4,10,4,3)",16,ASSEMBLE+INSPECT,CUT=24/64;ASSEMBLE+INSPECT=108/272,true
C4A5T0I0F1,4,5,0,0,1,"(4,5,0,1)",44,ASSEMBLE+INSPECT,CUT=24/176;ASSEMBLE+INSPECT=108/264,true
C4A5T0I0F2,4,5,0,0,2,"(4,5,0,2)",26,ASSEMBLE+INSPECT,CUT=24/104;ASSEMBLE+INSPECT=108/182,true
C4A5T0I0F3,4,5,0,0,3,"(4,5,0,3)",20,ASSEMBLE+INSPECT,CUT=24/80;ASSEMBLE+INSPECT=108/160,true
C4A5T0I1F0,4,5,0,1,0,"(4,5,1,0)",44,INSPECT,CUT=24/176;ASSEMBLE=72/220;INSPECT=36/44,false
C4A5T0I1F1,4,5,0,1,1,"(4,5,1,1)",29,ASSEMBLE+INSPECT,CUT=24/116;ASSEMBLE+INSPECT=108/203,true
C4A5T0I1F2,4,5,0,1,2,"(4,5,1,2)",23,ASSEMBLE+INSPECT,CUT=24/92;ASSEMBLE+INSPECT=108/184,true
C4A5T0I1F3,4,5,0,1,3,"(4,5,1,3)",20,ASSEMBLE+INSPECT,CUT=24/80;ASSEMBLE+INSPECT=108/180,true
C4A5T0I2F0,4,5,0,2,0,"(4,5,2,0)",26,INSPECT,CUT=24/104;ASSEMBLE=72/130;INSPECT=36/52,false
C4A5T0I2F1,4,5,0,2,1,"(4,5,2,1)",23,ASSEMBLE+INSPECT,CUT=24/92;ASSEMBLE+INSPECT=108/184,true
C4A5T0I2F2,4,5,0,2,2,"(4,5,2,2)",20,ASSEMBLE+INSPECT,CUT=24/80;ASSEMBLE+INSPECT=108/180,true
C4A5T0I2F3,4,5,0,2,3,"(4,5,2,3)",20,ASSEMBLE+INSPECT,CUT=24/80;ASSEMBLE+INSPECT=108/200,true
C4A5T0I3F0,4,5,0,3,0,"(4,5,3,0)",23,ASSEMBLE,CUT=24/92;ASSEMBLE=72/115;INSPECT=36/69,false
C4A5T0I3F1,4,5,0,3,1,"(4,5,3,1)",20,ASSEMBLE+INSPECT,CUT=24/80;ASSEMBLE+INSPECT=108/180,true
C4A5T0I3F2,4,5,0,3,2,"(4,5,3,2)",20,ASSEMBLE+INSPECT,CUT=24/80;ASSEMBLE+INSPECT=108/200,true
C4A5T0I3F3,4,5,0,3,3,"(4,5,3,3)",17,ASSEMBLE+INSPECT,CUT=24/68;ASSEMBLE+INSPECT=108/187,true
C4A5T0I4F0,4,5,0,4,0,"(4,5,4,0)",23,ASSEMBLE,CUT=24/92;ASSEMBLE=72/115;INSPECT=36/92,false
C4A5T0I4F1,4,5,0,4,1,"(4,5,4,1)",20,ASSEMBLE+INSPECT,CUT=24/80;ASSEMBLE+INSPECT=108/200,true
C4A5T0I4F2,4,5,0,4,2,"(4,5,4,2)",19,ASSEMBLE+INSPECT,CUT=24/76;ASSEMBLE+INSPECT=108/209,true
C4A5T0I4F3,4,5,0,4,3,"(4,5,4,3)",17,ASSEMBLE+INSPECT,CUT=24/68;ASSEMBLE+INSPECT=108/204,true
C4A5T1I0F1,4,5,1,0,1,"(4,7,0,1)",44,ASSEMBLE+INSPECT,CUT=24/176;ASSEMBLE+INSPECT=108/352,true
C4A5T1I0F2,4,5,1,0,2,"(4,7,0,2)",26,ASSEMBLE+INSPECT,CUT=24/104;ASSEMBLE+INSPECT=108/234,true
C4A5T1I0F3,4,5,1,0,3,"(4,7,0,3)",20,ASSEMBLE+INSPECT,CUT=24/80;ASSEMBLE+INSPECT=108/200,true
C4A5T1I1F0,4,5,1,1,0,"(4,7,1,0)",44,INSPECT,CUT=24/176;ASSEMBLE=72/308;INSPECT=36/44,false
C4A5T1I1F1,4,5,1,1,1,"(4,7,1,1)",29,ASSEMBLE+INSPECT,CUT=24/116;ASSEMBLE+INSPECT=108/261,true
C4A5T1I1F2,4,5,1,1,2,"(4,7,1,2)",23,ASSEMBLE+INSPECT,CUT=24/92;ASSEMBLE+INSPECT=108/230,true
C4A5T1I1F3,4,5,1,1,3,"(4,7,1,3)",20,ASSEMBLE+INSPECT,CUT=24/80;ASSEMBLE+INSPECT=108/220,true
C4A5T1I2F0,4,5,1,2,0,"(4,7,2,0)",26,INSPECT,CUT=24/104;ASSEMBLE=72/182;INSPECT=36/52,false
C4A5T1I2F1,4,5,1,2,1,"(4,7,2,1)",23,ASSEMBLE+INSPECT,CUT=24/92;ASSEMBLE+INSPECT=108/230,true
C4A5T1I2F2,4,5,1,2,2,"(4,7,2,2)",20,ASSEMBLE+INSPECT,CUT=24/80;ASSEMBLE+INSPECT=108/220,true
C4A5T1I2F3,4,5,1,2,3,"(4,7,2,3)",20,ASSEMBLE+INSPECT,CUT=24/80;ASSEMBLE+INSPECT=108/240,true
C4A5T1I3F0,4,5,1,3,0,"(4,7,3,0)",20,INSPECT,CUT=24/80;ASSEMBLE=72/140;INSPECT=36/60,false
C4A5T1I3F1,4,5,1,3,1,"(4,7,3,1)",20,ASSEMBLE+INSPECT,CUT=24/80;ASSEMBLE+INSPECT=108/220,true
C4A5T1I3F2,4,5,1,3,2,"(4,7,3,2)",20,ASSEMBLE+INSPECT,CUT=24/80;ASSEMBLE+INSPECT=108/240,true
C4A5T1I3F3,4,5,1,3,3,"(4,7,3,3)",17,ASSEMBLE+INSPECT,CUT=24/68;ASSEMBLE+INSPECT=108/221,true
C4A5T1I4F0,4,5,1,4,0,"(4,7,4,0)",20,ASSEMBLE,CUT=24/80;ASSEMBLE=72/140;INSPECT=36/80,false
C4A5T1I4F1,4,5,1,4,1,"(4,7,4,1)",17,ASSEMBLE+INSPECT,CUT=24/68;ASSEMBLE+INSPECT=108/204,true
C4A5T1I4F2,4,5,1,4,2,"(4,7,4,2)",17,ASSEMBLE+INSPECT,CUT=24/68;ASSEMBLE+INSPECT=108/221,true
C4A5T1I4F3,4,5,1,4,3,"(4,7,4,3)",17,ASSEMBLE+INSPECT,CUT=24/68;ASSEMBLE+INSPECT=108/238,true
C4A5T2I0F1,4,5,2,0,1,"(4,9,0,1)",44,ASSEMBLE+INSPECT,CUT=24/176;ASSEMBLE+INSPECT=108/440,true
C4A5T2I0F2,4,5,2,0,2,"(4,9,0,2)",26,ASSEMBLE+INSPECT,CUT=24/104;ASSEMBLE+INSPECT=108/286,true
C4A5T2I0F3,4,5,2,0,3,"(4,9,0,3)",20,ASSEMBLE+INSPECT,CUT=24/80;ASSEMBLE+INSPECT=108/240,true
C4A5T2I1F0,4,5,2,1,0,"(4,9,1,0)",44,INSPECT,CUT=24/176;ASSEMBLE=72/396;INSPECT=36/44,false
C4A5T2I1F1,4,5,2,1,1,"(4,9,1,1)",29,ASSEMBLE+INSPECT,CUT=24/116;ASSEMBLE+INSPECT=108/319,true
C4A5T2I1F2,4,5,2,1,2,"(4,9,1,2)",23,ASSEMBLE+INSPECT,CUT=24/92;ASSEMBLE+INSPECT=108/276,true
C4A5T2I1F3,4,5,2,1,3,"(4,9,1,3)",17,ASSEMBLE+INSPECT,CUT=24/68;ASSEMBLE+INSPECT=108/221,true
C4A5T2I2F0,4,5,2,2,0,"(4,9,2,0)",26,INSPECT,CUT=24/104;ASSEMBLE=72/234;INSPECT=36/52,false
C4A5T2I2F1,4,5,2,2,1,"(4,9,2,1)",23,ASSEMBLE+INSPECT,CUT=24/92;ASSEMBLE+INSPECT=108/276,true
C4A5T2I2F2,4,5,2,2,2,"(4,9,2,2)",20,ASSEMBLE+INSPECT,CUT=24/80;ASSEMBLE+INSPECT=108/260,true
C4A5T2I2F3,4,5,2,2,3,"(4,9,2,3)",17,ASSEMBLE+INSPECT,CUT=24/68;ASSEMBLE+INSPECT=108/238,true
C4A5T2I3F0,4,5,2,3,0,"(4,9,3,0)",20,INSPECT,CUT=24/80;ASSEMBLE=72/180;INSPECT=36/60,false
C4A5T2I3F1,4,5,2,3,1,"(4,9,3,1)",20,ASSEMBLE+INSPECT,CUT=24/80;ASSEMBLE+INSPECT=108/260,true
C4A5T2I3F2,4,5,2,3,2,"(4,9,3,2)",17,ASSEMBLE+INSPECT,CUT=24/68;ASSEMBLE+INSPECT=108/238,true
C4A5T2I3F3,4,5,2,3,3,"(4,9,3,3)",16,ASSEMBLE+INSPECT,CUT=24/64;ASSEMBLE+INSPECT=108/240,true
C4A5T2I4F0,4,5,2,4,0,"(4,9,4,0)",17,INSPECT,CUT=24/68;ASSEMBLE=72/153;INSPECT=36/68,false
C4A5T2I4F1,4,5,2,4,1,"(4,9,4,1)",17,ASSEMBLE+INSPECT,CUT=24/68;ASSEMBLE+INSPECT=108/238,true
C4A5T2I4F2,4,5,2,4,2,"(4,9,4,2)",17,ASSEMBLE+INSPECT,CUT=24/68;ASSEMBLE+INSPECT=108/255,true
C4A5T2I4F3,4,5,2,4,3,"(4,9,4,3)",16,ASSEMBLE+INSPECT,CUT=24/64;ASSEMBLE+INSPECT=108/256,true
C4A5T3I0F1,4,5,3,0,1,"(4,11,0,1)",44,ASSEMBLE+INSPECT,CUT=24/176;ASSEMBLE+INSPECT=108/528,true
C4A5T3I0F2,4,5,3,0,2,"(4,11,0,2)",26,ASSEMBLE+INSPECT,CUT=24/104;ASSEMBLE+INSPECT=108/338,true
C4A5T3I0F3,4,5,3,0,3,"(4,11,0,3)",20,ASSEMBLE+INSPECT,CUT=24/80;ASSEMBLE+INSPECT=108/280,true
C4A5T3I1F0,4,5,3,1,0,"(4,11,1,0)",44,INSPECT,CUT=24/176;ASSEMBLE=72/484;INSPECT=36/44,false
C4A5T3I1F1,4,5,3,1,1,"(4,11,1,1)",26,ASSEMBLE+INSPECT,CUT=24/104;ASSEMBLE+INSPECT=108/338,true
C4A5T3I1F2,4,5,3,1,2,"(4,11,1,2)",20,ASSEMBLE+INSPECT,CUT=24/80;ASSEMBLE+INSPECT=108/280,true
C4A5T3I1F3,4,5,3,1,3,"(4,11,1,3)",17,ASSEMBLE+INSPECT,CUT=24/68;ASSEMBLE+INSPECT=108/255,true
C4A5T3I2F0,4,5,3,2,0,"(4,11,2,0)",26,INSPECT,CUT=24/104;ASSEMBLE=72/286;INSPECT=36/52,false
C4A5T3I2F1,4,5,3,2,1,"(4,11,2,1)",20,ASSEMBLE+INSPECT,CUT=24/80;ASSEMBLE+INSPECT=108/280,true
C4A5T3I2F2,4,5,3,2,2,"(4,11,2,2)",17,ASSEMBLE+INSPECT,CUT=24/68;ASSEMBLE+INSPECT=108/255,true
C4A5T3I2F3,4,5,3,2,3,"(4,11,2,3)",17,ASSEMBLE+INSPECT,CUT=24/68;ASSEMBLE+INSPECT=108/272,true
C4A5T3I3F0,4,5,3,3,0,"(4,11,3,0)",20,INSPECT,CUT=24/80;ASSEMBLE=72/220;INSPECT=36/60,false
C4A5T3I3F1,4,5,3,3,1,"(4,11,3,1)",17,ASSEMBLE+INSPECT,CUT=24/68;ASSEMBLE+INSPECT=108/255,true
C4A5T3I3F2,4,5,3,3,2,"(4,11,3,2)",17,ASSEMBLE+INSPECT,CUT=24/68;ASSEMBLE+INSPECT=108/272,true
C4A5T3I3F3,4,5,3,3,3,"(4,11,3,3)",16,ASSEMBLE+INSPECT,CUT=24/64;ASSEMBLE+INSPECT=108/272,true
C4A5T3I4F0,4,5,3,4,0,"(4,11,4,0)",17,INSPECT,CUT=24/68;ASSEMBLE=72/187;INSPECT=36/68,false
C4A5T3I4F1,4,5,3,4,1,"(4,11,4,1)",17,ASSEMBLE+INSPECT,CUT=24/68;ASSEMBLE+INSPECT=108/272,true
C4A5T3I4F2,4,5,3,4,2,"(4,11,4,2)",16,ASSEMBLE+INSPECT,CUT=24/64;ASSEMBLE+INSPECT=108/272,true
C4A5T3I4F3,4,5,3,4,3,"(4,11,4,3)",16,CUT|ASSEMBLE+INSPECT,CUT=24/64;ASSEMBLE+INSPECT=108/288,true
C4A6T0I0F1,4,6,0,0,1,"(4,6,0,1)",44,ASSEMBLE+INSPECT,CUT=24/176;ASSEMBLE+INSPECT=108/308,true
C4A6T0I0F2,4,6,0,0,2,"(4,6,0,2)",26,ASSEMBLE+INSPECT,CUT=24/104;ASSEMBLE+INSPECT=108/208,true
C4A6T0I0F3,4,6,0,0,3,"(4,6,0,3)",20,ASSEMBLE+INSPECT,CUT=24/80;ASSEMBLE+INSPECT=108/180,true
C4A6T0I1F0,4,6,0,1,0,"(4,6,1,0)",44,INSPECT,CUT=24/176;ASSEMBLE=72/264;INSPECT=36/44,false
C4A6T0I1F1,4,6,0,1,1,"(4,6,1,1)",29,ASSEMBLE+INSPECT,CUT=24/116;ASSEMBLE+INSPECT=108/232,true
C4A6T0I1F2,4,6,0,1,2,"(4,6,1,2)",23,ASSEMBLE+INSPECT,CUT=24/92;ASSEMBLE+INSPECT=108/207,true
C4A6T0I1F3,4,6,0,1,3,"(4,6,1,3)",20,ASSEMBLE+INSPECT,CUT=24/80;ASSEMBLE+INSPECT=108/200,true
C4A6T0I2F0,4,6,0,2,0,"(4,6,2,0)",26,INSPECT,CUT=24/104;ASSEMBLE=72/156;INSPECT=36/52,false
C4A6T0I2F1,4,6,0,2,1,"(4,6,2,1)",23,ASSEMBLE+INSPECT,CUT=24/92;ASSEMBLE+INSPECT=108/207,true
C4A6T0I2F2,4,6,0,2,2,"(4,6,2,2)",20,ASSEMBLE+INSPECT,CUT=24/80;ASSEMBLE+INSPECT=108/200,true
C4A6T0I2F3,4,6,0,2,3,"(4,6,2,3)",20,ASSEMBLE+INSPECT,CUT=24/80;ASSEMBLE+INSPECT=108/220,true
C4A6T0I3F0,4,6,0,3,0,"(4,6,3,0)",20,ASSEMBLE|INSPECT,CUT=24/80;ASSEMBLE=72/120;INSPECT=36/60,false
C4A6T0I3F1,4,6,0,3,1,"(4,6,3,1)",20,ASSEMBLE+INSPECT,CUT=24/80;ASSEMBLE+INSPECT=108/200,true
C4A6T0I3F2,4,6,0,3,2,"(4,6,3,2)",20,ASSEMBLE+INSPECT,CUT=24/80;ASSEMBLE+INSPECT=108/220,true
C4A6T0I3F3,4,6,0,3,3,"(4,6,3,3)",17,ASSEMBLE+INSPECT,CUT=24/68;ASSEMBLE+INSPECT=108/204,true
C4A6T0I4F0,4,6,0,4,0,"(4,6,4,0)",20,ASSEMBLE,CUT=24/80;ASSEMBLE=72/120;INSPECT=36/80,false
C4A6T0I4F1,4,6,0,4,1,"(4,6,4,1)",19,ASSEMBLE+INSPECT,CUT=24/76;ASSEMBLE+INSPECT=108/209,true
C4A6T0I4F2,4,6,0,4,2,"(4,6,4,2)",17,ASSEMBLE+INSPECT,CUT=24/68;ASSEMBLE+INSPECT=108/204,true
C4A6T0I4F3,4,6,0,4,3,"(4,6,4,3)",17,ASSEMBLE+INSPECT,CUT=24/68;ASSEMBLE+INSPECT=108/221,true
C4A6T1I0F1,4,6,1,0,1,"(4,8,0,1)",44,ASSEMBLE+INSPECT,CUT=24/176;ASSEMBLE+INSPECT=108/396,true
C4A6T1I0F2,4,6,1,0,2,"(4,8,0,2)",26,ASSEMBLE+INSPECT,CUT=24/104;ASSEMBLE+INSPECT=108/260,true
C4A6T1I0F3,4,6,1,0,3,"(4,8,0,3)",20,ASSEMBLE+INSPECT,CUT=24/80;ASSEMBLE+INSPECT=108/220,true
C4A6T1I1F0,4,6,1,1,0,"(4,8,1,0)",44,INSPECT,CUT=24/176;ASSEMBLE=72/352;INSPECT=36/44,false
C4A6T1I1F1,4,6,1,1,1,"(4,8,1,1)",29,ASSEMBLE+INSPECT,CUT=24/116;ASSEMBLE+INSPECT=108/290,true
C4A6T1I1F2,4,6,1,1,2,"(4,8,1,2)",23,ASSEMBLE+INSPECT,CUT=24/92;ASSEMBLE+INSPECT=108/253,true
C4A6T1I1F3,4,6,1,1,3,"(4,8,1,3)",20,ASSEMBLE+INSPECT,CUT=24/80;ASSEMBLE+INSPECT=108/240,true
C4A6T1I2F0,4,6,1,2,0,"(4,8,2,0)",26,INSPECT,CUT=24/104;ASSEMBLE=72/208;INSPECT=36/52,false
C4A6T1I2F1,4,6,1,2,1,"(4,8,2,1)",23,ASSEMBLE+INSPECT,CUT=24/92;ASSEMBLE+INSPECT=108/253,true
C4A6T1I2F2,4,6,1,2,2,"(4,8,2,2)",20,ASSEMBLE+INSPECT,CUT=24/80;ASSEMBLE+INSPECT=108/240,true
C4A6T1I2F3,4,6,1,2,3,"(4,8,2,3)",17,ASSEMBLE+INSPECT,CUT=24/68;ASSEMBLE+INSPECT=108/221,true
C4A6T1I3F0,4,6,1,3,0,"(4,8,3,0)",20,INSPECT,CUT=24/80;ASSEMBLE=72/160;INSPECT=36/60,false
C4A6T1I3F1,4,6,1,3,1,"(4,8,3,1)",20,ASSEMBLE+INSPECT,CUT=24/80;ASSEMBLE+INSPECT=108/240,true
C4A6T1I3F2,4,6,1,3,2,"(4,8,3,2)",20,ASSEMBLE+INSPECT,CUT=24/80;ASSEMBLE+INSPECT=108/260,true
C4A6T1I3F3,4,6,1,3,3,"(4,8,3,3)",17,ASSEMBLE+INSPECT,CUT=24/68;ASSEMBLE+INSPECT=108/238,true
C4A6T1I4F0,4,6,1,4,0,"(4,8,4,0)",17,ASSEMBLE|INSPECT,CUT=24/68;ASSEMBLE=72/136;INSPECT=36/68,false
C4A6T1I4F1,4,6,1,4,1,"(4,8,4,1)",17,ASSEMBLE+INSPECT,CUT=24/68;ASSEMBLE+INSPECT=108/221,true
C4A6T1I4F2,4,6,1,4,2,"(4,8,4,2)",17,ASSEMBLE+INSPECT,CUT=24/68;ASSEMBLE+INSPECT=108/238,true
C4A6T1I4F3,4,6,1,4,3,"(4,8,4,3)",17,ASSEMBLE+INSPECT,CUT=24/68;ASSEMBLE+INSPECT=108/255,true
C4A6T2I0F1,4,6,2,0,1,"(4,10,0,1)",44,ASSEMBLE+INSPECT,CUT=24/176;ASSEMBLE+INSPECT=108/484,true
C4A6T2I0F2,4,6,2,0,2,"(4,10,0,2)",26,ASSEMBLE+INSPECT,CUT=24/104;ASSEMBLE+INSPECT=108/312,true
C4A6T2I0F3,4,6,2,0,3,"(4,10,0,3)",20,ASSEMBLE+INSPECT,CUT=24/80;ASSEMBLE+INSPECT=108/260,true
C4A6T2I1F0,4,6,2,1,0,"(4,10,1,0)",44,INSPECT,CUT=24/176;ASSEMBLE=72/440;INSPECT=36/44,false
C4A6T2I1F1,4,6,2,1,1,"(4,10,1,1)",29,ASSEMBLE+INSPECT,CUT=24/116;ASSEMBLE+INSPECT=108/348,true
C4A6T2I1F2,4,6,2,1,2,"(4,10,1,2)",20,ASSEMBLE+INSPECT,CUT=24/80;ASSEMBLE+INSPECT=108/260,true
C4A6T2I1F3,4,6,2,1,3,"(4,10,1,3)",17,ASSEMBLE+INSPECT,CUT=24/68;ASSEMBLE+INSPECT=108/238,true
C4A6T2I2F0,4,6,2,2,0,"(4,10,2,0)",26,INSPECT,CUT=24/104;ASSEMBLE=72/260;INSPECT=36/52,false
C4A6T2I2F1,4,6,2,2,1,"(4,10,2,1)",23,ASSEMBLE+INSPECT,CUT=24/92;ASSEMBLE+INSPECT=108/299,true
C4A6T2I2F2,4,6,2,2,2,"(4,10,2,2)",17,ASSEMBLE+INSPECT,CUT=24/68;ASSEMBLE+INSPECT=108/238,true
C4A6T2I2F3,4,6,2,2,3,"(4,10,2,3)",17,ASSEMBLE+INSPECT,CUT=24/68;ASSEMBLE+INSPECT=108/255,true
C4A6T2I3F0,4,6,2,3,0,"(4,10,3,0)",20,INSPECT,CUT=24/80;ASSEMBLE=72/200;INSPECT=36/60,false
C4A6T2I3F1,4,6,2,3,1,"(4,10,3,1)",20,ASSEMBLE+INSPECT,CUT=24/80;ASSEMBLE+INSPECT=108/280,true
C4A6T2I3F2,4,6,2,3,2,"(4,10,3,2)",17,ASSEMBLE+INSPECT,CUT=24/68;ASSEMBLE+INSPECT=108/255,true
C4A6T2I3F3,4,6,2,3,3,"(4,10,3,3)",16,ASSEMBLE+INSPECT,CUT=24/64;ASSEMBLE+INSPECT=108/256,true
C4A6T2I4F0,4,6,2,4,0,"(4,10,4,0)",17,INSPECT,CUT=24/68;ASSEMBLE=72/170;INSPECT=36/68,false
C4A6T2I4F1,4,6,2,4,1,"(4,10,4,1)",17,ASSEMBLE+INSPECT,CUT=24/68;ASSEMBLE+INSPECT=108/255,true
C4A6T2I4F2,4,6,2,4,2,"(4,10,4,2)",16,ASSEMBLE+INSPECT,CUT=24/64;ASSEMBLE+INSPECT=108/256,true
C4A6T2I4F3,4,6,2,4,3,"(4,10,4,3)",16,ASSEMBLE+INSPECT,CUT=24/64;ASSEMBLE+INSPECT=108/272,true
C4A6T3I0F1,4,6,3,0,1,"(4,12,0,1)",44,ASSEMBLE+INSPECT,CUT=24/176;ASSEMBLE+INSPECT=108/572,true
C4A6T3I0F2,4,6,3,0,2,"(4,12,0,2)",26,ASSEMBLE+INSPECT,CUT=24/104;ASSEMBLE+INSPECT=108/364,true
C4A6T3I0F3,4,6,3,0,3,"(4,12,0,3)",20,ASSEMBLE+INSPECT,CUT=24/80;ASSEMBLE+INSPECT=108/300,true
C4A6T3I1F0,4,6,3,1,0,"(4,12,1,0)",44,INSPECT,CUT=24/176;ASSEMBLE=72/528;INSPECT=36/44,false
C4A6T3I1F1,4,6,3,1,1,"(4,12,1,1)",26,ASSEMBLE+INSPECT,CUT=24/104;ASSEMBLE+INSPECT=108/364,true
C4A6T3I1F2,4,6,3,1,2,"(4,12,1,2)",20,ASSEMBLE+INSPECT,CUT=24/80;ASSEMBLE+INSPECT=108/300,true
C4A6T3I1F3,4,6,3,1,3,"(4,12,1,3)",17,ASSEMBLE+INSPECT,CUT=24/68;ASSEMBLE+INSPECT=108/272,true
C4A6T3I2F0,4,6,3,2,0,"(4,12,2,0)",26,INSPECT,CUT=24/104;ASSEMBLE=72/312;INSPECT=36/52,false
C4A6T3I2F1,4,6,3,2,1,"(4,12,2,1)",20,ASSEMBLE+INSPECT,CUT=24/80;ASSEMBLE+INSPECT=108/300,true
C4A6T3I2F2,4,6,3,2,2,"(4,12,2,2)",17,ASSEMBLE+INSPECT,CUT=24/68;ASSEMBLE+INSPECT=108/272,true
C4A6T3I2F3,4,6,3,2,3,"(4,12,2,3)",17,ASSEMBLE+INSPECT,CUT=24/68;ASSEMBLE+INSPECT=108/289,true
C4A6T3I3F0,4,6,3,3,0,"(4,12,3,0)",20,INSPECT,CUT=24/80;ASSEMBLE=72/240;INSPECT=36/60,false
C4A6T3I3F1,4,6,3,3,1,"(4,12,3,1)",17,ASSEMBLE+INSPECT,CUT=24/68;ASSEMBLE+INSPECT=108/272,true
C4A6T3I3F2,4,6,3,3,2,"(4,12,3,2)",17,ASSEMBLE+INSPECT,CUT=24/68;ASSEMBLE+INSPECT=108/289,true
C4A6T3I3F3,4,6,3,3,3,"(4,12,3,3)",16,CUT|ASSEMBLE+INSPECT,CUT=24/64;ASSEMBLE+INSPECT=108/288,true
C4A6T3I4F0,4,6,3,4,0,"(4,12,4,0)",17,INSPECT,CUT=24/68;ASSEMBLE=72/204;INSPECT=36/68,false
C4A6T3I4F1,4,6,3,4,1,"(4,12,4,1)",17,ASSEMBLE+INSPECT,CUT=24/68;ASSEMBLE+INSPECT=108/289,true
C4A6T3I4F2,4,6,3,4,2,"(4,12,4,2)",16,CUT|ASSEMBLE+INSPECT,CUT=24/64;ASSEMBLE+INSPECT=108/288,true
C4A6T3I4F3,4,6,3,4,3,"(4,12,4,3)",16,CUT,CUT=24/64;ASSEMBLE+INSPECT=108/304,true
