design,cutters,assemblers,twins,inspectors,flex,provision,completion,active,occupancy,sharedDualUse
C1A0T0I0F1,1,0,0,0,1,"(1,0,0,1)",57,ASSEMBLE+INSPECT,CUT=18/57;ASSEMBLE+INSPECT=54/57,true
C1A0T0I0F2,1,0,0,0,2,"(1,0,0,2)",33,ASSEMBLE+INSPECT,CUT=18/33;ASSEMBLE+INSPECT=54/66,true
C1A0T0I0F3,1,0,0,0,3,"(1,0,0,3)",27,CUT|ASSEMBLE+INSPECT,CUT=18/27;ASSEMBLE+INSPECT=54/81,true
C1A0T0I1F1,1,0,0,1,1,"(1,0,1,1)",42,ASSEMBLE+INSPECT,CUT=18/42;ASSEMBLE+INSPECT=54/84,true
C1A0T0I1F2,1,0,0,1,2,"(1,0,1,2)",28,CUT|ASSEMBLE+INSPECT,CUT=18/28;ASSEMBLE+INSPECT=54/84,true
C1A0T0I1F3,1,0,0,1,3,"(1,0,1,3)",27,CUT,CUT=18/27;ASSEMBLE+INSPECT=54/108,true
C1A0T0I2F1,1,0,0,2,1,"(1,0,2,1)",32,CUT|ASSEMBLE+INSPECT,CUT=18/32;ASSEMBLE+INSPECT=54/96,true
C1A0T0I2F2,1,0,0,2,2,"(1,0,2,2)",28,CUT,CUT=18/28;ASSEMBLE+INSPECT=54/112,true
C1A0T0I2F3,1,0,0,2,3,"(1,0,2,3)",27,CUT,CUT=18/27;ASSEMBLE+INSPECT=54/135,true
C1A0T0I3F1,1,0,0,3,1,"(1,0,3,1)",32,CUT,CUT=18/32;ASSEMBLE+INSPECT=54/128,true
C1A0T0I3F2,1,0,0,3,2,"(1,0,3,2)",28,CUT,CUT=18/28;ASSEMBLE+INSPECT=54/140,true
C1A0T0I3F3,1,0,0,3,3,"(1,0,3,3)",27,CUT,CUT=18/27;ASSEMBLE+INSPECT=54/162,true
C1A0T0I4F1,1,0,0,4,1,"(1,0,4,1)",32,CUT,CUT=18/32;ASSEMBLE+INSPECT=54/160,true
C1A0T0I4F2,1,0,0,4,2,"(1,0,4,2)",28,CUT,CUT=18/28;ASSEMBLE+INSPECT=54/168,true
C1A0T0I4F3,1,0,0,4,3,"(1,0,4,3)",27,CUT,CUT=18/27;ASSEMBLE+INSPECT=54/189,true
C1A0T1I0F1,1,0,1,0,1,"(1,2,0,1)",37,CUT|ASSEMBLE+INSPECT,CUT=18/37;ASSEMBLE+INSPECT=54/111,true
C1A0T1I0F2,1,0,1,0,2,"(1,2,0,2)",27,CUT,CUT=18/27;ASSEMBLE+INSPECT=54/108,true
C1A0T1I0F3,1,0,1,0,3,"(1,2,0,3)",27,CUT,CUT=18/27;ASSEMBLE+INSPECT=54/135,true
C1A0T1I1F0,1,0,1,1,0,"(1,2,1,0)",37,INSPECT,CUT=18/37;ASSEMBLE=24/74;INSPECT=30/37,false
C1A0T1I1F1,1,0,1,1,1,"(1,2,1,1)",27,CUT,CUT=18/27;ASSEMBLE+INSPECT=54/108,true
C1A0T1I1F2,1,0,1,1,2,"(1,2,1,2)",27,CUT,CUT=18/27;ASSEMBLE+INSPECT=54/135,true
C1A0T1I1F3,1,0,1,1,3,"(1,2,1,3)",27,CUT,CUT=18/27;ASSEMBLE+INSPECT=54/162,true
C1A0T1I2F0,1,0,1,2,0,"(1,2,2,0)",27,CUT,CUT=18/27;ASSEMBLE=24/54;INSPECT=30/54,false
C1A0T1I2F1,1,0,1,2,1,"(1,2,2,1)",27,CUT,CUT=18/27;ASSEMBLE+INSPECT=54/135,true
C1A0T1I2F2,1,0,1,2,2,"(1,2,2,2)",27,CUT,CUT=18/27;ASSEMBLE+INSPECT=54/162,true
C1A0T1I2F3,1,0,1,2,3,"(1,2,2,3)",27,CUT,CUT=18/27;ASSEMBLE+INSPECT=54/189,true
C1A0T1I3F0,1,0,1,3,0,"(1,2,3,0)",27,CUT,CUT=18/27;ASSEMBLE=24/54;INSPECT=30/81,false
C1A0T1I3F1,1,0,1,3,1,"(1,2,3,1)",27,CUT,CUT=18/27;ASSEMBLE+INSPECT=54/162,true
C1A0T1I3F2,1,0,1,3,2,"(1,2,3,2)",27,CUT,CUT=18/27;ASSEMBLE+INSPECT=54/189,true
C1A0T1I3F3,1,0,1,3,3,"(1,2,3,3)",27,CUT,CUT=18/27;ASSEMBLE+INSPECT=54/216,true
C1A0T1I4F0,1,0,1,4,0,"(1,2,4,0)",27,CUT,CUT=18/27;ASSEMBLE=24/54;INSPECT=30/108,false
C1A0T1I4F1,1,0,1,4,1,"(1,2,4,1)",27,CUT,CUT=18/27;ASSEMBLE+INSPECT=54/189,true
C1A0T1I4F2,1,0,1,4,2,"(1,2,4,2)",27,CUT,CUT=18/27;ASSEMBLE+INSPECT=54/216,true
C1A0T1I4F3,1,0,1,4,3,"(1,2,4,3)",27,CUT,CUT=18/27;ASSEMBLE+INSPECT=54/243,true
C1A0T2I0F1,1,0,2,0,1,"(1,4,0,1)",37,CUT,CUT=18/37;ASSEMBLE+INSPECT=54/185,true
C1A0T2I0F2,1,0,2,0,2,"(1,4,0,2)",27,CUT,CUT=18/27;ASSEMBLE+INSPECT=54/162,true
C1A0T2I0F3,1,0,2,0,3,"(1,4,0,3)",27,CUT,CUT=18/27;ASSEMBLE+INSPECT=54/189,true
C1A0T2I1F0,1,0,2,1,0,"(1,4,1,0)",37,INSPECT,CUT=18/37;ASSEMBLE=24/148;INSPECT=30/37,false
C1A0T2I1F1,1,0,2,1,1,"(1,4,1,1)",27,CUT,CUT=18/27;ASSEMBLE+INSPECT=54/162,true
C1A0T2I1F2,1,0,2,1,2,"(1,4,1,2)",27,CUT,CUT=18/27;ASSEMBLE+INSPECT=54/189,true
C1A0T2I1F3,1,0,2,1,3,"(1,4,1,3)",27,CUT,CUT=18/27;ASSEMBLE+INSPECT=54/216,true
C1A0T2I2F0,1,0,2,2,0,"(1,4,2,0)",27,CUT,CUT=18/27;ASSEMBLE=24/108;INSPECT=30/54,false
C1A0T2I2F1,1,0,2,2,1,"(1,4,2,1)",27,CUT,CUT=18/27;ASSEMBLE+INSPECT=54/189,true
C1A0T2I2F2,1,0,2,2,2,"(1,4,2,2)",27,CUT,CUT=18/27;ASSEMBLE+INSPECT=54/216,true
C1A0T2I2F3,1,0,2,2,3,"(1,4,2,3)",27,CUT,CUT=18/27;ASSEMBLE+INSPECT=54/243,true
C1A0T2I3F0,1,0,2,3,0,"(1,4,3,0)",27,CUT,CUT=18/27;ASSEMBLE=24/108;INSPECT=30/81,false
C1A0T2I3F1,1,0,2,3,1,"(1,4,3,1)",27,CUT,CUT=18/27;ASSEMBLE+INSPECT=54/216,true
C1A0T2I3F2,1,0,2,3,2,"(1,4,3,2)",27,CUT,CUT=18/27;ASSEMBLE+INSPECT=54/243,true
C1A0T2I3F3,1,0,2,3,3,"(1,4,3,3)",27,CUT,CUT=18/27;ASSEMBLE+INSPECT=54/270,true
C1A0T2I4F0,1,0,2,4,0,"(1,4,4,0)",27,CUT,CUT=18/27;ASSEMBLE=24/108;INSPECT=30/108,false
C1A0T2I4F1,1,0,2,4,1,"(1,4,4,1)",27,CUT,CUT=18/27;ASSEMBLE+INSPECT=54/243,true
C1A0T2I4F2,1,0,2,4,2,"(1,4,4,2)",27,CUT,CUT=18/27;ASSEMBLE+INSPECT=54/270,true
C1A0T2I4F3,1,0,2,4,3,"(1,4,4,3)",27,CUT,CUT=18/27;ASSEMBLE+INSPECT=54/297,true
C1A0T3I0F1,1,0,3,0,1,"(1,6,0,1)",37,CUT,CUT=18/37;ASSEMBLE+INSPECT=54/259,true
C1A0T3I0F2,1,0,3,0,2,"(1,6,0,2)",27,CUT,CUT=18/27;ASSEMBLE+INSPECT=54/216,true
C1A0T3I0F3,1,0,3,0,3,"(1,6,0,3)",27,CUT,CUT=18/27;ASSEMBLE+INSPECT=54/243,true
C1A0T3I1F0,1,0,3,1,0,"(1,6,1,0)",37,INSPECT,CUT=18/37;ASSEMBLE=24/222;INSPECT=30/37,false
C1A0T3I1F1,1,0,3,1,1,"(1,6,1,1)",27,CUT,CUT=18/27;ASSEMBLE+INSPECT=54/216,true
C1A0T3I1F2,1,0,3,1,2,"(1,6,1,2)",27,CUT,CUT=18/27;ASSEMBLE+INSPECT=54/243,true
C1A0T3I1F3,1,0,3,1,3,"(1,6,1,3)",27,CUT,CUT=18/27;ASSEMBLE+INSPECT=54/270,true
C1A0T3I2F0,1,0,3,2,0,"(1,6,2,0)",27,CUT,CUT=18/27;ASSEMBLE=24/162;INSPECT=30/54,false
C1A0T3I2F1,1,0,3,2,1,"(1,6,2,1)",27,CUT,CUT=18/27;ASSEMBLE+INSPECT=54/243,true
C1A0T3I2F2,1,0,3,2,2,"(1,6,2,2)",27,CUT,CUT=18/27;ASSEMBLE+INSPECT=54/270,true
C1A0T3I2F3,1,0,3,2,3,"(1,6,2,3)",27,CUT,CUT=18/27;ASSEMBLE+INSPECT=54/297,true
C1A0T3I3F0,1,0,3,3,0,"(1,6,3,0)",27,CUT,CUT=18/27;ASSEMBLE=24/162;INSPECT=30/81,false
C1A0T3I3F1,1,0,3,3,1,"(1,6,3,1)",27,CUT,CUT=18/27;ASSEMBLE+INSPECT=54/270,true
C1A0T3I3F2,1,0,3,3,2,"(1,6,3,2)",27,CUT,CUT=18/27;ASSEMBLE+INSPECT=54/297,true
C1A0T3I3F3,1,0,3,3,3,"(1,6,3,3)",27,CUT,CUT=18/27;ASSEMBLE+INSPECT=54/324,true
C1A0T3I4F0,1,0,3,4,0,"(1,6,4,0)",27,CUT,CUT=18/27;ASSEMBLE=24/162;INSPECT=30/108,false
C1A0T3I4F1,1,0,3,4,1,"(1,6,4,1)",27,CUT,CUT=18/27;ASSEMBLE+INSPECT=54/297,true
C1A0T3I4F2,1,0,3,4,2,"(1,6,4,2)",27,CUT,CUT=18/27;ASSEMBLE+INSPECT=54/324,true
C1A0T3I4F3,1,0,3,4,3,"(1,6,4,3)",27,CUT,CUT=18/27;ASSEMBLE+INSPECT=54/351,true
C1A1T0I0F1,1,1,0,0,1,"(1,1,0,1)",37,ASSEMBLE+INSPECT,CUT=18/37;ASSEMBLE+INSPECT=54/74,true
C1A1T0I0F2,1,1,0,0,2,"(1,1,0,2)",28,CUT|ASSEMBLE+INSPECT,CUT=18/28;ASSEMBLE+INSPECT=54/84,true
C1A1T0I0F3,1,1,0,0,3,"(1,1,0,3)",27,CUT,CUT=18/27;ASSEMBLE+INSPECT=54/108,true
C1A1T0I1F0,1,1,0,1,0,"(1,1,1,0)",37,INSPECT,CUT=18/37;ASSEMBLE=24/37;INSPECT=30/37,false
C1A1T0I1F1,1,1,0,1,1,"(1,1,1,1)",28,CUT|ASSEMBLE+INSPECT,CUT=18/28;ASSEMBLE+INSPECT=54/84,true
C1A1T0I1F2,1,1,0,1,2,"(1,1,1,2)",27,CUT,CUT=18/27;ASSEMBLE+INSPECT=54/108,true
C1A1T0I1F3,1,1,0,1,3,"(1,1,1,3)",27,CUT,CUT=18/27;ASSEMBLE+INSPECT=54/135,true
C1A1T0I2F0,1,1,0,2,0,"(1,1,2,0)",32,ASSEMBLE,CUT=18/32;ASSEMBLE=24/32;INSPECT=30/64,false
C1A1T0I2F1,1,1,0,2,1,"(1,1,2,1)",28,CUT,CUT=18/28;ASSEMBLE+INSPECT=54/112,true
C1A1T0I2F2,1,1,0,2,2,"(1,1,2,2)",27,CUT,CUT=18/27;ASSEMBLE+INSPECT=54/135,true
C1A1T0I2F3,1,1,0,2,3,"(1,1,2,3)",27,CUT,CUT=18/27;ASSEMBLE+INSPECT=54/162,true
C1A1T0I3F0,1,1,0,3,0,"(1,1,3,0)",32,ASSEMBLE,CUT=18/32;ASSEMBLE=24/32;INSPECT=30/96,false
C1A1T0I3F1,1,1,0,3,1,"(1,1,3,1)",28,CUT,CUT=18/28;ASSEMBLE+INSPECT=54/140,true
C1A1T0I3F2,1,1,0,3,2,"(1,1,3,2)",27,CUT,CUT=18/27;ASSEMBLE+INSPECT=54/162,true
C1A1T0I3F3,1,1,0,3,3,"(1,1,3,3)",27,CUT,CUT=18/27;ASSEMBLE+INSPECT=54/189,true
C1A1T0I4F0,1,1,0,4,0,"(1,1,4,0)",32,ASSEMBLE,CUT=18/32;ASSEMBLE=24/32;INSPECT=30/128,false
C1A1T0I4F1,1,1,0,4,1,"(1,1,4,1)",28,CUT,CUT=18/28;ASSEMBLE+INSPECT=54/168,true
C1A1T0I4F2,1,1,0,4,2,"(1,1,4,2)",27,CUT,CUT=18/27;ASSEMBLE+INSPECT=54/189,true
C1A1T0I4F3,1,1,0,4,3,"(1,1,4,3)",27,CUT,CUT=18/27;ASSEMBLE+INSPECT=54/216,true
C1A1T1I0F1,1,1,1,0,1,"(1,3,0,1)",37,CUT,CUT=18/37;ASSEMBLE+INSPECT=54/148,true
C1A1T1I0F2,1,1,1,0,2,"(1,3,0,2)",27,CUT,CUT=18/27;ASSEMBLE+INSPECT=54/135,true
C1A1T1I0F3,1,1,1,0,3,"(1,3,0,3)",27,CUT,CUT=18/27;ASSEMBLE+INSPECT=54/162,true
C1A1T1I1F0,1,1,1,1,0,"(1,3,1,0)",37,INSPECT,CUT=18/37;ASSEMBLE=24/111;INSPECT=30/37,false
C1A1T1I1F1,1,1,1,1,1,"(1,3,1,1)",27,CUT,CUT=18/27;ASSEMBLE+INSPECT=54/135,true
C1A1T1I1F2,1,1,1,1,2,"(1,3,1,2)",27,CUT,CUT=18/27;ASSEMBLE+INSPECT=54/162,true
C1A1T1I1F3,1,1,1,1,3,"(1,3,1,3)",27,CUT,CUT=18/27;ASSEMBLE+INSPECT=54/189,true
C1A1T1I2F0,1,1,1,2,0,"(1,3,2,0)",27,CUT,CUT=18/27;ASSEMBLE=24/81;INSPECT=30/54,false
C1A1T1I2F1,1,1,1,2,1,"(1,3,2,1)",27,CUT,CUT=18/27;ASSEMBLE+INSPECT=54/162,true
C1A1T1I2F2,1,1,1,2,2,"(1,3,2,2)",27,CUT,CUT=18/27;ASSEMBLE+INSPECT=54/189,true
C1A1T1I2F3,1,1,1,2,3,"(1,3,2,3)",27,CUT,CUT=18/27;ASSEMBLE+INSPECT=54/216,true
C1A1T1I3F0,1,1,1,3,0,"(1,3,3,0)",27,CUT,CUT=18/27;ASSEMBLE=24/81;INSPECT=30/81,false
C1A1T1I3F1,1,1,1,3,1,"(1,3,3,1)",27,CUT,CUT=18/27;ASSEMBLE+INSPECT=54/189,true
C1A1T1I3F2,1,1,1,3,2,"(1,3,3,2)",27,CUT,CUT=18/27;ASSEMBLE+INSPECT=54/216,true
C1A1T1I3F3,1,1,1,3,3,"(1,3,3,3)",27,CUT,CUT=18/27;ASSEMBLE+INSPECT=54/243,true
C1A1T1I4F0,1,1,1,4,0,"(1,3,4,0)",27,CUT,CUT=18/27;ASSEMBLE=24/81;INSPECT=30/108,false
C1A1T1I4F1,1,1,1,4,1,"(1,3,4,1)",27,CUT,CUT=18/27;ASSEMBLE+INSPECT=54/216,true
C1A1T1I4F2,1,1,1,4,2,"(1,3,4,2)",27,CUT,CUT=18/27;ASSEMBLE+INSPECT=54/243,true
C1A1T1I4F3,1,1,1,4,3,"(1,3,4,3)",27,CUT,CUT=18/27;ASSEMBLE+INSPECT=54/270,true
C1A1T2I0F1,1,1,2,0,1,"(1,5,0,1)",37,CUT,CUT=18/37;ASSEMBLE+INSPECT=54/222,true
C1A1T2I0F2,1,1,2,0,2,"(1,5,0,2)",27,CUT,CUT=18/27;ASSEMBLE+INSPECT=54/189,true
C1A1T2I0F3,1,1,2,0,3,"(1,5,0,3)",27,CUT,CUT=18/27;ASSEMBLE+INSPECT=54/216,true
C1A1T2I1F0,1,1,2,1,0,"(1,5,1,0)",37,INSPECT,CUT=18/37;ASSEMBLE=24/185;INSPECT=30/37,false
C1A1T2I1F1,1,1,2,1,1,"(1,5,1,1)",27,CUT,CUT=18/27;ASSEMBLE+INSPECT=54/189,true
C1A1T2I1F2,1,1,2,1,2,"(1,5,1,2)",27,CUT,CUT=18/27;ASSEMBLE+INSPECT=54/216,true
C1A1T2I1F3,1,1,2,1,3,"(1,5,1,3)",27,CUT,CUT=18/27;ASSEMBLE+INSPECT=54/243,true
C1A1T2I2F0,1,1,2,2,0,"(1,5,2,0)",27,CUT,CUT=18/27;ASSEMBLE=24/135;INSPECT=30/54,false
C1A1T2I2F1,1,1,2,2,1,"(1,5,2,1)",27,CUT,CUT=18/27;ASSEMBLE+INSPECT=54/216,true
C1A1T2I2F2,1,1,2,2,2,"(1,5,2,2)",27,CUT,CUT=18/27;ASSEMBLE+INSPECT=54/243,true
C1A1T2I2F3,1,1,2,2,3,"(1,5,2,3)",27,CUT,CUT=18/27;ASSEMBLE+INSPECT=54/270,true
C1A1T2I3F0,1,1,2,3,0,"(1,5,3,0)",27,CUT,CUT=18/27;ASSEMBLE=24/135;INSPECT=30/81,false
C1A1T2I3F1,1,1,2,3,1,"(1,5,3,1)",27,CUT,CUT=18/27;ASSEMBLE+INSPECT=54/243,true
C1A1T2I3F2,1,1,2,3,2,"(1,5,3,2)",27,CUT,CUT=18/27;ASSEMBLE+INSPECT=54/270,true
C1A1T2I3F3,1,1,2,3,3,"(1,5,3,3)",27,CUT,CUT=18/27;ASSEMBLE+INSPECT=54/297,true
C1A1T2I4F0,1,1,2,4,0,"(1,5,4,0)",27,CUT,CUT=18/27;ASSEMBLE=24/135;INSPECT=30/108,false
C1A1T2I4F1,1,1,2,4,1,"(1,5,4,1)",27,CUT,CUT=18/27;ASSEMBLE+INSPECT=54/270,true
C1A1T2I4F2,1,1,2,4,2,"(1,5,4,2)",27,CUT,CUT=18/27;ASSEMBLE+INSPECT=54/297,true
C1A1T2I4F3,1,1,2,4,3,"(1,5,4,3)",27,CUT,CUT=18/27;ASSEMBLE+INSPECT=54/324,true
C1A1T3I0F1,1,1,3,0,1,"(1,7,0,1)",37,CUT,CUT=18/37;ASSEMBLE+INSPECT=54/296,true
C1A1T3I0F2,1,1,3,0,2,"(1,7,0,2)",27,CUT,CUT=18/27;ASSEMBLE+INSPECT=54/243,true
C1A1T3I0F3,1,1,3,0,3,"(1,7,0,3)",27,CUT,CUT=18/27;ASSEMBLE+INSPECT=54/270,true
C1A1T3I1F0,1,1,3,1,0,"(1,7,1,0)",37,INSPECT,CUT=18/37;ASSEMBLE=24/259;INSPECT=30/37,false
C1A1T3I1F1,1,1,3,1,1,"(1,7,1,1)",27,CUT,CUT=18/27;ASSEMBLE+INSPECT=54/243,true
C1A1T3I1F2,1,1,3,1,2,"(1,7,1,2)",27,CUT,CUT=18/27;ASSEMBLE+INSPECT=54/270,true
C1A1T3I1F3,1,1,3,1,3,"(1,7,1,3)",27,CUT,CUT=18/27;ASSEMBLE+INSPECT=54/297,true
C1A1T3I2F0,1,1,3,2,0,"(1,7,2,0)",27,CUT,CUT=18/27;ASSEMBLE=24/189;INSPECT=30/54,false
C1A1T3I2F1,1,1,3,2,1,"(1,7,2,1)",27,CUT,CUT=18/27;ASSEMBLE+INSPECT=54/270,true
C1A1T3I2F2,1,1,3,2,2,"(1,7,2,2)",27,CUT,CUT=18/27;ASSEMBLE+INSPECT=54/297,true
C1A1T3I2F3,1,1,3,2,3,"(1,7,2,3)",27,CUT,CUT=18/27;ASSEMBLE+INSPECT=54/324,true
C1A1T3I3F0,1,1,3,3,0,"(1,7,3,0)",27,CUT,CUT=18/27;ASSEMBLE=24/189;INSPECT=30/81,false
C1A1T3I3F1,1,1,3,3,1,"(1,7,3,1)",27,CUT,CUT=18/27;ASSEMBLE+INSPECT=54/297,true
C1A1T3I3F2,1,1,3,3,2,"(1,7,3,2)",27,CUT,CUT=18/27;ASSEMBLE+INSPECT=54/324,true
C1A1T3I3F3,1,1,3,3,3,"(1,7,3,3)",27,CUT,CUT=18/27;ASSEMBLE+INSPECT=54/351,true
C1A1T3I4F0,1,1,3,4,0,"(1,7,4,0)",27,CUT,CUT=18/27;ASSEMBLE=24/189;INSPECT=30/108,false
C1A1T3I4F1,1,1,3,4,1,"(1,7,4,1)",27,CUT,CUT=18/27;ASSEMBLE+INSPECT=54/324,true
C1A1T3I4F2,1,1,3,4,2,"(1,7,4,2)",27,CUT,CUT=18/27;ASSEMBLE+INSPECT=54/351,true
C1A1T3I4F3,1,1,3,4,3,"(1,7,4,3)",27,CUT,CUT=18/27;ASSEMBLE+INSPECT=54/378,true
C1A2T0I0F1,1,2,0,0,1,"(1,2,0,1)",37,CUT|ASSEMBLE+INSPECT,CUT=18/37;ASSEMBLE+INSPECT=54/111,true
C1A2T0I0F2,1,2,0,0,2,"(1,2,0,2)",27,CUT,CUT=18/27;ASSEMBLE+INSPECT=54/108,true
C1A2T0I0F3,1,2,0,0,3,"(1,2,0,3)",27,CUT,CUT=18/27;ASSEMBLE+INSPECT=54/135,true
C1A2T0I1F0,1,2,0,1,0,"(1,2,1,0)",37,INSPECT,CUT=18/37;ASSEMBLE=24/74;INSPECT=30/37,false
C1A2T0I1F1,1,2,0,1,1,"(1,2,1,1)",27,CUT,CUT=18/27;ASSEMBLE+INSPECT=54/108,true
C1A2T0I1F2,1,2,0,1,2,"(1,2,1,2)",27,CUT,CUT=18/27;ASSEMBLE+INSPECT=54/135,true
C1A2T0I1F3,1,2,0,1,3,"(1,2,1,3)",27,CUT,CUT=18/27;ASSEMBLE+INSPECT=54/162,true
C1A2T0I2F0,1,2,0,2,0,"(1,2,2,0)",27,CUT,CUT=18/27;ASSEMBLE=24/54;INSPECT=30/54,false
C1A2T0I2F1,1,2,0,2,1,"(1,2,2,1)",27,CUT,CUT=18/27;ASSEMBLE+INSPECT=54/135,true
C1A2T0I2F2,1,2,0,2,2,"(1,2,2,2)",27,CUT,CUT=18/27;ASSEMBLE+INSPECT=54/162,true
C1A2T0I2F3,1,2,0,2,3,"(1,2,2,3)",27,CUT,CUT=18/27;ASSEMBLE+INSPECT=54/189,true
C1A2T0I3F0,1,2,0,3,0,"(1,2,3,0)",27,CUT,CUT=18/27;ASSEMBLE=24/54;INSPECT=30/81,false
C1A2T0I3F1,1,2,0,3,1,"(1,2,3,1)",27,CUT,CUT=18/27;ASSEMBLE+INSPECT=54/162,true
C1A2T0I3F2,1,2,0,3,2,"(1,2,3,2)",27,CUT,CUT=18/27;ASSEMBLE+INSPECT=54/189,true
C1A2T0I3F3,1,2,0,3,3,"(1,2,3,3)",27,CUT,CUT=18/27;ASSEMBLE+INSPECT=54/216,true
C1A2T0I4F0,1,2,0,4,0,"(1,2,4,0)",27,CUT,CUT=18/27;ASSEMBLE=24/54;INSPECT=30/108,false
C1A2T0I4F1,1,2,0,4,1,"(1,2,4,1)",27,CUT,CUT=18/27;ASSEMBLE+INSPECT=54/189,true
C1A2T0I4F2,1,2,0,4,2,"(1,2,4,2)",27,CUT,CUT=18/27;ASSEMBLE+INSPECT=54/216,true
C1A2T0I4F3,1,2,0,4,3,"(1,2,4,3)",27,CUT,CUT=18/27;ASSEMBLE+INSPECT=54/243,true
C1A2T1I0F1,1,2,1,0,1,"(1,4,0,1)",37,CUT,CUT=18/37;ASSEMBLE+INSPECT=54/185,true
C1A2T1I0F2,1,2,1,0,2,"(1,4,0,2)",27,CUT,CUT=18/27;ASSEMBLE+INSPECT=54/162,true
C1A2T1I0F3,1,2,1,0,3,"(1,4,0,3)",27,CUT,CUT=18/27;ASSEMBLE+INSPECT=54/189,true
C1A2T1I1F0,1,2,1,1,0,"(1,4,1,0)",37,INSPECT,CUT=18/37;ASSEMBLE=24/148;INSPECT=30/37,false
C1A2T1I1F1,1,2,1,1,1,"(1,4,1,1)",27,CUT,CUT=18/27;ASSEMBLE+INSPECT=54/162,true
C1A2T1I1F2,1,2,1,1,2,"(1,4,1,2)",27,CUT,CUT=18/27;ASSEMBLE+INSPECT=54/189,true
C1A2T1I1F3,1,2,1,1,3,"(1,4,1,3)",27,CUT,CUT=18/27;ASSEMBLE+INSPECT=54/216,true
C1A2T1I2F0,1,2,1,2,0,"(1,4,2,0)",27,CUT,CUT=18/27;ASSEMBLE=24/108;INSPECT=30/54,false
C1A2T1I2F1,1,2,1,2,1,"(1,4,2,1)",27,CUT,CUT=18/27;ASSEMBLE+INSPECT=54/189,true
C1A2T1I2F2,1,2,1,2,2,"(1,4,2,2)",27,CUT,CUT=18/27;ASSEMBLE+INSPECT=54/216,true
C1A2T1I2F3,1,2,1,2,3,"(1,4,2,3)",27,CUT,CUT=18/27;ASSEMBLE+INSPECT=54/243,true
C1A2T1I3F0,1,2,1,3,0,"(1,4,3,0)",27,CUT,CUT=18/27;ASSEMBLE=24/108;INSPECT=30/81,false
C1A2T1I3F1,1,2,1,3,1,"(1,4,3,1)",27,CUT,CUT=18/27;ASSEMBLE+INSPECT=54/216,true
C1A2T1I3F2,1,2,1,3,2,"(1,4,3,2)",27,CUT,CUT=18/27;ASSEMBLE+INSPECT=54/243,true
C1A2T1I3F3,1,2,1,3,3,"(1,4,3,3)",27,CUT,CUT=18/27;ASSEMBLE+INSPECT=54/270,true
C1A2T1I4F0,1,2,1,4,0,"(1,4,4,0)",27,CUT,CUT=18/27;ASSEMBLE=24/108;INSPECT=30/108,false
C1A2T1I4F1,1,2,1,4,1,"(1,4,4,1)",27,CUT,CUT=18/27;ASSEMBLE+INSPECT=54/243,true
C1A2T1I4F2,1,2,1,4,2,"(1,4,4,2)",27,CUT,CUT=18/27;ASSEMBLE+INSPECT=54/270,true
C1A2T1I4F3,1,2,1,4,3,"(1,4,4,3)",27,CUT,CUT=18/27;ASSEMBLE+INSPECT=54/297,true
C1A2T2I0F1,1,2,2,0,1,"(1,6,0,1)",37,CUT,CUT=18/37;ASSEMBLE+INSPECT=54/259,true
C1A2T2I0F2,1,2,2,0,2,"(1,6,0,2)",27,CUT,CUT=18/27;ASSEMBLE+INSPECT=54/216,true
C1A2T2I0F3,1,2,2,0,3,"(1,6,0,3)",27,CUT,CUT=18/27;ASSEMBLE+INSPECT=54/243,true
C1A2T2I1F0,1,2,2,1,0,"(1,6,1,0)",37,INSPECT,CUT=18/37;ASSEMBLE=24/222;INSPECT=30/37,false
C1A2T2I1F1,1,2,2,1,1,"(1,6,1,1)",27,CUT,CUT=18/27;ASSEMBLE+INSPECT=54/216,true
C1A2T2I1F2,1,2,2,1,2,"(1,6,1,2)",27,CUT,CUT=18/27;ASSEMBLE+INSPECT=54/243,true
C1A2T2I1F3,1,2,2,1,3,"(1,6,1,3)",27,CUT,CUT=18/27;ASSEMBLE+INSPECT=54/270,true
C1A2T2I2F0,1,2,2,2,0,"(1,6,2,0)",27,CUT,CUT=18/27;ASSEMBLE=24/162;INSPECT=30/54,false
C1A2T2I2F1,1,2,2,2,1,"(1,6,2,1)",27,CUT,CUT=18/27;ASSEMBLE+INSPECT=54/243,true
C1A2T2I2F2,1,2,2,2,2,"(1,6,2,2)",27,CUT,CUT=18/27;ASSEMBLE+INSPECT=54/270,true
C1A2T2I2F3,1,2,2,2,3,"(1,6,2,3)",27,CUT,CUT=18/27;ASSEMBLE+INSPECT=54/297,true
C1A2T2I3F0,1,2,2,3,0,"(1,6,3,0)",27,CUT,CUT=18/27;ASSEMBLE=24/162;INSPECT=30/81,false
C1A2T2I3F1,1,2,2,3,1,"(1,6,3,1)",27,CUT,CUT=18/27;ASSEMBLE+INSPECT=54/270,true
C1A2T2I3F2,1,2,2,3,2,"(1,6,3,2)",27,CUT,CUT=18/27;ASSEMBLE+INSPECT=54/297,true
C1A2T2I3F3,1,2,2,3,3,"(1,6,3,3)",27,CUT,CUT=18/27;ASSEMBLE+INSPECT=54/324,true
C1A2T2I4F0,1,2,2,4,0,"(1,6,4,0)",27,CUT,CUT=18/27;ASSEMBLE=24/162;INSPECT=30/108,false
C1A2T2I4F1,1,2,2,4,1,"(1,6,4,1)",27,CUT,CUT=18/27;ASSEMBLE+INSPECT=54/297,true
C1A2T2I4F2,1,2,2,4,2,"(1,6,4,2)",27,CUT,CUT=18/27;ASSEMBLE+INSPECT=54/324,true
C1A2T2I4F3,1,2,2,4,3,"(1,6,4,3)",27,CUT,CUT=18/27;ASSEMBLE+INSPECT=54/351,true
C1A2T3I0F1,1,2,3,0,1,"(1,8,0,1)",37,CUT,CUT=18/37;ASSEMBLE+INSPECT=54/333,true
C1A2T3I0F2,1,2,3,0,2,"(1,8,0,2)",27,CUT,CUT=18/27;ASSEMBLE+INSPECT=54/270,true
C1A2T3I0F3,1,2,3,0,3,"(1,8,0,3)",27,CUT,CUT=18/27;ASSEMBLE+INSPECT=54/297,true
C1A2T3I1F0,1,2,3,1,0,"(1,8,1,0)",37,INSPECT,CUT=18/37;ASSEMBLE=24/296;INSPECT=30/37,false
C1A2T3I1F1,1,2,3,1,1,"(1,8,1,1)",27,CUT,CUT=18/27;ASSEMBLE+INSPECT=54/270,true
C1A2T3I1F2,1,2,3,1,2,"(1,8,1,2)",27,CUT,CUT=18/27;ASSEMBLE+INSPECT=54/297,true
C1A2T3I1F3,1,2,3,1,3,"(1,8,1,3)",27,CUT,CUT=18/27;ASSEMBLE+INSPECT=54/324,true
C1A2T3I2F0,1,2,3,2,0,"(1,8,2,0)",27,CUT,CUT=18/27;ASSEMBLE=24/216;INSPECT=30/54,false
C1A2T3I2F1,1,2,3,2,1,"(1,8,2,1)",27,CUT,CUT=18/27;ASSEMBLE+INSPECT=54/297,true
C1A2T3I2F2,1,2,3,2,2,"(1,8,2,2)",27,CUT,CUT=18/27;ASSEMBLE+INSPECT=54/324,true
C1A2T3I2F3,1,2,3,2,3,"(1,8,2,3)",27,CUT,CUT=18/27;ASSEMBLE+INSPECT=54/351,true
C1A2T3I3F0,1,2,3,3,0,"(1,8,3,0)",27,CUT,CUT=18/27;ASSEMBLE=24/216;INSPECT=30/81,false
C1A2T3I3F1,1,2,3,3,1,"(1,8,3,1)",27,CUT,CUT=18/27;ASSEMBLE+INSPECT=54/324,true
C1A2T3I3F2,1,2,3,3,2,"(1,8,3,2)",27,CUT,CUT=18/27;ASSEMBLE+INSPECT=54/351,true
C1A2T3I3F3,1,2,3,3,3,"(1,8,3,3)",27,CUT,CUT=18/27;ASSEMBLE+INSPECT=54/378,true
C1A2T3I4F0,1,2,3,4,0,"(1,8,4,0)",27,CUT,CUT=18/27;ASSEMBLE=24/216;INSPECT=30/108,false
C1A2T3I4F1,1,2,3,4,1,"(1,8,4,1)",27,CUT,CUT=18/27;ASSEMBLE+INSPECT=54/351,true
C1A2T3I4F2,1,2,3,4,2,"(1,8,4,2)",27,CUT,CUT=18/27;ASSEMBLE+INSPECT=54/378,true
C1A2T3I4F3,1,2,3,4,3,"(1,8,4,3)",27,CUT,CUT=18/27;ASSEMBLE+INSPECT=54/405,true
C1A3T0I0F1,1,3,0,0,1,"(1,3,0,1)",37,CUT,CUT=18/37;ASSEMBLE+INSPECT=54/148,true
C1A3T0I0F2,1,3,0,0,2,"(1,3,0,2)",27,CUT,CUT=18/27;ASSEMBLE+INSPECT=54/135,true
C1A3T0I0F3,1,3,0,0,3,"(1,3,0,3)",27,CUT,CUT=18/27;ASSEMBLE+INSPECT=54/162,true
C1A3T0I1F0,1,3,0,1,0,"(1,3,1,0)",37,INSPECT,CUT=18/37;ASSEMBLE=24/111;INSPECT=30/37,false
C1A3T0I1F1,1,3,0,1,1,"(1,3,1,1)",27,CUT,CUT=18/27;ASSEMBLE+INSPECT=54/135,true
C1A3T0I1F2,1,3,0,1,2,"(1,3,1,2)",27,CUT,CUT=18/27;ASSEMBLE+INSPECT=54/162,true
C1A3T0I1F3,1,3,0,1,3,"(1,3,1,3)",27,CUT,CUT=18/27;ASSEMBLE+INSPECT=54/189,true
C1A3T0I2F0,1,3,0,2,0,"(1,3,2,0)",27,CUT,CUT=18/27;ASSEMBLE=24/81;INSPECT=30/54,false
C1A3T0I2F1,1,3,0,2,1,"(1,3,2,1)",27,CUT,CUT=18/27;ASSEMBLE+INSPECT=54/162,true
C1A3T0I2F2,1,3,0,2,2,"(1,3,2,2)",27,CUT,CUT=18/27;ASSEMBLE+INSPECT=54/189,true
C1A3T0I2F3,1,3,0,2,3,"(1,3,2,3)",27,CUT,CUT=18/27;ASSEMBLE+INSPECT=54/216,true
C1A3T0I3F0,1,3,0,3,0,"(1,3,3,0)",27,CUT,CUT=18/27;ASSEMBLE=24/81;INSPECT=30/81,false
C1A3T0I3F1,1,3,0,3,1,"(1,3,3,1)",27,CUT,CUT=18/27;ASSEMBLE+INSPECT=54/189,true
C1A3T0I3F2,1,3,0,3,2,"(1,3,3,2)",27,CUT,CUT=18/27;ASSEMBLE+INSPECT=54/216,true
C1A3T0I3F3,1,3,0,3,3,"(1,3,3,3)",27,CUT,CUT=18/27;ASSEMBLE+INSPECT=54/243,true
C1A3T0I4F0,1,3,0,4,0,"(1,3,4,0)",27,CUT,CUT=18/27;ASSEMBLE=24/81;INSPECT=30/108,false
C1A3T0I4F1,1,3,0,4,1,"(1,3,4,1)",27,CUT,CUT=18/27;ASSEMBLE+INSPECT=54/216,true
C1A3T0I4F2,1,3,0,4,2,"(1,3,4,2)",27,CUT,CUT=18/27;ASSEMBLE+INSPECT=54/243,true
C1A3T0I4F3,1,3,0,4,3,"(1,3,4,3)",27,CUT,CUT=18/27;ASSEMBLE+INSPECT=54/270,true
C1A3T1I0F1,1,3,1,0,1,"(1,5,0,1)",37,CUT,CUT=18/37;ASSEMBLE+INSPECT=54/222,true
C1A3T1I0F2,1,3,1,0,2,"(1,5,0,2)",27,CUT,CUT=18/27;ASSEMBLE+INSPECT=54/189,true
C1A3T1I0F3,1,3,1,0,3,"(1,5,0,3)",27,CUT,CUT=18/27;ASSEMBLE+INSPECT=54/216,true
C1A3T1I1F0,1,3,1,1,0,"(1,5,1,0)",37,INSPECT,CUT=18/37;ASSEMBLE=24/185;INSPECT=30/37,false
C1A3T1I1F1,1,3,1,1,1,"(1,5,1,1)",27,CUT,CUT=18/27;ASSEMBLE+INSPECT=54/189,true
C1A3T1I1F2,1,3,1,1,2,"(1,5,1,2)",27,CUT,CUT=18/27;ASSEMBLE+INSPECT=54/216,true
C1A3T1I1F3,1,3,1,1,3,"(1,5,1,3)",27,CUT,CUT=18/27;ASSEMBLE+INSPECT=54/243,true
C1A3T1I2F0,1,3,1,2,0,"(1,5,2,0)",27,CUT,CUT=18/27;ASSEMBLE=24/135;INSPECT=30/54,false
C1A3T1I2F1,1,3,1,2,1,"(1,5,2,1)",27,CUT,CUT=18/27;ASSEMBLE+INSPECT=54/216,true
C1A3T1I2F2,1,3,1,2,2,"(1,5,2,2)",27,CUT,CUT=18/27;ASSEMBLE+INSPECT=54/243,true
C1A3T1I2F3,1,3,1,2,3,"(1,5,2,3)",27,CUT,CUT=18/27;ASSEMBLE+INSPECT=54/270,true
C1A3T1I3F0,1,3,1,3,0,"(1,5,3,0)",27,CUT,CUT=18/27;ASSEMBLE=24/135;INSPECT=30/81,false
C1A3T1I3F1,1,3,1,3,1,"(1,5,3,1)",27,CUT,CUT=18/27;ASSEMBLE+INSPECT=54/243,true
C1A3T1I3F2,1,3,1,3,2,"(1,5,3,2)",27,CUT,CUT=18/27;ASSEMBLE+INSPECT=54/270,true
C1A3T1I3F3,1,3,1,3,3,"(1,5,3,3)",27,CUT,CUT=18/27;ASSEMBLE+INSPECT=54/297,true
C1A3T1I4F0,1,3,1,4,0,"(1,5,4,0)",27,CUT,CUT=18/27;ASSEMBLE=24/135;INSPECT=30/108,false
C1A3T1I4F1,1,3,1,4,1,"(1,5,4,1)",27,CUT,CUT=18/27;ASSEMBLE+INSPECT=54/270,true
C1A3T1I4F2,1,3,1,4,2,"(1,5,4,2)",27,CUT,CUT=18/27;ASSEMBLE+INSPECT=54/297,true
C1A3T1I4F3,1,3,1,4,3,"(1,5,4,3)",27,CUT,CUT=18/27;ASSEMBLE+INSPECT=54/324,true
C1A3T2I0F1,1,3,2,0,1,"(1,7,0,1)",37,CUT,CUT=18/37;ASSEMBLE+INSPECT=54/296,true
C1A3T2I0F2,1,3,2,0,2,"(1,7,0,2)",27,CUT,CUT=18/27;ASSEMBLE+INSPECT=54/243,true
C1A3T2I0F3,1,3,2,0,3,"(1,7,0,3)",27,CUT,CUT=18/27;ASSEMBLE+INSPECT=54/270,true
C1A3T2I1F0,1,3,2,1,0,"(1,7,1,0)",37,INSPECT,CUT=18/37;ASSEMBLE=24/259;INSPECT=30/37,false
C1A3T2I1F1,1,3,2,1,1,"(1,7,1,1)",27,CUT,CUT=18/27;ASSEMBLE+INSPECT=54/243,true
C1A3T2I1F2,1,3,2,1,2,"(1,7,1,2)",27,CUT,CUT=18/27;ASSEMBLE+INSPECT=54/270,true
C1A3T2I1F3,1,3,2,1,3,"(1,7,1,3)",27,CUT,CUT=18/27;ASSEMBLE+INSPECT=54/297,true
C1A3T2I2F0,1,3,2,2,0,"(1,7,2,0)",27,CUT,CUT=18/27;ASSEMBLE=24/189;INSPECT=30/54,false
C1A3T2I2F1,1,3,2,2,1,"(1,7,2,1)",27,CUT,CUT=18/27;ASSEMBLE+INSPECT=54/270,true
C1A3T2I2F2,1,3,2,2,2,"(1,7,2,2)",27,CUT,CUT=18/27;ASSEMBLE+INSPECT=54/297,true
C1A3T2I2F3,1,3,2,2,3,"(1,7,2,3)",27,CUT,CUT=18/27;ASSEMBLE+INSPECT=54/324,true
C1A3T2I3F0,1,3,2,3,0,"(1,7,3,0)",27,CUT,CUT=18/27;ASSEMBLE=24/189;INSPECT=30/81,false
C1A3T2I3F1,1,3,2,3,1,"(1,7,3,1)",27,CUT,CUT=18/27;ASSEMBLE+INSPECT=54/297,true
C1A3T2I3F2,1,3,2,3,2,"(1,7,3,2)",27,CUT,CUT=18/27;ASSEMBLE+INSPECT=54/324,true
C1A3T2I3F3,1,3,2,3,3,"(1,7,3,3)",27,CUT,CUT=18/27;ASSEMBLE+INSPECT=54/351,true
C1A3T2I4F0,1,3,2,4,0,"(1,7,4,0)",27,CUT,CUT=18/27;ASSEMBLE=24/189;INSPECT=30/108,false
C1A3T2I4F1,1,3,2,4,1,"(1,7,4,1)",27,CUT,CUT=18/27;ASSEMBLE+INSPECT=54/324,true
C1A3T2I4F2,1,3,2,4,2,"(1,7,4,2)",27,CUT,CUT=18/27;ASSEMBLE+INSPECT=54/351,true
C1A3T2I4F3,1,3,2,4,3,"(1,7,4,3)",27,CUT,CUT=18/27;ASSEMBLE+INSPECT=54/378,true
C1A3T3I0F1,1,3,3,0,1,"(1,9,0,1)",37,CUT,CUT=18/37;ASSEMBLE+INSPECT=54/370,true
C1A3T3I0F2,1,3,3,0,2,"(1,9,0,2)",27,CUT,CUT=18/27;ASSEMBLE+INSPECT=54/297,true
C1A3T3I0F3,1,3,3,0,3,"(1,9,0,3)",27,CUT,CUT=18/27;ASSEMBLE+INSPECT=54/324,true
C1A3T3I1F0,1,3,3,1,0,"(1,9,1,0)",37,INSPECT,CUT=18/37;ASSEMBLE=24/333;INSPECT=30/37,false
C1A3T3I1F1,1,3,3,1,1,"(1,9,1,1)",27,CUT,CUT=18/27;ASSEMBLE+INSPECT=54/297,true
C1A3T3I1F2,1,3,3,1,2,"(1,9,1,2)",27,CUT,CUT=18/27;ASSEMBLE+INSPECT=54/324,true
C1A3T3I1F3,1,3,3,1,3,"(1,9,1,3)",27,CUT,CUT=18/27;ASSEMBLE+INSPECT=54/351,true
C1A3T3I2F0,1,3,3,2,0,"(1,9,2,0)",27,CUT,CUT=18/27;ASSEMBLE=24/243;INSPECT=30/54,false
C1A3T3I2F1,1,3,3,2,1,"(1,9,2,1)",27,CUT,CUT=18/27;ASSEMBLE+INSPECT=54/324,true
C1A3T3I2F2,1,3,3,2,2,"(1,9,2,2)",27,CUT,CUT=18/27;ASSEMBLE+INSPECT=54/351,true
C1A3T3I2F3,1,3,3,2,3,"(1,9,2,3)",27,CUT,CUT=18/27;ASSEMBLE+INSPECT=54/378,true
C1A3T3I3F0,1,3,3,3,0,"(1,9,3,0)",27,CUT,CUT=18/27;ASSEMBLE=24/243;INSPECT=30/81,false
C1A3T3I3F1,1,3,3,3,1,"(1,9,3,1)",27,CUT,CUT=18/27;ASSEMBLE+INSPECT=54/351,true
C1A3T3I3F2,1,3,3,3,2,"(1,9,3,2)",27,CUT,CUT=18/27;ASSEMBLE+INSPECT=54/378,true
C1A3T3I3F3,1,3,3,3,3,"(1,9,3,3)",27,CUT,CUT=18/27;ASSEMBLE+INSPECT=54/405,true
C1A3T3I4F0,1,3,3,4,0,"(1,9,4,0)",27,CUT,CUT=18/27;ASSEMBLE=24/243;INSPECT=30/108,false
C1A3T3I4F1,1,3,3,4,1,"(1,9,4,1)",27,CUT,CUT=18/27;ASSEMBLE+INSPECT=54/378,true
C1A3T3I4F2,1,3,3,4,2,"(1,9,4,2)",27,CUT,CUT=18/27;ASSEMBLE+INSPECT=54/405,true
C1A3T3I4F3,1,3,3,4,3,"(1,9,4,3)",27,CUT,CUT=18/27;ASSEMBLE+INSPECT=54/432,true
C1A4T0I0F1,1,4,0,0,1,"(1,4,0,1)",37,CUT,CUT=18/37;ASSEMBLE+INSPECT=54/185,true
C1A4T0I0F2,1,4,0,0,2,"(1,4,0,2)",27,CUT,CUT=18/27;ASSEMBLE+INSPECT=54/162,true
C1A4T0I0F3,1,4,0,0,3,"(1,4,0,3)",27,CUT,CUT=18/27;ASSEMBLE+INSPECT=54/189,true
C1A4T0I1F0,1,4,0,1,0,"(1,4,1,0)",37,INSPECT,CUT=18/37;ASSEMBLE=24/148;INSPECT=30/37,false
C1A4T0I1F1,1,4,0,1,1,"(1,4,1,1)",27,CUT,CUT=18/27;ASSEMBLE+INSPECT=54/162,true
C1A4T0I1F2,1,4,0,1,2,"(1,4,1,2)",27,CUT,CUT=18/27;ASSEMBLE+INSPECT=54/189,true
C1A4T0I1F3,1,4,0,1,3,"(1,4,1,3)",27,CUT,CUT=18/27;ASSEMBLE+INSPECT=54/216,true
C1A4T0I2F0,1,4,0,2,0,"(1,4,2,0)",27,CUT,CUT=18/27;ASSEMBLE=24/108;INSPECT=30/54,false
C1A4T0I2F1,1,4,0,2,1,"(1,4,2,1)",27,CUT,CUT=18/27;ASSEMBLE+INSPECT=54/189,true
C1A4T0I2F2,1,4,0,2,2,"(1,4,2,2)",27,CUT,CUT=18/27;ASSEMBLE+INSPECT=54/216,true
C1A4T0I2F3,1,4,0,2,3,"(1,4,2,3)",27,CUT,CUT=18/27;ASSEMBLE+INSPECT=54/243,true
C1A4T0I3F0,1,4,0,3,0,"(1,4,3,0)",27,CUT,CUT=18/27;ASSEMBLE=24/108;INSPECT=30/81,false
C1A4T0I3F1,1,4,0,3,1,"(1,4,3,1)",27,CUT,CUT=18/27;ASSEMBLE+INSPECT=54/216,true
C1A4T0I3F2,1,4,0,3,2,"(1,4,3,2)",27,CUT,CUT=18/27;ASSEMBLE+INSPECT=54/243,true
C1A4T0I3F3,1,4,0,3,3,"(1,4,3,3)",27,CUT,CUT=18/27;ASSEMBLE+INSPECT=54/270,true
C1A4T0I4F0,1,4,0,4,0,"(1,4,4,0)",27,CUT,CUT=18/27;ASSEMBLE=24/108;INSPECT=30/108,false
C1A4T0I4F1,1,4,0,4,1,"(1,4,4,1)",27,CUT,CUT=18/27;ASSEMBLE+INSPECT=54/243,true
C1A4T0I4F2,1,4,0,4,2,"(1,4,4,2)",27,CUT,CUT=18/27;ASSEMBLE+INSPECT=54/270,true
C1A4T0I4F3,1,4,0,4,3,"(1,4,4,3)",27,CUT,CUT=18/27;ASSEMBLE+INSPECT=54/297,true
C1A4T1I0F1,1,4,1,0,1,"(1,6,0,1)",37,CUT,CUT=18/37;ASSEMBLE+INSPECT=54/259,true
C1A4T1I0F2,1,4,1,0,2,"(1,6,0,2)",27,CUT,CUT=18/27;ASSEMBLE+INSPECT=54/216,true
C1A4T1I0F3,1,4,1,0,3,"(1,6,0,3)",27,CUT,CUT=18/27;ASSEMBLE+INSPECT=54/243,true
C1A4T1I1F0,1,4,1,1,0,"(1,6,1,0)",37,INSPECT,CUT=18/37;ASSEMBLE=24/222;INSPECT=30/37,false
C1A4T1I1F1,1,4,1,1,1,"(1,6,1,1)",27,CUT,CUT=18/27;ASSEMBLE+INSPECT=54/216,true
C1A4T1I1F2,1,4,1,1,2,"(1,6,1,2)",27,CUT,CUT=18/27;ASSEMBLE+INSPECT=54/243,true
C1A4T1I1F3,1,4,1,1,3,"(1,6,1,3)",27,CUT,CUT=18/27;ASSEMBLE+INSPECT=54/270,true
C1A4T1I2F0,1,4,1,2,0,"(1,6,2,0)",27,CUT,CUT=18/27;ASSEMBLE=24/162;INSPECT=30/54,false
C1A4T1I2F1,1,4,1,2,1,"(1,6,2,1)",27,CUT,CUT=18/27;ASSEMBLE+INSPECT=54/243,true
C1A4T1I2F2,1,4,1,2,2,"(1,6,2,2)",27,CUT,CUT=18/27;ASSEMBLE+INSPECT=54/270,true
C1A4T1I2F3,1,4,1,2,3,"(1,6,2,3)",27,CUT,CUT=18/27;ASSEMBLE+INSPECT=54/297,true
C1A4T1I3F0,1,4,1,3,0,"(1,6,3,0)",27,CUT,CUT=18/27;ASSEMBLE=24/162;INSPECT=30/81,false
C1A4T1I3F1,1,4,1,3,1,"(1,6,3,1)",27,CUT,CUT=18/27;ASSEMBLE+INSPECT=54/270,true
C1A4T1I3F2,1,4,1,3,2,"(1,6,3,2)",27,CUT,CUT=18/27;ASSEMBLE+INSPECT=54/297,true
C1A4T1I3F3,1,4,1,3,3,"(1,6,3,3)",27,CUT,CUT=18/27;ASSEMBLE+INSPECT=54/324,true
C1A4T1I4F0,1,4,1,4,0,"(1,6,4,0)",27,CUT,CUT=18/27;ASSEMBLE=24/162;INSPECT=30/108,false
C1A4T1I4F1,1,4,1,4,1,"(1,6,4,1)",27,CUT,CUT=18/27;ASSEMBLE+INSPECT=54/297,true
C1A4T1I4F2,1,4,1,4,2,"(1,6,4,2)",27,CUT,CUT=18/27;ASSEMBLE+INSPECT=54/324,true
C1A4T1I4F3,1,4,1,4,3,"(1,6,4,3)",27,CUT,CUT=18/27;ASSEMBLE+INSPECT=54/351,true
C1A4T2I0F1,1,4,2,0,1,"(1,8,0,1)",37,CUT,CUT=18/37;ASSEMBLE+INSPECT=54/333,true
C1A4T2I0F2,1,4,2,0,2,"(1,8,0,2)",27,CUT,CUT=18/27;ASSEMBLE+INSPECT=54/270,true
C1A4T2I0F3,1,4,2,0,3,"(1,8,0,3)",27,CUT,CUT=18/27;ASSEMBLE+INSPECT=54/297,true
C1A4T2I1F0,1,4,2,1,0,"(1,8,1,0)",37,INSPECT,CUT=18/37;ASSEMBLE=24/296;INSPECT=30/37,false
C1A4T2I1F1,1,4,2,1,1,"(1,8,1,1)",27,CUT,CUT=18/27;ASSEMBLE+INSPECT=54/270,true
C1A4T2I1F2,1,4,2,1,2,"(1,8,1,2)",27,CUT,CUT=18/27;ASSEMBLE+INSPECT=54/297,true
C1A4T2I1F3,1,4,2,1,3,"(1,8,1,3)",27,CUT,CUT=18/27;ASSEMBLE+INSPECT=54/324,true
C1A4T2I2F0,1,4,2,2,0,"(1,8,2,0)",27,CUT,CUT=18/27;ASSEMBLE=24/216;INSPECT=30/54,false
C1A4T2I2F1,1,4,2,2,1,"(1,8,2,1)",27,CUT,CUT=18/27;ASSEMBLE+INSPECT=54/297,true
C1A4T2I2F2,1,4,2,2,2,"(1,8,2,2)",27,CUT,CUT=18/27;ASSEMBLE+INSPECT=54/324,true
C1A4T2I2F3,1,4,2,2,3,"(1,8,2,3)",27,CUT,CUT=18/27;ASSEMBLE+INSPECT=54/351,true
C1A4T2I3F0,1,4,2,3,0,"(1,8,3,0)",27,CUT,CUT=18/27;ASSEMBLE=24/216;INSPECT=30/81,false
C1A4T2I3F1,1,4,2,3,1,"(1,8,3,1)",27,CUT,CUT=18/27;ASSEMBLE+INSPECT=54/324,true
C1A4T2I3F2,1,4,2,3,2,"(1,8,3,2)",27,CUT,CUT=18/27;ASSEMBLE+INSPECT=54/351,true
C1A4T2I3F3,1,4,2,3,3,"(1,8,3,3)",27,CUT,CUT=18/27;ASSEMBLE+INSPECT=54/378,true
C1A4T2I4F0,1,4,2,4,0,"(1,8,4,0)",27,CUT,CUT=18/27;ASSEMBLE=24/216;INSPECT=30/108,false
C1A4T2I4F1,1,4,2,4,1,"(1,8,4,1)",27,CUT,CUT=18/27;ASSEMBLE+INSPECT=54/351,true
C1A4T2I4F2,1,4,2,4,2,"(1,8,4,2)",27,CUT,CUT=18/27;ASSEMBLE+INSPECT=54/378,true
C1A4T2I4F3,1,4,2,4,3,"(1,8,4,3)",27,CUT,CUT=18/27;ASSEMBLE+INSPECT=54/405,true
C1A4T3I0F1,1,4,3,0,1,"(1,10,0,1)",37,CUT,CUT=18/37;ASSEMBLE+INSPECT=54/407,true
C1A4T3I0F2,1,4,3,0,2,"(1,10,0,2)",27,CUT,CUT=18/27;ASSEMBLE+INSPECT=54/324,true
C1A4T3I0F3,1,4,3,0,3,"(1,10,0,3)",27,CUT,CUT=18/27;ASSEMBLE+INSPECT=54/351,true
C1A4T3I1F0,1,4,3,1,0,"(1,10,1,0)",37,INSPECT,CUT=18/37;ASSEMBLE=24/370;INSPECT=30/37,false
C1A4T3I1F1,1,4,3,1,1,"(1,10,1,1)",27,CUT,CUT=18/27;ASSEMBLE+INSPECT=54/324,true
C1A4T3I1F2,1,4,3,1,2,"(1,10,1,2)",27,CUT,CUT=18/27;ASSEMBLE+INSPECT=54/351,true
C1A4T3I1F3,1,4,3,1,3,"(1,10,1,3)",27,CUT,CUT=18/27;ASSEMBLE+INSPECT=54/378,true
C1A4T3I2F0,1,4,3,2,0,"(1,10,2,0)",27,CUT,CUT=18/27;ASSEMBLE=24/270;INSPECT=30/54,false
C1A4T3I2F1,1,4,3,2,1,"(1,10,2,1)",27,CUT,CUT=18/27;ASSEMBLE+INSPECT=54/351,true
C1A4T3I2F2,1,4,3,2,2,"(1,10,2,2)",27,CUT,CUT=18/27;ASSEMBLE+INSPECT=54/378,true
C1A4T3I2F3,1,4,3,2,3,"(1,10,2,3)",27,CUT,CUT=18/27;ASSEMBLE+INSPECT=54/405,true
C1A4T3I3F0,1,4,3,3,0,"(1,10,3,0)",27,CUT,CUT=18/27;ASSEMBLE=24/270;INSPECT=30/81,false
C1A4T3I3F1,1,4,3,3,1,"(1,10,3,1)",27,CUT,CUT=18/27;ASSEMBLE+INSPECT=54/378,true
C1A4T3I3F2,1,4,3,3,2,"(1,10,3,2)",27,CUT,CUT=18/27;ASSEMBLE+INSPECT=54/405,true
C1A4T3I3F3,1,4,3,3,3,"(1,10,3,3)",27,CUT,CUT=18/27;ASSEMBLE+INSPECT=54/432,true
C1A4T3I4F0,1,4,3,4,0,"(1,10,4,0)",27,CUT,CUT=18/27;ASSEMBLE=24/270;INSPECT=30/108,false
C1A4T3I4F1,1,4,3,4,1,"(1,10,4,1)",27,CUT,CUT=18/27;ASSEMBLE+INSPECT=54/405,true
C1A4T3I4F2,1,4,3,4,2,"(1,10,4,2)",27,CUT,CUT=18/27;ASSEMBLE+INSPECT=54/432,true
C1A4T3I4F3,1,4,3,4,3,"(1,10,4,3)",27,CUT,CUT=18/27;ASSEMBLE+INSPECT=54/459,true
C1A5T0I0F1,1,5,0,0,1,"(1,5,0,1)",37,CUT,CUT=18/37;ASSEMBLE+INSPECT=54/222,true
C1A5T0I0F2,1,5,0,0,2,"(1,5,0,2)",27,CUT,CUT=18/27;ASSEMBLE+INSPECT=54/189,true
C1A5T0I0F3,1,5,0,0,3,"(1,5,0,3)",27,CUT,CUT=18/27;ASSEMBLE+INSPECT=54/216,true
C1A5T0I1F0,1,5,0,1,0,"(1,5,1,0)",37,INSPECT,CUT=18/37;ASSEMBLE=24/185;INSPECT=30/37,false
C1A5T0I1F1,1,5,0,1,1,"(1,5,1,1)",27,CUT,CUT=18/27;ASSEMBLE+INSPECT=54/189,true
C1A5T0I1F2,1,5,0,1,2,"(1,5,1,2)",27,CUT,CUT=18/27;ASSEMBLE+INSPECT=54/216,true
C1A5T0I1F3,1,5,0,1,3,"(1,5,1,3)",27,CUT,CUT=18/27;ASSEMBLE+INSPECT=54/243,true
C1A5T0I2F0,1,5,0,2,0,"(1,5,2,0)",27,CUT,CUT=18/27;ASSEMBLE=24/135;INSPECT=30/54,false
C1A5T0I2F1,1,5,0,2,1,"(1,5,2,1)",27,CUT,CUT=18/27;ASSEMBLE+INSPECT=54/216,true
C1A5T0I2F2,1,5,0,2,2,"(1,5,2,2)",27,CUT,CUT=18/27;ASSEMBLE+INSPECT=54/243,true
C1A5T0I2F3,1,5,0,2,3,"(1,5,2,3)",27,CUT,CUT=18/27;ASSEMBLE+INSPECT=54/270,true
C1A5T0I3F0,1,5,0,3,0,"(1,5,3,0)",27,CUT,CUT=18/27;ASSEMBLE=24/135;INSPECT=30/81,false
C1A5T0I3F1,1,5,0,3,1,"(1,5,3,1)",27,CUT,CUT=18/27;ASSEMBLE+INSPECT=54/243,true
C1A5T0I3F2,1,5,0,3,2,"(1,5,3,2)",27,CUT,CUT=18/27;ASSEMBLE+INSPECT=54/270,true
C1A5T0I3F3,1,5,0,3,3,"(1,5,3,3)",27,CUT,CUT=18/27;ASSEMBLE+INSPECT=54/297,true
C1A5T0I4F0,1,5,0,4,0,"(1,5,4,0)",27,CUT,CUT=18/27;ASSEMBLE=24/135;INSPECT=30/108,false
C1A5T0I4F1,1,5,0,4,1,"(1,5,4,1)",27,CUT,CUT=18/27;ASSEMBLE+INSPECT=54/270,true
C1A5T0I4F2,1,5,0,4,2,"(1,5,4,2)",27,CUT,CUT=18/27;ASSEMBLE+INSPECT=54/297,true
C1A5T0I4F3,1,5,0,4,3,"(1,5,4,3)",27,CUT,CUT=18/27;ASSEMBLE+INSPECT=54/324,true
C1A5T1I0F1,1,5,1,0,1,"(1,7,0,1)",37,CUT,CUT=18/37;ASSEMBLE+INSPECT=54/296,true
C1A5T1I0F2,1,5,1,0,2,"(1,7,0,2)",27,CUT,CUT=18/27;ASSEMBLE+INSPECT=54/243,true
C1A5T1I0F3,1,5,1,0,3,"(1,7,0,3)",27,CUT,CUT=18/27;ASSEMBLE+INSPECT=54/270,true
C1A5T1I1F0,1,5,1,1,0,"(1,7,1,0)",37,INSPECT,CUT=18/37;ASSEMBLE=24/259;INSPECT=30/37,false
C1A5T1I1F1,1,5,1,1,1,"(1,7,1,1)",27,CUT,CUT=18/27;ASSEMBLE+INSPECT=54/243,true
C1A5T1I1F2,1,5,1,1,2,"(1,7,1,2)",27,CUT,CUT=18/27;ASSEMBLE+INSPECT=54/270,true
C1A5T1I1F3,1,5,1,1,3,"(1,7,1,3)",27,CUT,CUT=18/27;ASSEMBLE+INSPECT=54/297,true
C1A5T1I2F0,1,5,1,2,0,"(1,7,2,0)",27,CUT,CUT=18/27;ASSEMBLE=24/189;INSPECT=30/54,false
C1A5T1I2F1,1,5,1,2,1,"(1,7,2,1)",27,CUT,CUT=18/27;ASSEMBLE+INSPECT=54/270,true
C1A5T1I2F2,1,5,1,2,2,"(1,7,2,2)",27,CUT,CUT=18/27;ASSEMBLE+INSPECT=54/297,true
C1A5T1I2F3,1,5,1,2,3,"(1,7,2,3)",27,CUT,CUT=18/27;ASSEMBLE+INSPECT=54/324,true
C1A5T1I3F0,1,5,1,3,0,"(1,7,3,0)",27,CUT,CUT=18/27;ASSEMBLE=24/189;INSPECT=30/81,false
C1A5T1I3F1,1,5,1,3,1,"(1,7,3,1)",27,CUT,CUT=18/27;ASSEMBLE+INSPECT=54/297,true
C1A5T1I3F2,1,5,1,3,2,"(1,7,3,2)",27,CUT,CUT=18/27;ASSEMBLE+INSPECT=54/324,true
C1A5T1I3F3,1,5,1,3,3,"(1,7,3,3)",27,CUT,CUT=18/27;ASSEMBLE+INSPECT=54/351,true
C1A5T1I4F0,1,5,1,4,0,"(1,7,4,0)",27,CUT,CUT=18/27;ASSEMBLE=24/189;INSPECT=30/108,false
C1A5T1I4F1,1,5,1,4,1,"(1,7,4,1)",27,CUT,CUT=18/27;ASSEMBLE+INSPECT=54/324,true
C1A5T1I4F2,1,5,1,4,2,"(1,7,4,2)",27,CUT,CUT=18/27;ASSEMBLE+INSPECT=54/351,true
C1A5T1I4F3,1,5,1,4,3,"(1,7,4,3)",27,CUT,CUT=18/27;ASSEMBLE+INSPECT=54/378,true
C1A5T2I0F1,1,5,2,0,1,"(1,9,0,1)",37,CUT,CUT=18/37;ASSEMBLE+INSPECT=54/370,true
C1A5T2I0F2,1,5,2,0,2,"(1,9,0,2)",27,CUT,CUT=18/27;ASSEMBLE+INSPECT=54/297,true
C1A5T2I0F3,1,5,2,0,3,"(1,9,0,3)",27,CUT,CUT=18/27;ASSEMBLE+INSPECT=54/324,true
C1A5T2I1F0,1,5,2,1,0,"(1,9,1,0)",37,INSPECT,CUT=18/37;ASSEMBLE=24/333;INSPECT=30/37,false
C1A5T2I1F1,1,5,2,1,1,"(1,9,1,1)",27,CUT,CUT=18/27;ASSEMBLE+INSPECT=54/297,true
C1A5T2I1F2,1,5,2,1,2,"(1,9,1,2)",27,CUT,CUT=18/27;ASSEMBLE+INSPECT=54/324,true
C1A5T2I1F3,1,5,2,1,3,"(1,9,1,3)",27,CUT,CUT=18/27;ASSEMBLE+INSPECT=54/351,true
C1A5T2I2F0,1,5,2,2,0,"(1,9,2,0)",27,CUT,CUT=18/27;ASSEMBLE=24/243;INSPECT=30/54,false
C1A5T2I2F1,1,5,2,2,1,"(1,9,2,1)",27,CUT,CUT=18/27;ASSEMBLE+INSPECT=54/324,true
C1A5T2I2F2,1,5,2,2,2,"(1,9,2,2)",27,CUT,CUT=18/27;ASSEMBLE+INSPECT=54/351,true
C1A5T2I2F3,1,5,2,2,3,"(1,9,2,3)",27,CUT,CUT=18/27;ASSEMBLE+INSPECT=54/378,true
C1A5T2I3F0,1,5,2,3,0,"(1,9,3,0)",27,CUT,CUT=18/27;ASSEMBLE=24/243;INSPECT=30/81,false
C1A5T2I3F1,1,5,2,3,1,"(1,9,3,1)",27,CUT,CUT=18/27;ASSEMBLE+INSPECT=54/351,true
C1A5T2I3F2,1,5,2,3,2,"(1,9,3,2)",27,CUT,CUT=18/27;ASSEMBLE+INSPECT=54/378,true
C1A5T2I3F3,1,5,2,3,3,"(1,9,3,3)",27,CUT,CUT=18/27;ASSEMBLE+INSPECT=54/405,true
C1A5T2I4F0,1,5,2,4,0,"(1,9,4,0)",27,CUT,CUT=18/27;ASSEMBLE=24/243;INSPECT=30/108,false
C1A5T2I4F1,1,5,2,4,1,"(1,9,4,1)",27,CUT,CUT=18/27;ASSEMBLE+INSPECT=54/378,true
C1A5T2I4F2,1,5,2,4,2,"(1,9,4,2)",27,CUT,CUT=18/27;ASSEMBLE+INSPECT=54/405,true
C1A5T2I4F3,1,5,2,4,3,"(1,9,4,3)",27,CUT,CUT=18/27;ASSEMBLE+INSPECT=54/432,true
C1A5T3I0F1,1,5,3,0,1,"(1,11,0,1)",37,CUT,CUT=18/37;ASSEMBLE+INSPECT=54/444,true
C1A5T3I0F2,1,5,3,0,2,"(1,11,0,2)",27,CUT,CUT=18/27;ASSEMBLE+INSPECT=54/351,true
C1A5T3I0F3,1,5,3,0,3,"(1,11,0,3)",27,CUT,CUT=18/27;ASSEMBLE+INSPECT=54/378,true
C1A5T3I1F0,1,5,3,1,0,"(1,11,1,0)",37,INSPECT,CUT=18/37;ASSEMBLE=24/407;INSPECT=30/37,false
C1A5T3I1F1,1,5,3,1,1,"(1,11,1,1)",27,CUT,CUT=18/27;ASSEMBLE+INSPECT=54/351,true
C1A5T3I1F2,1,5,3,1,2,"(1,11,1,2)",27,CUT,CUT=18/27;ASSEMBLE+INSPECT=54/378,true
C1A5T3I1F3,1,5,3,1,3,"(1,11,1,3)",27,CUT,CUT=18/27;ASSEMBLE+INSPECT=54/405,true
C1A5T3I2F0,1,5,3,2,0,"(1,11,2,0)",27,CUT,CUT=18/27;ASSEMBLE=24/297;INSPECT=30/54,false
C1A5T3I2F1,1,5,3,2,1,"(1,11,2,1)",27,CUT,CUT=18/27;ASSEMBLE+INSPECT=54/378,true
C1A5T3I2F2,1,5,3,2,2,"(1,11,2,2)",27,CUT,CUT=18/27;ASSEMBLE+INSPECT=54/405,true
C1A5T3I2F3,1,5,3,2,3,"(1,11,2,3)",27,CUT,CUT=18/27;ASSEMBLE+INSPECT=54/432,true
C1A5T3I3F0,1,5,3,3,0,"(1,11,3,0)",27,CUT,CUT=18/27;ASSEMBLE=24/297;INSPECT=30/81,false
C1A5T3I3F1,1,5,3,3,1,"(1,11,3,1)",27,CUT,CUT=18/27;ASSEMBLE+INSPECT=54/405,true
C1A5T3I3F2,1,5,3,3,2,"(1,11,3,2)",27,CUT,CUT=18/27;ASSEMBLE+INSPECT=54/432,true
C1A5T3I3F3,1,5,3,3,3,"(1,11,3,3)",27,CUT,CUT=18/27;ASSEMBLE+INSPECT=54/459,true
C1A5T3I4F0,1,5,3,4,0,"(1,11,4,0)",27,CUT,CUT=18/27;ASSEMBLE=24/297;INSPECT=30/108,false
C1A5T3I4F1,1,5,3,4,1,"(1,11,4,1)",27,CUT,CUT=18/27;ASSEMBLE+INSPECT=54/432,true
C1A5T3I4F2,1,5,3,4,2,"(1,11,4,2)",27,CUT,CUT=18/27;ASSEMBLE+INSPECT=54/459,true
C1A5T3I4F3,1,5,3,4,3,"(1,11,4,3)",27,CUT,CUT=18/27;ASSEMBLE+INSPECT=54/486,true
C1A6T0I0F1,1,6,0,0,1,"(1,6,0,1)",37,CUT,CUT=18/37;ASSEMBLE+INSPECT=54/259,true
C1A6T0I0F2,1,6,0,0,2,"(1,6,0,2)",27,CUT,CUT=18/27;ASSEMBLE+INSPECT=54/216,true
C1A6T0I0F3,1,6,0,0,3,"(1,6,0,3)",27,CUT,CUT=18/27;ASSEMBLE+INSPECT=54/243,true
C1A6T0I1F0,1,6,0,1,0,"(1,6,1,0)",37,INSPECT,CUT=18/37;ASSEMBLE=24/222;INSPECT=30/37,false
C1A6T0I1F1,1,6,0,1,1,"(1,6,1,1)",27,CUT,CUT=18/27;ASSEMBLE+INSPECT=54/216,true
C1A6T0I1F2,1,6,0,1,2,"(1,6,1,2)",27,CUT,CUT=18/27;ASSEMBLE+INSPECT=54/243,true
C1A6T0I1F3,1,6,0,1,3,"(1,6,1,3)",27,CUT,CUT=18/27;ASSEMBLE+INSPECT=54/270,true
C1A6T0I2F0,1,6,0,2,0,"(1,6,2,0)",27,CUT,CUT=18/27;ASSEMBLE=24/162;INSPECT=30/54,false
C1A6T0I2F1,1,6,0,2,1,"(1,6,2,1)",27,CUT,CUT=18/27;ASSEMBLE+INSPECT=54/243,true
C1A6T0I2F2,1,6,0,2,2,"(1,6,2,2)",27,CUT,CUT=18/27;ASSEMBLE+INSPECT=54/270,true
C1A6T0I2F3,1,6,0,2,3,"(1,6,2,3)",27,CUT,CUT=18/27;ASSEMBLE+INSPECT=54/297,true
C1A6T0I3F0,1,6,0,3,0,"(1,6,3,0)",27,CUT,CUT=18/27;ASSEMBLE=24/162;INSPECT=30/81,false
C1A6T0I3F1,1,6,0,3,1,"(1,6,3,1)",27,CUT,CUT=18/27;ASSEMBLE+INSPECT=54/270,true
C1A6T0I3F2,1,6,0,3,2,"(1,6,3,2)",27,CUT,CUT=18/27;ASSEMBLE+INSPECT=54/297,true
C1A6T0I3F3,1,6,0,3,3,"(1,6,3,3)",27,CUT,CUT=18/27;ASSEMBLE+INSPECT=54/324,true
C1A6T0I4F0,1,6,0,4,0,"(1,6,4,0)",27,CUT,CUT=18/27;ASSEMBLE=24/162;INSPECT=30/108,false
C1A6T0I4F1,1,6,0,4,1,"(1,6,4,1)",27,CUT,CUT=18/27;ASSEMBLE+INSPECT=54/297,true
C1A6T0I4F2,1,6,0,4,2,"(1,6,4,2)",27,CUT,CUT=18/27;ASSEMBLE+INSPECT=54/324,true
C1A6T0I4F3,1,6,0,4,3,"(1,6,4,3)",27,CUT,CUT=18/27;ASSEMBLE+INSPECT=54/351,true
C1A6T1I0F1,1,6,1,0,1,"(1,8,0,1)",37,CUT,CUT=18/37;ASSEMBLE+INSPECT=54/333,true
C1A6T1I0F2,1,6,1,0,2,"(1,8,0,2)",27,CUT,CUT=18/27;ASSEMBLE+INSPECT=54/270,true
C1A6T1I0F3,1,6,1,0,3,"(1,8,0,3)",27,CUT,CUT=18/27;ASSEMBLE+INSPECT=54/297,true
C1A6T1I1F0,1,6,1,1,0,"(1,8,1,0)",37,INSPECT,CUT=18/37;ASSEMBLE=24/296;INSPECT=30/37,false
C1A6T1I1F1,1,6,1,1,1,"(1,8,1,1)",27,CUT,CUT=18/27;ASSEMBLE+INSPECT=54/270,true
C1A6T1I1F2,1,6,1,1,2,"(1,8,1,2)",27,CUT,CUT=18/27;ASSEMBLE+INSPECT=54/297,true
C1A6T1I1F3,1,6,1,1,3,"(1,8,1,3)",27,CUT,CUT=18/27;ASSEMBLE+INSPECT=54/324,true
C1A6T1I2F0,1,6,1,2,0,"(1,8,2,0)",27,CUT,CUT=18/27;ASSEMBLE=24/216;INSPECT=30/54,false
C1A6T1I2F1,1,6,1,2,1,"(1,8,2,1)",27,CUT,CUT=18/27;ASSEMBLE+INSPECT=54/297,true
C1A6T1I2F2,1,6,1,2,2,"(1,8,2,2)",27,CUT,CUT=18/27;ASSEMBLE+INSPECT=54/324,true
C1A6T1I2F3,1,6,1,2,3,"(1,8,2,3)",27,CUT,CUT=18/27;ASSEMBLE+INSPECT=54/351,true
C1A6T1I3F0,1,6,1,3,0,"(1,8,3,0)",27,CUT,CUT=18/27;ASSEMBLE=24/216;INSPECT=30/81,false
C1A6T1I3F1,1,6,1,3,1,"(1,8,3,1)",27,CUT,CUT=18/27;ASSEMBLE+INSPECT=54/324,true
C1A6T1I3F2,1,6,1,3,2,"(1,8,3,2)",27,CUT,CUT=18/27;ASSEMBLE+INSPECT=54/351,true
C1A6T1I3F3,1,6,1,3,3,"(1,8,3,3)",27,CUT,CUT=18/27;ASSEMBLE+INSPECT=54/378,true
C1A6T1I4F0,1,6,1,4,0,"(1,8,4,0)",27,CUT,CUT=18/27;ASSEMBLE=24/216;INSPECT=30/108,false
C1A6T1I4F1,1,6,1,4,1,"(1,8,4,1)",27,CUT,CUT=18/27;ASSEMBLE+INSPECT=54/351,true
C1A6T1I4F2,1,6,1,4,2,"(1,8,4,2)",27,CUT,CUT=18/27;ASSEMBLE+INSPECT=54/378,true
C1A6T1I4F3,1,6,1,4,3,"(1,8,4,3)",27,CUT,CUT=18/27;ASSEMBLE+INSPECT=54/405,true
C1A6T2I0F1,1,6,2,0,1,"(1,10,0,1)",37,CUT,CUT=18/37;ASSEMBLE+INSPECT=54/407,true
C1A6T2I0F2,1,6,2,0,2,"(1,10,0,2)",27,CUT,CUT=18/27;ASSEMBLE+INSPECT=54/324,true
C1A6T2I0F3,1,6,2,0,3,"(1,10,0,3)",27,CUT,CUT=18/27;ASSEMBLE+INSPECT=54/351,true
C1A6T2I1F0,1,6,2,1,0,"(1,10,1,0)",37,INSPECT,CUT=18/37;ASSEMBLE=24/370;INSPECT=30/37,false
C1A6T2I1F1,1,6,2,1,1,"(1,10,1,1)",27,CUT,CUT=18/27;ASSEMBLE+INSPECT=54/324,true
C1A6T2I1F2,1,6,2,1,2,"(1,10,1,2)",27,CUT,CUT=18/27;ASSEMBLE+INSPECT=54/351,true
C1A6T2I1F3,1,6,2,1,3,"(1,10,1,3)",27,CUT,CUT=18/27;ASSEMBLE+INSPECT=54/378,true
C1A6T2I2F0,1,6,2,2,0,"(1,10,2,0)",27,CUT,CUT=18/27;ASSEMBLE=24/270;INSPECT=30/54,false
C1A6T2I2F1,1,6,2,2,1,"(1,10,2,1)",27,CUT,CUT=18/27;ASSEMBLE+INSPECT=54/351,true
C1A6T2I2F2,1,6,2,2,2,"(1,10,2,2)",27,CUT,CUT=18/27;ASSEMBLE+INSPECT=54/378,true
C1A6T2I2F3,1,6,2,2,3,"(1,10,2,3)",27,CUT,CUT=18/27;ASSEMBLE+INSPECT=54/405,true
C1A6T2I3F0,1,6,2,3,0,"(1,10,3,0)",27,CUT,CUT=18/27;ASSEMBLE=24/270;INSPECT=30/81,false
C1A6T2I3F1,1,6,2,3,1,"(1,10,3,1)",27,CUT,CUT=18/27;ASSEMBLE+INSPECT=54/378,true
C1A6T2I3F2,1,6,2,3,2,"(1,10,3,2)",27,CUT,CUT=18/27;ASSEMBLE+INSPECT=54/405,true
C1A6T2I3F3,1,6,2,3,3,"(1,10,3,3)",27,CUT,CUT=18/27;ASSEMBLE+INSPECT=54/432,true
C1A6T2I4F0,1,6,2,4,0,"(1,10,4,0)",27,CUT,CUT=18/27;ASSEMBLE=24/270;INSPECT=30/108,false
C1A6T2I4F1,1,6,2,4,1,"(1,10,4,1)",27,CUT,CUT=18/27;ASSEMBLE+INSPECT=54/405,true
C1A6T2I4F2,1,6,2,4,2,"(1,10,4,2)",27,CUT,CUT=18/27;ASSEMBLE+INSPECT=54/432,true
C1A6T2I4F3,1,6,2,4,3,"(1,10,4,3)",27,CUT,CUT=18/27;ASSEMBLE+INSPECT=54/459,true
C1A6T3I0F1,1,6,3,0,1,"(1,12,0,1)",37,CUT,CUT=18/37;ASSEMBLE+INSPECT=54/481,true
C1A6T3I0F2,1,6,3,0,2,"(1,12,0,2)",27,CUT,CUT=18/27;ASSEMBLE+INSPECT=54/378,true
C1A6T3I0F3,1,6,3,0,3,"(1,12,0,3)",27,CUT,CUT=18/27;ASSEMBLE+INSPECT=54/405,true
C1A6T3I1F0,1,6,3,1,0,"(1,12,1,0)",37,INSPECT,CUT=18/37;ASSEMBLE=24/444;INSPECT=30/37,false
C1A6T3I1F1,1,6,3,1,1,"(1,12,1,1)",27,CUT,CUT=18/27;ASSEMBLE+INSPECT=54/378,true
C1A6T3I1F2,1,6,3,1,2,"(1,12,1,2)",27,CUT,CUT=18/27;ASSEMBLE+INSPECT=54/405,true
C1A6T3I1F3,1,6,3,1,3,"(1,12,1,3)",27,CUT,CUT=18/27;ASSEMBLE+INSPECT=54/432,true
C1A6T3I2F0,1,6,3,2,0,"(1,12,2,0)",27,CUT,CUT=18/27;ASSEMBLE=24/324;INSPECT=30/54,false
C1A6T3I2F1,1,6,3,2,1,"(1,12,2,1)",27,CUT,CUT=18/27;ASSEMBLE+INSPECT=54/405,true
C1A6T3I2F2,1,6,3,2,2,"(1,12,2,2)",27,CUT,CUT=18/27;ASSEMBLE+INSPECT=54/432,true
C1A6T3I2F3,1,6,3,2,3,"(1,12,2,3)",27,CUT,CUT=18/27;ASSEMBLE+INSPECT=54/459,true
C1A6T3I3F0,1,6,3,3,0,"(1,12,3,0)",27,CUT,CUT=18/27;ASSEMBLE=24/324;INSPECT=30/81,false
C1A6T3I3F1,1,6,3,3,1,"(1,12,3,1)",27,CUT,CUT=18/27;ASSEMBLE+INSPECT=54/432,true
C1A6T3I3F2,1,6,3,3,2,"(1,12,3,2)",27,CUT,CUT=18/27;ASSEMBLE+INSPECT=54/459,true
C1A6T3I3F3,1,6,3,3,3,"(1,12,3,3)",27,CUT,CUT=18/27;ASSEMBLE+INSPECT=54/486,true
C1A6T3I4F0,1,6,3,4,0,"(1,12,4,0)",27,CUT,CUT=18/27;ASSEMBLE=24/324;INSPECT=30/108,false
C1A6T3I4F1,1,6,3,4,1,"(1,12,4,1)",27,CUT,CUT=18/27;ASSEMBLE+INSPECT=54/459,true
C1A6T3I4F2,1,6,3,4,2,"(1,12,4,2)",27,CUT,CUT=18/27;ASSEMBLE+INSPECT=54/486,true
C1A6T3I4F3,1,6,3,4,3,"(1,12,4,3)",27,CUT,CUT=18/27;ASSEMBLE+INSPECT=54/513,true
C2A0T0I0F1,2,0,0,0,1,"(2,0,0,1)",57,ASSEMBLE+INSPECT,CUT=18/114;ASSEMBLE+INSPECT=54/57,true
C2A0T0I0F2,2,0,0,0,2,"(2,0,0,2)",30,ASSEMBLE+INSPECT,CUT=18/60;ASSEMBLE+INSPECT=54/60,true
C2A0T0I0F3,2,0,0,0,3,"(2,0,0,3)",24,ASSEMBLE+INSPECT,CUT=18/48;ASSEMBLE+INSPECT=54/72,true
C2A0T0I1F1,2,0,0,1,1,"(2,0,1,1)",42,ASSEMBLE+INSPECT,CUT=18/84;ASSEMBLE+INSPECT=54/84,true
C2A0T0I1F2,2,0,0,1,2,"(2,0,1,2)",25,ASSEMBLE+INSPECT,CUT=18/50;ASSEMBLE+INSPECT=54/75,true
C2A0T0I1F3,2,0,0,1,3,"(2,0,1,3)",24,ASSEMBLE+INSPECT,CUT=18/48;ASSEMBLE+INSPECT=54/96,true
C2A0T0I2F1,2,0,0,2,1,"(2,0,2,1)",32,ASSEMBLE+INSPECT,CUT=18/64;ASSEMBLE+INSPECT=54/96,true
C2A0T0I2F2,2,0,0,2,2,"(2,0,2,2)",25,ASSEMBLE+INSPECT,CUT=18/50;ASSEMBLE+INSPECT=54/100,true
C2A0T0I2F3,2,0,0,2,3,"(2,0,2,3)",21,ASSEMBLE+INSPECT,CUT=18/42;ASSEMBLE+INSPECT=54/105,true
C2A0T0I3F1,2,0,0,3,1,"(2,0,3,1)",32,ASSEMBLE+INSPECT,CUT=18/64;ASSEMBLE+INSPECT=54/128,true
C2A0T0I3F2,2,0,0,3,2,"(2,0,3,2)",24,ASSEMBLE+INSPECT,CUT=18/48;ASSEMBLE+INSPECT=54/120,true
C2A0T0I3F3,2,0,0,3,3,"(2,0,3,3)",20,CUT|ASSEMBLE+INSPECT,CUT=18/40;ASSEMBLE+INSPECT=54/120,true
C2A0T0I4F1,2,0,0,4,1,"(2,0,4,1)",32,ASSEMBLE+INSPECT,CUT=18/64;ASSEMBLE+INSPECT=54/160,true
C2A0T0I4F2,2,0,0,4,2,"(2,0,4,2)",20,CUT|ASSEMBLE+INSPECT,CUT=18/40;ASSEMBLE+INSPECT=54/120,true
C2A0T0I4F3,2,0,0,4,3,"(2,0,4,3)",20,CUT,CUT=18/40;ASSEMBLE+INSPECT=54/140,true
C2A0T1I0F1,2,0,1,0,1,"(2,2,0,1)",37,ASSEMBLE+INSPECT,CUT=18/74;ASSEMBLE+INSPECT=54/111,true
C2A0T1I0F2,2,0,1,0,2,"(2,2,0,2)",22,ASSEMBLE+INSPECT,CUT=18/44;ASSEMBLE+INSPECT=54/88,true
C2A0T1I0F3,2,0,1,0,3,"(2,2,0,3)",20,ASSEMBLE+INSPECT,CUT=18/40;ASSEMBLE+INSPECT=54/100,true
C2A0T1I1F0,2,0,1,1,0,"(2,2,1,0)",37,INSPECT,CUT=18/74;ASSEMBLE=24/74;INSPECT=30/37,false
C2A0T1I1F1,2,0,1,1,1,"(2,2,1,1)",26,ASSEMBLE+INSPECT,CUT=18/52;ASSEMBLE+INSPECT=54/104,true
C2A0T1I1F2,2,0,1,1,2,"(2,2,1,2)",20,ASSEMBLE+INSPECT,CUT=18/40;ASSEMBLE+INSPECT=54/100,true
C2A0T1I1F3,2,0,1,1,3,"(2,2,1,3)",19,CUT|ASSEMBLE+INSPECT,CUT=18/38;ASSEMBLE+INSPECT=54/114,true
C2A0T1I2F0,2,0,1,2,0,"(2,2,2,0)",22,INSPECT,CUT=18/44;ASSEMBLE=24/44;INSPECT=30/44,false
C2A0T1I2F1,2,0,1,2,1,"(2,2,2,1)",21,ASSEMBLE+INSPECT,CUT=18/42;ASSEMBLE+INSPECT=54/105,true
C2A0T1I2F2,2,0,1,2,2,"(2,2,2,2)",19,CUT|ASSEMBLE+INSPECT,CUT=18/38;ASSEMBLE+INSPECT=54/114,true
C2A0T1I2F3,2,0,1,2,3,"(2,2,2,3)",19,CUT,CUT=18/38;ASSEMBLE+INSPECT=54/133,true
C2A0T1I3F0,2,0,1,3,0,"(2,2,3,0)",21,ASSEMBLE,CUT=18/42;ASSEMBLE=24/42;INSPECT=30/63,false
C2A0T1I3F1,2,0,1,3,1,"(2,2,3,1)",19,CUT|ASSEMBLE+INSPECT,CUT=18/38;ASSEMBLE+INSPECT=54/114,true
C2A0T1I3F2,2,0,1,3,2,"(2,2,3,2)",19,CUT,CUT=18/38;ASSEMBLE+INSPECT=54/133,true
C2A0T1I3F3,2,0,1,3,3,"(2,2,3,3)",19,CUT,CUT=18/38;ASSEMBLE+INSPECT=54/152,true
C2A0T1I4F0,2,0,1,4,0,"(2,2,4,0)",20,ASSEMBLE,CUT=18/40;ASSEMBLE=24/40;INSPECT=30/80,false
C2A0T1I4F1,2,0,1,4,1,"(2,2,4,1)",19,CUT,CUT=18/38;ASSEMBLE+INSPECT=54/133,true
C2A0T1I4F2,2,0,1,4,2,"(2,2,4,2)",19,CUT,CUT=18/38;ASSEMBLE+INSPECT=54/152,true
C2A0T1I4F3,2,0,1,4,3,"(2,2,4,3)",19,CUT,CUT=18/38;ASSEMBLE+INSPECT=54/171,true
C2A0T2I0F1,2,0,2,0,1,"(2,4,0,1)",37,ASSEMBLE+INSPECT,CUT=18/74;ASSEMBLE+INSPECT=54/185,true
C2A0T2I0F2,2,0,2,0,2,"(2,4,0,2)",22,CUT|ASSEMBLE+INSPECT,CUT=18/44;ASSEMBLE+INSPECT=54/132,true
C2A0T2I0F3,2,0,2,0,3,"(2,4,0,3)",20,CUT,CUT=18/40;ASSEMBLE+INSPECT=54/140,true
C2A0T2I1F0,2,0,2,1,0,"(2,4,1,0)",37,INSPECT,CUT=18/74;ASSEMBLE=24/148;INSPECT=30/37,false
C2A0T2I1F1,2,0,2,1,1,"(2,4,1,1)",22,CUT|ASSEMBLE+INSPECT,CUT=18/44;ASSEMBLE+INSPECT=54/132,true
C2A0T2I1F2,2,0,2,1,2,"(2,4,1,2)",20,CUT,CUT=18/40;ASSEMBLE+INSPECT=54/140,true
C2A0T2I1F3,2,0,2,1,3,"(2,4,1,3)",18,CUT,CUT=18/36;ASSEMBLE+INSPECT=54/144,true
C2A0T2I2F0,2,0,2,2,0,"(2,4,2,0)",22,INSPECT,CUT=18/44;ASSEMBLE=24/88;INSPECT=30/44,false
C2A0T2I2F1,2,0,2,2,1,"(2,4,2,1)",20,CUT,CUT=18/40;ASSEMBLE+INSPECT=54/140,true
C2A0T2I2F2,2,0,2,2,2,"(2,4,2,2)",18,CUT,CUT=18/36;ASSEMBLE+INSPECT=54/144,true
C2A0T2I2F3,2,0,2,2,3,"(2,4,2,3)",18,CUT,CUT=18/36;ASSEMBLE+INSPECT=54/162,true
C2A0T2I3F0,2,0,2,3,0,"(2,4,3,0)",20,INSPECT,CUT=18/40;ASSEMBLE=24/80;INSPECT=30/60,false
C2A0T2I3F1,2,0,2,3,1,"(2,4,3,1)",18,CUT,CUT=18/36;ASSEMBLE+INSPECT=54/144,true
C2A0T2I3F2,2,0,2,3,2,"(2,4,3,2)",18,CUT,CUT=18/36;ASSEMBLE+INSPECT=54/162,true
C2A0T2I3F3,2,0,2,3,3,"(2,4,3,3)",18,CUT,CUT=18/36;ASSEMBLE+INSPECT=54/180,true
C2A0T2I4F0,2,0,2,4,0,"(2,4,4,0)",18,CUT,CUT=18/36;ASSEMBLE=24/72;INSPECT=30/72,false
C2A0T2I4F1,2,0,2,4,1,"(2,4,4,1)",18,CUT,CUT=18/36;ASSEMBLE+INSPECT=54/162,true
C2A0T2I4F2,2,0,2,4,2,"(2,4,4,2)",18,CUT,CUT=18/36;ASSEMBLE+INSPECT=54/180,true
C2A0T2I4F3,2,0,2,4,3,"(2,4,4,3)",18,CUT,CUT=18/36;ASSEMBLE+INSPECT=54/198,true
C2A0T3I0F1,2,0,3,0,1,"(2,6,0,1)",37,CUT,CUT=18/74;ASSEMBLE+INSPECT=54/259,true
C2A0T3I0F2,2,0,3,0,2,"(2,6,0,2)",22,CUT,CUT=18/44;ASSEMBLE+INSPECT=54/176,true
C2A0T3I0F3,2,0,3,0,3,"(2,6,0,3)",20,CUT,CUT=18/40;ASSEMBLE+INSPECT=54/180,true
C2A0T3I1F0,2,0,3,1,0,"(2,6,1,0)",37,INSPECT,CUT=18/74;ASSEMBLE=24/222;INSPECT=30/37,false
C2A0T3I1F1,2,0,3,1,1,"(2,6,1,1)",22,CUT,CUT=18/44;ASSEMBLE+INSPECT=54/176,true
C2A0T3I1F2,2,0,3,1,2,"(2,6,1,2)",20,CUT,CUT=18/40;ASSEMBLE+INSPECT=54/180,true
C2A0T3I1F3,2,0,3,1,3,"(2,6,1,3)",18,CUT,CUT=18/36;ASSEMBLE+INSPECT=54/180,true
C2A0T3I2F0,2,0,3,2,0,"(2,6,2,0)",22,INSPECT,CUT=18/44;ASSEMBLE=24/132;INSPECT=30/44,false
C2A0T3I2F1,2,0,3,2,1,"(2,6,2,1)",20,CUT,CUT=18/40;ASSEMBLE+INSPECT=54/180,true
C2A0T3I2F2,2,0,3,2,2,"(2,6,2,2)",18,CUT,CUT=18/36;ASSEMBLE+INSPECT=54/180,true
C2A0T3I2F3,2,0,3,2,3,"(2,6,2,3)",18,CUT,CUT=18/36;ASSEMBLE+INSPECT=54/198,true
C2A0T3I3F0,2,0,3,3,0,"(2,6,3,0)",20,INSPECT,CUT=18/40;ASSEMBLE=24/120;INSPECT=30/60,false
C2A0T3I3F1,2,0,3,3,1,"(2,6,3,1)",18,CUT,CUT=18/36;ASSEMBLE+INSPECT=54/180,true
C2A0T3I3F2,2,0,3,3,2,"(2,6,3,2)",18,CUT,CUT=18/36;ASSEMBLE+INSPECT=54/198,true
C2A0T3I3F3,2,0,3,3,3,"(2,6,3,3)",18,CUT,CUT=18/36;ASSEMBLE+INSPECT=54/216,true
C2A0T3I4F0,2,0,3,4,0,"(2,6,4,0)",18,CUT,CUT=18/36;ASSEMBLE=24/108;INSPECT=30/72,false
C2A0T3I4F1,2,0,3,4,1,"(2,6,4,1)",18,CUT,CUT=18/36;ASSEMBLE+INSPECT=54/198,true
C2A0T3I4F2,2,0,3,4,2,"(2,6,4,2)",18,CUT,CUT=18/36;ASSEMBLE+INSPECT=54/216,true
C2A0T3I4F3,2,0,3,4,3,"(2,6,4,3)",18,CUT,CUT=18/36;ASSEMBLE+INSPECT=54/234,true
C2A1T0I0F1,2,1,0,0,1,"(2,1,0,1)",37,ASSEMBLE+INSPECT,CUT=18/74;ASSEMBLE+INSPECT=54/74,true
C2A1T0I0F2,2,1,0,0,2,"(2,1,0,2)",26,ASSEMBLE+INSPECT,CUT=18/52;ASSEMBLE+INSPECT=54/78,true
C2A1T0I0F3,2,1,0,0,3,"(2,1,0,3)",21,ASSEMBLE+INSPECT,CUT=18/42;ASSEMBLE+INSPECT=54/84,true
C2A1T0I1F0,2,1,0,1,0,"(2,1,1,0)",37,INSPECT,CUT=18/74;ASSEMBLE=24/37;INSPECT=30/37,false
C2A1T0I1F1,2,1,0,1,1,"(2,1,1,1)",26,ASSEMBLE+INSPECT,CUT=18/52;ASSEMBLE+INSPECT=54/78,true
C2A1T0I1F2,2,1,0,1,2,"(2,1,1,2)",21,ASSEMBLE+INSPECT,CUT=18/42;ASSEMBLE+INSPECT=54/84,true
C2A1T0I1F3,2,1,0,1,3,"(2,1,1,3)",19,ASSEMBLE+INSPECT,CUT=18/38;ASSEMBLE+INSPECT=54/95,true
C2A1T0I2F0,2,1,0,2,0,"(2,1,2,0)",32,ASSEMBLE,CUT=18/64;ASSEMBLE=24/32;INSPECT=30/64,false
C2A1T0I2F1,2,1,0,2,1,"(2,1,2,1)",24,ASSEMBLE+INSPECT,CUT=18/48;ASSEMBLE+INSPECT=54/96,true
C2A1T0I2F2,2,1,0,2,2,"(2,1,2,2)",21,ASSEMBLE+INSPECT,CUT=18/42;ASSEMBLE+INSPECT=54/105,true
C2A1T0I2F3,2,1,0,2,3,"(2,1,2,3)",19,CUT|ASSEMBLE+INSPECT,CUT=18/38;ASSEMBLE+INSPECT=54/114,true
C2A1T0I3F0,2,1,0,3,0,"(2,1,3,0)",32,ASSEMBLE,CUT=18/64;ASSEMBLE=24/32;INSPECT=30/96,false
C2A1T0I3F1,2,1,0,3,1,"(2,1,3,1)",20,ASSEMBLE+INSPECT,CUT=18/40;ASSEMBLE+INSPECT=54/100,true
C2A1T0I3F2,2,1,0,3,2,"(2,1,3,2)",20,CUT|ASSEMBLE+INSPECT,CUT=18/40;ASSEMBLE+INSPECT=54/120,true
C2A1T0I3F3,2,1,0,3,3,"(2,1,3,3)",19,CUT,CUT=18/38;ASSEMBLE+INSPECT=54/133,true
C2A1T0I4F0,2,1,0,4,0,"(2,1,4,0)",32,ASSEMBLE,CUT=18/64;ASSEMBLE=24/32;INSPECT=30/128,false
C2A1T0I4F1,2,1,0,4,1,"(2,1,4,1)",20,CUT|ASSEMBLE+INSPECT,CUT=18/40;ASSEMBLE+INSPECT=54/120,true
C2A1T0I4F2,2,1,0,4,2,"(2,1,4,2)",20,CUT,CUT=18/40;ASSEMBLE+INSPECT=54/140,true
C2A1T0I4F3,2,1,0,4,3,"(2,1,4,3)",19,CUT,CUT=18/38;ASSEMBLE+INSPECT=54/152,true
C2A1T1I0F1,2,1,1,0,1,"(2,3,0,1)",37,ASSEMBLE+INSPECT,CUT=18/74;ASSEMBLE+INSPECT=54/148,true
C2A1T1I0F2,2,1,1,0,2,"(2,3,0,2)",22,ASSEMBLE+INSPECT,CUT=18/44;ASSEMBLE+INSPECT=54/110,true
C2A1T1I0F3,2,1,1,0,3,"(2,3,0,3)",20,CUT|ASSEMBLE+INSPECT,CUT=18/40;ASSEMBLE+INSPECT=54/120,true
C2A1T1I1F0,2,1,1,1,0,"(2,3,1,0)",37,INSPECT,CUT=18/74;ASSEMBLE=24/111;INSPECT=30/37,false
C2A1T1I1F1,2,1,1,1,1,"(2,3,1,1)",22,ASSEMBLE+INSPECT,CUT=18/44;ASSEMBLE+INSPECT=54/110,true
C2A1T1I1F2,2,1,1,1,2,"(2,3,1,2)",20,CUT|ASSEMBLE+INSPECT,CUT=18/40;ASSEMBLE+INSPECT=54/120,true
C2A1T1I1F3,2,1,1,1,3,"(2,3,1,3)",18,CUT,CUT=18/36;ASSEMBLE+INSPECT=54/126,true
C2A1T1I2F0,2,1,1,2,0,"(2,3,2,0)",22,INSPECT,CUT=18/44;ASSEMBLE=24/66;INSPECT=30/44,false
C2A1T1I2F1,2,1,1,2,1,"(2,3,2,1)",20,CUT|ASSEMBLE+INSPECT,CUT=18/40;ASSEMBLE+INSPECT=54/120,true
C2A1T1I2F2,2,1,1,2,2,"(2,3,2,2)",19,CUT,CUT=18/38;ASSEMBLE+INSPECT=54/133,true
C2A1T1I2F3,2,1,1,2,3,"(2,3,2,3)",18,CUT,CUT=18/36;ASSEMBLE+INSPECT=54/144,true
C2A1T1I3F0,2,1,1,3,0,"(2,3,3,0)",20,INSPECT,CUT=18/40;ASSEMBLE=24/60;INSPECT=30/60,false
C2A1T1I3F1,2,1,1,3,1,"(2,3,3,1)",19,CUT,CUT=18/38;ASSEMBLE+INSPECT=54/133,true
C2A1T1I3F2,2,1,1,3,2,"(2,3,3,2)",19,CUT,CUT=18/38;ASSEMBLE+INSPECT=54/152,true
C2A1T1I3F3,2,1,1,3,3,"(2,3,3,3)",18,CUT,CUT=18/36;ASSEMBLE+INSPECT=54/162,true
C2A1T1I4F0,2,1,1,4,0,"(2,3,4,0)",19,CUT,CUT=18/38;ASSEMBLE=24/57;INSPECT=30/76,false
C2A1T1I4F1,2,1,1,4,1,"(2,3,4,1)",19,CUT,CUT=18/38;ASSEMBLE+INSPECT=54/152,true
C2A1T1I4F2,2,1,1,4,2,"(2,3,4,2)",19,CUT,CUT=18/38;ASSEMBLE+INSPECT=54/171,true
C2A1T1I4F3,2,1,1,4,3,"(2,3,4,3)",18,CUT,CUT=18/36;ASSEMBLE+INSPECT=54/180,true
C2A1T2I0F1,2,1,2,0,1,"(2,5,0,1)",37,CUT|ASSEMBLE+INSPECT,CUT=18/74;ASSEMBLE+INSPECT=54/222,true
C2A1T2I0F2,2,1,2,0,2,"(2,5,0,2)",22,CUT,CUT=18/44;ASSEMBLE+INSPECT=54/154,true
C2A1T2I0F3,2,1,2,0,3,"(2,5,0,3)",20,CUT,CUT=18/40;ASSEMBLE+INSPECT=54/160,true
C2A1T2I1F0,2,1,2,1,0,"(2,5,1,0)",37,INSPECT,CUT=18/74;ASSEMBLE=24/185;INSPECT=30/37,false
C2A1T2I1F1,2,1,2,1,1,"(2,5,1,1)",22,CUT,CUT=18/44;ASSEMBLE+INSPECT=54/154,true
C2A1T2I1F2,2,1,2,1,2,"(2,5,1,2)",20,CUT,CUT=18/40;ASSEMBLE+INSPECT=54/160,true
C2A1T2I1F3,2,1,2,1,3,"(2,5,1,3)",18,CUT,CUT=18/36;ASSEMBLE+INSPECT=54/162,true
C2A1T2I2F0,2,1,2,2,0,"(2,5,2,0)",22,INSPECT,CUT=18/44;ASSEMBLE=24/110;INSPECT=30/44,false
C2A1T2I2F1,2,1,2,2,1,"(2,5,2,1)",20,CUT,CUT=18/40;ASSEMBLE+INSPECT=54/160,true
C2A1T2I2F2,2,1,2,2,2,"(2,5,2,2)",18,CUT,CUT=18/36;ASSEMBLE+INSPECT=54/162,true
C2A1T2I2F3,2,1,2,2,3,"(2,5,2,3)",18,CUT,CUT=18/36;ASSEMBLE+INSPECT=54/180,true
C2A1T2I3F0,2,1,2,3,0,"(2,5,3,0)",20,INSPECT,CUT=18/40;ASSEMBLE=24/100;INSPECT=30/60,false
C2A1T2I3F1,2,1,2,3,1,"(2,5,3,1)",18,CUT,CUT=18/36;ASSEMBLE+INSPECT=54/162,true
C2A1T2I3F2,2,1,2,3,2,"(2,5,3,2)",18,CUT,CUT=18/36;ASSEMBLE+INSPECT=54/180,true
C2A1T2I3F3,2,1,2,3,3,"(2,5,3,3)",18,CUT,CUT=18/36;ASSEMBLE+INSPECT=54/198,true
C2A1T2I4F0,2,1,2,4,0,"(2,5,4,0)",18,CUT,CUT=18/36;ASSEMBLE=24/90;INSPECT=30/72,false
C2A1T2I4F1,2,1,2,4,1,"(2,5,4,1)",18,CUT,CUT=18/36;ASSEMBLE+INSPECT=54/180,true
C2A1T2I4F2,2,1,2,4,2,"(2,5,4,2)",18,CUT,CUT=18/36;ASSEMBLE+INSPECT=54/198,true
C2A1T2I4F3,2,1,2,4,3,"(2,5,4,3)",18,CUT,CUT=18/36;ASSEMBLE+INSPECT=54/216,true
C2A1T3I0F1,2,1,3,0,1,"(2,7,0,1)",37,CUT,CUT=18/74;ASSEMBLE+INSPECT=54/296,true
C2A1T3I0F2,2,1,3,0,2,"(2,7,0,2)",22,CUT,CUT=18/44;ASSEMBLE+INSPECT=54/198,true
C2A1T3I0F3,2,1,3,0,3,"(2,7,0,3)",20,CUT,CUT=18/40;ASSEMBLE+INSPECT=54/200,true
C2A1T3I1F0,2,1,3,1,0,"(2,7,1,0)",37,INSPECT,CUT=18/74;ASSEMBLE=24/259;INSPECT=30/37,false
C2A1T3I1F1,2,1,3,1,1,"(2,7,1,1)",22,CUT,CUT=18/44;ASSEMBLE+INSPECT=54/198,true
C2A1T3I1F2,2,1,3,1,2,"(2,7,1,2)",20,CUT,CUT=18/40;ASSEMBLE+INSPECT=54/200,true
C2A1T3I1F3,2,1,3,1,3,"(2,7,1,3)",18,CUT,CUT=18/36;ASSEMBLE+INSPECT=54/198,true
C2A1T3I2F0,2,1,3,2,0,"(2,7,2,0)",22,INSPECT,CUT=18/44;ASSEMBLE=24/154;INSPECT=30/44,false
C2A1T3I2F1,2,1,3,2,1,"(2,7,2,1)",20,CUT,CUT=18/40;ASSEMBLE+INSPECT=54/200,true
C2A1T3I2F2,2,1,3,2,2,"(2,7,2,2)",18,CUT,CUT=18/36;ASSEMBLE+INSPECT=54/198,true
C2A1T3I2F3,2,1,3,2,3,"(2,7,2,3)",18,CUT,CUT=18/36;ASSEMBLE+INSPECT=54/216,true
C2A1T3I3F0,2,1,3,3,0,"(2,7,3,0)",20,INSPECT,CUT=18/40;ASSEMBLE=24/140;INSPECT=30/60,false
C2A1T3I3F1,2,1,3,3,1,"(2,7,3,1)",18,CUT,CUT=18/36;ASSEMBLE+INSPECT=54/198,true
C2A1T3I3F2,2,1,3,3,2,"(2,7,3,2)",18,CUT,CUT=18/36;ASSEMBLE+INSPECT=54/216,true
C2A1T3I3F3,2,1,3,3,3,"(2,7,3,3)",18,CUT,CUT=18/36;ASSEMBLE+INSPECT=54/234,true
C2A1T3I4F0,2,1,3,4,0,"(2,7,4,0)",18,CUT,CUT=18/36;ASSEMBLE=24/126;INSPECT=30/72,false
C2A1T3I4F1,2,1,3,4,1,"(2,7,4,1)",18,CUT,CUT=18/36;ASSEMBLE+INSPECT=54/216,true
C2A1T3I4F2,2,1,3,4,2,"(2,7,4,2)",18,CUT,CUT=18/36;ASSEMBLE+INSPECT=54/234,true
C2A1T3I4F3,2,1,3,4,3,"(2,7,4,3)",18,CUT,CUT=18/36;ASSEMBLE+INSPECT=54/252,true
C2A2T0I0F1,2,2,0,0,1,"(2,2,0,1)",37,ASSEMBLE+INSPECT,CUT=18/74;ASSEMBLE+INSPECT=54/111,true
C2A2T0I0F2,2,2,0,0,2,"(2,2,0,2)",22,ASSEMBLE+INSPECT,CUT=18/44;ASSEMBLE+INSPECT=54/88,true
C2A2T0I0F3,2,2,0,0,3,"(2,2,0,3)",20,ASSEMBLE+INSPECT,CUT=18/40;ASSEMBLE+INSPECT=54/100,true
C2A2T0I1F0,2,2,0,1,0,"(2,2,1,0)",37,INSPECT,CUT=18/74;ASSEMBLE=24/74;INSPECT=30/37,false
C2A2T0I1F1,2,2,0,1,1,"(2,2,1,1)",26,ASSEMBLE+INSPECT,CUT=18/52;ASSEMBLE+INSPECT=54/104,true
C2A2T0I1F2,2,2,0,1,2,"(2,2,1,2)",20,ASSEMBLE+INSPECT,CUT=18/40;ASSEMBLE+INSPECT=54/100,true
C2A2T0I1F3,2,2,0,1,3,"(2,2,1,3)",19,CUT|ASSEMBLE+INSPECT,CUT=18/38;ASSEMBLE+INSPECT=54/114,true
C2A2T0I2F0,2,2,0,2,0,"(2,2,2,0)",22,INSPECT,CUT=18/44;ASSEMBLE=24/44;INSPECT=30/44,false
C2A2T0I2F1,2,2,0,2,1,"(2,2,2,1)",21,ASSEMBLE+INSPECT,CUT=18/42;ASSEMBLE+INSPECT=54/105,true
C2A2T0I2F2,2,2,0,2,2,"(2,2,2,2)",19,CUT|ASSEMBLE+INSPECT,CUT=18/38;ASSEMBLE+INSPECT=54/114,true
C2A2T0I2F3,2,2,0,2,3,"(2,2,2,3)",19,CUT,CUT=18/38;ASSEMBLE+INSPECT=54/133,true
C2A2T0I3F0,2,2,0,3,0,"(2,2,3,0)",21,ASSEMBLE,CUT=18/42;ASSEMBLE=24/42;INSPECT=30/63,false
C2A2T0I3F1,2,2,0,3,1,"(2,2,3,1)",19,CUT|ASSEMBLE+INSPECT,CUT=18/38;ASSEMBLE+INSPECT=54/114,true
C2A2T0I3F2,2,2,0,3,2,"(2,2,3,2)",19,CUT,CUT=18/38;ASSEMBLE+INSPECT=54/133,true
C2A2T0I3F3,2,2,0,3,3,"(2,2,3,3)",19,CUT,CUT=18/38;ASSEMBLE+INSPECT=54/152,true
C2A2T0I4F0,2,2,0,4,0,"(2,2,4,0)",20,ASSEMBLE,CUT=18/40;ASSEMBLE=24/40;INSPECT=30/80,false
C2A2T0I4F1,2,2,0,4,1,"(2,2,4,1)",19,CUT,CUT=18/38;ASSEMBLE+INSPECT=54/133,true
C2A2T0I4F2,2,2,0,4,2,"(2,2,4,2)",19,CUT,CUT=18/38;ASSEMBLE+INSPECT=54/152,true
C2A2T0I4F3,2,2,0,4,3,"(2,2,4,3)",19,CUT,CUT=18/38;ASSEMBLE+INSPECT=54/171,true
C2A2T1I0F1,2,2,1,0,1,"(2,4,0,1)",37,ASSEMBLE+INSPECT,CUT=18/74;ASSEMBLE+INSPECT=54/185,true
C2A2T1I0F2,2,2,1,0,2,"(2,4,0,2)",22,CUT|ASSEMBLE+INSPECT,CUT=18/44;ASSEMBLE+INSPECT=54/132,true
C2A2T1I0F3,2,2,1,0,3,"(2,4,0,3)",20,CUT,CUT=18/40;ASSEMBLE+INSPECT=54/140,true
C2A2T1I1F0,2,2,1,1,0,"(2,4,1,0)",37,INSPECT,CUT=18/74;ASSEMBLE=24/148;INSPECT=30/37,false
C2A2T1I1F1,2,2,1,1,1,"(2,4,1,1)",22,CUT|ASSEMBLE+INSPECT,CUT=18/44;ASSEMBLE+INSPECT=54/132,true
C2A2T1I1F2,2,2,1,1,2,"(2,4,1,2)",20,CUT,CUT=18/40;ASSEMBLE+INSPECT=54/140,true
C2A2T1I1F3,2,2,1,1,3,"(2,4,1,3)",18,CUT,CUT=18/36;ASSEMBLE+INSPECT=54/144,true
C2A2T1I2F0,2,2,1,2,0,"(2,4,2,0)",22,INSPECT,CUT=18/44;ASSEMBLE=24/88;INSPECT=30/44,false
C2A2T1I2F1,2,2,1,2,1,"(2,4,2,1)",20,CUT,CUT=18/40;ASSEMBLE+INSPECT=54/140,true
C2A2T1I2F2,2,2,1,2,2,"(2,4,2,2)",18,CUT,CUT=18/36;ASSEMBLE+INSPECT=54/144,true
C2A2T1I2F3,2,2,1,2,3,"(2,4,2,3)",18,CUT,CUT=18/36;ASSEMBLE+INSPECT=54/162,true
C2A2T1I3F0,2,2,1,3,0,"(2,4,3,0)",20,INSPECT,CUT=18/40;ASSEMBLE=24/80;INSPECT=30/60,false
C2A2T1I3F1,2,2,1,3,1,"(2,4,3,1)",18,CUT,CUT=18/36;ASSEMBLE+INSPECT=54/144,true
C2A2T1I3F2,2,2,1,3,2,"(2,4,3,2)",18,CUT,CUT=18/36;ASSEMBLE+INSPECT=54/162,true
C2A2T1I3F3,2,2,1,3,3,"(2,4,3,3)",18,CUT,CUT=18/36;ASSEMBLE+INSPECT=54/180,true
C2A2T1I4F0,2,2,1,4,0,"(2,4,4,0)",18,CUT,CUT=18/36;ASSEMBLE=24/72;INSPECT=30/72,false
C2A2T1I4F1,2,2,1,4,1,"(2,4,4,1)",18,CUT,CUT=18/36;ASSEMBLE+INSPECT=54/162,true
C2A2T1I4F2,2,2,1,4,2,"(2,4,4,2)",18,CUT,CUT=18/36;ASSEMBLE+INSPECT=54/180,true
C2A2T1I4F3,2,2,1,4,3,"(2,4,4,3)",18,CUT,CUT=18/36;ASSEMBLE+INSPECT=54/198,true
C2A2T2I0F1,2,2,2,0,1,"(2,6,0,1)",37,CUT,CUT=18/74;ASSEMBLE+INSPECT=54/259,true
C2A2T2I0F2,2,2,2,0,2,"(2,6,0,2)",22,CUT,CUT=18/44;ASSEMBLE+INSPECT=54/176,true
C2A2T2I0F3,2,2,2,0,3,"(2,6,0,3)",20,CUT,CUT=18/40;ASSEMBLE+INSPECT=54/180,true
C2A2T2I1F0,2,2,2,1,0,"(2,6,1,0)",37,INSPECT,CUT=18/74;ASSEMBLE=24/222;INSPECT=30/37,false
C2A2T2I1F1,2,2,2,1,1,"(2,6,1,1)",22,CUT,CUT=18/44;ASSEMBLE+INSPECT=54/176,true
C2A2T2I1F2,2,2,2,1,2,"(2,6,1,2)",20,CUT,CUT=18/40;ASSEMBLE+INSPECT=54/180,true
C2A2T2I1F3,2,2,2,1,3,"(2,6,1,3)",18,CUT,CUT=18/36;ASSEMBLE+INSPECT=54/180,true
C2A2T2I2F0,2,2,2,2,0,"(2,6,2,0)",22,INSPECT,CUT=18/44;ASSEMBLE=24/132;INSPECT=30/44,false
C2A2T2I2F1,2,2,2,2,1,"(2,6,2,1)",20,CUT,CUT=18/40;ASSEMBLE+INSPECT=54/180,true
C2A2T2I2F2,2,2,2,2,2,"(2,6,2,2)",18,CUT,CUT=18/36;ASSEMBLE+INSPECT=54/180,true
C2A2T2I2F3,2,2,2,2,3,"(2,6,2,3)",18,CUT,CUT=18/36;ASSEMBLE+INSPECT=54/198,true
C2A2T2I3F0,2,2,2,3,0,"(2,6,3,0)",20,INSPECT,CUT=18/40;ASSEMBLE=24/120;INSPECT=30/60,false
C2A2T2I3F1,2,2,2,3,1,"(2,6,3,1)",18,CUT,CUT=18/36;ASSEMBLE+INSPECT=54/180,true
C2A2T2I3F2,2,2,2,3,2,"(2,6,3,2)",18,CUT,CUT=18/36;ASSEMBLE+INSPECT=54/198,true
C2A2T2I3F3,2,2,2,3,3,"(2,6,3,3)",18,CUT,CUT=18/36;ASSEMBLE+INSPECT=54/216,true
C2A2T2I4F0,2,2,2,4,0,"(2,6,4,0)",18,CUT,CUT=18/36;ASSEMBLE=24/108;INSPECT=30/72,false
C2A2T2I4F1,2,2,2,4,1,"(2,6,4,1)",18,CUT,CUT=18/36;ASSEMBLE+INSPECT=54/198,true
C2A2T2I4F2,2,2,2,4,2,"(2,6,4,2)",18,CUT,CUT=18/36;ASSEMBLE+INSPECT=54/216,true
C2A2T2I4F3,2,2,2,4,3,"(2,6,4,3)",18,CUT,CUT=18/36;ASSEMBLE+INSPECT=54/234,true
C2A2T3I0F1,2,2,3,0,1,"(2,8,0,1)",37,CUT,CUT=18/74;ASSEMBLE+INSPECT=54/333,true
C2A2T3I0F2,2,2,3,0,2,"(2,8,0,2)",22,CUT,CUT=18/44;ASSEMBLE+INSPECT=54/220,true
C2A2T3I0F3,2,2,3,0,3,"(2,8,0,3)",20,CUT,CUT=18/40;ASSEMBLE+INSPECT=54/220,true
C2A2T3I1F0,2,2,3,1,0,"(2,8,1,0)",37,INSPECT,CUT=18/74;ASSEMBLE=24/296;INSPECT=30/37,false
C2A2T3I1F1,2,2,3,1,1,"(2,8,1,1)",22,CUT,CUT=18/44;ASSEMBLE+INSPECT=54/220,true
C2A2T3I1F2,2,2,3,1,2,"(2,8,1,2)",20,CUT,CUT=18/40;ASSEMBLE+INSPECT=54/220,true
C2A2T3I1F3,2,2,3,1,3,"(2,8,1,3)",18,CUT,CUT=18/36;ASSEMBLE+INSPECT=54/216,true
C2A2T3I2F0,2,2,3,2,0,"(2,8,2,0)",22,INSPECT,CUT=18/44;ASSEMBLE=24/176;INSPECT=30/44,false
C2A2T3I2F1,2,2,3,2,1,"(2,8,2,1)",20,CUT,CUT=18/40;ASSEMBLE+INSPECT=54/220,true
C2A2T3I2F2,2,2,3,2,2,"(2,8,2,2)",18,CUT,CUT=18/36;ASSEMBLE+INSPECT=54/216,true
C2A2T3I2F3,2,2,3,2,3,"(2,8,2,3)",18,CUT,CUT=18/36;ASSEMBLE+INSPECT=54/234,true
C2A2T3I3F0,2,2,3,3,0,"(2,8,3,0)",20,INSPECT,CUT=18/40;ASSEMBLE=24/160;INSPECT=30/60,false
C2A2T3I3F1,2,2,3,3,1,"(2,8,3,1)",18,CUT,CUT=18/36;ASSEMBLE+INSPECT=54/216,true
C2A2T3I3F2,2,2,3,3,2,"(2,8,3,2)",18,CUT,CUT=18/36;ASSEMBLE+INSPECT=54/234,true
C2A2T3I3F3,2,2,3,3,3,"(2,8,3,3)",18,CUT,CUT=18/36;ASSEMBLE+INSPECT=54/252,true
C2A2T3I4F0,2,2,3,4,0,"(2,8,4,0)",18,CUT,CUT=18/36;ASSEMBLE=24/144;INSPECT=30/72,false
C2A2T3I4F1,2,2,3,4,1,"(2,8,4,1)",18,CUT,CUT=18/36;ASSEMBLE+INSPECT=54/234,true
C2A2T3I4F2,2,2,3,4,2,"(2,8,4,2)",18,CUT,CUT=18/36;ASSEMBLE+INSPECT=54/252,true
C2A2T3I4F3,2,2,3,4,3,"(2,8,4,3)",18,CUT,CUT=18/36;ASSEMBLE+INSPECT=54/270,true
C2A3T0I0F1,2,3,0,0,1,"(2,3,0,1)",37,ASSEMBLE+INSPECT,CUT=18/74;ASSEMBLE+INSPECT=54/148,true
C2A3T0I0F2,2,3,0,0,2,"(2,3,0,2)",22,ASSEMBLE+INSPECT,CUT=18/44;ASSEMBLE+INSPECT=54/110,true
C2A3T0I0F3,2,3,0,0,3,"(2,3,0,3)",20,CUT|ASSEMBLE+INSPECT,CUT=18/40;ASSEMBLE+INSPECT=54/120,true
C2A3T0I1F0,2,3,0,1,0,"(2,3,1,0)",37,INSPECT,CUT=18/74;ASSEMBLE=24/111;INSPECT=30/37,false
C2A3T0I1F1,2,3,0,1,1,"(2,3,1,1)",22,ASSEMBLE+INSPECT,CUT=18/44;ASSEMBLE+INSPECT=54/110,true
C2A3T0I1F2,2,3,0,1,2,"(2,3,1,2)",20,CUT|ASSEMBLE+INSPECT,CUT=18/40;ASSEMBLE+INSPECT=54/120,true
C2A3T0I1F3,2,3,0,1,3,"(2,3,1,3)",18,CUT,CUT=18/36;ASSEMBLE+INSPECT=54/126,true
C2A3T0I2F0,2,3,0,2,0,"(2,3,2,0)",22,INSPECT,CUT=18/44;ASSEMBLE=24/66;INSPECT=30/44,false
C2A3T0I2F1,2,3,0,2,1,"(2,3,2,1)",20,CUT|ASSEMBLE+INSPECT,CUT=18/40;ASSEMBLE+INSPECT=54/120,true
C2A3T0I2F2,2,3,0,2,2,"(2,3,2,2)",19,CUT,CUT=18/38;ASSEMBLE+INSPECT=54/133,true
C2A3T0I2F3,2,3,0,2,3,"(2,3,2,3)",18,CUT,CUT=18/36;ASSEMBLE+INSPECT=54/144,true
C2A3T0I3F0,2,3,0,3,0,"(2,3,3,0)",20,INSPECT,CUT=18/40;ASSEMBLE=24/60;INSPECT=30/60,false
C2A3T0I3F1,2,3,0,3,1,"(2,3,3,1)",19,CUT,CUT=18/38;ASSEMBLE+INSPECT=54/133,true
C2A3T0I3F2,2,3,0,3,2,"(2,3,3,2)",19,CUT,CUT=18/38;ASSEMBLE+INSPECT=54/152,true
C2A3T0I3F3,2,3,0,3,3,"(2,3,3,3)",18,CUT,CUT=18/36;ASSEMBLE+INSPECT=54/162,true
C2A3T0I4F0,2,3,0,4,0,"(2,3,4,0)",19,CUT,CUT=18/38;ASSEMBLE=24/57;INSPECT=30/76,false
C2A3T0I4F1,2,3,0,4,1,"(2,3,4,1)",19,CUT,CUT=18/38;ASSEMBLE+INSPECT=54/152,true
C2A3T0I4F2,2,3,0,4,2,"(2,3,4,2)",19,CUT,CUT=18/38;ASSEMBLE+INSPECT=54/171,true
C2A3T0I4F3,2,3,0,4,3,"(2,3,4,3)",18,CUT,CUT=18/36;ASSEMBLE+INSPECT=54/180,true
C2A3T1I0F1,2,3,1,0,1,"(2,5,0,1)",37,CUT|ASSEMBLE+INSPECT,CUT=18/74;ASSEMBLE+INSPECT=54/222,true
C2A3T1I0F2,2,3,1,0,2,"(2,5,0,2)",22,CUT,CUT=18/44;ASSEMBLE+INSPECT=54/154,true
C2A3T1I0F3,2,3,1,0,3,"(2,5,0,3)",20,CUT,CUT=18/40;ASSEMBLE+INSPECT=54/160,true
C2A3T1I1F0,2,3,1,1,0,"(2,5,1,0)",37,INSPECT,CUT=18/74;ASSEMBLE=24/185;INSPECT=30/37,false
C2A3T1I1F1,2,3,1,1,1,"(2,5,1,1)",22,CUT,CUT=18/44;ASSEMBLE+INSPECT=54/154,true
C2A3T1I1F2,2,3,1,1,2,"(2,5,1,2)",20,CUT,CUT=18/40;ASSEMBLE+INSPECT=54/160,true
C2A3T1I1F3,2,3,1,1,3,"(2,5,1,3)",18,CUT,CUT=18/36;ASSEMBLE+INSPECT=54/162,true
C2A3T1I2F0,2,3,1,2,0,"(2,5,2,0)",22,INSPECT,CUT=18/44;ASSEMBLE=24/110;INSPECT=30/44,false
C2A3T1I2F1,2,3,1,2,1,"(2,5,2,1)",20,CUT,CUT=18/40;ASSEMBLE+INSPECT=54/160,true
C2A3T1I2F2,2,3,1,2,2,"(2,5,2,2)",18,CUT,CUT=18/36;ASSEMBLE+INSPECT=54/162,true
C2A3T1I2F3,2,3,1,2,3,"(2,5,2,3)",18,CUT,CUT=18/36;ASSEMBLE+INSPECT=54/180,true
C2A3T1I3F0,2,3,1,3,0,"(2,5,3,0)",20,INSPECT,CUT=18/40;ASSEMBLE=24/100;INSPECT=30/60,false
C2A3T1I3F1,2,3,1,3,1,"(2,5,3,1)",18,CUT,CUT=18/36;ASSEMBLE+INSPECT=54/162,true
C2A3T1I3F2,2,3,1,3,2,"(2,5,3,2)",18,CUT,CUT=18/36;ASSEMBLE+INSPECT=54/180,true
C2A3T1I3F3,2,3,1,3,3,"(2,5,3,3)",18,CUT,CUT=18/36;ASSEMBLE+INSPECT=54/198,true
C2A3T1I4F0,2,3,1,4,0,"(2,5,4,0)",18,CUT,CUT=18/36;ASSEMBLE=24/90;INSPECT=30/72,false
C2A3T1I4F1,2,3,1,4,1,"(2,5,4,1)",18,CUT,CUT=18/36;ASSEMBLE+INSPECT=54/180,true
C2A3T1I4F2,2,3,1,4,2,"(2,5,4,2)",18,CUT,CUT=18/36;ASSEMBLE+INSPECT=54/198,true
C2A3T1I4F3,2,3,1,4,3,"(2,5,4,3)",18,CUT,CUT=18/36;ASSEMBLE+INSPECT=54/216,true
C2A3T2I0F1,2,3,2,0,1,"(2,7,0,1)",37,CUT,CUT=18/74;ASSEMBLE+INSPECT=54/296,true
C2A3T2I0F2,2,3,2,0,2,"(2,7,0,2)",22,CUT,CUT=18/44;ASSEMBLE+INSPECT=54/198,true
C2A3T2I0F3,2,3,2,0,3,"(2,7,0,3)",20,CUT,CUT=18/40;ASSEMBLE+INSPECT=54/200,true
C2A3T2I1F0,2,3,2,1,0,"(2,7,1,0)",37,INSPECT,CUT=18/74;ASSEMBLE=24/259;INSPECT=30/37,false
C2A3T2I1F1,2,3,2,1,1,"(2,7,1,1)",22,CUT,CUT=18/44;ASSEMBLE+INSPECT=54/198,true
C2A3T2I1F2,2,3,2,1,2,"(2,7,1,2)",20,CUT,CUT=18/40;ASSEMBLE+INSPECT=54/200,true
C2A3T2I1F3,2,3,2,1,3,"(2,7,1,3)",18,CUT,CUT=18/36;ASSEMBLE+INSPECT=54/198,true
C2A3T2I2F0,2,3,2,2,0,"(2,7,2,0)",22,INSPECT,CUT=18/44;ASSEMBLE=24/154;INSPECT=30/44,false
C2A3T2I2F1,2,3,2,2,1,"(2,7,2,1)",20,CUT,CUT=18/40;ASSEMBLE+INSPECT=54/200,true
C2A3T2I2F2,2,3,2,2,2,"(2,7,2,2)",18,CUT,CUT=18/36;ASSEMBLE+INSPECT=54/198,true
C2A3T2I2F3,2,3,2,2,3,"(2,7,2,3)",18,CUT,CUT=18/36;ASSEMBLE+INSPECT=54/216,true
C2A3T2I3F0,2,3,2,3,0,"(2,7,3,0)",20,INSPECT,CUT=18/40;ASSEMBLE=24/140;INSPECT=30/60,false
C2A3T2I3F1,2,3,2,3,1,"(2,7,3,1)",18,CUT,CUT=18/36;ASSEMBLE+INSPECT=54/198,true
C2A3T2I3F2,2,3,2,3,2,"(2,7,3,2)",18,CUT,CUT=18/36;ASSEMBLE+INSPECT=54/216,true
C2A3T2I3F3,2,3,2,3,3,"(2,7,3,3)",18,CUT,CUT=18/36;ASSEMBLE+INSPECT=54/234,true
C2A3T2I4F0,2,3,2,4,0,"(2,7,4,0)",18,CUT,CUT=18/36;ASSEMBLE=24/126;INSPECT=30/72,false
C2A3T2I4F1,2,3,2,4,1,"(2,7,4,1)",18,CUT,CUT=18/36;ASSEMBLE+INSPECT=54/216,true
C2A3T2I4F2,2,3,2,4,2,"(2,7,4,2)",18,CUT,CUT=18/36;ASSEMBLE+INSPECT=54/234,true
C2A3T2I4F3,2,3,2,4,3,"(2,7,4,3)",18,CUT,CUT=18/36;ASSEMBLE+INSPECT=54/252,true
C2A3T3I0F1,2,3,3,0,1,"(2,9,0,1)",37,CUT,CUT=18/74;ASSEMBLE+INSPECT=54/370,true
C2A3T3I0F2,2,3,3,0,2,"(2,9,0,2)",22,CUT,CUT=18/44;ASSEMBLE+INSPECT=54/242,true
C2A3T3I0F3,2,3,3,0,3,"(2,9,0,3)",20,CUT,CUT=18/40;ASSEMBLE+INSPECT=54/240,true
C2A3T3I1F0,2,3,3,1,0,"(2,9,1,0)",37,INSPECT,CUT=18/74;ASSEMBLE=24/333;INSPECT=30/37,false
C2A3T3I1F1,2,3,3,1,1,"(2,9,1,1)",22,CUT,CUT=18/44;ASSEMBLE+INSPECT=54/242,true
C2A3T3I1F2,2,3,3,1,2,"(2,9,1,2)",20,CUT,CUT=18/40;ASSEMBLE+INSPECT=54/240,true
C2A3T3I1F3,2,3,3,1,3,"(2,9,1,3)",18,CUT,CUT=18/36;ASSEMBLE+INSPECT=54/234,true
C2A3T3I2F0,2,3,3,2,0,"(2,9,2,0)",22,INSPECT,CUT=18/44;ASSEMBLE=24/198;INSPECT=30/44,false
C2A3T3I2F1,2,3,3,2,1,"(2,9,2,1)",20,CUT,CUT=18/40;ASSEMBLE+INSPECT=54/240,true
C2A3T3I2F2,2,3,3,2,2,"(2,9,2,2)",18,CUT,CUT=18/36;ASSEMBLE+INSPECT=54/234,true
C2A3T3I2F3,2,3,3,2,3,"(2,9,2,3)",18,CUT,CUT=18/36;ASSEMBLE+INSPECT=54/252,true
C2A3T3I3F0,2,3,3,3,0,"(2,9,3,0)",20,INSPECT,CUT=18/40;ASSEMBLE=24/180;INSPECT=30/60,false
C2A3T3I3F1,2,3,3,3,1,"(2,9,3,1)",18,CUT,CUT=18/36;ASSEMBLE+INSPECT=54/234,true
C2A3T3I3F2,2,3,3,3,2,"(2,9,3,2)",18,CUT,CUT=18/36;ASSEMBLE+INSPECT=54/252,true
C2A3T3I3F3,2,3,3,3,3,"(2,9,3,3)",18,CUT,CUT=18/36;ASSEMBLE+INSPECT=54/270,true
C2A3T3I4F0,2,3,3,4,0,"(2,9,4,0)",18,CUT,CUT=18/36;ASSEMBLE=24/162;INSPECT=30/72,false
C2A3T3I4F1,2,3,3,4,1,"(2,9,4,1)",18,CUT,CUT=18/36;ASSEMBLE+INSPECT=54/252,true
C2A3T3I4F2,2,3,3,4,2,"(2,9,4,2)",18,CUT,CUT=18/36;ASSEMBLE+INSPECT=54/270,true
C2A3T3I4F3,2,3,3,4,3,"(2,9,4,3)",18,CUT,CUT=18/36;ASSEMBLE+INSPECT=54/288,true
C2A4T0I0F1,2,4,0,0,1,"(2,4,0,1)",37,ASSEMBLE+INSPECT,CUT=18/74;ASSEMBLE+INSPECT=54/185,true
C2A4T0I0F2,2,4,0,0,2,"(2,4,0,2)",22,CUT|ASSEMBLE+INSPECT,CUT=18/44;ASSEMBLE+INSPECT=54/132,true
C2A4T0I0F3,2,4,0,0,3,"(2,4,0,3)",20,CUT,CUT=18/40;ASSEMBLE+INSPECT=54/140,true
C2A4T0I1F0,2,4,0,1,0,"(2,4,1,0)",37,INSPECT,CUT=18/74;ASSEMBLE=24/148;INSPECT=30/37,false
C2A4T0I1F1,2,4,0,1,1,"(2,4,1,1)",22,CUT|ASSEMBLE+INSPECT,CUT=18/44;ASSEMBLE+INSPECT=54/132,true
C2A4T0I1F2,2,4,0,1,2,"(2,4,1,2)",20,CUT,CUT=18/40;ASSEMBLE+INSPECT=54/140,true
C2A4T0I1F3,2,4,0,1,3,"(2,4,1,3)",18,CUT,CUT=18/36;ASSEMBLE+INSPECT=54/144,true
C2A4T0I2F0,2,4,0,2,0,"(2,4,2,0)",22,INSPECT,CUT=18/44;ASSEMBLE=24/88;INSPECT=30/44,false
C2A4T0I2F1,2,4,0,2,1,"(2,4,2,1)",20,CUT,CUT=18/40;ASSEMBLE+INSPECT=54/140,true
C2A4T0I2F2,2,4,0,2,2,"(2,4,2,2)",18,CUT,CUT=18/36;ASSEMBLE+INSPECT=54/144,true
C2A4T0I2F3,2,4,0,2,3,"(2,4,2,3)",18,CUT,CUT=18/36;ASSEMBLE+INSPECT=54/162,true
C2A4T0I3F0,2,4,0,3,0,"(2,4,3,0)",20,INSPECT,CUT=18/40;ASSEMBLE=24/80;INSPECT=30/60,false
C2A4T0I3F1,2,4,0,3,1,"(2,4,3,1)",18,CUT,CUT=18/36;ASSEMBLE+INSPECT=54/144,true
C2A4T0I3F2,2,4,0,3,2,"(2,4,3,2)",18,CUT,CUT=18/36;ASSEMBLE+INSPECT=54/162,true
C2A4T0I3F3,2,4,0,3,3,"(2,4,3,3)",18,CUT,CUT=18/36;ASSEMBLE+INSPECT=54/180,true
C2A4T0I4F0,2,4,0,4,0,"(2,4,4,0)",18,CUT,CUT=18/36;ASSEMBLE=24/72;INSPECT=30/72,false
C2A4T0I4F1,2,4,0,4,1,"(2,4,4,1)",18,CUT,CUT=18/36;ASSEMBLE+INSPECT=54/162,true
C2A4T0I4F2,2,4,0,4,2,"(2,4,4,2)",18,CUT,CUT=18/36;ASSEMBLE+INSPECT=54/180,true
C2A4T0I4F3,2,4,0,4,3,"(2,4,4,3)",18,CUT,CUT=18/36;ASSEMBLE+INSPECT=54/198,true
C2A4T1I0F1,2,4,1,0,1,"(2,6,0,1)",37,CUT,CUT=18/74;ASSEMBLE+INSPECT=54/259,true
C2A4T1I0F2,2,4,1,0,2,"(2,6,0,2)",22,CUT,CUT=18/44;ASSEMBLE+INSPECT=54/176,true
C2A4T1I0F3,2,4,1,0,3,"(2,6,0,3)",20,CUT,CUT=18/40;ASSEMBLE+INSPECT=54/180,true
C2A4T1I1F0,2,4,1,1,0,"(2,6,1,0)",37,INSPECT,CUT=18/74;ASSEMBLE=24/222;INSPECT=30/37,false
C2A4T1I1F1,2,4,1,1,1,"(2,6,1,1)",22,CUT,CUT=18/44;ASSEMBLE+INSPECT=54/176,true
C2A4T1I1F2,2,4,1,1,2,"(2,6,1,2)",20,CUT,CUT=18/40;ASSEMBLE+INSPECT=54/180,true
C2A4T1I1F3,2,4,1,1,3,"(2,6,1,3)",18,CUT,CUT=18/36;ASSEMBLE+INSPECT=54/180,true
C2A4T1I2F0,2,4,1,2,0,"(2,6,2,0)",22,INSPECT,CUT=18/44;ASSEMBLE=24/132;INSPECT=30/44,false
C2A4T1I2F1,2,4,1,2,1,"(2,6,2,1)",20,CUT,CUT=18/40;ASSEMBLE+INSPECT=54/180,true
C2A4T1I2F2,2,4,1,2,2,"(2,6,2,2)",18,CUT,CUT=18/36;ASSEMBLE+INSPECT=54/180,true
C2A4T1I2F3,2,4,1,2,3,"(2,6,2,3)",18,CUT,CUT=18/36;ASSEMBLE+INSPECT=54/198,true
C2A4T1I3F0,2,4,1,3,0,"(2,6,3,0)",20,INSPECT,CUT=18/40;ASSEMBLE=24/120;INSPECT=30/60,false
C2A4T1I3F1,2,4,1,3,1,"(2,6,3,1)",18,CUT,CUT=18/36;ASSEMBLE+INSPECT=54/180,true
C2A4T1I3F2,2,4,1,3,2,"(2,6,3,2)",18,CUT,CUT=18/36;ASSEMBLE+INSPECT=54/198,true
C2A4T1I3F3,2,4,1,3,3,"(2,6,3,3)",18,CUT,CUT=18/36;ASSEMBLE+INSPECT=54/216,true
C2A4T1I4F0,2,4,1,4,0,"(2,6,4,0)",18,CUT,CUT=18/36;ASSEMBLE=24/108;INSPECT=30/72,false
C2A4T1I4F1,2,4,1,4,1,"(2,6,4,1)",18,CUT,CUT=18/36;ASSEMBLE+INSPECT=54/198,true
C2A4T1I4F2,2,4,1,4,2,"(2,6,4,2)",18,CUT,CUT=18/36;ASSEMBLE+INSPECT=54/216,true
C2A4T1I4F3,2,4,1,4,3,"(2,6,4,3)",18,CUT,CUT=18/36;ASSEMBLE+INSPECT=54/234,true
C2A4T2I0F1,2,4,2,0,1,"(2,8,0,1)",37,CUT,CUT=18/74;ASSEMBLE+INSPECT=54/333,true
C2A4T2I0F2,2,4,2,0,2,"(2,8,0,2)",22,CUT,CUT=18/44;ASSEMBLE+INSPECT=54/220,true
C2A4T2I0F3,2,4,2,0,3,"(2,8,0,3)",20,CUT,CUT=18/40;ASSEMBLE+INSPECT=54/220,true
C2A4T2I1F0,2,4,2,1,0,"(2,8,1,0)",37,INSPECT,CUT=18/74;ASSEMBLE=24/296;INSPECT=30/37,false
C2A4T2I1F1,2,4,2,1,1,"(2,8,1,1)",22,CUT,CUT=18/44;ASSEMBLE+INSPECT=54/220,true
C2A4T2I1F2,2,4,2,1,2,"(2,8,1,2)",20,CUT,CUT=18/40;ASSEMBLE+INSPECT=54/220,true
C2A4T2I1F3,2,4,2,1,3,"(2,8,1,3)",18,CUT,CUT=18/36;ASSEMBLE+INSPECT=54/216,true
C2A4T2I2F0,2,4,2,2,0,"(2,8,2,0)",22,INSPECT,CUT=18/44;ASSEMBLE=24/176;INSPECT=30/44,false
C2A4T2I2F1,2,4,2,2,1,"(2,8,2,1)",20,CUT,CUT=18/40;ASSEMBLE+INSPECT=54/220,true
C2A4T2I2F2,2,4,2,2,2,"(2,8,2,2)",18,CUT,CUT=18/36;ASSEMBLE+INSPECT=54/216,true
C2A4T2I2F3,2,4,2,2,3,"(2,8,2,3)",18,CUT,CUT=18/36;ASSEMBLE+INSPECT=54/234,true
C2A4T2I3F0,2,4,2,3,0,"(2,8,3,0)",20,INSPECT,CUT=18/40;ASSEMBLE=24/160;INSPECT=30/60,false
C2A4T2I3F1,2,4,2,3,1,"(2,8,3,1)",18,CUT,CUT=18/36;ASSEMBLE+INSPECT=54/216,true
C2A4T2I3F2,2,4,2,3,2,"(2,8,3,2)",18,CUT,CUT=18/36;ASSEMBLE+INSPECT=54/234,true
C2A4T2I3F3,2,4,2,3,3,"(2,8,3,3)",18,CUT,CUT=18/36;ASSEMBLE+INSPECT=54/252,true
C2A4T2I4F0,2,4,2,4,0,"(2,8,4,0)",18,CUT,CUT=18/36;ASSEMBLE=24/144;INSPECT=30/72,false
C2A4T2I4F1,2,4,2,4,1,"(2,8,4,1)",18,CUT,CUT=18/36;ASSEMBLE+INSPECT=54/234,true
C2A4T2I4F2,2,4,2,4,2,"(2,8,4,2)",18,CUT,CUT=18/36;ASSEMBLE+INSPECT=54/252,true
C2A4T2I4F3,2,4,2,4,3,"(2,8,4,3)",18,CUT,CUT=18/36;ASSEMBLE+INSPECT=54/270,true
C2A4T3I0F1,2,4,3,0,1,"(2,10,0,1)",37,CUT,CUT=18/74;ASSEMBLE+INSPECT=54/407,true
C2A4T3I0F2,2,4,3,0,2,"(2,10,0,2)",22,CUT,CUT=18/44;ASSEMBLE+INSPECT=54/264,true
C2A4T3I0F3,2,4,3,0,3,"(2,10,0,3)",20,CUT,CUT=18/40;ASSEMBLE+INSPECT=54/260,true
C2A4T3I1F0,2,4,3,1,0,"(2,10,1,0)",37,INSPECT,CUT=18/74;ASSEMBLE=24/370;INSPECT=30/37,false
C2A4T3I1F1,2,4,3,1,1,"(2,10,1,1)",22,CUT,CUT=18/44;ASSEMBLE+INSPECT=54/264,true
C2A4T3I1F2,2,4,3,1,2,"(2,10,1,2)",20,CUT,CUT=18/40;ASSEMBLE+INSPECT=54/260,true
C2A4T3I1F3,2,4,3,1,3,"(2,10,1,3)",18,CUT,CUT=18/36;ASSEMBLE+INSPECT=54/252,true
C2A4T3I2F0,2,4,3,2,0,"(2,10,2,0)",22,INSPECT,CUT=18/44;ASSEMBLE=24/220;INSPECT=30/44,false
C2A4T3I2F1,2,4,3,2,1,"(2,10,2,1)",20,CUT,CUT=18/40;ASSEMBLE+INSPECT=54/260,true
C2A4T3I2F2,2,4,3,2,2,"(2,10,2,2)",18,CUT,CUT=18/36;ASSEMBLE+INSPECT=54/252,true
C2A4T3I2F3,2,4,3,2,3,"(2,10,2,3)",18,CUT,CUT=18/36;ASSEMBLE+INSPECT=54/270,true
C2A4T3I3F0,2,4,3,3,0,"(2,10,3,0)",20,INSPECT,CUT=18/40;ASSEMBLE=24/200;INSPECT=30/60,false
C2A4T3I3F1,2,4,3,3,1,"(2,10,3,1)",18,CUT,CUT=18/36;ASSEMBLE+INSPECT=54/252,true
C2A4T3I3F2,2,4,3,3,2,"(2,10,3,2)",18,CUT,CUT=18/36;ASSEMBLE+INSPECT=54/270,true
C2A4T3I3F3,2,4,3,3,3,"(2,10,3,3)",18,CUT,CUT=18/36;ASSEMBLE+INSPECT=54/288,true
C2A4T3I4F0,2,4,3,4,0,"(2,10,4,0)",18,CUT,CUT=18/36;ASSEMBLE=24/180;INSPECT=30/72,false
C2A4T3I4F1,2,4,3,4,1,"(2,10,4,1)",18,CUT,CUT=18/36;ASSEMBLE+INSPECT=54/270,true
C2A4T3I4F2,2,4,3,4,2,"(2,10,4,2)",18,CUT,CUT=18/36;ASSEMBLE+INSPECT=54/288,true
C2A4T3I4F3,2,4,3,4,3,"(2,10,4,3)",18,CUT,CUT=18/36;ASSEMBLE+INSPECT=54/306,true
C2A5T0I0F1,2,5,0,0,1,"(2,5,0,1)",37,CUT|ASSEMBLE+INSPECT,CUT=18/74;ASSEMBLE+INSPECT=54/222,true
C2A5T0I0F2,2,5,0,0,2,"(2,5,0,2)",22,CUT,CUT=18/44;ASSEMBLE+INSPECT=54/154,true
C2A5T0I0F3,2,5,0,0,3,"(2,5,0,3)",20,CUT,CUT=18/40;ASSEMBLE+INSPECT=54/160,true
C2A5T0I1F0,2,5,0,1,0,"(2,5,1,0)",37,INSPECT,CUT=18/74;ASSEMBLE=24/185;INSPECT=30/37,false
C2A5T0I1F1,2,5,0,1,1,"(2,5,1,1)",22,CUT,CUT=18/44;ASSEMBLE+INSPECT=54/154,true
C2A5T0I1F2,2,5,0,1,2,"(2,5,1,2)",20,CUT,CUT=18/40;ASSEMBLE+INSPECT=54/160,true
C2A5T0I1F3,2,5,0,1,3,"(2,5,1,3)",18,CUT,CUT=18/36;ASSEMBLE+INSPECT=54/162,true
C2A5T0I2F0,2,5,0,2,0,"(2,5,2,0)",22,INSPECT,CUT=18/44;ASSEMBLE=24/110;INSPECT=30/44,false
C2A5T0I2F1,2,5,0,2,1,"(2,5,2,1)",20,CUT,CUT=18/40;ASSEMBLE+INSPECT=54/160,true
C2A5T0I2F2,2,5,0,2,2,"(2,5,2,2)",18,CUT,CUT=18/36;ASSEMBLE+INSPECT=54/162,true
C2A5T0I2F3,2,5,0,2,3,"(2,5,2,3)",18,CUT,CUT=18/36;ASSEMBLE+INSPECT=54/180,true
C2A5T0I3F0,2,5,0,3,0,"(2,5,3,0)",20,INSPECT,CUT=18/40;ASSEMBLE=24/100;INSPECT=30/60,false
C2A5T0I3F1,2,5,0,3,1,"(2,5,3,1)",18,CUT,CUT=18/36;ASSEMBLE+INSPECT=54/162,true
C2A5T0I3F2,2,5,0,3,2,"(2,5,3,2)",18,CUT,CUT=18/36;ASSEMBLE+INSPECT=54/180,true
C2A5T0I3F3,2,5,0,3,3,"(2,5,3,3)",18,CUT,CUT=18/36;ASSEMBLE+INSPECT=54/198,true
C2A5T0I4F0,2,5,0,4,0,"(2,5,4,0)",18,CUT,CUT=18/36;ASSEMBLE=24/90;INSPECT=30/72,false
C2A5T0I4F1,2,5,0,4,1,"(2,5,4,1)",18,CUT,CUT=18/36;ASSEMBLE+INSPECT=54/180,true
C2A5T0I4F2,2,5,0,4,2,"(2,5,4,2)",18,CUT,CUT=18/36;ASSEMBLE+INSPECT=54/198,true
C2A5T0I4F3,2,5,0,4,3,"(2,5,4,3)",18,CUT,CUT=18/36;ASSEMBLE+INSPECT=54/216,true
C2A5T1I0F1,2,5,1,0,1,"(2,7,0,1)",37,CUT,CUT=18/74;ASSEMBLE+INSPECT=54/296,true
C2A5T1I0F2,2,5,1,0,2,"(2,7,0,2)",22,CUT,CUT=18/44;ASSEMBLE+INSPECT=54/198,true
C2A5T1I0F3,2,5,1,0,3,"(2,7,0,3)",20,CUT,CUT=18/40;ASSEMBLE+INSPECT=54/200,true
C2A5T1I1F0,2,5,1,1,0,"(2,7,1,0)",37,INSPECT,CUT=18/74;ASSEMBLE=24/259;INSPECT=30/37,false
C2A5T1I1F1,2,5,1,1,1,"(2,7,1,1)",22,CUT,CUT=18/44;ASSEMBLE+INSPECT=54/198,true
C2A5T1I1F2,2,5,1,1,2,"(2,7,1,2)",20,CUT,CUT=18/40;ASSEMBLE+INSPECT=54/200,true
C2A5T1I1F3,2,5,1,1,3,"(2,7,1,3)",18,CUT,CUT=18/36;ASSEMBLE+INSPECT=54/198,true
C2A5T1I2F0,2,5,1,2,0,"(2,7,2,0)",22,INSPECT,CUT=18/44;ASSEMBLE=24/154;INSPECT=30/44,false
C2A5T1I2F1,2,5,1,2,1,"(2,7,2,1)",20,CUT,CUT=18/40;ASSEMBLE+INSPECT=54/200,true
C2A5T1I2F2,2,5,1,2,2,"(2,7,2,2)",18,CUT,CUT=18/36;ASSEMBLE+INSPECT=54/198,true
C2A5T1I2F3,2,5,1,2,3,"(2,7,2,3)",18,CUT,CUT=18/36;ASSEMBLE+INSPECT=54/216,true
C2A5T1I3F0,2,5,1,3,0,"(2,7,3,0)",20,INSPECT,CUT=18/40;ASSEMBLE=24/140;INSPECT=30/60,false
C2A5T1I3F1,2,5,1,3,1,"(2,7,3,1)",18,CUT,CUT=18/36;ASSEMBLE+INSPECT=54/198,true
C2A5T1I3F2,2,5,1,3,2,"(2,7,3,2)",18,CUT,CUT=18/36;ASSEMBLE+INSPECT=54/216,true
C2A5T1I3F3,2,5,1,3,3,"(2,7,3,3)",18,CUT,CUT=18/36;ASSEMBLE+INSPECT=54/234,true
C2A5T1I4F0,2,5,1,4,0,"(2,7,4,0)",18,CUT,CUT=18/36;ASSEMBLE=24/126;INSPECT=30/72,false
C2A5T1I4F1,2,5,1,4,1,"(2,7,4,1)",18,CUT,CUT=18/36;ASSEMBLE+INSPECT=54/216,true
C2A5T1I4F2,2,5,1,4,2,"(2,7,4,2)",18,CUT,CUT=18/36;ASSEMBLE+INSPECT=54/234,true
C2A5T1I4F3,2,5,1,4,3,"(2,7,4,3)",18,CUT,CUT=18/36;ASSEMBLE+INSPECT=54/252,true
C2A5T2I0F1,2,5,2,0,1,"(2,9,0,1)",37,CUT,CUT=18/74;ASSEMBLE+INSPECT=54/370,true
C2A5T2I0F2,2,5,2,0,2,"(2,9,0,2)",22,CUT,CUT=18/44;ASSEMBLE+INSPECT=54/242,true
C2A5T2I0F3,2,5,2,0,3,"(2,9,0,3)",20,CUT,CUT=18/40;ASSEMBLE+INSPECT=54/240,true
C2A5T2I1F0,2,5,2,1,0,"(2,9,1,0)",37,INSPECT,CUT=18/74;ASSEMBLE=24/333;INSPECT=30/37,false
C2A5T2I1F1,2,5,2,1,1,"(2,9,1,1)",22,CUT,CUT=18/44;ASSEMBLE+INSPECT=54/242,true
C2A5T2I1F2,2,5,2,1,2,"(2,9,1,2)",20,CUT,CUT=18/40;ASSEMBLE+INSPECT=54/240,true
C2A5T2I1F3,2,5,2,1,3,"(2,9,1,3)",18,CUT,CUT=18/36;ASSEMBLE+INSPECT=54/234,true
C2A5T2I2F0,2,5,2,2,0,"(2,9,2,0)",22,INSPECT,CUT=18/44;ASSEMBLE=24/198;INSPECT=30/44,false
C2A5T2I2F1,2,5,2,2,1,"(2,9,2,1)",20,CUT,CUT=18/40;ASSEMBLE+INSPECT=54/240,true
C2A5T2I2F2,2,5,2,2,2,"(2,9,2,2)",18,CUT,CUT=18/36;ASSEMBLE+INSPECT=54/234,true
C2A5T2I2F3,2,5,2,2,3,"(2,9,2,3)",18,CUT,CUT=18/36;ASSEMBLE+INSPECT=54/252,true
C2A5T2I3F0,2,5,2,3,0,"(2,9,3,0)",20,INSPECT,CUT=18/40;ASSEMBLE=24/180;INSPECT=30/60,false
C2A5T2I3F1,2,5,2,3,1,"(2,9,3,1)",18,CUT,CUT=18/36;ASSEMBLE+INSPECT=54/234,true
C2A5T2I3F2,2,5,2,3,2,"(2,9,3,2)",18,CUT,CUT=18/36;ASSEMBLE+INSPECT=54/252,true
C2A5T2I3F3,2,5,2,3,3,"(2,9,3,3)",18,CUT,CUT=18/36;ASSEMBLE+INSPECT=54/270,true
C2A5T2I4F0,2,5,2,4,0,"(2,9,4,0)",18,CUT,CUT=18/36;ASSEMBLE=24/162;INSPECT=30/72,false
C2A5T2I4F1,2,5,2,4,1,"(2,9,4,1)",18,CUT,CUT=18/36;ASSEMBLE+INSPECT=54/252,true
C2A5T2I4F2,2,5,2,4,2,"(2,9,4,2)",18,CUT,CUT=18/36;ASSEMBLE+INSPECT=54/270,true
C2A5T2I4F3,2,5,2,4,3,"(2,9,4,3)",18,CUT,CUT=18/36;ASSEMBLE+INSPECT=54/288,true
C2A5T3I0F1,2,5,3,0,1,"(2,11,0,1)",37,CUT,CUT=18/74;ASSEMBLE+INSPECT=54/444,true
C2A5T3I0F2,2,5,3,0,2,"(2,11,0,2)",22,CUT,CUT=18/44;ASSEMBLE+INSPECT=54/286,true
C2A5T3I0F3,2,5,3,0,3,"(2,11,0,3)",20,CUT,CUT=18/40;ASSEMBLE+INSPECT=54/280,true
C2A5T3I1F0,2,5,3,1,0,"(2,11,1,0)",37,INSPECT,CUT=18/74;ASSEMBLE=24/407;INSPECT=30/37,false
C2A5T3I1F1,2,5,3,1,1,"(2,11,1,1)",22,CUT,CUT=18/44;ASSEMBLE+INSPECT=54/286,true
C2A5T3I1F2,2,5,3,1,2,"(2,11,1,2)",20,CUT,CUT=18/40;ASSEMBLE+INSPECT=54/280,true
C2A5T3I1F3,2,5,3,1,3,"(2,11,1,3)",18,CUT,CUT=18/36;ASSEMBLE+INSPECT=54/270,true
C2A5T3I2F0,2,5,3,2,0,"(2,11,2,0)",22,INSPECT,CUT=18/44;ASSEMBLE=24/242;INSPECT=30/44,false
C2A5T3I2F1,2,5,3,2,1,"(2,11,2,1)",20,CUT,CUT=18/40;ASSEMBLE+INSPECT=54/280,true
C2A5T3I2F2,2,5,3,2,2,"(2,11,2,2)",18,CUT,CUT=18/36;ASSEMBLE+INSPECT=54/270,true
C2A5T3I2F3,2,5,3,2,3,"(2,11,2,3)",18,CUT,CUT=18/36;ASSEMBLE+INSPECT=54/288,true
C2A5T3I3F0,2,5,3,3,0,"(2,11,3,0)",20,INSPECT,CUT=18/40;ASSEMBLE=24/220;INSPECT=30/60,false
C2A5T3I3F1,2,5,3,3,1,"(2,11,3,1)",18,CUT,CUT=18/36;ASSEMBLE+INSPECT=54/270,true
C2A5T3I3F2,2,5,3,3,2,"(2,11,3,2)",18,CUT,CUT=18/36;ASSEMBLE+INSPECT=54/288,true
C2A5T3I3F3,2,5,3,3,3,"(2,11,3,3)",18,CUT,CUT=18/36;ASSEMBLE+INSPECT=54/306,true
C2A5T3I4F0,2,5,3,4,0,"(2,11,4,0)",18,CUT,CUT=18/36;ASSEMBLE=24/198;INSPECT=30/72,false
C2A5T3I4F1,2,5,3,4,1,"(2,11,4,1)",18,CUT,CUT=18/36;ASSEMBLE+INSPECT=54/288,true
C2A5T3I4F2,2,5,3,4,2,"(2,11,4,2)",18,CUT,CUT=18/36;ASSEMBLE+INSPECT=54/306,true
C2A5T3I4F3,2,5,3,4,3,"(2,11,4,3)",18,CUT,CUT=18/36;ASSEMBLE+INSPECT=54/324,true
C2A6T0I0F1,2,6,0,0,1,"(2,6,0,1)",37,CUT,CUT=18/74;ASSEMBLE+INSPECT=54/259,true
C2A6T0I0F2,2,6,0,0,2,"(2,6,0,2)",22,CUT,CUT=18/44;ASSEMBLE+INSPECT=54/176,true
C2A6T0I0F3,2,6,0,0,3,"(2,6,0,3)",20,CUT,CUT=18/40;ASSEMBLE+INSPECT=54/180,true
C2A6T0I1F0,2,6,0,1,0,"(2,6,1,0)",37,INSPECT,CUT=18/74;ASSEMBLE=24/222;INSPECT=30/37,false
C2A6T0I1F1,2,6,0,1,1,"(2,6,1,1)",22,CUT,CUT=18/44;ASSEMBLE+INSPECT=54/176,true
C2A6T0I1F2,2,6,0,1,2,"(2,6,1,2)",20,CUT,CUT=18/40;ASSEMBLE+INSPECT=54/180,true
C2A6T0I1F3,2,6,0,1,3,"(2,6,1,3)",18,CUT,CUT=18/36;ASSEMBLE+INSPECT=54/180,true
C2A6T0I2F0,2,6,0,2,0,"(2,6,2,0)",22,INSPECT,CUT=18/44;ASSEMBLE=24/132;INSPECT=30/44,false
C2A6T0I2F1,2,6,0,2,1,"(2,6,2,1)",20,CUT,CUT=18/40;ASSEMBLE+INSPECT=54/180,true
C2A6T0I2F2,2,6,0,2,2,"(2,6,2,2)",18,CUT,CUT=18/36;ASSEMBLE+INSPECT=54/180,true
C2A6T0I2F3,2,6,0,2,3,"(2,6,2,3)",18,CUT,CUT=18/36;ASSEMBLE+INSPECT=54/198,true
C2A6T0I3F0,2,6,0,3,0,"(2,6,3,0)",20,INSPECT,CUT=18/40;ASSEMBLE=24/120;INSPECT=30/60,false
C2A6T0I3F1,2,6,0,3,1,"(2,6,3,1)",18,CUT,CUT=18/36;ASSEMBLE+INSPECT=54/180,true
C2A6T0I3F2,2,6,0,3,2,"(2,6,3,2)",18,CUT,CUT=18/36;ASSEMBLE+INSPECT=54/198,true
C2A6T0I3F3,2,6,0,3,3,"(2,6,3,3)",18,CUT,CUT=18/36;ASSEMBLE+INSPECT=54/216,true
C2A6T0I4F0,2,6,0,4,0,"(2,6,4,0)",18,CUT,CUT=18/36;ASSEMBLE=24/108;INSPECT=30/72,false
C2A6T0I4F1,2,6,0,4,1,"(2,6,4,1)",18,CUT,CUT=18/36;ASSEMBLE+INSPECT=54/198,true
C2A6T0I4F2,2,6,0,4,2,"(2,6,4,2)",18,CUT,CUT=18/36;ASSEMBLE+INSPECT=54/216,true
C2A6T0I4F3,2,6,0,4,3,"(2,6,4,3)",18,CUT,CUT=18/36;ASSEMBLE+INSPECT=54/234,true
C2A6T1I0F1,2,6,1,0,1,"(2,8,0,1)",37,CUT,CUT=18/74;ASSEMBLE+INSPECT=54/333,true
C2A6T1I0F2,2,6,1,0,2,"(2,8,0,2)",22,CUT,CUT=18/44;ASSEMBLE+INSPECT=54/220,true
C2A6T1I0F3,2,6,1,0,3,"(2,8,0,3)",20,CUT,CUT=18/40;ASSEMBLE+INSPECT=54/220,true
C2A6T1I1F0,2,6,1,1,0,"(2,8,1,0)",37,INSPECT,CUT=18/74;ASSEMBLE=24/296;INSPECT=30/37,false
C2A6T1I1F1,2,6,1,1,1,"(2,8,1,1)",22,CUT,CUT=18/44;ASSEMBLE+INSPECT=54/220,true
C2A6T1I1F2,2,6,1,1,2,"(2,8,1,2)",20,CUT,CUT=18/40;ASSEMBLE+INSPECT=54/220,true
C2A6T1I1F3,2,6,1,1,3,"(2,8,1,3)",18,CUT,CUT=18/36;ASSEMBLE+INSPECT=54/216,true
C2A6T1I2F0,2,6,1,2,0,"(2,8,2,0)",22,INSPECT,CUT=18/44;ASSEMBLE=24/176;INSPECT=30/44,false
C2A6T1I2F1,2,6,1,2,1,"(2,8,2,1)",20,CUT,CUT=18/40;ASSEMBLE+INSPECT=54/220,true
C2A6T1I2F2,2,6,1,2,2,"(2,8,2,2)",18,CUT,CUT=18/36;ASSEMBLE+INSPECT=54/216,true
C2A6T1I2F3,2,6,1,2,3,"(2,8,2,3)",18,CUT,CUT=18/36;ASSEMBLE+INSPECT=54/234,true
C2A6T1I3F0,2,6,1,3,0,"(2,8,3,0)",20,INSPECT,CUT=18/40;ASSEMBLE=24/160;INSPECT=30/60,false
C2A6T1I3F1,2,6,1,3,1,"(2,8,3,1)",18,CUT,CUT=18/36;ASSEMBLE+INSPECT=54/216,true
C2A6T1I3F2,2,6,1,3,2,"(2,8,3,2)",18,CUT,CUT=18/36;ASSEMBLE+INSPECT=54/234,true
C2A6T1I3F3,2,6,1,3,3,"(2,8,3,3)",18,CUT,CUT=18/36;ASSEMBLE+INSPECT=54/252,true
C2A6T1I4F0,2,6,1,4,0,"(2,8,4,0)",18,CUT,CUT=18/36;ASSEMBLE=24/144;INSPECT=30/72,false
C2A6T1I4F1,2,6,1,4,1,"(2,8,4,1)",18,CUT,CUT=18/36;ASSEMBLE+INSPECT=54/234,true
C2A6T1I4F2,2,6,1,4,2,"(2,8,4,2)",18,CUT,CUT=18/36;ASSEMBLE+INSPECT=54/252,true
C2A6T1I4F3,2,6,1,4,3,"(2,8,4,3)",18,CUT,CUT=18/36;ASSEMBLE+INSPECT=54/270,true
C2A6T2I0F1,2,6,2,0,1,"(2,10,0,1)",37,CUT,CUT=18/74;ASSEMBLE+INSPECT=54/407,true
C2A6T2I0F2,2,6,2,0,2,"(2,10,0,2)",22,CUT,CUT=18/44;ASSEMBLE+INSPECT=54/264,true
C2A6T2I0F3,2,6,2,0,3,"(2,10,0,3)",20,CUT,CUT=18/40;ASSEMBLE+INSPECT=54/260,true
C2A6T2I1F0,2,6,2,1,0,"(2,10,1,0)",37,INSPECT,CUT=18/74;ASSEMBLE=24/370;INSPECT=30/37,false
C2A6T2I1F1,2,6,2,1,1,"(2,10,1,1)",22,CUT,CUT=18/44;ASSEMBLE+INSPECT=54/264,true
C2A6T2I1F2,2,6,2,1,2,"(2,10,1,2)",20,CUT,CUT=18/40;ASSEMBLE+INSPECT=54/260,true
C2A6T2I1F3,2,6,2,1,3,"(2,10,1,3)",18,CUT,CUT=18/36;ASSEMBLE+INSPECT=54/252,true
C2A6T2I2F0,2,6,2,2,0,"(2,10,2,0)",22,INSPECT,CUT=18/44;ASSEMBLE=24/220;INSPECT=30/44,false
C2A6T2I2F1,2,6,2,2,1,"(2,10,2,1)",20,CUT,CUT=18/40;ASSEMBLE+INSPECT=54/260,true
C2A6T2I2F2,2,6,2,2,2,"(2,10,2,2)",18,CUT,CUT=18/36;ASSEMBLE+INSPECT=54/252,true
C2A6T2I2F3,2,6,2,2,3,"(2,10,2,3)",18,CUT,CUT=18/36;ASSEMBLE+INSPECT=54/270,true
C2A6T2I3F0,2,6,2,3,0,"(2,10,3,0)",20,INSPECT,CUT=18/40;ASSEMBLE=24/200;INSPECT=30/60,false
C2A6T2I3F1,2,6,2,3,1,"(2,10,3,1)",18,CUT,CUT=18/36;ASSEMBLE+INSPECT=54/252,true
C2A6T2I3F2,2,6,2,3,2,"(2,10,3,2)",18,CUT,CUT=18/36;ASSEMBLE+INSPECT=54/270,true
C2A6T2I3F3,2,6,2,3,3,"(2,10,3,3)",18,CUT,CUT=18/36;ASSEMBLE+INSPECT=54/288,true
C2A6T2I4F0,2,6,2,4,0,"(2,10,4,0)",18,CUT,CUT=18/36;ASSEMBLE=24/180;INSPECT=30/72,false
C2A6T2I4F1,2,6,2,4,1,"(2,10,4,1)",18,CUT,CUT=18/36;ASSEMBLE+INSPECT=54/270,true
C2A6T2I4F2,2,6,2,4,2,"(2,10,4,2)",18,CUT,CUT=18/36;ASSEMBLE+INSPECT=54/288,true
C2A6T2I4F3,2,6,2,4,3,"(2,10,4,3)",18,CUT,CUT=18/36;ASSEMBLE+INSPECT=54/306,true
C2A6T3I0F1,2,6,3,0,1,"(2,12,0,1)",37,CUT,CUT=18/74;ASSEMBLE+INSPECT=54/481,true
C2A6T3I0F2,2,6,3,0,2,"(2,12,0,2)",22,CUT,CUT=18/44;ASSEMBLE+INSPECT=54/308,true
C2A6T3I0F3,2,6,3,0,3,"(2,12,0,3)",20,CUT,CUT=18/40;ASSEMBLE+INSPECT=54/300,true
C2A6T3I1F0,2,6,3,1,0,"(2,12,1,0)",37,INSPECT,CUT=18/74;ASSEMBLE=24/444;INSPECT=30/37,false
C2A6T3I1F1,2,6,3,1,1,"(2,12,1,1)",22,CUT,CUT=18/44;ASSEMBLE+INSPECT=54/308,true
C2A6T3I1F2,2,6,3,1,2,"(2,12,1,2)",20,CUT,CUT=18/40;ASSEMBLE+INSPECT=54/300,true
C2A6T3I1F3,2,6,3,1,3,"(2,12,1,3)",18,CUT,CUT=18/36;ASSEMBLE+INSPECT=54/288,true
C2A6T3I2F0,2,6,3,2,0,"(2,12,2,0)",22,INSPECT,CUT=18/44;ASSEMBLE=24/264;INSPECT=30/44,false
C2A6T3I2F1,2,6,3,2,1,"(2,12,2,1)",20,CUT,CUT=18/40;ASSEMBLE+INSPECT=54/300,true
C2A6T3I2F2,2,6,3,2,2,"(2,12,2,2)",18,CUT,CUT=18/36;ASSEMBLE+INSPECT=54/288,true
C2A6T3I2F3,2,6,3,2,3,"(2,12,2,3)",18,CUT,CUT=18/36;ASSEMBLE+INSPECT=54/306,true
C2A6T3I3F0,2,6,3,3,0,"(2,12,3,0)",20,INSPECT,CUT=18/40;ASSEMBLE=24/240;INSPECT=30/60,false
C2A6T3I3F1,2,6,3,3,1,"(2,12,3,1)",18,CUT,CUT=18/36;ASSEMBLE+INSPECT=54/288,true
C2A6T3I3F2,2,6,3,3,2,"(2,12,3,2)",18,CUT,CUT=18/36;ASSEMBLE+INSPECT=54/306,true
C2A6T3I3F3,2,6,3,3,3,"(2,12,3,3)",18,CUT,CUT=18/36;ASSEMBLE+INSPECT=54/324,true
C2A6T3I4F0,2,6,3,4,0,"(2,12,4,0)",18,CUT,CUT=18/36;ASSEMBLE=24/216;INSPECT=30/72,false
C2A6T3I4F1,2,6,3,4,1,"(2,12,4,1)",18,CUT,CUT=18/36;ASSEMBLE+INSPECT=54/306,true
C2A6T3I4F2,2,6,3,4,2,"(2,12,4,2)",18,CUT,CUT=18/36;ASSEMBLE+INSPECT=54/324,true
C2A6T3I4F3,2,6,3,4,3,"(2,12,4,3)",18,CUT,CUT=18/36;ASSEMBLE+INSPECT=54/342,true
C3A0T0I0F1,3,0,0,0,1,"(3,0,0,1)",57,ASSEMBLE+INSPECT,CUT=18/171;ASSEMBLE+INSPECT=54/57,true
C3A0T0I0F2,3,0,0,0,2,"(3,0,0,2)",30,ASSEMBLE+INSPECT,CUT=18/90;ASSEMBLE+INSPECT=54/60,true
C3A0T0I0F3,3,0,0,0,3,"(3,0,0,3)",21,ASSEMBLE+INSPECT,CUT=18/63;ASSEMBLE+INSPECT=54/63,true
C3A0T0I1F1,3,0,0,1,1,"(3,0,1,1)",42,ASSEMBLE+INSPECT,CUT=18/126;ASSEMBLE+INSPECT=54/84,true
C3A0T0I1F2,3,0,0,1,2,"(3,0,1,2)",25,ASSEMBLE+INSPECT,CUT=18/75;ASSEMBLE+INSPECT=54/75,true
C3A0T0I1F3,3,0,0,1,3,"(3,0,1,3)",21,ASSEMBLE+INSPECT,CUT=18/63;ASSEMBLE+INSPECT=54/84,true
C3A0T0I2F1,3,0,0,2,1,"(3,0,2,1)",32,ASSEMBLE+INSPECT,CUT=18/96;ASSEMBLE+INSPECT=54/96,true
C3A0T0I2F2,3,0,0,2,2,"(3,0,2,2)",25,ASSEMBLE+INSPECT,CUT=18/75;ASSEMBLE+INSPECT=54/100,true
C3A0T0I2F3,3,0,0,2,3,"(3,0,2,3)",21,ASSEMBLE+INSPECT,CUT=18/63;ASSEMBLE+INSPECT=54/105,true
C3A0T0I3F1,3,0,0,3,1,"(3,0,3,1)",32,ASSEMBLE+INSPECT,CUT=18/96;ASSEMBLE+INSPECT=54/128,true
C3A0T0I3F2,3,0,0,3,2,"(3,0,3,2)",24,ASSEMBLE+INSPECT,CUT=18/72;ASSEMBLE+INSPECT=54/120,true
C3A0T0I3F3,3,0,0,3,3,"(3,0,3,3)",16,ASSEMBLE+INSPECT,CUT=18/48;ASSEMBLE+INSPECT=54/96,true
C3A0T0I4F1,3,0,0,4,1,"(3,0,4,1)",32,ASSEMBLE+INSPECT,CUT=18/96;ASSEMBLE+INSPECT=54/160,true
C3A0T0I4F2,3,0,0,4,2,"(3,0,4,2)",20,ASSEMBLE+INSPECT,CUT=18/60;ASSEMBLE+INSPECT=54/120,true
C3A0T0I4F3,3,0,0,4,3,"(3,0,4,3)",16,ASSEMBLE+INSPECT,CUT=18/48;ASSEMBLE+INSPECT=54/112,true
C3A0T1I0F1,3,0,1,0,1,"(3,2,0,1)",37,ASSEMBLE+INSPECT,CUT=18/111;ASSEMBLE+INSPECT=54/111,true
C3A0T1I0F2,3,0,1,0,2,"(3,2,0,2)",22,ASSEMBLE+INSPECT,CUT=18/66;ASSEMBLE+INSPECT=54/88,true
C3A0T1I0F3,3,0,1,0,3,"(3,2,0,3)",19,ASSEMBLE+INSPECT,CUT=18/57;ASSEMBLE+INSPECT=54/95,true
C3A0T1I1F0,3,0,1,1,0,"(3,2,1,0)",37,INSPECT,CUT=18/111;ASSEMBLE=24/74;INSPECT=30/37,false
C3A0T1I1F1,3,0,1,1,1,"(3,2,1,1)",26,ASSEMBLE+INSPECT,CUT=18/78;ASSEMBLE+INSPECT=54/104,true
C3A0T1I1F2,3,0,1,1,2,"(3,2,1,2)",21,ASSEMBLE+INSPECT,CUT=18/63;ASSEMBLE+INSPECT=54/105,true
C3A0T1I1F3,3,0,1,1,3,"(3,2,1,3)",17,ASSEMBLE+INSPECT,CUT=18/51;ASSEMBLE+INSPECT=54/102,true
C3A0T1I2F0,3,0,1,2,0,"(3,2,2,0)",22,INSPECT,CUT=18/66;ASSEMBLE=24/44;INSPECT=30/44,false
C3A0T1I2F1,3,0,1,2,1,"(3,2,2,1)",21,ASSEMBLE+INSPECT,CUT=18/63;ASSEMBLE+INSPECT=54/105,true
C3A0T1I2F2,3,0,1,2,2,"(3,2,2,2)",17,ASSEMBLE+INSPECT,CUT=18/51;ASSEMBLE+INSPECT=54/102,true
C3A0T1I2F3,3,0,1,2,3,"(3,2,2,3)",17,ASSEMBLE+INSPECT,CUT=18/51;ASSEMBLE+INSPECT=54/119,true
C3A0T1I3F0,3,0,1,3,0,"(3,2,3,0)",21,ASSEMBLE,CUT=18/63;ASSEMBLE=24/42;INSPECT=30/63,false
C3A0T1I3F1,3,0,1,3,1,"(3,2,3,1)",17,ASSEMBLE+INSPECT,CUT=18/51;ASSEMBLE+INSPECT=54/102,true
C3A0T1I3F2,3,0,1,3,2,"(3,2,3,2)",17,ASSEMBLE+INSPECT,CUT=18/51;ASSEMBLE+INSPECT=54/119,true
C3A0T1I3F3,3,0,1,3,3,"(3,2,3,3)",16,ASSEMBLE+INSPECT,CUT=18/48;ASSEMBLE+INSPECT=54/128,true
C3A0T1I4F0,3,0,1,4,0,"(3,2,4,0)",20,ASSEMBLE,CUT=18/60;ASSEMBLE=24/40;INSPECT=30/80,false
C3A0T1I4F1,3,0,1,4,1,"(3,2,4,1)",17,ASSEMBLE+INSPECT,CUT=18/51;ASSEMBLE+INSPECT=54/119,true
C3A0T1I4F2,3,0,1,4,2,"(3,2,4,2)",16,ASSEMBLE+INSPECT,CUT=18/48;ASSEMBLE+INSPECT=54/128,true
C3A0T1I4F3,3,0,1,4,3,"(3,2,4,3)",16,CUT|ASSEMBLE+INSPECT,CUT=18/48;ASSEMBLE+INSPECT=54/144,true
C3A0T2I0F1,3,0,2,0,1,"(3,4,0,1)",37,ASSEMBLE+INSPECT,CUT=18/111;ASSEMBLE+INSPECT=54/185,true
C3A0T2I0F2,3,0,2,0,2,"(3,4,0,2)",22,ASSEMBLE+INSPECT,CUT=18/66;ASSEMBLE+INSPECT=54/132,true
C3A0T2I0F3,3,0,2,0,3,"(3,4,0,3)",17,ASSEMBLE+INSPECT,CUT=18/51;ASSEMBLE+INSPECT=54/119,true
C3A0T2I1F0,3,0,2,1,0,"(3,4,1,0)",37,INSPECT,CUT=18/111;ASSEMBLE=24/148;INSPECT=30/37,false
C3A0T2I1F1,3,0,2,1,1,"(3,4,1,1)",26,ASSEMBLE+INSPECT,CUT=18/78;ASSEMBLE+INSPECT=54/156,true
C3A0T2I1F2,3,0,2,1,2,"(3,4,1,2)",17,ASSEMBLE+INSPECT,CUT=18/51;ASSEMBLE+INSPECT=54/119,true
C3A0T2I1F3,3,0,2,1,3,"(3,4,1,3)",17,ASSEMBLE+INSPECT,CUT=18/51;ASSEMBLE+INSPECT=54/136,true
C3A0T2I2F0,3,0,2,2,0,"(3,4,2,0)",22,INSPECT,CUT=18/66;ASSEMBLE=24/88;INSPECT=30/44,false
C3A0T2I2F1,3,0,2,2,1,"(3,4,2,1)",21,ASSEMBLE+INSPECT,CUT=18/63;ASSEMBLE+INSPECT=54/147,true
C3A0T2I2F2,3,0,2,2,2,"(3,4,2,2)",17,ASSEMBLE+INSPECT,CUT=18/51;ASSEMBLE+INSPECT=54/136,true
C3A0T2I2F3,3,0,2,2,3,"(3,4,2,3)",17,CUT|ASSEMBLE+INSPECT,CUT=18/51;ASSEMBLE+INSPECT=54/153,true
C3A0T2I3F0,3,0,2,3,0,"(3,4,3,0)",17,INSPECT,CUT=18/51;ASSEMBLE=24/68;INSPECT=30/51,false
C3A0T2I3F1,3,0,2,3,1,"(3,4,3,1)",17,ASSEMBLE+INSPECT,CUT=18/51;ASSEMBLE+INSPECT=54/136,true
C3A0T2I3F2,3,0,2,3,2,"(3,4,3,2)",17,CUT|ASSEMBLE+INSPECT,CUT=18/51;ASSEMBLE+INSPECT=54/153,true
C3A0T2I3F3,3,0,2,3,3,"(3,4,3,3)",15,CUT,CUT=18/45;ASSEMBLE+INSPECT=54/150,true
C3A0T2I4F0,3,0,2,4,0,"(3,4,4,0)",17,INSPECT,CUT=18/51;ASSEMBLE=24/68;INSPECT=30/68,false
C3A0T2I4F1,3,0,2,4,1,"(3,4,4,1)",17,CUT|ASSEMBLE+INSPECT,CUT=18/51;ASSEMBLE+INSPECT=54/153,true
C3A0T2I4F2,3,0,2,4,2,"(3,4,4,2)",15,CUT,CUT=18/45;ASSEMBLE+INSPECT=54/150,true
C3A0T2I4F3,3,0,2,4,3,"(3,4,4,3)",15,CUT,CUT=18/45;ASSEMBLE+INSPECT=54/165,true
C3A0T3I0F1,3,0,3,0,1,"(3,6,0,1)",37,ASSEMBLE+INSPECT,CUT=18/111;ASSEMBLE+INSPECT=54/259,true
C3A0T3I0F2,3,0,3,0,2,"(3,6,0,2)",22,ASSEMBLE+INSPECT,CUT=18/66;ASSEMBLE+INSPECT=54/176,true
C3A0T3I0F3,3,0,3,0,3,"(3,6,0,3)",17,CUT|ASSEMBLE+INSPECT,CUT=18/51;ASSEMBLE+INSPECT=54/153,true
C3A0T3I1F0,3,0,3,1,0,"(3,6,1,0)",37,INSPECT,CUT=18/111;ASSEMBLE=24/222;INSPECT=30/37,false
C3A0T3I1F1,3,0,3,1,1,"(3,6,1,1)",22,ASSEMBLE+INSPECT,CUT=18/66;ASSEMBLE+INSPECT=54/176,true
C3A0T3I1F2,3,0,3,1,2,"(3,6,1,2)",17,CUT|ASSEMBLE+INSPECT,CUT=18/51;ASSEMBLE+INSPECT=54/153,true
C3A0T3I1F3,3,0,3,1,3,"(3,6,1,3)",17,CUT,CUT=18/51;ASSEMBLE+INSPECT=54/170,true
C3A0T3I2F0,3,0,3,2,0,"(3,6,2,0)",22,INSPECT,CUT=18/66;ASSEMBLE=24/132;INSPECT=30/44,false
C3A0T3I2F1,3,0,3,2,1,"(3,6,2,1)",17,CUT|ASSEMBLE+INSPECT,CUT=18/51;ASSEMBLE+INSPECT=54/153,true
C3A0T3I2F2,3,0,3,2,2,"(3,6,2,2)",17,CUT,CUT=18/51;ASSEMBLE+INSPECT=54/170,true
C3A0T3I2F3,3,0,3,2,3,"(3,6,2,3)",17,CUT,CUT=18/51;ASSEMBLE+INSPECT=54/187,true
C3A0T3I3F0,3,0,3,3,0,"(3,6,3,0)",17,INSPECT,CUT=18/51;ASSEMBLE=24/102;INSPECT=30/51,false
C3A0T3I3F1,3,0,3,3,1,"(3,6,3,1)",17,CUT,CUT=18/51;ASSEMBLE+INSPECT=54/170,true
C3A0T3I3F2,3,0,3,3,2,"(3,6,3,2)",17,CUT,CUT=18/51;ASSEMBLE+INSPECT=54/187,true
C3A0T3I3F3,3,0,3,3,3,"(3,6,3,3)",15,CUT,CUT=18/45;ASSEMBLE+INSPECT=54/180,true
C3A0T3I4F0,3,0,3,4,0,"(3,6,4,0)",17,INSPECT,CUT=18/51;ASSEMBLE=24/102;INSPECT=30/68,false
C3A0T3I4F1,3,0,3,4,1,"(3,6,4,1)",17,CUT,CUT=18/51;ASSEMBLE+INSPECT=54/187,true
C3A0T3I4F2,3,0,3,4,2,"(3,6,4,2)",15,CUT,CUT=18/45;ASSEMBLE+INSPECT=54/180,true
C3A0T3I4F3,3,0,3,4,3,"(3,6,4,3)",15,CUT,CUT=18/45;ASSEMBLE+INSPECT=54/195,true
C3A1T0I0F1,3,1,0,0,1,"(3,1,0,1)",37,ASSEMBLE+INSPECT,CUT=18/111;ASSEMBLE+INSPECT=54/74,true
C3A1T0I0F2,3,1,0,0,2,"(3,1,0,2)",26,ASSEMBLE+INSPECT,CUT=18/78;ASSEMBLE+INSPECT=54/78,true
C3A1T0I0F3,3,1,0,0,3,"(3,1,0,3)",21,ASSEMBLE+INSPECT,CUT=18/63;ASSEMBLE+INSPECT=54/84,true
C3A1T0I1F0,3,1,0,1,0,"(3,1,1,0)",37,INSPECT,CUT=18/111;ASSEMBLE=24/37;INSPECT=30/37,false
C3A1T0I1F1,3,1,0,1,1,"(3,1,1,1)",26,ASSEMBLE+INSPECT,CUT=18/78;ASSEMBLE+INSPECT=54/78,true
C3A1T0I1F2,3,1,0,1,2,"(3,1,1,2)",21,ASSEMBLE+INSPECT,CUT=18/63;ASSEMBLE+INSPECT=54/84,true
C3A1T0I1F3,3,1,0,1,3,"(3,1,1,3)",19,ASSEMBLE+INSPECT,CUT=18/57;ASSEMBLE+INSPECT=54/95,true
C3A1T0I2F0,3,1,0,2,0,"(3,1,2,0)",32,ASSEMBLE,CUT=18/96;ASSEMBLE=24/32;INSPECT=30/64,false
C3A1T0I2F1,3,1,0,2,1,"(3,1,2,1)",24,ASSEMBLE+INSPECT,CUT=18/72;ASSEMBLE+INSPECT=54/96,true
C3A1T0I2F2,3,1,0,2,2,"(3,1,2,2)",17,ASSEMBLE+INSPECT,CUT=18/51;ASSEMBLE+INSPECT=54/85,true
C3A1T0I2F3,3,1,0,2,3,"(3,1,2,3)",17,ASSEMBLE+INSPECT,CUT=18/51;ASSEMBLE+INSPECT=54/102,true
C3A1T0I3F0,3,1,0,3,0,"(3,1,3,0)",32,ASSEMBLE,CUT=18/96;ASSEMBLE=24/32;INSPECT=30/96,false
C3A1T0I3F1,3,1,0,3,1,"(3,1,3,1)",20,ASSEMBLE+INSPECT,CUT=18/60;ASSEMBLE+INSPECT=54/100,true
C3A1T0I3F2,3,1,0,3,2,"(3,1,3,2)",17,ASSEMBLE+INSPECT,CUT=18/51;ASSEMBLE+INSPECT=54/102,true
C3A1T0I3F3,3,1,0,3,3,"(3,1,3,3)",16,ASSEMBLE+INSPECT,CUT=18/48;ASSEMBLE+INSPECT=54/112,true
C3A1T0I4F0,3,1,0,4,0,"(3,1,4,0)",32,ASSEMBLE,CUT=18/96;ASSEMBLE=24/32;INSPECT=30/128,false
C3A1T0I4F1,3,1,0,4,1,"(3,1,4,1)",20,ASSEMBLE+INSPECT,CUT=18/60;ASSEMBLE+INSPECT=54/120,true
C3A1T0I4F2,3,1,0,4,2,"(3,1,4,2)",16,ASSEMBLE+INSPECT,CUT=18/48;ASSEMBLE+INSPECT=54/112,true
C3A1T0I4F3,3,1,0,4,3,"(3,1,4,3)",16,ASSEMBLE+INSPECT,CUT=18/48;ASSEMBLE+INSPECT=54/128,true
C3A1T1I0F1,3,1,1,0,1,"(3,3,0,1)",37,ASSEMBLE+INSPECT,CUT=18/111;ASSEMBLE+INSPECT=54/148,true
C3A1T1I0F2,3,1,1,0,2,"(3,3,0,2)",22,ASSEMBLE+INSPECT,CUT=18/66;ASSEMBLE+INSPECT=54/110,true
C3A1T1I0F3,3,1,1,0,3,"(3,3,0,3)",17,ASSEMBLE+INSPECT,CUT=18/51;ASSEMBLE+INSPECT=54/102,true
C3A1T1I1F0,3,1,1,1,0,"(3,3,1,0)",37,INSPECT,CUT=18/111;ASSEMBLE=24/111;INSPECT=30/37,false
C3A1T1I1F1,3,1,1,1,1,"(3,3,1,1)",26,ASSEMBLE+INSPECT,CUT=18/78;ASSEMBLE+INSPECT=54/130,true
C3A1T1I1F2,3,1,1,1,2,"(3,3,1,2)",21,ASSEMBLE+INSPECT,CUT=18/63;ASSEMBLE+INSPECT=54/126,true
C3A1T1I1F3,3,1,1,1,3,"(3,3,1,3)",17,ASSEMBLE+INSPECT,CUT=18/51;ASSEMBLE+INSPECT=54/119,true
C3A1T1I2F0,3,1,1,2,0,"(3,3,2,0)",22,INSPECT,CUT=18/66;ASSEMBLE=24/66;INSPECT=30/44,false
C3A1T1I2F1,3,1,1,2,1,"(3,3,2,1)",21,ASSEMBLE+INSPECT,CUT=18/63;ASSEMBLE+INSPECT=54/126,true
C3A1T1I2F2,3,1,1,2,2,"(3,3,2,2)",17,ASSEMBLE+INSPECT,CUT=18/51;ASSEMBLE+INSPECT=54/119,true
C3A1T1I2F3,3,1,1,2,3,"(3,3,2,3)",17,ASSEMBLE+INSPECT,CUT=18/51;ASSEMBLE+INSPECT=54/136,true
C3A1T1I3F0,3,1,1,3,0,"(3,3,3,0)",17,INSPECT,CUT=18/51;ASSEMBLE=24/51;INSPECT=30/51,false
C3A1T1I3F1,3,1,1,3,1,"(3,3,3,1)",17,ASSEMBLE+INSPECT,CUT=18/51;ASSEMBLE+INSPECT=54/119,true
C3A1T1I3F2,3,1,1,3,2,"(3,3,3,2)",17,ASSEMBLE+INSPECT,CUT=18/51;ASSEMBLE+INSPECT=54/136,true
C3A1T1I3F3,3,1,1,3,3,"(3,3,3,3)",15,CUT|ASSEMBLE+INSPECT,CUT=18/45;ASSEMBLE+INSPECT=54/135,true
C3A1T1I4F0,3,1,1,4,0,"(3,3,4,0)",17,ASSEMBLE,CUT=18/51;ASSEMBLE=24/51;INSPECT=30/68,false
C3A1T1I4F1,3,1,1,4,1,"(3,3,4,1)",17,ASSEMBLE+INSPECT,CUT=18/51;ASSEMBLE+INSPECT=54/136,true
C3A1T1I4F2,3,1,1,4,2,"(3,3,4,2)",16,CUT|ASSEMBLE+INSPECT,CUT=18/48;ASSEMBLE+INSPECT=54/144,true
C3A1T1I4F3,3,1,1,4,3,"(3,3,4,3)",15,CUT,CUT=18/45;ASSEMBLE+INSPECT=54/150,true
C3A1T2I0F1,3,1,2,0,1,"(3,5,0,1)",37,ASSEMBLE+INSPECT,CUT=18/111;ASSEMBLE+INSPECT=54/222,true
C3A1T2I0F2,3,1,2,0,2,"(3,5,0,2)",22,ASSEMBLE+INSPECT,CUT=18/66;ASSEMBLE+INSPECT=54/154,true
C3A1T2I0F3,3,1,2,0,3,"(3,5,0,3)",17,ASSEMBLE+INSPECT,CUT=18/51;ASSEMBLE+INSPECT=54/136,true
C3A1T2I1F0,3,1,2,1,0,"(3,5,1,0)",37,INSPECT,CUT=18/111;ASSEMBLE=24/185;INSPECT=30/37,false
C3A1T2I1F1,3,1,2,1,1,"(3,5,1,1)",22,ASSEMBLE+INSPECT,CUT=18/66;ASSEMBLE+INSPECT=54/154,true
C3A1T2I1F2,3,1,2,1,2,"(3,5,1,2)",17,ASSEMBLE+INSPECT,CUT=18/51;ASSEMBLE+INSPECT=54/136,true
C3A1T2I1F3,3,1,2,1,3,"(3,5,1,3)",17,CUT|ASSEMBLE+INSPECT,CUT=18/51;ASSEMBLE+INSPECT=54/153,true
C3A1T2I2F0,3,1,2,2,0,"(3,5,2,0)",22,INSPECT,CUT=18/66;ASSEMBLE=24/110;INSPECT=30/44,false
C3A1T2I2F1,3,1,2,2,1,"(3,5,2,1)",17,ASSEMBLE+INSPECT,CUT=18/51;ASSEMBLE+INSPECT=54/136,true
C3A1T2I2F2,3,1,2,2,2,"(3,5,2,2)",17,CUT|ASSEMBLE+INSPECT,CUT=18/51;ASSEMBLE+INSPECT=54/153,true
C3A1T2I2F3,3,1,2,2,3,"(3,5,2,3)",17,CUT,CUT=18/51;ASSEMBLE+INSPECT=54/170,true
C3A1T2I3F0,3,1,2,3,0,"(3,5,3,0)",17,INSPECT,CUT=18/51;ASSEMBLE=24/85;INSPECT=30/51,false
C3A1T2I3F1,3,1,2,3,1,"(3,5,3,1)",17,CUT|ASSEMBLE+INSPECT,CUT=18/51;ASSEMBLE+INSPECT=54/153,true
C3A1T2I3F2,3,1,2,3,2,"(3,5,3,2)",17,CUT,CUT=18/51;ASSEMBLE+INSPECT=54/170,true
C3A1T2I3F3,3,1,2,3,3,"(3,5,3,3)",15,CUT,CUT=18/45;ASSEMBLE+INSPECT=54/165,true
C3A1T2I4F0,3,1,2,4,0,"(3,5,4,0)",17,INSPECT,CUT=18/51;ASSEMBLE=24/85;INSPECT=30/68,false
C3A1T2I4F1,3,1,2,4,1,"(3,5,4,1)",17,CUT,CUT=18/51;ASSEMBLE+INSPECT=54/170,true
C3A1T2I4F2,3,1,2,4,2,"(3,5,4,2)",15,CUT,CUT=18/45;ASSEMBLE+INSPECT=54/165,true
C3A1T2I4F3,3,1,2,4,3,"(3,5,4,3)",15,CUT,CUT=18/45;ASSEMBLE+INSPECT=54/180,true
C3A1T3I0F1,3,1,3,0,1,"(3,7,0,1)",37,ASSEMBLE+INSPECT,CUT=18/111;ASSEMBLE+INSPECT=54/296,true
C3A1T3I0F2,3,1,3,0,2,"(3,7,0,2)",22,CUT|ASSEMBLE+INSPECT,CUT=18/66;ASSEMBLE+INSPECT=54/198,true
C3A1T3I0F3,3,1,3,0,3,"(3,7,0,3)",17,CUT,CUT=18/51;ASSEMBLE+INSPECT=54/170,true
C3A1T3I1F0,3,1,3,1,0,"(3,7,1,0)",37,INSPECT,CUT=18/111;ASSEMBLE=24/259;INSPECT=30/37,false
C3A1T3I1F1,3,1,3,1,1,"(3,7,1,1)",22,CUT|ASSEMBLE+INSPECT,CUT=18/66;ASSEMBLE+INSPECT=54/198,true
C3A1T3I1F2,3,1,3,1,2,"(3,7,1,2)",17,CUT,CUT=18/51;ASSEMBLE+INSPECT=54/170,true
C3A1T3I1F3,3,1,3,1,3,"(3,7,1,3)",17,CUT,CUT=18/51;ASSEMBLE+INSPECT=54/187,true
C3A1T3I2F0,3,1,3,2,0,"(3,7,2,0)",22,INSPECT,CUT=18/66;ASSEMBLE=24/154;INSPECT=30/44,false
C3A1T3I2F1,3,1,3,2,1,"(3,7,2,1)",17,CUT,CUT=18/51;ASSEMBLE+INSPECT=54/170,true
C3A1T3I2F2,3,1,3,2,2,"(3,7,2,2)",17,CUT,CUT=18/51;ASSEMBLE+INSPECT=54/187,true
C3A1T3I2F3,3,1,3,2,3,"(3,7,2,3)",17,CUT,CUT=18/51;ASSEMBLE+INSPECT=54/204,true
C3A1T3I3F0,3,1,3,3,0,"(3,7,3,0)",17,INSPECT,CUT=18/51;ASSEMBLE=24/119;INSPECT=30/51,false
C3A1T3I3F1,3,1,3,3,1,"(3,7,3,1)",17,CUT,CUT=18/51;ASSEMBLE+INSPECT=54/187,true
C3A1T3I3F2,3,1,3,3,2,"(3,7,3,2)",17,CUT,CUT=18/51;ASSEMBLE+INSPECT=54/204,true
C3A1T3I3F3,3,1,3,3,3,"(3,7,3,3)",15,CUT,CUT=18/45;ASSEMBLE+INSPECT=54/195,true
C3A1T3I4F0,3,1,3,4,0,"(3,7,4,0)",17,INSPECT,CUT=18/51;ASSEMBLE=24/119;INSPECT=30/68,false
C3A1T3I4F1,3,1,3,4,1,"(3,7,4,1)",17,CUT,CUT=18/51;ASSEMBLE+INSPECT=54/204,true
C3A1T3I4F2,3,1,3,4,2,"(3,7,4,2)",15,CUT,CUT=18/45;ASSEMBLE+INSPECT=54/195,true
C3A1T3I4F3,3,1,3,4,3,"(3,7,4,3)",15,CUT,CUT=18/45;ASSEMBLE+INSPECT=54/210,true
C3A2T0I0F1,3,2,0,0,1,"(3,2,0,1)",37,ASSEMBLE+INSPECT,CUT=18/111;ASSEMBLE+INSPECT=54/111,true
C3A2T0I0F2,3,2,0,0,2,"(3,2,0,2)",22,ASSEMBLE+INSPECT,CUT=18/66;ASSEMBLE+INSPECT=54/88,true
C3A2T0I0F3,3,2,0,0,3,"(3,2,0,3)",19,ASSEMBLE+INSPECT,CUT=18/57;ASSEMBLE+INSPECT=54/95,true
C3A2T0I1F0,3,2,0,1,0,"(3,2,1,0)",37,INSPECT,CUT=18/111;ASSEMBLE=24/74;INSPECT=30/37,false
C3A2T0I1F1,3,2,0,1,1,"(3,2,1,1)",26,ASSEMBLE+INSPECT,CUT=18/78;ASSEMBLE+INSPECT=54/104,true
C3A2T0I1F2,3,2,0,1,2,"(3,2,1,2)",21,ASSEMBLE+INSPECT,CUT=18/63;ASSEMBLE+INSPECT=54/105,true
C3A2T0I1F3,3,2,0,1,3,"(3,2,1,3)",17,ASSEMBLE+INSPECT,CUT=18/51;ASSEMBLE+INSPECT=54/102,true
C3A2T0I2F0,3,2,0,2,0,"(3,2,2,0)",22,INSPECT,CUT=18/66;ASSEMBLE=24/44;INSPECT=30/44,false
C3A2T0I2F1,3,2,0,2,1,"(3,2,2,1)",21,ASSEMBLE+INSPECT,CUT=18/63;ASSEMBLE+INSPECT=54/105,true
C3A2T0I2F2,3,2,0,2,2,"(3,2,2,2)",17,ASSEMBLE+INSPECT,CUT=18/51;ASSEMBLE+INSPECT=54/102,true
C3A2T0I2F3,3,2,0,2,3,"(3,2,2,3)",17,ASSEMBLE+INSPECT,CUT=18/51;ASSEMBLE+INSPECT=54/119,true
C3A2T0I3F0,3,2,0,3,0,"(3,2,3,0)",21,ASSEMBLE,CUT=18/63;ASSEMBLE=24/42;INSPECT=30/63,false
C3A2T0I3F1,3,2,0,3,1,"(3,2,3,1)",17,ASSEMBLE+INSPECT,CUT=18/51;ASSEMBLE+INSPECT=54/102,true
C3A2T0I3F2,3,2,0,3,2,"(3,2,3,2)",17,ASSEMBLE+INSPECT,CUT=18/51;ASSEMBLE+INSPECT=54/119,true
C3A2T0I3F3,3,2,0,3,3,"(3,2,3,3)",16,ASSEMBLE+INSPECT,CUT=18/48;ASSEMBLE+INSPECT=54/128,true
C3A2T0I4F0,3,2,0,4,0,"(3,2,4,0)",20,ASSEMBLE,CUT=18/60;ASSEMBLE=24/40;INSPECT=30/80,false
C3A2T0I4F1,3,2,0,4,1,"(3,2,4,1)",17,ASSEMBLE+INSPECT,CUT=18/51;ASSEMBLE+INSPECT=54/119,true
C3A2T0I4F2,3,2,0,4,2,"(3,2,4,2)",16,ASSEMBLE+INSPECT,CUT=18/48;ASSEMBLE+INSPECT=54/128,true
C3A2T0I4F3,3,2,0,4,3,"(3,2,4,3)",16,CUT|ASSEMBLE+INSPECT,CUT=18/48;ASSEMBLE+INSPECT=54/144,true
C3A2T1I0F1,3,2,1,0,1,"(3,4,0,1)",37,ASSEMBLE+INSPECT,CUT=18/111;ASSEMBLE+INSPECT=54/185,true
C3A2T1I0F2,3,2,1,0,2,"(3,4,0,2)",22,ASSEMBLE+INSPECT,CUT=18/66;ASSEMBLE+INSPECT=54/132,true
C3A2T1I0F3,3,2,1,0,3,"(3,4,0,3)",17,ASSEMBLE+INSPECT,CUT=18/51;ASSEMBLE+INSPECT=54/119,true
C3A2T1I1F0,3,2,1,1,0,"(3,4,1,0)",37,INSPECT,CUT=18/111;ASSEMBLE=24/148;INSPECT=30/37,false
C3A2T1I1F1,3,2,1,1,1,"(3,4,1,1)",26,ASSEMBLE+INSPECT,CUT=18/78;ASSEMBLE+INSPECT=54/156,true
C3A2T1I1F2,3,2,1,1,2,"(3,4,1,2)",17,ASSEMBLE+INSPECT,CUT=18/51;ASSEMBLE+INSPECT=54/119,true
C3A2T1I1F3,3,2,1,1,3,"(3,4,1,3)",17,ASSEMBLE+INSPECT,CUT=18/51;ASSEMBLE+INSPECT=54/136,true
C3A2T1I2F0,3,2,1,2,0,"(3,4,2,0)",22,INSPECT,CUT=18/66;ASSEMBLE=24/88;INSPECT=30/44,false
C3A2T1I2F1,3,2,1,2,1,"(3,4,2,1)",21,ASSEMBLE+INSPECT,CUT=18/63;ASSEMBLE+INSPECT=54/147,true
C3A2T1I2F2,3,2,1,2,2,"(3,4,2,2)",17,ASSEMBLE+INSPECT,CUT=18/51;ASSEMBLE+INSPECT=54/136,true
C3A2T1I2F3,3,2,1,2,3,"(3,4,2,3)",17,CUT|ASSEMBLE+INSPECT,CUT=18/51;ASSEMBLE+INSPECT=54/153,true
C3A2T1I3F0,3,2,1,3,0,"(3,4,3,0)",17,INSPECT,CUT=18/51;ASSEMBLE=24/68;INSPECT=30/51,false
C3A2T1I3F1,3,2,1,3,1,"(3,4,3,1)",17,ASSEMBLE+INSPECT,CUT=18/51;ASSEMBLE+INSPECT=54/136,true
C3A2T1I3F2,3,2,1,3,2,"(3,4,3,2)",17,CUT|ASSEMBLE+INSPECT,CUT=18/51;ASSEMBLE+INSPECT=54/153,true
C3A2T1I3F3,3,2,1,3,3,"(3,4,3,3)",15,CUT,CUT=18/45;ASSEMBLE+INSPECT=54/150,true
C3A2T1I4F0,3,2,1,4,0,"(3,4,4,0)",17,INSPECT,CUT=18/51;ASSEMBLE=24/68;INSPECT=30/68,false
C3A2T1I4F1,3,2,1,4,1,"(3,4,4,1)",17,CUT|ASSEMBLE+INSPECT,CUT=18/51;ASSEMBLE+INSPECT=54/153,true
C3A2T1I4F2,3,2,1,4,2,"(3,4,4,2)",15,CUT,CUT=18/45;ASSEMBLE+INSPECT=54/150,true
C3A2T1I4F3,3,2,1,4,3,"(3,4,4,3)",15,CUT,CUT=18/45;ASSEMBLE+INSPECT=54/165,true
C3A2T2I0F1,3,2,2,0,1,"(3,6,0,1)",37,ASSEMBLE+INSPECT,CUT=18/111;ASSEMBLE+INSPECT=54/259,true
C3A2T2I0F2,3,2,2,0,2,"(3,6,0,2)",22,ASSEMBLE+INSPECT,CUT=18/66;ASSEMBLE+INSPECT=54/176,true
C3A2T2I0F3,3,2,2,0,3,"(3,6,0,3)",17,CUT|ASSEMBLE+INSPECT,CUT=18/51;ASSEMBLE+INSPECT=54/153,true
C3A2T2I1F0,3,2,2,1,0,"(3,6,1,0)",37,INSPECT,CUT=18/111;ASSEMBLE=24/222;INSPECT=30/37,false
C3A2T2I1F1,3,2,2,1,1,"(3,6,1,1)",22,ASSEMBLE+INSPECT,CUT=18/66;ASSEMBLE+INSPECT=54/176,true
C3A2T2I1F2,3,2,2,1,2,"(3,6,1,2)",17,CUT|ASSEMBLE+INSPECT,CUT=18/51;ASSEMBLE+INSPECT=54/153,true
C3A2T2I1F3,3,2,2,1,3,"(3,6,1,3)",17,CUT,CUT=18/51;ASSEMBLE+INSPECT=54/170,true
C3A2T2I2F0,3,2,2,2,0,"(3,6,2,0)",22,INSPECT,CUT=18/66;ASSEMBLE=24/132;INSPECT=30/44,false
C3A2T2I2F1,3,2,2,2,1,"(3,6,2,1)",17,CUT|ASSEMBLE+INSPECT,CUT=18/51;ASSEMBLE+INSPECT=54/153,true
C3A2T2I2F2,3,2,2,2,2,"(3,6,2,2)",17,CUT,CUT=18/51;ASSEMBLE+INSPECT=54/170,true
C3A2T2I2F3,3,2,2,2,3,"(3,6,2,3)",17,CUT,CUT=18/51;ASSEMBLE+INSPECT=54/187,true
C3A2T2I3F0,3,2,2,3,0,"(3,6,3,0)",17,INSPECT,CUT=18/51;ASSEMBLE=24/102;INSPECT=30/51,false
C3A2T2I3F1,3,2,2,3,1,"(3,6,3,1)",17,CUT,CUT=18/51;ASSEMBLE+INSPECT=54/170,true
C3A2T2I3F2,3,2,2,3,2,"(3,6,3,2)",17,CUT,CUT=18/51;ASSEMBLE+INSPECT=54/187,true
C3A2T2I3F3,3,2,2,3,3,"(3,6,3,3)",15,CUT,CUT=18/45;ASSEMBLE+INSPECT=54/180,true
C3A2T2I4F0,3,2,2,4,0,"(3,6,4,0)",17,INSPECT,CUT=18/51;ASSEMBLE=24/102;INSPECT=30/68,false
C3A2T2I4F1,3,2,2,4,1,"(3,6,4,1)",17,CUT,CUT=18/51;ASSEMBLE+INSPECT=54/187,true
C3A2T2I4F2,3,2,2,4,2,"(3,6,4,2)",15,CUT,CUT=18/45;ASSEMBLE+INSPECT=54/180,true
C3A2T2I4F3,3,2,2,4,3,"(3,6,4,3)",15,CUT,CUT=18/45;ASSEMBLE+INSPECT=54/195,true
C3A2T3I0F1,3,2,3,0,1,"(3,8,0,1)",37,CUT|ASSEMBLE+INSPECT,CUT=18/111;ASSEMBLE+INSPECT=54/333,true
C3A2T3I0F2,3,2,3,0,2,"(3,8,0,2)",22,CUT,CUT=18/66;ASSEMBLE+INSPECT=54/220,true
C3A2T3I0F3,3,2,3,0,3,"(3,8,0,3)",17,CUT,CUT=18/51;ASSEMBLE+INSPECT=54/187,true
C3A2T3I1F0,3,2,3,1,0,"(3,8,1,0)",37,INSPECT,CUT=18/111;ASSEMBLE=24/296;INSPECT=30/37,false
C3A2T3I1F1,3,2,3,1,1,"(3,8,1,1)",22,CUT,CUT=18/66;ASSEMBLE+INSPECT=54/220,true
C3A2T3I1F2,3,2,3,1,2,"(3,8,1,2)",17,CUT,CUT=18/51;ASSEMBLE+INSPECT=54/187,true
C3A2T3I1F3,3,2,3,1,3,"(3,8,1,3)",17,CUT,CUT=18/51;ASSEMBLE+INSPECT=54/204,true
C3A2T3I2F0,3,2,3,2,0,"(3,8,2,0)",22,INSPECT,CUT=18/66;ASSEMBLE=24/176;INSPECT=30/44,false
C3A2T3I2F1,3,2,3,2,1,"(3,8,2,1)",17,CUT,CUT=18/51;ASSEMBLE+INSPECT=54/187,true
C3A2T3I2F2,3,2,3,2,2,"(3,8,2,2)",17,CUT,CUT=18/51;ASSEMBLE+INSPECT=54/204,true
C3A2T3I2F3,3,2,3,2,3,"(3,8,2,3)",17,CUT,CUT=18/51;ASSEMBLE+INSPECT=54/221,true
C3A2T3I3F0,3,2,3,3,0,"(3,8,3,0)",17,INSPECT,CUT=18/51;ASSEMBLE=24/136;INSPECT=30/51,false
C3A2T3I3F1,3,2,3,3,1,"(3,8,3,1)",17,CUT,CUT=18/51;ASSEMBLE+INSPECT=54/204,true
C3A2T3I3F2,3,2,3,3,2,"(3,8,3,2)",17,CUT,CUT=18/51;ASSEMBLE+INSPECT=54/221,true
C3A2T3I3F3,3,2,3,3,3,"(3,8,3,3)",15,CUT,CUT=18/45;ASSEMBLE+INSPECT=54/210,true
C3A2T3I4F0,3,2,3,4,0,"(3,8,4,0)",17,INSPECT,CUT=18/51;ASSEMBLE=24/136;INSPECT=30/68,false
C3A2T3I4F1,3,2,3,4,1,"(3,8,4,1)",17,CUT,CUT=18/51;ASSEMBLE+INSPECT=54/221,true
C3A2T3I4F2,3,2,3,4,2,"(3,8,4,2)",15,CUT,CUT=18/45;ASSEMBLE+INSPECT=54/210,true
C3A2T3I4F3,3,2,3,4,3,"(3,8,4,3)",15,CUT,CUT=18/45;ASSEMBLE+INSPECT=54/225,true
C3A3T0I0F1,3,3,0,0,1,"(3,3,0,1)",37,ASSEMBLE+INSPECT,CUT=18/111;ASSEMBLE+INSPECT=54/148,true
C3A3T0I0F2,3,3,0,0,2,"(3,3,0,2)",22,ASSEMBLE+INSPECT,CUT=18/66;ASSEMBLE+INSPECT=54/110,true
C3A3T0I0F3,3,3,0,0,3,"(3,3,0,3)",17,ASSEMBLE+INSPECT,CUT=18/51;ASSEMBLE+INSPECT=54/102,true
C3A3T0I1F0,3,3,0,1,0,"(3,3,1,0)",37,INSPECT,CUT=18/111;ASSEMBLE=24/111;INSPECT=30/37,false
C3A3T0I1F1,3,3,0,1,1,"(3,3,1,1)",26,ASSEMBLE+INSPECT,CUT=18/78;ASSEMBLE+INSPECT=54/130,true
C3A3T0I1F2,3,3,0,1,2,"(3,3,1,2)",21,ASSEMBLE+INSPECT,CUT=18/63;ASSEMBLE+INSPECT=54/126,true
C3A3T0I1F3,3,3,0,1,3,"(3,3,1,3)",17,ASSEMBLE+INSPECT,CUT=18/51;ASSEMBLE+INSPECT=54/119,true
C3A3T0I2F0,3,3,0,2,0,"(3,3,2,0)",22,INSPECT,CUT=18/66;ASSEMBLE=24/66;INSPECT=30/44,false
C3A3T0I2F1,3,3,0,2,1,"(3,3,2,1)",21,ASSEMBLE+INSPECT,CUT=18/63;ASSEMBLE+INSPECT=54/126,true
C3A3T0I2F2,3,3,0,2,2,"(3,3,2,2)",17,ASSEMBLE+INSPECT,CUT=18/51;ASSEMBLE+INSPECT=54/119,true
C3A3T0I2F3,3,3,0,2,3,"(3,3,2,3)",17,ASSEMBLE+INSPECT,CUT=18/51;ASSEMBLE+INSPECT=54/136,true
C3A3T0I3F0,3,3,0,3,0,"(3,3,3,0)",17,INSPECT,CUT=18/51;ASSEMBLE=24/51;INSPECT=30/51,false
C3A3T0I3F1,3,3,0,3,1,"(3,3,3,1)",17,ASSEMBLE+INSPECT,CUT=18/51;ASSEMBLE+INSPECT=54/119,true
C3A3T0I3F2,3,3,0,3,2,"(3,3,3,2)",17,ASSEMBLE+INSPECT,CUT=18/51;ASSEMBLE+INSPECT=54/136,true
C3A3T0I3F3,3,3,0,3,3,"(3,3,3,3)",15,CUT|ASSEMBLE+INSPECT,CUT=18/45;ASSEMBLE+INSPECT=54/135,true
C3A3T0I4F0,3,3,0,4,0,"(3,3,4,0)",17,ASSEMBLE,CUT=18/51;ASSEMBLE=24/51;INSPECT=30/68,false
C3A3T0I4F1,3,3,0,4,1,"(3,3,4,1)",17,ASSEMBLE+INSPECT,CUT=18/51;ASSEMBLE+INSPECT=54/136,true
C3A3T0I4F2,3,3,0,4,2,"(3,3,4,2)",16,CUT|ASSEMBLE+INSPECT,CUT=18/48;ASSEMBLE+INSPECT=54/144,true
C3A3T0I4F3,3,3,0,4,3,"(3,3,4,3)",15,CUT,CUT=18/45;ASSEMBLE+INSPECT=54/150,true
C3A3T1I0F1,3,3,1,0,1,"(3,5,0,1)",37,ASSEMBLE+INSPECT,CUT=18/111;ASSEMBLE+INSPECT=54/222,true
C3A3T1I0F2,3,3,1,0,2,"(3,5,0,2)",22,ASSEMBLE+INSPECT,CUT=18/66;ASSEMBLE+INSPECT=54/154,true
C3A3T1I0F3,3,3,1,0,3,"(3,5,0,3)",17,ASSEMBLE+INSPECT,CUT=18/51;ASSEMBLE+INSPECT=54/136,true
C3A3T1I1F0,3,3,1,1,0,"(3,5,1,0)",37,INSPECT,CUT=18/111;ASSEMBLE=24/185;INSPECT=30/37,false
C3A3T1I1F1,3,3,1,1,1,"(3,5,1,1)",22,ASSEMBLE+INSPECT,CUT=18/66;ASSEMBLE+INSPECT=54/154,true
C3A3T1I1F2,3,3,1,1,2,"(3,5,1,2)",17,ASSEMBLE+INSPECT,CUT=18/51;ASSEMBLE+INSPECT=54/136,true
C3A3T1I1F3,3,3,1,1,3,"(3,5,1,3)",17,CUT|ASSEMBLE+INSPECT,CUT=18/51;ASSEMBLE+INSPECT=54/153,true
C3A3T1I2F0,3,3,1,2,0,"(3,5,2,0)",22,INSPECT,CUT=18/66;ASSEMBLE=24/110;INSPECT=30/44,false
C3A3T1I2F1,3,3,1,2,1,"(3,5,2,1)",17,ASSEMBLE+INSPECT,CUT=18/51;ASSEMBLE+INSPECT=54/136,true
C3A3T1I2F2,3,3,1,2,2,"(3,5,2,2)",17,CUT|ASSEMBLE+INSPECT,CUT=18/51;ASSEMBLE+INSPECT=54/153,true
C3A3T1I2F3,3,3,1,2,3,"(3,5,2,3)",17,CUT,CUT=18/51;ASSEMBLE+INSPECT=54/170,true
C3A3T1I3F0,3,3,1,3,0,"(3,5,3,0)",17,INSPECT,CUT=18/51;ASSEMBLE=24/85;INSPECT=30/51,false
C3A3T1I3F1,3,3,1,3,1,"(3,5,3,1)",17,CUT|ASSEMBLE+INSPECT,CUT=18/51;ASSEMBLE+INSPECT=54/153,true
C3A3T1I3F2,3,3,1,3,2,"(3,5,3,2)",17,CUT,CUT=18/51;ASSEMBLE+INSPECT=54/170,true
C3A3T1I3F3,3,3,1,3,3,"(3,5,3,3)",15,CUT,CUT=18/45;ASSEMBLE+INSPECT=54/165,true
C3A3T1I4F0,3,3,1,4,0,"(3,5,4,0)",17,INSPECT,CUT=18/51;ASSEMBLE=24/85;INSPECT=30/68,false
C3A3T1I4F1,3,3,1,4,1,"(3,5,4,1)",17,CUT,CUT=18/51;ASSEMBLE+INSPECT=54/170,true
C3A3T1I4F2,3,3,1,4,2,"(3,5,4,2)",15,CUT,CUT=18/45;ASSEMBLE+INSPECT=54/165,true
C3A3T1I4F3,3,3,1,4,3,"(3,5,4,3)",15,CUT,CUT=18/45;ASSEMBLE+INSPECT=54/180,true
C3A3T2I0F1,3,3,2,0,1,"(3,7,0,1)",37,ASSEMBLE+INSPECT,CUT=18/111;ASSEMBLE+INSPECT=54/296,true
C3A3T2I0F2,3,3,2,0,2,"(3,7,0,2)",22,CUT|ASSEMBLE+INSPECT,CUT=18/66;ASSEMBLE+INSPECT=54/198,true
C3A3T2I0F3,3,3,2,0,3,"(3,7,0,3)",17,CUT,CUT=18/51;ASSEMBLE+INSPECT=54/170,true
C3A3T2I1F0,3,3,2,1,0,"(3,7,1,0)",37,INSPECT,CUT=18/111;ASSEMBLE=24/259;INSPECT=30/37,false
C3A3T2I1F1,3,3,2,1,1,"(3,7,1,1)",22,CUT|ASSEMBLE+INSPECT,CUT=18/66;ASSEMBLE+INSPECT=54/198,true
C3A3T2I1F2,3,3,2,1,2,"(3,7,1,2)",17,CUT,CUT=18/51;ASSEMBLE+INSPECT=54/170,true
C3A3T2I1F3,3,3,2,1,3,"(3,7,1,3)",17,CUT,CUT=18/51;ASSEMBLE+INSPECT=54/187,true
C3A3T2I2F0,3,3,2,2,0,"(3,7,2,0)",22,INSPECT,CUT=18/66;ASSEMBLE=24/154;INSPECT=30/44,false
C3A3T2I2F1,3,3,2,2,1,"(3,7,2,1)",17,CUT,CUT=18/51;ASSEMBLE+INSPECT=54/170,true
C3A3T2I2F2,3,3,2,2,2,"(3,7,2,2)",17,CUT,CUT=18/51;ASSEMBLE+INSPECT=54/187,true
C3A3T2I2F3,3,3,2,2,3,"(3,7,2,3)",17,CUT,CUT=18/51;ASSEMBLE+INSPECT=54/204,true
C3A3T2I3F0,3,3,2,3,0,"(3,7,3,0)",17,INSPECT,CUT=18/51;ASSEMBLE=24/119;INSPECT=30/51,false
C3A3T2I3F1,3,3,2,3,1,"(3,7,3,1)",17,CUT,CUT=18/51;ASSEMBLE+INSPECT=54/187,true
C3A3T2I3F2,3,3,2,3,2,"(3,7,3,2)",17,CUT,CUT=18/51;ASSEMBLE+INSPECT=54/204,true
C3A3T2I3F3,3,3,2,3,3,"(3,7,3,3)",15,CUT,CUT=18/45;ASSEMBLE+INSPECT=54/195,true
C3A3T2I4F0,3,3,2,4,0,"(3,7,4,0)",17,INSPECT,CUT=18/51;ASSEMBLE=24/119;INSPECT=30/68,false
C3A3T2I4F1,3,3,2,4,1,"(3,7,4,1)",17,CUT,CUT=18/51;ASSEMBLE+INSPECT=54/204,true
C3A3T2I4F2,3,3,2,4,2,"(3,7,4,2)",15,CUT,CUT=18/45;ASSEMBLE+INSPECT=54/195,true
C3A3T2I4F3,3,3,2,4,3,"(3,7,4,3)",15,CUT,CUT=18/45;ASSEMBLE+INSPECT=54/210,true
C3A3T3I0F1,3,3,3,0,1,"(3,9,0,1)",37,CUT,CUT=18/111;ASSEMBLE+INSPECT=54/370,true
C3A3T3I0F2,3,3,3,0,2,"(3,9,0,2)",22,CUT,CUT=18/66;ASSEMBLE+INSPECT=54/242,true
C3A3T3I0F3,3,3,3,0,3,"(3,9,0,3)",17,CUT,CUT=18/51;ASSEMBLE+INSPECT=54/204,true
C3A3T3I1F0,3,3,3,1,0,"(3,9,1,0)",37,INSPECT,CUT=18/111;ASSEMBLE=24/333;INSPECT=30/37,false
C3A3T3I1F1,3,3,3,1,1,"(3,9,1,1)",22,CUT,CUT=18/66;ASSEMBLE+INSPECT=54/242,true
C3A3T3I1F2,3,3,3,1,2,"(3,9,1,2)",17,CUT,CUT=18/51;ASSEMBLE+INSPECT=54/204,true
C3A3T3I1F3,3,3,3,1,3,"(3,9,1,3)",17,CUT,CUT=18/51;ASSEMBLE+INSPECT=54/221,true
C3A3T3I2F0,3,3,3,2,0,"(3,9,2,0)",22,INSPECT,CUT=18/66;ASSEMBLE=24/198;INSPECT=30/44,false
C3A3T3I2F1,3,3,3,2,1,"(3,9,2,1)",17,CUT,CUT=18/51;ASSEMBLE+INSPECT=54/204,true
C3A3T3I2F2,3,3,3,2,2,"(3,9,2,2)",17,CUT,CUT=18/51;ASSEMBLE+INSPECT=54/221,true
C3A3T3I2F3,3,3,3,2,3,"(3,9,2,3)",17,CUT,CUT=18/51;ASSEMBLE+INSPECT=54/238,true
C3A3T3I3F0,3,3,3,3,0,"(3,9,3,0)",17,INSPECT,CUT=18/51;ASSEMBLE=24/153;INSPECT=30/51,false
C3A3T3I3F1,3,3,3,3,1,"(3,9,3,1)",17,CUT,CUT=18/51;ASSEMBLE+INSPECT=54/221,true
C3A3T3I3F2,3,3,3,3,2,"(3,9,3,2)",17,CUT,CUT=18/51;ASSEMBLE+INSPECT=54/238,true
C3A3T3I3F3,3,3,3,3,3,"(3,9,3,3)",15,CUT,CUT=18/45;ASSEMBLE+INSPECT=54/225,true
C3A3T3I4F0,3,3,3,4,0,"(3,9,4,0)",17,INSPECT,CUT=18/51;ASSEMBLE=24/153;INSPECT=30/68,false
C3A3T3I4F1,3,3,3,4,1,"(3,9,4,1)",17,CUT,CUT=18/51;ASSEMBLE+INSPECT=54/238,true
C3A3T3I4F2,3,3,3,4,2,"(3,9,4,2)",15,CUT,CUT=18/45;ASSEMBLE+INSPECT=54/225,true
C3A3T3I4F3,3,3,3,4,3,"(3,9,4,3)",15,CUT,CUT=18/45;ASSEMBLE+INSPECT=54/240,true
C3A4T0I0F1,3,4,0,0,1,"(3,4,0,1)",37,ASSEMBLE+INSPECT,CUT=18/111;ASSEMBLE+INSPECT=54/185,true
C3A4T0I0F2,3,4,0,0,2,"(3,4,0,2)",22,ASSEMBLE+INSPECT,CUT=18/66;ASSEMBLE+INSPECT=54/132,true
C3A4T0I0F3,3,4,0,0,3,"(3,4,0,3)",17,ASSEMBLE+INSPECT,CUT=18/51;ASSEMBLE+INSPECT=54/119,true
C3A4T0I1F0,3,4,0,1,0,"(3,4,1,0)",37,INSPECT,CUT=18/111;ASSEMBLE=24/148;INSPECT=30/37,false
C3A4T0I1F1,3,4,0,1,1,"(3,4,1,1)",26,ASSEMBLE+INSPECT,CUT=18/78;ASSEMBLE+INSPECT=54/156,true
C3A4T0I1F2,3,4,0,1,2,"(3,4,1,2)",17,ASSEMBLE+INSPECT,CUT=18/51;ASSEMBLE+INSPECT=54/119,true
C3A4T0I1F3,3,4,0,1,3,"(3,4,1,3)",17,ASSEMBLE+INSPECT,CUT=18/51;ASSEMBLE+INSPECT=54/136,true
C3A4T0I2F0,3,4,0,2,0,"(3,4,2,0)",22,INSPECT,CUT=18/66;ASSEMBLE=24/88;INSPECT=30/44,false
C3A4T0I2F1,3,4,0,2,1,"(3,4,2,1)",21,ASSEMBLE+INSPECT,CUT=18/63;ASSEMBLE+INSPECT=54/147,true
C3A4T0I2F2,3,4,0,2,2,"(3,4,2,2)",17,ASSEMBLE+INSPECT,CUT=18/51;ASSEMBLE+INSPECT=54/136,true
C3A4T0I2F3,3,4,0,2,3,"(3,4,2,3)",17,CUT|ASSEMBLE+INSPECT,CUT=18/51;ASSEMBLE+INSPECT=54/153,true
C3A4T0I3F0,3,4,0,3,0,"(3,4,3,0)",17,INSPECT,CUT=18/51;ASSEMBLE=24/68;INSPECT=30/51,false
C3A4T0I3F1,3,4,0,3,1,"(3,4,3,1)",17,ASSEMBLE+INSPECT,CUT=18/51;ASSEMBLE+INSPECT=54/136,true
C3A4T0I3F2,3,4,0,3,2,"(3,4,3,2)",17,CUT|ASSEMBLE+INSPECT,CUT=18/51;ASSEMBLE+INSPECT=54/153,true
C3A4T0I3F3,3,4,0,3,3,"(3,4,3,3)",15,CUT,CUT=18/45;ASSEMBLE+INSPECT=54/150,true
C3A4T0I4F0,3,4,0,4,0,"(3,4,4,0)",17,INSPECT,CUT=18/51;ASSEMBLE=24/68;INSPECT=30/68,false
C3A4T0I4F1,3,4,0,4,1,"(3,4,4,1)",17,CUT|ASSEMBLE+INSPECT,CUT=18/51;ASSEMBLE+INSPECT=54/153,true
C3A4T0I4F2,3,4,0,4,2,"(3,4,4,2)",15,CUT,CUT=18/45;ASSEMBLE+INSPECT=54/150,true
C3A4T0I4F3,3,4,0,4,3,"(3,4,4,3)",15,CUT,CUT=18/45;ASSEMBLE+INSPECT=54/165,true
C3A4T1I0F1,3,4,1,0,1,"(3,6,0,1)",37,ASSEMBLE+INSPECT,CUT=18/111;ASSEMBLE+INSPECT=54/259,true
C3A4T1I0F2,3,4,1,0,2,"(3,6,0,2)",22,ASSEMBLE+INSPECT,CUT=18/66;ASSEMBLE+INSPECT=54/176,true
C3A4T1I0F3,3,4,1,0,3,"(3,6,0,3)",17,CUT|ASSEMBLE+INSPECT,CUT=18/51;ASSEMBLE+INSPECT=54/153,true
C3A4T1I1F0,3,4,1,1,0,"(3,6,1,0)",37,INSPECT,CUT=18/111;ASSEMBLE=24/222;INSPECT=30/37,false
C3A4T1I1F1,3,4,1,1,1,"(3,6,1,1)",22,ASSEMBLE+INSPECT,CUT=18/66;ASSEMBLE+INSPECT=54/176,true
C3A4T1I1F2,3,4,1,1,2,"(3,6,1,2)",17,CUT|ASSEMBLE+INSPECT,CUT=18/51;ASSEMBLE+INSPECT=54/153,true
C3A4T1I1F3,3,4,1,1,3,"(3,6,1,3)",17,CUT,CUT=18/51;ASSEMBLE+INSPECT=54/170,true
C3A4T1I2F0,3,4,1,2,0,"(3,6,2,0)",22,INSPECT,CUT=18/66;ASSEMBLE=24/132;INSPECT=30/44,false
C3A4T1I2F1,3,4,1,2,1,"(3,6,2,1)",17,CUT|ASSEMBLE+INSPECT,CUT=18/51;ASSEMBLE+INSPECT=54/153,true
C3A4T1I2F2,3,4,1,2,2,"(3,6,2,2)",17,CUT,CUT=18/51;ASSEMBLE+INSPECT=54/170,true
C3A4T1I2F3,3,4,1,2,3,"(3,6,2,3)",17,CUT,CUT=18/51;ASSEMBLE+INSPECT=54/187,true
C3A4T1I3F0,3,4,1,3,0,"(3,6,3,0)",17,INSPECT,CUT=18/51;ASSEMBLE=24/102;INSPECT=30/51,false
C3A4T1I3F1,3,4,1,3,1,"(3,6,3,1)",17,CUT,CUT=18/51;ASSEMBLE+INSPECT=54/170,true
C3A4T1I3F2,3,4,1,3,2,"(3,6,3,2)",17,CUT,CUT=18/51;ASSEMBLE+INSPECT=54/187,true
C3A4T1I3F3,3,4,1,3,3,"(3,6,3,3)",15,CUT,CUT=18/45;ASSEMBLE+INSPECT=54/180,true
C3A4T1I4F0,3,4,1,4,0,"(3,6,4,0)",17,INSPECT,CUT=18/51;ASSEMBLE=24/102;INSPECT=30/68,false
C3A4T1I4F1,3,4,1,4,1,"(3,6,4,1)",17,CUT,CUT=18/51;ASSEMBLE+INSPECT=54/187,true
C3A4T1I4F2,3,4,1,4,2,"(3,6,4,2)",15,CUT,CUT=18/45;ASSEMBLE+INSPECT=54/180,true
C3A4T1I4F3,3,4,1,4,3,"(3,6,4,3)",15,CUT,CUT=18/45;ASSEMBLE+INSPECT=54/195,true
C3A4T2I0F1,3,4,2,0,1,"(3,8,0,1)",37,CUT|ASSEMBLE+INSPECT,CUT=18/111;ASSEMBLE+INSPECT=54/333,true
C3A4T2I0F2,3,4,2,0,2,"(3,8,0,2)",22,CUT,CUT=18/66;ASSEMBLE+INSPECT=54/220,true
C3A4T2I0F3,3,4,2,0,3,"(3,8,0,3)",17,CUT,CUT=18/51;ASSEMBLE+INSPECT=54/187,true
C3A4T2I1F0,3,4,2,1,0,"(3,8,1,0)",37,INSPECT,CUT=18/111;ASSEMBLE=24/296;INSPECT=30/37,false
C3A4T2I1F1,3,4,2,1,1,"(3,8,1,1)",22,CUT,CUT=18/66;ASSEMBLE+INSPECT=54/220,true
C3A4T2I1F2,3,4,2,1,2,"(3,8,1,2)",17,CUT,CUT=18/51;ASSEMBLE+INSPECT=54/187,true
C3A4T2I1F3,3,4,2,1,3,"(3,8,1,3)",17,CUT,CUT=18/51;ASSEMBLE+INSPECT=54/204,true
C3A4T2I2F0,3,4,2,2,0,"(3,8,2,0)",22,INSPECT,CUT=18/66;ASSEMBLE=24/176;INSPECT=30/44,false
C3A4T2I2F1,3,4,2,2,1,"(3,8,2,1)",17,CUT,CUT=18/51;ASSEMBLE+INSPECT=54/187,true
C3A4T2I2F2,3,4,2,2,2,"(3,8,2,2)",17,CUT,CUT=18/51;ASSEMBLE+INSPECT=54/204,true
C3A4T2I2F3,3,4,2,2,3,"(3,8,2,3)",17,CUT,CUT=18/51;ASSEMBLE+INSPECT=54/221,true
C3A4T2I3F0,3,4,2,3,0,"(3,8,3,0)",17,INSPECT,CUT=18/51;ASSEMBLE=24/136;INSPECT=30/51,false
C3A4T2I3F1,3,4,2,3,1,"(3,8,3,1)",17,CUT,CUT=18/51;ASSEMBLE+INSPECT=54/204,true
C3A4T2I3F2,3,4,2,3,2,"(3,8,3,2)",17,CUT,CUT=18/51;ASSEMBLE+INSPECT=54/221,true
C3A4T2I3F3,3,4,2,3,3,"(3,8,3,3)",15,CUT,CUT=18/45;ASSEMBLE+INSPECT=54/210,true
C3A4T2I4F0,3,4,2,4,0,"(3,8,4,0)",17,INSPECT,CUT=18/51;ASSEMBLE=24/136;INSPECT=30/68,false
C3A4T2I4F1,3,4,2,4,1,"(3,8,4,1)",17,CUT,CUT=18/51;ASSEMBLE+INSPECT=54/221,true
C3A4T2I4F2,3,4,2,4,2,"(3,8,4,2)",15,CUT,CUT=18/45;ASSEMBLE+INSPECT=54/210,true
C3A4T2I4F3,3,4,2,4,3,"(3,8,4,3)",15,CUT,CUT=18/45;ASSEMBLE+INSPECT=54/225,true
C3A4T3I0F1,3,4,3,0,1,"(3,10,0,1)",37,CUT,CUT=18/111;ASSEMBLE+INSPECT=54/407,true
C3A4T3I0F2,3,4,3,0,2,"(3,10,0,2)",22,CUT,CUT=18/66;ASSEMBLE+INSPECT=54/264,true
C3A4T3I0F3,3,4,3,0,3,"(3,10,0,3)",17,CUT,CUT=18/51;ASSEMBLE+INSPECT=54/221,true
C3A4T3I1F0,3,4,3,1,0,"(3,10,1,0)",37,INSPECT,CUT=18/111;ASSEMBLE=24/370;INSPECT=30/37,false
C3A4T3I1F1,3,4,3,1,1,"(3,10,1,1)",22,CUT,CUT=18/66;ASSEMBLE+INSPECT=54/264,true
C3A4T3I1F2,3,4,3,1,2,"(3,10,1,2)",17,CUT,CUT=18/51;ASSEMBLE+INSPECT=54/221,true
C3A4T3I1F3,3,4,3,1,3,"(3,10,1,3)",17,CUT,CUT=18/51;ASSEMBLE+INSPECT=54/238,true
C3A4T3I2F0,3,4,3,2,0,"(3,10,2,0)",22,INSPECT,CUT=18/66;ASSEMBLE=24/220;INSPECT=30/44,false
C3A4T3I2F1,3,4,3,2,1,"(3,10,2,1)",17,CUT,CUT=18/51;ASSEMBLE+INSPECT=54/221,true
C3A4T3I2F2,3,4,3,2,2,"(3,10,2,2)",17,CUT,CUT=18/51;ASSEMBLE+INSPECT=54/238,true
C3A4T3I2F3,3,4,3,2,3,"(3,10,2,3)",17,CUT,CUT=18/51;ASSEMBLE+INSPECT=54/255,true
C3A4T3I3F0,3,4,3,3,0,"(3,10,3,0)",17,INSPECT,CUT=18/51;ASSEMBLE=24/170;INSPECT=30/51,false
C3A4T3I3F1,3,4,3,3,1,"(3,10,3,1)",17,CUT,CUT=18/51;ASSEMBLE+INSPECT=54/238,true
C3A4T3I3F2,3,4,3,3,2,"(3,10,3,2)",17,CUT,CUT=18/51;ASSEMBLE+INSPECT=54/255,true
C3A4T3I3F3,3,4,3,3,3,"(3,10,3,3)",15,CUT,CUT=18/45;ASSEMBLE+INSPECT=54/240,true
C3A4T3I4F0,3,4,3,4,0,"(3,10,4,0)",17,INSPECT,CUT=18/51;ASSEMBLE=24/170;INSPECT=30/68,false
C3A4T3I4F1,3,4,3,4,1,"(3,10,4,1)",17,CUT,CUT=18/51;ASSEMBLE+INSPECT=54/255,true
C3A4T3I4F2,3,4,3,4,2,"(3,10,4,2)",15,CUT,CUT=18/45;ASSEMBLE+INSPECT=54/240,true
C3A4T3I4F3,3,4,3,4,3,"(3,10,4,3)",15,CUT,CUT=18/45;ASSEMBLE+INSPECT=54/255,true
C3A5T0I0F1,3,5,0,0,1,"(3,5,0,1)",37,ASSEMBLE+INSPECT,CUT=18/111;ASSEMBLE+INSPECT=54/222,true
C3A5T0I0F2,3,5,0,0,2,"(3,5,0,2)",22,ASSEMBLE+INSPECT,CUT=18/66;ASSEMBLE+INSPECT=54/154,true
C3A5T0I0F3,3,5,0,0,3,"(3,5,0,3)",17,ASSEMBLE+INSPECT,CUT=18/51;ASSEMBLE+INSPECT=54/136,true
C3A5T0I1F0,3,5,0,1,0,"(3,5,1,0)",37,INSPECT,CUT=18/111;ASSEMBLE=24/185;INSPECT=30/37,false
C3A5T0I1F1,3,5,0,1,1,"(3,5,1,1)",22,ASSEMBLE+INSPECT,CUT=18/66;ASSEMBLE+INSPECT=54/154,true
C3A5T0I1F2,3,5,0,1,2,"(3,5,1,2)",17,ASSEMBLE+INSPECT,CUT=18/51;ASSEMBLE+INSPECT=54/136,true
C3A5T0I1F3,3,5,0,1,3,"(3,5,1,3)",17,CUT|ASSEMBLE+INSPECT,CUT=18/51;ASSEMBLE+INSPECT=54/153,true
C3A5T0I2F0,3,5,0,2,0,"(3,5,2,0)",22,INSPECT,CUT=18/66;ASSEMBLE=24/110;INSPECT=30/44,false
C3A5T0I2F1,3,5,0,2,1,"(3,5,2,1)",17,ASSEMBLE+INSPECT,CUT=18/51;ASSEMBLE+INSPECT=54/136,true
C3A5T0I2F2,3,5,0,2,2,"(3,5,2,2)",17,CUT|ASSEMBLE+INSPECT,CUT=18/51;ASSEMBLE+INSPECT=54/153,true
C3A5T0I2F3,3,5,0,2,3,"(3,5,2,3)",17,CUT,CUT=18/51;ASSEMBLE+INSPECT=54/170,true
C3A5T0I3F0,3,5,0,3,0,"(3,5,3,0)",17,INSPECT,CUT=18/51;ASSEMBLE=24/85;INSPECT=30/51,false
C3A5T0I3F1,3,5,0,3,1,"(3,5,3,1)",17,CUT|ASSEMBLE+INSPECT,CUT=18/51;ASSEMBLE+INSPECT=54/153,true
C3A5T0I3F2,3,5,0,3,2,"(3,5,3,2)",17,CUT,CUT=18/51;ASSEMBLE+INSPECT=54/170,true
C3A5T0I3F3,3,5,0,3,3,"(3,5,3,3)",15,CUT,CUT=18/45;ASSEMBLE+INSPECT=54/165,true
C3A5T0I4F0,3,5,0,4,0,"(3,5,4,0)",17,INSPECT,CUT=18/51;ASSEMBLE=24/85;INSPECT=30/68,false
C3A5T0I4F1,3,5,0,4,1,"(3,5,4,1)",17,CUT,CUT=18/51;ASSEMBLE+INSPECT=54/170,true
C3A5T0I4F2,3,5,0,4,2,"(3,5,4,2)",15,CUT,CUT=18/45;ASSEMBLE+INSPECT=54/165,true
C3A5T0I4F3,3,5,0,4,3,"(3,5,4,3)",15,CUT,CUT=18/45;ASSEMBLE+INSPECT=54/180,true
C3A5T1I0F1,3,5,1,0,1,"(3,7,0,1)",37,ASSEMBLE+INSPECT,CUT=18/111;ASSEMBLE+INSPECT=54/296,true
C3A5T1I0F2,3,5,1,0,2,"(3,7,0,2)",22,CUT|ASSEMBLE+INSPECT,CUT=18/66;ASSEMBLE+INSPECT=54/198,true
C3A5T1I0F3,3,5,1,0,3,"(3,7,0,3)",17,CUT,CUT=18/51;ASSEMBLE+INSPECT=54/170,true
C3A5T1I1F0,3,5,1,1,0,"(3,7,1,0)",37,INSPECT,CUT=18/111;ASSEMBLE=24/259;INSPECT=30/37,false
C3A5T1I1F1,3,5,1,1,1,"(3,7,1,1)",22,CUT|ASSEMBLE+INSPECT,CUT=18/66;ASSEMBLE+INSPECT=54/198,true
C3A5T1I1F2,3,5,1,1,2,"(3,7,1,2)",17,CUT,CUT=18/51;ASSEMBLE+INSPECT=54/170,true
C3A5T1I1F3,3,5,1,1,3,"(3,7,1,3)",17,CUT,CUT=18/51;ASSEMBLE+INSPECT=54/187,true
C3A5T1I2F0,3,5,1,2,0,"(3,7,2,0)",22,INSPECT,CUT=18/66;ASSEMBLE=24/154;INSPECT=30/44,false
C3A5T1I2F1,3,5,1,2,1,"(3,7,2,1)",17,CUT,CUT=18/51;ASSEMBLE+INSPECT=54/170,true
C3A5T1I2F2,3,5,1,2,2,"(3,7,2,2)",17,CUT,CUT=18/51;ASSEMBLE+INSPECT=54/187,true
C3A5T1I2F3,3,5,1,2,3,"(3,7,2,3)",17,CUT,CUT=18/51;ASSEMBLE+INSPECT=54/204,true
C3A5T1I3F0,3,5,1,3,0,"(3,7,3,0)",17,INSPECT,CUT=18/51;ASSEMBLE=24/119;INSPECT=30/51,false
C3A5T1I3F1,3,5,1,3,1,"(3,7,3,1)",17,CUT,CUT=18/51;ASSEMBLE+INSPECT=54/187,true
C3A5T1I3F2,3,5,1,3,2,"(3,7,3,2)",17,CUT,CUT=18/51;ASSEMBLE+INSPECT=54/204,true
C3A5T1I3F3,3,5,1,3,3,"(3,7,3,3)",15,CUT,CUT=18/45;ASSEMBLE+INSPECT=54/195,true
C3A5T1I4F0,3,5,1,4,0,"(3,7,4,0)",17,INSPECT,CUT=18/51;ASSEMBLE=24/119;INSPECT=30/68,false
C3A5T1I4F1,3,5,1,4,1,"(3,7,4,1)",17,CUT,CUT=18/51;ASSEMBLE+INSPECT=54/204,true
C3A5T1I4F2,3,5,1,4,2,"(3,7,4,2)",15,CUT,CUT=18/45;ASSEMBLE+INSPECT=54/195,true
C3A5T1I4F3,3,5,1,4,3,"(3,7,4,3)",15,CUT,CUT=18/45;ASSEMBLE+INSPECT=54/210,true
C3A5T2I0F1,3,5,2,0,1,"(3,9,0,1)",37,CUT,CUT=18/111;ASSEMBLE+INSPECT=54/370,true
C3A5T2I0F2,3,5,2,0,2,"(3,9,0,2)",22,CUT,CUT=18/66;ASSEMBLE+INSPECT=54/242,true
C3A5T2I0F3,3,5,2,0,3,"(3,9,0,3)",17,CUT,CUT=18/51;ASSEMBLE+INSPECT=54/204,true
C3A5T2I1F0,3,5,2,1,0,"(3,9,1,0)",37,INSPECT,CUT=18/111;ASSEMBLE=24/333;INSPECT=30/37,false
C3A5T2I1F1,3,5,2,1,1,"(3,9,1,1)",22,CUT,CUT=18/66;ASSEMBLE+INSPECT=54/242,true
C3A5T2I1F2,3,5,2,1,2,"(3,9,1,2)",17,CUT,CUT=18/51;ASSEMBLE+INSPECT=54/204,true
C3A5T2I1F3,3,5,2,1,3,"(3,9,1,3)",17,CUT,CUT=18/51;ASSEMBLE+INSPECT=54/221,true
C3A5T2I2F0,3,5,2,2,0,"(3,9,2,0)",22,INSPECT,CUT=18/66;ASSEMBLE=24/198;INSPECT=30/44,false
C3A5T2I2F1,3,5,2,2,1,"(3,9,2,1)",17,CUT,CUT=18/51;ASSEMBLE+INSPECT=54/204,true
C3A5T2I2F2,3,5,2,2,2,"(3,9,2,2)",17,CUT,CUT=18/51;ASSEMBLE+INSPECT=54/221,true
C3A5T2I2F3,3,5,2,2,3,"(3,9,2,3)",17,CUT,CUT=18/51;ASSEMBLE+INSPECT=54/238,true
C3A5T2I3F0,3,5,2,3,0,"(3,9,3,0)",17,INSPECT,CUT=18/51;ASSEMBLE=24/153;INSPECT=30/51,false
C3A5T2I3F1,3,5,2,3,1,"(3,9,3,1)",17,CUT,CUT=18/51;ASSEMBLE+INSPECT=54/221,true
C3A5T2I3F2,3,5,2,3,2,"(3,9,3,2)",17,CUT,CUT=18/51;ASSEMBLE+INSPECT=54/238,true
C3A5T2I3F3,3,5,2,3,3,"(3,9,3,3)",15,CUT,CUT=18/45;ASSEMBLE+INSPECT=54/225,true
C3A5T2I4F0,3,5,2,4,0,"(3,9,4,0)",17,INSPECT,CUT=18/51;ASSEMBLE=24/153;INSPECT=30/68,false
C3A5T2I4F1,3,5,2,4,1,"(3,9,4,1)",17,CUT,CUT=18/51;ASSEMBLE+INSPECT=54/238,true
C3A5T2I4F2,3,5,2,4,2,"(3,9,4,2)",15,CUT,CUT=18/45;ASSEMBLE+INSPECT=54/225,true
C3A5T2I4F3,3,5,2,4,3,"(3,9,4,3)",15,CUT,CUT=18/45;ASSEMBLE+INSPECT=54/240,true
C3A5T3I0F1,3,5,3,0,1,"(3,11,0,1)",37,CUT,CUT=18/111;ASSEMBLE+INSPECT=54/444,true
C3A5T3I0F2,3,5,3,0,2,"(3,11,0,2)",22,CUT,CUT=18/66;ASSEMBLE+INSPECT=54/286,true
C3A5T3I0F3,3,5,3,0,3,"(3,11,0,3)",17,CUT,CUT=18/51;ASSEMBLE+INSPECT=54/238,true
C3A5T3I1F0,3,5,3,1,0,"(3,11,1,0)",37,INSPECT,CUT=18/111;ASSEMBLE=24/407;INSPECT=30/37,false
C3A5T3I1F1,3,5,3,1,1,"(3,11,1,1)",22,CUT,CUT=18/66;ASSEMBLE+INSPECT=54/286,true
C3A5T3I1F2,3,5,3,1,2,"(3,11,1,2)",17,CUT,CUT=18/51;ASSEMBLE+INSPECT=54/238,true
C3A5T3I1F3,3,5,3,1,3,"(3,11,1,3)",17,CUT,CUT=18/51;ASSEMBLE+INSPECT=54/255,true
C3A5T3I2F0,3,5,3,2,0,"(3,11,2,0)",22,INSPECT,CUT=18/66;ASSEMBLE=24/242;INSPECT=30/44,false
C3A5T3I2F1,3,5,3,2,1,"(3,11,2,1)",17,CUT,CUT=18/51;ASSEMBLE+INSPECT=54/238,true
C3A5T3I2F2,3,5,3,2,2,"(3,11,2,2)",17,CUT,CUT=18/51;ASSEMBLE+INSPECT=54/255,true
C3A5T3I2F3,3,5,3,2,3,"(3,11,2,3)",17,CUT,CUT=18/51;ASSEMBLE+INSPECT=54/272,true
C3A5T3I3F0,3,5,3,3,0,"(3,11,3,0)",17,INSPECT,CUT=18/51;ASSEMBLE=24/187;INSPECT=30/51,false
C3A5T3I3F1,3,5,3,3,1,"(3,11,3,1)",17,CUT,CUT=18/51;ASSEMBLE+INSPECT=54/255,true
C3A5T3I3F2,3,5,3,3,2,"(3,11,3,2)",17,CUT,CUT=18/51;ASSEMBLE+INSPECT=54/272,true
C3A5T3I3F3,3,5,3,3,3,"(3,11,3,3)",15,CUT,CUT=18/45;ASSEMBLE+INSPECT=54/255,true
C3A5T3I4F0,3,5,3,4,0,"(3,11,4,0)",17,INSPECT,CUT=18/51;ASSEMBLE=24/187;INSPECT=30/68,false
C3A5T3I4F1,3,5,3,4,1,"(3,11,4,1)",17,CUT,CUT=18/51;ASSEMBLE+INSPECT=54/272,true
C3A5T3I4F2,3,5,3,4,2,"(3,11,4,2)",15,CUT,CUT=18/45;ASSEMBLE+INSPECT=54/255,true
C3A5T3I4F3,3,5,3,4,3,"(3,11,4,3)",15,CUT,CUT=18/45;ASSEMBLE+INSPECT=54/270,true
C3A6T0I0F1,3,6,0,0,1,"(3,6,0,1)",37,ASSEMBLE+INSPECT,CUT=18/111;ASSEMBLE+INSPECT=54/259,true
C3A6T0I0F2,3,6,0,0,2,"(3,6,0,2)",22,ASSEMBLE+INSPECT,CUT=18/66;ASSEMBLE+INSPECT=54/176,true
C3A6T0I0F3,3,6,0,0,3,"(3,6,0,3)",17,CUT|ASSEMBLE+INSPECT,CUT=18/51;ASSEMBLE+INSPECT=54/153,true
C3A6T0I1F0,3,6,0,1,0,"(3,6,1,0)",37,INSPECT,CUT=18/111;ASSEMBLE=24/222;INSPECT=30/37,false
C3A6T0I1F1,3,6,0,1,1,"(3,6,1,1)",22,ASSEMBLE+INSPECT,CUT=18/66;ASSEMBLE+INSPECT=54/176,true
C3A6T0I1F2,3,6,0,1,2,"(3,6,1,2)",17,CUT|ASSEMBLE+INSPECT,CUT=18/51;ASSEMBLE+INSPECT=54/153,true
C3A6T0I1F3,3,6,0,1,3,"(3,6,1,3)",17,CUT,CUT=18/51;ASSEMBLE+INSPECT=54/170,true
C3A6T0I2F0,3,6,0,2,0,"(3,6,2,0)",22,INSPECT,CUT=18/66;ASSEMBLE=24/132;INSPECT=30/44,false
C3A6T0I2F1,3,6,0,2,1,"(3,6,2,1)",17,CUT|ASSEMBLE+INSPECT,CUT=18/51;ASSEMBLE+INSPECT=54/153,true
C3A6T0I2F2,3,6,0,2,2,"(3,6,2,2)",17,CUT,CUT=18/51;ASSEMBLE+INSPECT=54/170,true
C3A6T0I2F3,3,6,0,2,3,"(3,6,2,3)",17,CUT,CUT=18/51;ASSEMBLE+INSPECT=54/187,true
C3A6T0I3F0,3,6,0,3,0,"(3,6,3,0)",17,INSPECT,CUT=18/51;ASSEMBLE=24/102;INSPECT=30/51,false
C3A6T0I3F1,3,6,0,3,1,"(3,6,3,1)",17,CUT,CUT=18/51;ASSEMBLE+INSPECT=54/170,true
C3A6T0I3F2,3,6,0,3,2,"(3,6,3,2)",17,CUT,CUT=18/51;ASSEMBLE+INSPECT=54/187,true
C3A6T0I3F3,3,6,0,3,3,"(3,6,3,3)",15,CUT,CUT=18/45;ASSEMBLE+INSPECT=54/180,true
C3A6T0I4F0,3,6,0,4,0,"(3,6,4,0)",17,INSPECT,CUT=18/51;ASSEMBLE=24/102;INSPECT=30/68,false
C3A6T0I4F1,3,6,0,4,1,"(3,6,4,1)",17,CUT,CUT=18/51;ASSEMBLE+INSPECT=54/187,true
C3A6T0I4F2,3,6,0,4,2,"(3,6,4,2)",15,CUT,CUT=18/45;ASSEMBLE+INSPECT=54/180,true
C3A6T0I4F3,3,6,0,4,3,"(3,6,4,3)",15,CUT,CUT=18/45;ASSEMBLE+INSPECT=54/195,true
C3A6T1I0F1,3,6,1,0,1,"(3,8,0,1)",37,CUT|ASSEMBLE+INSPECT,CUT=18/111;ASSEMBLE+INSPECT=54/333,true
C3A6T1I0F2,3,6,1,0,2,"(3,8,0,2)",22,CUT,CUT=18/66;ASSEMBLE+INSPECT=54/220,true
C3A6T1I0F3,3,6,1,0,3,"(3,8,0,3)",17,CUT,CUT=18/51;ASSEMBLE+INSPECT=54/187,true
C3A6T1I1F0,3,6,1,1,0,"(3,8,1,0)",37,INSPECT,CUT=18/111;ASSEMBLE=24/296;INSPECT=30/37,false
C3A6T1I1F1,3,6,1,1,1,"(3,8,1,1)",22,CUT,CUT=18/66;ASSEMBLE+INSPECT=54/220,true
C3A6T1I1F2,3,6,1,1,2,"(3,8,1,2)",17,CUT,CUT=18/51;ASSEMBLE+INSPECT=54/187,true
C3A6T1I1F3,3,6,1,1,3,"(3,8,1,3)",17,CUT,CUT=18/51;ASSEMBLE+INSPECT=54/204,true
C3A6T1I2F0,3,6,1,2,0,"(3,8,2,0)",22,INSPECT,CUT=18/66;ASSEMBLE=24/176;INSPECT=30/44,false
C3A6T1I2F1,3,6,1,2,1,"(3,8,2,1)",17,CUT,CUT=18/51;ASSEMBLE+INSPECT=54/187,true
C3A6T1I2F2,3,6,1,2,2,"(3,8,2,2)",17,CUT,CUT=18/51;ASSEMBLE+INSPECT=54/204,true
C3A6T1I2F3,3,6,1,2,3,"(3,8,2,3)",17,CUT,CUT=18/51;ASSEMBLE+INSPECT=54/221,true
C3A6T1I3F0,3,6,1,3,0,"(3,8,3,0)",17,INSPECT,CUT=18/51;ASSEMBLE=24/136;INSPECT=30/51,false
C3A6T1I3F1,3,6,1,3,1,"(3,8,3,1)",17,CUT,CUT=18/51;ASSEMBLE+INSPECT=54/204,true
C3A6T1I3F2,3,6,1,3,2,"(3,8,3,2)",17,CUT,CUT=18/51;ASSEMBLE+INSPECT=54/221,true
C3A6T1I3F3,3,6,1,3,3,"(3,8,3,3)",15,CUT,CUT=18/45;ASSEMBLE+INSPECT=54/210,true
C3A6T1I4F0,3,6,1,4,0,"(3,8,4,0)",17,INSPECT,CUT=18/51;ASSEMBLE=24/136;INSPECT=30/68,false
C3A6T1I4F1,3,6,1,4,1,"(3,8,4,1)",17,CUT,CUT=18/51;ASSEMBLE+INSPECT=54/221,true
C3A6T1I4F2,3,6,1,4,2,"(3,8,4,2)",15,CUT,CUT=18/45;ASSEMBLE+INSPECT=54/210,true
C3A6T1I4F3,3,6,1,4,3,"(3,8,4,3)",15,CUT,CUT=18/45;ASSEMBLE+INSPECT=54/225,true
C3A6T2I0F1,3,6,2,0,1,"(3,10,0,1)",37,CUT,CUT=18/111;ASSEMBLE+INSPECT=54/407,true
C3A6T2I0F2,3,6,2,0,2,"(3,10,0,2)",22,CUT,CUT=18/66;ASSEMBLE+INSPECT=54/264,true
C3A6T2I0F3,3,6,2,0,3,"(3,10,0,3)",17,CUT,CUT=18/51;ASSEMBLE+INSPECT=54/221,true
C3A6T2I1F0,3,6,2,1,0,"(3,10,1,0)",37,INSPECT,CUT=18/111;ASSEMBLE=24/370;INSPECT=30/37,false
C3A6T2I1F1,3,6,2,1,1,"(3,10,1,1)",22,CUT,CUT=18/66;ASSEMBLE+INSPECT=54/264,true
C3A6T2I1F2,3,6,2,1,2,"(3,10,1,2)",17,CUT,CUT=18/51;ASSEMBLE+INSPECT=54/221,true
C3A6T2I1F3,3,6,2,1,3,"(3,10,1,3)",17,CUT,CUT=18/51;ASSEMBLE+INSPECT=54/238,true
C3A6T2I2F0,3,6,2,2,0,"(3,10,2,0)",22,INSPECT,CUT=18/66;ASSEMBLE=24/220;INSPECT=30/44,false
C3A6T2I2F1,3,6,2,2,1,"(3,10,2,1)",17,CUT,CUT=18/51;ASSEMBLE+INSPECT=54/221,true
C3A6T2I2F2,3,6,2,2,2,"(3,10,2,2)",17,CUT,CUT=18/51;ASSEMBLE+INSPECT=54/238,true
C3A6T2I2F3,3,6,2,2,3,"(3,10,2,3)",17,CUT,CUT=18/51;ASSEMBLE+INSPECT=54/255,true
C3A6T2I3F0,3,6,2,3,0,"(3,10,3,0)",17,INSPECT,CUT=18/51;ASSEMBLE=24/170;INSPECT=30/51,false
C3A6T2I3F1,3,6,2,3,1,"(3,10,3,1)",17,CUT,CUT=18/51;ASSEMBLE+INSPECT=54/238,true
C3A6T2I3F2,3,6,2,3,2,"(3,10,3,2)",17,CUT,CUT=18/51;ASSEMBLE+INSPECT=54/255,true
C3A6T2I3F3,3,6,2,3,3,"(3,10,3,3)",15,CUT,CUT=18/45;ASSEMBLE+INSPECT=54/240,true
C3A6T2I4F0,3,6,2,4,0,"(3,10,4,0)",17,INSPECT,CUT=18/51;ASSEMBLE=24/170;INSPECT=30/68,false
C3A6T2I4F1,3,6,2,4,1,"(3,10,4,1)",17,CUT,CUT=18/51;ASSEMBLE+INSPECT=54/255,true
C3A6T2I4F2,3,6,2,4,2,"(3,10,4,2)",15,CUT,CUT=18/45;ASSEMBLE+INSPECT=54/240,true
C3A6T2I4F3,3,6,2,4,3,"(3,10,4,3)",15,CUT,CUT=18/45;ASSEMBLE+INSPECT=54/255,true
C3A6T3I0F1,3,6,3,0,1,"(3,12,0,1)",37,CUT,CUT=18/111;ASSEMBLE+INSPECT=54/481,true
C3A6T3I0F2,3,6,3,0,2,"(3,12,0,2)",22,CUT,CUT=18/66;ASSEMBLE+INSPECT=54/308,true
C3A6T3I0F3,3,6,3,0,3,"(3,12,0,3)",17,CUT,CUT=18/51;ASSEMBLE+INSPECT=54/255,true
C3A6T3I1F0,3,6,3,1,0,"(3,12,1,0)",37,INSPECT,CUT=18/111;ASSEMBLE=24/444;INSPECT=30/37,false
C3A6T3I1F1,3,6,3,1,1,"(3,12,1,1)",22,CUT,CUT=18/66;ASSEMBLE+INSPECT=54/308,true
C3A6T3I1F2,3,6,3,1,2,"(3,12,1,2)",17,CUT,CUT=18/51;ASSEMBLE+INSPECT=54/255,true
C3A6T3I1F3,3,6,3,1,3,"(3,12,1,3)",17,CUT,CUT=18/51;ASSEMBLE+INSPECT=54/272,true
C3A6T3I2F0,3,6,3,2,0,"(3,12,2,0)",22,INSPECT,CUT=18/66;ASSEMBLE=24/264;INSPECT=30/44,false
C3A6T3I2F1,3,6,3,2,1,"(3,12,2,1)",17,CUT,CUT=18/51;ASSEMBLE+INSPECT=54/255,true
C3A6T3I2F2,3,6,3,2,2,"(3,12,2,2)",17,CUT,CUT=18/51;ASSEMBLE+INSPECT=54/272,true
C3A6T3I2F3,3,6,3,2,3,"(3,12,2,3)",17,CUT,CUT=18/51;ASSEMBLE+INSPECT=54/289,true
C3A6T3I3F0,3,6,3,3,0,"(3,12,3,0)",17,INSPECT,CUT=18/51;ASSEMBLE=24/204;INSPECT=30/51,false
C3A6T3I3F1,3,6,3,3,1,"(3,12,3,1)",17,CUT,CUT=18/51;ASSEMBLE+INSPECT=54/272,true
C3A6T3I3F2,3,6,3,3,2,"(3,12,3,2)",17,CUT,CUT=18/51;ASSEMBLE+INSPECT=54/289,true
C3A6T3I3F3,3,6,3,3,3,"(3,12,3,3)",15,CUT,CUT=18/45;ASSEMBLE+INSPECT=54/270,true
C3A6T3I4F0,3,6,3,4,0,"(3,12,4,0)",17,INSPECT,CUT=18/51;ASSEMBLE=24/204;INSPECT=30/68,false
C3A6T3I4F1,3,6,3,4,1,"(3,12,4,1)",17,CUT,CUT=18/51;ASSEMBLE+INSPECT=54/289,true
C3A6T3I4F2,3,6,3,4,2,"(3,12,4,2)",15,CUT,CUT=18/45;ASSEMBLE+INSPECT=54/270,true
C3A6T3I4F3,3,6,3,4,3,"(3,12,4,3)",15,CUT,CUT=18/45;ASSEMBLE+INSPECT=54/285,true
C4A0T0I0F1,4,0,0,0,1,"(4,0,0,1)",57,ASSEMBLE+INSPECT,CUT=18/228;ASSEMBLE+INSPECT=54/57,true
C4A0T0I0F2,4,0,0,0,2,"(4,0,0,2)",30,ASSEMBLE+INSPECT,CUT=18/120;ASSEMBLE+INSPECT=54/60,true
C4A0T0I0F3,4,0,0,0,3,"(4,0,0,3)",21,ASSEMBLE+INSPECT,CUT=18/84;ASSEMBLE+INSPECT=54/63,true
C4A0T0I1F1,4,0,0,1,1,"(4,0,1,1)",42,ASSEMBLE+INSPECT,CUT=18/168;ASSEMBLE+INSPECT=54/84,true
C4A0T0I1F2,4,0,0,1,2,"(4,0,1,2)",25,ASSEMBLE+INSPECT,CUT=18/100;ASSEMBLE+INSPECT=54/75,true
C4A0T0I1F3,4,0,0,1,3,"(4,0,1,3)",21,ASSEMBLE+INSPECT,CUT=18/84;ASSEMBLE+INSPECT=54/84,true
C4A0T0I2F1,4,0,0,2,1,"(4,0,2,1)",32,ASSEMBLE+INSPECT,CUT=18/128;ASSEMBLE+INSPECT=54/96,true
C4A0T0I2F2,4,0,0,2,2,"(4,0,2,2)",25,ASSEMBLE+INSPECT,CUT=18/100;ASSEMBLE+INSPECT=54/100,true
C4A0T0I2F3,4,0,0,2,3,"(4,0,2,3)",21,ASSEMBLE+INSPECT,CUT=18/84;ASSEMBLE+INSPECT=54/105,true
C4A0T0I3F1,4,0,0,3,1,"(4,0,3,1)",32,ASSEMBLE+INSPECT,CUT=18/128;ASSEMBLE+INSPECT=54/128,true
C4A0T0I3F2,4,0,0,3,2,"(4,0,3,2)",24,ASSEMBLE+INSPECT,CUT=18/96;ASSEMBLE+INSPECT=54/120,true
C4A0T0I3F3,4,0,0,3,3,"(4,0,3,3)",16,ASSEMBLE+INSPECT,CUT=18/64;ASSEMBLE+INSPECT=54/96,true
C4A0T0I4F1,4,0,0,4,1,"(4,0,4,1)",32,ASSEMBLE+INSPECT,CUT=18/128;ASSEMBLE+INSPECT=54/160,true
C4A0T0I4F2,4,0,0,4,2,"(4,0,4,2)",20,ASSEMBLE+INSPECT,CUT=18/80;ASSEMBLE+INSPECT=54/120,true
C4A0T0I4F3,4,0,0,4,3,"(4,0,4,3)",16,ASSEMBLE+INSPECT,CUT=18/64;ASSEMBLE+INSPECT=54/112,true
C4A0T1I0F1,4,0,1,0,1,"(4,2,0,1)",37,ASSEMBLE+INSPECT,CUT=18/148;ASSEMBLE+INSPECT=54/111,true
C4A0T1I0F2,4,0,1,0,2,"(4,2,0,2)",22,ASSEMBLE+INSPECT,CUT=18/88;ASSEMBLE+INSPECT=54/88,true
C4A0T1I0F3,4,0,1,0,3,"(4,2,0,3)",17,ASSEMBLE+INSPECT,CUT=18/68;ASSEMBLE+INSPECT=54/85,true
C4A0T1I1F0,4,0,1,1,0,"(4,2,1,0)",37,INSPECT,CUT=18/148;ASSEMBLE=24/74;INSPECT=30/37,false
C4A0T1I1F1,4,0,1,1,1,"(4,2,1,1)",26,ASSEMBLE+INSPECT,CUT=18/104;ASSEMBLE+INSPECT=54/104,true
C4A0T1I1F2,4,0,1,1,2,"(4,2,1,2)",21,ASSEMBLE+INSPECT,CUT=18/84;ASSEMBLE+INSPECT=54/105,true
C4A0T1I1F3,4,0,1,1,3,"(4,2,1,3)",17,ASSEMBLE+INSPECT,CUT=18/68;ASSEMBLE+INSPECT=54/102,true
C4A0T1I2F0,4,0,1,2,0,"(4,2,2,0)",22,INSPECT,CUT=18/88;ASSEMBLE=24/44;INSPECT=30/44,false
C4A0T1I2F1,4,0,1,2,1,"(4,2,2,1)",21,ASSEMBLE+INSPECT,CUT=18/84;ASSEMBLE+INSPECT=54/105,true
C4A0T1I2F2,4,0,1,2,2,"(4,2,2,2)",17,ASSEMBLE+INSPECT,CUT=18/68;ASSEMBLE+INSPECT=54/102,true
C4A0T1I2F3,4,0,1,2,3,"(4,2,2,3)",17,ASSEMBLE+INSPECT,CUT=18/68;ASSEMBLE+INSPECT=54/119,true
C4A0T1I3F0,4,0,1,3,0,"(4,2,3,0)",21,ASSEMBLE,CUT=18/84;ASSEMBLE=24/42;INSPECT=30/63,false
C4A0T1I3F1,4,0,1,3,1,"(4,2,3,1)",17,ASSEMBLE+INSPECT,CUT=18/68;ASSEMBLE+INSPECT=54/102,true
C4A0T1I3F2,4,0,1,3,2,"(4,2,3,2)",17,ASSEMBLE+INSPECT,CUT=18/68;ASSEMBLE+INSPECT=54/119,true
C4A0T1I3F3,4,0,1,3,3,"(4,2,3,3)",16,ASSEMBLE+INSPECT,CUT=18/64;ASSEMBLE+INSPECT=54/128,true
C4A0T1I4F0,4,0,1,4,0,"(4,2,4,0)",20,ASSEMBLE,CUT=18/80;ASSEMBLE=24/40;INSPECT=30/80,false
C4A0T1I4F1,4,0,1,4,1,"(4,2,4,1)",17,ASSEMBLE+INSPECT,CUT=18/68;ASSEMBLE+INSPECT=54/119,true
C4A0T1I4F2,4,0,1,4,2,"(4,2,4,2)",16,ASSEMBLE+INSPECT,CUT=18/64;ASSEMBLE+INSPECT=54/128,true
C4A0T1I4F3,4,0,1,4,3,"(4,2,4,3)",16,ASSEMBLE+INSPECT,CUT=18/64;ASSEMBLE+INSPECT=54/144,true
C4A0T2I0F1,4,0,2,0,1,"(4,4,0,1)",37,ASSEMBLE+INSPECT,CUT=18/148;ASSEMBLE+INSPECT=54/185,true
C4A0T2I0F2,4,0,2,0,2,"(4,4,0,2)",22,ASSEMBLE+INSPECT,CUT=18/88;ASSEMBLE+INSPECT=54/132,true
C4A0T2I0F3,4,0,2,0,3,"(4,4,0,3)",17,ASSEMBLE+INSPECT,CUT=18/68;ASSEMBLE+INSPECT=54/119,true
C4A0T2I1F0,4,0,2,1,0,"(4,4,1,0)",37,INSPECT,CUT=18/148;ASSEMBLE=24/148;INSPECT=30/37,false
C4A0T2I1F1,4,0,2,1,1,"(4,4,1,1)",26,ASSEMBLE+INSPECT,CUT=18/104;ASSEMBLE+INSPECT=54/156,true
C4A0T2I1F2,4,0,2,1,2,"(4,4,1,2)",17,ASSEMBLE+INSPECT,CUT=18/68;ASSEMBLE+INSPECT=54/119,true
C4A0T2I1F3,4,0,2,1,3,"(4,4,1,3)",17,ASSEMBLE+INSPECT,CUT=18/68;ASSEMBLE+INSPECT=54/136,true
C4A0T2I2F0,4,0,2,2,0,"(4,4,2,0)",22,INSPECT,CUT=18/88;ASSEMBLE=24/88;INSPECT=30/44,false
C4A0T2I2F1,4,0,2,2,1,"(4,4,2,1)",21,ASSEMBLE+INSPECT,CUT=18/84;ASSEMBLE+INSPECT=54/147,true
C4A0T2I2F2,4,0,2,2,2,"(4,4,2,2)",17,ASSEMBLE+INSPECT,CUT=18/68;ASSEMBLE+INSPECT=54/136,true
C4A0T2I2F3,4,0,2,2,3,"(4,4,2,3)",17,ASSEMBLE+INSPECT,CUT=18/68;ASSEMBLE+INSPECT=54/153,true
C4A0T2I3F0,4,0,2,3,0,"(4,4,3,0)",17,INSPECT,CUT=18/68;ASSEMBLE=24/68;INSPECT=30/51,false
C4A0T2I3F1,4,0,2,3,1,"(4,4,3,1)",17,ASSEMBLE+INSPECT,CUT=18/68;ASSEMBLE+INSPECT=54/136,true
C4A0T2I3F2,4,0,2,3,2,"(4,4,3,2)",17,ASSEMBLE+INSPECT,CUT=18/68;ASSEMBLE+INSPECT=54/153,true
C4A0T2I3F3,4,0,2,3,3,"(4,4,3,3)",15,ASSEMBLE+INSPECT,CUT=18/60;ASSEMBLE+INSPECT=54/150,true
C4A0T2I4F0,4,0,2,4,0,"(4,4,4,0)",17,INSPECT,CUT=18/68;ASSEMBLE=24/68;INSPECT=30/68,false
C4A0T2I4F1,4,0,2,4,1,"(4,4,4,1)",17,ASSEMBLE+INSPECT,CUT=18/68;ASSEMBLE+INSPECT=54/153,true
C4A0T2I4F2,4,0,2,4,2,"(4,4,4,2)",15,ASSEMBLE+INSPECT,CUT=18/60;ASSEMBLE+INSPECT=54/150,true
C4A0T2I4F3,4,0,2,4,3,"(4,4,4,3)",15,ASSEMBLE+INSPECT,CUT=18/60;ASSEMBLE+INSPECT=54/165,true
C4A0T3I0F1,4,0,3,0,1,"(4,6,0,1)",37,ASSEMBLE+INSPECT,CUT=18/148;ASSEMBLE+INSPECT=54/259,true
C4A0T3I0F2,4,0,3,0,2,"(4,6,0,2)",22,ASSEMBLE+INSPECT,CUT=18/88;ASSEMBLE+INSPECT=54/176,true
C4A0T3I0F3,4,0,3,0,3,"(4,6,0,3)",17,ASSEMBLE+INSPECT,CUT=18/68;ASSEMBLE+INSPECT=54/153,true
C4A0T3I1F0,4,0,3,1,0,"(4,6,1,0)",37,INSPECT,CUT=18/148;ASSEMBLE=24/222;INSPECT=30/37,false
C4A0T3I1F1,4,0,3,1,1,"(4,6,1,1)",22,ASSEMBLE+INSPECT,CUT=18/88;ASSEMBLE+INSPECT=54/176,true
C4A0T3I1F2,4,0,3,1,2,"(4,6,1,2)",17,ASSEMBLE+INSPECT,CUT=18/68;ASSEMBLE+INSPECT=54/153,true
C4A0T3I1F3,4,0,3,1,3,"(4,6,1,3)",17,ASSEMBLE+INSPECT,CUT=18/68;ASSEMBLE+INSPECT=54/170,true
C4A0T3I2F0,4,0,3,2,0,"(4,6,2,0)",22,INSPECT,CUT=18/88;ASSEMBLE=24/132;INSPECT=30/44,false
C4A0T3I2F1,4,0,3,2,1,"(4,6,2,1)",17,ASSEMBLE+INSPECT,CUT=18/68;ASSEMBLE+INSPECT=54/153,true
C4A0T3I2F2,4,0,3,2,2,"(4,6,2,2)",17,ASSEMBLE+INSPECT,CUT=18/68;ASSEMBLE+INSPECT=54/170,true
C4A0T3I2F3,4,0,3,2,3,"(4,6,2,3)",17,ASSEMBLE+INSPECT,CUT=18/68;ASSEMBLE+INSPECT=54/187,true
C4A0T3I3F0,4,0,3,3,0,"(4,6,3,0)",17,INSPECT,CUT=18/68;ASSEMBLE=24/102;INSPECT=30/51,false
C4A0T3I3F1,4,0,3,3,1,"(4,6,3,1)",17,ASSEMBLE+INSPECT,CUT=18/68;ASSEMBLE+INSPECT=54/170,true
C4A0T3I3F2,4,0,3,3,2,"(4,6,3,2)",17,ASSEMBLE+INSPECT,CUT=18/68;ASSEMBLE+INSPECT=54/187,true
C4A0T3I3F3,4,0,3,3,3,"(4,6,3,3)",15,CUT|ASSEMBLE+INSPECT,CUT=18/60;ASSEMBLE+INSPECT=54/180,true
C4A0T3I4F0,4,0,3,4,0,"(4,6,4,0)",17,INSPECT,CUT=18/68;ASSEMBLE=24/102;INSPECT=30/68,false
C4A0T3I4F1,4,0,3,4,1,"(4,6,4,1)",17,ASSEMBLE+INSPECT,CUT=18/68;ASSEMBLE+INSPECT=54/187,true
C4A0T3I4F2,4,0,3,4,2,"(4,6,4,2)",15,CUT|ASSEMBLE+INSPECT,CUT=18/60;ASSEMBLE+INSPECT=54/180,true
C4A0T3I4F3,4,0,3,4,3,"(4,6,4,3)",15,CUT,CUT=18/60;ASSEMBLE+INSPECT=54/195,true
C4A1T0I0F1,4,1,0,0,1,"(4,1,0,1)",37,ASSEMBLE+INSPECT,CUT=18/148;ASSEMBLE+INSPECT=54/74,true
C4A1T0I0F2,4,1,0,0,2,"(4,1,0,2)",26,ASSEMBLE+INSPECT,CUT=18/104;ASSEMBLE+INSPECT=54/78,true
C4A1T0I0F3,4,1,0,0,3,"(4,1,0,3)",20,ASSEMBLE+INSPECT,CUT=18/80;ASSEMBLE+INSPECT=54/80,true
C4A1T0I1F0,4,1,0,1,0,"(4,1,1,0)",37,INSPECT,CUT=18/148;ASSEMBLE=24/37;INSPECT=30/37,false
C4A1T0I1F1,4,1,0,1,1,"(4,1,1,1)",26,ASSEMBLE+INSPECT,CUT=18/104;ASSEMBLE+INSPECT=54/78,true
C4A1T0I1F2,4,1,0,1,2,"(4,1,1,2)",21,ASSEMBLE+INSPECT,CUT=18/84;ASSEMBLE+INSPECT=54/84,true
C4A1T0I1F3,4,1,0,1,3,"(4,1,1,3)",17,ASSEMBLE+INSPECT,CUT=18/68;ASSEMBLE+INSPECT=54/85,true
C4A1T0I2F0,4,1,0,2,0,"(4,1,2,0)",32,ASSEMBLE,CUT=18/128;ASSEMBLE=24/32;INSPECT=30/64,false
C4A1T0I2F1,4,1,0,2,1,"(4,1,2,1)",24,ASSEMBLE+INSPECT,CUT=18/96;ASSEMBLE+INSPECT=54/96,true
C4A1T0I2F2,4,1,0,2,2,"(4,1,2,2)",17,ASSEMBLE+INSPECT,CUT=18/68;ASSEMBLE+INSPECT=54/85,true
C4A1T0I2F3,4,1,0,2,3,"(4,1,2,3)",17,ASSEMBLE+INSPECT,CUT=18/68;ASSEMBLE+INSPECT=54/102,true
C4A1T0I3F0,4,1,0,3,0,"(4,1,3,0)",32,ASSEMBLE,CUT=18/128;ASSEMBLE=24/32;INSPECT=30/96,false
C4A1T0I3F1,4,1,0,3,1,"(4,1,3,1)",20,ASSEMBLE+INSPECT,CUT=18/80;ASSEMBLE+INSPECT=54/100,true
C4A1T0I3F2,4,1,0,3,2,"(4,1,3,2)",17,ASSEMBLE+INSPECT,CUT=18/68;ASSEMBLE+INSPECT=54/102,true
C4A1T0I3F3,4,1,0,3,3,"(4,1,3,3)",16,ASSEMBLE+INSPECT,CUT=18/64;ASSEMBLE+INSPECT=54/112,true
C4A1T0I4F0,4,1,0,4,0,"(4,1,4,0)",32,ASSEMBLE,CUT=18/128;ASSEMBLE=24/32;INSPECT=30/128,false
C4A1T0I4F1,4,1,0,4,1,"(4,1,4,1)",20,ASSEMBLE+INSPECT,CUT=18/80;ASSEMBLE+INSPECT=54/120,true
C4A1T0I4F2,4,1,0,4,2,"(4,1,4,2)",16,ASSEMBLE+INSPECT,CUT=18/64;ASSEMBLE+INSPECT=54/112,true
C4A1T0I4F3,4,1,0,4,3,"(4,1,4,3)",16,ASSEMBLE+INSPECT,CUT=18/64;ASSEMBLE+INSPECT=54/128,true
C4A1T1I0F1,4,1,1,0,1,"(4,3,0,1)",37,ASSEMBLE+INSPECT,CUT=18/148;ASSEMBLE+INSPECT=54/148,true
C4A1T1I0F2,4,1,1,0,2,"(4,3,0,2)",22,ASSEMBLE+INSPECT,CUT=18/88;ASSEMBLE+INSPECT=54/110,true
C4A1T1I0F3,4,1,1,0,3,"(4,3,0,3)",17,ASSEMBLE+INSPECT,CUT=18/68;ASSEMBLE+INSPECT=54/102,true
C4A1T1I1F0,4,1,1,1,0,"(4,3,1,0)",37,INSPECT,CUT=18/148;ASSEMBLE=24/111;INSPECT=30/37,false
C4A1T1I1F1,4,1,1,1,1,"(4,3,1,1)",26,ASSEMBLE+INSPECT,CUT=18/104;ASSEMBLE+INSPECT=54/130,true
C4A1T1I1F2,4,1,1,1,2,"(4,3,1,2)",21,ASSEMBLE+INSPECT,CUT=18/84;ASSEMBLE+INSPECT=54/126,true
C4A1T1I1F3,4,1,1,1,3,"(4,3,1,3)",17,ASSEMBLE+INSPECT,CUT=18/68;ASSEMBLE+INSPECT=54/119,true
C4A1T1I2F0,4,1,1,2,0,"(4,3,2,0)",22,INSPECT,CUT=18/88;ASSEMBLE=24/66;INSPECT=30/44,false
C4A1T1I2F1,4,1,1,2,1,"(4,3,2,1)",21,ASSEMBLE+INSPECT,CUT=18/84;ASSEMBLE+INSPECT=54/126,true
C4A1T1I2F2,4,1,1,2,2,"(4,3,2,2)",17,ASSEMBLE+INSPECT,CUT=18/68;ASSEMBLE+INSPECT=54/119,true
C4A1T1I2F3,4,1,1,2,3,"(4,3,2,3)",17,ASSEMBLE+INSPECT,CUT=18/68;ASSEMBLE+INSPECT=54/136,true
C4A1T1I3F0,4,1,1,3,0,"(4,3,3,0)",17,INSPECT,CUT=18/68;ASSEMBLE=24/51;INSPECT=30/51,false
C4A1T1I3F1,4,1,1,3,1,"(4,3,3,1)",17,ASSEMBLE+INSPECT,CUT=18/68;ASSEMBLE+INSPECT=54/119,true
C4A1T1I3F2,4,1,1,3,2,"(4,3,3,2)",17,ASSEMBLE+INSPECT,CUT=18/68;ASSEMBLE+INSPECT=54/136,true
C4A1T1I3F3,4,1,1,3,3,"(4,3,3,3)",15,ASSEMBLE+INSPECT,CUT=18/60;ASSEMBLE+INSPECT=54/135,true
C4A1T1I4F0,4,1,1,4,0,"(4,3,4,0)",17,ASSEMBLE,CUT=18/68;ASSEMBLE=24/51;INSPECT=30/68,false
C4A1T1I4F1,4,1,1,4,1,"(4,3,4,1)",17,ASSEMBLE+INSPECT,CUT=18/68;ASSEMBLE+INSPECT=54/136,true
C4A1T1I4F2,4,1,1,4,2,"(4,3,4,2)",16,ASSEMBLE+INSPECT,CUT=18/64;ASSEMBLE+INSPECT=54/144,true
C4A1T1I4F3,4,1,1,4,3,"(4,3,4,3)",15,ASSEMBLE+INSPECT,CUT=18/60;ASSEMBLE+INSPECT=54/150,true
C4A1T2I0F1,4,1,2,0,1,"(4,5,0,1)",37,ASSEMBLE+INSPECT,CUT=18/148;ASSEMBLE+INSPECT=54/222,true
C4A1T2I0F2,4,1,2,0,2,"(4,5,0,2)",22,ASSEMBLE+INSPECT,CUT=18/88;ASSEMBLE+INSPECT=54/154,true
C4A1T2I0F3,4,1,2,0,3,"(4,5,0,3)",17,ASSEMBLE+INSPECT,CUT=18/68;ASSEMBLE+INSPECT=54/136,true
C4A1T2I1F0,4,1,2,1,0,"(4,5,1,0)",37,INSPECT,CUT=18/148;ASSEMBLE=24/185;INSPECT=30/37,false
C4A1T2I1F1,4,1,2,1,1,"(4,5,1,1)",22,ASSEMBLE+INSPECT,CUT=18/88;ASSEMBLE+INSPECT=54/154,true
C4A1T2I1F2,4,1,2,1,2,"(4,5,1,2)",17,ASSEMBLE+INSPECT,CUT=18/68;ASSEMBLE+INSPECT=54/136,true
C4A1T2I1F3,4,1,2,1,3,"(4,5,1,3)",17,ASSEMBLE+INSPECT,CUT=18/68;ASSEMBLE+INSPECT=54/153,true
C4A1T2I2F0,4,1,2,2,0,"(4,5,2,0)",22,INSPECT,CUT=18/88;ASSEMBLE=24/110;INSPECT=30/44,false
C4A1T2I2F1,4,1,2,2,1,"(4,5,2,1)",17,ASSEMBLE+INSPECT,CUT=18/68;ASSEMBLE+INSPECT=54/136,true
C4A1T2I2F2,4,1,2,2,2,"(4,5,2,2)",17,ASSEMBLE+INSPECT,CUT=18/68;ASSEMBLE+INSPECT=54/153,true
C4A1T2I2F3,4,1,2,2,3,"(4,5,2,3)",17,ASSEMBLE+INSPECT,CUT=18/68;ASSEMBLE+INSPECT=54/170,true
C4A1T2I3F0,4,1,2,3,0,"(4,5,3,0)",17,INSPECT,CUT=18/68;ASSEMBLE=24/85;INSPECT=30/51,false
C4A1T2I3F1,4,1,2,3,1,"(4,5,3,1)",17,ASSEMBLE+INSPECT,CUT=18/68;ASSEMBLE+INSPECT=54/153,true
C4A1T2I3F2,4,1,2,3,2,"(4,5,3,2)",17,ASSEMBLE+INSPECT,CUT=18/68;ASSEMBLE+INSPECT=54/170,true
C4A1T2I3F3,4,1,2,3,3,"(4,5,3,3)",15,ASSEMBLE+INSPECT,CUT=18/60;ASSEMBLE+INSPECT=54/165,true
C4A1T2I4F0,4,1,2,4,0,"(4,5,4,0)",17,INSPECT,CUT=18/68;ASSEMBLE=24/85;INSPECT=30/68,false
C4A1T2I4F1,4,1,2,4,1,"(4,5,4,1)",17,ASSEMBLE+INSPECT,CUT=18/68;ASSEMBLE+INSPECT=54/170,true
C4A1T2I4F2,4,1,2,4,2,"(4,5,4,2)",15,ASSEMBLE+INSPECT,CUT=18/60;ASSEMBLE+INSPECT=54/165,true
C4A1T2I4F3,4,1,2,4,3,"(4,5,4,3)",15,CUT|ASSEMBLE+INSPECT,CUT=18/60;ASSEMBLE+INSPECT=54/180,true
C4A1T3I0F1,4,1,3,0,1,"(4,7,0,1)",37,ASSEMBLE+INSPECT,CUT=18/148;ASSEMBLE+INSPECT=54/296,true
C4A1T3I0F2,4,1,3,0,2,"(4,7,0,2)",22,ASSEMBLE+INSPECT,CUT=18/88;ASSEMBLE+INSPECT=54/198,true
C4A1T3I0F3,4,1,3,0,3,"(4,7,0,3)",17,ASSEMBLE+INSPECT,CUT=18/68;ASSEMBLE+INSPECT=54/170,true
C4A1T3I1F0,4,1,3,1,0,"(4,7,1,0)",37,INSPECT,CUT=18/148;ASSEMBLE=24/259;INSPECT=30/37,false
C4A1T3I1F1,4,1,3,1,1,"(4,7,1,1)",22,ASSEMBLE+INSPECT,CUT=18/88;ASSEMBLE+INSPECT=54/198,true
C4A1T3I1F2,4,1,3,1,2,"(4,7,1,2)",17,ASSEMBLE+INSPECT,CUT=18/68;ASSEMBLE+INSPECT=54/170,true
C4A1T3I1F3,4,1,3,1,3,"(4,7,1,3)",17,ASSEMBLE+INSPECT,CUT=18/68;ASSEMBLE+INSPECT=54/187,true
C4A1T3I2F0,4,1,3,2,0,"(4,7,2,0)",22,INSPECT,CUT=18/88;ASSEMBLE=24/154;INSPECT=30/44,false
C4A1T3I2F1,4,1,3,2,1,"(4,7,2,1)",17,ASSEMBLE+INSPECT,CUT=18/68;ASSEMBLE+INSPECT=54/170,true
C4A1T3I2F2,4,1,3,2,2,"(4,7,2,2)",17,ASSEMBLE+INSPECT,CUT=18/68;ASSEMBLE+INSPECT=54/187,true
C4A1T3I2F3,4,1,3,2,3,"(4,7,2,3)",17,CUT|ASSEMBLE+INSPECT,CUT=18/68;ASSEMBLE+INSPECT=54/204,true
C4A1T3I3F0,4,1,3,3,0,"(4,7,3,0)",17,INSPECT,CUT=18/68;ASSEMBLE=24/119;INSPECT=30/51,false
C4A1T3I3F1,4,1,3,3,1,"(4,7,3,1)",17,ASSEMBLE+INSPECT,CUT=18/68;ASSEMBLE+INSPECT=54/187,true
C4A1T3I3F2,4,1,3,3,2,"(4,7,3,2)",17,CUT|ASSEMBLE+INSPECT,CUT=18/68;ASSEMBLE+INSPECT=54/204,true
C4A1T3I3F3,4,1,3,3,3,"(4,7,3,3)",15,CUT,CUT=18/60;ASSEMBLE+INSPECT=54/195,true
C4A1T3I4F0,4,1,3,4,0,"(4,7,4,0)",17,INSPECT,CUT=18/68;ASSEMBLE=24/119;INSPECT=30/68,false
C4A1T3I4F1,4,1,3,4,1,"(4,7,4,1)",17,CUT|ASSEMBLE+INSPECT,CUT=18/68;ASSEMBLE+INSPECT=54/204,true
C4A1T3I4F2,4,1,3,4,2,"(4,7,4,2)",15,CUT,CUT=18/60;ASSEMBLE+INSPECT=54/195,true
C4A1T3I4F3,4,1,3,4,3,"(4,7,4,3)",15,CUT,CUT=18/60;ASSEMBLE+INSPECT=54/210,true
C4A2T0I0F1,4,2,0,0,1,"(4,2,0,1)",37,ASSEMBLE+INSPECT,CUT=18/148;ASSEMBLE+INSPECT=54/111,true
C4A2T0I0F2,4,2,0,0,2,"(4,2,0,2)",22,ASSEMBLE+INSPECT,CUT=18/88;ASSEMBLE+INSPECT=54/88,true
C4A2T0I0F3,4,2,0,0,3,"(4,2,0,3)",17,ASSEMBLE+INSPECT,CUT=18/68;ASSEMBLE+INSPECT=54/85,true
C4A2T0I1F0,4,2,0,1,0,"(4,2,1,0)",37,INSPECT,CUT=18/148;ASSEMBLE=24/74;INSPECT=30/37,false
C4A2T0I1F1,4,2,0,1,1,"(4,2,1,1)",26,ASSEMBLE+INSPECT,CUT=18/104;ASSEMBLE+INSPECT=54/104,true
C4A2T0I1F2,4,2,0,1,2,"(4,2,1,2)",21,ASSEMBLE+INSPECT,CUT=18/84;ASSEMBLE+INSPECT=54/105,true
C4A2T0I1F3,4,2,0,1,3,"(4,2,1,3)",17,ASSEMBLE+INSPECT,CUT=18/68;ASSEMBLE+INSPECT=54/102,true
C4A2T0I2F0,4,2,0,2,0,"(4,2,2,0)",22,INSPECT,CUT=18/88;ASSEMBLE=24/44;INSPECT=30/44,false
C4A2T0I2F1,4,2,0,2,1,"(4,2,2,1)",21,ASSEMBLE+INSPECT,CUT=18/84;ASSEMBLE+INSPECT=54/105,true
C4A2T0I2F2,4,2,0,2,2,"(4,2,2,2)",17,ASSEMBLE+INSPECT,CUT=18/68;ASSEMBLE+INSPECT=54/102,true
C4A2T0I2F3,4,2,0,2,3,"(4,2,2,3)",17,ASSEMBLE+INSPECT,CUT=18/68;ASSEMBLE+INSPECT=54/119,true
C4A2T0I3F0,4,2,0,3,0,"(4,2,3,0)",21,ASSEMBLE,CUT=18/84;ASSEMBLE=24/42;INSPECT=30/63,false
C4A2T0I3F1,4,2,0,3,1,"(4,2,3,1)",17,ASSEMBLE+INSPECT,CUT=18/68;ASSEMBLE+INSPECT=54/102,true
C4A2T0I3F2,4,2,0,3,2,"(4,2,3,2)",17,ASSEMBLE+INSPECT,CUT=18/68;ASSEMBLE+INSPECT=54/119,true
C4A2T0I3F3,4,2,0,3,3,"(4,2,3,3)",16,ASSEMBLE+INSPECT,CUT=18/64;ASSEMBLE+INSPECT=54/128,true
C4A2T0I4F0,4,2,0,4,0,"(4,2,4,0)",20,ASSEMBLE,CUT=18/80;ASSEMBLE=24/40;INSPECT=30/80,false
C4A2T0I4F1,4,2,0,4,1,"(4,2,4,1)",17,ASSEMBLE+INSPECT,CUT=18/68;ASSEMBLE+INSPECT=54/119,true
C4A2T0I4F2,4,2,0,4,2,"(4,2,4,2)",16,ASSEMBLE+INSPECT,CUT=18/64;ASSEMBLE+INSPECT=54/128,true
C4A2T0I4F3,4,2,0,4,3,"(4,2,4,3)",16,ASSEMBLE+INSPECT,CUT=18/64;ASSEMBLE+INSPECT=54/144,true
C4A2T1I0F1,4,2,1,0,1,"(4,4,0,1)",37,ASSEMBLE+INSPECT,CUT=18/148;ASSEMBLE+INSPECT=54/185,true
C4A2T1I0F2,4,2,1,0,2,"(4,4,0,2)",22,ASSEMBLE+INSPECT,CUT=18/88;ASSEMBLE+INSPECT=54/132,true
C4A2T1I0F3,4,2,1,0,3,"(4,4,0,3)",17,ASSEMBLE+INSPECT,CUT=18/68;ASSEMBLE+INSPECT=54/119,true
C4A2T1I1F0,4,2,1,1,0,"(4,4,1,0)",37,INSPECT,CUT=18/148;ASSEMBLE=24/148;INSPECT=30/37,false
C4A2T1I1F1,4,2,1,1,1,"(4,4,1,1)",26,ASSEMBLE+INSPECT,CUT=18/104;ASSEMBLE+INSPECT=54/156,true
C4A2T1I1F2,4,2,1,1,2,"(4,4,1,2)",17,ASSEMBLE+INSPECT,CUT=18/68;ASSEMBLE+INSPECT=54/119,true
C4A2T1I1F3,4,2,1,1,3,"(4,4,1,3)",17,ASSEMBLE+INSPECT,CUT=18/68;ASSEMBLE+INSPECT=54/136,true
C4A2T1I2F0,4,2,1,2,0,"(4,4,2,0)",22,INSPECT,CUT=18/88;ASSEMBLE=24/88;INSPECT=30/44,false
C4A2T1I2F1,4,2,1,2,1,"(4,4,2,1)",21,ASSEMBLE+INSPECT,CUT=18/84;ASSEMBLE+INSPECT=54/147,true
C4A2T1I2F2,4,2,1,2,2,"(4,4,2,2)",17,ASSEMBLE+INSPECT,CUT=18/68;ASSEMBLE+INSPECT=54/136,true
C4A2T1I2F3,4,2,1,2,3,"(4,4,2,3)",17,ASSEMBLE+INSPECT,CUT=18/68;ASSEMBLE+INSPECT=54/153,true
C4A2T1I3F0,4,2,1,3,0,"(4,4,3,0)",17,INSPECT,CUT=18/68;ASSEMBLE=24/68;INSPECT=30/51,false
C4A2T1I3F1,4,2,1,3,1,"(4,4,3,1)",17,ASSEMBLE+INSPECT,CUT=18/68;ASSEMBLE+INSPECT=54/136,true
C4A2T1I3F2,4,2,1,3,2,"(4,4,3,2)",17,ASSEMBLE+INSPECT,CUT=18/68;ASSEMBLE+INSPECT=54/153,true
C4A2T1I3F3,4,2,1,3,3,"(4,4,3,3)",15,ASSEMBLE+INSPECT,CUT=18/60;ASSEMBLE+INSPECT=54/150,true
C4A2T1I4F0,4,2,1,4,0,"(4,4,4,0)",17,INSPECT,CUT=18/68;ASSEMBLE=24/68;INSPECT=30/68,false
C4A2T1I4F1,4,2,1,4,1,"(4,4,4,1)",17,ASSEMBLE+INSPECT,CUT=18/68;ASSEMBLE+INSPECT=54/153,true
C4A2T1I4F2,4,2,1,4,2,"(4,4,4,2)",15,ASSEMBLE+INSPECT,CUT=18/60;ASSEMBLE+INSPECT=54/150,true
C4A2T1I4F3,4,2,1,4,3,"(4,4,4,3)",15,ASSEMBLE+INSPECT,CUT=18/60;ASSEMBLE+INSPECT=54/165,true
C4A2T2I0F1,4,2,2,0,1,"(4,6,0,1)",37,ASSEMBLE+INSPECT,CUT=18/148;ASSEMBLE+INSPECT=54/259,true
C4A2T2I0F2,4,2,2,0,2,"(4,6,0,2)",22,ASSEMBLE+INSPECT,CUT=18/88;ASSEMBLE+INSPECT=54/176,true
C4A2T2I0F3,4,2,2,0,3,"(4,6,0,3)",17,ASSEMBLE+INSPECT,CUT=18/68;ASSEMBLE+INSPECT=54/153,true
C4A2T2I1F0,4,2,2,1,0,"(4,6,1,0)",37,INSPECT,CUT=18/148;ASSEMBLE=24/222;INSPECT=30/37,false
C4A2T2I1F1,4,2,2,1,1,"(4,6,1,1)",22,ASSEMBLE+INSPECT,CUT=18/88;ASSEMBLE+INSPECT=54/176,true
C4A2T2I1F2,4,2,2,1,2,"(4,6,1,2)",17,ASSEMBLE+INSPECT,CUT=18/68;ASSEMBLE+INSPECT=54/153,true
C4A2T2I1F3,4,2,2,1,3,"(4,6,1,3)",17,ASSEMBLE+INSPECT,CUT=18/68;ASSEMBLE+INSPECT=54/170,true
C4A2T2I2F0,4,2,2,2,0,"(4,6,2,0)",22,INSPECT,CUT=18/88;ASSEMBLE=24/132;INSPECT=30/44,false
C4A2T2I2F1,4,2,2,2,1,"(4,6,2,1)",17,ASSEMBLE+INSPECT,CUT=18/68;ASSEMBLE+INSPECT=54/153,true
C4A2T2I2F2,4,2,2,2,2,"(4,6,2,2)",17,ASSEMBLE+INSPECT,CUT=18/68;ASSEMBLE+INSPECT=54/170,true
C4A2T2I2F3,4,2,2,2,3,"(4,6,2,3)",17,ASSEMBLE+INSPECT,CUT=18/68;ASSEMBLE+INSPECT=54/187,true
C4A2T2I3F0,4,2,2,3,0,"(4,6,3,0)",17,INSPECT,CUT=18/68;ASSEMBLE=24/102;INSPECT=30/51,false
C4A2T2I3F1,4,2,2,3,1,"(4,6,3,1)",17,ASSEMBLE+INSPECT,CUT=18/68;ASSEMBLE+INSPECT=54/170,true
C4A2T2I3F2,4,2,2,3,2,"(4,6,3,2)",17,ASSEMBLE+INSPECT,CUT=18/68;ASSEMBLE+INSPECT=54/187,true
C4A2T2I3F3,4,2,2,3,3,"(4,6,3,3)",15,CUT|ASSEMBLE+INSPECT,CUT=18/60;ASSEMBLE+INSPECT=54/180,true
C4A2T2I4F0,4,2,2,4,0,"(4,6,4,0)",17,INSPECT,CUT=18/68;ASSEMBLE=24/102;INSPECT=30/68,false
C4A2T2I4F1,4,2,2,4,1,"(4,6,4,1)",17,ASSEMBLE+INSPECT,CUT=18/68;ASSEMBLE+INSPECT=54/187,true
C4A2T2I4F2,4,2,2,4,2,"(4,6,4,2)",15,CUT|ASSEMBLE+INSPECT,CUT=18/60;ASSEMBLE+INSPECT=54/180,true
C4A2T2I4F3,4,2,2,4,3,"(4,6,4,3)",15,CUT,CUT=18/60;ASSEMBLE+INSPECT=54/195,true
C4A2T3I0F1,4,2,3,0,1,"(4,8,0,1)",37,ASSEMBLE+INSPECT,CUT=18/148;ASSEMBLE+INSPECT=54/333,true
C4A2T3I0F2,4,2,3,0,2,"(4,8,0,2)",22,ASSEMBLE+INSPECT,CUT=18/88;ASSEMBLE+INSPECT=54/220,true
C4A2T3I0F3,4,2,3,0,3,"(4,8,0,3)",17,ASSEMBLE+INSPECT,CUT=18/68;ASSEMBLE+INSPECT=54/187,true
C4A2T3I1F0,4,2,3,1,0,"(4,8,1,0)",37,INSPECT,CUT=18/148;ASSEMBLE=24/296;INSPECT=30/37,false
C4A2T3I1F1,4,2,3,1,1,"(4,8,1,1)",22,ASSEMBLE+INSPECT,CUT=18/88;ASSEMBLE+INSPECT=54/220,true
C4A2T3I1F2,4,2,3,1,2,"(4,8,1,2)",17,ASSEMBLE+INSPECT,CUT=18/68;ASSEMBLE+INSPECT=54/187,true
C4A2T3I1F3,4,2,3,1,3,"(4,8,1,3)",17,CUT|ASSEMBLE+INSPECT,CUT=18/68;ASSEMBLE+INSPECT=54/204,true
C4A2T3I2F0,4,2,3,2,0,"(4,8,2,0)",22,INSPECT,CUT=18/88;ASSEMBLE=24/176;INSPECT=30/44,false
C4A2T3I2F1,4,2,3,2,1,"(4,8,2,1)",17,ASSEMBLE+INSPECT,CUT=18/68;ASSEMBLE+INSPECT=54/187,true
C4A2T3I2F2,4,2,3,2,2,"(4,8,2,2)",17,CUT|ASSEMBLE+INSPECT,CUT=18/68;ASSEMBLE+INSPECT=54/204,true
C4A2T3I2F3,4,2,3,2,3,"(4,8,2,3)",17,CUT,CUT=18/68;ASSEMBLE+INSPECT=54/221,true
C4A2T3I3F0,4,2,3,3,0,"(4,8,3,0)",17,INSPECT,CUT=18/68;ASSEMBLE=24/136;INSPECT=30/51,false
C4A2T3I3F1,4,2,3,3,1,"(4,8,3,1)",17,CUT|ASSEMBLE+INSPECT,CUT=18/68;ASSEMBLE+INSPECT=54/204,true
C4A2T3I3F2,4,2,3,3,2,"(4,8,3,2)",17,CUT,CUT=18/68;ASSEMBLE+INSPECT=54/221,true
C4A2T3I3F3,4,2,3,3,3,"(4,8,3,3)",15,CUT,CUT=18/60;ASSEMBLE+INSPECT=54/210,true
C4A2T3I4F0,4,2,3,4,0,"(4,8,4,0)",17,INSPECT,CUT=18/68;ASSEMBLE=24/136;INSPECT=30/68,false
C4A2T3I4F1,4,2,3,4,1,"(4,8,4,1)",17,CUT,CUT=18/68;ASSEMBLE+INSPECT=54/221,true
C4A2T3I4F2,4,2,3,4,2,"(4,8,4,2)",15,CUT,CUT=18/60;ASSEMBLE+INSPECT=54/210,true
C4A2T3I4F3,4,2,3,4,3,"(4,8,4,3)",15,CUT,CUT=18/60;ASSEMBLE+INSPECT=54/225,true
C4A3T0I0F1,4,3,0,0,1,"(4,3,0,1)",37,ASSEMBLE+INSPECT,CUT=18/148;ASSEMBLE+INSPECT=54/148,true
C4A3T0I0F2,4,3,0,0,2,"(4,3,0,2)",22,ASSEMBLE+INSPECT,CUT=18/88;ASSEMBLE+INSPECT=54/110,true
C4A3T0I0F3,4,3,0,0,3,"(4,3,0,3)",17,ASSEMBLE+INSPECT,CUT=18/68;ASSEMBLE+INSPECT=54/102,true
C4A3T0I1F0,4,3,0,1,0,"(4,3,1,0)",37,INSPECT,CUT=18/148;ASSEMBLE=24/111;INSPECT=30/37,false
C4A3T0I1F1,4,3,0,1,1,"(4,3,1,1)",26,ASSEMBLE+INSPECT,CUT=18/104;ASSEMBLE+INSPECT=54/130,true
C4A3T0I1F2,4,3,0,1,2,"(4,3,1,2)",21,ASSEMBLE+INSPECT,CUT=18/84;ASSEMBLE+INSPECT=54/126,true
C4A3T0I1F3,4,3,0,1,3,"(4,3,1,3)",17,ASSEMBLE+INSPECT,CUT=18/68;ASSEMBLE+INSPECT=54/119,true
C4A3T0I2F0,4,3,0,2,0,"(4,3,2,0)",22,INSPECT,CUT=18/88;ASSEMBLE=24/66;INSPECT=30/44,false
C4A3T0I2F1,4,3,0,2,1,"(4,3,2,1)",21,ASSEMBLE+INSPECT,CUT=18/84;ASSEMBLE+INSPECT=54/126,true
C4A3T0I2F2,4,3,0,2,2,"(4,3,2,2)",17,ASSEMBLE+INSPECT,CUT=18/68;ASSEMBLE+INSPECT=54/119,true
C4A3T0I2F3,4,3,0,2,3,"(4,3,2,3)",17,ASSEMBLE+INSPECT,CUT=18/68;ASSEMBLE+INSPECT=54/136,true
C4A3T0I3F0,4,3,0,3,0,"(4,3,3,0)",17,INSPECT,CUT=18/68;ASSEMBLE=24/51;INSPECT=30/51,false
C4A3T0I3F1,4,3,0,3,1,"(4,3,3,1)",17,ASSEMBLE+INSPECT,CUT=18/68;ASSEMBLE+INSPECT=54/119,true
C4A3T0I3F2,4,3,0,3,2,"(4,3,3,2)",17,ASSEMBLE+INSPECT,CUT=18/68;ASSEMBLE+INSPECT=54/136,true
C4A3T0I3F3,4,3,0,3,3,"(4,3,3,3)",15,ASSEMBLE+INSPECT,CUT=18/60;ASSEMBLE+INSPECT=54/135,true
C4A3T0I4F0,4,3,0,4,0,"(4,3,4,0)",17,ASSEMBLE,CUT=18/68;ASSEMBLE=24/51;INSPECT=30/68,false
C4A3T0I4F1,4,3,0,4,1,"(4,3,4,1)",17,ASSEMBLE+INSPECT,CUT=18/68;ASSEMBLE+INSPECT=54/136,true
C4A3T0I4F2,4,3,0,4,2,"(4,3,4,2)",16,ASSEMBLE+INSPECT,CUT=18/64;ASSEMBLE+INSPECT=54/144,true
C4A3T0I4F3,4,3,0,4,3,"(4,3,4,3)",15,ASSEMBLE+INSPECT,CUT=18/60;ASSEMBLE+INSPECT=54/150,true
C4A3T1I0F1,4,3,1,0,1,"(4,5,0,1)",37,ASSEMBLE+INSPECT,CUT=18/148;ASSEMBLE+INSPECT=54/222,true
C4A3T1I0F2,4,3,1,0,2,"(4,5,0,2)",22,ASSEMBLE+INSPECT,CUT=18/88;ASSEMBLE+INSPECT=54/154,true
C4A3T1I0F3,4,3,1,0,3,"(4,5,0,3)",17,ASSEMBLE+INSPECT,CUT=18/68;ASSEMBLE+INSPECT=54/136,true
C4A3T1I1F0,4,3,1,1,0,"(4,5,1,0)",37,INSPECT,CUT=18/148;ASSEMBLE=24/185;INSPECT=30/37,false
C4A3T1I1F1,4,3,1,1,1,"(4,5,1,1)",22,ASSEMBLE+INSPECT,CUT=18/88;ASSEMBLE+INSPECT=54/154,true
C4A3T1I1F2,4,3,1,1,2,"(4,5,1,2)",17,ASSEMBLE+INSPECT,CUT=18/68;ASSEMBLE+INSPECT=54/136,true
C4A3T1I1F3,4,3,1,1,3,"(4,5,1,3)",17,ASSEMBLE+INSPECT,CUT=18/68;ASSEMBLE+INSPECT=54/153,true
C4A3T1I2F0,4,3,1,2,0,"(4,5,2,0)",22,INSPECT,CUT=18/88;ASSEMBLE=24/110;INSPECT=30/44,false
C4A3T1I2F1,4,3,1,2,1,"(4,5,2,1)",17,ASSEMBLE+INSPECT,CUT=18/68;ASSEMBLE+INSPECT=54/136,true
C4A3T1I2F2,4,3,1,2,2,"(4,5,2,2)",17,ASSEMBLE+INSPECT,CUT=18/68;ASSEMBLE+INSPECT=54/153,true
C4A3T1I2F3,4,3,1,2,3,"(4,5,2,3)",17,ASSEMBLE+INSPECT,CUT=18/68;ASSEMBLE+INSPECT=54/170,true
C4A3T1I3F0,4,3,1,3,0,"(4,5,3,0)",17,INSPECT,CUT=18/68;ASSEMBLE=24/85;INSPECT=30/51,false
C4A3T1I3F1,4,3,1,3,1,"(4,5,3,1)",17,ASSEMBLE+INSPECT,CUT=18/68;ASSEMBLE+INSPECT=54/153,true
C4A3T1I3F2,4,3,1,3,2,"(4,5,3,2)",17,ASSEMBLE+INSPECT,CUT=18/68;ASSEMBLE+INSPECT=54/170,true
C4A3T1I3F3,4,3,1,3,3,"(4,5,3,3)",15,ASSEMBLE+INSPECT,CUT=18/60;ASSEMBLE+INSPECT=54/165,true
C4A3T1I4F0,4,3,1,4,0,"(4,5,4,0)",17,INSPECT,CUT=18/68;ASSEMBLE=24/85;INSPECT=30/68,false
C4A3T1I4F1,4,3,1,4,1,"(4,5,4,1)",17,ASSEMBLE+INSPECT,CUT=18/68;ASSEMBLE+INSPECT=54/170,true
C4A3T1I4F2,4,3,1,4,2,"(4,5,4,2)",15,ASSEMBLE+INSPECT,CUT=18/60;ASSEMBLE+INSPECT=54/165,true
C4A3T1I4F3,4,3,1,4,3,"(4,5,4,3)",15,CUT|ASSEMBLE+INSPECT,CUT=18/60;ASSEMBLE+INSPECT=54/180,true
C4A3T2I0F1,4,3,2,0,1,"(4,7,0,1)",37,ASSEMBLE+INSPECT,CUT=18/148;ASSEMBLE+INSPECT=54/296,true
C4A3T2I0F2,4,3,2,0,2,"(4,7,0,2)",22,ASSEMBLE+INSPECT,CUT=18/88;ASSEMBLE+INSPECT=54/198,true
C4A3T2I0F3,4,3,2,0,3,"(4,7,0,3)",17,ASSEMBLE+INSPECT,CUT=18/68;ASSEMBLE+INSPECT=54/170,true
C4A3T2I1F0,4,3,2,1,0,"(4,7,1,0)",37,INSPECT,CUT=18/148;ASSEMBLE=24/259;INSPECT=30/37,false
C4A3T2I1F1,4,3,2,1,1,"(4,7,1,1)",22,ASSEMBLE+INSPECT,CUT=18/88;ASSEMBLE+INSPECT=54/198,true
C4A3T2I1F2,4,3,2,1,2,"(4,7,1,2)",17,ASSEMBLE+INSPECT,CUT=18/68;ASSEMBLE+INSPECT=54/170,true
C4A3T2I1F3,4,3,2,1,3,"(4,7,1,3)",17,ASSEMBLE+INSPECT,CUT=18/68;ASSEMBLE+INSPECT=54/187,true
C4A3T2I2F0,4,3,2,2,0,"(4,7,2,0)",22,INSPECT,CUT=18/88;ASSEMBLE=24/154;INSPECT=30/44,false
C4A3T2I2F1,4,3,2,2,1,"(4,7,2,1)",17,ASSEMBLE+INSPECT,CUT=18/68;ASSEMBLE+INSPECT=54/170,true
C4A3T2I2F2,4,3,2,2,2,"(4,7,2,2)",17,ASSEMBLE+INSPECT,CUT=18/68;ASSEMBLE+INSPECT=54/187,true
C4A3T2I2F3,4,3,2,2,3,"(4,7,2,3)",17,CUT|ASSEMBLE+INSPECT,CUT=18/68;ASSEMBLE+INSPECT=54/204,true
C4A3T2I3F0,4,3,2,3,0,"(4,7,3,0)",17,INSPECT,CUT=18/68;ASSEMBLE=24/119;INSPECT=30/51,false
C4A3T2I3F1,4,3,2,3,1,"(4,7,3,1)",17,ASSEMBLE+INSPECT,CUT=18/68;ASSEMBLE+INSPECT=54/187,true
C4A3T2I3F2,4,3,2,3,2,"(4,7,3,2)",17,CUT|ASSEMBLE+INSPECT,CUT=18/68;ASSEMBLE+INSPECT=54/204,true
C4A3T2I3F3,4,3,2,3,3,"(4,7,3,3)",15,CUT,CUT=18/60;ASSEMBLE+INSPECT=54/195,true
C4A3T2I4F0,4,3,2,4,0,"(4,7,4,0)",17,INSPECT,CUT=18/68;ASSEMBLE=24/119;INSPECT=30/68,false
C4A3T2I4F1,4,3,2,4,1,"(4,7,4,1)",17,CUT|ASSEMBLE+INSPECT,CUT=18/68;ASSEMBLE+INSPECT=54/204,true
C4A3T2I4F2,4,3,2,4,2,"(4,7,4,2)",15,CUT,CUT=18/60;ASSEMBLE+INSPECT=54/195,true
C4A3T2I4F3,4,3,2,4,3,"(4,7,4,3)",15,CUT,CUT=18/60;ASSEMBLE+INSPECT=54/210,true
C4A3T3I0F1,4,3,3,0,1,"(4,9,0,1)",37,ASSEMBLE+INSPECT,CUT=18/148;ASSEMBLE+INSPECT=54/370,true
C4A3T3I0F2,4,3,3,0,2,"(4,9,0,2)",22,ASSEMBLE+INSPECT,CUT=18/88;ASSEMBLE+INSPECT=54/242,true
C4A3T3I0F3,4,3,3,0,3,"(4,9,0,3)",17,CUT|ASSEMBLE+INSPECT,CUT=18/68;ASSEMBLE+INSPECT=54/204,true
C4A3T3I1F0,4,3,3,1,0,"(4,9,1,0)",37,INSPECT,CUT=18/148;ASSEMBLE=24/333;INSPECT=30/37,false
C4A3T3I1F1,4,3,3,1,1,"(4,9,1,1)",22,ASSEMBLE+INSPECT,CUT=18/88;ASSEMBLE+INSPECT=54/242,true
C4A3T3I1F2,4,3,3,1,2,"(4,9,1,2)",17,CUT|ASSEMBLE+INSPECT,CUT=18/68;ASSEMBLE+INSPECT=54/204,true
C4A3T3I1F3,4,3,3,1,3,"(4,9,1,3)",17,CUT,CUT=18/68;ASSEMBLE+INSPECT=54/221,true
C4A3T3I2F0,4,3,3,2,0,"(4,9,2,0)",22,INSPECT,CUT=18/88;ASSEMBLE=24/198;INSPECT=30/44,false
C4A3T3I2F1,4,3,3,2,1,"(4,9,2,1)",17,CUT|ASSEMBLE+INSPECT,CUT=18/68;ASSEMBLE+INSPECT=54/204,true
C4A3T3I2F2,4,3,3,2,2,"(4,9,2,2)",17,CUT,CUT=18/68;ASSEMBLE+INSPECT=54/221,true
C4A3T3I2F3,4,3,3,2,3,"(4,9,2,3)",17,CUT,CUT=18/68;ASSEMBLE+INSPECT=54/238,true
C4A3T3I3F0,4,3,3,3,0,"(4,9,3,0)",17,INSPECT,CUT=18/68;ASSEMBLE=24/153;INSPECT=30/51,false
C4A3T3I3F1,4,3,3,3,1,"(4,9,3,1)",17,CUT,CUT=18/68;ASSEMBLE+INSPECT=54/221,true
C4A3T3I3F2,4,3,3,3,2,"(4,9,3,2)",17,CUT,CUT=18/68;ASSEMBLE+INSPECT=54/238,true
C4A3T3I3F3,4,3,3,3,3,"(4,9,3,3)",15,CUT,CUT=18/60;ASSEMBLE+INSPECT=54/225,true
C4A3T3I4F0,4,3,3,4,0,"(4,9,4,0)",17,INSPECT,CUT=18/68;ASSEMBLE=24/153;INSPECT=30/68,false
C4A3T3I4F1,4,3,3,4,1,"(4,9,4,1)",17,CUT,CUT=18/68;ASSEMBLE+INSPECT=54/238,true
C4A3T3I4F2,4,3,3,4,2,"(4,9,4,2)",15,CUT,CUT=18/60;ASSEMBLE+INSPECT=54/225,true
C4A3T3I4F3,4,3,3,4,3,"(4,9,4,3)",15,CUT,CUT=18/60;ASSEMBLE+INSPECT=54/240,true
C4A4T0I0F1,4,4,0,0,1,"(4,4,0,1)",37,ASSEMBLE+INSPECT,CUT=18/148;ASSEMBLE+INSPECT=54/185,true
C4A4T0I0F2,4,4,0,0,2,"(4,4,0,2)",22,ASSEMBLE+INSPECT,CUT=18/88;ASSEMBLE+INSPECT=54/132,true
C4A4T0I0F3,4,4,0,0,3,"(4,4,0,3)",17,ASSEMBLE+INSPECT,CUT=18/68;ASSEMBLE+INSPECT=54/119,true
C4A4T0I1F0,4,4,0,1,0,"(4,4,1,0)",37,INSPECT,CUT=18/148;ASSEMBLE=24/148;INSPECT=30/37,false
C4A4T0I1F1,4,4,0,1,1,"(4,4,1,1)",26,ASSEMBLE+INSPECT,CUT=18/104;ASSEMBLE+INSPECT=54/156,true
C4A4T0I1F2,4,4,0,1,2,"(4,4,1,2)",17,ASSEMBLE+INSPECT,CUT=18/68;ASSEMBLE+INSPECT=54/119,true
C4A4T0I1F3,4,4,0,1,3,"(4,4,1,3)",17,ASSEMBLE+INSPECT,CUT=18/68;ASSEMBLE+INSPECT=54/136,true
C4A4T0I2F0,4,4,0,2,0,"(4,4,2,0)",22,INSPECT,CUT=18/88;ASSEMBLE=24/88;INSPECT=30/44,false
C4A4T0I2F1,4,4,0,2,1,"(4,4,2,1)",21,ASSEMBLE+INSPECT,CUT=18/84;ASSEMBLE+INSPECT=54/147,true
C4A4T0I2F2,4,4,0,2,2,"(4,4,2,2)",17,ASSEMBLE+INSPECT,CUT=18/68;ASSEMBLE+INSPECT=54/136,true
C4A4T0I2F3,4,4,0,2,3,"(4,4,2,3)",17,ASSEMBLE+INSPECT,CUT=18/68;ASSEMBLE+INSPECT=54/153,true
C4A4T0I3F0,4,4,0,3,0,"(4,4,3,0)",17,INSPECT,CUT=18/68;ASSEMBLE=24/68;INSPECT=30/51,false
C4A4T0I3F1,4,4,0,3,1,"(4,4,3,1)",17,ASSEMBLE+INSPECT,CUT=18/68;ASSEMBLE+INSPECT=54/136,true
C4A4T0I3F2,4,4,0,3,2,"(4,4,3,2)",17,ASSEMBLE+INSPECT,CUT=18/68;ASSEMBLE+INSPECT=54/153,true
C4A4T0I3F3,4,4,0,3,3,"(4,4,3,3)",15,ASSEMBLE+INSPECT,CUT=18/60;ASSEMBLE+INSPECT=54/150,true
C4A4T0I4F0,4,4,0,4,0,"(4,4,4,0)",17,INSPECT,CUT=18/68;ASSEMBLE=24/68;INSPECT=30/68,false
C4A4T0I4F1,4,4,0,4,1,"(4,4,4,1)",17,ASSEMBLE+INSPECT,CUT=18/68;ASSEMBLE+INSPECT=54/153,true
C4A4T0I4F2,4,4,0,4,2,"(4,4,4,2)",15,ASSEMBLE+INSPECT,CUT=18/60;ASSEMBLE+INSPECT=54/150,true
C4A4T0I4F3,4,4,0,4,3,"(4,4,4,3)",15,ASSEMBLE+INSPECT,CUT=18/60;ASSEMBLE+INSPECT=54/165,true
C4A4T1I0F1,4,4,1,0,1,"(4,6,0,1)",37,ASSEMBLE+INSPECT,CUT=18/148;ASSEMBLE+INSPECT=54/259,true
C4A4T1I0F2,4,4,1,0,2,"(4,6,0,2)",22,ASSEMBLE+INSPECT,CUT=18/88;ASSEMBLE+INSPECT=54/176,true
C4A4T1I0F3,4,4,1,0,3,"(4,6,0,3)",17,ASSEMBLE+INSPECT,CUT=18/68;ASSEMBLE+INSPECT=54/153,true
C4A4T1I1F0,4,4,1,1,0,"(4,6,1,0)",37,INSPECT,CUT=18/148;ASSEMBLE=24/222;INSPECT=30/37,false
C4A4T1I1F1,4,4,1,1,1,"(4,6,1,1)",22,ASSEMBLE+INSPECT,CUT=18/88;ASSEMBLE+INSPECT=54/176,true
C4A4T1I1F2,4,4,1,1,2,"(4,6,1,2)",17,ASSEMBLE+INSPECT,CUT=18/68;ASSEMBLE+INSPECT=54/153,true
C4A4T1I1F3,4,4,1,1,3,"(4,6,1,3)",17,ASSEMBLE+INSPECT,CUT=18/68;ASSEMBLE+INSPECT=54/170,true
C4A4T1I2F0,4,4,1,2,0,"(4,6,2,0)",22,INSPECT,CUT=18/88;ASSEMBLE=24/132;INSPECT=30/44,false
C4A4T1I2F1,4,4,1,2,1,"(4,6,2,1)",17,ASSEMBLE+INSPECT,CUT=18/68;ASSEMBLE+INSPECT=54/153,true
C4A4T1I2F2,4,4,1,2,2,"(4,6,2,2)",17,ASSEMBLE+INSPECT,CUT=18/68;ASSEMBLE+INSPECT=54/170,true
C4A4T1I2F3,4,4,1,2,3,"(4,6,2,3)",17,ASSEMBLE+INSPECT,CUT=18/68;ASSEMBLE+INSPECT=54/187,true
C4A4T1I3F0,4,4,1,3,0,"(4,6,3,0)",17,INSPECT,CUT=18/68;ASSEMBLE=24/102;INSPECT=30/51,false
C4A4T1I3F1,4,4,1,3,1,"(4,6,3,1)",17,ASSEMBLE+INSPECT,CUT=18/68;ASSEMBLE+INSPECT=54/170,true
C4A4T1I3F2,4,4,1,3,2,"(4,6,3,2)",17,ASSEMBLE+INSPECT,CUT=18/68;ASSEMBLE+INSPECT=54/187,true
C4A4T1I3F3,4,4,1,3,3,"(4,6,3,3)",15,CUT|ASSEMBLE+INSPECT,CUT=18/60;ASSEMBLE+INSPECT=54/180,true
C4A4T1I4F0,4,4,1,4,0,"(4,6,4,0)",17,INSPECT,CUT=18/68;ASSEMBLE=24/102;INSPECT=30/68,false
C4A4T1I4F1,4,4,1,4,1,"(4,6,4,1)",17,ASSEMBLE+INSPECT,CUT=18/68;ASSEMBLE+INSPECT=54/187,true
C4A4T1I4F2,4,4,1,4,2,"(4,6,4,2)",15,CUT|ASSEMBLE+INSPECT,CUT=18/60;ASSEMBLE+INSPECT=54/180,true
C4A4T1I4F3,4,4,1,4,3,"(4,6,4,3)",15,CUT,CUT=18/60;ASSEMBLE+INSPECT=54/195,true
C4A4T2I0F1,4,4,2,0,1,"(4,8,0,1)",37,ASSEMBLE+INSPECT,CUT=18/148;ASSEMBLE+INSPECT=54/333,true
C4A4T2I0F2,4,4,2,0,2,"(4,8,0,2)",22,ASSEMBLE+INSPECT,CUT=18/88;ASSEMBLE+INSPECT=54/220,true
C4A4T2I0F3,4,4,2,0,3,"(4,8,0,3)",17,ASSEMBLE+INSPECT,CUT=18/68;ASSEMBLE+INSPECT=54/187,true
C4A4T2I1F0,4,4,2,1,0,"(4,8,1,0)",37,INSPECT,CUT=18/148;ASSEMBLE=24/296;INSPECT=30/37,false
C4A4T2I1F1,4,4,2,1,1,"(4,8,1,1)",22,ASSEMBLE+INSPECT,CUT=18/88;ASSEMBLE+INSPECT=54/220,true
C4A4T2I1F2,4,4,2,1,2,"(4,8,1,2)",17,ASSEMBLE+INSPECT,CUT=18/68;ASSEMBLE+INSPECT=54/187,true
C4A4T2I1F3,4,4,2,1,3,"(4,8,1,3)",17,CUT|ASSEMBLE+INSPECT,CUT=18/68;ASSEMBLE+INSPECT=54/204,true
C4A4T2I2F0,4,4,2,2,0,"(4,8,2,0)",22,INSPECT,CUT=18/88;ASSEMBLE=24/176;INSPECT=30/44,false
C4A4T2I2F1,4,4,2,2,1,"(4,8,2,1)",17,ASSEMBLE+INSPECT,CUT=18/68;ASSEMBLE+INSPECT=54/187,true
C4A4T2I2F2,4,4,2,2,2,"(4,8,2,2)",17,CUT|ASSEMBLE+INSPECT,CUT=18/68;ASSEMBLE+INSPECT=54/204,true
C4A4T2I2F3,4,4,2,2,3,"(4,8,2,3)",17,CUT,CUT=18/68;ASSEMBLE+INSPECT=54/221,true
C4A4T2I3F0,4,4,2,3,0,"(4,8,3,0)",17,INSPECT,CUT=18/68;ASSEMBLE=24/136;INSPECT=30/51,false
C4A4T2I3F1,4,4,2,3,1,"(4,8,3,1)",17,CUT|ASSEMBLE+INSPECT,CUT=18/68;ASSEMBLE+INSPECT=54/204,true
C4A4T2I3F2,4,4,2,3,2,"(4,8,3,2)",17,CUT,CUT=18/68;ASSEMBLE+INSPECT=54/221,true
C4A4T2I3F3,4,4,2,3,3,"(4,8,3,3)",15,CUT,CUT=18/60;ASSEMBLE+INSPECT=54/210,true
C4A4T2I4F0,4,4,2,4,0,"(4,8,4,0)",17,INSPECT,CUT=18/68;ASSEMBLE=24/136;INSPECT=30/68,false
C4A4T2I4F1,4,4,2,4,1,"(4,8,4,1)",17,CUT,CUT=18/68;ASSEMBLE+INSPECT=54/221,true
C4A4T2I4F2,4,4,2,4,2,"(4,8,4,2)",15,CUT,CUT=18/60;ASSEMBLE+INSPECT=54/210,true
C4A4T2I4F3,4,4,2,4,3,"(4,8,4,3)",15,CUT,CUT=18/60;ASSEMBLE+INSPECT=54/225,true
C4A4T3I0F1,4,4,3,0,1,"(4,10,0,1)",37,ASSEMBLE+INSPECT,CUT=18/148;ASSEMBLE+INSPECT=54/407,true
C4A4T3I0F2,4,4,3,0,2,"(4,10,0,2)",22,CUT|ASSEMBLE+INSPECT,CUT=18/88;ASSEMBLE+INSPECT=54/264,true
C4A4T3I0F3,4,4,3,0,3,"(4,10,0,3)",17,CUT,CUT=18/68;ASSEMBLE+INSPECT=54/221,true
C4A4T3I1F0,4,4,3,1,0,"(4,10,1,0)",37,INSPECT,CUT=18/148;ASSEMBLE=24/370;INSPECT=30/37,false
C4A4T3I1F1,4,4,3,1,1,"(4,10,1,1)",22,CUT|ASSEMBLE+INSPECT,CUT=18/88;ASSEMBLE+INSPECT=54/264,true
C4A4T3I1F2,4,4,3,1,2,"(4,10,1,2)",17,CUT,CUT=18/68;ASSEMBLE+INSPECT=54/221,true
C4A4T3I1F3,4,4,3,1,3,"(4,10,1,3)",17,CUT,CUT=18/68;ASSEMBLE+INSPECT=54/238,true
C4A4T3I2F0,4,4,3,2,0,"(4,10,2,0)",22,INSPECT,CUT=18/88;ASSEMBLE=24/220;INSPECT=30/44,false
C4A4T3I2F1,4,4,3,2,1,"(4,10,2,1)",17,CUT,CUT=18/68;ASSEMBLE+INSPECT=54/221,true
C4A4T3I2F2,4,4,3,2,2,"(4,10,2,2)",17,CUT,CUT=18/68;ASSEMBLE+INSPECT=54/238,true
C4A4T3I2F3,4,4,3,2,3,"(4,10,2,3)",17,CUT,CUT=18/68;ASSEMBLE+INSPECT=54/255,true
C4A4T3I3F0,4,4,3,3,0,"(4,10,3,0)",17,INSPECT,CUT=18/68;ASSEMBLE=24/170;INSPECT=30/51,false
C4A4T3I3F1,4,4,3,3,1,"(4,10,3,1)",17,CUT,CUT=18/68;ASSEMBLE+INSPECT=54/238,true
C4A4T3I3F2,4,4,3,3,2,"(4,10,3,2)",17,CUT,CUT=18/68;ASSEMBLE+INSPECT=54/255,true
C4A4T3I3F3,4,4,3,3,3,"(4,10,3,3)",15,CUT,CUT=18/60;ASSEMBLE+INSPECT=54/240,true
C4A4T3I4F0,4,4,3,4,0,"(4,10,4,0)",17,INSPECT,CUT=18/68;ASSEMBLE=24/170;INSPECT=30/68,false
C4A4T3I4F1,4,4,3,4,1,"(4,10,4,1)",17,CUT,CUT=18/68;ASSEMBLE+INSPECT=54/255,true
C4A4T3I4F2,4,4,3,4,2,"(4,10,4,2)",15,CUT,CUT=18/60;ASSEMBLE+INSPECT=54/240,true
C4A4T3I4F3,4,4,3,4,3,"(4,10,4,3)",15,CUT,CUT=18/60;ASSEMBLE+INSPECT=54/255,true
C4A5T0I0F1,4,5,0,0,1,"(4,5,0,1)",37,ASSEMBLE+INSPECT,CUT=18/148;ASSEMBLE+INSPECT=54/222,true
C4A5T0I0F2,4,5,0,0,2,"(4,5,0,2)",22,ASSEMBLE+INSPECT,CUT=18/88;ASSEMBLE+INSPECT=54/154,true
C4A5T0I0F3,4,5,0,0,3,"(4,5,0,3)",17,ASSEMBLE+INSPECT,CUT=18/68;ASSEMBLE+INSPECT=54/136,true
C4A5T0I1F0,4,5,0,1,0,"(4,5,1,0)",37,INSPECT,CUT=18/148;ASSEMBLE=24/185;INSPECT=30/37,false
C4A5T0I1F1,4,5,0,1,1,"(4,5,1,1)",22,ASSEMBLE+INSPECT,CUT=18/88;ASSEMBLE+INSPECT=54/154,true
C4A5T0I1F2,4,5,0,1,2,"(4,5,1,2)",17,ASSEMBLE+INSPECT,CUT=18/68;ASSEMBLE+INSPECT=54/136,true
C4A5T0I1F3,4,5,0,1,3,"(4,5,1,3)",17,ASSEMBLE+INSPECT,CUT=18/68;ASSEMBLE+INSPECT=54/153,true
C4A5T0I2F0,4,5,0,2,0,"(4,5,2,0)",22,INSPECT,CUT=18/88;ASSEMBLE=24/110;INSPECT=30/44,false
C4A5T0I2F1,4,5,0,2,1,"(4,5,2,1)",17,ASSEMBLE+INSPECT,CUT=18/68;ASSEMBLE+INSPECT=54/136,true
C4A5T0I2F2,4,5,0,2,2,"(4,5,2,2)",17,ASSEMBLE+INSPECT,CUT=18/68;ASSEMBLE+INSPECT=54/153,true
C4A5T0I2F3,4,5,0,2,3,"(4,5,2,3)",17,ASSEMBLE+INSPECT,CUT=18/68;ASSEMBLE+INSPECT=54/170,true
C4A5T0I3F0,4,5,0,3,0,"(4,5,3,0)",17,INSPECT,CUT=18/68;ASSEMBLE=24/85;INSPECT=30/51,false
C4A5T0I3F1,4,5,0,3,1,"(4,5,3,1)",17,ASSEMBLE+INSPECT,CUT=18/68;ASSEMBLE+INSPECT=54/153,true
C4A5T0I3F2,4,5,0,3,2,"(4,5,3,2)",17,ASSEMBLE+INSPECT,CUT=18/68;ASSEMBLE+INSPECT=54/170,true
C4A5T0I3F3,4,5,0,3,3,"(4,5,3,3)",15,ASSEMBLE+INSPECT,CUT=18/60;ASSEMBLE+INSPECT=54/165,true
C4A5T0I4F0,4,5,0,4,0,"(4,5,4,0)",17,INSPECT,CUT=18/68;ASSEMBLE=24/85;INSPECT=30/68,false
C4A5T0I4F1,4,5,0,4,1,"(4,5,4,1)",17,ASSEMBLE+INSPECT,CUT=18/68;ASSEMBLE+INSPECT=54/170,true
C4A5T0I4F2,4,5,0,4,2,"(4,5,4,2)",15,ASSEMBLE+INSPECT,CUT=18/60;ASSEMBLE+INSPECT=54/165,true
C4A5T0I4F3,4,5,0,4,3,"(4,5,4,3)",15,CUT|ASSEMBLE+INSPECT,CUT=18/60;ASSEMBLE+INSPECT=54/180,true
C4A5T1I0F1,4,5,1,0,1,"(4,7,0,1)",37,ASSEMBLE+INSPECT,CUT=18/148;ASSEMBLE+INSPECT=54/296,true
C4A5T1I0F2,4,5,1,0,2,"(4,7,0,2)",22,ASSEMBLE+INSPECT,CUT=18/88;ASSEMBLE+INSPECT=54/198,true
C4A5T1I0F3,4,5,1,0,3,"(4,7,0,3)",17,ASSEMBLE+INSPECT,CUT=18/68;ASSEMBLE+INSPECT=54/170,true
C4A5T1I1F0,4,5,1,1,0,"(4,7,1,0)",37,INSPECT,CUT=18/148;ASSEMBLE=24/259;INSPECT=30/37,false
C4A5T1I1F1,4,5,1,1,1,"(4,7,1,1)",22,ASSEMBLE+INSPECT,CUT=18/88;ASSEMBLE+INSPECT=54/198,true
C4A5T1I1F2,4,5,1,1,2,"(4,7,1,2)",17,ASSEMBLE+INSPECT,CUT=18/68;ASSEMBLE+INSPECT=54/170,true
C4A5T1I1F3,4,5,1,1,3,"(4,7,1,3)",17,ASSEMBLE+INSPECT,CUT=18/68;ASSEMBLE+INSPECT=54/187,true
C4A5T1I2F0,4,5,1,2,0,"(4,7,2,0)",22,INSPECT,CUT=18/88;ASSEMBLE=24/154;INSPECT=30/44,false
C4A5T1I2F1,4,5,1,2,1,"(4,7,2,1)",17,ASSEMBLE+INSPECT,CUT=18/68;ASSEMBLE+INSPECT=54/170,true
C4A5T1I2F2,4,5,1,2,2,"(4,7,2,2)",17,ASSEMBLE+INSPECT,CUT=18/68;ASSEMBLE+INSPECT=54/187,true
C4A5T1I2F3,4,5,1,2,3,"(4,7,2,3)",17,CUT|ASSEMBLE+INSPECT,CUT=18/68;ASSEMBLE+INSPECT=54/204,true
C4A5T1I3F0,4,5,1,3,0,"(4,7,3,0)",17,INSPECT,CUT=18/68;ASSEMBLE=24/119;INSPECT=30/51,false
C4A5T1I3F1,4,5,1,3,1,"(4,7,3,1)",17,ASSEMBLE+INSPECT,CUT=18/68;ASSEMBLE+INSPECT=54/187,true
C4A5T1I3F2,4,5,1,3,2,"(4,7,3,2)",17,CUT|ASSEMBLE+INSPECT,CUT=18/68;ASSEMBLE+INSPECT=54/204,true
C4A5T1I3F3,4,5,1,3,3,"(4,7,3,3)",15,CUT,CUT=18/60;ASSEMBLE+INSPECT=54/195,true
C4A5T1I4F0,4,5,1,4,0,"(4,7,4,0)",17,INSPECT,CUT=18/68;ASSEMBLE=24/119;INSPECT=30/68,false
C4A5T1I4F1,4,5,1,4,1,"(4,7,4,1)",17,CUT|ASSEMBLE+INSPECT,CUT=18/68;ASSEMBLE+INSPECT=54/204,true
C4A5T1I4F2,4,5,1,4,2,"(4,7,4,2)",15,CUT,CUT=18/60;ASSEMBLE+INSPECT=54/195,true
C4A5T1I4F3,4,5,1,4,3,"(4,7,4,3)",15,CUT,CUT=18/60;ASSEMBLE+INSPECT=54/210,true
C4A5T2I0F1,4,5,2,0,1,"(4,9,0,1)",37,ASSEMBLE+INSPECT,CUT=18/148;ASSEMBLE+INSPECT=54/370,true
C4A5T2I0F2,4,5,2,0,2,"(4,9,0,2)",22,ASSEMBLE+INSPECT,CUT=18/88;ASSEMBLE+INSPECT=54/242,true
C4A5T2I0F3,4,5,2,0,3,"(4,9,0,3)",17,CUT|ASSEMBLE+INSPECT,CUT=18/68;ASSEMBLE+INSPECT=54/204,true
C4A5T2I1F0,4,5,2,1,0,"(4,9,1,0)",37,INSPECT,CUT=18/148;ASSEMBLE=24/333;INSPECT=30/37,false
C4A5T2I1F1,4,5,2,1,1,"(4,9,1,1)",22,ASSEMBLE+INSPECT,CUT=18/88;ASSEMBLE+INSPECT=54/242,true
C4A5T2I1F2,4,5,2,1,2,"(4,9,1,2)",17,CUT|ASSEMBLE+INSPECT,CUT=18/68;ASSEMBLE+INSPECT=54/204,true
C4A5T2I1F3,4,5,2,1,3,"(4,9,1,3)",17,CUT,CUT=18/68;ASSEMBLE+INSPECT=54/221,true
C4A5T2I2F0,4,5,2,2,0,"(4,9,2,0)",22,INSPECT,CUT=18/88;ASSEMBLE=24/198;INSPECT=30/44,false
C4A5T2I2F1,4,5,2,2,1,"(4,9,2,1)",17,CUT|ASSEMBLE+INSPECT,CUT=18/68;ASSEMBLE+INSPECT=54/204,true
C4A5T2I2F2,4,5,2,2,2,"(4,9,2,2)",17,CUT,CUT=18/68;ASSEMBLE+INSPECT=54/221,true
C4A5T2I2F3,4,5,2,2,3,"(4,9,2,3)",17,CUT,CUT=18/68;ASSEMBLE+INSPECT=54/238,true
C4A5T2I3F0,4,5,2,3,0,"(4,9,3,0)",17,INSPECT,CUT=18/68;ASSEMBLE=24/153;INSPECT=30/51,false
C4A5T2I3F1,4,5,2,3,1,"(4,9,3,1)",17,CUT,CUT=18/68;ASSEMBLE+INSPECT=54/221,true
C4A5T2I3F2,4,5,2,3,2,"(4,9,3,2)",17,CUT,CUT=18/68;ASSEMBLE+INSPECT=54/238,true
C4A5T2I3F3,4,5,2,3,3,"(4,9,3,3)",15,CUT,CUT=18/60;ASSEMBLE+INSPECT=54/225,true
C4A5T2I4F0,4,5,2,4,0,"(4,9,4,0)",17,INSPECT,CUT=18/68;ASSEMBLE=24/153;INSPECT=30/68,false
C4A5T2I4F1,4,5,2,4,1,"(4,9,4,1)",17,CUT,CUT=18/68;ASSEMBLE+INSPECT=54/238,true
C4A5T2I4F2,4,5,2,4,2,"(4,9,4,2)",15,CUT,CUT=18/60;ASSEMBLE+INSPECT=54/225,true
C4A5T2I4F3,4,5,2,4,3,"(4,9,4,3)",15,CUT,CUT=18/60;ASSEMBLE+INSPECT=54/240,true
C4A5T3I0F1,4,5,3,0,1,"(4,11,0,1)",37,CUT|ASSEMBLE+INSPECT,CUT=18/148;ASSEMBLE+INSPECT=54/444,true
C4A5T3I0F2,4,5,3,0,2,"(4,11,0,2)",22,CUT,CUT=18/88;ASSEMBLE+INSPECT=54/286,true
C4A5T3I0F3,4,5,3,0,3,"(4,11,0,3)",17,CUT,CUT=18/68;ASSEMBLE+INSPECT=54/238,true
C4A5T3I1F0,4,5,3,1,0,"(4,11,1,0)",37,INSPECT,CUT=18/148;ASSEMBLE=24/407;INSPECT=30/37,false
C4A5T3I1F1,4,5,3,1,1,"(4,11,1,1)",22,CUT,CUT=18/88;ASSEMBLE+INSPECT=54/286,true
C4A5T3I1F2,4,5,3,1,2,"(4,11,1,2)",17,CUT,CUT=18/68;ASSEMBLE+INSPECT=54/238,true
C4A5T3I1F3,4,5,3,1,3,"(4,11,1,3)",17,CUT,CUT=18/68;ASSEMBLE+INSPECT=54/255,true
C4A5T3I2F0,4,5,3,2,0,"(4,11,2,0)",22,INSPECT,CUT=18/88;ASSEMBLE=24/242;INSPECT=30/44,false
C4A5T3I2F1,4,5,3,2,1,"(4,11,2,1)",17,CUT,CUT=18/68;ASSEMBLE+INSPECT=54/238,true
C4A5T3I2F2,4,5,3,2,2,"(4,11,2,2)",17,CUT,CUT=18/68;ASSEMBLE+INSPECT=54/255,true
C4A5T3I2F3,4,5,3,2,3,"(4,11,2,3)",17,CUT,CUT=18/68;ASSEMBLE+INSPECT=54/272,true
C4A5T3I3F0,4,5,3,3,0,"(4,11,3,0)",17,INSPECT,CUT=18/68;ASSEMBLE=24/187;INSPECT=30/51,false
C4A5T3I3F1,4,5,3,3,1,"(4,11,3,1)",17,CUT,CUT=18/68;ASSEMBLE+INSPECT=54/255,true
C4A5T3I3F2,4,5,3,3,2,"(4,11,3,2)",17,CUT,CUT=18/68;ASSEMBLE+INSPECT=54/272,true
C4A5T3I3F3,4,5,3,3,3,"(4,11,3,3)",15,CUT,CUT=18/60;ASSEMBLE+INSPECT=54/255,true
C4A5T3I4F0,4,5,3,4,0,"(4,11,4,0)",17,INSPECT,CUT=18/68;ASSEMBLE=24/187;INSPECT=30/68,false
C4A5T3I4F1,4,5,3,4,1,"(4,11,4,1)",17,CUT,CUT=18/68;ASSEMBLE+INSPECT=54/272,true
C4A5T3I4F2,4,5,3,4,2,"(4,11,4,2)",15,CUT,CUT=18/60;ASSEMBLE+INSPECT=54/255,true
C4A5T3I4F3,4,5,3,4,3,"(4,11,4,3)",15,CUT,CUT=18/60;ASSEMBLE+INSPECT=54/270,true
C4A6T0I0F1,4,6,0,0,1,"(4,6,0,1)",37,ASSEMBLE+INSPECT,CUT=18/148;ASSEMBLE+INSPECT=54/259,true
C4A6T0I0F2,4,6,0,0,2,"(4,6,0,2)",22,ASSEMBLE+INSPECT,CUT=18/88;ASSEMBLE+INSPECT=54/176,true
C4A6T0I0F3,4,6,0,0,3,"(4,6,0,3)",17,ASSEMBLE+INSPECT,CUT=18/68;ASSEMBLE+INSPECT=54/153,true
C4A6T0I1F0,4,6,0,1,0,"(4,6,1,0)",37,INSPECT,CUT=18/148;ASSEMBLE=24/222;INSPECT=30/37,false
C4A6T0I1F1,4,6,0,1,1,"(4,6,1,1)",22,ASSEMBLE+INSPECT,CUT=18/88;ASSEMBLE+INSPECT=54/176,true
C4A6T0I1F2,4,6,0,1,2,"(4,6,1,2)",17,ASSEMBLE+INSPECT,CUT=18/68;ASSEMBLE+INSPECT=54/153,true
C4A6T0I1F3,4,6,0,1,3,"(4,6,1,3)",17,ASSEMBLE+INSPECT,CUT=18/68;ASSEMBLE+INSPECT=54/170,true
C4A6T0I2F0,4,6,0,2,0,"(4,6,2,0)",22,INSPECT,CUT=18/88;ASSEMBLE=24/132;INSPECT=30/44,false
C4A6T0I2F1,4,6,0,2,1,"(4,6,2,1)",17,ASSEMBLE+INSPECT,CUT=18/68;ASSEMBLE+INSPECT=54/153,true
C4A6T0I2F2,4,6,0,2,2,"(4,6,2,2)",17,ASSEMBLE+INSPECT,CUT=18/68;ASSEMBLE+INSPECT=54/170,true
C4A6T0I2F3,4,6,0,2,3,"(4,6,2,3)",17,ASSEMBLE+INSPECT,CUT=18/68;ASSEMBLE+INSPECT=54/187,true
C4A6T0I3F0,4,6,0,3,0,"(4,6,3,0)",17,INSPECT,CUT=18/68;ASSEMBLE=24/102;INSPECT=30/51,false
C4A6T0I3F1,4,6,0,3,1,"(4,6,3,1)",17,ASSEMBLE+INSPECT,CUT=18/68;ASSEMBLE+INSPECT=54/170,true
C4A6T0I3F2,4,6,0,3,2,"(4,6,3,2)",17,ASSEMBLE+INSPECT,CUT=18/68;ASSEMBLE+INSPECT=54/187,true
C4A6T0I3F3,4,6,0,3,3,"(4,6,3,3)",15,CUT|ASSEMBLE+INSPECT,CUT=18/60;ASSEMBLE+INSPECT=54/180,true
C4A6T0I4F0,4,6,0,4,0,"(4,6,4,0)",17,INSPECT,CUT=18/68;ASSEMBLE=24/102;INSPECT=30/68,false
C4A6T0I4F1,4,6,0,4,1,"(4,6,4,1)",17,ASSEMBLE+INSPECT,CUT=18/68;ASSEMBLE+INSPECT=54/187,true
C4A6T0I4F2,4,6,0,4,2,"(4,6,4,2)",15,CUT|ASSEMBLE+INSPECT,CUT=18/60;ASSEMBLE+INSPECT=54/180,true
C4A6T0I4F3,4,6,0,4,3,"(4,6,4,3)",15,CUT,CUT=18/60;ASSEMBLE+INSPECT=54/195,true
C4A6T1I0F1,4,6,1,0,1,"(4,8,0,1)",37,ASSEMBLE+INSPECT,CUT=18/148;ASSEMBLE+INSPECT=54/333,true
C4A6T1I0F2,4,6,1,0,2,"(4,8,0,2)",22,ASSEMBLE+INSPECT,CUT=18/88;ASSEMBLE+INSPECT=54/220,true
C4A6T1I0F3,4,6,1,0,3,"(4,8,0,3)",17,ASSEMBLE+INSPECT,CUT=18/68;ASSEMBLE+INSPECT=54/187,true
C4A6T1I1F0,4,6,1,1,0,"(4,8,1,0)",37,INSPECT,CUT=18/148;ASSEMBLE=24/296;INSPECT=30/37,false
C4A6T1I1F1,4,6,1,1,1,"(4,8,1,1)",22,ASSEMBLE+INSPECT,CUT=18/88;ASSEMBLE+INSPECT=54/220,true
C4A6T1I1F2,4,6,1,1,2,"(4,8,1,2)",17,ASSEMBLE+INSPECT,CUT=18/68;ASSEMBLE+INSPECT=54/187,true
C4A6T1I1F3,4,6,1,1,3,"(4,8,1,3)",17,CUT|ASSEMBLE+INSPECT,CUT=18/68;ASSEMBLE+INSPECT=54/204,true
C4A6T1I2F0,4,6,1,2,0,"(4,8,2,0)",22,INSPECT,CUT=18/88;ASSEMBLE=24/176;INSPECT=30/44,false
C4A6T1I2F1,4,6,1,2,1,"(4,8,2,1)",17,ASSEMBLE+INSPECT,CUT=18/68;ASSEMBLE+INSPECT=54/187,true
C4A6T1I2F2,4,6,1,2,2,"(4,8,2,2)",17,CUT|ASSEMBLE+INSPECT,CUT=18/68;ASSEMBLE+INSPECT=54/204,true
C4A6T1I2F3,4,6,1,2,3,"(4,8,2,3)",17,CUT,CUT=18/68;ASSEMBLE+INSPECT=54/221,true
C4A6T1I3F0,4,6,1,3,0,"(4,8,3,0)",17,INSPECT,CUT=18/68;ASSEMBLE=24/136;INSPECT=30/51,false
C4A6T1I3F1,4,6,1,3,1,"(4,8,3,1)",17,CUT|ASSEMBLE+INSPECT,CUT=18/68;ASSEMBLE+INSPECT=54/204,true
C4A6T1I3F2,4,6,1,3,2,"(4,8,3,2)",17,CUT,CUT=18/68;ASSEMBLE+INSPECT=54/221,true
C4A6T1I3F3,4,6,1,3,3,"(4,8,3,3)",15,CUT,CUT=18/60;ASSEMBLE+INSPECT=54/210,true
C4A6T1I4F0,4,6,1,4,0,"(4,8,4,0)",17,INSPECT,CUT=18/68;ASSEMBLE=24/136;INSPECT=30/68,false
C4A6T1I4F1,4,6,1,4,1,"(4,8,4,1)",17,CUT,CUT=18/68;ASSEMBLE+INSPECT=54/221,true
C4A6T1I4F2,4,6,1,4,2,"(4,8,4,2)",15,CUT,CUT=18/60;ASSEMBLE+INSPECT=54/210,true
C4A6T1I4F3,4,6,1,4,3,"(4,8,4,3)",15,CUT,CUT=18/60;ASSEMBLE+INSPECT=54/225,true
C4A6T2I0F1,4,6,2,0,1,"(4,10,0,1)",37,ASSEMBLE+INSPECT,CUT=18/148;ASSEMBLE+INSPECT=54/407,true
C4A6T2I0F2,4,6,2,0,2,"(4,10,0,2)",22,CUT|ASSEMBLE+INSPECT,CUT=18/88;ASSEMBLE+INSPECT=54/264,true
C4A6T2I0F3,4,6,2,0,3,"(4,10,0,3)",17,CUT,CUT=18/68;ASSEMBLE+INSPECT=54/221,true
C4A6T2I1F0,4,6,2,1,0,"(4,10,1,0)",37,INSPECT,CUT=18/148;ASSEMBLE=24/370;INSPECT=30/37,false
C4A6T2I1F1,4,6,2,1,1,"(4,10,1,1)",22,CUT|ASSEMBLE+INSPECT,CUT=18/88;ASSEMBLE+INSPECT=54/264,true
C4A6T2I1F2,4,6,2,1,2,"(4,10,1,2)",17,CUT,CUT=18/68;ASSEMBLE+INSPECT=54/221,true
C4A6T2I1F3,4,6,2,1,3,"(4,10,1,3)",17,CUT,CUT=18/68;ASSEMBLE+INSPECT=54/238,true
C4A6T2I2F0,4,6,2,2,0,"(4,10,2,0)",22,INSPECT,CUT=18/88;ASSEMBLE=24/220;INSPECT=30/44,false
C4A6T2I2F1,4,6,2,2,1,"(4,10,2,1)",17,CUT,CUT=18/68;ASSEMBLE+INSPECT=54/221,true
C4A6T2I2F2,4,6,2,2,2,"(4,10,2,2)",17,CUT,CUT=18/68;ASSEMBLE+INSPECT=54/238,true
C4A6T2I2F3,4,6,2,2,3,"(4,10,2,3)",17,CUT,CUT=18/68;ASSEMBLE+INSPECT=54/255,true
C4A6T2I3F0,4,6,2,3,0,"(4,10,3,0)",17,INSPECT,CUT=18/68;ASSEMBLE=24/170;INSPECT=30/51,false
C4A6T2I3F1,4,6,2,3,1,"(4,10,3,1)",17,CUT,CUT=18/68;ASSEMBLE+INSPECT=54/238,true
C4A6T2I3F2,4,6,2,3,2,"(4,10,3,2)",17,CUT,CUT=18/68;ASSEMBLE+INSPECT=54/255,true
C4A6T2I3F3,4,6,2,3,3,"(4,10,3,3)",15,CUT,CUT=18/60;ASSEMBLE+INSPECT=54/240,true
C4A6T2I4F0,4,6,2,4,0,"(4,10,4,0)",17,INSPECT,CUT=18/68;ASSEMBLE=24/170;INSPECT=30/68,false
C4A6T2I4F1,4,6,2,4,1,"(4,10,4,1)",17,CUT,CUT=18/68;ASSEMBLE+INSPECT=54/255,true
C4A6T2I4F2,4,6,2,4,2,"(4,10,4,2)",15,CUT,CUT=18/60;ASSEMBLE+INSPECT=54/240,true
C4A6T2I4F3,4,6,2,4,3,"(4,10,4,3)",15,CUT,CUT=18/60;ASSEMBLE+INSPECT=54/255,true
C4A6T3I0F1,4,6,3,0,1,"(4,12,0,1)",37,CUT,CUT=18/148;ASSEMBLE+INSPECT=54/481,true
C4A6T3I0F2,4,6,3,0,2,"(4,12,0,2)",22,CUT,CUT=18/88;ASSEMBLE+INSPECT=54/308,true
C4A6T3I0F3,4,6,3,0,3,"(4,12,0,3)",17,CUT,CUT=18/68;ASSEMBLE+INSPECT=54/255,true
C4A6T3I1F0,4,6,3,1,0,"(4,12,1,0)",37,INSPECT,CUT=18/148;ASSEMBLE=24/444;INSPECT=30/37,false
C4A6T3I1F1,4,6,3,1,1,"(4,12,1,1)",22,CUT,CUT=18/88;ASSEMBLE+INSPECT=54/308,true
C4A6T3I1F2,4,6,3,1,2,"(4,12,1,2)",17,CUT,CUT=18/68;ASSEMBLE+INSPECT=54/255,true
C4A6T3I1F3,4,6,3,1,3,"(4,12,1,3)",17,CUT,CUT=18/68;ASSEMBLE+INSPECT=54/272,true
C4A6T3I2F0,4,6,3,2,0,"(4,12,2,0)",22,INSPECT,CUT=18/88;ASSEMBLE=24/264;INSPECT=30/44,false
C4A6T3I2F1,4,6,3,2,1,"(4,12,2,1)",17,CUT,CUT=18/68;ASSEMBLE+INSPECT=54/255,true
C4A6T3I2F2,4,6,3,2,2,"(4,12,2,2)",17,CUT,CUT=18/68;ASSEMBLE+INSPECT=54/272,true
C4A6T3I2F3,4,6,3,2,3,"(4,12,2,3)",17,CUT,CUT=18/68;ASSEMBLE+INSPECT=54/289,true
C4A6T3I3F0,4,6,3,3,0,"(4,12,3,0)",17,INSPECT,CUT=18/68;ASSEMBLE=24/204;INSPECT=30/51,false
C4A6T3I3F1,4,6,3,3,1,"(4,12,3,1)",17,CUT,CUT=18/68;ASSEMBLE+INSPECT=54/272,true
C4A6T3I3F2,4,6,3,3,2,"(4,12,3,2)",17,CUT,CUT=18/68;ASSEMBLE+INSPECT=54/289,true
C4A6T3I3F3,4,6,3,3,3,"(4,12,3,3)",15,CUT,CUT=18/60;ASSEMBLE+INSPECT=54/270,true
C4A6T3I4F0,4,6,3,4,0,"(4,12,4,0)",17,INSPECT,CUT=18/68;ASSEMBLE=24/204;INSPECT=30/68,false
C4A6T3I4F1,4,6,3,4,1,"(4,12,4,1)",17,CUT,CUT=18/68;ASSEMBLE+INSPECT=54/289,true
C4A6T3I4F2,4,6,3,4,2,"(4,12,4,2)",15,CUT,CUT=18/60;ASSEMBLE+INSPECT=54/270,true
C4A6T3I4F3,4,6,3,4,3,"(4,12,4,3)",15,CUT,CUT=18/60;ASSEMBLE+INSPECT=54/285,true
